ts_ms,timestamp,window_slug,window_end_ts,outcome,yes_token_id,no_token_id,yes_bid,yes_ask,yes_ask_size,yes_bid_size,yes_spread,no_bid,no_ask,no_ask_size,no_bid_size,no_spread,yes_mid,no_mid,yes_imbalance,no_imbalance,btc_price
1775174400951,2026-04-03T00:00:00.951,btc-updown-15m-1775173500,1775174400,Up,115327742454164315656896515284935913453430317827341659875871956504737225779341,6662349715633792297766260625234218728623587597270346974132288827412017104117,0.99,,,48750.75,,,0.01,48750.75,,,,,,,66901.99
1775174400951,2026-04-03T00:00:00.951,btc-updown-15m-1775174400,1775175300,Down,2603766228794065587285559299405895721691107695037524308921869820016918913478,230600860841843600287038557043894670243217902155441611654796088064932192386,0.51,0.53,30.95,127.21,0.02,0.47,0.49,127.21,30.95,0.02,0.52,0.48,0.804312,0.195688,66901.99
1775174401952,2026-04-03T00:00:01.952,btc-updown-15m-1775174400,1775175300,Down,2603766228794065587285559299405895721691107695037524308921869820016918913478,230600860841843600287038557043894670243217902155441611654796088064932192386,0.57,0.58,90.38,41.0,0.01,0.42,0.43,41.0,90.38,0.01,0.575,0.425,0.312072,0.687928,66901.99
1775174402952,2026-04-03T00:00:02.952,btc-updown-15m-1775174400,1775175300,Down,2603766228794065587285559299405895721691107695037524308921869820016918913478,230600860841843600287038557043894670243217902155441611654796088064932192386,0.6,0.61,100.0,61.15,0.01,0.39,0.4,61.15,100.0,0.01,0.605,0.395,0.37946,0.62054,66928.36
1775174403953,2026-04-03T00:00:03.953,btc-updown-15m-1775174400,1775175300,Down,2603766228794065587285559299405895721691107695037524308921869820016918913478,230600860841843600287038557043894670243217902155441611654796088064932192386,0.61,0.62,36.8,147.88,0.01,0.38,0.39,147.88,36.8,0.01,0.615,0.385,0.800736,0.199264,66928.36
1775174404954,2026-04-03T00:00:04.954,btc-updown-15m-1775174400,1775175300,Down,2603766228794065587285559299405895721691107695037524308921869820016918913478,230600860841843600287038557043894670243217902155441611654796088064932192386,0.6,0.62,6.8,108.03,0.02,0.38,0.4,108.03,6.8,0.02,0.61,0.39,0.940782,0.059218,66928.36
1775174405955,2026-04-03T00:00:05.955,btc-updown-15m-1775174400,1775175300,Down,2603766228794065587285559299405895721691107695037524308921869820016918913478,230600860841843600287038557043894670243217902155441611654796088064932192386,0.62,0.64,32.22,10.04,0.02,0.36,0.38,10.04,32.22,0.02,0.63,0.37,0.237577,0.762423,66929.82
1775174406956,2026-04-03T00:00:06.956,btc-updown-15m-1775174400,1775175300,Down,2603766228794065587285559299405895721691107695037524308921869820016918913478,230600860841843600287038557043894670243217902155441611654796088064932192386,0.64,0.65,78.27,22.0,0.01,0.35,0.36,22.0,78.27,0.01,0.645,0.355,0.219408,0.780592,66929.82
1775174407956,2026-04-03T00:00:07.956,btc-updown-15m-1775174400,1775175300,Down,2603766228794065587285559299405895721691107695037524308921869820016918913478,230600860841843600287038557043894670243217902155441611654796088064932192386,0.64,0.65,71.19,56.48,0.01,0.35,0.36,56.48,71.19,0.01,0.645,0.355,0.442391,0.557609,66929.82
1775174408957,2026-04-03T00:00:08.957,btc-updown-15m-1775174400,1775175300,Down,2603766228794065587285559299405895721691107695037524308921869820016918913478,230600860841843600287038557043894670243217902155441611654796088064932192386,0.64,0.65,0.87,67.24,0.01,0.35,0.36,67.24,0.87,0.01,0.645,0.355,0.987227,0.012773,66937.93
1775174409958,2026-04-03T00:00:09.958,btc-updown-15m-1775174400,1775175300,Down,2603766228794065587285559299405895721691107695037524308921869820016918913478,230600860841843600287038557043894670243217902155441611654796088064932192386,0.65,0.66,51.56,63.41,0.01,0.34,0.35,63.41,51.56,0.01,0.655,0.345,0.551535,0.448465,66937.93
1775174410958,2026-04-03T00:00:10.958,btc-updown-15m-1775174400,1775175300,Down,2603766228794065587285559299405895721691107695037524308921869820016918913478,230600860841843600287038557043894670243217902155441611654796088064932192386,0.65,0.66,450.88,8.0,0.01,0.34,0.35,8.0,450.88,0.01,0.655,0.345,0.017434,0.982566,66937.93
1775174411959,2026-04-03T00:00:11.959,btc-updown-15m-1775174400,1775175300,Down,2603766228794065587285559299405895721691107695037524308921869820016918913478,230600860841843600287038557043894670243217902155441611654796088064932192386,0.62,0.63,130.0,75.74,0.01,0.37,0.38,75.74,130.0,0.01,0.625,0.375,0.368135,0.631865,66924.0
1775174412960,2026-04-03T00:00:12.960,btc-updown-15m-1775174400,1775175300,Down,2603766228794065587285559299405895721691107695037524308921869820016918913478,230600860841843600287038557043894670243217902155441611654796088064932192386,0.62,0.63,185.89,15.0,0.01,0.37,0.38,15.0,185.89,0.01,0.625,0.375,0.074668,0.925332,66924.0
1775174413962,2026-04-03T00:00:13.962,btc-updown-15m-1775174400,1775175300,Down,2603766228794065587285559299405895721691107695037524308921869820016918913478,230600860841843600287038557043894670243217902155441611654796088064932192386,0.61,0.63,192.2,27.0,0.02,0.37,0.39,27.0,192.2,0.02,0.62,0.38,0.123175,0.876825,66924.0
1775174414964,2026-04-03T00:00:14.964,btc-updown-15m-1775174400,1775175300,Down,2603766228794065587285559299405895721691107695037524308921869820016918913478,230600860841843600287038557043894670243217902155441611654796088064932192386,0.61,0.62,355.0,16.0,0.01,0.38,0.39,16.0,355.0,0.01,0.615,0.385,0.043127,0.956873,66924.01
1775174415964,2026-04-03T00:00:15.964,btc-updown-15m-1775174400,1775175300,Down,2603766228794065587285559299405895721691107695037524308921869820016918913478,230600860841843600287038557043894670243217902155441611654796088064932192386,0.61,0.62,465.88,16.33,0.01,0.38,0.39,16.33,465.88,0.01,0.615,0.385,0.033865,0.966135,66924.01
1775174416964,2026-04-03T00:00:16.964,btc-updown-15m-1775174400,1775175300,Down,2603766228794065587285559299405895721691107695037524308921869820016918913478,230600860841843600287038557043894670243217902155441611654796088064932192386,0.61,0.62,423.88,7.0,0.01,0.38,0.39,7.0,423.88,0.01,0.615,0.385,0.016246,0.983754,66924.01
1775174417965,2026-04-03T00:00:17.965,btc-updown-15m-1775174400,1775175300,Down,2603766228794065587285559299405895721691107695037524308921869820016918913478,230600860841843600287038557043894670243217902155441611654796088064932192386,0.6,0.61,353.41,21.72,0.01,0.39,0.4,21.72,353.41,0.01,0.605,0.395,0.0579,0.9421,66924.0
1775174418965,2026-04-03T00:00:18.965,btc-updown-15m-1775174400,1775175300,Down,2603766228794065587285559299405895721691107695037524308921869820016918913478,230600860841843600287038557043894670243217902155441611654796088064932192386,0.6,0.61,491.75,12.0,0.01,0.39,0.4,12.0,491.75,0.01,0.605,0.395,0.023821,0.976179,66924.0
1775174419966,2026-04-03T00:00:19.966,btc-updown-15m-1775174400,1775175300,Down,2603766228794065587285559299405895721691107695037524308921869820016918913478,230600860841843600287038557043894670243217902155441611654796088064932192386,0.58,0.59,124.33,79.24,0.01,0.41,0.42,79.24,124.33,0.01,0.585,0.415,0.389252,0.610748,66924.0
1775174420968,2026-04-03T00:00:20.968,btc-updown-15m-1775174400,1775175300,Down,2603766228794065587285559299405895721691107695037524308921869820016918913478,230600860841843600287038557043894670243217902155441611654796088064932192386,0.58,0.59,124.33,79.24,0.01,0.41,0.42,79.24,124.33,0.01,0.585,0.415,0.389252,0.610748,66924.0
1775174421968,2026-04-03T00:00:21.968,btc-updown-15m-1775174400,1775175300,Down,2603766228794065587285559299405895721691107695037524308921869820016918913478,230600860841843600287038557043894670243217902155441611654796088064932192386,0.58,0.59,26.84,109.67,0.01,0.41,0.42,109.67,26.84,0.01,0.585,0.415,0.803384,0.196616,66924.0
1775174422968,2026-04-03T00:00:22.968,btc-updown-15m-1775174400,1775175300,Down,2603766228794065587285559299405895721691107695037524308921869820016918913478,230600860841843600287038557043894670243217902155441611654796088064932192386,0.62,0.63,182.0,76.57,0.01,0.37,0.38,76.57,182.0,0.01,0.625,0.375,0.296129,0.703871,66924.0
1775174423969,2026-04-03T00:00:23.969,btc-updown-15m-1775174400,1775175300,Down,2603766228794065587285559299405895721691107695037524308921869820016918913478,230600860841843600287038557043894670243217902155441611654796088064932192386,0.62,0.63,144.88,159.04,0.01,0.37,0.38,159.04,144.88,0.01,0.625,0.375,0.523296,0.476704,66930.69
1775174424969,2026-04-03T00:00:24.969,btc-updown-15m-1775174400,1775175300,Down,2603766228794065587285559299405895721691107695037524308921869820016918913478,230600860841843600287038557043894670243217902155441611654796088064932192386,0.62,0.63,214.88,139.85,0.01,0.37,0.38,139.85,214.88,0.01,0.625,0.375,0.394244,0.605756,66930.69
1775174425970,2026-04-03T00:00:25.970,btc-updown-15m-1775174400,1775175300,Down,2603766228794065587285559299405895721691107695037524308921869820016918913478,230600860841843600287038557043894670243217902155441611654796088064932192386,0.61,0.62,169.63,118.1,0.01,0.38,0.39,118.1,169.63,0.01,0.615,0.385,0.410454,0.589546,66930.69
1775174426970,2026-04-03T00:00:26.970,btc-updown-15m-1775174400,1775175300,Down,2603766228794065587285559299405895721691107695037524308921869820016918913478,230600860841843600287038557043894670243217902155441611654796088064932192386,0.6,0.61,574.59,11.71,0.01,0.39,0.4,11.71,574.59,0.01,0.605,0.395,0.019973,0.980027,66924.01
1775174427971,2026-04-03T00:00:27.971,btc-updown-15m-1775174400,1775175300,Down,2603766228794065587285559299405895721691107695037524308921869820016918913478,230600860841843600287038557043894670243217902155441611654796088064932192386,0.6,0.61,574.59,11.71,0.01,0.39,0.4,11.71,574.59,0.01,0.605,0.395,0.019973,0.980027,66924.01
1775174428971,2026-04-03T00:00:28.971,btc-updown-15m-1775174400,1775175300,Down,2603766228794065587285559299405895721691107695037524308921869820016918913478,230600860841843600287038557043894670243217902155441611654796088064932192386,0.61,0.62,123.49,8.12,0.01,0.38,0.39,8.12,123.49,0.01,0.615,0.385,0.061697,0.938303,66924.01
1775174429973,2026-04-03T00:00:29.973,btc-updown-15m-1775174400,1775175300,Down,2603766228794065587285559299405895721691107695037524308921869820016918913478,230600860841843600287038557043894670243217902155441611654796088064932192386,0.61,0.62,108.37,114.73,0.01,0.38,0.39,114.73,108.37,0.01,0.615,0.385,0.514254,0.485746,66924.01
1775174430973,2026-04-03T00:00:30.973,btc-updown-15m-1775174400,1775175300,Down,2603766228794065587285559299405895721691107695037524308921869820016918913478,230600860841843600287038557043894670243217902155441611654796088064932192386,0.61,0.62,163.11,154.96,0.01,0.38,0.39,154.96,163.11,0.01,0.615,0.385,0.487188,0.512812,66924.01
1775174431974,2026-04-03T00:00:31.974,btc-updown-15m-1775174400,1775175300,Down,2603766228794065587285559299405895721691107695037524308921869820016918913478,230600860841843600287038557043894670243217902155441611654796088064932192386,0.61,0.62,152.11,134.96,0.01,0.38,0.39,134.96,152.11,0.01,0.615,0.385,0.470129,0.529871,66924.01
1775174432975,2026-04-03T00:00:32.975,btc-updown-15m-1775174400,1775175300,Down,2603766228794065587285559299405895721691107695037524308921869820016918913478,230600860841843600287038557043894670243217902155441611654796088064932192386,0.61,0.62,142.54,134.96,0.01,0.38,0.39,134.96,142.54,0.01,0.615,0.385,0.486342,0.513658,66924.01
1775174433977,2026-04-03T00:00:33.977,btc-updown-15m-1775174400,1775175300,Down,2603766228794065587285559299405895721691107695037524308921869820016918913478,230600860841843600287038557043894670243217902155441611654796088064932192386,0.61,0.62,153.54,132.13,0.01,0.38,0.39,132.13,153.54,0.01,0.615,0.385,0.462527,0.537473,66924.01
1775174434978,2026-04-03T00:00:34.978,btc-updown-15m-1775174400,1775175300,Down,2603766228794065587285559299405895721691107695037524308921869820016918913478,230600860841843600287038557043894670243217902155441611654796088064932192386,0.63,0.64,120.88,140.0,0.01,0.36,0.37,140.0,120.88,0.01,0.635,0.365,0.536645,0.463355,66924.01
1775174435979,2026-04-03T00:00:35.979,btc-updown-15m-1775174400,1775175300,Down,2603766228794065587285559299405895721691107695037524308921869820016918913478,230600860841843600287038557043894670243217902155441611654796088064932192386,0.62,0.63,116.88,2.0,0.01,0.37,0.38,2.0,116.88,0.01,0.625,0.375,0.016824,0.983176,66923.98
1775174436980,2026-04-03T00:00:36.980,btc-updown-15m-1775174400,1775175300,Down,2603766228794065587285559299405895721691107695037524308921869820016918913478,230600860841843600287038557043894670243217902155441611654796088064932192386,0.6,0.63,146.88,45.42,0.03,0.37,0.4,45.42,146.88,0.03,0.615,0.385,0.236193,0.763807,66923.98
1775174437981,2026-04-03T00:00:37.981,btc-updown-15m-1775174400,1775175300,Down,2603766228794065587285559299405895721691107695037524308921869820016918913478,230600860841843600287038557043894670243217902155441611654796088064932192386,0.61,0.62,198.88,65.15,0.01,0.38,0.39,65.15,198.88,0.01,0.615,0.385,0.246752,0.753248,66923.98
1775174438982,2026-04-03T00:00:38.982,btc-updown-15m-1775174400,1775175300,Down,2603766228794065587285559299405895721691107695037524308921869820016918913478,230600860841843600287038557043894670243217902155441611654796088064932192386,0.62,0.63,15.88,168.88,0.01,0.37,0.38,168.88,15.88,0.01,0.625,0.375,0.914051,0.085949,66928.77
1775174439983,2026-04-03T00:00:39.983,btc-updown-15m-1775174400,1775175300,Down,2603766228794065587285559299405895721691107695037524308921869820016918913478,230600860841843600287038557043894670243217902155441611654796088064932192386,0.62,0.63,15.88,168.88,0.01,0.37,0.38,168.88,15.88,0.01,0.625,0.375,0.914051,0.085949,66928.77
1775174440985,2026-04-03T00:00:40.985,btc-updown-15m-1775174400,1775175300,Down,2603766228794065587285559299405895721691107695037524308921869820016918913478,230600860841843600287038557043894670243217902155441611654796088064932192386,0.62,0.63,15.88,168.88,0.01,0.37,0.38,168.88,15.88,0.01,0.625,0.375,0.914051,0.085949,66928.77
1775174441985,2026-04-03T00:00:41.985,btc-updown-15m-1775174400,1775175300,Down,2603766228794065587285559299405895721691107695037524308921869820016918913478,230600860841843600287038557043894670243217902155441611654796088064932192386,0.63,0.64,21.0,38.12,0.01,0.36,0.37,38.12,21.0,0.01,0.635,0.365,0.64479,0.35521,66929.5
1775174442985,2026-04-03T00:00:42.985,btc-updown-15m-1775174400,1775175300,Down,2603766228794065587285559299405895721691107695037524308921869820016918913478,230600860841843600287038557043894670243217902155441611654796088064932192386,0.63,0.64,1.88,192.21,0.01,0.36,0.37,192.21,1.88,0.01,0.635,0.365,0.990314,0.009686,66929.5
1775174443985,2026-04-03T00:00:43.985,btc-updown-15m-1775174400,1775175300,Down,2603766228794065587285559299405895721691107695037524308921869820016918913478,230600860841843600287038557043894670243217902155441611654796088064932192386,0.63,0.64,1.88,192.21,0.01,0.36,0.37,192.21,1.88,0.01,0.635,0.365,0.990314,0.009686,66929.5
1775174444986,2026-04-03T00:00:44.986,btc-updown-15m-1775174400,1775175300,Down,2603766228794065587285559299405895721691107695037524308921869820016918913478,230600860841843600287038557043894670243217902155441611654796088064932192386,0.63,0.64,407.31,40.0,0.01,0.36,0.37,40.0,407.31,0.01,0.635,0.365,0.089423,0.910577,66929.5
1775174445987,2026-04-03T00:00:45.987,btc-updown-15m-1775174400,1775175300,Down,2603766228794065587285559299405895721691107695037524308921869820016918913478,230600860841843600287038557043894670243217902155441611654796088064932192386,0.63,0.64,401.31,37.95,0.01,0.36,0.37,37.95,401.31,0.01,0.635,0.365,0.086395,0.913605,66929.5
1775174446988,2026-04-03T00:00:46.988,btc-updown-15m-1775174400,1775175300,Down,2603766228794065587285559299405895721691107695037524308921869820016918913478,230600860841843600287038557043894670243217902155441611654796088064932192386,0.63,0.64,416.31,33.08,0.01,0.36,0.37,33.08,416.31,0.01,0.635,0.365,0.073611,0.926389,66929.5
1775174447989,2026-04-03T00:00:47.989,btc-updown-15m-1775174400,1775175300,Down,2603766228794065587285559299405895721691107695037524308921869820016918913478,230600860841843600287038557043894670243217902155441611654796088064932192386,0.63,0.64,414.31,52.0,0.01,0.36,0.37,52.0,414.31,0.01,0.635,0.365,0.111514,0.888486,66929.5
1775174448989,2026-04-03T00:00:48.989,btc-updown-15m-1775174400,1775175300,Down,2603766228794065587285559299405895721691107695037524308921869820016918913478,230600860841843600287038557043894670243217902155441611654796088064932192386,0.63,0.64,371.18,52.0,0.01,0.36,0.37,52.0,371.18,0.01,0.635,0.365,0.122879,0.877121,66929.5
1775174449991,2026-04-03T00:00:49.991,btc-updown-15m-1775174400,1775175300,Down,2603766228794065587285559299405895721691107695037524308921869820016918913478,230600860841843600287038557043894670243217902155441611654796088064932192386,0.63,0.64,371.18,49.29,0.01,0.36,0.37,49.29,371.18,0.01,0.635,0.365,0.117226,0.882774,66929.5
1775174450992,2026-04-03T00:00:50.992,btc-updown-15m-1775174400,1775175300,Down,2603766228794065587285559299405895721691107695037524308921869820016918913478,230600860841843600287038557043894670243217902155441611654796088064932192386,0.63,0.64,379.09,49.29,0.01,0.36,0.37,49.29,379.09,0.01,0.635,0.365,0.115061,0.884939,66929.49
1775174451994,2026-04-03T00:00:51.994,btc-updown-15m-1775174400,1775175300,Down,2603766228794065587285559299405895721691107695037524308921869820016918913478,230600860841843600287038557043894670243217902155441611654796088064932192386,0.63,0.64,328.55,59.29,0.01,0.36,0.37,59.29,328.55,0.01,0.635,0.365,0.152872,0.847128,66929.49
1775174452994,2026-04-03T00:00:52.994,btc-updown-15m-1775174400,1775175300,Down,2603766228794065587285559299405895721691107695037524308921869820016918913478,230600860841843600287038557043894670243217902155441611654796088064932192386,0.63,0.64,328.55,59.29,0.01,0.36,0.37,59.29,328.55,0.01,0.635,0.365,0.152872,0.847128,66929.49
1775174453995,2026-04-03T00:00:53.995,btc-updown-15m-1775174400,1775175300,Down,2603766228794065587285559299405895721691107695037524308921869820016918913478,230600860841843600287038557043894670243217902155441611654796088064932192386,0.63,0.64,381.55,6.29,0.01,0.36,0.37,6.29,381.55,0.01,0.635,0.365,0.016218,0.983782,66929.49
1775174454996,2026-04-03T00:00:54.996,btc-updown-15m-1775174400,1775175300,Down,2603766228794065587285559299405895721691107695037524308921869820016918913478,230600860841843600287038557043894670243217902155441611654796088064932192386,0.63,0.64,426.43,29.26,0.01,0.36,0.37,29.26,426.43,0.01,0.635,0.365,0.06421,0.93579,66929.49
1775174455997,2026-04-03T00:00:55.997,btc-updown-15m-1775174400,1775175300,Down,2603766228794065587285559299405895721691107695037524308921869820016918913478,230600860841843600287038557043894670243217902155441611654796088064932192386,0.62,0.63,60.88,132.88,0.01,0.37,0.38,132.88,60.88,0.01,0.625,0.375,0.685797,0.314203,66929.49
1775174456999,2026-04-03T00:00:56.999,btc-updown-15m-1775174400,1775175300,Down,2603766228794065587285559299405895721691107695037524308921869820016918913478,230600860841843600287038557043894670243217902155441611654796088064932192386,0.62,0.63,84.88,151.45,0.01,0.37,0.38,151.45,84.88,0.01,0.625,0.375,0.640841,0.359159,66929.49
1775174457999,2026-04-03T00:00:57.999,btc-updown-15m-1775174400,1775175300,Down,2603766228794065587285559299405895721691107695037524308921869820016918913478,230600860841843600287038557043894670243217902155441611654796088064932192386,0.62,0.63,84.88,151.45,0.01,0.37,0.38,151.45,84.88,0.01,0.625,0.375,0.640841,0.359159,66929.49
1775174459000,2026-04-03T00:00:59.000,btc-updown-15m-1775174400,1775175300,Down,2603766228794065587285559299405895721691107695037524308921869820016918913478,230600860841843600287038557043894670243217902155441611654796088064932192386,0.62,0.63,84.88,151.45,0.01,0.37,0.38,151.45,84.88,0.01,0.625,0.375,0.640841,0.359159,66929.49
1775174460000,2026-04-03T00:01:00.000,btc-updown-15m-1775174400,1775175300,Down,2603766228794065587285559299405895721691107695037524308921869820016918913478,230600860841843600287038557043894670243217902155441611654796088064932192386,0.61,0.63,378.35,25.37,0.02,0.37,0.39,25.37,378.35,0.02,0.62,0.38,0.062841,0.937159,66929.49
1775174461002,2026-04-03T00:01:01.002,btc-updown-15m-1775174400,1775175300,Down,2603766228794065587285559299405895721691107695037524308921869820016918913478,230600860841843600287038557043894670243217902155441611654796088064932192386,0.6,0.61,87.36,96.93,0.01,0.39,0.4,96.93,87.36,0.01,0.605,0.395,0.525965,0.474035,66929.49
1775174462002,2026-04-03T00:01:02.002,btc-updown-15m-1775174400,1775175300,Down,2603766228794065587285559299405895721691107695037524308921869820016918913478,230600860841843600287038557043894670243217902155441611654796088064932192386,0.6,0.61,14.0,461.88,0.01,0.39,0.4,461.88,14.0,0.01,0.605,0.395,0.970581,0.029419,66929.49
1775174463002,2026-04-03T00:01:03.002,btc-updown-15m-1775174400,1775175300,Down,2603766228794065587285559299405895721691107695037524308921869820016918913478,230600860841843600287038557043894670243217902155441611654796088064932192386,0.61,0.63,54.5,435.88,0.02,0.37,0.39,435.88,54.5,0.02,0.62,0.38,0.888862,0.111138,66929.43
1775174464003,2026-04-03T00:01:04.003,btc-updown-15m-1775174400,1775175300,Down,2603766228794065587285559299405895721691107695037524308921869820016918913478,230600860841843600287038557043894670243217902155441611654796088064932192386,0.66,0.67,86.56,254.88,0.01,0.33,0.34,254.88,86.56,0.01,0.665,0.335,0.746485,0.253515,66929.43
1775174465003,2026-04-03T00:01:05.003,btc-updown-15m-1775174400,1775175300,Down,2603766228794065587285559299405895721691107695037524308921869820016918913478,230600860841843600287038557043894670243217902155441611654796088064932192386,0.66,0.67,114.56,367.06,0.01,0.33,0.34,367.06,114.56,0.01,0.665,0.335,0.762136,0.237864,66929.43
1775174466004,2026-04-03T00:01:06.004,btc-updown-15m-1775174400,1775175300,Down,2603766228794065587285559299405895721691107695037524308921869820016918913478,230600860841843600287038557043894670243217902155441611654796088064932192386,0.66,0.67,322.85,297.73,0.01,0.33,0.34,297.73,322.85,0.01,0.665,0.335,0.479761,0.520239,66935.69
1775174467005,2026-04-03T00:01:07.005,btc-updown-15m-1775174400,1775175300,Down,2603766228794065587285559299405895721691107695037524308921869820016918913478,230600860841843600287038557043894670243217902155441611654796088064932192386,0.66,0.67,218.76,328.73,0.01,0.33,0.34,328.73,218.76,0.01,0.665,0.335,0.600431,0.399569,66935.69
1775174468006,2026-04-03T00:01:08.006,btc-updown-15m-1775174400,1775175300,Down,2603766228794065587285559299405895721691107695037524308921869820016918913478,230600860841843600287038557043894670243217902155441611654796088064932192386,0.66,0.67,478.97,22.19,0.01,0.33,0.34,22.19,478.97,0.01,0.665,0.335,0.044277,0.955723,66935.69
1775174469007,2026-04-03T00:01:09.007,btc-updown-15m-1775174400,1775175300,Down,2603766228794065587285559299405895721691107695037524308921869820016918913478,230600860841843600287038557043894670243217902155441611654796088064932192386,0.66,0.67,559.77,72.19,0.01,0.33,0.34,72.19,559.77,0.01,0.665,0.335,0.114232,0.885768,66935.68
1775174470008,2026-04-03T00:01:10.008,btc-updown-15m-1775174400,1775175300,Down,2603766228794065587285559299405895721691107695037524308921869820016918913478,230600860841843600287038557043894670243217902155441611654796088064932192386,0.66,0.67,561.78,77.19,0.01,0.33,0.34,77.19,561.78,0.01,0.665,0.335,0.120804,0.879196,66935.68
1775174471008,2026-04-03T00:01:11.008,btc-updown-15m-1775174400,1775175300,Down,2603766228794065587285559299405895721691107695037524308921869820016918913478,230600860841843600287038557043894670243217902155441611654796088064932192386,0.66,0.67,561.78,77.19,0.01,0.33,0.34,77.19,561.78,0.01,0.665,0.335,0.120804,0.879196,66935.68
1775174472009,2026-04-03T00:01:12.009,btc-updown-15m-1775174400,1775175300,Down,2603766228794065587285559299405895721691107695037524308921869820016918913478,230600860841843600287038557043894670243217902155441611654796088064932192386,0.66,0.67,570.28,79.22,0.01,0.33,0.34,79.22,570.28,0.01,0.665,0.335,0.121971,0.878029,66935.69
1775174473010,2026-04-03T00:01:13.010,btc-updown-15m-1775174400,1775175300,Down,2603766228794065587285559299405895721691107695037524308921869820016918913478,230600860841843600287038557043894670243217902155441611654796088064932192386,0.66,0.67,568.2,79.22,0.01,0.33,0.34,79.22,568.2,0.01,0.665,0.335,0.122363,0.877637,66935.69
1775174474010,2026-04-03T00:01:14.010,btc-updown-15m-1775174400,1775175300,Down,2603766228794065587285559299405895721691107695037524308921869820016918913478,230600860841843600287038557043894670243217902155441611654796088064932192386,0.66,0.67,568.2,79.22,0.01,0.33,0.34,79.22,568.2,0.01,0.665,0.335,0.122363,0.877637,66935.69
1775174475011,2026-04-03T00:01:15.011,btc-updown-15m-1775174400,1775175300,Down,2603766228794065587285559299405895721691107695037524308921869820016918913478,230600860841843600287038557043894670243217902155441611654796088064932192386,0.66,0.67,568.2,79.22,0.01,0.33,0.34,79.22,568.2,0.01,0.665,0.335,0.122363,0.877637,66935.69
1775174476011,2026-04-03T00:01:16.011,btc-updown-15m-1775174400,1775175300,Down,2603766228794065587285559299405895721691107695037524308921869820016918913478,230600860841843600287038557043894670243217902155441611654796088064932192386,0.66,0.67,204.88,462.1,0.01,0.33,0.34,462.1,204.88,0.01,0.665,0.335,0.692824,0.307176,66935.69
1775174477013,2026-04-03T00:01:17.013,btc-updown-15m-1775174400,1775175300,Down,2603766228794065587285559299405895721691107695037524308921869820016918913478,230600860841843600287038557043894670243217902155441611654796088064932192386,0.66,0.67,191.5,510.98,0.01,0.33,0.34,510.98,191.5,0.01,0.665,0.335,0.727394,0.272606,66935.69
1775174478014,2026-04-03T00:01:18.014,btc-updown-15m-1775174400,1775175300,Down,2603766228794065587285559299405895721691107695037524308921869820016918913478,230600860841843600287038557043894670243217902155441611654796088064932192386,0.66,0.67,191.5,510.98,0.01,0.33,0.34,510.98,191.5,0.01,0.665,0.335,0.727394,0.272606,66935.69
1775174479014,2026-04-03T00:01:19.014,btc-updown-15m-1775174400,1775175300,Down,2603766228794065587285559299405895721691107695037524308921869820016918913478,230600860841843600287038557043894670243217902155441611654796088064932192386,0.66,0.67,191.5,510.98,0.01,0.33,0.34,510.98,191.5,0.01,0.665,0.335,0.727394,0.272606,66935.69
1775174480014,2026-04-03T00:01:20.014,btc-updown-15m-1775174400,1775175300,Down,2603766228794065587285559299405895721691107695037524308921869820016918913478,230600860841843600287038557043894670243217902155441611654796088064932192386,0.67,0.68,1.92,221.64,0.01,0.32,0.33,221.64,1.92,0.01,0.675,0.325,0.991412,0.008588,66935.69
1775174481015,2026-04-03T00:01:21.015,btc-updown-15m-1775174400,1775175300,Down,2603766228794065587285559299405895721691107695037524308921869820016918913478,230600860841843600287038557043894670243217902155441611654796088064932192386,0.68,0.69,2.92,323.69,0.01,0.31,0.32,323.69,2.92,0.01,0.685,0.315,0.99106,0.00894,66940.93
1775174482015,2026-04-03T00:01:22.015,btc-updown-15m-1775174400,1775175300,Down,2603766228794065587285559299405895721691107695037524308921869820016918913478,230600860841843600287038557043894670243217902155441611654796088064932192386,0.68,0.69,16.92,287.52,0.01,0.31,0.32,287.52,16.92,0.01,0.685,0.315,0.944423,0.055577,66940.93
1775174483016,2026-04-03T00:01:23.016,btc-updown-15m-1775174400,1775175300,Down,2603766228794065587285559299405895721691107695037524308921869820016918913478,230600860841843600287038557043894670243217902155441611654796088064932192386,0.67,0.69,16.92,447.83,0.02,0.31,0.33,447.83,16.92,0.02,0.68,0.32,0.963593,0.036407,66940.93
1775174484017,2026-04-03T00:01:24.017,btc-updown-15m-1775174400,1775175300,Down,2603766228794065587285559299405895721691107695037524308921869820016918913478,230600860841843600287038557043894670243217902155441611654796088064932192386,0.68,0.69,61.8,70.75,0.01,0.31,0.32,70.75,61.8,0.01,0.685,0.315,0.533761,0.466239,66940.93
1775174485017,2026-04-03T00:01:25.017,btc-updown-15m-1775174400,1775175300,Down,2603766228794065587285559299405895721691107695037524308921869820016918913478,230600860841843600287038557043894670243217902155441611654796088064932192386,0.68,0.7,215.08,126.34,0.02,0.3,0.32,126.34,215.08,0.02,0.69,0.31,0.370043,0.629957,66940.93
1775174486017,2026-04-03T00:01:26.017,btc-updown-15m-1775174400,1775175300,Down,2603766228794065587285559299405895721691107695037524308921869820016918913478,230600860841843600287038557043894670243217902155441611654796088064932192386,0.71,0.72,62.88,200.07,0.01,0.28,0.29,200.07,62.88,0.01,0.715,0.285,0.760867,0.239133,66940.93
1775174487019,2026-04-03T00:01:27.019,btc-updown-15m-1775174400,1775175300,Down,2603766228794065587285559299405895721691107695037524308921869820016918913478,230600860841843600287038557043894670243217902155441611654796088064932192386,0.73,0.74,349.88,77.29,0.01,0.26,0.27,77.29,349.88,0.01,0.735,0.265,0.180935,0.819065,66946.01
1775174488020,2026-04-03T00:01:28.020,btc-updown-15m-1775174400,1775175300,Down,2603766228794065587285559299405895721691107695037524308921869820016918913478,230600860841843600287038557043894670243217902155441611654796088064932192386,0.73,0.74,102.66,81.29,0.01,0.26,0.27,81.29,102.66,0.01,0.735,0.265,0.441914,0.558086,66946.01
1775174489020,2026-04-03T00:01:29.020,btc-updown-15m-1775174400,1775175300,Down,2603766228794065587285559299405895721691107695037524308921869820016918913478,230600860841843600287038557043894670243217902155441611654796088064932192386,0.73,0.74,93.66,121.29,0.01,0.26,0.27,121.29,93.66,0.01,0.735,0.265,0.564271,0.435729,66946.01
1775174490021,2026-04-03T00:01:30.021,btc-updown-15m-1775174400,1775175300,Down,2603766228794065587285559299405895721691107695037524308921869820016918913478,230600860841843600287038557043894670243217902155441611654796088064932192386,0.76,0.77,71.91,150.0,0.01,0.23,0.24,150.0,71.91,0.01,0.765,0.235,0.67595,0.32405,66958.77
1775174491022,2026-04-03T00:01:31.022,btc-updown-15m-1775174400,1775175300,Down,2603766228794065587285559299405895721691107695037524308921869820016918913478,230600860841843600287038557043894670243217902155441611654796088064932192386,0.74,0.77,478.42,79.0,0.03,0.23,0.26,79.0,478.42,0.03,0.755,0.245,0.141724,0.858276,66958.77
1775174492023,2026-04-03T00:01:32.023,btc-updown-15m-1775174400,1775175300,Down,2603766228794065587285559299405895721691107695037524308921869820016918913478,230600860841843600287038557043894670243217902155441611654796088064932192386,0.74,0.75,117.0,95.81,0.01,0.25,0.26,95.81,117.0,0.01,0.745,0.255,0.450214,0.549786,66958.77
1775174493023,2026-04-03T00:01:33.023,btc-updown-15m-1775174400,1775175300,Down,2603766228794065587285559299405895721691107695037524308921869820016918913478,230600860841843600287038557043894670243217902155441611654796088064932192386,0.74,0.75,75.12,37.73,0.01,0.25,0.26,37.73,75.12,0.01,0.745,0.255,0.334338,0.665662,66958.78
1775174494024,2026-04-03T00:01:34.024,btc-updown-15m-1775174400,1775175300,Down,2603766228794065587285559299405895721691107695037524308921869820016918913478,230600860841843600287038557043894670243217902155441611654796088064932192386,0.73,0.74,7.0,214.78,0.01,0.26,0.27,214.78,7.0,0.01,0.735,0.265,0.968437,0.031563,66958.78
1775174495025,2026-04-03T00:01:35.025,btc-updown-15m-1775174400,1775175300,Down,2603766228794065587285559299405895721691107695037524308921869820016918913478,230600860841843600287038557043894670243217902155441611654796088064932192386,0.73,0.74,138.9,250.08,0.01,0.26,0.27,250.08,138.9,0.01,0.735,0.265,0.642912,0.357088,66958.78
1775174496026,2026-04-03T00:01:36.026,btc-updown-15m-1775174400,1775175300,Down,2603766228794065587285559299405895721691107695037524308921869820016918913478,230600860841843600287038557043894670243217902155441611654796088064932192386,0.73,0.74,572.97,181.48,0.01,0.26,0.27,181.48,572.97,0.01,0.735,0.265,0.240546,0.759454,66951.98
1775174497028,2026-04-03T00:01:37.028,btc-updown-15m-1775174400,1775175300,Down,2603766228794065587285559299405895721691107695037524308921869820016918913478,230600860841843600287038557043894670243217902155441611654796088064932192386,0.73,0.74,547.97,171.48,0.01,0.26,0.27,171.48,547.97,0.01,0.735,0.265,0.238349,0.761651,66951.98
1775174498028,2026-04-03T00:01:38.028,btc-updown-15m-1775174400,1775175300,Down,2603766228794065587285559299405895721691107695037524308921869820016918913478,230600860841843600287038557043894670243217902155441611654796088064932192386,0.73,0.74,536.12,167.77,0.01,0.26,0.27,167.77,536.12,0.01,0.735,0.265,0.238347,0.761653,66951.98
1775174499030,2026-04-03T00:01:39.030,btc-updown-15m-1775174400,1775175300,Down,2603766228794065587285559299405895721691107695037524308921869820016918913478,230600860841843600287038557043894670243217902155441611654796088064932192386,0.73,0.74,536.12,167.77,0.01,0.26,0.27,167.77,536.12,0.01,0.735,0.265,0.238347,0.761653,66951.98
1775174500031,2026-04-03T00:01:40.031,btc-updown-15m-1775174400,1775175300,Down,2603766228794065587285559299405895721691107695037524308921869820016918913478,230600860841843600287038557043894670243217902155441611654796088064932192386,0.73,0.74,140.88,404.65,0.01,0.26,0.27,404.65,140.88,0.01,0.735,0.265,0.741756,0.258244,66951.98
1775174501031,2026-04-03T00:01:41.031,btc-updown-15m-1775174400,1775175300,Down,2603766228794065587285559299405895721691107695037524308921869820016918913478,230600860841843600287038557043894670243217902155441611654796088064932192386,0.73,0.74,34.47,584.65,0.01,0.26,0.27,584.65,34.47,0.01,0.735,0.265,0.944324,0.055676,66951.98
1775174502032,2026-04-03T00:01:42.032,btc-updown-15m-1775174400,1775175300,Down,2603766228794065587285559299405895721691107695037524308921869820016918913478,230600860841843600287038557043894670243217902155441611654796088064932192386,0.75,0.76,137.99,314.98,0.01,0.24,0.25,314.98,137.99,0.01,0.755,0.245,0.695366,0.304634,66955.28
1775174503033,2026-04-03T00:01:43.033,btc-updown-15m-1775174400,1775175300,Down,2603766228794065587285559299405895721691107695037524308921869820016918913478,230600860841843600287038557043894670243217902155441611654796088064932192386,0.75,0.76,137.99,314.98,0.01,0.24,0.25,314.98,137.99,0.01,0.755,0.245,0.695366,0.304634,66955.28
1775174504033,2026-04-03T00:01:44.033,btc-updown-15m-1775174400,1775175300,Down,2603766228794065587285559299405895721691107695037524308921869820016918913478,230600860841843600287038557043894670243217902155441611654796088064932192386,0.75,0.76,45.97,399.73,0.01,0.24,0.25,399.73,45.97,0.01,0.755,0.245,0.896859,0.103141,66955.28
1775174505034,2026-04-03T00:01:45.034,btc-updown-15m-1775174400,1775175300,Down,2603766228794065587285559299405895721691107695037524308921869820016918913478,230600860841843600287038557043894670243217902155441611654796088064932192386,0.81,0.84,153.56,150.23,0.03,0.16,0.19,150.23,153.56,0.03,0.825,0.175,0.494519,0.505481,66980.0
1775174506034,2026-04-03T00:01:46.034,btc-updown-15m-1775174400,1775175300,Down,2603766228794065587285559299405895721691107695037524308921869820016918913478,230600860841843600287038557043894670243217902155441611654796088064932192386,0.83,0.84,70.52,214.88,0.01,0.16,0.17,214.88,70.52,0.01,0.835,0.165,0.752908,0.247092,66980.0
1775174507035,2026-04-03T00:01:47.035,btc-updown-15m-1775174400,1775175300,Down,2603766228794065587285559299405895721691107695037524308921869820016918913478,230600860841843600287038557043894670243217902155441611654796088064932192386,0.8,0.81,60.0,21.85,0.01,0.19,0.2,21.85,60.0,0.01,0.805,0.195,0.266952,0.733048,66980.0
1775174508036,2026-04-03T00:01:48.036,btc-updown-15m-1775174400,1775175300,Down,2603766228794065587285559299405895721691107695037524308921869820016918913478,230600860841843600287038557043894670243217902155441611654796088064932192386,0.79,0.8,392.52,74.73,0.01,0.2,0.21,74.73,392.52,0.01,0.795,0.205,0.159936,0.840064,66973.02
1775174509038,2026-04-03T00:01:49.038,btc-updown-15m-1775174400,1775175300,Down,2603766228794065587285559299405895721691107695037524308921869820016918913478,230600860841843600287038557043894670243217902155441611654796088064932192386,0.78,0.8,389.04,156.7,0.02,0.2,0.22,156.7,389.04,0.02,0.79,0.21,0.287133,0.712867,66973.02
1775174510040,2026-04-03T00:01:50.040,btc-updown-15m-1775174400,1775175300,Down,2603766228794065587285559299405895721691107695037524308921869820016918913478,230600860841843600287038557043894670243217902155441611654796088064932192386,0.78,0.79,296.45,143.58,0.01,0.21,0.22,143.58,296.45,0.01,0.785,0.215,0.326296,0.673704,66973.02
1775174511041,2026-04-03T00:01:51.041,btc-updown-15m-1775174400,1775175300,Down,2603766228794065587285559299405895721691107695037524308921869820016918913478,230600860841843600287038557043894670243217902155441611654796088064932192386,0.78,0.79,92.75,521.58,0.01,0.21,0.22,521.58,92.75,0.01,0.785,0.215,0.849023,0.150977,66973.02
1775174512041,2026-04-03T00:01:52.041,btc-updown-15m-1775174400,1775175300,Down,2603766228794065587285559299405895721691107695037524308921869820016918913478,230600860841843600287038557043894670243217902155441611654796088064932192386,0.78,0.79,85.24,251.58,0.01,0.21,0.22,251.58,85.24,0.01,0.785,0.215,0.746927,0.253073,66973.02
1775174513042,2026-04-03T00:01:53.042,btc-updown-15m-1775174400,1775175300,Down,2603766228794065587285559299405895721691107695037524308921869820016918913478,230600860841843600287038557043894670243217902155441611654796088064932192386,0.78,0.79,48.24,708.58,0.01,0.21,0.22,708.58,48.24,0.01,0.785,0.215,0.93626,0.06374,66973.02
1775174514042,2026-04-03T00:01:54.042,btc-updown-15m-1775174400,1775175300,Down,2603766228794065587285559299405895721691107695037524308921869820016918913478,230600860841843600287038557043894670243217902155441611654796088064932192386,0.78,0.8,115.0,673.38,0.02,0.2,0.22,673.38,115.0,0.02,0.79,0.21,0.854131,0.145869,66974.48
1775174515043,2026-04-03T00:01:55.043,btc-updown-15m-1775174400,1775175300,Down,2603766228794065587285559299405895721691107695037524308921869820016918913478,230600860841843600287038557043894670243217902155441611654796088064932192386,0.79,0.8,113.0,418.88,0.01,0.2,0.21,418.88,113.0,0.01,0.795,0.205,0.787546,0.212454,66974.48
1775174516043,2026-04-03T00:01:56.043,btc-updown-15m-1775174400,1775175300,Down,2603766228794065587285559299405895721691107695037524308921869820016918913478,230600860841843600287038557043894670243217902155441611654796088064932192386,0.79,0.8,509.21,44.03,0.01,0.2,0.21,44.03,509.21,0.01,0.795,0.205,0.079586,0.920414,66974.48
1775174517044,2026-04-03T00:01:57.044,btc-updown-15m-1775174400,1775175300,Down,2603766228794065587285559299405895721691107695037524308921869820016918913478,230600860841843600287038557043894670243217902155441611654796088064932192386,0.79,0.8,579.43,126.77,0.01,0.2,0.21,126.77,579.43,0.01,0.795,0.205,0.17951,0.82049,66973.03
1775174518046,2026-04-03T00:01:58.046,btc-updown-15m-1775174400,1775175300,Down,2603766228794065587285559299405895721691107695037524308921869820016918913478,230600860841843600287038557043894670243217902155441611654796088064932192386,0.79,0.8,535.43,142.97,0.01,0.2,0.21,142.97,535.43,0.01,0.795,0.205,0.210746,0.789254,66973.03
1775174519047,2026-04-03T00:01:59.047,btc-updown-15m-1775174400,1775175300,Down,2603766228794065587285559299405895721691107695037524308921869820016918913478,230600860841843600287038557043894670243217902155441611654796088064932192386,0.75,0.76,10.12,205.0,0.01,0.24,0.25,205.0,10.12,0.01,0.755,0.245,0.952956,0.047044,66973.03
1775174520048,2026-04-03T00:02:00.048,btc-updown-15m-1775174400,1775175300,Down,2603766228794065587285559299405895721691107695037524308921869820016918913478,230600860841843600287038557043894670243217902155441611654796088064932192386,0.75,0.76,212.12,337.79,0.01,0.24,0.25,337.79,212.12,0.01,0.755,0.245,0.614264,0.385736,66965.58
1775174521048,2026-04-03T00:02:01.048,btc-updown-15m-1775174400,1775175300,Down,2603766228794065587285559299405895721691107695037524308921869820016918913478,230600860841843600287038557043894670243217902155441611654796088064932192386,0.75,0.76,171.09,149.79,0.01,0.24,0.25,149.79,171.09,0.01,0.755,0.245,0.46681,0.53319,66965.58
1775174522049,2026-04-03T00:02:02.049,btc-updown-15m-1775174400,1775175300,Down,2603766228794065587285559299405895721691107695037524308921869820016918913478,230600860841843600287038557043894670243217902155441611654796088064932192386,0.75,0.76,75.51,208.79,0.01,0.24,0.25,208.79,75.51,0.01,0.755,0.245,0.7344,0.2656,66965.58
1775174523050,2026-04-03T00:02:03.050,btc-updown-15m-1775174400,1775175300,Down,2603766228794065587285559299405895721691107695037524308921869820016918913478,230600860841843600287038557043894670243217902155441611654796088064932192386,0.75,0.76,825.51,75.51,0.01,0.24,0.25,75.51,825.51,0.01,0.755,0.245,0.083805,0.916195,66960.18
1775174524051,2026-04-03T00:02:04.051,btc-updown-15m-1775174400,1775175300,Down,2603766228794065587285559299405895721691107695037524308921869820016918913478,230600860841843600287038557043894670243217902155441611654796088064932192386,0.74,0.75,449.88,213.18,0.01,0.25,0.26,213.18,449.88,0.01,0.745,0.255,0.321509,0.678491,66960.18
1775174525052,2026-04-03T00:02:05.052,btc-updown-15m-1775174400,1775175300,Down,2603766228794065587285559299405895721691107695037524308921869820016918913478,230600860841843600287038557043894670243217902155441611654796088064932192386,0.74,0.75,766.57,97.85,0.01,0.25,0.26,97.85,766.57,0.01,0.745,0.255,0.113197,0.886803,66960.18
1775174526053,2026-04-03T00:02:06.053,btc-updown-15m-1775174400,1775175300,Down,2603766228794065587285559299405895721691107695037524308921869820016918913478,230600860841843600287038557043894670243217902155441611654796088064932192386,0.74,0.75,755.89,60.85,0.01,0.25,0.26,60.85,755.89,0.01,0.745,0.255,0.074504,0.925496,66952.13
1775174527053,2026-04-03T00:02:07.053,btc-updown-15m-1775174400,1775175300,Down,2603766228794065587285559299405895721691107695037524308921869820016918913478,230600860841843600287038557043894670243217902155441611654796088064932192386,0.74,0.75,755.89,60.85,0.01,0.25,0.26,60.85,755.89,0.01,0.745,0.255,0.074504,0.925496,66952.13
1775174528054,2026-04-03T00:02:08.054,btc-updown-15m-1775174400,1775175300,Down,2603766228794065587285559299405895721691107695037524308921869820016918913478,230600860841843600287038557043894670243217902155441611654796088064932192386,0.74,0.75,755.89,60.85,0.01,0.25,0.26,60.85,755.89,0.01,0.745,0.255,0.074504,0.925496,66952.13
1775174529056,2026-04-03T00:02:09.056,btc-updown-15m-1775174400,1775175300,Down,2603766228794065587285559299405895721691107695037524308921869820016918913478,230600860841843600287038557043894670243217902155441611654796088064932192386,0.74,0.75,506.98,168.85,0.01,0.25,0.26,168.85,506.98,0.01,0.745,0.255,0.249841,0.750159,66952.14
1775174530057,2026-04-03T00:02:10.057,btc-updown-15m-1775174400,1775175300,Down,2603766228794065587285559299405895721691107695037524308921869820016918913478,230600860841843600287038557043894670243217902155441611654796088064932192386,0.73,0.75,696.98,183.92,0.02,0.25,0.27,183.92,696.98,0.02,0.74,0.26,0.208786,0.791214,66952.14
1775174531058,2026-04-03T00:02:11.058,btc-updown-15m-1775174400,1775175300,Down,2603766228794065587285559299405895721691107695037524308921869820016918913478,230600860841843600287038557043894670243217902155441611654796088064932192386,0.73,0.74,535.88,116.36,0.01,0.26,0.27,116.36,535.88,0.01,0.735,0.265,0.178401,0.821599,66952.14
1775174532059,2026-04-03T00:02:12.059,btc-updown-15m-1775174400,1775175300,Down,2603766228794065587285559299405895721691107695037524308921869820016918913478,230600860841843600287038557043894670243217902155441611654796088064932192386,0.73,0.75,274.0,426.53,0.02,0.25,0.27,426.53,274.0,0.02,0.74,0.26,0.608868,0.391132,66951.34
1775174533060,2026-04-03T00:02:13.060,btc-updown-15m-1775174400,1775175300,Down,2603766228794065587285559299405895721691107695037524308921869820016918913478,230600860841843600287038557043894670243217902155441611654796088064932192386,0.76,0.77,303.91,33.0,0.01,0.23,0.24,33.0,303.91,0.01,0.765,0.235,0.097949,0.902051,66951.34
1775174534062,2026-04-03T00:02:14.062,btc-updown-15m-1775174400,1775175300,Down,2603766228794065587285559299405895721691107695037524308921869820016918913478,230600860841843600287038557043894670243217902155441611654796088064932192386,0.76,0.77,377.75,215.0,0.01,0.23,0.24,215.0,377.75,0.01,0.765,0.235,0.362716,0.637284,66951.34
1775174535062,2026-04-03T00:02:15.062,btc-updown-15m-1775174400,1775175300,Down,2603766228794065587285559299405895721691107695037524308921869820016918913478,230600860841843600287038557043894670243217902155441611654796088064932192386,0.76,0.77,475.25,193.95,0.01,0.23,0.24,193.95,475.25,0.01,0.765,0.235,0.289824,0.710176,66953.26
1775174536063,2026-04-03T00:02:16.063,btc-updown-15m-1775174400,1775175300,Down,2603766228794065587285559299405895721691107695037524308921869820016918913478,230600860841843600287038557043894670243217902155441611654796088064932192386,0.76,0.77,475.25,193.95,0.01,0.23,0.24,193.95,475.25,0.01,0.765,0.235,0.289824,0.710176,66953.26
1775174537063,2026-04-03T00:02:17.063,btc-updown-15m-1775174400,1775175300,Down,2603766228794065587285559299405895721691107695037524308921869820016918913478,230600860841843600287038557043894670243217902155441611654796088064932192386,0.73,0.74,357.02,81.13,0.01,0.26,0.27,81.13,357.02,0.01,0.735,0.265,0.185165,0.814835,66953.26
1775174538064,2026-04-03T00:02:18.064,btc-updown-15m-1775174400,1775175300,Down,2603766228794065587285559299405895721691107695037524308921869820016918913478,230600860841843600287038557043894670243217902155441611654796088064932192386,0.73,0.74,355.66,81.13,0.01,0.26,0.27,81.13,355.66,0.01,0.735,0.265,0.185741,0.814259,66951.33
1775174539065,2026-04-03T00:02:19.065,btc-updown-15m-1775174400,1775175300,Down,2603766228794065587285559299405895721691107695037524308921869820016918913478,230600860841843600287038557043894670243217902155441611654796088064932192386,0.72,0.73,362.38,118.0,0.01,0.27,0.28,118.0,362.38,0.01,0.725,0.275,0.245639,0.754361,66951.33
1775174540066,2026-04-03T00:02:20.066,btc-updown-15m-1775174400,1775175300,Down,2603766228794065587285559299405895721691107695037524308921869820016918913478,230600860841843600287038557043894670243217902155441611654796088064932192386,0.72,0.73,288.38,149.0,0.01,0.27,0.28,149.0,288.38,0.01,0.725,0.275,0.340665,0.659335,66951.33
1775174541067,2026-04-03T00:02:21.067,btc-updown-15m-1775174400,1775175300,Down,2603766228794065587285559299405895721691107695037524308921869820016918913478,230600860841843600287038557043894670243217902155441611654796088064932192386,0.71,0.72,165.0,165.91,0.01,0.28,0.29,165.91,165.0,0.01,0.715,0.285,0.501375,0.498625,66951.34
1775174542068,2026-04-03T00:02:22.068,btc-updown-15m-1775174400,1775175300,Down,2603766228794065587285559299405895721691107695037524308921869820016918913478,230600860841843600287038557043894670243217902155441611654796088064932192386,0.71,0.72,165.0,165.91,0.01,0.28,0.29,165.91,165.0,0.01,0.715,0.285,0.501375,0.498625,66951.34
1775174543070,2026-04-03T00:02:23.070,btc-updown-15m-1775174400,1775175300,Down,2603766228794065587285559299405895721691107695037524308921869820016918913478,230600860841843600287038557043894670243217902155441611654796088064932192386,0.71,0.72,35.0,398.78,0.01,0.28,0.29,398.78,35.0,0.01,0.715,0.285,0.919314,0.080686,66951.34
1775174544071,2026-04-03T00:02:24.071,btc-updown-15m-1775174400,1775175300,Down,2603766228794065587285559299405895721691107695037524308921869820016918913478,230600860841843600287038557043894670243217902155441611654796088064932192386,0.71,0.72,13.95,415.31,0.01,0.28,0.29,415.31,13.95,0.01,0.715,0.285,0.967502,0.032498,66951.33
1775174545072,2026-04-03T00:02:25.072,btc-updown-15m-1775174400,1775175300,Down,2603766228794065587285559299405895721691107695037524308921869820016918913478,230600860841843600287038557043894670243217902155441611654796088064932192386,0.71,0.72,13.95,361.31,0.01,0.28,0.29,361.31,13.95,0.01,0.715,0.285,0.962826,0.037174,66951.33
1775174546073,2026-04-03T00:02:26.073,btc-updown-15m-1775174400,1775175300,Down,2603766228794065587285559299405895721691107695037524308921869820016918913478,230600860841843600287038557043894670243217902155441611654796088064932192386,0.72,0.74,82.0,212.9,0.02,0.26,0.28,212.9,82.0,0.02,0.73,0.27,0.72194,0.27806,66951.33
1775174547073,2026-04-03T00:02:27.073,btc-updown-15m-1775174400,1775175300,Down,2603766228794065587285559299405895721691107695037524308921869820016918913478,230600860841843600287038557043894670243217902155441611654796088064932192386,0.73,0.74,591.56,45.0,0.01,0.26,0.27,45.0,591.56,0.01,0.735,0.265,0.070692,0.929308,66951.34
1775174548073,2026-04-03T00:02:28.073,btc-updown-15m-1775174400,1775175300,Down,2603766228794065587285559299405895721691107695037524308921869820016918913478,230600860841843600287038557043894670243217902155441611654796088064932192386,0.73,0.74,816.56,26.82,0.01,0.26,0.27,26.82,816.56,0.01,0.735,0.265,0.031801,0.968199,66951.34
1775174549074,2026-04-03T00:02:29.074,btc-updown-15m-1775174400,1775175300,Down,2603766228794065587285559299405895721691107695037524308921869820016918913478,230600860841843600287038557043894670243217902155441611654796088064932192386,0.73,0.74,816.56,26.82,0.01,0.26,0.27,26.82,816.56,0.01,0.735,0.265,0.031801,0.968199,66951.34
1775174550075,2026-04-03T00:02:30.075,btc-updown-15m-1775174400,1775175300,Down,2603766228794065587285559299405895721691107695037524308921869820016918913478,230600860841843600287038557043894670243217902155441611654796088064932192386,0.71,0.72,142.87,106.4,0.01,0.28,0.29,106.4,142.87,0.01,0.715,0.285,0.426846,0.573154,66951.34
1775174551076,2026-04-03T00:02:31.076,btc-updown-15m-1775174400,1775175300,Down,2603766228794065587285559299405895721691107695037524308921869820016918913478,230600860841843600287038557043894670243217902155441611654796088064932192386,0.71,0.72,142.87,106.4,0.01,0.28,0.29,106.4,142.87,0.01,0.715,0.285,0.426846,0.573154,66951.34
1775174552077,2026-04-03T00:02:32.077,btc-updown-15m-1775174400,1775175300,Down,2603766228794065587285559299405895721691107695037524308921869820016918913478,230600860841843600287038557043894670243217902155441611654796088064932192386,0.72,0.73,153.89,13.0,0.01,0.27,0.28,13.0,153.89,0.01,0.725,0.275,0.077896,0.922104,66951.34
1775174553077,2026-04-03T00:02:33.077,btc-updown-15m-1775174400,1775175300,Down,2603766228794065587285559299405895721691107695037524308921869820016918913478,230600860841843600287038557043894670243217902155441611654796088064932192386,0.72,0.73,153.89,13.0,0.01,0.27,0.28,13.0,153.89,0.01,0.725,0.275,0.077896,0.922104,66951.99
1775174554078,2026-04-03T00:02:34.078,btc-updown-15m-1775174400,1775175300,Down,2603766228794065587285559299405895721691107695037524308921869820016918913478,230600860841843600287038557043894670243217902155441611654796088064932192386,0.72,0.73,153.89,13.0,0.01,0.27,0.28,13.0,153.89,0.01,0.725,0.275,0.077896,0.922104,66951.99
1775174555079,2026-04-03T00:02:35.079,btc-updown-15m-1775174400,1775175300,Down,2603766228794065587285559299405895721691107695037524308921869820016918913478,230600860841843600287038557043894670243217902155441611654796088064932192386,0.72,0.73,35.0,258.0,0.01,0.27,0.28,258.0,35.0,0.01,0.725,0.275,0.880546,0.119454,66951.99
1775174556080,2026-04-03T00:02:36.080,btc-updown-15m-1775174400,1775175300,Down,2603766228794065587285559299405895721691107695037524308921869820016918913478,230600860841843600287038557043894670243217902155441611654796088064932192386,0.72,0.73,25.0,245.7,0.01,0.27,0.28,245.7,25.0,0.01,0.725,0.275,0.907647,0.092353,66952.0
1775174557080,2026-04-03T00:02:37.080,btc-updown-15m-1775174400,1775175300,Down,2603766228794065587285559299405895721691107695037524308921869820016918913478,230600860841843600287038557043894670243217902155441611654796088064932192386,0.72,0.73,24.0,430.7,0.01,0.27,0.28,761.53,13.91,0.01,0.725,0.275,0.947218,0.017938,66952.0
1775174558080,2026-04-03T00:02:38.080,btc-updown-15m-1775174400,1775175300,Down,2603766228794065587285559299405895721691107695037524308921869820016918913478,230600860841843600287038557043894670243217902155441611654796088064932192386,0.75,0.76,33.0,25.0,0.01,0.24,0.25,25.0,33.0,0.01,0.755,0.245,0.431034,0.568966,66952.0
1775174559081,2026-04-03T00:02:39.081,btc-updown-15m-1775174400,1775175300,Down,2603766228794065587285559299405895721691107695037524308921869820016918913478,230600860841843600287038557043894670243217902155441611654796088064932192386,0.71,0.77,694.37,169.35,0.06,0.23,0.29,169.35,694.37,0.06,0.74,0.26,0.19607,0.80393,66957.64
1775174560083,2026-04-03T00:02:40.083,btc-updown-15m-1775174400,1775175300,Down,2603766228794065587285559299405895721691107695037524308921869820016918913478,230600860841843600287038557043894670243217902155441611654796088064932192386,0.72,0.76,10.0,30.29,0.04,0.24,0.28,30.29,10.0,0.04,0.74,0.26,0.751799,0.248201,66957.64
1775174561083,2026-04-03T00:02:41.083,btc-updown-15m-1775174400,1775175300,Down,2603766228794065587285559299405895721691107695037524308921869820016918913478,230600860841843600287038557043894670243217902155441611654796088064932192386,0.72,0.76,10.0,30.29,0.04,0.24,0.28,30.29,10.0,0.04,0.74,0.26,0.751799,0.248201,66957.64
1775174562084,2026-04-03T00:02:42.084,btc-updown-15m-1775174400,1775175300,Down,2603766228794065587285559299405895721691107695037524308921869820016918913478,230600860841843600287038557043894670243217902155441611654796088064932192386,0.72,0.76,10.0,30.29,0.04,0.24,0.28,30.29,10.0,0.04,0.74,0.26,0.751799,0.248201,66957.64
1775174563085,2026-04-03T00:02:43.085,btc-updown-15m-1775174400,1775175300,Down,2603766228794065587285559299405895721691107695037524308921869820016918913478,230600860841843600287038557043894670243217902155441611654796088064932192386,0.72,0.76,10.0,30.29,0.04,0.24,0.28,30.29,10.0,0.04,0.74,0.26,0.751799,0.248201,66957.64
1775174564086,2026-04-03T00:02:44.086,btc-updown-15m-1775174400,1775175300,Down,2603766228794065587285559299405895721691107695037524308921869820016918913478,230600860841843600287038557043894670243217902155441611654796088064932192386,0.72,0.76,10.0,30.29,0.04,0.24,0.28,30.29,10.0,0.04,0.74,0.26,0.751799,0.248201,66957.64
1775174565087,2026-04-03T00:02:45.087,btc-updown-15m-1775174400,1775175300,Down,2603766228794065587285559299405895721691107695037524308921869820016918913478,230600860841843600287038557043894670243217902155441611654796088064932192386,0.74,0.75,128.7,95.9,0.01,0.25,0.26,95.9,128.7,0.01,0.745,0.255,0.426981,0.573019,66957.63
1775174566089,2026-04-03T00:02:46.089,btc-updown-15m-1775174400,1775175300,Down,2603766228794065587285559299405895721691107695037524308921869820016918913478,230600860841843600287038557043894670243217902155441611654796088064932192386,0.74,0.75,128.7,130.9,0.01,0.25,0.26,130.9,128.7,0.01,0.745,0.255,0.504237,0.495763,66957.63
1775174567090,2026-04-03T00:02:47.090,btc-updown-15m-1775174400,1775175300,Down,2603766228794065587285559299405895721691107695037524308921869820016918913478,230600860841843600287038557043894670243217902155441611654796088064932192386,0.74,0.75,76.7,348.9,0.01,0.25,0.26,348.9,76.7,0.01,0.745,0.255,0.819784,0.180216,66957.63
1775174568091,2026-04-03T00:02:48.091,btc-updown-15m-1775174400,1775175300,Down,2603766228794065587285559299405895721691107695037524308921869820016918913478,230600860841843600287038557043894670243217902155441611654796088064932192386,0.74,0.75,1.0,523.19,0.01,0.25,0.26,523.19,1.0,0.01,0.745,0.255,0.998092,0.001908,66957.63
1775174569091,2026-04-03T00:02:49.091,btc-updown-15m-1775174400,1775175300,Down,2603766228794065587285559299405895721691107695037524308921869820016918913478,230600860841843600287038557043894670243217902155441611654796088064932192386,0.75,0.76,56.0,296.0,0.01,0.24,0.25,296.0,56.0,0.01,0.755,0.245,0.840909,0.159091,66957.63
1775174570092,2026-04-03T00:02:50.092,btc-updown-15m-1775174400,1775175300,Down,2603766228794065587285559299405895721691107695037524308921869820016918913478,230600860841843600287038557043894670243217902155441611654796088064932192386,0.75,0.76,362.0,392.0,0.01,0.24,0.25,392.0,362.0,0.01,0.755,0.245,0.519894,0.480106,66957.63
1775174571094,2026-04-03T00:02:51.094,btc-updown-15m-1775174400,1775175300,Down,2603766228794065587285559299405895721691107695037524308921869820016918913478,230600860841843600287038557043894670243217902155441611654796088064932192386,0.75,0.76,394.0,314.0,0.01,0.24,0.25,314.0,394.0,0.01,0.755,0.245,0.443503,0.556497,66959.08
1775174572094,2026-04-03T00:02:52.094,btc-updown-15m-1775174400,1775175300,Down,2603766228794065587285559299405895721691107695037524308921869820016918913478,230600860841843600287038557043894670243217902155441611654796088064932192386,0.75,0.76,383.86,314.0,0.01,0.24,0.25,314.0,383.86,0.01,0.755,0.245,0.449947,0.550053,66959.08
1775174573095,2026-04-03T00:02:53.095,btc-updown-15m-1775174400,1775175300,Down,2603766228794065587285559299405895721691107695037524308921869820016918913478,230600860841843600287038557043894670243217902155441611654796088064932192386,0.75,0.76,471.86,280.04,0.01,0.24,0.25,280.04,471.86,0.01,0.755,0.245,0.372443,0.627557,66959.08
1775174574096,2026-04-03T00:02:54.096,btc-updown-15m-1775174400,1775175300,Down,2603766228794065587285559299405895721691107695037524308921869820016918913478,230600860841843600287038557043894670243217902155441611654796088064932192386,0.74,0.76,800.36,239.0,0.02,0.24,0.26,239.0,800.36,0.02,0.75,0.25,0.229949,0.770051,66957.63
1775174575096,2026-04-03T00:02:55.096,btc-updown-15m-1775174400,1775175300,Down,2603766228794065587285559299405895721691107695037524308921869820016918913478,230600860841843600287038557043894670243217902155441611654796088064932192386,0.74,0.75,456.0,82.0,0.01,0.25,0.26,82.0,456.0,0.01,0.745,0.255,0.152416,0.847584,66957.63
1775174576097,2026-04-03T00:02:56.097,btc-updown-15m-1775174400,1775175300,Down,2603766228794065587285559299405895721691107695037524308921869820016918913478,230600860841843600287038557043894670243217902155441611654796088064932192386,0.74,0.75,625.0,109.0,0.01,0.25,0.26,109.0,625.0,0.01,0.745,0.255,0.148501,0.851499,66957.63
1775174577099,2026-04-03T00:02:57.099,btc-updown-15m-1775174400,1775175300,Down,2603766228794065587285559299405895721691107695037524308921869820016918913478,230600860841843600287038557043894670243217902155441611654796088064932192386,0.74,0.75,653.0,199.0,0.01,0.25,0.26,199.0,653.0,0.01,0.745,0.255,0.233568,0.766432,66957.64
1775174578100,2026-04-03T00:02:58.100,btc-updown-15m-1775174400,1775175300,Down,2603766228794065587285559299405895721691107695037524308921869820016918913478,230600860841843600287038557043894670243217902155441611654796088064932192386,0.74,0.75,653.0,199.0,0.01,0.25,0.26,199.0,653.0,0.01,0.745,0.255,0.233568,0.766432,66957.64
1775174579100,2026-04-03T00:02:59.100,btc-updown-15m-1775174400,1775175300,Down,2603766228794065587285559299405895721691107695037524308921869820016918913478,230600860841843600287038557043894670243217902155441611654796088064932192386,0.74,0.75,653.0,199.0,0.01,0.25,0.26,199.0,653.0,0.01,0.745,0.255,0.233568,0.766432,66957.64
1775174580101,2026-04-03T00:03:00.101,btc-updown-15m-1775174400,1775175300,Down,2603766228794065587285559299405895721691107695037524308921869820016918913478,230600860841843600287038557043894670243217902155441611654796088064932192386,0.73,0.74,311.0,61.69,0.01,0.26,0.27,61.69,311.0,0.01,0.735,0.265,0.165526,0.834474,66952.34
1775174581103,2026-04-03T00:03:01.103,btc-updown-15m-1775174400,1775175300,Down,2603766228794065587285559299405895721691107695037524308921869820016918913478,230600860841843600287038557043894670243217902155441611654796088064932192386,0.73,0.74,468.09,171.69,0.01,0.26,0.27,171.69,468.09,0.01,0.735,0.265,0.268358,0.731642,66952.34
1775174582103,2026-04-03T00:03:02.103,btc-updown-15m-1775174400,1775175300,Down,2603766228794065587285559299405895721691107695037524308921869820016918913478,230600860841843600287038557043894670243217902155441611654796088064932192386,0.73,0.74,429.09,165.69,0.01,0.26,0.27,165.69,429.09,0.01,0.735,0.265,0.278574,0.721426,66952.34
1775174583104,2026-04-03T00:03:03.104,btc-updown-15m-1775174400,1775175300,Down,2603766228794065587285559299405895721691107695037524308921869820016918913478,230600860841843600287038557043894670243217902155441611654796088064932192386,0.73,0.74,440.75,157.98,0.01,0.26,0.27,157.98,440.75,0.01,0.735,0.265,0.263859,0.736141,66951.34
1775174584105,2026-04-03T00:03:04.105,btc-updown-15m-1775174400,1775175300,Down,2603766228794065587285559299405895721691107695037524308921869820016918913478,230600860841843600287038557043894670243217902155441611654796088064932192386,0.73,0.74,440.75,157.98,0.01,0.26,0.27,157.98,440.75,0.01,0.735,0.265,0.263859,0.736141,66951.34
1775174585105,2026-04-03T00:03:05.105,btc-updown-15m-1775174400,1775175300,Down,2603766228794065587285559299405895721691107695037524308921869820016918913478,230600860841843600287038557043894670243217902155441611654796088064932192386,0.73,0.74,440.75,157.98,0.01,0.26,0.27,157.98,440.75,0.01,0.735,0.265,0.263859,0.736141,66951.34
1775174586105,2026-04-03T00:03:06.105,btc-updown-15m-1775174400,1775175300,Down,2603766228794065587285559299405895721691107695037524308921869820016918913478,230600860841843600287038557043894670243217902155441611654796088064932192386,0.73,0.74,440.75,157.98,0.01,0.26,0.27,157.98,440.75,0.01,0.735,0.265,0.263859,0.736141,66951.34
1775174587106,2026-04-03T00:03:07.106,btc-updown-15m-1775174400,1775175300,Down,2603766228794065587285559299405895721691107695037524308921869820016918913478,230600860841843600287038557043894670243217902155441611654796088064932192386,0.73,0.74,440.75,157.98,0.01,0.26,0.27,157.98,440.75,0.01,0.735,0.265,0.263859,0.736141,66951.34
1775174588107,2026-04-03T00:03:08.107,btc-updown-15m-1775174400,1775175300,Down,2603766228794065587285559299405895721691107695037524308921869820016918913478,230600860841843600287038557043894670243217902155441611654796088064932192386,0.73,0.74,455.75,149.82,0.01,0.26,0.27,149.82,455.75,0.01,0.735,0.265,0.247403,0.752597,66951.34
1775174589107,2026-04-03T00:03:09.107,btc-updown-15m-1775174400,1775175300,Down,2603766228794065587285559299405895721691107695037524308921869820016918913478,230600860841843600287038557043894670243217902155441611654796088064932192386,0.73,0.74,455.75,149.82,0.01,0.26,0.27,149.82,455.75,0.01,0.735,0.265,0.247403,0.752597,66951.34
1775174590108,2026-04-03T00:03:10.108,btc-updown-15m-1775174400,1775175300,Down,2603766228794065587285559299405895721691107695037524308921869820016918913478,230600860841843600287038557043894670243217902155441611654796088064932192386,0.73,0.74,455.75,149.82,0.01,0.26,0.27,149.82,455.75,0.01,0.735,0.265,0.247403,0.752597,66951.34
1775174591108,2026-04-03T00:03:11.108,btc-updown-15m-1775174400,1775175300,Down,2603766228794065587285559299405895721691107695037524308921869820016918913478,230600860841843600287038557043894670243217902155441611654796088064932192386,0.73,0.74,455.75,149.82,0.01,0.26,0.27,149.82,455.75,0.01,0.735,0.265,0.247403,0.752597,66951.34
1775174592109,2026-04-03T00:03:12.109,btc-updown-15m-1775174400,1775175300,Down,2603766228794065587285559299405895721691107695037524308921869820016918913478,230600860841843600287038557043894670243217902155441611654796088064932192386,0.73,0.74,324.5,242.82,0.01,0.26,0.27,242.82,324.5,0.01,0.735,0.265,0.428012,0.571988,66951.34
1775174593111,2026-04-03T00:03:13.111,btc-updown-15m-1775174400,1775175300,Down,2603766228794065587285559299405895721691107695037524308921869820016918913478,230600860841843600287038557043894670243217902155441611654796088064932192386,0.73,0.74,392.39,188.82,0.01,0.26,0.27,188.82,392.39,0.01,0.735,0.265,0.324874,0.675126,66951.34
1775174594112,2026-04-03T00:03:14.112,btc-updown-15m-1775174400,1775175300,Down,2603766228794065587285559299405895721691107695037524308921869820016918913478,230600860841843600287038557043894670243217902155441611654796088064932192386,0.73,0.74,670.39,155.82,0.01,0.26,0.27,155.82,670.39,0.01,0.735,0.265,0.188596,0.811404,66951.34
1775174595113,2026-04-03T00:03:15.113,btc-updown-15m-1775174400,1775175300,Down,2603766228794065587285559299405895721691107695037524308921869820016918913478,230600860841843600287038557043894670243217902155441611654796088064932192386,0.73,0.74,670.39,155.82,0.01,0.26,0.27,155.82,670.39,0.01,0.735,0.265,0.188596,0.811404,66951.33
1775174596114,2026-04-03T00:03:16.114,btc-updown-15m-1775174400,1775175300,Down,2603766228794065587285559299405895721691107695037524308921869820016918913478,230600860841843600287038557043894670243217902155441611654796088064932192386,0.73,0.74,490.39,152.07,0.01,0.26,0.27,152.07,490.39,0.01,0.735,0.265,0.2367,0.7633,66951.33
1775174597115,2026-04-03T00:03:17.115,btc-updown-15m-1775174400,1775175300,Down,2603766228794065587285559299405895721691107695037524308921869820016918913478,230600860841843600287038557043894670243217902155441611654796088064932192386,0.73,0.74,490.39,152.07,0.01,0.26,0.27,152.07,490.39,0.01,0.735,0.265,0.2367,0.7633,66951.33
1775174598115,2026-04-03T00:03:18.115,btc-updown-15m-1775174400,1775175300,Down,2603766228794065587285559299405895721691107695037524308921869820016918913478,230600860841843600287038557043894670243217902155441611654796088064932192386,0.73,0.74,148.53,331.07,0.01,0.26,0.27,331.07,148.53,0.01,0.735,0.265,0.690304,0.309696,66951.34
1775174599116,2026-04-03T00:03:19.116,btc-updown-15m-1775174400,1775175300,Down,2603766228794065587285559299405895721691107695037524308921869820016918913478,230600860841843600287038557043894670243217902155441611654796088064932192386,0.73,0.74,148.53,331.07,0.01,0.26,0.27,331.07,148.53,0.01,0.735,0.265,0.690304,0.309696,66951.34
1775174600116,2026-04-03T00:03:20.116,btc-updown-15m-1775174400,1775175300,Down,2603766228794065587285559299405895721691107695037524308921869820016918913478,230600860841843600287038557043894670243217902155441611654796088064932192386,0.72,0.73,12.93,115.0,0.01,0.27,0.28,115.0,12.93,0.01,0.725,0.275,0.898929,0.101071,66951.34
1775174601116,2026-04-03T00:03:21.116,btc-updown-15m-1775174400,1775175300,Down,2603766228794065587285559299405895721691107695037524308921869820016918913478,230600860841843600287038557043894670243217902155441611654796088064932192386,0.72,0.73,113.93,160.0,0.01,0.27,0.28,160.0,113.93,0.01,0.725,0.275,0.584091,0.415909,66950.68
1775174602117,2026-04-03T00:03:22.117,btc-updown-15m-1775174400,1775175300,Down,2603766228794065587285559299405895721691107695037524308921869820016918913478,230600860841843600287038557043894670243217902155441611654796088064932192386,0.72,0.73,132.56,152.85,0.01,0.27,0.28,152.85,132.56,0.01,0.725,0.275,0.535545,0.464455,66950.68
1775174603118,2026-04-03T00:03:23.118,btc-updown-15m-1775174400,1775175300,Down,2603766228794065587285559299405895721691107695037524308921869820016918913478,230600860841843600287038557043894670243217902155441611654796088064932192386,0.72,0.73,132.56,152.85,0.01,0.27,0.28,152.85,132.56,0.01,0.725,0.275,0.535545,0.464455,66950.68
1775174604118,2026-04-03T00:03:24.118,btc-updown-15m-1775174400,1775175300,Down,2603766228794065587285559299405895721691107695037524308921869820016918913478,230600860841843600287038557043894670243217902155441611654796088064932192386,0.72,0.73,248.25,162.85,0.01,0.27,0.28,162.85,248.25,0.01,0.725,0.275,0.396132,0.603868,66947.09
1775174605119,2026-04-03T00:03:25.119,btc-updown-15m-1775174400,1775175300,Down,2603766228794065587285559299405895721691107695037524308921869820016918913478,230600860841843600287038557043894670243217902155441611654796088064932192386,0.72,0.73,248.25,162.85,0.01,0.27,0.28,162.85,248.25,0.01,0.725,0.275,0.396132,0.603868,66947.09
1775174606120,2026-04-03T00:03:26.120,btc-updown-15m-1775174400,1775175300,Down,2603766228794065587285559299405895721691107695037524308921869820016918913478,230600860841843600287038557043894670243217902155441611654796088064932192386,0.72,0.73,195.25,12.85,0.01,0.27,0.28,12.85,195.25,0.01,0.725,0.275,0.061749,0.938251,66947.09
1775174607121,2026-04-03T00:03:27.121,btc-updown-15m-1775174400,1775175300,Down,2603766228794065587285559299405895721691107695037524308921869820016918913478,230600860841843600287038557043894670243217902155441611654796088064932192386,0.72,0.73,195.25,12.85,0.01,0.27,0.28,12.85,195.25,0.01,0.725,0.275,0.061749,0.938251,66947.09
1775174608123,2026-04-03T00:03:28.123,btc-updown-15m-1775174400,1775175300,Down,2603766228794065587285559299405895721691107695037524308921869820016918913478,230600860841843600287038557043894670243217902155441611654796088064932192386,0.72,0.73,195.25,12.85,0.01,0.27,0.28,12.85,195.25,0.01,0.725,0.275,0.061749,0.938251,66947.09
1775174609124,2026-04-03T00:03:29.124,btc-updown-15m-1775174400,1775175300,Down,2603766228794065587285559299405895721691107695037524308921869820016918913478,230600860841843600287038557043894670243217902155441611654796088064932192386,0.72,0.73,195.25,12.85,0.01,0.27,0.28,12.85,195.25,0.01,0.725,0.275,0.061749,0.938251,66947.09
1775174610124,2026-04-03T00:03:30.124,btc-updown-15m-1775174400,1775175300,Down,2603766228794065587285559299405895721691107695037524308921869820016918913478,230600860841843600287038557043894670243217902155441611654796088064932192386,0.72,0.73,195.25,12.85,0.01,0.27,0.28,12.85,195.25,0.01,0.725,0.275,0.061749,0.938251,66947.08
1775174611125,2026-04-03T00:03:31.125,btc-updown-15m-1775174400,1775175300,Down,2603766228794065587285559299405895721691107695037524308921869820016918913478,230600860841843600287038557043894670243217902155441611654796088064932192386,0.72,0.73,195.25,12.85,0.01,0.27,0.28,12.85,195.25,0.01,0.725,0.275,0.061749,0.938251,66947.08
1775174612125,2026-04-03T00:03:32.125,btc-updown-15m-1775174400,1775175300,Down,2603766228794065587285559299405895721691107695037524308921869820016918913478,230600860841843600287038557043894670243217902155441611654796088064932192386,0.72,0.73,117.75,190.1,0.01,0.27,0.28,190.1,117.75,0.01,0.725,0.275,0.617509,0.382491,66947.08
1775174613127,2026-04-03T00:03:33.127,btc-updown-15m-1775174400,1775175300,Down,2603766228794065587285559299405895721691107695037524308921869820016918913478,230600860841843600287038557043894670243217902155441611654796088064932192386,0.72,0.73,115.0,317.1,0.01,0.27,0.28,317.1,115.0,0.01,0.725,0.275,0.733858,0.266142,66947.09
1775174614128,2026-04-03T00:03:34.128,btc-updown-15m-1775174400,1775175300,Down,2603766228794065587285559299405895721691107695037524308921869820016918913478,230600860841843600287038557043894670243217902155441611654796088064932192386,0.72,0.73,115.0,317.1,0.01,0.27,0.28,317.1,115.0,0.01,0.725,0.275,0.733858,0.266142,66947.09
1775174615128,2026-04-03T00:03:35.128,btc-updown-15m-1775174400,1775175300,Down,2603766228794065587285559299405895721691107695037524308921869820016918913478,230600860841843600287038557043894670243217902155441611654796088064932192386,0.72,0.73,115.0,317.1,0.01,0.27,0.28,317.1,115.0,0.01,0.725,0.275,0.733858,0.266142,66947.09
1775174616129,2026-04-03T00:03:36.129,btc-updown-15m-1775174400,1775175300,Down,2603766228794065587285559299405895721691107695037524308921869820016918913478,230600860841843600287038557043894670243217902155441611654796088064932192386,0.72,0.73,115.0,317.1,0.01,0.27,0.28,317.1,115.0,0.01,0.725,0.275,0.733858,0.266142,66947.09
1775174617129,2026-04-03T00:03:37.129,btc-updown-15m-1775174400,1775175300,Down,2603766228794065587285559299405895721691107695037524308921869820016918913478,230600860841843600287038557043894670243217902155441611654796088064932192386,0.72,0.73,115.0,317.1,0.01,0.27,0.28,317.1,115.0,0.01,0.725,0.275,0.733858,0.266142,66947.09
1775174618130,2026-04-03T00:03:38.130,btc-updown-15m-1775174400,1775175300,Down,2603766228794065587285559299405895721691107695037524308921869820016918913478,230600860841843600287038557043894670243217902155441611654796088064932192386,0.72,0.73,453.5,213.17,0.01,0.27,0.28,213.17,453.5,0.01,0.725,0.275,0.319753,0.680247,66947.09
1775174619131,2026-04-03T00:03:39.131,btc-updown-15m-1775174400,1775175300,Down,2603766228794065587285559299405895721691107695037524308921869820016918913478,230600860841843600287038557043894670243217902155441611654796088064932192386,0.72,0.73,453.5,213.17,0.01,0.27,0.28,213.17,453.5,0.01,0.725,0.275,0.319753,0.680247,66947.09
1775174620132,2026-04-03T00:03:40.132,btc-updown-15m-1775174400,1775175300,Down,2603766228794065587285559299405895721691107695037524308921869820016918913478,230600860841843600287038557043894670243217902155441611654796088064932192386,0.72,0.73,453.5,213.17,0.01,0.27,0.28,213.17,453.5,0.01,0.725,0.275,0.319753,0.680247,66947.09
1775174621133,2026-04-03T00:03:41.133,btc-updown-15m-1775174400,1775175300,Down,2603766228794065587285559299405895721691107695037524308921869820016918913478,230600860841843600287038557043894670243217902155441611654796088064932192386,0.72,0.73,453.5,213.17,0.01,0.27,0.28,213.17,453.5,0.01,0.725,0.275,0.319753,0.680247,66947.09
1775174622133,2026-04-03T00:03:42.133,btc-updown-15m-1775174400,1775175300,Down,2603766228794065587285559299405895721691107695037524308921869820016918913478,230600860841843600287038557043894670243217902155441611654796088064932192386,0.72,0.73,453.5,213.17,0.01,0.27,0.28,213.17,453.5,0.01,0.725,0.275,0.319753,0.680247,66947.08
1775174623134,2026-04-03T00:03:43.134,btc-updown-15m-1775174400,1775175300,Down,2603766228794065587285559299405895721691107695037524308921869820016918913478,230600860841843600287038557043894670243217902155441611654796088064932192386,0.72,0.73,162.0,309.17,0.01,0.27,0.28,309.17,162.0,0.01,0.725,0.275,0.656175,0.343825,66947.08
1775174624135,2026-04-03T00:03:44.135,btc-updown-15m-1775174400,1775175300,Down,2603766228794065587285559299405895721691107695037524308921869820016918913478,230600860841843600287038557043894670243217902155441611654796088064932192386,0.72,0.73,167.0,304.31,0.01,0.27,0.28,304.31,167.0,0.01,0.725,0.275,0.645668,0.354332,66947.08
1775174625137,2026-04-03T00:03:45.137,btc-updown-15m-1775174400,1775175300,Down,2603766228794065587285559299405895721691107695037524308921869820016918913478,230600860841843600287038557043894670243217902155441611654796088064932192386,0.72,0.73,167.0,304.31,0.01,0.27,0.28,304.31,167.0,0.01,0.725,0.275,0.645668,0.354332,66947.09
1775174626137,2026-04-03T00:03:46.137,btc-updown-15m-1775174400,1775175300,Down,2603766228794065587285559299405895721691107695037524308921869820016918913478,230600860841843600287038557043894670243217902155441611654796088064932192386,0.72,0.73,94.0,375.26,0.01,0.27,0.28,375.26,94.0,0.01,0.725,0.275,0.799685,0.200315,66947.09
1775174627138,2026-04-03T00:03:47.138,btc-updown-15m-1775174400,1775175300,Down,2603766228794065587285559299405895721691107695037524308921869820016918913478,230600860841843600287038557043894670243217902155441611654796088064932192386,0.73,0.74,221.0,19.36,0.01,0.26,0.27,19.36,221.0,0.01,0.735,0.265,0.080546,0.919454,66947.09
1775174628138,2026-04-03T00:03:48.138,btc-updown-15m-1775174400,1775175300,Down,2603766228794065587285559299405895721691107695037524308921869820016918913478,230600860841843600287038557043894670243217902155441611654796088064932192386,0.73,0.74,84.0,479.88,0.01,0.26,0.27,479.88,84.0,0.01,0.735,0.265,0.851032,0.148968,66947.09
1775174629139,2026-04-03T00:03:49.139,btc-updown-15m-1775174400,1775175300,Down,2603766228794065587285559299405895721691107695037524308921869820016918913478,230600860841843600287038557043894670243217902155441611654796088064932192386,0.73,0.74,69.9,319.88,0.01,0.26,0.27,319.88,69.9,0.01,0.735,0.265,0.820668,0.179332,66947.09
1775174630139,2026-04-03T00:03:50.139,btc-updown-15m-1775174400,1775175300,Down,2603766228794065587285559299405895721691107695037524308921869820016918913478,230600860841843600287038557043894670243217902155441611654796088064932192386,0.73,0.74,69.9,319.88,0.01,0.26,0.27,319.88,69.9,0.01,0.735,0.265,0.820668,0.179332,66947.09
1775174631140,2026-04-03T00:03:51.140,btc-updown-15m-1775174400,1775175300,Down,2603766228794065587285559299405895721691107695037524308921869820016918913478,230600860841843600287038557043894670243217902155441611654796088064932192386,0.73,0.74,69.9,319.88,0.01,0.26,0.27,319.88,69.9,0.01,0.735,0.265,0.820668,0.179332,66947.09
1775174632140,2026-04-03T00:03:52.140,btc-updown-15m-1775174400,1775175300,Down,2603766228794065587285559299405895721691107695037524308921869820016918913478,230600860841843600287038557043894670243217902155441611654796088064932192386,0.73,0.74,69.9,319.88,0.01,0.26,0.27,319.88,69.9,0.01,0.735,0.265,0.820668,0.179332,66947.09
1775174633141,2026-04-03T00:03:53.141,btc-updown-15m-1775174400,1775175300,Down,2603766228794065587285559299405895721691107695037524308921869820016918913478,230600860841843600287038557043894670243217902155441611654796088064932192386,0.73,0.74,133.14,286.27,0.01,0.26,0.27,286.27,133.14,0.01,0.735,0.265,0.682554,0.317446,66947.09
1775174634142,2026-04-03T00:03:54.142,btc-updown-15m-1775174400,1775175300,Down,2603766228794065587285559299405895721691107695037524308921869820016918913478,230600860841843600287038557043894670243217902155441611654796088064932192386,0.73,0.74,133.14,286.27,0.01,0.26,0.27,286.27,133.14,0.01,0.735,0.265,0.682554,0.317446,66947.08
1775174635143,2026-04-03T00:03:55.143,btc-updown-15m-1775174400,1775175300,Down,2603766228794065587285559299405895721691107695037524308921869820016918913478,230600860841843600287038557043894670243217902155441611654796088064932192386,0.73,0.74,3.14,573.42,0.01,0.26,0.27,573.42,3.14,0.01,0.735,0.265,0.994554,0.005446,66947.08
1775174636144,2026-04-03T00:03:56.144,btc-updown-15m-1775174400,1775175300,Down,2603766228794065587285559299405895721691107695037524308921869820016918913478,230600860841843600287038557043894670243217902155441611654796088064932192386,0.73,0.74,3.14,573.42,0.01,0.26,0.27,573.42,3.14,0.01,0.735,0.265,0.994554,0.005446,66947.08
1775174637144,2026-04-03T00:03:57.144,btc-updown-15m-1775174400,1775175300,Down,2603766228794065587285559299405895721691107695037524308921869820016918913478,230600860841843600287038557043894670243217902155441611654796088064932192386,0.73,0.74,3.14,573.42,0.01,0.26,0.27,573.42,3.14,0.01,0.735,0.265,0.994554,0.005446,66950.67
1775174638145,2026-04-03T00:03:58.145,btc-updown-15m-1775174400,1775175300,Down,2603766228794065587285559299405895721691107695037524308921869820016918913478,230600860841843600287038557043894670243217902155441611654796088064932192386,0.73,0.74,3.14,573.42,0.01,0.26,0.27,573.42,3.14,0.01,0.735,0.265,0.994554,0.005446,66950.67
1775174639145,2026-04-03T00:03:59.145,btc-updown-15m-1775174400,1775175300,Down,2603766228794065587285559299405895721691107695037524308921869820016918913478,230600860841843600287038557043894670243217902155441611654796088064932192386,0.73,0.74,3.14,573.42,0.01,0.26,0.27,573.42,3.14,0.01,0.735,0.265,0.994554,0.005446,66950.67
1775174640146,2026-04-03T00:04:00.146,btc-updown-15m-1775174400,1775175300,Down,2603766228794065587285559299405895721691107695037524308921869820016918913478,230600860841843600287038557043894670243217902155441611654796088064932192386,0.73,0.74,3.14,573.42,0.01,0.26,0.27,573.42,3.14,0.01,0.735,0.265,0.994554,0.005446,66950.67
1775174641147,2026-04-03T00:04:01.147,btc-updown-15m-1775174400,1775175300,Down,2603766228794065587285559299405895721691107695037524308921869820016918913478,230600860841843600287038557043894670243217902155441611654796088064932192386,0.73,0.74,6.38,452.97,0.01,0.26,0.27,452.97,6.38,0.01,0.735,0.265,0.986111,0.013889,66950.67
1775174642147,2026-04-03T00:04:02.147,btc-updown-15m-1775174400,1775175300,Down,2603766228794065587285559299405895721691107695037524308921869820016918913478,230600860841843600287038557043894670243217902155441611654796088064932192386,0.73,0.75,283.0,429.64,0.02,0.25,0.27,429.64,283.0,0.02,0.74,0.26,0.602885,0.397115,66950.67
1775174643147,2026-04-03T00:04:03.147,btc-updown-15m-1775174400,1775175300,Down,2603766228794065587285559299405895721691107695037524308921869820016918913478,230600860841843600287038557043894670243217902155441611654796088064932192386,0.73,0.75,283.0,429.64,0.02,0.25,0.27,429.64,283.0,0.02,0.74,0.26,0.602885,0.397115,66950.67
1775174644148,2026-04-03T00:04:04.148,btc-updown-15m-1775174400,1775175300,Down,2603766228794065587285559299405895721691107695037524308921869820016918913478,230600860841843600287038557043894670243217902155441611654796088064932192386,0.74,0.75,1.24,733.21,0.01,0.25,0.26,733.21,1.24,0.01,0.745,0.255,0.998312,0.001688,66950.67
1775174645149,2026-04-03T00:04:05.149,btc-updown-15m-1775174400,1775175300,Down,2603766228794065587285559299405895721691107695037524308921869820016918913478,230600860841843600287038557043894670243217902155441611654796088064932192386,0.74,0.75,1.24,736.86,0.01,0.25,0.26,736.86,1.24,0.01,0.745,0.255,0.99832,0.00168,66950.67
1775174646149,2026-04-03T00:04:06.149,btc-updown-15m-1775174400,1775175300,Down,2603766228794065587285559299405895721691107695037524308921869820016918913478,230600860841843600287038557043894670243217902155441611654796088064932192386,0.74,0.75,1.24,736.86,0.01,0.25,0.26,736.86,1.24,0.01,0.745,0.255,0.99832,0.00168,66952.35
1775174647150,2026-04-03T00:04:07.150,btc-updown-15m-1775174400,1775175300,Down,2603766228794065587285559299405895721691107695037524308921869820016918913478,230600860841843600287038557043894670243217902155441611654796088064932192386,0.74,0.75,1.24,736.86,0.01,0.25,0.26,736.86,1.24,0.01,0.745,0.255,0.99832,0.00168,66952.35
1775174648150,2026-04-03T00:04:08.150,btc-updown-15m-1775174400,1775175300,Down,2603766228794065587285559299405895721691107695037524308921869820016918913478,230600860841843600287038557043894670243217902155441611654796088064932192386,0.74,0.75,108.76,322.88,0.01,0.25,0.26,322.88,108.76,0.01,0.745,0.255,0.748031,0.251969,66952.35
1775174649151,2026-04-03T00:04:09.151,btc-updown-15m-1775174400,1775175300,Down,2603766228794065587285559299405895721691107695037524308921869820016918913478,230600860841843600287038557043894670243217902155441611654796088064932192386,0.74,0.75,74.0,687.38,0.01,0.25,0.26,687.38,74.0,0.01,0.745,0.255,0.902808,0.097192,66952.35
1775174650151,2026-04-03T00:04:10.151,btc-updown-15m-1775174400,1775175300,Down,2603766228794065587285559299405895721691107695037524308921869820016918913478,230600860841843600287038557043894670243217902155441611654796088064932192386,0.74,0.75,74.0,687.38,0.01,0.25,0.26,687.38,74.0,0.01,0.745,0.255,0.902808,0.097192,66952.35
1775174651152,2026-04-03T00:04:11.152,btc-updown-15m-1775174400,1775175300,Down,2603766228794065587285559299405895721691107695037524308921869820016918913478,230600860841843600287038557043894670243217902155441611654796088064932192386,0.74,0.75,54.33,736.88,0.01,0.25,0.26,736.88,54.33,0.01,0.745,0.255,0.931333,0.068667,66952.35
1775174652153,2026-04-03T00:04:12.153,btc-updown-15m-1775174400,1775175300,Down,2603766228794065587285559299405895721691107695037524308921869820016918913478,230600860841843600287038557043894670243217902155441611654796088064932192386,0.74,0.75,9.19,750.88,0.01,0.25,0.26,750.88,9.19,0.01,0.745,0.255,0.987909,0.012091,66952.35
1775174653153,2026-04-03T00:04:13.153,btc-updown-15m-1775174400,1775175300,Down,2603766228794065587285559299405895721691107695037524308921869820016918913478,230600860841843600287038557043894670243217902155441611654796088064932192386,0.74,0.75,29.19,736.88,0.01,0.25,0.26,736.88,29.19,0.01,0.745,0.255,0.961896,0.038104,66952.35
1775174654155,2026-04-03T00:04:14.155,btc-updown-15m-1775174400,1775175300,Down,2603766228794065587285559299405895721691107695037524308921869820016918913478,230600860841843600287038557043894670243217902155441611654796088064932192386,0.75,0.76,73.42,434.88,0.01,0.24,0.25,434.88,73.42,0.01,0.755,0.245,0.855558,0.144442,66952.35
1775174655156,2026-04-03T00:04:15.156,btc-updown-15m-1775174400,1775175300,Down,2603766228794065587285559299405895721691107695037524308921869820016918913478,230600860841843600287038557043894670243217902155441611654796088064932192386,0.75,0.76,73.42,430.88,0.01,0.24,0.25,430.88,73.42,0.01,0.755,0.245,0.854412,0.145588,66954.79
1775174656157,2026-04-03T00:04:16.157,btc-updown-15m-1775174400,1775175300,Down,2603766228794065587285559299405895721691107695037524308921869820016918913478,230600860841843600287038557043894670243217902155441611654796088064932192386,0.75,0.76,12.31,905.34,0.01,0.24,0.25,905.34,12.31,0.01,0.755,0.245,0.986585,0.013415,66954.79
1775174657158,2026-04-03T00:04:17.158,btc-updown-15m-1775174400,1775175300,Down,2603766228794065587285559299405895721691107695037524308921869820016918913478,230600860841843600287038557043894670243217902155441611654796088064932192386,0.8,0.81,293.48,268.0,0.01,0.19,0.2,268.0,293.48,0.01,0.805,0.195,0.47731,0.52269,66954.79
1775174658159,2026-04-03T00:04:18.159,btc-updown-15m-1775174400,1775175300,Down,2603766228794065587285559299405895721691107695037524308921869820016918913478,230600860841843600287038557043894670243217902155441611654796088064932192386,0.8,0.81,65.35,395.38,0.01,0.19,0.2,395.38,65.35,0.01,0.805,0.195,0.85816,0.14184,66965.58
1775174659159,2026-04-03T00:04:19.159,btc-updown-15m-1775174400,1775175300,Down,2603766228794065587285559299405895721691107695037524308921869820016918913478,230600860841843600287038557043894670243217902155441611654796088064932192386,0.8,0.81,81.11,388.38,0.01,0.19,0.2,388.38,81.11,0.01,0.805,0.195,0.827238,0.172762,66965.58
1775174660160,2026-04-03T00:04:20.160,btc-updown-15m-1775174400,1775175300,Down,2603766228794065587285559299405895721691107695037524308921869820016918913478,230600860841843600287038557043894670243217902155441611654796088064932192386,0.8,0.81,81.11,388.38,0.01,0.19,0.2,388.38,81.11,0.01,0.805,0.195,0.827238,0.172762,66965.58
1775174661161,2026-04-03T00:04:21.161,btc-updown-15m-1775174400,1775175300,Down,2603766228794065587285559299405895721691107695037524308921869820016918913478,230600860841843600287038557043894670243217902155441611654796088064932192386,0.8,0.81,138.17,355.94,0.01,0.19,0.2,355.94,138.17,0.01,0.805,0.195,0.720366,0.279634,66965.58
1775174662162,2026-04-03T00:04:22.162,btc-updown-15m-1775174400,1775175300,Down,2603766228794065587285559299405895721691107695037524308921869820016918913478,230600860841843600287038557043894670243217902155441611654796088064932192386,0.8,0.81,159.17,395.94,0.01,0.19,0.2,395.94,159.17,0.01,0.805,0.195,0.713264,0.286736,66965.58
1775174663162,2026-04-03T00:04:23.162,btc-updown-15m-1775174400,1775175300,Down,2603766228794065587285559299405895721691107695037524308921869820016918913478,230600860841843600287038557043894670243217902155441611654796088064932192386,0.8,0.81,159.17,395.94,0.01,0.19,0.2,395.94,159.17,0.01,0.805,0.195,0.713264,0.286736,66965.58
1775174664163,2026-04-03T00:04:24.163,btc-updown-15m-1775174400,1775175300,Down,2603766228794065587285559299405895721691107695037524308921869820016918913478,230600860841843600287038557043894670243217902155441611654796088064932192386,0.8,0.81,159.17,395.94,0.01,0.19,0.2,395.94,159.17,0.01,0.805,0.195,0.713264,0.286736,66965.57
1775174665164,2026-04-03T00:04:25.164,btc-updown-15m-1775174400,1775175300,Down,2603766228794065587285559299405895721691107695037524308921869820016918913478,230600860841843600287038557043894670243217902155441611654796088064932192386,0.8,0.81,159.17,395.94,0.01,0.19,0.2,395.94,159.17,0.01,0.805,0.195,0.713264,0.286736,66965.57
1775174666165,2026-04-03T00:04:26.165,btc-updown-15m-1775174400,1775175300,Down,2603766228794065587285559299405895721691107695037524308921869820016918913478,230600860841843600287038557043894670243217902155441611654796088064932192386,0.8,0.81,159.17,395.94,0.01,0.19,0.2,395.94,159.17,0.01,0.805,0.195,0.713264,0.286736,66965.57
1775174667165,2026-04-03T00:04:27.165,btc-updown-15m-1775174400,1775175300,Down,2603766228794065587285559299405895721691107695037524308921869820016918913478,230600860841843600287038557043894670243217902155441611654796088064932192386,0.8,0.82,36.24,787.55,0.02,0.18,0.2,787.55,36.24,0.02,0.81,0.19,0.956008,0.043992,66972.27
1775174668166,2026-04-03T00:04:28.166,btc-updown-15m-1775174400,1775175300,Down,2603766228794065587285559299405895721691107695037524308921869820016918913478,230600860841843600287038557043894670243217902155441611654796088064932192386,0.82,0.83,34.72,663.88,0.01,0.17,0.18,663.88,34.72,0.01,0.825,0.175,0.950301,0.049699,66972.27
1775174669166,2026-04-03T00:04:29.166,btc-updown-15m-1775174400,1775175300,Down,2603766228794065587285559299405895721691107695037524308921869820016918913478,230600860841843600287038557043894670243217902155441611654796088064932192386,0.82,0.83,39.92,786.38,0.01,0.17,0.18,786.38,39.92,0.01,0.825,0.175,0.951688,0.048312,66972.27
1775174670167,2026-04-03T00:04:30.167,btc-updown-15m-1775174400,1775175300,Down,2603766228794065587285559299405895721691107695037524308921869820016918913478,230600860841843600287038557043894670243217902155441611654796088064932192386,0.82,0.83,39.92,688.82,0.01,0.17,0.18,688.82,39.92,0.01,0.825,0.175,0.945221,0.054779,66975.71
1775174671167,2026-04-03T00:04:31.167,btc-updown-15m-1775174400,1775175300,Down,2603766228794065587285559299405895721691107695037524308921869820016918913478,230600860841843600287038557043894670243217902155441611654796088064932192386,0.82,0.83,32.92,678.82,0.01,0.17,0.18,678.82,32.92,0.01,0.825,0.175,0.953747,0.046253,66975.71
1775174672169,2026-04-03T00:04:32.169,btc-updown-15m-1775174400,1775175300,Down,2603766228794065587285559299405895721691107695037524308921869820016918913478,230600860841843600287038557043894670243217902155441611654796088064932192386,0.84,0.85,41.1,577.54,0.01,0.15,0.16,577.54,41.1,0.01,0.845,0.155,0.933564,0.066436,66975.71
1775174673170,2026-04-03T00:04:33.170,btc-updown-15m-1775174400,1775175300,Down,2603766228794065587285559299405895721691107695037524308921869820016918913478,230600860841843600287038557043894670243217902155441611654796088064932192386,0.84,0.85,28.62,720.04,0.01,0.15,0.16,720.04,28.62,0.01,0.845,0.155,0.961772,0.038228,66983.97
1775174674172,2026-04-03T00:04:34.172,btc-updown-15m-1775174400,1775175300,Down,2603766228794065587285559299405895721691107695037524308921869820016918913478,230600860841843600287038557043894670243217902155441611654796088064932192386,0.84,0.85,53.62,550.04,0.01,0.15,0.16,550.04,53.62,0.01,0.845,0.155,0.911175,0.088825,66983.97
1775174675172,2026-04-03T00:04:35.172,btc-updown-15m-1775174400,1775175300,Down,2603766228794065587285559299405895721691107695037524308921869820016918913478,230600860841843600287038557043894670243217902155441611654796088064932192386,0.84,0.85,35.14,650.04,0.01,0.15,0.16,650.04,35.14,0.01,0.845,0.155,0.948714,0.051286,66983.97
1775174676173,2026-04-03T00:04:36.173,btc-updown-15m-1775174400,1775175300,Down,2603766228794065587285559299405895721691107695037524308921869820016918913478,230600860841843600287038557043894670243217902155441611654796088064932192386,0.85,0.86,133.81,164.88,0.01,0.14,0.15,164.88,133.81,0.01,0.855,0.145,0.55201,0.44799,66983.97
1775174677174,2026-04-03T00:04:37.174,btc-updown-15m-1775174400,1775175300,Down,2603766228794065587285559299405895721691107695037524308921869820016918913478,230600860841843600287038557043894670243217902155441611654796088064932192386,0.85,0.86,107.6,671.41,0.01,0.14,0.15,671.41,107.6,0.01,0.855,0.145,0.861876,0.138124,66983.97
1775174678175,2026-04-03T00:04:38.175,btc-updown-15m-1775174400,1775175300,Down,2603766228794065587285559299405895721691107695037524308921869820016918913478,230600860841843600287038557043894670243217902155441611654796088064932192386,0.85,0.86,43.4,769.41,0.01,0.14,0.15,769.41,43.4,0.01,0.855,0.145,0.946605,0.053395,66983.97
1775174679175,2026-04-03T00:04:39.175,btc-updown-15m-1775174400,1775175300,Down,2603766228794065587285559299405895721691107695037524308921869820016918913478,230600860841843600287038557043894670243217902155441611654796088064932192386,0.85,0.86,36.4,958.02,0.01,0.14,0.15,958.02,36.4,0.01,0.855,0.145,0.963396,0.036604,66987.62
1775174680176,2026-04-03T00:04:40.176,btc-updown-15m-1775174400,1775175300,Down,2603766228794065587285559299405895721691107695037524308921869820016918913478,230600860841843600287038557043894670243217902155441611654796088064932192386,0.85,0.86,36.4,958.02,0.01,0.14,0.15,958.02,36.4,0.01,0.855,0.145,0.963396,0.036604,66987.62
1775174681177,2026-04-03T00:04:41.177,btc-updown-15m-1775174400,1775175300,Down,2603766228794065587285559299405895721691107695037524308921869820016918913478,230600860841843600287038557043894670243217902155441611654796088064932192386,0.85,0.86,36.4,958.02,0.01,0.14,0.15,958.02,36.4,0.01,0.855,0.145,0.963396,0.036604,66987.62
1775174682178,2026-04-03T00:04:42.178,btc-updown-15m-1775174400,1775175300,Down,2603766228794065587285559299405895721691107695037524308921869820016918913478,230600860841843600287038557043894670243217902155441611654796088064932192386,0.86,0.87,155.0,323.88,0.01,0.13,0.14,323.88,155.0,0.01,0.865,0.135,0.676328,0.323672,66990.23
1775174683179,2026-04-03T00:04:43.179,btc-updown-15m-1775174400,1775175300,Down,2603766228794065587285559299405895721691107695037524308921869820016918913478,230600860841843600287038557043894670243217902155441611654796088064932192386,0.86,0.87,145.0,756.88,0.01,0.13,0.14,756.88,145.0,0.01,0.865,0.135,0.839225,0.160775,66990.23
1775174684180,2026-04-03T00:04:44.180,btc-updown-15m-1775174400,1775175300,Down,2603766228794065587285559299405895721691107695037524308921869820016918913478,230600860841843600287038557043894670243217902155441611654796088064932192386,0.86,0.87,145.0,756.88,0.01,0.13,0.14,756.88,145.0,0.01,0.865,0.135,0.839225,0.160775,66990.23
1775174685181,2026-04-03T00:04:45.181,btc-updown-15m-1775174400,1775175300,Down,2603766228794065587285559299405895721691107695037524308921869820016918913478,230600860841843600287038557043894670243217902155441611654796088064932192386,0.86,0.87,79.58,743.45,0.01,0.13,0.14,743.45,79.58,0.01,0.865,0.135,0.903309,0.096691,66995.17
1775174686183,2026-04-03T00:04:46.183,btc-updown-15m-1775174400,1775175300,Down,2603766228794065587285559299405895721691107695037524308921869820016918913478,230600860841843600287038557043894670243217902155441611654796088064932192386,0.86,0.87,78.43,761.59,0.01,0.13,0.14,761.59,78.43,0.01,0.865,0.135,0.906633,0.093367,66995.17
1775174687183,2026-04-03T00:04:47.183,btc-updown-15m-1775174400,1775175300,Down,2603766228794065587285559299405895721691107695037524308921869820016918913478,230600860841843600287038557043894670243217902155441611654796088064932192386,0.86,0.87,78.43,761.59,0.01,0.13,0.14,761.59,78.43,0.01,0.865,0.135,0.906633,0.093367,66995.17
1775174688183,2026-04-03T00:04:48.183,btc-updown-15m-1775174400,1775175300,Down,2603766228794065587285559299405895721691107695037524308921869820016918913478,230600860841843600287038557043894670243217902155441611654796088064932192386,0.86,0.87,132.08,650.88,0.01,0.13,0.14,650.88,132.08,0.01,0.865,0.135,0.831307,0.168693,66995.18
1775174689185,2026-04-03T00:04:49.185,btc-updown-15m-1775174400,1775175300,Down,2603766228794065587285559299405895721691107695037524308921869820016918913478,230600860841843600287038557043894670243217902155441611654796088064932192386,0.87,0.88,280.21,547.88,0.01,0.12,0.13,547.88,280.21,0.01,0.875,0.125,0.661619,0.338381,66995.18
1775174690186,2026-04-03T00:04:50.186,btc-updown-15m-1775174400,1775175300,Down,2603766228794065587285559299405895721691107695037524308921869820016918913478,230600860841843600287038557043894670243217902155441611654796088064932192386,0.87,0.88,248.88,572.88,0.01,0.12,0.13,572.88,248.88,0.01,0.875,0.125,0.697138,0.302862,66995.18
1775174691187,2026-04-03T00:04:51.187,btc-updown-15m-1775174400,1775175300,Down,2603766228794065587285559299405895721691107695037524308921869820016918913478,230600860841843600287038557043894670243217902155441611654796088064932192386,0.87,0.88,248.88,495.56,0.01,0.12,0.13,495.56,248.88,0.01,0.875,0.125,0.665682,0.334318,66995.17
1775174692189,2026-04-03T00:04:52.189,btc-updown-15m-1775174400,1775175300,Down,2603766228794065587285559299405895721691107695037524308921869820016918913478,230600860841843600287038557043894670243217902155441611654796088064932192386,0.87,0.88,149.03,506.56,0.01,0.12,0.13,506.56,149.03,0.01,0.875,0.125,0.772678,0.227322,66995.17
1775174693189,2026-04-03T00:04:53.189,btc-updown-15m-1775174400,1775175300,Down,2603766228794065587285559299405895721691107695037524308921869820016918913478,230600860841843600287038557043894670243217902155441611654796088064932192386,0.87,0.88,149.03,506.56,0.01,0.12,0.13,506.56,149.03,0.01,0.875,0.125,0.772678,0.227322,66995.17
1775174694190,2026-04-03T00:04:54.190,btc-updown-15m-1775174400,1775175300,Down,2603766228794065587285559299405895721691107695037524308921869820016918913478,230600860841843600287038557043894670243217902155441611654796088064932192386,0.87,0.88,113.29,626.74,0.01,0.12,0.13,626.74,113.29,0.01,0.875,0.125,0.846912,0.153088,66995.17
1775174695192,2026-04-03T00:04:55.192,btc-updown-15m-1775174400,1775175300,Down,2603766228794065587285559299405895721691107695037524308921869820016918913478,230600860841843600287038557043894670243217902155441611654796088064932192386,0.87,0.88,70.61,706.74,0.01,0.12,0.13,706.74,70.61,0.01,0.875,0.125,0.909166,0.090834,66995.17
1775174696193,2026-04-03T00:04:56.193,btc-updown-15m-1775174400,1775175300,Down,2603766228794065587285559299405895721691107695037524308921869820016918913478,230600860841843600287038557043894670243217902155441611654796088064932192386,0.87,0.88,134.5,646.18,0.01,0.12,0.13,646.18,134.5,0.01,0.875,0.125,0.827714,0.172286,66995.17
1775174697194,2026-04-03T00:04:57.194,btc-updown-15m-1775174400,1775175300,Down,2603766228794065587285559299405895721691107695037524308921869820016918913478,230600860841843600287038557043894670243217902155441611654796088064932192386,0.87,0.88,154.5,628.48,0.01,0.12,0.13,628.48,154.5,0.01,0.875,0.125,0.802677,0.197323,66995.17
1775174698194,2026-04-03T00:04:58.194,btc-updown-15m-1775174400,1775175300,Down,2603766228794065587285559299405895721691107695037524308921869820016918913478,230600860841843600287038557043894670243217902155441611654796088064932192386,0.87,0.88,150.54,600.78,0.01,0.12,0.13,600.78,150.54,0.01,0.875,0.125,0.799633,0.200367,66995.17
1775174699195,2026-04-03T00:04:59.195,btc-updown-15m-1775174400,1775175300,Down,2603766228794065587285559299405895721691107695037524308921869820016918913478,230600860841843600287038557043894670243217902155441611654796088064932192386,0.87,0.88,150.54,600.78,0.01,0.12,0.13,600.78,150.54,0.01,0.875,0.125,0.799633,0.200367,66995.17
1775174700196,2026-04-03T00:05:00.196,btc-updown-15m-1775174400,1775175300,Down,2603766228794065587285559299405895721691107695037524308921869820016918913478,230600860841843600287038557043894670243217902155441611654796088064932192386,0.88,0.89,74.67,340.0,0.01,0.11,0.12,340.0,74.67,0.01,0.885,0.115,0.819929,0.180071,66999.0
1775174701196,2026-04-03T00:05:01.196,btc-updown-15m-1775174400,1775175300,Down,2603766228794065587285559299405895721691107695037524308921869820016918913478,230600860841843600287038557043894670243217902155441611654796088064932192386,0.88,0.9,56.08,378.07,0.02,0.1,0.12,378.07,56.08,0.02,0.89,0.11,0.870828,0.129172,66999.0
1775174702197,2026-04-03T00:05:02.197,btc-updown-15m-1775174400,1775175300,Down,2603766228794065587285559299405895721691107695037524308921869820016918913478,230600860841843600287038557043894670243217902155441611654796088064932192386,0.89,0.9,99.79,393.88,0.01,0.1,0.11,393.88,99.79,0.01,0.895,0.105,0.797861,0.202139,66999.0
1775174703198,2026-04-03T00:05:03.198,btc-updown-15m-1775174400,1775175300,Down,2603766228794065587285559299405895721691107695037524308921869820016918913478,230600860841843600287038557043894670243217902155441611654796088064932192386,0.89,0.9,100.29,339.88,0.01,0.1,0.11,339.88,100.29,0.01,0.895,0.105,0.772156,0.227844,67000.0
1775174704198,2026-04-03T00:05:04.198,btc-updown-15m-1775174400,1775175300,Down,2603766228794065587285559299405895721691107695037524308921869820016918913478,230600860841843600287038557043894670243217902155441611654796088064932192386,0.89,0.9,335.95,81.88,0.01,0.1,0.11,81.88,335.95,0.01,0.895,0.105,0.195965,0.804035,67000.0
1775174705199,2026-04-03T00:05:05.199,btc-updown-15m-1775174400,1775175300,Down,2603766228794065587285559299405895721691107695037524308921869820016918913478,230600860841843600287038557043894670243217902155441611654796088064932192386,0.87,0.88,277.34,507.85,0.01,0.12,0.13,507.85,277.34,0.01,0.875,0.125,0.646786,0.353214,67000.0
1775174706199,2026-04-03T00:05:06.199,btc-updown-15m-1775174400,1775175300,Down,2603766228794065587285559299405895721691107695037524308921869820016918913478,230600860841843600287038557043894670243217902155441611654796088064932192386,0.87,0.88,503.35,1.3,0.01,0.12,0.13,1.3,503.35,0.01,0.875,0.125,0.002576,0.997424,66983.64
1775174707200,2026-04-03T00:05:07.200,btc-updown-15m-1775174400,1775175300,Down,2603766228794065587285559299405895721691107695037524308921869820016918913478,230600860841843600287038557043894670243217902155441611654796088064932192386,0.86,0.87,357.13,867.14,0.01,0.13,0.14,867.14,357.13,0.01,0.865,0.135,0.708291,0.291709,66983.64
1775174708201,2026-04-03T00:05:08.201,btc-updown-15m-1775174400,1775175300,Down,2603766228794065587285559299405895721691107695037524308921869820016918913478,230600860841843600287038557043894670243217902155441611654796088064932192386,0.86,0.87,357.13,867.14,0.01,0.13,0.14,867.14,357.13,0.01,0.865,0.135,0.708291,0.291709,66983.64
1775174709202,2026-04-03T00:05:09.202,btc-updown-15m-1775174400,1775175300,Down,2603766228794065587285559299405895721691107695037524308921869820016918913478,230600860841843600287038557043894670243217902155441611654796088064932192386,0.86,0.87,328.13,874.36,0.01,0.13,0.14,874.36,328.13,0.01,0.865,0.135,0.727125,0.272875,66983.65
1775174710202,2026-04-03T00:05:10.202,btc-updown-15m-1775174400,1775175300,Down,2603766228794065587285559299405895721691107695037524308921869820016918913478,230600860841843600287038557043894670243217902155441611654796088064932192386,0.86,0.87,328.13,874.36,0.01,0.13,0.14,874.36,328.13,0.01,0.865,0.135,0.727125,0.272875,66983.65
1775174711204,2026-04-03T00:05:11.204,btc-updown-15m-1775174400,1775175300,Down,2603766228794065587285559299405895721691107695037524308921869820016918913478,230600860841843600287038557043894670243217902155441611654796088064932192386,0.86,0.87,328.13,874.36,0.01,0.13,0.14,874.36,328.13,0.01,0.865,0.135,0.727125,0.272875,66983.65
1775174712204,2026-04-03T00:05:12.204,btc-updown-15m-1775174400,1775175300,Down,2603766228794065587285559299405895721691107695037524308921869820016918913478,230600860841843600287038557043894670243217902155441611654796088064932192386,0.86,0.87,269.1,1124.07,0.01,0.13,0.14,1124.07,269.1,0.01,0.865,0.135,0.806843,0.193157,66983.65
1775174713205,2026-04-03T00:05:13.205,btc-updown-15m-1775174400,1775175300,Down,2603766228794065587285559299405895721691107695037524308921869820016918913478,230600860841843600287038557043894670243217902155441611654796088064932192386,0.86,0.87,269.1,1124.07,0.01,0.13,0.14,1124.07,269.1,0.01,0.865,0.135,0.806843,0.193157,66983.65
1775174714205,2026-04-03T00:05:14.205,btc-updown-15m-1775174400,1775175300,Down,2603766228794065587285559299405895721691107695037524308921869820016918913478,230600860841843600287038557043894670243217902155441611654796088064932192386,0.86,0.87,159.48,328.37,0.01,0.13,0.14,328.37,159.48,0.01,0.865,0.135,0.673096,0.326904,66983.65
1775174715206,2026-04-03T00:05:15.206,btc-updown-15m-1775174400,1775175300,Down,2603766228794065587285559299405895721691107695037524308921869820016918913478,230600860841843600287038557043894670243217902155441611654796088064932192386,0.86,0.87,151.48,300.37,0.01,0.13,0.14,300.37,151.48,0.01,0.865,0.135,0.664756,0.335244,66983.65
1775174716206,2026-04-03T00:05:16.206,btc-updown-15m-1775174400,1775175300,Down,2603766228794065587285559299405895721691107695037524308921869820016918913478,230600860841843600287038557043894670243217902155441611654796088064932192386,0.86,0.87,151.48,300.37,0.01,0.13,0.14,300.37,151.48,0.01,0.865,0.135,0.664756,0.335244,66983.65
1775174717206,2026-04-03T00:05:17.206,btc-updown-15m-1775174400,1775175300,Down,2603766228794065587285559299405895721691107695037524308921869820016918913478,230600860841843600287038557043894670243217902155441611654796088064932192386,0.83,0.84,27.0,17.9,0.01,0.16,0.17,17.9,27.0,0.01,0.835,0.165,0.398664,0.601336,66983.65
1775174718207,2026-04-03T00:05:18.207,btc-updown-15m-1775174400,1775175300,Down,2603766228794065587285559299405895721691107695037524308921869820016918913478,230600860841843600287038557043894670243217902155441611654796088064932192386,0.81,0.82,122.61,44.23,0.01,0.18,0.19,44.23,122.61,0.01,0.815,0.185,0.265104,0.734896,66970.01
1775174719208,2026-04-03T00:05:19.208,btc-updown-15m-1775174400,1775175300,Down,2603766228794065587285559299405895721691107695037524308921869820016918913478,230600860841843600287038557043894670243217902155441611654796088064932192386,0.81,0.82,68.61,55.44,0.01,0.18,0.19,55.44,68.61,0.01,0.815,0.185,0.446917,0.553083,66970.01
1775174720208,2026-04-03T00:05:20.208,btc-updown-15m-1775174400,1775175300,Down,2603766228794065587285559299405895721691107695037524308921869820016918913478,230600860841843600287038557043894670243217902155441611654796088064932192386,0.81,0.82,54.49,111.32,0.01,0.18,0.19,111.32,54.49,0.01,0.815,0.185,0.671371,0.328629,66970.01
1775174721209,2026-04-03T00:05:21.209,btc-updown-15m-1775174400,1775175300,Down,2603766228794065587285559299405895721691107695037524308921869820016918913478,230600860841843600287038557043894670243217902155441611654796088064932192386,0.81,0.82,105.88,103.76,0.01,0.18,0.19,103.76,105.88,0.01,0.815,0.185,0.494944,0.505056,66970.0
1775174722210,2026-04-03T00:05:22.210,btc-updown-15m-1775174400,1775175300,Down,2603766228794065587285559299405895721691107695037524308921869820016918913478,230600860841843600287038557043894670243217902155441611654796088064932192386,0.81,0.82,105.88,103.76,0.01,0.18,0.19,103.76,105.88,0.01,0.815,0.185,0.494944,0.505056,66970.0
1775174723211,2026-04-03T00:05:23.211,btc-updown-15m-1775174400,1775175300,Down,2603766228794065587285559299405895721691107695037524308921869820016918913478,230600860841843600287038557043894670243217902155441611654796088064932192386,0.83,0.84,71.0,105.0,0.01,0.16,0.17,105.0,71.0,0.01,0.835,0.165,0.596591,0.403409,66970.0
1775174724211,2026-04-03T00:05:24.211,btc-updown-15m-1775174400,1775175300,Down,2603766228794065587285559299405895721691107695037524308921869820016918913478,230600860841843600287038557043894670243217902155441611654796088064932192386,0.83,0.84,204.12,110.3,0.01,0.16,0.17,110.3,204.12,0.01,0.835,0.165,0.350805,0.649195,66972.41
1775174725212,2026-04-03T00:05:25.212,btc-updown-15m-1775174400,1775175300,Down,2603766228794065587285559299405895721691107695037524308921869820016918913478,230600860841843600287038557043894670243217902155441611654796088064932192386,0.83,0.84,401.62,9.0,0.01,0.16,0.17,9.0,401.62,0.01,0.835,0.165,0.021918,0.978082,66972.41
1775174726213,2026-04-03T00:05:26.213,btc-updown-15m-1775174400,1775175300,Down,2603766228794065587285559299405895721691107695037524308921869820016918913478,230600860841843600287038557043894670243217902155441611654796088064932192386,0.82,0.83,5.0,79.0,0.01,0.17,0.18,79.0,5.0,0.01,0.825,0.175,0.940476,0.059524,66972.41
1775174727213,2026-04-03T00:05:27.213,btc-updown-15m-1775174400,1775175300,Down,2603766228794065587285559299405895721691107695037524308921869820016918913478,230600860841843600287038557043894670243217902155441611654796088064932192386,0.82,0.83,208.25,39.0,0.01,0.17,0.18,39.0,208.25,0.01,0.825,0.175,0.157735,0.842265,66972.41
1775174728214,2026-04-03T00:05:28.214,btc-updown-15m-1775174400,1775175300,Down,2603766228794065587285559299405895721691107695037524308921869820016918913478,230600860841843600287038557043894670243217902155441611654796088064932192386,0.82,0.83,148.88,97.32,0.01,0.17,0.18,97.32,148.88,0.01,0.825,0.175,0.395288,0.604712,66972.41
1775174729215,2026-04-03T00:05:29.215,btc-updown-15m-1775174400,1775175300,Down,2603766228794065587285559299405895721691107695037524308921869820016918913478,230600860841843600287038557043894670243217902155441611654796088064932192386,0.82,0.83,83.88,124.88,0.01,0.17,0.18,124.88,83.88,0.01,0.825,0.175,0.598199,0.401801,66972.41
1775174730215,2026-04-03T00:05:30.215,btc-updown-15m-1775174400,1775175300,Down,2603766228794065587285559299405895721691107695037524308921869820016918913478,230600860841843600287038557043894670243217902155441611654796088064932192386,0.82,0.83,83.88,124.88,0.01,0.17,0.18,124.88,83.88,0.01,0.825,0.175,0.598199,0.401801,66972.4
1775174731216,2026-04-03T00:05:31.216,btc-updown-15m-1775174400,1775175300,Down,2603766228794065587285559299405895721691107695037524308921869820016918913478,230600860841843600287038557043894670243217902155441611654796088064932192386,0.82,0.83,83.88,77.88,0.01,0.17,0.18,77.88,83.88,0.01,0.825,0.175,0.481454,0.518546,66972.4
1775174732216,2026-04-03T00:05:32.216,btc-updown-15m-1775174400,1775175300,Down,2603766228794065587285559299405895721691107695037524308921869820016918913478,230600860841843600287038557043894670243217902155441611654796088064932192386,0.82,0.83,83.88,77.88,0.01,0.17,0.18,77.88,83.88,0.01,0.825,0.175,0.481454,0.518546,66972.4
1775174733217,2026-04-03T00:05:33.217,btc-updown-15m-1775174400,1775175300,Down,2603766228794065587285559299405895721691107695037524308921869820016918913478,230600860841843600287038557043894670243217902155441611654796088064932192386,0.82,0.83,110.17,94.88,0.01,0.17,0.18,94.88,110.17,0.01,0.825,0.175,0.462716,0.537284,66972.41
1775174734219,2026-04-03T00:05:34.219,btc-updown-15m-1775174400,1775175300,Down,2603766228794065587285559299405895721691107695037524308921869820016918913478,230600860841843600287038557043894670243217902155441611654796088064932192386,0.82,0.83,96.17,80.88,0.01,0.17,0.18,80.88,96.17,0.01,0.825,0.175,0.45682,0.54318,66972.41
1775174735220,2026-04-03T00:05:35.220,btc-updown-15m-1775174400,1775175300,Down,2603766228794065587285559299405895721691107695037524308921869820016918913478,230600860841843600287038557043894670243217902155441611654796088064932192386,0.82,0.83,96.17,80.88,0.01,0.17,0.18,80.88,96.17,0.01,0.825,0.175,0.45682,0.54318,66972.41
1775174736221,2026-04-03T00:05:36.221,btc-updown-15m-1775174400,1775175300,Down,2603766228794065587285559299405895721691107695037524308921869820016918913478,230600860841843600287038557043894670243217902155441611654796088064932192386,0.82,0.83,96.17,80.88,0.01,0.17,0.18,80.88,96.17,0.01,0.825,0.175,0.45682,0.54318,66972.41
1775174737222,2026-04-03T00:05:37.222,btc-updown-15m-1775174400,1775175300,Down,2603766228794065587285559299405895721691107695037524308921869820016918913478,230600860841843600287038557043894670243217902155441611654796088064932192386,0.82,0.83,162.88,75.32,0.01,0.17,0.18,75.32,162.88,0.01,0.825,0.175,0.316205,0.683795,66972.41
1775174738223,2026-04-03T00:05:38.223,btc-updown-15m-1775174400,1775175300,Down,2603766228794065587285559299405895721691107695037524308921869820016918913478,230600860841843600287038557043894670243217902155441611654796088064932192386,0.82,0.83,131.23,60.0,0.01,0.17,0.18,60.0,131.23,0.01,0.825,0.175,0.313758,0.686242,66972.41
1775174739223,2026-04-03T00:05:39.223,btc-updown-15m-1775174400,1775175300,Down,2603766228794065587285559299405895721691107695037524308921869820016918913478,230600860841843600287038557043894670243217902155441611654796088064932192386,0.82,0.83,152.61,75.88,0.01,0.17,0.18,75.88,152.61,0.01,0.825,0.175,0.332093,0.667907,66972.41
1775174740225,2026-04-03T00:05:40.225,btc-updown-15m-1775174400,1775175300,Down,2603766228794065587285559299405895721691107695037524308921869820016918913478,230600860841843600287038557043894670243217902155441611654796088064932192386,0.82,0.83,147.48,75.88,0.01,0.17,0.18,75.88,147.48,0.01,0.825,0.175,0.339721,0.660279,66972.41
1775174741225,2026-04-03T00:05:41.225,btc-updown-15m-1775174400,1775175300,Down,2603766228794065587285559299405895721691107695037524308921869820016918913478,230600860841843600287038557043894670243217902155441611654796088064932192386,0.82,0.83,140.67,75.88,0.01,0.17,0.18,75.88,140.67,0.01,0.825,0.175,0.350404,0.649596,66972.41
1775174742227,2026-04-03T00:05:42.227,btc-updown-15m-1775174400,1775175300,Down,2603766228794065587285559299405895721691107695037524308921869820016918913478,230600860841843600287038557043894670243217902155441611654796088064932192386,0.82,0.83,113.88,73.55,0.01,0.17,0.18,73.55,113.88,0.01,0.825,0.175,0.392413,0.607587,66972.4
1775174743227,2026-04-03T00:05:43.227,btc-updown-15m-1775174400,1775175300,Down,2603766228794065587285559299405895721691107695037524308921869820016918913478,230600860841843600287038557043894670243217902155441611654796088064932192386,0.82,0.83,113.88,73.55,0.01,0.17,0.18,73.55,113.88,0.01,0.825,0.175,0.392413,0.607587,66972.4
1775174744227,2026-04-03T00:05:44.227,btc-updown-15m-1775174400,1775175300,Down,2603766228794065587285559299405895721691107695037524308921869820016918913478,230600860841843600287038557043894670243217902155441611654796088064932192386,0.82,0.83,113.88,71.64,0.01,0.17,0.18,71.64,113.88,0.01,0.825,0.175,0.386158,0.613842,66972.4
1775174745228,2026-04-03T00:05:45.228,btc-updown-15m-1775174400,1775175300,Down,2603766228794065587285559299405895721691107695037524308921869820016918913478,230600860841843600287038557043894670243217902155441611654796088064932192386,0.82,0.83,113.88,71.64,0.01,0.17,0.18,71.64,113.88,0.01,0.825,0.175,0.386158,0.613842,66972.41
1775174746229,2026-04-03T00:05:46.229,btc-updown-15m-1775174400,1775175300,Down,2603766228794065587285559299405895721691107695037524308921869820016918913478,230600860841843600287038557043894670243217902155441611654796088064932192386,0.82,0.83,117.85,108.12,0.01,0.17,0.18,108.12,117.85,0.01,0.825,0.175,0.478471,0.521529,66972.41
1775174747230,2026-04-03T00:05:47.230,btc-updown-15m-1775174400,1775175300,Down,2603766228794065587285559299405895721691107695037524308921869820016918913478,230600860841843600287038557043894670243217902155441611654796088064932192386,0.82,0.83,117.85,108.12,0.01,0.17,0.18,108.12,117.85,0.01,0.825,0.175,0.478471,0.521529,66972.41
1775174748230,2026-04-03T00:05:48.230,btc-updown-15m-1775174400,1775175300,Down,2603766228794065587285559299405895721691107695037524308921869820016918913478,230600860841843600287038557043894670243217902155441611654796088064932192386,0.82,0.83,201.85,65.62,0.01,0.17,0.18,65.62,201.85,0.01,0.825,0.175,0.245336,0.754664,66972.41
1775174749231,2026-04-03T00:05:49.231,btc-updown-15m-1775174400,1775175300,Down,2603766228794065587285559299405895721691107695037524308921869820016918913478,230600860841843600287038557043894670243217902155441611654796088064932192386,0.82,0.83,201.85,65.62,0.01,0.17,0.18,65.62,201.85,0.01,0.825,0.175,0.245336,0.754664,66972.41
1775174750232,2026-04-03T00:05:50.232,btc-updown-15m-1775174400,1775175300,Down,2603766228794065587285559299405895721691107695037524308921869820016918913478,230600860841843600287038557043894670243217902155441611654796088064932192386,0.82,0.83,201.85,65.62,0.01,0.17,0.18,65.62,201.85,0.01,0.825,0.175,0.245336,0.754664,66972.41
1775174751233,2026-04-03T00:05:51.233,btc-updown-15m-1775174400,1775175300,Down,2603766228794065587285559299405895721691107695037524308921869820016918913478,230600860841843600287038557043894670243217902155441611654796088064932192386,0.82,0.83,201.85,65.62,0.01,0.17,0.18,65.62,201.85,0.01,0.825,0.175,0.245336,0.754664,66972.41
1775174752234,2026-04-03T00:05:52.234,btc-updown-15m-1775174400,1775175300,Down,2603766228794065587285559299405895721691107695037524308921869820016918913478,230600860841843600287038557043894670243217902155441611654796088064932192386,0.82,0.83,201.85,65.62,0.01,0.17,0.18,65.62,201.85,0.01,0.825,0.175,0.245336,0.754664,66972.41
1775174753235,2026-04-03T00:05:53.235,btc-updown-15m-1775174400,1775175300,Down,2603766228794065587285559299405895721691107695037524308921869820016918913478,230600860841843600287038557043894670243217902155441611654796088064932192386,0.82,0.83,242.85,64.5,0.01,0.17,0.18,64.5,242.85,0.01,0.825,0.175,0.209858,0.790142,66972.41
1775174754235,2026-04-03T00:05:54.235,btc-updown-15m-1775174400,1775175300,Down,2603766228794065587285559299405895721691107695037524308921869820016918913478,230600860841843600287038557043894670243217902155441611654796088064932192386,0.82,0.83,169.52,64.5,0.01,0.17,0.18,64.5,169.52,0.01,0.825,0.175,0.275617,0.724383,66972.4
1775174755236,2026-04-03T00:05:55.236,btc-updown-15m-1775174400,1775175300,Down,2603766228794065587285559299405895721691107695037524308921869820016918913478,230600860841843600287038557043894670243217902155441611654796088064932192386,0.82,0.83,184.52,62.06,0.01,0.17,0.18,62.06,184.52,0.01,0.825,0.175,0.251683,0.748317,66972.4
1775174756237,2026-04-03T00:05:56.237,btc-updown-15m-1775174400,1775175300,Down,2603766228794065587285559299405895721691107695037524308921869820016918913478,230600860841843600287038557043894670243217902155441611654796088064932192386,0.82,0.83,174.49,57.06,0.01,0.17,0.18,57.06,174.49,0.01,0.825,0.175,0.246426,0.753574,66972.4
1775174757238,2026-04-03T00:05:57.238,btc-updown-15m-1775174400,1775175300,Down,2603766228794065587285559299405895721691107695037524308921869820016918913478,230600860841843600287038557043894670243217902155441611654796088064932192386,0.82,0.83,174.49,57.06,0.01,0.17,0.18,57.06,174.49,0.01,0.825,0.175,0.246426,0.753574,66972.41
1775174758238,2026-04-03T00:05:58.238,btc-updown-15m-1775174400,1775175300,Down,2603766228794065587285559299405895721691107695037524308921869820016918913478,230600860841843600287038557043894670243217902155441611654796088064932192386,0.82,0.83,80.9,163.03,0.01,0.17,0.18,163.03,80.9,0.01,0.825,0.175,0.668347,0.331653,66972.41
1775174759240,2026-04-03T00:05:59.240,btc-updown-15m-1775174400,1775175300,Down,2603766228794065587285559299405895721691107695037524308921869820016918913478,230600860841843600287038557043894670243217902155441611654796088064932192386,0.82,0.83,80.9,163.03,0.01,0.17,0.18,163.03,80.9,0.01,0.825,0.175,0.668347,0.331653,66972.41
1775174760241,2026-04-03T00:06:00.241,btc-updown-15m-1775174400,1775175300,Down,2603766228794065587285559299405895721691107695037524308921869820016918913478,230600860841843600287038557043894670243217902155441611654796088064932192386,0.82,0.83,80.9,163.03,0.01,0.17,0.18,163.03,80.9,0.01,0.825,0.175,0.668347,0.331653,66972.4
1775174761241,2026-04-03T00:06:01.241,btc-updown-15m-1775174400,1775175300,Down,2603766228794065587285559299405895721691107695037524308921869820016918913478,230600860841843600287038557043894670243217902155441611654796088064932192386,0.82,0.83,114.84,70.95,0.01,0.17,0.18,70.95,114.84,0.01,0.825,0.175,0.381883,0.618117,66972.4
1775174762242,2026-04-03T00:06:02.242,btc-updown-15m-1775174400,1775175300,Down,2603766228794065587285559299405895721691107695037524308921869820016918913478,230600860841843600287038557043894670243217902155441611654796088064932192386,0.8,0.82,229.88,212.83,0.02,0.18,0.2,212.83,229.88,0.02,0.81,0.19,0.480744,0.519256,66972.4
1775174763243,2026-04-03T00:06:03.243,btc-updown-15m-1775174400,1775175300,Down,2603766228794065587285559299405895721691107695037524308921869820016918913478,230600860841843600287038557043894670243217902155441611654796088064932192386,0.8,0.82,465.38,35.63,0.02,0.18,0.2,35.63,465.38,0.02,0.81,0.19,0.071116,0.928884,66964.02
1775174764244,2026-04-03T00:06:04.244,btc-updown-15m-1775174400,1775175300,Down,2603766228794065587285559299405895721691107695037524308921869820016918913478,230600860841843600287038557043894670243217902155441611654796088064932192386,0.8,0.81,118.0,45.88,0.01,0.19,0.2,45.88,118.0,0.01,0.805,0.195,0.279961,0.720039,66964.02
1775174765245,2026-04-03T00:06:05.245,btc-updown-15m-1775174400,1775175300,Down,2603766228794065587285559299405895721691107695037524308921869820016918913478,230600860841843600287038557043894670243217902155441611654796088064932192386,0.8,0.81,123.6,45.88,0.01,0.19,0.2,45.88,123.6,0.01,0.805,0.195,0.27071,0.72929,66964.02
1775174766245,2026-04-03T00:06:06.245,btc-updown-15m-1775174400,1775175300,Down,2603766228794065587285559299405895721691107695037524308921869820016918913478,230600860841843600287038557043894670243217902155441611654796088064932192386,0.8,0.81,122.57,60.88,0.01,0.19,0.2,60.88,122.57,0.01,0.805,0.195,0.331862,0.668138,66964.02
1775174767246,2026-04-03T00:06:07.246,btc-updown-15m-1775174400,1775175300,Down,2603766228794065587285559299405895721691107695037524308921869820016918913478,230600860841843600287038557043894670243217902155441611654796088064932192386,0.8,0.81,122.57,60.88,0.01,0.19,0.2,60.88,122.57,0.01,0.805,0.195,0.331862,0.668138,66964.02
1775174768247,2026-04-03T00:06:08.247,btc-updown-15m-1775174400,1775175300,Down,2603766228794065587285559299405895721691107695037524308921869820016918913478,230600860841843600287038557043894670243217902155441611654796088064932192386,0.8,0.81,142.57,50.88,0.01,0.19,0.2,50.88,142.57,0.01,0.805,0.195,0.263014,0.736986,66964.02
1775174769247,2026-04-03T00:06:09.247,btc-updown-15m-1775174400,1775175300,Down,2603766228794065587285559299405895721691107695037524308921869820016918913478,230600860841843600287038557043894670243217902155441611654796088064932192386,0.8,0.81,142.57,40.88,0.01,0.19,0.2,40.88,142.57,0.01,0.805,0.195,0.22284,0.77716,66964.03
1775174770248,2026-04-03T00:06:10.248,btc-updown-15m-1775174400,1775175300,Down,2603766228794065587285559299405895721691107695037524308921869820016918913478,230600860841843600287038557043894670243217902155441611654796088064932192386,0.8,0.81,142.57,41.76,0.01,0.19,0.2,41.76,142.57,0.01,0.805,0.195,0.22655,0.77345,66964.03
1775174771249,2026-04-03T00:06:11.249,btc-updown-15m-1775174400,1775175300,Down,2603766228794065587285559299405895721691107695037524308921869820016918913478,230600860841843600287038557043894670243217902155441611654796088064932192386,0.8,0.81,142.57,46.76,0.01,0.19,0.2,46.76,142.57,0.01,0.805,0.195,0.246976,0.753024,66964.03
1775174772250,2026-04-03T00:06:12.250,btc-updown-15m-1775174400,1775175300,Down,2603766228794065587285559299405895721691107695037524308921869820016918913478,230600860841843600287038557043894670243217902155441611654796088064932192386,0.8,0.81,162.57,41.76,0.01,0.19,0.2,41.76,162.57,0.01,0.805,0.195,0.204375,0.795625,66964.03
1775174773251,2026-04-03T00:06:13.251,btc-updown-15m-1775174400,1775175300,Down,2603766228794065587285559299405895721691107695037524308921869820016918913478,230600860841843600287038557043894670243217902155441611654796088064932192386,0.77,0.78,235.0,63.88,0.01,0.22,0.23,63.88,235.0,0.01,0.775,0.225,0.213731,0.786269,66964.03
1775174774252,2026-04-03T00:06:14.252,btc-updown-15m-1775174400,1775175300,Down,2603766228794065587285559299405895721691107695037524308921869820016918913478,230600860841843600287038557043894670243217902155441611654796088064932192386,0.77,0.78,225.39,10.88,0.01,0.22,0.23,10.88,225.39,0.01,0.775,0.225,0.046049,0.953951,66964.03
1775174775253,2026-04-03T00:06:15.253,btc-updown-15m-1775174400,1775175300,Down,2603766228794065587285559299405895721691107695037524308921869820016918913478,230600860841843600287038557043894670243217902155441611654796088064932192386,0.77,0.78,208.0,68.72,0.01,0.22,0.23,68.72,208.0,0.01,0.775,0.225,0.248338,0.751662,66960.18
1775174776253,2026-04-03T00:06:16.253,btc-updown-15m-1775174400,1775175300,Down,2603766228794065587285559299405895721691107695037524308921869820016918913478,230600860841843600287038557043894670243217902155441611654796088064932192386,0.77,0.78,365.97,54.88,0.01,0.22,0.23,54.88,365.97,0.01,0.775,0.225,0.130403,0.869597,66960.18
1775174777254,2026-04-03T00:06:17.254,btc-updown-15m-1775174400,1775175300,Down,2603766228794065587285559299405895721691107695037524308921869820016918913478,230600860841843600287038557043894670243217902155441611654796088064932192386,0.77,0.78,557.18,20.88,0.01,0.22,0.23,20.88,557.18,0.01,0.775,0.225,0.036121,0.963879,66960.18
1775174778254,2026-04-03T00:06:18.254,btc-updown-15m-1775174400,1775175300,Down,2603766228794065587285559299405895721691107695037524308921869820016918913478,230600860841843600287038557043894670243217902155441611654796088064932192386,0.77,0.78,504.06,120.88,0.01,0.22,0.23,120.88,504.06,0.01,0.775,0.225,0.193427,0.806573,66958.09
1775174779255,2026-04-03T00:06:19.255,btc-updown-15m-1775174400,1775175300,Down,2603766228794065587285559299405895721691107695037524308921869820016918913478,230600860841843600287038557043894670243217902155441611654796088064932192386,0.77,0.78,472.06,115.88,0.01,0.22,0.23,115.88,472.06,0.01,0.775,0.225,0.197095,0.802905,66958.09
1775174780256,2026-04-03T00:06:20.256,btc-updown-15m-1775174400,1775175300,Down,2603766228794065587285559299405895721691107695037524308921869820016918913478,230600860841843600287038557043894670243217902155441611654796088064932192386,0.77,0.78,275.56,121.53,0.01,0.22,0.23,121.53,275.56,0.01,0.775,0.225,0.306052,0.693948,66958.09
1775174781258,2026-04-03T00:06:21.258,btc-updown-15m-1775174400,1775175300,Down,2603766228794065587285559299405895721691107695037524308921869820016918913478,230600860841843600287038557043894670243217902155441611654796088064932192386,0.77,0.78,275.56,121.53,0.01,0.22,0.23,121.53,275.56,0.01,0.775,0.225,0.306052,0.693948,66958.09
1775174782258,2026-04-03T00:06:22.258,btc-updown-15m-1775174400,1775175300,Down,2603766228794065587285559299405895721691107695037524308921869820016918913478,230600860841843600287038557043894670243217902155441611654796088064932192386,0.77,0.78,275.56,121.53,0.01,0.22,0.23,121.53,275.56,0.01,0.775,0.225,0.306052,0.693948,66958.09
1775174783259,2026-04-03T00:06:23.259,btc-updown-15m-1775174400,1775175300,Down,2603766228794065587285559299405895721691107695037524308921869820016918913478,230600860841843600287038557043894670243217902155441611654796088064932192386,0.77,0.78,280.56,160.67,0.01,0.22,0.23,160.67,280.56,0.01,0.775,0.225,0.364141,0.635859,66958.09
1775174784260,2026-04-03T00:06:24.260,btc-updown-15m-1775174400,1775175300,Down,2603766228794065587285559299405895721691107695037524308921869820016918913478,230600860841843600287038557043894670243217902155441611654796088064932192386,0.77,0.78,274.15,81.53,0.01,0.22,0.23,81.53,274.15,0.01,0.775,0.225,0.229223,0.770777,66958.09
1775174785261,2026-04-03T00:06:25.261,btc-updown-15m-1775174400,1775175300,Down,2603766228794065587285559299405895721691107695037524308921869820016918913478,230600860841843600287038557043894670243217902155441611654796088064932192386,0.77,0.78,274.15,81.53,0.01,0.22,0.23,81.53,274.15,0.01,0.775,0.225,0.229223,0.770777,66958.09
1775174786261,2026-04-03T00:06:26.261,btc-updown-15m-1775174400,1775175300,Down,2603766228794065587285559299405895721691107695037524308921869820016918913478,230600860841843600287038557043894670243217902155441611654796088064932192386,0.77,0.78,139.12,135.53,0.01,0.22,0.23,135.53,139.12,0.01,0.775,0.225,0.493464,0.506536,66958.09
1775174787262,2026-04-03T00:06:27.262,btc-updown-15m-1775174400,1775175300,Down,2603766228794065587285559299405895721691107695037524308921869820016918913478,230600860841843600287038557043894670243217902155441611654796088064932192386,0.76,0.77,521.28,378.72,0.01,0.23,0.24,378.72,521.28,0.01,0.765,0.235,0.4208,0.5792,66958.09
1775174788262,2026-04-03T00:06:28.262,btc-updown-15m-1775174400,1775175300,Down,2603766228794065587285559299405895721691107695037524308921869820016918913478,230600860841843600287038557043894670243217902155441611654796088064932192386,0.79,0.81,35.88,234.88,0.02,0.19,0.21,234.88,35.88,0.02,0.8,0.2,0.867484,0.132516,66958.09
1775174789263,2026-04-03T00:06:29.263,btc-updown-15m-1775174400,1775175300,Down,2603766228794065587285559299405895721691107695037524308921869820016918913478,230600860841843600287038557043894670243217902155441611654796088064932192386,0.83,0.84,22.5,44.0,0.01,0.16,0.17,44.0,22.5,0.01,0.835,0.165,0.661654,0.338346,66958.09
1775174790263,2026-04-03T00:06:30.263,btc-updown-15m-1775174400,1775175300,Down,2603766228794065587285559299405895721691107695037524308921869820016918913478,230600860841843600287038557043894670243217902155441611654796088064932192386,0.83,0.84,12.26,219.2,0.01,0.16,0.17,219.2,12.26,0.01,0.835,0.165,0.947032,0.052968,66970.93
1775174791264,2026-04-03T00:06:31.264,btc-updown-15m-1775174400,1775175300,Down,2603766228794065587285559299405895721691107695037524308921869820016918913478,230600860841843600287038557043894670243217902155441611654796088064932192386,0.83,0.84,6.3,219.2,0.01,0.16,0.17,219.2,6.3,0.01,0.835,0.165,0.972062,0.027938,66970.93
1775174792265,2026-04-03T00:06:32.265,btc-updown-15m-1775174400,1775175300,Down,2603766228794065587285559299405895721691107695037524308921869820016918913478,230600860841843600287038557043894670243217902155441611654796088064932192386,0.83,0.84,6.3,219.2,0.01,0.16,0.17,219.2,6.3,0.01,0.835,0.165,0.972062,0.027938,66970.93
1775174793266,2026-04-03T00:06:33.266,btc-updown-15m-1775174400,1775175300,Down,2603766228794065587285559299405895721691107695037524308921869820016918913478,230600860841843600287038557043894670243217902155441611654796088064932192386,0.83,0.84,26.3,216.2,0.01,0.16,0.17,216.2,26.3,0.01,0.835,0.165,0.891546,0.108454,66970.94
1775174794267,2026-04-03T00:06:34.267,btc-updown-15m-1775174400,1775175300,Down,2603766228794065587285559299405895721691107695037524308921869820016918913478,230600860841843600287038557043894670243217902155441611654796088064932192386,0.83,0.84,51.3,148.78,0.01,0.16,0.17,148.78,51.3,0.01,0.835,0.165,0.743603,0.256397,66970.94
1775174795267,2026-04-03T00:06:35.267,btc-updown-15m-1775174400,1775175300,Down,2603766228794065587285559299405895721691107695037524308921869820016918913478,230600860841843600287038557043894670243217902155441611654796088064932192386,0.83,0.84,51.3,148.78,0.01,0.16,0.17,148.78,51.3,0.01,0.835,0.165,0.743603,0.256397,66970.94
1775174796268,2026-04-03T00:06:36.268,btc-updown-15m-1775174400,1775175300,Down,2603766228794065587285559299405895721691107695037524308921869820016918913478,230600860841843600287038557043894670243217902155441611654796088064932192386,0.83,0.84,85.57,158.2,0.01,0.16,0.17,158.2,85.57,0.01,0.835,0.165,0.648972,0.351028,66970.94
1775174797268,2026-04-03T00:06:37.268,btc-updown-15m-1775174400,1775175300,Down,2603766228794065587285559299405895721691107695037524308921869820016918913478,230600860841843600287038557043894670243217902155441611654796088064932192386,0.83,0.84,85.57,158.2,0.01,0.16,0.17,158.2,85.57,0.01,0.835,0.165,0.648972,0.351028,66970.94
1775174798269,2026-04-03T00:06:38.269,btc-updown-15m-1775174400,1775175300,Down,2603766228794065587285559299405895721691107695037524308921869820016918913478,230600860841843600287038557043894670243217902155441611654796088064932192386,0.81,0.82,28.0,86.23,0.01,0.18,0.19,86.23,28.0,0.01,0.815,0.185,0.754881,0.245119,66970.94
1775174799269,2026-04-03T00:06:39.269,btc-updown-15m-1775174400,1775175300,Down,2603766228794065587285559299405895721691107695037524308921869820016918913478,230600860841843600287038557043894670243217902155441611654796088064932192386,0.81,0.82,244.8,30.76,0.01,0.18,0.19,30.76,244.8,0.01,0.815,0.185,0.111627,0.888373,66968.27
1775174800270,2026-04-03T00:06:40.270,btc-updown-15m-1775174400,1775175300,Down,2603766228794065587285559299405895721691107695037524308921869820016918913478,230600860841843600287038557043894670243217902155441611654796088064932192386,0.81,0.82,159.38,55.76,0.01,0.18,0.19,55.76,159.38,0.01,0.815,0.185,0.25918,0.74082,66968.27
1775174801271,2026-04-03T00:06:41.271,btc-updown-15m-1775174400,1775175300,Down,2603766228794065587285559299405895721691107695037524308921869820016918913478,230600860841843600287038557043894670243217902155441611654796088064932192386,0.81,0.82,195.38,82.55,0.01,0.18,0.19,82.55,195.38,0.01,0.815,0.185,0.297017,0.702983,66968.27
1775174802271,2026-04-03T00:06:42.271,btc-updown-15m-1775174400,1775175300,Down,2603766228794065587285559299405895721691107695037524308921869820016918913478,230600860841843600287038557043894670243217902155441611654796088064932192386,0.81,0.82,195.38,82.55,0.01,0.18,0.19,82.55,195.38,0.01,0.815,0.185,0.297017,0.702983,66968.28
1775174803274,2026-04-03T00:06:43.274,btc-updown-15m-1775174400,1775175300,Down,2603766228794065587285559299405895721691107695037524308921869820016918913478,230600860841843600287038557043894670243217902155441611654796088064932192386,0.81,0.82,195.38,82.55,0.01,0.18,0.19,82.55,195.38,0.01,0.815,0.185,0.297017,0.702983,66968.28
1775174804275,2026-04-03T00:06:44.275,btc-updown-15m-1775174400,1775175300,Down,2603766228794065587285559299405895721691107695037524308921869820016918913478,230600860841843600287038557043894670243217902155441611654796088064932192386,0.81,0.82,205.38,108.55,0.01,0.18,0.19,108.55,205.38,0.01,0.815,0.185,0.345778,0.654222,66968.28
1775174805276,2026-04-03T00:06:45.276,btc-updown-15m-1775174400,1775175300,Down,2603766228794065587285559299405895721691107695037524308921869820016918913478,230600860841843600287038557043894670243217902155441611654796088064932192386,0.81,0.82,205.38,108.55,0.01,0.18,0.19,108.55,205.38,0.01,0.815,0.185,0.345778,0.654222,66968.27
1775174806277,2026-04-03T00:06:46.277,btc-updown-15m-1775174400,1775175300,Down,2603766228794065587285559299405895721691107695037524308921869820016918913478,230600860841843600287038557043894670243217902155441611654796088064932192386,0.81,0.82,203.35,118.55,0.01,0.18,0.19,118.55,203.35,0.01,0.815,0.185,0.368282,0.631718,66968.27
1775174807278,2026-04-03T00:06:47.278,btc-updown-15m-1775174400,1775175300,Down,2603766228794065587285559299405895721691107695037524308921869820016918913478,230600860841843600287038557043894670243217902155441611654796088064932192386,0.81,0.82,203.35,118.55,0.01,0.18,0.19,118.55,203.35,0.01,0.815,0.185,0.368282,0.631718,66968.27
1775174808279,2026-04-03T00:06:48.279,btc-updown-15m-1775174400,1775175300,Down,2603766228794065587285559299405895721691107695037524308921869820016918913478,230600860841843600287038557043894670243217902155441611654796088064932192386,0.81,0.82,203.35,118.55,0.01,0.18,0.19,118.55,203.35,0.01,0.815,0.185,0.368282,0.631718,66968.27
1775174809279,2026-04-03T00:06:49.279,btc-updown-15m-1775174400,1775175300,Down,2603766228794065587285559299405895721691107695037524308921869820016918913478,230600860841843600287038557043894670243217902155441611654796088064932192386,0.81,0.82,203.35,118.55,0.01,0.18,0.19,118.55,203.35,0.01,0.815,0.185,0.368282,0.631718,66968.27
1775174810280,2026-04-03T00:06:50.280,btc-updown-15m-1775174400,1775175300,Down,2603766228794065587285559299405895721691107695037524308921869820016918913478,230600860841843600287038557043894670243217902155441611654796088064932192386,0.81,0.82,197.25,138.55,0.01,0.18,0.19,138.55,197.25,0.01,0.815,0.185,0.412597,0.587403,66968.27
1775174811281,2026-04-03T00:06:51.281,btc-updown-15m-1775174400,1775175300,Down,2603766228794065587285559299405895721691107695037524308921869820016918913478,230600860841843600287038557043894670243217902155441611654796088064932192386,0.81,0.82,197.25,138.55,0.01,0.18,0.19,138.55,197.25,0.01,0.815,0.185,0.412597,0.587403,66968.28
1775174812282,2026-04-03T00:06:52.282,btc-updown-15m-1775174400,1775175300,Down,2603766228794065587285559299405895721691107695037524308921869820016918913478,230600860841843600287038557043894670243217902155441611654796088064932192386,0.81,0.82,44.09,211.24,0.01,0.18,0.19,211.24,44.09,0.01,0.815,0.185,0.827322,0.172678,66968.28
1775174813282,2026-04-03T00:06:53.282,btc-updown-15m-1775174400,1775175300,Down,2603766228794065587285559299405895721691107695037524308921869820016918913478,230600860841843600287038557043894670243217902155441611654796088064932192386,0.81,0.82,44.09,211.24,0.01,0.18,0.19,211.24,44.09,0.01,0.815,0.185,0.827322,0.172678,66968.28
1775174814285,2026-04-03T00:06:54.285,btc-updown-15m-1775174400,1775175300,Down,2603766228794065587285559299405895721691107695037524308921869820016918913478,230600860841843600287038557043894670243217902155441611654796088064932192386,0.81,0.82,44.09,211.24,0.01,0.18,0.19,211.24,44.09,0.01,0.815,0.185,0.827322,0.172678,66968.27
1775174815286,2026-04-03T00:06:55.286,btc-updown-15m-1775174400,1775175300,Down,2603766228794065587285559299405895721691107695037524308921869820016918913478,230600860841843600287038557043894670243217902155441611654796088064932192386,0.81,0.82,44.09,236.71,0.01,0.18,0.19,236.71,44.09,0.01,0.815,0.185,0.842984,0.157016,66968.27
1775174816286,2026-04-03T00:06:56.286,btc-updown-15m-1775174400,1775175300,Down,2603766228794065587285559299405895721691107695037524308921869820016918913478,230600860841843600287038557043894670243217902155441611654796088064932192386,0.81,0.82,42.06,236.71,0.01,0.18,0.19,236.71,42.06,0.01,0.815,0.185,0.849123,0.150877,66968.27
1775174817287,2026-04-03T00:06:57.287,btc-updown-15m-1775174400,1775175300,Down,2603766228794065587285559299405895721691107695037524308921869820016918913478,230600860841843600287038557043894670243217902155441611654796088064932192386,0.81,0.82,38.46,216.71,0.01,0.18,0.19,216.71,38.46,0.01,0.815,0.185,0.849277,0.150723,66968.28
1775174818288,2026-04-03T00:06:58.288,btc-updown-15m-1775174400,1775175300,Down,2603766228794065587285559299405895721691107695037524308921869820016918913478,230600860841843600287038557043894670243217902155441611654796088064932192386,0.81,0.82,38.46,216.71,0.01,0.18,0.19,216.71,38.46,0.01,0.815,0.185,0.849277,0.150723,66968.28
1775174819289,2026-04-03T00:06:59.289,btc-updown-15m-1775174400,1775175300,Down,2603766228794065587285559299405895721691107695037524308921869820016918913478,230600860841843600287038557043894670243217902155441611654796088064932192386,0.81,0.82,38.46,216.71,0.01,0.18,0.19,216.71,38.46,0.01,0.815,0.185,0.849277,0.150723,66968.28
1775174820292,2026-04-03T00:07:00.292,btc-updown-15m-1775174400,1775175300,Down,2603766228794065587285559299405895721691107695037524308921869820016918913478,230600860841843600287038557043894670243217902155441611654796088064932192386,0.81,0.82,38.46,216.71,0.01,0.18,0.19,216.71,38.46,0.01,0.815,0.185,0.849277,0.150723,66968.28
1775174821292,2026-04-03T00:07:01.292,btc-updown-15m-1775174400,1775175300,Down,2603766228794065587285559299405895721691107695037524308921869820016918913478,230600860841843600287038557043894670243217902155441611654796088064932192386,0.83,0.84,62.57,425.2,0.01,0.16,0.17,425.2,62.57,0.01,0.835,0.165,0.871722,0.128278,66968.28
1775174822293,2026-04-03T00:07:02.293,btc-updown-15m-1775174400,1775175300,Down,2603766228794065587285559299405895721691107695037524308921869820016918913478,230600860841843600287038557043894670243217902155441611654796088064932192386,0.84,0.85,98.98,34.0,0.01,0.15,0.16,34.0,98.98,0.01,0.845,0.155,0.255678,0.744322,66968.28
1775174823294,2026-04-03T00:07:03.294,btc-updown-15m-1775174400,1775175300,Down,2603766228794065587285559299405895721691107695037524308921869820016918913478,230600860841843600287038557043894670243217902155441611654796088064932192386,0.84,0.85,96.93,214.88,0.01,0.15,0.16,214.88,96.93,0.01,0.845,0.155,0.689138,0.310862,66968.28
1775174824295,2026-04-03T00:07:04.295,btc-updown-15m-1775174400,1775175300,Down,2603766228794065587285559299405895721691107695037524308921869820016918913478,230600860841843600287038557043894670243217902155441611654796088064932192386,0.84,0.85,96.93,214.88,0.01,0.15,0.16,214.88,96.93,0.01,0.845,0.155,0.689138,0.310862,66968.28
1775174825295,2026-04-03T00:07:05.295,btc-updown-15m-1775174400,1775175300,Down,2603766228794065587285559299405895721691107695037524308921869820016918913478,230600860841843600287038557043894670243217902155441611654796088064932192386,0.84,0.85,53.65,447.58,0.01,0.15,0.16,447.58,53.65,0.01,0.845,0.155,0.892963,0.107037,66968.28
1775174826296,2026-04-03T00:07:06.296,btc-updown-15m-1775174400,1775175300,Down,2603766228794065587285559299405895721691107695037524308921869820016918913478,230600860841843600287038557043894670243217902155441611654796088064932192386,0.84,0.85,51.62,271.88,0.01,0.15,0.16,271.88,51.62,0.01,0.845,0.155,0.840433,0.159567,66970.93
1775174827297,2026-04-03T00:07:07.297,btc-updown-15m-1775174400,1775175300,Down,2603766228794065587285559299405895721691107695037524308921869820016918913478,230600860841843600287038557043894670243217902155441611654796088064932192386,0.84,0.85,120.62,230.88,0.01,0.15,0.16,230.88,120.62,0.01,0.845,0.155,0.656842,0.343158,66970.93
1775174828299,2026-04-03T00:07:08.299,btc-updown-15m-1775174400,1775175300,Down,2603766228794065587285559299405895721691107695037524308921869820016918913478,230600860841843600287038557043894670243217902155441611654796088064932192386,0.84,0.85,148.62,159.88,0.01,0.15,0.16,159.88,148.62,0.01,0.845,0.155,0.51825,0.48175,66970.93
1775174829299,2026-04-03T00:07:09.299,btc-updown-15m-1775174400,1775175300,Down,2603766228794065587285559299405895721691107695037524308921869820016918913478,230600860841843600287038557043894670243217902155441611654796088064932192386,0.84,0.85,143.62,163.38,0.01,0.15,0.16,163.38,143.62,0.01,0.845,0.155,0.532182,0.467818,66970.94
1775174830300,2026-04-03T00:07:10.300,btc-updown-15m-1775174400,1775175300,Down,2603766228794065587285559299405895721691107695037524308921869820016918913478,230600860841843600287038557043894670243217902155441611654796088064932192386,0.84,0.85,131.85,163.38,0.01,0.15,0.16,163.38,131.85,0.01,0.845,0.155,0.553399,0.446601,66970.94
1775174831300,2026-04-03T00:07:11.300,btc-updown-15m-1775174400,1775175300,Down,2603766228794065587285559299405895721691107695037524308921869820016918913478,230600860841843600287038557043894670243217902155441611654796088064932192386,0.84,0.85,80.96,193.38,0.01,0.15,0.16,193.38,80.96,0.01,0.845,0.155,0.704892,0.295108,66970.94
1775174832301,2026-04-03T00:07:12.301,btc-updown-15m-1775174400,1775175300,Down,2603766228794065587285559299405895721691107695037524308921869820016918913478,230600860841843600287038557043894670243217902155441611654796088064932192386,0.84,0.85,79.77,193.38,0.01,0.15,0.16,193.38,79.77,0.01,0.845,0.155,0.707963,0.292037,66970.94
1775174833301,2026-04-03T00:07:13.301,btc-updown-15m-1775174400,1775175300,Down,2603766228794065587285559299405895721691107695037524308921869820016918913478,230600860841843600287038557043894670243217902155441611654796088064932192386,0.84,0.85,693.15,3.88,0.01,0.15,0.16,3.88,693.15,0.01,0.845,0.155,0.005566,0.994434,66970.94
1775174834302,2026-04-03T00:07:14.302,btc-updown-15m-1775174400,1775175300,Down,2603766228794065587285559299405895721691107695037524308921869820016918913478,230600860841843600287038557043894670243217902155441611654796088064932192386,0.82,0.83,398.0,139.76,0.01,0.17,0.18,139.76,398.0,0.01,0.825,0.175,0.259893,0.740107,66970.94
1775174835302,2026-04-03T00:07:15.302,btc-updown-15m-1775174400,1775175300,Down,2603766228794065587285559299405895721691107695037524308921869820016918913478,230600860841843600287038557043894670243217902155441611654796088064932192386,0.82,0.83,402.0,152.64,0.01,0.17,0.18,152.64,402.0,0.01,0.825,0.175,0.275206,0.724794,66969.27
1775174836303,2026-04-03T00:07:16.303,btc-updown-15m-1775174400,1775175300,Down,2603766228794065587285559299405895721691107695037524308921869820016918913478,230600860841843600287038557043894670243217902155441611654796088064932192386,0.82,0.83,408.97,117.08,0.01,0.17,0.18,117.08,408.97,0.01,0.825,0.175,0.222564,0.777436,66969.27
1775174837305,2026-04-03T00:07:17.305,btc-updown-15m-1775174400,1775175300,Down,2603766228794065587285559299405895721691107695037524308921869820016918913478,230600860841843600287038557043894670243217902155441611654796088064932192386,0.82,0.83,684.85,11.0,0.01,0.17,0.18,11.0,684.85,0.01,0.825,0.175,0.015808,0.984192,66969.27
1775174838306,2026-04-03T00:07:18.306,btc-updown-15m-1775174400,1775175300,Down,2603766228794065587285559299405895721691107695037524308921869820016918913478,230600860841843600287038557043894670243217902155441611654796088064932192386,0.81,0.82,381.88,16.05,0.01,0.18,0.19,16.05,381.88,0.01,0.815,0.185,0.040334,0.959666,66960.18
1775174839307,2026-04-03T00:07:19.307,btc-updown-15m-1775174400,1775175300,Down,2603766228794065587285559299405895721691107695037524308921869820016918913478,230600860841843600287038557043894670243217902155441611654796088064932192386,0.81,0.82,639.0,11.5,0.01,0.18,0.19,11.5,639.0,0.01,0.815,0.185,0.017679,0.982321,66960.18
1775174840308,2026-04-03T00:07:20.308,btc-updown-15m-1775174400,1775175300,Down,2603766228794065587285559299405895721691107695037524308921869820016918913478,230600860841843600287038557043894670243217902155441611654796088064932192386,0.8,0.82,498.68,34.88,0.02,0.18,0.2,34.88,498.68,0.02,0.81,0.19,0.065372,0.934628,66960.18
1775174841309,2026-04-03T00:07:21.309,btc-updown-15m-1775174400,1775175300,Down,2603766228794065587285559299405895721691107695037524308921869820016918913478,230600860841843600287038557043894670243217902155441611654796088064932192386,0.8,0.82,498.68,34.88,0.02,0.18,0.2,34.88,498.68,0.02,0.81,0.19,0.065372,0.934628,66958.1
1775174842310,2026-04-03T00:07:22.310,btc-updown-15m-1775174400,1775175300,Down,2603766228794065587285559299405895721691107695037524308921869820016918913478,230600860841843600287038557043894670243217902155441611654796088064932192386,0.8,0.82,498.68,34.88,0.02,0.18,0.2,34.88,498.68,0.02,0.81,0.19,0.065372,0.934628,66958.1
1775174843311,2026-04-03T00:07:23.311,btc-updown-15m-1775174400,1775175300,Down,2603766228794065587285559299405895721691107695037524308921869820016918913478,230600860841843600287038557043894670243217902155441611654796088064932192386,0.79,0.8,563.38,6.88,0.01,0.2,0.21,6.88,563.38,0.01,0.795,0.205,0.012065,0.987935,66958.1
1775174844312,2026-04-03T00:07:24.312,btc-updown-15m-1775174400,1775175300,Down,2603766228794065587285559299405895721691107695037524308921869820016918913478,230600860841843600287038557043894670243217902155441611654796088064932192386,0.78,0.79,279.0,15.33,0.01,0.21,0.22,15.33,279.0,0.01,0.785,0.215,0.052084,0.947916,66958.1
1775174845312,2026-04-03T00:07:25.312,btc-updown-15m-1775174400,1775175300,Down,2603766228794065587285559299405895721691107695037524308921869820016918913478,230600860841843600287038557043894670243217902155441611654796088064932192386,0.77,0.78,200.88,184.56,0.01,0.22,0.23,184.56,200.88,0.01,0.775,0.225,0.478829,0.521171,66958.1
1775174846313,2026-04-03T00:07:26.313,btc-updown-15m-1775174400,1775175300,Down,2603766228794065587285559299405895721691107695037524308921869820016918913478,230600860841843600287038557043894670243217902155441611654796088064932192386,0.77,0.78,424.35,63.21,0.01,0.22,0.23,63.21,424.35,0.01,0.775,0.225,0.129646,0.870354,66958.1
1775174847314,2026-04-03T00:07:27.314,btc-updown-15m-1775174400,1775175300,Down,2603766228794065587285559299405895721691107695037524308921869820016918913478,230600860841843600287038557043894670243217902155441611654796088064932192386,0.77,0.78,410.35,58.67,0.01,0.22,0.23,58.67,410.35,0.01,0.775,0.225,0.125091,0.874909,66950.05
1775174848314,2026-04-03T00:07:28.314,btc-updown-15m-1775174400,1775175300,Down,2603766228794065587285559299405895721691107695037524308921869820016918913478,230600860841843600287038557043894670243217902155441611654796088064932192386,0.77,0.78,410.35,58.67,0.01,0.22,0.23,58.67,410.35,0.01,0.775,0.225,0.125091,0.874909,66950.05
1775174849315,2026-04-03T00:07:29.315,btc-updown-15m-1775174400,1775175300,Down,2603766228794065587285559299405895721691107695037524308921869820016918913478,230600860841843600287038557043894670243217902155441611654796088064932192386,0.7,0.71,10.0,56.32,0.01,0.29,0.3,56.32,10.0,0.01,0.705,0.295,0.849216,0.150784,66950.05
1775174850316,2026-04-03T00:07:30.316,btc-updown-15m-1775174400,1775175300,Down,2603766228794065587285559299405895721691107695037524308921869820016918913478,230600860841843600287038557043894670243217902155441611654796088064932192386,0.7,0.71,176.0,270.08,0.01,0.29,0.3,270.08,176.0,0.01,0.705,0.295,0.605452,0.394548,66940.1
1775174851317,2026-04-03T00:07:31.317,btc-updown-15m-1775174400,1775175300,Down,2603766228794065587285559299405895721691107695037524308921869820016918913478,230600860841843600287038557043894670243217902155441611654796088064932192386,0.7,0.71,208.59,302.54,0.01,0.29,0.3,302.54,208.59,0.01,0.705,0.295,0.591904,0.408096,66940.1
1775174852318,2026-04-03T00:07:32.318,btc-updown-15m-1775174400,1775175300,Down,2603766228794065587285559299405895721691107695037524308921869820016918913478,230600860841843600287038557043894670243217902155441611654796088064932192386,0.7,0.71,268.59,273.54,0.01,0.29,0.3,273.54,268.59,0.01,0.705,0.295,0.504565,0.495435,66940.1
1775174853318,2026-04-03T00:07:33.318,btc-updown-15m-1775174400,1775175300,Down,2603766228794065587285559299405895721691107695037524308921869820016918913478,230600860841843600287038557043894670243217902155441611654796088064932192386,0.7,0.71,311.47,237.54,0.01,0.29,0.3,237.54,311.47,0.01,0.705,0.295,0.43267,0.56733,66940.1
1775174854319,2026-04-03T00:07:34.319,btc-updown-15m-1775174400,1775175300,Down,2603766228794065587285559299405895721691107695037524308921869820016918913478,230600860841843600287038557043894670243217902155441611654796088064932192386,0.7,0.71,273.87,111.88,0.01,0.29,0.3,111.88,273.87,0.01,0.705,0.295,0.290032,0.709968,66940.1
1775174855320,2026-04-03T00:07:35.320,btc-updown-15m-1775174400,1775175300,Down,2603766228794065587285559299405895721691107695037524308921869820016918913478,230600860841843600287038557043894670243217902155441611654796088064932192386,0.7,0.71,238.83,82.74,0.01,0.29,0.3,82.74,238.83,0.01,0.705,0.295,0.2573,0.7427,66940.1
1775174856320,2026-04-03T00:07:36.320,btc-updown-15m-1775174400,1775175300,Down,2603766228794065587285559299405895721691107695037524308921869820016918913478,230600860841843600287038557043894670243217902155441611654796088064932192386,0.7,0.71,147.37,120.74,0.01,0.29,0.3,120.74,147.37,0.01,0.705,0.295,0.450338,0.549662,66940.1
1775174857321,2026-04-03T00:07:37.321,btc-updown-15m-1775174400,1775175300,Down,2603766228794065587285559299405895721691107695037524308921869820016918913478,230600860841843600287038557043894670243217902155441611654796088064932192386,0.7,0.71,138.33,80.74,0.01,0.29,0.3,80.74,138.33,0.01,0.705,0.295,0.368558,0.631442,66940.1
1775174858321,2026-04-03T00:07:38.321,btc-updown-15m-1775174400,1775175300,Down,2603766228794065587285559299405895721691107695037524308921869820016918913478,230600860841843600287038557043894670243217902155441611654796088064932192386,0.7,0.71,235.34,29.0,0.01,0.29,0.3,29.0,235.34,0.01,0.705,0.295,0.109707,0.890293,66940.1
1775174859323,2026-04-03T00:07:39.323,btc-updown-15m-1775174400,1775175300,Down,2603766228794065587285559299405895721691107695037524308921869820016918913478,230600860841843600287038557043894670243217902155441611654796088064932192386,0.68,0.69,261.1,13.0,0.01,0.31,0.32,13.0,261.1,0.01,0.685,0.315,0.047428,0.952572,66935.69
1775174860323,2026-04-03T00:07:40.323,btc-updown-15m-1775174400,1775175300,Down,2603766228794065587285559299405895721691107695037524308921869820016918913478,230600860841843600287038557043894670243217902155441611654796088064932192386,0.67,0.68,134.7,191.98,0.01,0.32,0.33,191.98,134.7,0.01,0.675,0.325,0.58767,0.41233,66935.69
1775174861324,2026-04-03T00:07:41.324,btc-updown-15m-1775174400,1775175300,Down,2603766228794065587285559299405895721691107695037524308921869820016918913478,230600860841843600287038557043894670243217902155441611654796088064932192386,0.67,0.68,86.88,205.98,0.01,0.32,0.33,205.98,86.88,0.01,0.675,0.325,0.703339,0.296661,66935.69
1775174862326,2026-04-03T00:07:42.326,btc-updown-15m-1775174400,1775175300,Down,2603766228794065587285559299405895721691107695037524308921869820016918913478,230600860841843600287038557043894670243217902155441611654796088064932192386,0.67,0.68,321.38,42.88,0.01,0.32,0.33,42.88,321.38,0.01,0.675,0.325,0.117718,0.882282,66935.68
1775174863326,2026-04-03T00:07:43.326,btc-updown-15m-1775174400,1775175300,Down,2603766228794065587285559299405895721691107695037524308921869820016918913478,230600860841843600287038557043894670243217902155441611654796088064932192386,0.67,0.68,297.68,42.88,0.01,0.32,0.33,42.88,297.68,0.01,0.675,0.325,0.12591,0.87409,66935.68
1775174864327,2026-04-03T00:07:44.327,btc-updown-15m-1775174400,1775175300,Down,2603766228794065587285559299405895721691107695037524308921869820016918913478,230600860841843600287038557043894670243217902155441611654796088064932192386,0.64,0.65,78.24,140.19,0.01,0.35,0.36,140.19,78.24,0.01,0.645,0.355,0.641807,0.358193,66935.68
1775174865328,2026-04-03T00:07:45.328,btc-updown-15m-1775174400,1775175300,Down,2603766228794065587285559299405895721691107695037524308921869820016918913478,230600860841843600287038557043894670243217902155441611654796088064932192386,0.64,0.65,147.24,165.18,0.01,0.35,0.36,165.18,147.24,0.01,0.645,0.355,0.528711,0.471289,66932.38
1775174866328,2026-04-03T00:07:46.328,btc-updown-15m-1775174400,1775175300,Down,2603766228794065587285559299405895721691107695037524308921869820016918913478,230600860841843600287038557043894670243217902155441611654796088064932192386,0.64,0.65,142.24,165.18,0.01,0.35,0.36,165.18,142.24,0.01,0.645,0.355,0.537311,0.462689,66932.38
1775174867329,2026-04-03T00:07:47.329,btc-updown-15m-1775174400,1775175300,Down,2603766228794065587285559299405895721691107695037524308921869820016918913478,230600860841843600287038557043894670243217902155441611654796088064932192386,0.64,0.65,98.03,139.73,0.01,0.35,0.36,139.73,98.03,0.01,0.645,0.355,0.587693,0.412307,66932.38
1775174868330,2026-04-03T00:07:48.330,btc-updown-15m-1775174400,1775175300,Down,2603766228794065587285559299405895721691107695037524308921869820016918913478,230600860841843600287038557043894670243217902155441611654796088064932192386,0.64,0.65,135.03,133.73,0.01,0.35,0.36,133.73,135.03,0.01,0.645,0.355,0.497581,0.502419,66932.38
1775174869333,2026-04-03T00:07:49.333,btc-updown-15m-1775174400,1775175300,Down,2603766228794065587285559299405895721691107695037524308921869820016918913478,230600860841843600287038557043894670243217902155441611654796088064932192386,0.64,0.65,133.49,133.73,0.01,0.35,0.36,133.73,133.49,0.01,0.645,0.355,0.500449,0.499551,66932.38
1775174870333,2026-04-03T00:07:50.333,btc-updown-15m-1775174400,1775175300,Down,2603766228794065587285559299405895721691107695037524308921869820016918913478,230600860841843600287038557043894670243217902155441611654796088064932192386,0.64,0.65,142.39,88.73,0.01,0.35,0.36,88.73,142.39,0.01,0.645,0.355,0.383913,0.616087,66932.38
1775174871334,2026-04-03T00:07:51.334,btc-updown-15m-1775174400,1775175300,Down,2603766228794065587285559299405895721691107695037524308921869820016918913478,230600860841843600287038557043894670243217902155441611654796088064932192386,0.64,0.65,202.42,88.73,0.01,0.35,0.36,88.73,202.42,0.01,0.645,0.355,0.304757,0.695243,66932.38
1775174872335,2026-04-03T00:07:52.335,btc-updown-15m-1775174400,1775175300,Down,2603766228794065587285559299405895721691107695037524308921869820016918913478,230600860841843600287038557043894670243217902155441611654796088064932192386,0.64,0.65,186.42,88.73,0.01,0.35,0.36,88.73,186.42,0.01,0.645,0.355,0.322479,0.677521,66932.38
1775174873335,2026-04-03T00:07:53.335,btc-updown-15m-1775174400,1775175300,Down,2603766228794065587285559299405895721691107695037524308921869820016918913478,230600860841843600287038557043894670243217902155441611654796088064932192386,0.64,0.65,162.92,84.5,0.01,0.35,0.36,84.5,162.92,0.01,0.645,0.355,0.341525,0.658475,66932.38
1775174874336,2026-04-03T00:07:54.336,btc-updown-15m-1775174400,1775175300,Down,2603766228794065587285559299405895721691107695037524308921869820016918913478,230600860841843600287038557043894670243217902155441611654796088064932192386,0.64,0.65,162.92,84.5,0.01,0.35,0.36,84.5,162.92,0.01,0.645,0.355,0.341525,0.658475,66932.37
1775174875336,2026-04-03T00:07:55.336,btc-updown-15m-1775174400,1775175300,Down,2603766228794065587285559299405895721691107695037524308921869820016918913478,230600860841843600287038557043894670243217902155441611654796088064932192386,0.64,0.65,115.8,98.5,0.01,0.35,0.36,98.5,115.8,0.01,0.645,0.355,0.459636,0.540364,66932.37
1775174876337,2026-04-03T00:07:56.337,btc-updown-15m-1775174400,1775175300,Down,2603766228794065587285559299405895721691107695037524308921869820016918913478,230600860841843600287038557043894670243217902155441611654796088064932192386,0.64,0.65,51.92,103.5,0.01,0.35,0.36,103.5,51.92,0.01,0.645,0.355,0.665937,0.334063,66932.37
1775174877337,2026-04-03T00:07:57.337,btc-updown-15m-1775174400,1775175300,Down,2603766228794065587285559299405895721691107695037524308921869820016918913478,230600860841843600287038557043894670243217902155441611654796088064932192386,0.64,0.65,51.92,103.5,0.01,0.35,0.36,103.5,51.92,0.01,0.645,0.355,0.665937,0.334063,66932.38
1775174878338,2026-04-03T00:07:58.338,btc-updown-15m-1775174400,1775175300,Down,2603766228794065587285559299405895721691107695037524308921869820016918913478,230600860841843600287038557043894670243217902155441611654796088064932192386,0.64,0.65,86.38,137.5,0.01,0.35,0.36,137.5,86.38,0.01,0.645,0.355,0.614168,0.385832,66932.38
1775174879339,2026-04-03T00:07:59.339,btc-updown-15m-1775174400,1775175300,Down,2603766228794065587285559299405895721691107695037524308921869820016918913478,230600860841843600287038557043894670243217902155441611654796088064932192386,0.57,0.58,220.31,36.5,0.01,0.42,0.43,36.5,220.31,0.01,0.575,0.425,0.142128,0.857872,66932.38
1775174880340,2026-04-03T00:08:00.340,btc-updown-15m-1775174400,1775175300,Down,2603766228794065587285559299405895721691107695037524308921869820016918913478,230600860841843600287038557043894670243217902155441611654796088064932192386,0.57,0.58,233.62,19.88,0.01,0.42,0.43,19.88,233.62,0.01,0.575,0.425,0.078422,0.921578,66920.86
1775174881340,2026-04-03T00:08:01.340,btc-updown-15m-1775174400,1775175300,Down,2603766228794065587285559299405895721691107695037524308921869820016918913478,230600860841843600287038557043894670243217902155441611654796088064932192386,0.57,0.58,211.5,235.25,0.01,0.42,0.43,235.25,211.5,0.01,0.575,0.425,0.526581,0.473419,66920.86
1775174882341,2026-04-03T00:08:02.341,btc-updown-15m-1775174400,1775175300,Down,2603766228794065587285559299405895721691107695037524308921869820016918913478,230600860841843600287038557043894670243217902155441611654796088064932192386,0.57,0.58,181.5,362.13,0.01,0.42,0.43,362.13,181.5,0.01,0.575,0.425,0.666133,0.333867,66920.86
1775174883341,2026-04-03T00:08:03.341,btc-updown-15m-1775174400,1775175300,Down,2603766228794065587285559299405895721691107695037524308921869820016918913478,230600860841843600287038557043894670243217902155441611654796088064932192386,0.57,0.58,180.5,362.13,0.01,0.42,0.43,362.13,180.5,0.01,0.575,0.425,0.667361,0.332639,66920.87
1775174884342,2026-04-03T00:08:04.342,btc-updown-15m-1775174400,1775175300,Down,2603766228794065587285559299405895721691107695037524308921869820016918913478,230600860841843600287038557043894670243217902155441611654796088064932192386,0.57,0.58,180.5,362.13,0.01,0.42,0.43,362.13,180.5,0.01,0.575,0.425,0.667361,0.332639,66920.87
1775174885343,2026-04-03T00:08:05.343,btc-updown-15m-1775174400,1775175300,Down,2603766228794065587285559299405895721691107695037524308921869820016918913478,230600860841843600287038557043894670243217902155441611654796088064932192386,0.57,0.58,26.0,476.82,0.01,0.42,0.43,476.82,26.0,0.01,0.575,0.425,0.948292,0.051708,66920.87
1775174886344,2026-04-03T00:08:06.344,btc-updown-15m-1775174400,1775175300,Down,2603766228794065587285559299405895721691107695037524308921869820016918913478,230600860841843600287038557043894670243217902155441611654796088064932192386,0.57,0.58,30.18,521.5,0.01,0.42,0.43,521.5,30.18,0.01,0.575,0.425,0.945294,0.054706,66920.86
1775174887344,2026-04-03T00:08:07.344,btc-updown-15m-1775174400,1775175300,Down,2603766228794065587285559299405895721691107695037524308921869820016918913478,230600860841843600287038557043894670243217902155441611654796088064932192386,0.57,0.58,20.18,532.5,0.01,0.42,0.43,532.5,20.18,0.01,0.575,0.425,0.963487,0.036513,66920.86
1775174888345,2026-04-03T00:08:08.345,btc-updown-15m-1775174400,1775175300,Down,2603766228794065587285559299405895721691107695037524308921869820016918913478,230600860841843600287038557043894670243217902155441611654796088064932192386,0.57,0.58,14.92,563.18,0.01,0.42,0.43,563.18,14.92,0.01,0.575,0.425,0.974191,0.025809,66920.86
1775174889346,2026-04-03T00:08:09.346,btc-updown-15m-1775174400,1775175300,Down,2603766228794065587285559299405895721691107695037524308921869820016918913478,230600860841843600287038557043894670243217902155441611654796088064932192386,0.57,0.59,141.74,566.18,0.02,0.41,0.43,566.18,141.74,0.02,0.58,0.42,0.79978,0.20022,66920.86
1775174890347,2026-04-03T00:08:10.347,btc-updown-15m-1775174400,1775175300,Down,2603766228794065587285559299405895721691107695037524308921869820016918913478,230600860841843600287038557043894670243217902155441611654796088064932192386,0.58,0.59,21.83,371.88,0.01,0.41,0.42,371.88,21.83,0.01,0.585,0.415,0.944553,0.055447,66920.86
1775174891347,2026-04-03T00:08:11.347,btc-updown-15m-1775174400,1775175300,Down,2603766228794065587285559299405895721691107695037524308921869820016918913478,230600860841843600287038557043894670243217902155441611654796088064932192386,0.62,0.65,48.68,20.0,0.03,0.35,0.38,20.0,48.68,0.03,0.635,0.365,0.291206,0.708794,66920.86
1775174892347,2026-04-03T00:08:12.347,btc-updown-15m-1775174400,1775175300,Down,2603766228794065587285559299405895721691107695037524308921869820016918913478,230600860841843600287038557043894670243217902155441611654796088064932192386,0.54,0.56,152.5,145.07,0.02,0.44,0.46,145.07,152.5,0.02,0.55,0.45,0.487516,0.512484,66913.46
1775174893348,2026-04-03T00:08:13.348,btc-updown-15m-1775174400,1775175300,Down,2603766228794065587285559299405895721691107695037524308921869820016918913478,230600860841843600287038557043894670243217902155441611654796088064932192386,0.55,0.56,211.38,40.88,0.01,0.44,0.45,40.88,211.38,0.01,0.555,0.445,0.162055,0.837945,66913.46
1775174894349,2026-04-03T00:08:14.349,btc-updown-15m-1775174400,1775175300,Down,2603766228794065587285559299405895721691107695037524308921869820016918913478,230600860841843600287038557043894670243217902155441611654796088064932192386,0.54,0.55,148.5,359.41,0.01,0.45,0.46,359.41,148.5,0.01,0.545,0.455,0.707625,0.292375,66913.46
1775174895349,2026-04-03T00:08:15.349,btc-updown-15m-1775174400,1775175300,Down,2603766228794065587285559299405895721691107695037524308921869820016918913478,230600860841843600287038557043894670243217902155441611654796088064932192386,0.54,0.55,128.57,357.23,0.01,0.45,0.46,357.23,128.57,0.01,0.545,0.455,0.735344,0.264656,66913.47
1775174896350,2026-04-03T00:08:16.350,btc-updown-15m-1775174400,1775175300,Down,2603766228794065587285559299405895721691107695037524308921869820016918913478,230600860841843600287038557043894670243217902155441611654796088064932192386,0.53,0.54,191.16,218.38,0.01,0.46,0.47,218.38,191.16,0.01,0.535,0.465,0.533232,0.466768,66913.47
1775174897351,2026-04-03T00:08:17.351,btc-updown-15m-1775174400,1775175300,Down,2603766228794065587285559299405895721691107695037524308921869820016918913478,230600860841843600287038557043894670243217902155441611654796088064932192386,0.5,0.51,290.5,35.33,0.01,0.49,0.5,35.33,290.5,0.01,0.505,0.495,0.108431,0.891569,66913.47
1775174898351,2026-04-03T00:08:18.351,btc-updown-15m-1775174400,1775175300,Down,2603766228794065587285559299405895721691107695037524308921869820016918913478,230600860841843600287038557043894670243217902155441611654796088064932192386,0.49,0.5,401.38,38.31,0.01,0.5,0.51,38.31,401.38,0.01,0.495,0.505,0.08713,0.91287,66907.45
1775174899352,2026-04-03T00:08:19.352,btc-updown-15m-1775174400,1775175300,Down,2603766228794065587285559299405895721691107695037524308921869820016918913478,230600860841843600287038557043894670243217902155441611654796088064932192386,0.47,0.48,369.16,96.49,0.01,0.52,0.53,96.49,369.16,0.01,0.475,0.525,0.207216,0.792784,66907.45
1775174900352,2026-04-03T00:08:20.352,btc-updown-15m-1775174400,1775175300,Down,2603766228794065587285559299405895721691107695037524308921869820016918913478,230600860841843600287038557043894670243217902155441611654796088064932192386,0.46,0.47,335.47,806.64,0.01,0.53,0.54,806.64,335.47,0.01,0.465,0.535,0.706272,0.293728,66907.45
1775174901353,2026-04-03T00:08:21.353,btc-updown-15m-1775174400,1775175300,Down,2603766228794065587285559299405895721691107695037524308921869820016918913478,230600860841843600287038557043894670243217902155441611654796088064932192386,0.46,0.47,317.31,832.65,0.01,0.53,0.54,832.65,317.31,0.01,0.465,0.535,0.724069,0.275931,66902.0
1775174902353,2026-04-03T00:08:22.353,btc-updown-15m-1775174400,1775175300,Down,2603766228794065587285559299405895721691107695037524308921869820016918913478,230600860841843600287038557043894670243217902155441611654796088064932192386,0.42,0.43,239.78,30.9,0.01,0.57,0.58,30.9,239.78,0.01,0.425,0.575,0.114157,0.885843,66902.0
1775174903354,2026-04-03T00:08:23.354,btc-updown-15m-1775174400,1775175300,Down,2603766228794065587285559299405895721691107695037524308921869820016918913478,230600860841843600287038557043894670243217902155441611654796088064932192386,0.41,0.42,208.51,129.03,0.01,0.58,0.59,129.03,208.51,0.01,0.415,0.585,0.382266,0.617734,66902.0
1775174904354,2026-04-03T00:08:24.354,btc-updown-15m-1775174400,1775175300,Down,2603766228794065587285559299405895721691107695037524308921869820016918913478,230600860841843600287038557043894670243217902155441611654796088064932192386,0.41,0.42,136.54,35.88,0.01,0.58,0.59,35.88,136.54,0.01,0.415,0.585,0.208097,0.791903,66892.86
1775174905355,2026-04-03T00:08:25.355,btc-updown-15m-1775174400,1775175300,Down,2603766228794065587285559299405895721691107695037524308921869820016918913478,230600860841843600287038557043894670243217902155441611654796088064932192386,0.39,0.4,172.52,40.0,0.01,0.6,0.61,40.0,172.52,0.01,0.395,0.605,0.188218,0.811782,66892.86
1775174906356,2026-04-03T00:08:26.356,btc-updown-15m-1775174400,1775175300,Down,2603766228794065587285559299405895721691107695037524308921869820016918913478,230600860841843600287038557043894670243217902155441611654796088064932192386,0.39,0.4,260.55,59.88,0.01,0.6,0.61,59.88,260.55,0.01,0.395,0.605,0.186874,0.813126,66892.86
1775174907356,2026-04-03T00:08:27.356,btc-updown-15m-1775174400,1775175300,Down,2603766228794065587285559299405895721691107695037524308921869820016918913478,230600860841843600287038557043894670243217902155441611654796088064932192386,0.39,0.4,262.51,103.48,0.01,0.6,0.61,103.48,262.51,0.01,0.395,0.605,0.28274,0.71726,66892.86
1775174908356,2026-04-03T00:08:28.356,btc-updown-15m-1775174400,1775175300,Down,2603766228794065587285559299405895721691107695037524308921869820016918913478,230600860841843600287038557043894670243217902155441611654796088064932192386,0.39,0.4,319.41,72.67,0.01,0.6,0.61,72.67,319.41,0.01,0.395,0.605,0.185345,0.814655,66892.86
1775174909357,2026-04-03T00:08:29.357,btc-updown-15m-1775174400,1775175300,Down,2603766228794065587285559299405895721691107695037524308921869820016918913478,230600860841843600287038557043894670243217902155441611654796088064932192386,0.37,0.38,181.08,70.71,0.01,0.62,0.63,70.71,181.08,0.01,0.375,0.625,0.280829,0.719171,66892.86
1775174910357,2026-04-03T00:08:30.357,btc-updown-15m-1775174400,1775175300,Down,2603766228794065587285559299405895721691107695037524308921869820016918913478,230600860841843600287038557043894670243217902155441611654796088064932192386,0.37,0.38,274.08,48.7,0.01,0.62,0.63,48.7,274.08,0.01,0.375,0.625,0.150877,0.849123,66886.74
1775174911358,2026-04-03T00:08:31.358,btc-updown-15m-1775174400,1775175300,Down,2603766228794065587285559299405895721691107695037524308921869820016918913478,230600860841843600287038557043894670243217902155441611654796088064932192386,0.36,0.37,164.71,26.19,0.01,0.63,0.64,26.19,164.71,0.01,0.365,0.635,0.137192,0.862808,66886.74
1775174912359,2026-04-03T00:08:32.359,btc-updown-15m-1775174400,1775175300,Down,2603766228794065587285559299405895721691107695037524308921869820016918913478,230600860841843600287038557043894670243217902155441611654796088064932192386,0.26,0.31,164.54,45.83,0.05,0.69,0.74,45.83,164.54,0.05,0.285,0.715,0.217854,0.782146,66886.74
1775174913360,2026-04-03T00:08:33.360,btc-updown-15m-1775174400,1775175300,Down,2603766228794065587285559299405895721691107695037524308921869820016918913478,230600860841843600287038557043894670243217902155441611654796088064932192386,0.25,0.26,195.62,135.05,0.01,0.74,0.75,135.05,195.62,0.01,0.255,0.745,0.408413,0.591587,66869.29
1775174914361,2026-04-03T00:08:34.361,btc-updown-15m-1775174400,1775175300,Down,2603766228794065587285559299405895721691107695037524308921869820016918913478,230600860841843600287038557043894670243217902155441611654796088064932192386,0.26,0.27,55.33,326.65,0.01,0.73,0.74,326.65,55.33,0.01,0.265,0.735,0.855149,0.144851,66869.29
1775174915362,2026-04-03T00:08:35.362,btc-updown-15m-1775174400,1775175300,Down,2603766228794065587285559299405895721691107695037524308921869820016918913478,230600860841843600287038557043894670243217902155441611654796088064932192386,0.22,0.23,39.39,224.76,0.01,0.77,0.78,224.76,39.39,0.01,0.225,0.775,0.85088,0.14912,66869.29
1775174916362,2026-04-03T00:08:36.362,btc-updown-15m-1775174400,1775175300,Down,2603766228794065587285559299405895721691107695037524308921869820016918913478,230600860841843600287038557043894670243217902155441611654796088064932192386,0.22,0.23,82.03,155.39,0.01,0.77,0.78,155.39,82.03,0.01,0.225,0.775,0.654494,0.345506,66866.0
1775174917363,2026-04-03T00:08:37.363,btc-updown-15m-1775174400,1775175300,Down,2603766228794065587285559299405895721691107695037524308921869820016918913478,230600860841843600287038557043894670243217902155441611654796088064932192386,0.22,0.24,345.8,244.39,0.02,0.76,0.78,244.39,345.8,0.02,0.23,0.77,0.414087,0.585913,66866.0
1775174918365,2026-04-03T00:08:38.365,btc-updown-15m-1775174400,1775175300,Down,2603766228794065587285559299405895721691107695037524308921869820016918913478,230600860841843600287038557043894670243217902155441611654796088064932192386,0.23,0.24,99.44,314.88,0.01,0.76,0.77,314.88,99.44,0.01,0.235,0.765,0.759992,0.240008,66866.0
1775174919365,2026-04-03T00:08:39.365,btc-updown-15m-1775174400,1775175300,Down,2603766228794065587285559299405895721691107695037524308921869820016918913478,230600860841843600287038557043894670243217902155441611654796088064932192386,0.23,0.24,99.44,315.01,0.01,0.76,0.77,315.01,99.44,0.01,0.235,0.765,0.760068,0.239932,66866.01
1775174920366,2026-04-03T00:08:40.366,btc-updown-15m-1775174400,1775175300,Down,2603766228794065587285559299405895721691107695037524308921869820016918913478,230600860841843600287038557043894670243217902155441611654796088064932192386,0.23,0.24,82.22,315.01,0.01,0.76,0.77,315.01,82.22,0.01,0.235,0.765,0.793017,0.206983,66866.01
1775174921367,2026-04-03T00:08:41.367,btc-updown-15m-1775174400,1775175300,Down,2603766228794065587285559299405895721691107695037524308921869820016918913478,230600860841843600287038557043894670243217902155441611654796088064932192386,0.23,0.24,100.66,295.01,0.01,0.76,0.77,295.01,100.66,0.01,0.235,0.765,0.745596,0.254404,66866.01
1775174922368,2026-04-03T00:08:42.368,btc-updown-15m-1775174400,1775175300,Down,2603766228794065587285559299405895721691107695037524308921869820016918913478,230600860841843600287038557043894670243217902155441611654796088064932192386,0.24,0.25,396.8,79.28,0.01,0.75,0.76,79.28,396.8,0.01,0.245,0.755,0.166527,0.833473,66866.01
1775174923369,2026-04-03T00:08:43.369,btc-updown-15m-1775174400,1775175300,Down,2603766228794065587285559299405895721691107695037524308921869820016918913478,230600860841843600287038557043894670243217902155441611654796088064932192386,0.24,0.25,400.84,29.56,0.01,0.75,0.76,29.56,400.84,0.01,0.245,0.755,0.06868,0.93132,66866.01
1775174924369,2026-04-03T00:08:44.369,btc-updown-15m-1775174400,1775175300,Down,2603766228794065587285559299405895721691107695037524308921869820016918913478,230600860841843600287038557043894670243217902155441611654796088064932192386,0.23,0.24,186.62,101.88,0.01,0.76,0.77,101.88,186.62,0.01,0.235,0.765,0.353137,0.646863,66866.01
1775174925370,2026-04-03T00:08:45.370,btc-updown-15m-1775174400,1775175300,Down,2603766228794065587285559299405895721691107695037524308921869820016918913478,230600860841843600287038557043894670243217902155441611654796088064932192386,0.21,0.22,117.85,212.78,0.01,0.78,0.79,212.78,117.85,0.01,0.215,0.785,0.643559,0.356441,66852.63
1775174926371,2026-04-03T00:08:46.371,btc-updown-15m-1775174400,1775175300,Down,2603766228794065587285559299405895721691107695037524308921869820016918913478,230600860841843600287038557043894670243217902155441611654796088064932192386,0.14,0.15,6.51,35.0,0.01,0.85,0.86,35.0,6.51,0.01,0.145,0.855,0.84317,0.15683,66852.63
1775174927372,2026-04-03T00:08:47.372,btc-updown-15m-1775174400,1775175300,Down,2603766228794065587285559299405895721691107695037524308921869820016918913478,230600860841843600287038557043894670243217902155441611654796088064932192386,0.16,0.17,53.0,161.93,0.01,0.83,0.84,161.93,53.0,0.01,0.165,0.835,0.753408,0.246592,66852.63
1775174928372,2026-04-03T00:08:48.372,btc-updown-15m-1775174400,1775175300,Down,2603766228794065587285559299405895721691107695037524308921869820016918913478,230600860841843600287038557043894670243217902155441611654796088064932192386,0.16,0.17,153.47,6.24,0.01,0.83,0.84,6.24,153.47,0.01,0.165,0.835,0.039071,0.960929,66840.73
1775174929373,2026-04-03T00:08:49.373,btc-updown-15m-1775174400,1775175300,Down,2603766228794065587285559299405895721691107695037524308921869820016918913478,230600860841843600287038557043894670243217902155441611654796088064932192386,0.15,0.16,88.21,34.02,0.01,0.84,0.85,34.02,88.21,0.01,0.155,0.845,0.278328,0.721672,66840.73
1775174930373,2026-04-03T00:08:50.373,btc-updown-15m-1775174400,1775175300,Down,2603766228794065587285559299405895721691107695037524308921869820016918913478,230600860841843600287038557043894670243217902155441611654796088064932192386,0.15,0.16,234.71,50.58,0.01,0.84,0.85,50.58,234.71,0.01,0.155,0.845,0.177293,0.822707,66840.73
1775174931374,2026-04-03T00:08:51.374,btc-updown-15m-1775174400,1775175300,Down,2603766228794065587285559299405895721691107695037524308921869820016918913478,230600860841843600287038557043894670243217902155441611654796088064932192386,0.15,0.16,122.25,15.58,0.01,0.84,0.85,15.58,122.25,0.01,0.155,0.845,0.113038,0.886962,66840.72
1775174932375,2026-04-03T00:08:52.375,btc-updown-15m-1775174400,1775175300,Down,2603766228794065587285559299405895721691107695037524308921869820016918913478,230600860841843600287038557043894670243217902155441611654796088064932192386,0.15,0.16,265.53,16.16,0.01,0.84,0.85,16.16,265.53,0.01,0.155,0.845,0.057368,0.942632,66840.72
1775174933376,2026-04-03T00:08:53.376,btc-updown-15m-1775174400,1775175300,Down,2603766228794065587285559299405895721691107695037524308921869820016918913478,230600860841843600287038557043894670243217902155441611654796088064932192386,0.15,0.16,265.53,16.16,0.01,0.84,0.85,16.16,265.53,0.01,0.155,0.845,0.057368,0.942632,66840.72
1775174934376,2026-04-03T00:08:54.376,btc-updown-15m-1775174400,1775175300,Down,2603766228794065587285559299405895721691107695037524308921869820016918913478,230600860841843600287038557043894670243217902155441611654796088064932192386,0.15,0.16,135.65,20.88,0.01,0.84,0.85,20.88,135.65,0.01,0.155,0.845,0.133393,0.866607,66840.73
1775174935377,2026-04-03T00:08:55.377,btc-updown-15m-1775174400,1775175300,Down,2603766228794065587285559299405895721691107695037524308921869820016918913478,230600860841843600287038557043894670243217902155441611654796088064932192386,0.15,0.16,131.79,20.88,0.01,0.84,0.85,20.88,131.79,0.01,0.155,0.845,0.136766,0.863234,66840.73
1775174936378,2026-04-03T00:08:56.378,btc-updown-15m-1775174400,1775175300,Down,2603766228794065587285559299405895721691107695037524308921869820016918913478,230600860841843600287038557043894670243217902155441611654796088064932192386,0.15,0.16,513.16,20.01,0.01,0.84,0.85,20.01,513.16,0.01,0.155,0.845,0.03753,0.96247,66840.73
1775174937382,2026-04-03T00:08:57.382,btc-updown-15m-1775174400,1775175300,Down,2603766228794065587285559299405895721691107695037524308921869820016918913478,230600860841843600287038557043894670243217902155441611654796088064932192386,0.14,0.15,103.66,242.88,0.01,0.85,0.86,242.88,103.66,0.01,0.145,0.855,0.700871,0.299129,66840.72
1775174938383,2026-04-03T00:08:58.383,btc-updown-15m-1775174400,1775175300,Down,2603766228794065587285559299405895721691107695037524308921869820016918913478,230600860841843600287038557043894670243217902155441611654796088064932192386,0.14,0.15,144.06,215.88,0.01,0.85,0.86,215.88,144.06,0.01,0.145,0.855,0.599767,0.400233,66840.72
1775174939385,2026-04-03T00:08:59.385,btc-updown-15m-1775174400,1775175300,Down,2603766228794065587285559299405895721691107695037524308921869820016918913478,230600860841843600287038557043894670243217902155441611654796088064932192386,0.14,0.15,132.84,321.88,0.01,0.85,0.86,321.88,132.84,0.01,0.145,0.855,0.707864,0.292136,66840.72
1775174940386,2026-04-03T00:09:00.386,btc-updown-15m-1775174400,1775175300,Down,2603766228794065587285559299405895721691107695037524308921869820016918913478,230600860841843600287038557043894670243217902155441611654796088064932192386,0.14,0.15,129.68,321.88,0.01,0.85,0.86,321.88,129.68,0.01,0.145,0.855,0.712818,0.287182,66840.73
1775174941386,2026-04-03T00:09:01.386,btc-updown-15m-1775174400,1775175300,Down,2603766228794065587285559299405895721691107695037524308921869820016918913478,230600860841843600287038557043894670243217902155441611654796088064932192386,0.14,0.15,177.93,96.88,0.01,0.85,0.86,96.88,177.93,0.01,0.145,0.855,0.352534,0.647466,66840.73
1775174942386,2026-04-03T00:09:02.386,btc-updown-15m-1775174400,1775175300,Down,2603766228794065587285559299405895721691107695037524308921869820016918913478,230600860841843600287038557043894670243217902155441611654796088064932192386,0.14,0.15,245.02,91.88,0.01,0.85,0.86,91.88,245.02,0.01,0.145,0.855,0.272722,0.727278,66840.73
1775174943387,2026-04-03T00:09:03.387,btc-updown-15m-1775174400,1775175300,Down,2603766228794065587285559299405895721691107695037524308921869820016918913478,230600860841843600287038557043894670243217902155441611654796088064932192386,0.14,0.15,215.02,124.52,0.01,0.85,0.86,124.52,215.02,0.01,0.145,0.855,0.366731,0.633269,66840.72
1775174944388,2026-04-03T00:09:04.388,btc-updown-15m-1775174400,1775175300,Down,2603766228794065587285559299405895721691107695037524308921869820016918913478,230600860841843600287038557043894670243217902155441611654796088064932192386,0.14,0.15,215.02,119.58,0.01,0.85,0.86,119.58,215.02,0.01,0.145,0.855,0.357382,0.642618,66840.72
1775174945389,2026-04-03T00:09:05.389,btc-updown-15m-1775174400,1775175300,Down,2603766228794065587285559299405895721691107695037524308921869820016918913478,230600860841843600287038557043894670243217902155441611654796088064932192386,0.15,0.16,98.58,15.88,0.01,0.84,0.85,15.88,98.58,0.01,0.155,0.845,0.138738,0.861262,66840.72
1775174946389,2026-04-03T00:09:06.389,btc-updown-15m-1775174400,1775175300,Down,2603766228794065587285559299405895721691107695037524308921869820016918913478,230600860841843600287038557043894670243217902155441611654796088064932192386,0.15,0.16,187.97,68.32,0.01,0.84,0.85,68.32,187.97,0.01,0.155,0.845,0.266573,0.733427,66836.06
1775174947389,2026-04-03T00:09:07.389,btc-updown-15m-1775174400,1775175300,Down,2603766228794065587285559299405895721691107695037524308921869820016918913478,230600860841843600287038557043894670243217902155441611654796088064932192386,0.15,0.16,254.97,58.88,0.01,0.84,0.85,58.88,254.97,0.01,0.155,0.845,0.187606,0.812394,66836.06
1775174948389,2026-04-03T00:09:08.389,btc-updown-15m-1775174400,1775175300,Down,2603766228794065587285559299405895721691107695037524308921869820016918913478,230600860841843600287038557043894670243217902155441611654796088064932192386,0.15,0.16,254.97,58.88,0.01,0.84,0.85,58.88,254.97,0.01,0.155,0.845,0.187606,0.812394,66836.06
1775174949390,2026-04-03T00:09:09.390,btc-updown-15m-1775174400,1775175300,Down,2603766228794065587285559299405895721691107695037524308921869820016918913478,230600860841843600287038557043894670243217902155441611654796088064932192386,0.15,0.16,116.42,161.88,0.01,0.84,0.85,161.88,116.42,0.01,0.155,0.845,0.581674,0.418326,66836.06
1775174950391,2026-04-03T00:09:10.391,btc-updown-15m-1775174400,1775175300,Down,2603766228794065587285559299405895721691107695037524308921869820016918913478,230600860841843600287038557043894670243217902155441611654796088064932192386,0.15,0.16,133.32,132.48,0.01,0.84,0.85,132.48,133.32,0.01,0.155,0.845,0.49842,0.50158,66836.06
1775174951392,2026-04-03T00:09:11.392,btc-updown-15m-1775174400,1775175300,Down,2603766228794065587285559299405895721691107695037524308921869820016918913478,230600860841843600287038557043894670243217902155441611654796088064932192386,0.15,0.16,74.82,403.11,0.01,0.84,0.85,403.11,74.82,0.01,0.155,0.845,0.84345,0.15655,66836.06
1775174952393,2026-04-03T00:09:12.393,btc-updown-15m-1775174400,1775175300,Down,2603766228794065587285559299405895721691107695037524308921869820016918913478,230600860841843600287038557043894670243217902155441611654796088064932192386,0.15,0.16,71.89,405.9,0.01,0.84,0.85,405.9,71.89,0.01,0.155,0.845,0.849536,0.150464,66836.05
1775174953393,2026-04-03T00:09:13.393,btc-updown-15m-1775174400,1775175300,Down,2603766228794065587285559299405895721691107695037524308921869820016918913478,230600860841843600287038557043894670243217902155441611654796088064932192386,0.15,0.16,136.89,26.62,0.01,0.84,0.85,26.62,136.89,0.01,0.155,0.845,0.162803,0.837197,66836.05
1775174954393,2026-04-03T00:09:14.393,btc-updown-15m-1775174400,1775175300,Down,2603766228794065587285559299405895721691107695037524308921869820016918913478,230600860841843600287038557043894670243217902155441611654796088064932192386,0.12,0.13,229.0,141.03,0.01,0.87,0.88,141.03,229.0,0.01,0.125,0.875,0.381131,0.618869,66836.05
1775174955394,2026-04-03T00:09:15.394,btc-updown-15m-1775174400,1775175300,Down,2603766228794065587285559299405895721691107695037524308921869820016918913478,230600860841843600287038557043894670243217902155441611654796088064932192386,0.12,0.13,216.3,143.99,0.01,0.87,0.88,143.99,216.3,0.01,0.125,0.875,0.39965,0.60035,66832.13
1775174956396,2026-04-03T00:09:16.396,btc-updown-15m-1775174400,1775175300,Down,2603766228794065587285559299405895721691107695037524308921869820016918913478,230600860841843600287038557043894670243217902155441611654796088064932192386,0.12,0.13,179.75,73.88,0.01,0.87,0.88,73.88,179.75,0.01,0.125,0.875,0.29129,0.70871,66832.13
1775174957397,2026-04-03T00:09:17.397,btc-updown-15m-1775174400,1775175300,Down,2603766228794065587285559299405895721691107695037524308921869820016918913478,230600860841843600287038557043894670243217902155441611654796088064932192386,0.12,0.13,185.49,68.31,0.01,0.87,0.88,68.31,185.49,0.01,0.125,0.875,0.269149,0.730851,66832.13
1775174958397,2026-04-03T00:09:18.397,btc-updown-15m-1775174400,1775175300,Down,2603766228794065587285559299405895721691107695037524308921869820016918913478,230600860841843600287038557043894670243217902155441611654796088064932192386,0.12,0.13,158.78,303.38,0.01,0.87,0.88,303.38,158.78,0.01,0.125,0.875,0.656439,0.343561,66832.13
1775174959399,2026-04-03T00:09:19.399,btc-updown-15m-1775174400,1775175300,Down,2603766228794065587285559299405895721691107695037524308921869820016918913478,230600860841843600287038557043894670243217902155441611654796088064932192386,0.11,0.12,223.0,248.81,0.01,0.88,0.89,248.81,223.0,0.01,0.115,0.885,0.527352,0.472648,66832.13
1775174960400,2026-04-03T00:09:20.400,btc-updown-15m-1775174400,1775175300,Down,2603766228794065587285559299405895721691107695037524308921869820016918913478,230600860841843600287038557043894670243217902155441611654796088064932192386,0.11,0.12,233.0,258.24,0.01,0.88,0.89,258.24,233.0,0.01,0.115,0.885,0.52569,0.47431,66832.13
1775174961402,2026-04-03T00:09:21.402,btc-updown-15m-1775174400,1775175300,Down,2603766228794065587285559299405895721691107695037524308921869820016918913478,230600860841843600287038557043894670243217902155441611654796088064932192386,0.11,0.12,201.0,174.24,0.01,0.88,0.89,174.24,201.0,0.01,0.115,0.885,0.464343,0.535657,66832.12
1775174962403,2026-04-03T00:09:22.403,btc-updown-15m-1775174400,1775175300,Down,2603766228794065587285559299405895721691107695037524308921869820016918913478,230600860841843600287038557043894670243217902155441611654796088064932192386,0.11,0.12,201.0,174.24,0.01,0.88,0.89,174.24,201.0,0.01,0.115,0.885,0.464343,0.535657,66832.12
1775174963404,2026-04-03T00:09:23.404,btc-updown-15m-1775174400,1775175300,Down,2603766228794065587285559299405895721691107695037524308921869820016918913478,230600860841843600287038557043894670243217902155441611654796088064932192386,0.11,0.12,201.0,174.24,0.01,0.88,0.89,174.24,201.0,0.01,0.115,0.885,0.464343,0.535657,66832.12
1775174964404,2026-04-03T00:09:24.404,btc-updown-15m-1775174400,1775175300,Down,2603766228794065587285559299405895721691107695037524308921869820016918913478,230600860841843600287038557043894670243217902155441611654796088064932192386,0.11,0.12,27.0,519.25,0.01,0.88,0.89,519.25,27.0,0.01,0.115,0.885,0.950572,0.049428,66832.13
1775174965405,2026-04-03T00:09:25.405,btc-updown-15m-1775174400,1775175300,Down,2603766228794065587285559299405895721691107695037524308921869820016918913478,230600860841843600287038557043894670243217902155441611654796088064932192386,0.12,0.13,13.52,193.5,0.01,0.87,0.88,193.5,13.52,0.01,0.125,0.875,0.934692,0.065308,66832.13
1775174966405,2026-04-03T00:09:26.405,btc-updown-15m-1775174400,1775175300,Down,2603766228794065587285559299405895721691107695037524308921869820016918913478,230600860841843600287038557043894670243217902155441611654796088064932192386,0.18,0.22,80.0,52.73,0.04,0.78,0.82,52.73,80.0,0.04,0.2,0.8,0.397273,0.602727,66832.13
1775174967405,2026-04-03T00:09:27.405,btc-updown-15m-1775174400,1775175300,Down,2603766228794065587285559299405895721691107695037524308921869820016918913478,230600860841843600287038557043894670243217902155441611654796088064932192386,0.33,0.34,58.05,210.6,0.01,0.66,0.67,210.6,58.05,0.01,0.335,0.665,0.78392,0.21608,66877.44
1775174968406,2026-04-03T00:09:28.406,btc-updown-15m-1775174400,1775175300,Down,2603766228794065587285559299405895721691107695037524308921869820016918913478,230600860841843600287038557043894670243217902155441611654796088064932192386,0.34,0.35,337.16,113.17,0.01,0.65,0.66,113.17,337.16,0.01,0.345,0.655,0.251305,0.748695,66877.44
1775174969406,2026-04-03T00:09:29.406,btc-updown-15m-1775174400,1775175300,Down,2603766228794065587285559299405895721691107695037524308921869820016918913478,230600860841843600287038557043894670243217902155441611654796088064932192386,0.34,0.35,333.9,72.39,0.01,0.65,0.66,72.39,333.9,0.01,0.345,0.655,0.178173,0.821827,66877.44
1775174970407,2026-04-03T00:09:30.407,btc-updown-15m-1775174400,1775175300,Down,2603766228794065587285559299405895721691107695037524308921869820016918913478,230600860841843600287038557043894670243217902155441611654796088064932192386,0.34,0.35,155.88,178.71,0.01,0.65,0.66,178.71,155.88,0.01,0.345,0.655,0.534116,0.465884,66877.61
1775174971408,2026-04-03T00:09:31.408,btc-updown-15m-1775174400,1775175300,Down,2603766228794065587285559299405895721691107695037524308921869820016918913478,230600860841843600287038557043894670243217902155441611654796088064932192386,0.33,0.34,70.17,197.8,0.01,0.66,0.67,197.8,70.17,0.01,0.335,0.665,0.738142,0.261858,66877.61
1775174972409,2026-04-03T00:09:32.409,btc-updown-15m-1775174400,1775175300,Down,2603766228794065587285559299405895721691107695037524308921869820016918913478,230600860841843600287038557043894670243217902155441611654796088064932192386,0.33,0.34,105.88,225.06,0.01,0.66,0.67,225.06,105.88,0.01,0.335,0.665,0.680063,0.319937,66877.61
1775174973410,2026-04-03T00:09:33.410,btc-updown-15m-1775174400,1775175300,Down,2603766228794065587285559299405895721691107695037524308921869820016918913478,230600860841843600287038557043894670243217902155441611654796088064932192386,0.33,0.34,105.88,225.06,0.01,0.66,0.67,225.06,105.88,0.01,0.335,0.665,0.680063,0.319937,66877.6
1775174974410,2026-04-03T00:09:34.410,btc-updown-15m-1775174400,1775175300,Down,2603766228794065587285559299405895721691107695037524308921869820016918913478,230600860841843600287038557043894670243217902155441611654796088064932192386,0.33,0.34,237.68,151.68,0.01,0.66,0.67,151.68,237.68,0.01,0.335,0.665,0.389562,0.610438,66877.6
1775174975410,2026-04-03T00:09:35.410,btc-updown-15m-1775174400,1775175300,Down,2603766228794065587285559299405895721691107695037524308921869820016918913478,230600860841843600287038557043894670243217902155441611654796088064932192386,0.33,0.34,237.68,151.68,0.01,0.66,0.67,151.68,237.68,0.01,0.335,0.665,0.389562,0.610438,66877.6
1775174976411,2026-04-03T00:09:36.411,btc-updown-15m-1775174400,1775175300,Down,2603766228794065587285559299405895721691107695037524308921869820016918913478,230600860841843600287038557043894670243217902155441611654796088064932192386,0.33,0.34,197.56,88.57,0.01,0.66,0.67,88.57,197.56,0.01,0.335,0.665,0.309545,0.690455,66877.6
1775174977412,2026-04-03T00:09:37.412,btc-updown-15m-1775174400,1775175300,Down,2603766228794065587285559299405895721691107695037524308921869820016918913478,230600860841843600287038557043894670243217902155441611654796088064932192386,0.33,0.34,125.27,181.5,0.01,0.66,0.67,181.5,125.27,0.01,0.335,0.665,0.591648,0.408352,66877.6
1775174978412,2026-04-03T00:09:38.412,btc-updown-15m-1775174400,1775175300,Down,2603766228794065587285559299405895721691107695037524308921869820016918913478,230600860841843600287038557043894670243217902155441611654796088064932192386,0.33,0.34,140.41,162.5,0.01,0.66,0.67,162.5,140.41,0.01,0.335,0.665,0.536463,0.463537,66877.6
1775174979413,2026-04-03T00:09:39.413,btc-updown-15m-1775174400,1775175300,Down,2603766228794065587285559299405895721691107695037524308921869820016918913478,230600860841843600287038557043894670243217902155441611654796088064932192386,0.33,0.34,161.08,122.5,0.01,0.66,0.67,122.5,161.08,0.01,0.335,0.665,0.431977,0.568023,66877.6
1775174980415,2026-04-03T00:09:40.415,btc-updown-15m-1775174400,1775175300,Down,2603766228794065587285559299405895721691107695037524308921869820016918913478,230600860841843600287038557043894670243217902155441611654796088064932192386,0.33,0.34,158.84,127.5,0.01,0.66,0.67,127.5,158.84,0.01,0.335,0.665,0.445275,0.554725,66877.6
1775174981416,2026-04-03T00:09:41.416,btc-updown-15m-1775174400,1775175300,Down,2603766228794065587285559299405895721691107695037524308921869820016918913478,230600860841843600287038557043894670243217902155441611654796088064932192386,0.33,0.34,158.84,127.5,0.01,0.66,0.67,127.5,158.84,0.01,0.335,0.665,0.445275,0.554725,66877.6
1775174982417,2026-04-03T00:09:42.417,btc-updown-15m-1775174400,1775175300,Down,2603766228794065587285559299405895721691107695037524308921869820016918913478,230600860841843600287038557043894670243217902155441611654796088064932192386,0.33,0.34,158.84,127.5,0.01,0.66,0.67,127.5,158.84,0.01,0.335,0.665,0.445275,0.554725,66877.6
1775174983418,2026-04-03T00:09:43.418,btc-updown-15m-1775174400,1775175300,Down,2603766228794065587285559299405895721691107695037524308921869820016918913478,230600860841843600287038557043894670243217902155441611654796088064932192386,0.28,0.29,231.85,1.55,0.01,0.71,0.72,1.55,231.85,0.01,0.285,0.715,0.006641,0.993359,66877.6
1775174984419,2026-04-03T00:09:44.419,btc-updown-15m-1775174400,1775175300,Down,2603766228794065587285559299405895721691107695037524308921869820016918913478,230600860841843600287038557043894670243217902155441611654796088064932192386,0.27,0.28,70.0,275.17,0.01,0.72,0.73,275.17,70.0,0.01,0.275,0.725,0.797201,0.202799,66877.6
1775174985420,2026-04-03T00:09:45.420,btc-updown-15m-1775174400,1775175300,Down,2603766228794065587285559299405895721691107695037524308921869820016918913478,230600860841843600287038557043894670243217902155441611654796088064932192386,0.28,0.29,69.85,12.5,0.01,0.71,0.72,12.5,69.85,0.01,0.285,0.715,0.151791,0.848209,66871.81
1775174986422,2026-04-03T00:09:46.422,btc-updown-15m-1775174400,1775175300,Down,2603766228794065587285559299405895721691107695037524308921869820016918913478,230600860841843600287038557043894670243217902155441611654796088064932192386,0.31,0.32,55.0,63.0,0.01,0.68,0.69,63.0,55.0,0.01,0.315,0.685,0.533898,0.466102,66871.81
1775174987422,2026-04-03T00:09:47.422,btc-updown-15m-1775174400,1775175300,Down,2603766228794065587285559299405895721691107695037524308921869820016918913478,230600860841843600287038557043894670243217902155441611654796088064932192386,0.32,0.33,149.88,46.44,0.01,0.67,0.68,46.44,149.88,0.01,0.325,0.675,0.236553,0.763447,66871.81
1775174988422,2026-04-03T00:09:48.422,btc-updown-15m-1775174400,1775175300,Down,2603766228794065587285559299405895721691107695037524308921869820016918913478,230600860841843600287038557043894670243217902155441611654796088064932192386,0.32,0.33,209.0,86.44,0.01,0.67,0.68,86.44,209.0,0.01,0.325,0.675,0.292581,0.707419,66871.81
1775174989424,2026-04-03T00:09:49.424,btc-updown-15m-1775174400,1775175300,Down,2603766228794065587285559299405895721691107695037524308921869820016918913478,230600860841843600287038557043894670243217902155441611654796088064932192386,0.32,0.33,209.0,86.44,0.01,0.67,0.68,86.44,209.0,0.01,0.325,0.675,0.292581,0.707419,66871.81
1775174990425,2026-04-03T00:09:50.425,btc-updown-15m-1775174400,1775175300,Down,2603766228794065587285559299405895721691107695037524308921869820016918913478,230600860841843600287038557043894670243217902155441611654796088064932192386,0.32,0.33,220.0,145.02,0.01,0.67,0.68,145.02,220.0,0.01,0.325,0.675,0.397293,0.602707,66871.81
1775174991425,2026-04-03T00:09:51.425,btc-updown-15m-1775174400,1775175300,Down,2603766228794065587285559299405895721691107695037524308921869820016918913478,230600860841843600287038557043894670243217902155441611654796088064932192386,0.32,0.33,220.0,145.02,0.01,0.67,0.68,145.02,220.0,0.01,0.325,0.675,0.397293,0.602707,66871.81
1775174992427,2026-04-03T00:09:52.427,btc-updown-15m-1775174400,1775175300,Down,2603766228794065587285559299405895721691107695037524308921869820016918913478,230600860841843600287038557043894670243217902155441611654796088064932192386,0.32,0.33,220.0,145.02,0.01,0.67,0.68,145.02,220.0,0.01,0.325,0.675,0.397293,0.602707,66871.81
1775174993428,2026-04-03T00:09:53.428,btc-updown-15m-1775174400,1775175300,Down,2603766228794065587285559299405895721691107695037524308921869820016918913478,230600860841843600287038557043894670243217902155441611654796088064932192386,0.32,0.33,123.88,168.75,0.01,0.67,0.68,168.75,123.88,0.01,0.325,0.675,0.576667,0.423333,66871.81
1775174994429,2026-04-03T00:09:54.429,btc-updown-15m-1775174400,1775175300,Down,2603766228794065587285559299405895721691107695037524308921869820016918913478,230600860841843600287038557043894670243217902155441611654796088064932192386,0.32,0.33,123.88,168.75,0.01,0.67,0.68,168.75,123.88,0.01,0.325,0.675,0.576667,0.423333,66871.81
1775174995430,2026-04-03T00:09:55.430,btc-updown-15m-1775174400,1775175300,Down,2603766228794065587285559299405895721691107695037524308921869820016918913478,230600860841843600287038557043894670243217902155441611654796088064932192386,0.25,0.26,243.0,12.78,0.01,0.74,0.75,12.78,243.0,0.01,0.255,0.745,0.049965,0.950035,66871.81
1775174996431,2026-04-03T00:09:56.431,btc-updown-15m-1775174400,1775175300,Down,2603766228794065587285559299405895721691107695037524308921869820016918913478,230600860841843600287038557043894670243217902155441611654796088064932192386,0.25,0.26,276.94,5.71,0.01,0.74,0.75,5.71,276.94,0.01,0.255,0.745,0.020202,0.979798,66871.81
1775174997432,2026-04-03T00:09:57.432,btc-updown-15m-1775174400,1775175300,Down,2603766228794065587285559299405895721691107695037524308921869820016918913478,230600860841843600287038557043894670243217902155441611654796088064932192386,0.25,0.26,320.65,55.71,0.01,0.74,0.75,55.71,320.65,0.01,0.255,0.745,0.148023,0.851977,66866.93
1775174998433,2026-04-03T00:09:58.433,btc-updown-15m-1775174400,1775175300,Down,2603766228794065587285559299405895721691107695037524308921869820016918913478,230600860841843600287038557043894670243217902155441611654796088064932192386,0.25,0.26,320.65,45.77,0.01,0.74,0.75,45.77,320.65,0.01,0.255,0.745,0.124911,0.875089,66866.93
1775174999433,2026-04-03T00:09:59.433,btc-updown-15m-1775174400,1775175300,Down,2603766228794065587285559299405895721691107695037524308921869820016918913478,230600860841843600287038557043894670243217902155441611654796088064932192386,0.25,0.26,320.65,10.88,0.01,0.74,0.75,10.88,320.65,0.01,0.255,0.745,0.032818,0.967182,66866.93
1775175000434,2026-04-03T00:10:00.434,btc-updown-15m-1775174400,1775175300,Down,2603766228794065587285559299405895721691107695037524308921869820016918913478,230600860841843600287038557043894670243217902155441611654796088064932192386,0.25,0.26,118.15,53.88,0.01,0.74,0.75,53.88,118.15,0.01,0.255,0.745,0.313201,0.686799,66863.25
1775175001435,2026-04-03T00:10:01.435,btc-updown-15m-1775174400,1775175300,Down,2603766228794065587285559299405895721691107695037524308921869820016918913478,230600860841843600287038557043894670243217902155441611654796088064932192386,0.21,0.23,548.75,80.34,0.02,0.77,0.79,80.34,548.75,0.02,0.22,0.78,0.127708,0.872292,66863.25
1775175002435,2026-04-03T00:10:02.435,btc-updown-15m-1775174400,1775175300,Down,2603766228794065587285559299405895721691107695037524308921869820016918913478,230600860841843600287038557043894670243217902155441611654796088064932192386,0.21,0.22,84.71,38.22,0.01,0.78,0.79,38.22,84.71,0.01,0.215,0.785,0.310909,0.689091,66863.25
1775175003436,2026-04-03T00:10:03.436,btc-updown-15m-1775174400,1775175300,Down,2603766228794065587285559299405895721691107695037524308921869820016918913478,230600860841843600287038557043894670243217902155441611654796088064932192386,0.2,0.21,136.5,220.75,0.01,0.79,0.8,220.75,136.5,0.01,0.205,0.795,0.617915,0.382085,66854.65
1775175004436,2026-04-03T00:10:04.436,btc-updown-15m-1775174400,1775175300,Down,2603766228794065587285559299405895721691107695037524308921869820016918913478,230600860841843600287038557043894670243217902155441611654796088064932192386,0.19,0.2,12.37,246.5,0.01,0.8,0.81,246.5,12.37,0.01,0.195,0.805,0.952215,0.047785,66854.65
1775175005437,2026-04-03T00:10:05.437,btc-updown-15m-1775174400,1775175300,Down,2603766228794065587285559299405895721691107695037524308921869820016918913478,230600860841843600287038557043894670243217902155441611654796088064932192386,0.19,0.2,252.24,53.88,0.01,0.8,0.81,53.88,252.24,0.01,0.195,0.805,0.176009,0.823991,66854.65
1775175006437,2026-04-03T00:10:06.437,btc-updown-15m-1775174400,1775175300,Down,2603766228794065587285559299405895721691107695037524308921869820016918913478,230600860841843600287038557043894670243217902155441611654796088064932192386,0.19,0.2,225.74,57.64,0.01,0.8,0.81,57.64,225.74,0.01,0.195,0.805,0.203402,0.796598,66854.65
1775175007438,2026-04-03T00:10:07.438,btc-updown-15m-1775174400,1775175300,Down,2603766228794065587285559299405895721691107695037524308921869820016918913478,230600860841843600287038557043894670243217902155441611654796088064932192386,0.19,0.2,192.52,254.14,0.01,0.8,0.81,254.14,192.52,0.01,0.195,0.805,0.568979,0.431021,66854.65
1775175008439,2026-04-03T00:10:08.439,btc-updown-15m-1775174400,1775175300,Down,2603766228794065587285559299405895721691107695037524308921869820016918913478,230600860841843600287038557043894670243217902155441611654796088064932192386,0.19,0.2,117.52,169.76,0.01,0.8,0.81,169.76,117.52,0.01,0.195,0.805,0.590922,0.409078,66854.65
1775175009440,2026-04-03T00:10:09.440,btc-updown-15m-1775174400,1775175300,Down,2603766228794065587285559299405895721691107695037524308921869820016918913478,230600860841843600287038557043894670243217902155441611654796088064932192386,0.19,0.2,192.15,42.38,0.01,0.8,0.81,42.38,192.15,0.01,0.195,0.805,0.180702,0.819298,66854.64
1775175010441,2026-04-03T00:10:10.441,btc-updown-15m-1775174400,1775175300,Down,2603766228794065587285559299405895721691107695037524308921869820016918913478,230600860841843600287038557043894670243217902155441611654796088064932192386,0.19,0.2,192.15,42.38,0.01,0.8,0.81,42.38,192.15,0.01,0.195,0.805,0.180702,0.819298,66854.64
1775175011442,2026-04-03T00:10:11.442,btc-updown-15m-1775174400,1775175300,Down,2603766228794065587285559299405895721691107695037524308921869820016918913478,230600860841843600287038557043894670243217902155441611654796088064932192386,0.19,0.2,231.15,31.87,0.01,0.8,0.81,31.87,231.15,0.01,0.195,0.805,0.121169,0.878831,66854.64
1775175012444,2026-04-03T00:10:12.444,btc-updown-15m-1775174400,1775175300,Down,2603766228794065587285559299405895721691107695037524308921869820016918913478,230600860841843600287038557043894670243217902155441611654796088064932192386,0.19,0.2,231.15,31.87,0.01,0.8,0.81,31.87,231.15,0.01,0.195,0.805,0.121169,0.878831,66854.65
1775175013444,2026-04-03T00:10:13.444,btc-updown-15m-1775174400,1775175300,Down,2603766228794065587285559299405895721691107695037524308921869820016918913478,230600860841843600287038557043894670243217902155441611654796088064932192386,0.19,0.2,231.15,31.87,0.01,0.8,0.81,31.87,231.15,0.01,0.195,0.805,0.121169,0.878831,66854.65
1775175014445,2026-04-03T00:10:14.445,btc-updown-15m-1775174400,1775175300,Down,2603766228794065587285559299405895721691107695037524308921869820016918913478,230600860841843600287038557043894670243217902155441611654796088064932192386,0.19,0.2,231.15,31.87,0.01,0.8,0.81,31.87,231.15,0.01,0.195,0.805,0.121169,0.878831,66854.65
1775175015446,2026-04-03T00:10:15.446,btc-updown-15m-1775174400,1775175300,Down,2603766228794065587285559299405895721691107695037524308921869820016918913478,230600860841843600287038557043894670243217902155441611654796088064932192386,0.19,0.2,11.25,221.38,0.01,0.8,0.81,221.38,11.25,0.01,0.195,0.805,0.95164,0.04836,66854.65
1775175016446,2026-04-03T00:10:16.446,btc-updown-15m-1775174400,1775175300,Down,2603766228794065587285559299405895721691107695037524308921869820016918913478,230600860841843600287038557043894670243217902155441611654796088064932192386,0.2,0.21,92.88,123.01,0.01,0.79,0.8,123.01,92.88,0.01,0.205,0.795,0.569781,0.430219,66854.65
1775175017448,2026-04-03T00:10:17.448,btc-updown-15m-1775174400,1775175300,Down,2603766228794065587285559299405895721691107695037524308921869820016918913478,230600860841843600287038557043894670243217902155441611654796088064932192386,0.2,0.21,118.88,96.4,0.01,0.79,0.8,96.4,118.88,0.01,0.205,0.795,0.447789,0.552211,66854.65
1775175018448,2026-04-03T00:10:18.448,btc-updown-15m-1775174400,1775175300,Down,2603766228794065587285559299405895721691107695037524308921869820016918913478,230600860841843600287038557043894670243217902155441611654796088064932192386,0.2,0.21,238.07,90.4,0.01,0.79,0.8,90.4,238.07,0.01,0.205,0.795,0.275215,0.724785,66854.65
1775175019449,2026-04-03T00:10:19.449,btc-updown-15m-1775174400,1775175300,Down,2603766228794065587285559299405895721691107695037524308921869820016918913478,230600860841843600287038557043894670243217902155441611654796088064932192386,0.2,0.21,289.07,94.4,0.01,0.79,0.8,94.4,289.07,0.01,0.205,0.795,0.246173,0.753827,66854.65
1775175020449,2026-04-03T00:10:20.449,btc-updown-15m-1775174400,1775175300,Down,2603766228794065587285559299405895721691107695037524308921869820016918913478,230600860841843600287038557043894670243217902155441611654796088064932192386,0.2,0.21,244.83,74.5,0.01,0.79,0.8,74.5,244.83,0.01,0.205,0.795,0.233301,0.766699,66854.65
1775175021451,2026-04-03T00:10:21.451,btc-updown-15m-1775174400,1775175300,Down,2603766228794065587285559299405895721691107695037524308921869820016918913478,230600860841843600287038557043894670243217902155441611654796088064932192386,0.17,0.18,76.84,117.88,0.01,0.82,0.83,117.88,76.84,0.01,0.175,0.825,0.605382,0.394618,66854.64
1775175022451,2026-04-03T00:10:22.451,btc-updown-15m-1775174400,1775175300,Down,2603766228794065587285559299405895721691107695037524308921869820016918913478,230600860841843600287038557043894670243217902155441611654796088064932192386,0.17,0.18,76.84,117.88,0.01,0.82,0.83,117.88,76.84,0.01,0.175,0.825,0.605382,0.394618,66854.64
1775175023453,2026-04-03T00:10:23.453,btc-updown-15m-1775174400,1775175300,Down,2603766228794065587285559299405895721691107695037524308921869820016918913478,230600860841843600287038557043894670243217902155441611654796088064932192386,0.17,0.18,319.58,105.88,0.01,0.82,0.83,105.88,319.58,0.01,0.175,0.825,0.24886,0.75114,66854.64
1775175024454,2026-04-03T00:10:24.454,btc-updown-15m-1775174400,1775175300,Down,2603766228794065587285559299405895721691107695037524308921869820016918913478,230600860841843600287038557043894670243217902155441611654796088064932192386,0.17,0.18,319.58,105.88,0.01,0.82,0.83,105.88,319.58,0.01,0.175,0.825,0.24886,0.75114,66854.65
1775175025454,2026-04-03T00:10:25.454,btc-updown-15m-1775174400,1775175300,Down,2603766228794065587285559299405895721691107695037524308921869820016918913478,230600860841843600287038557043894670243217902155441611654796088064932192386,0.14,0.18,686.25,50.0,0.04,0.82,0.86,50.0,686.25,0.04,0.16,0.84,0.067912,0.932088,66854.65
1775175026455,2026-04-03T00:10:26.455,btc-updown-15m-1775174400,1775175300,Down,2603766228794065587285559299405895721691107695037524308921869820016918913478,230600860841843600287038557043894670243217902155441611654796088064932192386,0.15,0.16,364.55,12.75,0.01,0.84,0.85,12.75,364.55,0.01,0.155,0.845,0.033793,0.966207,66854.65
1775175027455,2026-04-03T00:10:27.455,btc-updown-15m-1775174400,1775175300,Down,2603766228794065587285559299405895721691107695037524308921869820016918913478,230600860841843600287038557043894670243217902155441611654796088064932192386,0.15,0.16,381.8,20.58,0.01,0.84,0.85,20.58,381.8,0.01,0.155,0.845,0.051146,0.948854,66849.68
1775175028456,2026-04-03T00:10:28.456,btc-updown-15m-1775174400,1775175300,Down,2603766228794065587285559299405895721691107695037524308921869820016918913478,230600860841843600287038557043894670243217902155441611654796088064932192386,0.15,0.16,381.8,19.29,0.01,0.84,0.85,19.29,381.8,0.01,0.155,0.845,0.048094,0.951906,66849.68
1775175029456,2026-04-03T00:10:29.456,btc-updown-15m-1775174400,1775175300,Down,2603766228794065587285559299405895721691107695037524308921869820016918913478,230600860841843600287038557043894670243217902155441611654796088064932192386,0.15,0.16,381.8,19.29,0.01,0.84,0.85,19.29,381.8,0.01,0.155,0.845,0.048094,0.951906,66849.68
1775175030457,2026-04-03T00:10:30.457,btc-updown-15m-1775174400,1775175300,Down,2603766228794065587285559299405895721691107695037524308921869820016918913478,230600860841843600287038557043894670243217902155441611654796088064932192386,0.13,0.14,482.86,27.88,0.01,0.86,0.87,27.88,482.86,0.01,0.135,0.865,0.054587,0.945413,66842.17
1775175031458,2026-04-03T00:10:31.458,btc-updown-15m-1775174400,1775175300,Down,2603766228794065587285559299405895721691107695037524308921869820016918913478,230600860841843600287038557043894670243217902155441611654796088064932192386,0.13,0.14,715.78,3.66,0.01,0.86,0.87,3.66,715.78,0.01,0.135,0.865,0.005087,0.994913,66842.17
1775175032459,2026-04-03T00:10:32.459,btc-updown-15m-1775174400,1775175300,Down,2603766228794065587285559299405895721691107695037524308921869820016918913478,230600860841843600287038557043894670243217902155441611654796088064932192386,0.13,0.14,743.78,15.66,0.01,0.86,0.87,15.66,743.78,0.01,0.135,0.865,0.02062,0.97938,66842.17
1775175033460,2026-04-03T00:10:33.460,btc-updown-15m-1775174400,1775175300,Down,2603766228794065587285559299405895721691107695037524308921869820016918913478,230600860841843600287038557043894670243217902155441611654796088064932192386,0.13,0.14,769.93,13.66,0.01,0.86,0.87,13.66,769.93,0.01,0.135,0.865,0.017433,0.982567,66842.17
1775175034460,2026-04-03T00:10:34.460,btc-updown-15m-1775174400,1775175300,Down,2603766228794065587285559299405895721691107695037524308921869820016918913478,230600860841843600287038557043894670243217902155441611654796088064932192386,0.12,0.14,769.93,79.66,0.02,0.86,0.88,79.66,769.93,0.02,0.13,0.87,0.093763,0.906237,66842.17
1775175035461,2026-04-03T00:10:35.461,btc-updown-15m-1775174400,1775175300,Down,2603766228794065587285559299405895721691107695037524308921869820016918913478,230600860841843600287038557043894670243217902155441611654796088064932192386,0.12,0.13,328.25,53.88,0.01,0.87,0.88,53.88,328.25,0.01,0.125,0.875,0.140999,0.859001,66842.17
1775175036462,2026-04-03T00:10:36.462,btc-updown-15m-1775174400,1775175300,Down,2603766228794065587285559299405895721691107695037524308921869820016918913478,230600860841843600287038557043894670243217902155441611654796088064932192386,0.1,0.11,299.88,24.54,0.01,0.89,0.9,24.54,299.88,0.01,0.105,0.895,0.075643,0.924357,66834.58
1775175037463,2026-04-03T00:10:37.463,btc-updown-15m-1775174400,1775175300,Down,2603766228794065587285559299405895721691107695037524308921869820016918913478,230600860841843600287038557043894670243217902155441611654796088064932192386,0.09,0.11,352.88,199.38,0.02,0.89,0.91,199.38,352.88,0.02,0.1,0.9,0.361026,0.638974,66834.58
1775175038463,2026-04-03T00:10:38.463,btc-updown-15m-1775174400,1775175300,Down,2603766228794065587285559299405895721691107695037524308921869820016918913478,230600860841843600287038557043894670243217902155441611654796088064932192386,0.09,0.1,694.16,27.07,0.01,0.9,0.91,27.07,694.16,0.01,0.095,0.905,0.037533,0.962467,66834.58
1775175039464,2026-04-03T00:10:39.464,btc-updown-15m-1775174400,1775175300,Down,2603766228794065587285559299405895721691107695037524308921869820016918913478,230600860841843600287038557043894670243217902155441611654796088064932192386,0.09,0.1,685.97,10.58,0.01,0.9,0.91,10.58,685.97,0.01,0.095,0.905,0.015189,0.984811,66825.33
1775175040464,2026-04-03T00:10:40.464,btc-updown-15m-1775174400,1775175300,Down,2603766228794065587285559299405895721691107695037524308921869820016918913478,230600860841843600287038557043894670243217902155441611654796088064932192386,0.08,0.09,358.88,99.56,0.01,0.91,0.92,99.56,358.88,0.01,0.085,0.915,0.217171,0.782829,66825.33
1775175041464,2026-04-03T00:10:41.464,btc-updown-15m-1775174400,1775175300,Down,2603766228794065587285559299405895721691107695037524308921869820016918913478,230600860841843600287038557043894670243217902155441611654796088064932192386,0.08,0.09,268.88,55.13,0.01,0.91,0.92,55.13,268.88,0.01,0.085,0.915,0.170149,0.829851,66825.33
1775175042465,2026-04-03T00:10:42.465,btc-updown-15m-1775174400,1775175300,Down,2603766228794065587285559299405895721691107695037524308921869820016918913478,230600860841843600287038557043894670243217902155441611654796088064932192386,0.08,0.09,464.86,43.13,0.01,0.91,0.92,43.13,464.86,0.01,0.085,0.915,0.084903,0.915097,66820.54
1775175043466,2026-04-03T00:10:43.466,btc-updown-15m-1775174400,1775175300,Down,2603766228794065587285559299405895721691107695037524308921869820016918913478,230600860841843600287038557043894670243217902155441611654796088064932192386,0.07,0.08,317.66,45.88,0.01,0.92,0.93,45.88,317.66,0.01,0.075,0.925,0.126203,0.873797,66820.54
1775175044466,2026-04-03T00:10:44.466,btc-updown-15m-1775174400,1775175300,Down,2603766228794065587285559299405895721691107695037524308921869820016918913478,230600860841843600287038557043894670243217902155441611654796088064932192386,0.07,0.08,317.66,45.88,0.01,0.92,0.93,45.88,317.66,0.01,0.075,0.925,0.126203,0.873797,66820.54
1775175045467,2026-04-03T00:10:45.467,btc-updown-15m-1775174400,1775175300,Down,2603766228794065587285559299405895721691107695037524308921869820016918913478,230600860841843600287038557043894670243217902155441611654796088064932192386,0.07,0.08,285.62,42.66,0.01,0.92,0.93,42.66,285.62,0.01,0.075,0.925,0.12995,0.87005,66820.55
1775175046468,2026-04-03T00:10:46.468,btc-updown-15m-1775174400,1775175300,Down,2603766228794065587285559299405895721691107695037524308921869820016918913478,230600860841843600287038557043894670243217902155441611654796088064932192386,0.07,0.08,313.64,2.66,0.01,0.92,0.93,2.66,313.64,0.01,0.075,0.925,0.00841,0.99159,66820.55
1775175047469,2026-04-03T00:10:47.469,btc-updown-15m-1775174400,1775175300,Down,2603766228794065587285559299405895721691107695037524308921869820016918913478,230600860841843600287038557043894670243217902155441611654796088064932192386,0.07,0.08,149.64,163.17,0.01,0.92,0.93,163.17,149.64,0.01,0.075,0.925,0.521627,0.478373,66820.55
1775175048470,2026-04-03T00:10:48.470,btc-updown-15m-1775174400,1775175300,Down,2603766228794065587285559299405895721691107695037524308921869820016918913478,230600860841843600287038557043894670243217902155441611654796088064932192386,0.07,0.08,144.64,54.7,0.01,0.92,0.93,54.7,144.64,0.01,0.075,0.925,0.274406,0.725594,66820.55
1775175049471,2026-04-03T00:10:49.471,btc-updown-15m-1775174400,1775175300,Down,2603766228794065587285559299405895721691107695037524308921869820016918913478,230600860841843600287038557043894670243217902155441611654796088064932192386,0.07,0.08,144.64,54.7,0.01,0.92,0.93,54.7,144.64,0.01,0.075,0.925,0.274406,0.725594,66820.55
1775175050471,2026-04-03T00:10:50.471,btc-updown-15m-1775174400,1775175300,Down,2603766228794065587285559299405895721691107695037524308921869820016918913478,230600860841843600287038557043894670243217902155441611654796088064932192386,0.07,0.08,144.64,54.7,0.01,0.92,0.93,54.7,144.64,0.01,0.075,0.925,0.274406,0.725594,66820.55
1775175051471,2026-04-03T00:10:51.471,btc-updown-15m-1775174400,1775175300,Down,2603766228794065587285559299405895721691107695037524308921869820016918913478,230600860841843600287038557043894670243217902155441611654796088064932192386,0.07,0.08,188.62,139.32,0.01,0.92,0.93,139.32,188.62,0.01,0.075,0.925,0.424834,0.575166,66820.55
1775175052472,2026-04-03T00:10:52.472,btc-updown-15m-1775174400,1775175300,Down,2603766228794065587285559299405895721691107695037524308921869820016918913478,230600860841843600287038557043894670243217902155441611654796088064932192386,0.07,0.08,188.62,139.32,0.01,0.92,0.93,139.32,188.62,0.01,0.075,0.925,0.424834,0.575166,66820.55
1775175053473,2026-04-03T00:10:53.473,btc-updown-15m-1775174400,1775175300,Down,2603766228794065587285559299405895721691107695037524308921869820016918913478,230600860841843600287038557043894670243217902155441611654796088064932192386,0.07,0.08,188.62,139.32,0.01,0.92,0.93,139.32,188.62,0.01,0.075,0.925,0.424834,0.575166,66820.55
1775175054475,2026-04-03T00:10:54.475,btc-updown-15m-1775174400,1775175300,Down,2603766228794065587285559299405895721691107695037524308921869820016918913478,230600860841843600287038557043894670243217902155441611654796088064932192386,0.07,0.08,191.12,126.76,0.01,0.92,0.93,126.76,191.12,0.01,0.075,0.925,0.398767,0.601233,66820.55
1775175055476,2026-04-03T00:10:55.476,btc-updown-15m-1775174400,1775175300,Down,2603766228794065587285559299405895721691107695037524308921869820016918913478,230600860841843600287038557043894670243217902155441611654796088064932192386,0.07,0.08,191.12,118.76,0.01,0.92,0.93,118.76,191.12,0.01,0.075,0.925,0.383245,0.616755,66820.55
1775175056477,2026-04-03T00:10:56.477,btc-updown-15m-1775174400,1775175300,Down,2603766228794065587285559299405895721691107695037524308921869820016918913478,230600860841843600287038557043894670243217902155441611654796088064932192386,0.07,0.08,156.12,106.42,0.01,0.92,0.93,106.42,156.12,0.01,0.075,0.925,0.405348,0.594652,66820.55
1775175057477,2026-04-03T00:10:57.477,btc-updown-15m-1775174400,1775175300,Down,2603766228794065587285559299405895721691107695037524308921869820016918913478,230600860841843600287038557043894670243217902155441611654796088064932192386,0.07,0.08,204.56,75.88,0.01,0.92,0.93,75.88,204.56,0.01,0.075,0.925,0.270575,0.729425,66820.54
1775175058477,2026-04-03T00:10:58.477,btc-updown-15m-1775174400,1775175300,Down,2603766228794065587285559299405895721691107695037524308921869820016918913478,230600860841843600287038557043894670243217902155441611654796088064932192386,0.07,0.08,731.56,5.0,0.01,0.92,0.93,5.0,731.56,0.01,0.075,0.925,0.006788,0.993212,66820.54
1775175059478,2026-04-03T00:10:59.478,btc-updown-15m-1775174400,1775175300,Down,2603766228794065587285559299405895721691107695037524308921869820016918913478,230600860841843600287038557043894670243217902155441611654796088064932192386,0.06,0.08,620.86,133.83,0.02,0.92,0.94,133.83,620.86,0.02,0.07,0.93,0.177331,0.822669,66820.54
1775175060479,2026-04-03T00:11:00.479,btc-updown-15m-1775174400,1775175300,Down,2603766228794065587285559299405895721691107695037524308921869820016918913478,230600860841843600287038557043894670243217902155441611654796088064932192386,0.06,0.07,365.94,60.92,0.01,0.93,0.94,60.92,365.94,0.01,0.065,0.935,0.142717,0.857283,66815.91
1775175061480,2026-04-03T00:11:01.480,btc-updown-15m-1775174400,1775175300,Down,2603766228794065587285559299405895721691107695037524308921869820016918913478,230600860841843600287038557043894670243217902155441611654796088064932192386,0.05,0.06,192.92,143.03,0.01,0.94,0.95,143.03,192.92,0.01,0.055,0.945,0.425748,0.574252,66815.91
1775175062480,2026-04-03T00:11:02.480,btc-updown-15m-1775174400,1775175300,Down,2603766228794065587285559299405895721691107695037524308921869820016918913478,230600860841843600287038557043894670243217902155441611654796088064932192386,0.05,0.06,260.25,126.96,0.01,0.94,0.95,126.96,260.25,0.01,0.055,0.945,0.327884,0.672116,66815.91
1775175063481,2026-04-03T00:11:03.481,btc-updown-15m-1775174400,1775175300,Down,2603766228794065587285559299405895721691107695037524308921869820016918913478,230600860841843600287038557043894670243217902155441611654796088064932192386,0.04,0.05,120.46,432.0,0.01,0.95,0.96,432.0,120.46,0.01,0.045,0.955,0.781957,0.218043,66815.9
1775175064483,2026-04-03T00:11:04.483,btc-updown-15m-1775174400,1775175300,Down,2603766228794065587285559299405895721691107695037524308921869820016918913478,230600860841843600287038557043894670243217902155441611654796088064932192386,0.04,0.05,86.6,447.0,0.01,0.95,0.96,447.0,86.6,0.01,0.045,0.955,0.837706,0.162294,66815.9
1775175065484,2026-04-03T00:11:05.484,btc-updown-15m-1775174400,1775175300,Down,2603766228794065587285559299405895721691107695037524308921869820016918913478,230600860841843600287038557043894670243217902155441611654796088064932192386,0.04,0.05,86.6,447.0,0.01,0.95,0.96,447.0,86.6,0.01,0.045,0.955,0.837706,0.162294,66815.9
1775175066485,2026-04-03T00:11:06.485,btc-updown-15m-1775174400,1775175300,Down,2603766228794065587285559299405895721691107695037524308921869820016918913478,230600860841843600287038557043894670243217902155441611654796088064932192386,0.04,0.05,244.48,106.0,0.01,0.95,0.96,106.0,244.48,0.01,0.045,0.955,0.302442,0.697558,66805.92
1775175067486,2026-04-03T00:11:07.486,btc-updown-15m-1775174400,1775175300,Down,2603766228794065587285559299405895721691107695037524308921869820016918913478,230600860841843600287038557043894670243217902155441611654796088064932192386,0.03,0.04,635.02,232.78,0.01,0.96,0.97,232.78,635.02,0.01,0.035,0.965,0.268242,0.731758,66805.92
1775175068487,2026-04-03T00:11:08.487,btc-updown-15m-1775174400,1775175300,Down,2603766228794065587285559299405895721691107695037524308921869820016918913478,230600860841843600287038557043894670243217902155441611654796088064932192386,0.03,0.04,645.02,224.74,0.01,0.96,0.97,224.74,645.02,0.01,0.035,0.965,0.258393,0.741607,66805.92
1775175069487,2026-04-03T00:11:09.487,btc-updown-15m-1775174400,1775175300,Down,2603766228794065587285559299405895721691107695037524308921869820016918913478,230600860841843600287038557043894670243217902155441611654796088064932192386,0.02,0.03,135.34,785.1,0.01,0.97,0.98,785.1,135.34,0.01,0.025,0.975,0.852962,0.147038,66835.44
1775175070487,2026-04-03T00:11:10.487,btc-updown-15m-1775174400,1775175300,Down,2603766228794065587285559299405895721691107695037524308921869820016918913478,230600860841843600287038557043894670243217902155441611654796088064932192386,0.06,0.07,33.01,17.89,0.01,0.93,0.94,17.89,33.01,0.01,0.065,0.935,0.351473,0.648527,66835.44
1775175071488,2026-04-03T00:11:11.488,btc-updown-15m-1775174400,1775175300,Down,2603766228794065587285559299405895721691107695037524308921869820016918913478,230600860841843600287038557043894670243217902155441611654796088064932192386,0.13,0.14,114.0,20.69,0.01,0.86,0.87,20.69,114.0,0.01,0.135,0.865,0.153612,0.846388,66835.44
1775175072489,2026-04-03T00:11:12.489,btc-updown-15m-1775174400,1775175300,Down,2603766228794065587285559299405895721691107695037524308921869820016918913478,230600860841843600287038557043894670243217902155441611654796088064932192386,0.1,0.11,24.0,192.5,0.01,0.89,0.9,192.5,24.0,0.01,0.105,0.895,0.889145,0.110855,66835.92
1775175073490,2026-04-03T00:11:13.490,btc-updown-15m-1775174400,1775175300,Down,2603766228794065587285559299405895721691107695037524308921869820016918913478,230600860841843600287038557043894670243217902155441611654796088064932192386,0.14,0.15,53.5,30.5,0.01,0.85,0.86,30.5,53.5,0.01,0.145,0.855,0.363095,0.636905,66835.92
1775175074490,2026-04-03T00:11:14.490,btc-updown-15m-1775174400,1775175300,Down,2603766228794065587285559299405895721691107695037524308921869820016918913478,230600860841843600287038557043894670243217902155441611654796088064932192386,0.14,0.15,51.38,162.5,0.01,0.85,0.86,162.5,51.38,0.01,0.145,0.855,0.759772,0.240228,66835.92
1775175075491,2026-04-03T00:11:15.491,btc-updown-15m-1775174400,1775175300,Down,2603766228794065587285559299405895721691107695037524308921869820016918913478,230600860841843600287038557043894670243217902155441611654796088064932192386,0.14,0.15,114.88,46.0,0.01,0.85,0.86,46.0,114.88,0.01,0.145,0.855,0.285927,0.714073,66847.86
1775175076492,2026-04-03T00:11:16.492,btc-updown-15m-1775174400,1775175300,Down,2603766228794065587285559299405895721691107695037524308921869820016918913478,230600860841843600287038557043894670243217902155441611654796088064932192386,0.12,0.14,217.39,384.73,0.02,0.86,0.88,384.73,217.39,0.02,0.13,0.87,0.638959,0.361041,66847.86
1775175077493,2026-04-03T00:11:17.493,btc-updown-15m-1775174400,1775175300,Down,2603766228794065587285559299405895721691107695037524308921869820016918913478,230600860841843600287038557043894670243217902155441611654796088064932192386,0.14,0.16,223.71,100.0,0.02,0.84,0.86,100.0,223.71,0.02,0.15,0.85,0.308918,0.691082,66847.86
1775175078494,2026-04-03T00:11:18.494,btc-updown-15m-1775174400,1775175300,Down,2603766228794065587285559299405895721691107695037524308921869820016918913478,230600860841843600287038557043894670243217902155441611654796088064932192386,0.13,0.15,357.45,26.92,0.02,0.85,0.87,26.92,357.45,0.02,0.14,0.86,0.070037,0.929963,66847.86
1775175079495,2026-04-03T00:11:19.495,btc-updown-15m-1775174400,1775175300,Down,2603766228794065587285559299405895721691107695037524308921869820016918913478,230600860841843600287038557043894670243217902155441611654796088064932192386,0.13,0.14,120.88,44.0,0.01,0.86,0.87,44.0,120.88,0.01,0.135,0.865,0.266861,0.733139,66847.86
1775175080496,2026-04-03T00:11:20.496,btc-updown-15m-1775174400,1775175300,Down,2603766228794065587285559299405895721691107695037524308921869820016918913478,230600860841843600287038557043894670243217902155441611654796088064932192386,0.13,0.14,155.21,82.4,0.01,0.86,0.87,82.4,155.21,0.01,0.135,0.865,0.346787,0.653213,66847.86
1775175081496,2026-04-03T00:11:21.496,btc-updown-15m-1775174400,1775175300,Down,2603766228794065587285559299405895721691107695037524308921869820016918913478,230600860841843600287038557043894670243217902155441611654796088064932192386,0.13,0.14,218.65,106.65,0.01,0.86,0.87,106.65,218.65,0.01,0.135,0.865,0.327851,0.672149,66847.87
1775175082498,2026-04-03T00:11:22.498,btc-updown-15m-1775174400,1775175300,Down,2603766228794065587285559299405895721691107695037524308921869820016918913478,230600860841843600287038557043894670243217902155441611654796088064932192386,0.12,0.13,145.07,371.4,0.01,0.87,0.88,371.4,145.07,0.01,0.125,0.875,0.719112,0.280888,66847.87
1775175083498,2026-04-03T00:11:23.498,btc-updown-15m-1775174400,1775175300,Down,2603766228794065587285559299405895721691107695037524308921869820016918913478,230600860841843600287038557043894670243217902155441611654796088064932192386,0.12,0.13,106.07,278.4,0.01,0.87,0.88,278.4,106.07,0.01,0.125,0.875,0.724114,0.275886,66847.87
1775175084499,2026-04-03T00:11:24.499,btc-updown-15m-1775174400,1775175300,Down,2603766228794065587285559299405895721691107695037524308921869820016918913478,230600860841843600287038557043894670243217902155441611654796088064932192386,0.14,0.15,76.0,14.12,0.01,0.85,0.86,14.12,76.0,0.01,0.145,0.855,0.15668,0.84332,66847.87
1775175085499,2026-04-03T00:11:25.499,btc-updown-15m-1775174400,1775175300,Down,2603766228794065587285559299405895721691107695037524308921869820016918913478,230600860841843600287038557043894670243217902155441611654796088064932192386,0.14,0.15,23.88,171.12,0.01,0.85,0.86,171.12,23.88,0.01,0.145,0.855,0.877538,0.122462,66847.87
1775175086500,2026-04-03T00:11:26.500,btc-updown-15m-1775174400,1775175300,Down,2603766228794065587285559299405895721691107695037524308921869820016918913478,230600860841843600287038557043894670243217902155441611654796088064932192386,0.14,0.15,23.88,171.12,0.01,0.85,0.86,171.12,23.88,0.01,0.145,0.855,0.877538,0.122462,66847.87
1775175087500,2026-04-03T00:11:27.500,btc-updown-15m-1775174400,1775175300,Down,2603766228794065587285559299405895721691107695037524308921869820016918913478,230600860841843600287038557043894670243217902155441611654796088064932192386,0.14,0.15,149.11,291.12,0.01,0.85,0.86,291.12,149.11,0.01,0.145,0.855,0.661291,0.338709,66847.87
1775175088501,2026-04-03T00:11:28.501,btc-updown-15m-1775174400,1775175300,Down,2603766228794065587285559299405895721691107695037524308921869820016918913478,230600860841843600287038557043894670243217902155441611654796088064932192386,0.14,0.15,149.11,291.12,0.01,0.85,0.86,291.12,149.11,0.01,0.145,0.855,0.661291,0.338709,66847.87
1775175089502,2026-04-03T00:11:29.502,btc-updown-15m-1775174400,1775175300,Down,2603766228794065587285559299405895721691107695037524308921869820016918913478,230600860841843600287038557043894670243217902155441611654796088064932192386,0.14,0.15,106.87,305.3,0.01,0.85,0.86,305.3,106.87,0.01,0.145,0.855,0.740714,0.259286,66847.87
1775175090502,2026-04-03T00:11:30.502,btc-updown-15m-1775174400,1775175300,Down,2603766228794065587285559299405895721691107695037524308921869820016918913478,230600860841843600287038557043894670243217902155441611654796088064932192386,0.15,0.16,122.0,33.0,0.01,0.84,0.85,33.0,122.0,0.01,0.155,0.845,0.212903,0.787097,66847.87
1775175091504,2026-04-03T00:11:31.504,btc-updown-15m-1775174400,1775175300,Down,2603766228794065587285559299405895721691107695037524308921869820016918913478,230600860841843600287038557043894670243217902155441611654796088064932192386,0.15,0.16,64.83,182.82,0.01,0.84,0.85,182.82,64.83,0.01,0.155,0.845,0.738219,0.261781,66847.87
1775175092505,2026-04-03T00:11:32.505,btc-updown-15m-1775174400,1775175300,Down,2603766228794065587285559299405895721691107695037524308921869820016918913478,230600860841843600287038557043894670243217902155441611654796088064932192386,0.15,0.16,108.83,180.67,0.01,0.84,0.85,180.67,108.83,0.01,0.155,0.845,0.624076,0.375924,66847.87
1775175093505,2026-04-03T00:11:33.505,btc-updown-15m-1775174400,1775175300,Down,2603766228794065587285559299405895721691107695037524308921869820016918913478,230600860841843600287038557043894670243217902155441611654796088064932192386,0.15,0.16,108.83,180.67,0.01,0.84,0.85,180.67,108.83,0.01,0.155,0.845,0.624076,0.375924,66847.87
1775175094506,2026-04-03T00:11:34.506,btc-updown-15m-1775174400,1775175300,Down,2603766228794065587285559299405895721691107695037524308921869820016918913478,230600860841843600287038557043894670243217902155441611654796088064932192386,0.15,0.16,86.33,554.17,0.01,0.84,0.85,554.17,86.33,0.01,0.155,0.845,0.865215,0.134785,66847.87
1775175095507,2026-04-03T00:11:35.507,btc-updown-15m-1775174400,1775175300,Down,2603766228794065587285559299405895721691107695037524308921869820016918913478,230600860841843600287038557043894670243217902155441611654796088064932192386,0.15,0.16,152.73,331.73,0.01,0.84,0.85,331.73,152.73,0.01,0.155,0.845,0.684742,0.315258,66847.87
1775175096508,2026-04-03T00:11:36.508,btc-updown-15m-1775174400,1775175300,Down,2603766228794065587285559299405895721691107695037524308921869820016918913478,230600860841843600287038557043894670243217902155441611654796088064932192386,0.15,0.16,152.73,331.73,0.01,0.84,0.85,331.73,152.73,0.01,0.155,0.845,0.684742,0.315258,66847.86
1775175097508,2026-04-03T00:11:37.508,btc-updown-15m-1775174400,1775175300,Down,2603766228794065587285559299405895721691107695037524308921869820016918913478,230600860841843600287038557043894670243217902155441611654796088064932192386,0.15,0.16,152.73,331.73,0.01,0.84,0.85,331.73,152.73,0.01,0.155,0.845,0.684742,0.315258,66847.86
1775175098509,2026-04-03T00:11:38.509,btc-updown-15m-1775174400,1775175300,Down,2603766228794065587285559299405895721691107695037524308921869820016918913478,230600860841843600287038557043894670243217902155441611654796088064932192386,0.15,0.16,62.01,461.73,0.01,0.84,0.85,461.73,62.01,0.01,0.155,0.845,0.881602,0.118398,66847.86
1775175099510,2026-04-03T00:11:39.510,btc-updown-15m-1775174400,1775175300,Down,2603766228794065587285559299405895721691107695037524308921869820016918913478,230600860841843600287038557043894670243217902155441611654796088064932192386,0.15,0.16,97.36,202.5,0.01,0.84,0.85,202.5,97.36,0.01,0.155,0.845,0.675315,0.324685,66847.86
1775175100511,2026-04-03T00:11:40.511,btc-updown-15m-1775174400,1775175300,Down,2603766228794065587285559299405895721691107695037524308921869820016918913478,230600860841843600287038557043894670243217902155441611654796088064932192386,0.15,0.17,203.71,194.0,0.02,0.83,0.85,194.0,203.71,0.02,0.16,0.84,0.487793,0.512207,66847.86
1775175101511,2026-04-03T00:11:41.511,btc-updown-15m-1775174400,1775175300,Down,2603766228794065587285559299405895721691107695037524308921869820016918913478,230600860841843600287038557043894670243217902155441611654796088064932192386,0.15,0.16,99.88,194.01,0.01,0.84,0.85,194.01,99.88,0.01,0.155,0.845,0.660145,0.339855,66847.86
1775175102511,2026-04-03T00:11:42.511,btc-updown-15m-1775174400,1775175300,Down,2603766228794065587285559299405895721691107695037524308921869820016918913478,230600860841843600287038557043894670243217902155441611654796088064932192386,0.15,0.17,246.48,128.01,0.02,0.83,0.85,128.01,246.48,0.02,0.16,0.84,0.341825,0.658175,66847.86
1775175103512,2026-04-03T00:11:43.512,btc-updown-15m-1775174400,1775175300,Down,2603766228794065587285559299405895721691107695037524308921869820016918913478,230600860841843600287038557043894670243217902155441611654796088064932192386,0.15,0.16,149.88,50.46,0.01,0.84,0.85,50.46,149.88,0.01,0.155,0.845,0.251872,0.748128,66847.86
1775175104513,2026-04-03T00:11:44.513,btc-updown-15m-1775174400,1775175300,Down,2603766228794065587285559299405895721691107695037524308921869820016918913478,230600860841843600287038557043894670243217902155441611654796088064932192386,0.13,0.15,22.5,43.04,0.02,0.85,0.87,43.04,22.5,0.02,0.14,0.86,0.656698,0.343302,66847.86
1775175105514,2026-04-03T00:11:45.514,btc-updown-15m-1775174400,1775175300,Down,2603766228794065587285559299405895721691107695037524308921869820016918913478,230600860841843600287038557043894670243217902155441611654796088064932192386,0.12,0.13,254.69,220.44,0.01,0.87,0.88,220.44,254.69,0.01,0.125,0.875,0.463957,0.536043,66847.86
1775175106515,2026-04-03T00:11:46.515,btc-updown-15m-1775174400,1775175300,Down,2603766228794065587285559299405895721691107695037524308921869820016918913478,230600860841843600287038557043894670243217902155441611654796088064932192386,0.13,0.14,16.88,440.4,0.01,0.86,0.87,440.4,16.88,0.01,0.135,0.865,0.963086,0.036914,66847.86
1775175107515,2026-04-03T00:11:47.515,btc-updown-15m-1775174400,1775175300,Down,2603766228794065587285559299405895721691107695037524308921869820016918913478,230600860841843600287038557043894670243217902155441611654796088064932192386,0.13,0.14,149.88,133.12,0.01,0.86,0.87,133.12,149.88,0.01,0.135,0.865,0.470389,0.529611,66847.86
1775175108516,2026-04-03T00:11:48.516,btc-updown-15m-1775174400,1775175300,Down,2603766228794065587285559299405895721691107695037524308921869820016918913478,230600860841843600287038557043894670243217902155441611654796088064932192386,0.13,0.14,152.88,110.64,0.01,0.86,0.87,110.64,152.88,0.01,0.135,0.865,0.419854,0.580146,66847.86
1775175109517,2026-04-03T00:11:49.517,btc-updown-15m-1775174400,1775175300,Down,2603766228794065587285559299405895721691107695037524308921869820016918913478,230600860841843600287038557043894670243217902155441611654796088064932192386,0.13,0.14,172.88,0.64,0.01,0.86,0.87,0.64,172.88,0.01,0.135,0.865,0.003688,0.996312,66847.86
1775175110517,2026-04-03T00:11:50.517,btc-updown-15m-1775174400,1775175300,Down,2603766228794065587285559299405895721691107695037524308921869820016918913478,230600860841843600287038557043894670243217902155441611654796088064932192386,0.12,0.14,178.88,343.08,0.02,0.86,0.88,343.08,178.88,0.02,0.13,0.87,0.657292,0.342708,66847.86
1775175111518,2026-04-03T00:11:51.518,btc-updown-15m-1775174400,1775175300,Down,2603766228794065587285559299405895721691107695037524308921869820016918913478,230600860841843600287038557043894670243217902155441611654796088064932192386,0.13,0.14,220.88,24.12,0.01,0.86,0.87,24.12,220.88,0.01,0.135,0.865,0.098449,0.901551,66847.86
1775175112519,2026-04-03T00:11:52.519,btc-updown-15m-1775174400,1775175300,Down,2603766228794065587285559299405895721691107695037524308921869820016918913478,230600860841843600287038557043894670243217902155441611654796088064932192386,0.13,0.14,220.88,24.12,0.01,0.86,0.87,24.12,220.88,0.01,0.135,0.865,0.098449,0.901551,66847.86
1775175113520,2026-04-03T00:11:53.520,btc-updown-15m-1775174400,1775175300,Down,2603766228794065587285559299405895721691107695037524308921869820016918913478,230600860841843600287038557043894670243217902155441611654796088064932192386,0.13,0.14,192.88,229.37,0.01,0.86,0.87,229.37,192.88,0.01,0.135,0.865,0.543209,0.456791,66847.86
1775175114521,2026-04-03T00:11:54.521,btc-updown-15m-1775174400,1775175300,Down,2603766228794065587285559299405895721691107695037524308921869820016918913478,230600860841843600287038557043894670243217902155441611654796088064932192386,0.13,0.14,192.88,229.37,0.01,0.86,0.87,229.37,192.88,0.01,0.135,0.865,0.543209,0.456791,66847.86
1775175115522,2026-04-03T00:11:55.522,btc-updown-15m-1775174400,1775175300,Down,2603766228794065587285559299405895721691107695037524308921869820016918913478,230600860841843600287038557043894670243217902155441611654796088064932192386,0.13,0.14,192.88,229.37,0.01,0.86,0.87,229.37,192.88,0.01,0.135,0.865,0.543209,0.456791,66847.86
1775175116522,2026-04-03T00:11:56.522,btc-updown-15m-1775174400,1775175300,Down,2603766228794065587285559299405895721691107695037524308921869820016918913478,230600860841843600287038557043894670243217902155441611654796088064932192386,0.13,0.14,192.88,229.37,0.01,0.86,0.87,229.37,192.88,0.01,0.135,0.865,0.543209,0.456791,66847.86
1775175117523,2026-04-03T00:11:57.523,btc-updown-15m-1775174400,1775175300,Down,2603766228794065587285559299405895721691107695037524308921869820016918913478,230600860841843600287038557043894670243217902155441611654796088064932192386,0.13,0.14,192.88,229.37,0.01,0.86,0.87,229.37,192.88,0.01,0.135,0.865,0.543209,0.456791,66847.87
1775175118523,2026-04-03T00:11:58.523,btc-updown-15m-1775174400,1775175300,Down,2603766228794065587285559299405895721691107695037524308921869820016918913478,230600860841843600287038557043894670243217902155441611654796088064932192386,0.13,0.14,192.88,229.37,0.01,0.86,0.87,229.37,192.88,0.01,0.135,0.865,0.543209,0.456791,66847.87
1775175119523,2026-04-03T00:11:59.523,btc-updown-15m-1775174400,1775175300,Down,2603766228794065587285559299405895721691107695037524308921869820016918913478,230600860841843600287038557043894670243217902155441611654796088064932192386,0.13,0.14,192.88,229.37,0.01,0.86,0.87,229.37,192.88,0.01,0.135,0.865,0.543209,0.456791,66847.87
1775175120524,2026-04-03T00:12:00.524,btc-updown-15m-1775174400,1775175300,Down,2603766228794065587285559299405895721691107695037524308921869820016918913478,230600860841843600287038557043894670243217902155441611654796088064932192386,0.13,0.14,45.13,194.72,0.01,0.86,0.87,194.72,45.13,0.01,0.135,0.865,0.811841,0.188159,66858.0
1775175121525,2026-04-03T00:12:01.525,btc-updown-15m-1775174400,1775175300,Down,2603766228794065587285559299405895721691107695037524308921869820016918913478,230600860841843600287038557043894670243217902155441611654796088064932192386,0.2,0.21,102.95,120.71,0.01,0.79,0.8,120.71,102.95,0.01,0.205,0.795,0.539703,0.460297,66858.0
1775175122526,2026-04-03T00:12:02.526,btc-updown-15m-1775174400,1775175300,Down,2603766228794065587285559299405895721691107695037524308921869820016918913478,230600860841843600287038557043894670243217902155441611654796088064932192386,0.2,0.21,248.95,83.53,0.01,0.79,0.8,83.53,248.95,0.01,0.205,0.795,0.251233,0.748767,66858.0
1775175123527,2026-04-03T00:12:03.527,btc-updown-15m-1775174400,1775175300,Down,2603766228794065587285559299405895721691107695037524308921869820016918913478,230600860841843600287038557043894670243217902155441611654796088064932192386,0.2,0.21,54.81,321.5,0.01,0.79,0.8,321.5,54.81,0.01,0.205,0.795,0.854349,0.145651,66864.4
1775175124528,2026-04-03T00:12:04.528,btc-updown-15m-1775174400,1775175300,Down,2603766228794065587285559299405895721691107695037524308921869820016918913478,230600860841843600287038557043894670243217902155441611654796088064932192386,0.2,0.21,43.85,256.67,0.01,0.79,0.8,256.67,43.85,0.01,0.205,0.795,0.854086,0.145914,66864.4
1775175125529,2026-04-03T00:12:05.529,btc-updown-15m-1775174400,1775175300,Down,2603766228794065587285559299405895721691107695037524308921869820016918913478,230600860841843600287038557043894670243217902155441611654796088064932192386,0.2,0.21,43.85,256.67,0.01,0.79,0.8,256.67,43.85,0.01,0.205,0.795,0.854086,0.145914,66864.4
1775175126529,2026-04-03T00:12:06.529,btc-updown-15m-1775174400,1775175300,Down,2603766228794065587285559299405895721691107695037524308921869820016918913478,230600860841843600287038557043894670243217902155441611654796088064932192386,0.2,0.21,43.85,256.67,0.01,0.79,0.8,256.67,43.85,0.01,0.205,0.795,0.854086,0.145914,66864.4
1775175127531,2026-04-03T00:12:07.531,btc-updown-15m-1775174400,1775175300,Down,2603766228794065587285559299405895721691107695037524308921869820016918913478,230600860841843600287038557043894670243217902155441611654796088064932192386,0.2,0.21,43.85,256.67,0.01,0.79,0.8,256.67,43.85,0.01,0.205,0.795,0.854086,0.145914,66864.4
1775175128532,2026-04-03T00:12:08.532,btc-updown-15m-1775174400,1775175300,Down,2603766228794065587285559299405895721691107695037524308921869820016918913478,230600860841843600287038557043894670243217902155441611654796088064932192386,0.2,0.21,43.85,256.67,0.01,0.79,0.8,256.67,43.85,0.01,0.205,0.795,0.854086,0.145914,66864.4
1775175129532,2026-04-03T00:12:09.532,btc-updown-15m-1775174400,1775175300,Down,2603766228794065587285559299405895721691107695037524308921869820016918913478,230600860841843600287038557043894670243217902155441611654796088064932192386,0.2,0.21,34.76,380.98,0.01,0.79,0.8,380.98,34.76,0.01,0.205,0.795,0.91639,0.08361,66866.03
1775175130533,2026-04-03T00:12:10.533,btc-updown-15m-1775174400,1775175300,Down,2603766228794065587285559299405895721691107695037524308921869820016918913478,230600860841843600287038557043894670243217902155441611654796088064932192386,0.2,0.21,34.76,378.48,0.01,0.79,0.8,378.48,34.76,0.01,0.205,0.795,0.915884,0.084116,66866.03
1775175131534,2026-04-03T00:12:11.534,btc-updown-15m-1775174400,1775175300,Down,2603766228794065587285559299405895721691107695037524308921869820016918913478,230600860841843600287038557043894670243217902155441611654796088064932192386,0.2,0.21,150.88,240.86,0.01,0.79,0.8,240.86,150.88,0.01,0.205,0.795,0.614847,0.385153,66866.03
1775175132535,2026-04-03T00:12:12.535,btc-updown-15m-1775174400,1775175300,Down,2603766228794065587285559299405895721691107695037524308921869820016918913478,230600860841843600287038557043894670243217902155441611654796088064932192386,0.2,0.21,150.88,240.86,0.01,0.79,0.8,240.86,150.88,0.01,0.205,0.795,0.614847,0.385153,66866.03
1775175133535,2026-04-03T00:12:13.535,btc-updown-15m-1775174400,1775175300,Down,2603766228794065587285559299405895721691107695037524308921869820016918913478,230600860841843600287038557043894670243217902155441611654796088064932192386,0.2,0.21,230.88,221.12,0.01,0.79,0.8,221.12,230.88,0.01,0.205,0.795,0.489204,0.510796,66866.03
1775175134537,2026-04-03T00:12:14.537,btc-updown-15m-1775174400,1775175300,Down,2603766228794065587285559299405895721691107695037524308921869820016918913478,230600860841843600287038557043894670243217902155441611654796088064932192386,0.2,0.21,195.83,527.62,0.01,0.79,0.8,527.62,195.83,0.01,0.205,0.795,0.729311,0.270689,66866.03
1775175135538,2026-04-03T00:12:15.538,btc-updown-15m-1775174400,1775175300,Down,2603766228794065587285559299405895721691107695037524308921869820016918913478,230600860841843600287038557043894670243217902155441611654796088064932192386,0.2,0.21,195.83,527.62,0.01,0.79,0.8,527.62,195.83,0.01,0.205,0.795,0.729311,0.270689,66866.03
1775175136538,2026-04-03T00:12:16.538,btc-updown-15m-1775174400,1775175300,Down,2603766228794065587285559299405895721691107695037524308921869820016918913478,230600860841843600287038557043894670243217902155441611654796088064932192386,0.2,0.21,195.83,527.62,0.01,0.79,0.8,527.62,195.83,0.01,0.205,0.795,0.729311,0.270689,66866.03
1775175137538,2026-04-03T00:12:17.538,btc-updown-15m-1775174400,1775175300,Down,2603766228794065587285559299405895721691107695037524308921869820016918913478,230600860841843600287038557043894670243217902155441611654796088064932192386,0.2,0.21,119.32,546.62,0.01,0.79,0.8,546.62,119.32,0.01,0.205,0.795,0.820825,0.179175,66866.03
1775175138539,2026-04-03T00:12:18.539,btc-updown-15m-1775174400,1775175300,Down,2603766228794065587285559299405895721691107695037524308921869820016918913478,230600860841843600287038557043894670243217902155441611654796088064932192386,0.2,0.21,151.29,443.0,0.01,0.79,0.8,443.0,151.29,0.01,0.205,0.795,0.745427,0.254573,66866.04
1775175139541,2026-04-03T00:12:19.541,btc-updown-15m-1775174400,1775175300,Down,2603766228794065587285559299405895721691107695037524308921869820016918913478,230600860841843600287038557043894670243217902155441611654796088064932192386,0.2,0.21,214.29,307.0,0.01,0.79,0.8,307.0,214.29,0.01,0.205,0.795,0.588924,0.411076,66866.04
1775175140542,2026-04-03T00:12:20.542,btc-updown-15m-1775174400,1775175300,Down,2603766228794065587285559299405895721691107695037524308921869820016918913478,230600860841843600287038557043894670243217902155441611654796088064932192386,0.2,0.21,214.29,269.0,0.01,0.79,0.8,269.0,214.29,0.01,0.205,0.795,0.556602,0.443398,66866.04
1775175141543,2026-04-03T00:12:21.543,btc-updown-15m-1775174400,1775175300,Down,2603766228794065587285559299405895721691107695037524308921869820016918913478,230600860841843600287038557043894670243217902155441611654796088064932192386,0.2,0.21,214.29,269.0,0.01,0.79,0.8,269.0,214.29,0.01,0.205,0.795,0.556602,0.443398,66866.03
1775175142543,2026-04-03T00:12:22.543,btc-updown-15m-1775174400,1775175300,Down,2603766228794065587285559299405895721691107695037524308921869820016918913478,230600860841843600287038557043894670243217902155441611654796088064932192386,0.2,0.21,284.29,465.5,0.01,0.79,0.8,465.5,284.29,0.01,0.205,0.795,0.620841,0.379159,66866.03
1775175143544,2026-04-03T00:12:23.544,btc-updown-15m-1775174400,1775175300,Down,2603766228794065587285559299405895721691107695037524308921869820016918913478,230600860841843600287038557043894670243217902155441611654796088064932192386,0.2,0.21,298.29,245.41,0.01,0.79,0.8,245.41,298.29,0.01,0.205,0.795,0.45137,0.54863,66866.03
1775175144544,2026-04-03T00:12:24.544,btc-updown-15m-1775174400,1775175300,Down,2603766228794065587285559299405895721691107695037524308921869820016918913478,230600860841843600287038557043894670243217902155441611654796088064932192386,0.21,0.22,47.68,393.0,0.01,0.78,0.79,393.0,47.68,0.01,0.215,0.785,0.891804,0.108196,66871.92
1775175145546,2026-04-03T00:12:25.546,btc-updown-15m-1775174400,1775175300,Down,2603766228794065587285559299405895721691107695037524308921869820016918913478,230600860841843600287038557043894670243217902155441611654796088064932192386,0.24,0.25,104.27,175.72,0.01,0.75,0.76,175.72,104.27,0.01,0.245,0.755,0.627594,0.372406,66871.92
1775175146547,2026-04-03T00:12:26.547,btc-updown-15m-1775174400,1775175300,Down,2603766228794065587285559299405895721691107695037524308921869820016918913478,230600860841843600287038557043894670243217902155441611654796088064932192386,0.24,0.25,107.93,220.29,0.01,0.75,0.76,220.29,107.93,0.01,0.245,0.755,0.671166,0.328834,66871.92
1775175147548,2026-04-03T00:12:27.548,btc-updown-15m-1775174400,1775175300,Down,2603766228794065587285559299405895721691107695037524308921869820016918913478,230600860841843600287038557043894670243217902155441611654796088064932192386,0.24,0.25,107.93,220.29,0.01,0.75,0.76,220.29,107.93,0.01,0.245,0.755,0.671166,0.328834,66875.07
1775175148549,2026-04-03T00:12:28.549,btc-updown-15m-1775174400,1775175300,Down,2603766228794065587285559299405895721691107695037524308921869820016918913478,230600860841843600287038557043894670243217902155441611654796088064932192386,0.24,0.25,103.93,152.29,0.01,0.75,0.76,152.29,103.93,0.01,0.245,0.755,0.594372,0.405628,66875.07
1775175149550,2026-04-03T00:12:29.550,btc-updown-15m-1775174400,1775175300,Down,2603766228794065587285559299405895721691107695037524308921869820016918913478,230600860841843600287038557043894670243217902155441611654796088064932192386,0.24,0.25,103.93,152.29,0.01,0.75,0.76,152.29,103.93,0.01,0.245,0.755,0.594372,0.405628,66875.07
1775175150552,2026-04-03T00:12:30.552,btc-updown-15m-1775174400,1775175300,Down,2603766228794065587285559299405895721691107695037524308921869820016918913478,230600860841843600287038557043894670243217902155441611654796088064932192386,0.24,0.25,103.93,152.29,0.01,0.75,0.76,152.29,103.93,0.01,0.245,0.755,0.594372,0.405628,66875.07
1775175151553,2026-04-03T00:12:31.553,btc-updown-15m-1775174400,1775175300,Down,2603766228794065587285559299405895721691107695037524308921869820016918913478,230600860841843600287038557043894670243217902155441611654796088064932192386,0.24,0.25,103.93,152.29,0.01,0.75,0.76,152.29,103.93,0.01,0.245,0.755,0.594372,0.405628,66875.07
1775175152554,2026-04-03T00:12:32.554,btc-updown-15m-1775174400,1775175300,Down,2603766228794065587285559299405895721691107695037524308921869820016918913478,230600860841843600287038557043894670243217902155441611654796088064932192386,0.19,0.2,176.53,17.88,0.01,0.8,0.81,17.88,176.53,0.01,0.195,0.805,0.091971,0.908029,66875.07
1775175153556,2026-04-03T00:12:33.556,btc-updown-15m-1775174400,1775175300,Down,2603766228794065587285559299405895721691107695037524308921869820016918913478,230600860841843600287038557043894670243217902155441611654796088064932192386,0.19,0.21,131.54,30.26,0.02,0.79,0.81,30.26,131.54,0.02,0.2,0.8,0.187021,0.812979,66875.07
1775175154557,2026-04-03T00:12:34.557,btc-updown-15m-1775174400,1775175300,Down,2603766228794065587285559299405895721691107695037524308921869820016918913478,230600860841843600287038557043894670243217902155441611654796088064932192386,0.19,0.2,12.13,44.39,0.01,0.8,0.81,44.39,12.13,0.01,0.195,0.805,0.785386,0.214614,66875.07
1775175155558,2026-04-03T00:12:35.558,btc-updown-15m-1775174400,1775175300,Down,2603766228794065587285559299405895721691107695037524308921869820016918913478,230600860841843600287038557043894670243217902155441611654796088064932192386,0.2,0.21,5.88,195.68,0.01,0.79,0.8,195.68,5.88,0.01,0.205,0.795,0.970828,0.029172,66875.07
1775175156559,2026-04-03T00:12:36.559,btc-updown-15m-1775174400,1775175300,Down,2603766228794065587285559299405895721691107695037524308921869820016918913478,230600860841843600287038557043894670243217902155441611654796088064932192386,0.2,0.21,51.43,125.88,0.01,0.79,0.8,125.88,51.43,0.01,0.205,0.795,0.709943,0.290057,66875.06
1775175157559,2026-04-03T00:12:37.559,btc-updown-15m-1775174400,1775175300,Down,2603766228794065587285559299405895721691107695037524308921869820016918913478,230600860841843600287038557043894670243217902155441611654796088064932192386,0.2,0.21,51.43,125.88,0.01,0.79,0.8,125.88,51.43,0.01,0.205,0.795,0.709943,0.290057,66875.06
1775175158560,2026-04-03T00:12:38.560,btc-updown-15m-1775174400,1775175300,Down,2603766228794065587285559299405895721691107695037524308921869820016918913478,230600860841843600287038557043894670243217902155441611654796088064932192386,0.2,0.21,44.43,152.75,0.01,0.79,0.8,152.75,44.43,0.01,0.205,0.795,0.774673,0.225327,66875.06
1775175159561,2026-04-03T00:12:39.561,btc-updown-15m-1775174400,1775175300,Down,2603766228794065587285559299405895721691107695037524308921869820016918913478,230600860841843600287038557043894670243217902155441611654796088064932192386,0.2,0.22,462.93,122.0,0.02,0.78,0.8,122.0,462.93,0.02,0.21,0.79,0.208572,0.791428,66875.06
1775175160562,2026-04-03T00:12:40.562,btc-updown-15m-1775174400,1775175300,Down,2603766228794065587285559299405895721691107695037524308921869820016918913478,230600860841843600287038557043894670243217902155441611654796088064932192386,0.2,0.22,462.93,122.0,0.02,0.78,0.8,122.0,462.93,0.02,0.21,0.79,0.208572,0.791428,66875.06
1775175161562,2026-04-03T00:12:41.562,btc-updown-15m-1775174400,1775175300,Down,2603766228794065587285559299405895721691107695037524308921869820016918913478,230600860841843600287038557043894670243217902155441611654796088064932192386,0.2,0.21,210.0,42.6,0.01,0.79,0.8,42.6,210.0,0.01,0.205,0.795,0.168646,0.831354,66875.06
1775175162563,2026-04-03T00:12:42.563,btc-updown-15m-1775174400,1775175300,Down,2603766228794065587285559299405895721691107695037524308921869820016918913478,230600860841843600287038557043894670243217902155441611654796088064932192386,0.2,0.21,210.0,42.6,0.01,0.79,0.8,42.6,210.0,0.01,0.205,0.795,0.168646,0.831354,66875.07
1775175163564,2026-04-03T00:12:43.564,btc-updown-15m-1775174400,1775175300,Down,2603766228794065587285559299405895721691107695037524308921869820016918913478,230600860841843600287038557043894670243217902155441611654796088064932192386,0.15,0.17,33.0,222.0,0.02,0.83,0.85,222.0,33.0,0.02,0.16,0.84,0.870588,0.129412,66875.07
1775175164565,2026-04-03T00:12:44.565,btc-updown-15m-1775174400,1775175300,Down,2603766228794065587285559299405895721691107695037524308921869820016918913478,230600860841843600287038557043894670243217902155441611654796088064932192386,0.15,0.17,33.0,222.0,0.02,0.83,0.85,222.0,33.0,0.02,0.16,0.84,0.870588,0.129412,66875.07
1775175165566,2026-04-03T00:12:45.566,btc-updown-15m-1775174400,1775175300,Down,2603766228794065587285559299405895721691107695037524308921869820016918913478,230600860841843600287038557043894670243217902155441611654796088064932192386,0.15,0.17,33.0,222.0,0.02,0.83,0.85,222.0,33.0,0.02,0.16,0.84,0.870588,0.129412,66868.5
1775175166566,2026-04-03T00:12:46.566,btc-updown-15m-1775174400,1775175300,Down,2603766228794065587285559299405895721691107695037524308921869820016918913478,230600860841843600287038557043894670243217902155441611654796088064932192386,0.15,0.17,33.0,222.0,0.02,0.83,0.85,222.0,33.0,0.02,0.16,0.84,0.870588,0.129412,66868.5
1775175167567,2026-04-03T00:12:47.567,btc-updown-15m-1775174400,1775175300,Down,2603766228794065587285559299405895721691107695037524308921869820016918913478,230600860841843600287038557043894670243217902155441611654796088064932192386,0.14,0.15,17.5,38.88,0.01,0.85,0.86,38.88,17.5,0.01,0.145,0.855,0.689606,0.310394,66868.5
1775175168568,2026-04-03T00:12:48.568,btc-updown-15m-1775174400,1775175300,Down,2603766228794065587285559299405895721691107695037524308921869820016918913478,230600860841843600287038557043894670243217902155441611654796088064932192386,0.08,0.09,124.65,258.01,0.01,0.91,0.92,258.01,124.65,0.01,0.085,0.915,0.674254,0.325746,66856.05
1775175169568,2026-04-03T00:12:49.568,btc-updown-15m-1775174400,1775175300,Down,2603766228794065587285559299405895721691107695037524308921869820016918913478,230600860841843600287038557043894670243217902155441611654796088064932192386,0.08,0.09,117.19,154.88,0.01,0.91,0.92,154.88,117.19,0.01,0.085,0.915,0.569265,0.430735,66856.05
1775175170570,2026-04-03T00:12:50.570,btc-updown-15m-1775174400,1775175300,Down,2603766228794065587285559299405895721691107695037524308921869820016918913478,230600860841843600287038557043894670243217902155441611654796088064932192386,0.08,0.09,154.49,58.83,0.01,0.91,0.92,58.83,154.49,0.01,0.085,0.915,0.275783,0.724217,66856.05
1775175171571,2026-04-03T00:12:51.571,btc-updown-15m-1775174400,1775175300,Down,2603766228794065587285559299405895721691107695037524308921869820016918913478,230600860841843600287038557043894670243217902155441611654796088064932192386,0.08,0.09,147.67,118.83,0.01,0.91,0.92,118.83,147.67,0.01,0.085,0.915,0.445891,0.554109,66856.04
1775175172572,2026-04-03T00:12:52.572,btc-updown-15m-1775174400,1775175300,Down,2603766228794065587285559299405895721691107695037524308921869820016918913478,230600860841843600287038557043894670243217902155441611654796088064932192386,0.08,0.09,147.67,118.83,0.01,0.91,0.92,118.83,147.67,0.01,0.085,0.915,0.445891,0.554109,66856.04
1775175173573,2026-04-03T00:12:53.573,btc-updown-15m-1775174400,1775175300,Down,2603766228794065587285559299405895721691107695037524308921869820016918913478,230600860841843600287038557043894670243217902155441611654796088064932192386,0.07,0.08,10.02,258.0,0.01,0.92,0.93,258.0,10.02,0.01,0.075,0.925,0.962615,0.037385,66856.04
1775175174574,2026-04-03T00:12:54.574,btc-updown-15m-1775174400,1775175300,Down,2603766228794065587285559299405895721691107695037524308921869820016918913478,230600860841843600287038557043894670243217902155441611654796088064932192386,0.07,0.08,10.02,258.0,0.01,0.92,0.93,258.0,10.02,0.01,0.075,0.925,0.962615,0.037385,66856.05
1775175175574,2026-04-03T00:12:55.574,btc-updown-15m-1775174400,1775175300,Down,2603766228794065587285559299405895721691107695037524308921869820016918913478,230600860841843600287038557043894670243217902155441611654796088064932192386,0.07,0.08,241.21,172.32,0.01,0.92,0.93,172.32,241.21,0.01,0.075,0.925,0.416705,0.583295,66856.05
1775175176575,2026-04-03T00:12:56.575,btc-updown-15m-1775174400,1775175300,Down,2603766228794065587285559299405895721691107695037524308921869820016918913478,230600860841843600287038557043894670243217902155441611654796088064932192386,0.06,0.07,700.57,66.94,0.01,0.93,0.94,66.94,700.57,0.01,0.065,0.935,0.087217,0.912783,66856.05
1775175177575,2026-04-03T00:12:57.575,btc-updown-15m-1775174400,1775175300,Down,2603766228794065587285559299405895721691107695037524308921869820016918913478,230600860841843600287038557043894670243217902155441611654796088064932192386,0.06,0.07,714.57,0.41,0.01,0.93,0.94,0.41,714.57,0.01,0.065,0.935,0.000573,0.999427,66850.13
1775175178576,2026-04-03T00:12:58.576,btc-updown-15m-1775174400,1775175300,Down,2603766228794065587285559299405895721691107695037524308921869820016918913478,230600860841843600287038557043894670243217902155441611654796088064932192386,0.06,0.07,714.57,0.41,0.01,0.93,0.94,0.41,714.57,0.01,0.065,0.935,0.000573,0.999427,66850.13
1775175179576,2026-04-03T00:12:59.576,btc-updown-15m-1775174400,1775175300,Down,2603766228794065587285559299405895721691107695037524308921869820016918913478,230600860841843600287038557043894670243217902155441611654796088064932192386,0.05,0.06,260.19,20.88,0.01,0.94,0.95,20.88,260.19,0.01,0.055,0.945,0.074288,0.925712,66850.13
1775175180577,2026-04-03T00:13:00.577,btc-updown-15m-1775174400,1775175300,Down,2603766228794065587285559299405895721691107695037524308921869820016918913478,230600860841843600287038557043894670243217902155441611654796088064932192386,0.05,0.06,313.27,145.88,0.01,0.94,0.95,145.88,313.27,0.01,0.055,0.945,0.317718,0.682282,66850.13
1775175181578,2026-04-03T00:13:01.578,btc-updown-15m-1775174400,1775175300,Down,2603766228794065587285559299405895721691107695037524308921869820016918913478,230600860841843600287038557043894670243217902155441611654796088064932192386,0.05,0.06,319.78,109.44,0.01,0.94,0.95,109.44,319.78,0.01,0.055,0.945,0.254974,0.745026,66850.13
1775175182579,2026-04-03T00:13:02.579,btc-updown-15m-1775174400,1775175300,Down,2603766228794065587285559299405895721691107695037524308921869820016918913478,230600860841843600287038557043894670243217902155441611654796088064932192386,0.05,0.06,216.44,89.92,0.01,0.94,0.95,89.92,216.44,0.01,0.055,0.945,0.293511,0.706489,66850.13
1775175183580,2026-04-03T00:13:03.580,btc-updown-15m-1775174400,1775175300,Down,2603766228794065587285559299405895721691107695037524308921869820016918913478,230600860841843600287038557043894670243217902155441611654796088064932192386,0.05,0.06,238.49,25.88,0.01,0.94,0.95,25.88,238.49,0.01,0.055,0.945,0.097893,0.902107,66846.0
1775175184581,2026-04-03T00:13:04.581,btc-updown-15m-1775174400,1775175300,Down,2603766228794065587285559299405895721691107695037524308921869820016918913478,230600860841843600287038557043894670243217902155441611654796088064932192386,0.03,0.04,174.5,232.46,0.01,0.96,0.97,232.46,174.5,0.01,0.035,0.965,0.571211,0.428789,66846.0
1775175185581,2026-04-03T00:13:05.581,btc-updown-15m-1775174400,1775175300,Down,2603766228794065587285559299405895721691107695037524308921869820016918913478,230600860841843600287038557043894670243217902155441611654796088064932192386,0.03,0.04,257.69,132.04,0.01,0.96,0.97,132.04,257.69,0.01,0.035,0.965,0.338799,0.661201,66846.0
1775175186582,2026-04-03T00:13:06.582,btc-updown-15m-1775174400,1775175300,Down,2603766228794065587285559299405895721691107695037524308921869820016918913478,230600860841843600287038557043894670243217902155441611654796088064932192386,0.02,0.03,299.69,611.37,0.01,0.97,0.98,611.37,299.69,0.01,0.025,0.975,0.671053,0.328947,66834.04
1775175187582,2026-04-03T00:13:07.582,btc-updown-15m-1775174400,1775175300,Down,2603766228794065587285559299405895721691107695037524308921869820016918913478,230600860841843600287038557043894670243217902155441611654796088064932192386,0.02,0.03,433.26,516.33,0.01,0.97,0.98,516.33,433.26,0.01,0.025,0.975,0.54374,0.45626,66834.04
1775175188584,2026-04-03T00:13:08.584,btc-updown-15m-1775174400,1775175300,Down,2603766228794065587285559299405895721691107695037524308921869820016918913478,230600860841843600287038557043894670243217902155441611654796088064932192386,0.02,0.03,296.74,536.33,0.01,0.97,0.98,536.33,296.74,0.01,0.025,0.975,0.643799,0.356201,66834.04
1775175189586,2026-04-03T00:13:09.586,btc-updown-15m-1775174400,1775175300,Down,2603766228794065587285559299405895721691107695037524308921869820016918913478,230600860841843600287038557043894670243217902155441611654796088064932192386,0.02,0.03,315.05,468.72,0.01,0.97,0.98,468.72,315.05,0.01,0.025,0.975,0.598033,0.401967,66832.15
1775175190587,2026-04-03T00:13:10.587,btc-updown-15m-1775174400,1775175300,Down,2603766228794065587285559299405895721691107695037524308921869820016918913478,230600860841843600287038557043894670243217902155441611654796088064932192386,0.02,0.03,415.05,443.2,0.01,0.97,0.98,443.2,415.05,0.01,0.025,0.975,0.5164,0.4836,66832.15
1775175191588,2026-04-03T00:13:11.588,btc-updown-15m-1775174400,1775175300,Down,2603766228794065587285559299405895721691107695037524308921869820016918913478,230600860841843600287038557043894670243217902155441611654796088064932192386,0.02,0.03,350.69,466.12,0.01,0.97,0.98,466.12,350.69,0.01,0.025,0.975,0.570659,0.429341,66832.15
1775175192589,2026-04-03T00:13:12.589,btc-updown-15m-1775174400,1775175300,Down,2603766228794065587285559299405895721691107695037524308921869820016918913478,230600860841843600287038557043894670243217902155441611654796088064932192386,0.02,0.03,358.69,40.55,0.01,0.97,0.98,40.55,358.69,0.01,0.025,0.975,0.101568,0.898432,66832.16
1775175193590,2026-04-03T00:13:13.590,btc-updown-15m-1775174400,1775175300,Down,2603766228794065587285559299405895721691107695037524308921869820016918913478,230600860841843600287038557043894670243217902155441611654796088064932192386,0.02,0.03,378.69,80.93,0.01,0.97,0.98,80.93,378.69,0.01,0.025,0.975,0.17608,0.82392,66832.16
1775175194591,2026-04-03T00:13:14.591,btc-updown-15m-1775174400,1775175300,Down,2603766228794065587285559299405895721691107695037524308921869820016918913478,230600860841843600287038557043894670243217902155441611654796088064932192386,0.02,0.03,290.69,95.93,0.01,0.97,0.98,95.93,290.69,0.01,0.025,0.975,0.248125,0.751875,66832.16
1775175195592,2026-04-03T00:13:15.592,btc-updown-15m-1775174400,1775175300,Down,2603766228794065587285559299405895721691107695037524308921869820016918913478,230600860841843600287038557043894670243217902155441611654796088064932192386,0.02,0.03,363.69,44.49,0.01,0.97,0.98,44.49,363.69,0.01,0.025,0.975,0.108996,0.891004,66832.15
1775175196595,2026-04-03T00:13:16.595,btc-updown-15m-1775174400,1775175300,Down,2603766228794065587285559299405895721691107695037524308921869820016918913478,230600860841843600287038557043894670243217902155441611654796088064932192386,0.02,0.03,363.69,44.49,0.01,0.97,0.98,44.49,363.69,0.01,0.025,0.975,0.108996,0.891004,66832.15
1775175197595,2026-04-03T00:13:17.595,btc-updown-15m-1775174400,1775175300,Down,2603766228794065587285559299405895721691107695037524308921869820016918913478,230600860841843600287038557043894670243217902155441611654796088064932192386,0.02,0.03,434.3,99.25,0.01,0.97,0.98,99.25,434.3,0.01,0.025,0.975,0.186018,0.813982,66832.15
1775175198596,2026-04-03T00:13:18.596,btc-updown-15m-1775174400,1775175300,Down,2603766228794065587285559299405895721691107695037524308921869820016918913478,230600860841843600287038557043894670243217902155441611654796088064932192386,0.02,0.03,420.96,114.65,0.01,0.97,0.98,114.65,420.96,0.01,0.025,0.975,0.214055,0.785945,66832.16
1775175199598,2026-04-03T00:13:19.598,btc-updown-15m-1775174400,1775175300,Down,2603766228794065587285559299405895721691107695037524308921869820016918913478,230600860841843600287038557043894670243217902155441611654796088064932192386,0.02,0.03,383.84,135.77,0.01,0.97,0.98,135.77,383.84,0.01,0.025,0.975,0.261292,0.738708,66832.16
1775175200599,2026-04-03T00:13:20.599,btc-updown-15m-1775174400,1775175300,Down,2603766228794065587285559299405895721691107695037524308921869820016918913478,230600860841843600287038557043894670243217902155441611654796088064932192386,0.02,0.03,434.54,123.0,0.01,0.97,0.98,123.0,434.54,0.01,0.025,0.975,0.220612,0.779388,66832.16
1775175201599,2026-04-03T00:13:21.599,btc-updown-15m-1775174400,1775175300,Down,2603766228794065587285559299405895721691107695037524308921869820016918913478,230600860841843600287038557043894670243217902155441611654796088064932192386,0.02,0.03,421.2,110.22,0.01,0.97,0.98,110.22,421.2,0.01,0.025,0.975,0.207407,0.792593,66832.15
1775175202601,2026-04-03T00:13:22.601,btc-updown-15m-1775174400,1775175300,Down,2603766228794065587285559299405895721691107695037524308921869820016918913478,230600860841843600287038557043894670243217902155441611654796088064932192386,0.02,0.03,436.2,110.51,0.01,0.97,0.98,110.51,436.2,0.01,0.025,0.975,0.202136,0.797864,66832.15
1775175203601,2026-04-03T00:13:23.601,btc-updown-15m-1775174400,1775175300,Down,2603766228794065587285559299405895721691107695037524308921869820016918913478,230600860841843600287038557043894670243217902155441611654796088064932192386,0.02,0.03,530.5,105.4,0.01,0.97,0.98,105.4,530.5,0.01,0.025,0.975,0.165749,0.834251,66832.15
1775175204603,2026-04-03T00:13:24.603,btc-updown-15m-1775174400,1775175300,Down,2603766228794065587285559299405895721691107695037524308921869820016918913478,230600860841843600287038557043894670243217902155441611654796088064932192386,0.02,0.03,517.5,100.8,0.01,0.97,0.98,100.8,517.5,0.01,0.025,0.975,0.163028,0.836972,66828.03
1775175205604,2026-04-03T00:13:25.604,btc-updown-15m-1775174400,1775175300,Down,2603766228794065587285559299405895721691107695037524308921869820016918913478,230600860841843600287038557043894670243217902155441611654796088064932192386,0.02,0.03,566.5,95.8,0.01,0.97,0.98,95.8,566.5,0.01,0.025,0.975,0.144647,0.855353,66828.03
1775175206604,2026-04-03T00:13:26.604,btc-updown-15m-1775174400,1775175300,Down,2603766228794065587285559299405895721691107695037524308921869820016918913478,230600860841843600287038557043894670243217902155441611654796088064932192386,0.02,0.03,559.69,41.83,0.01,0.97,0.98,41.83,559.69,0.01,0.025,0.975,0.06954,0.93046,66828.03
1775175207604,2026-04-03T00:13:27.604,btc-updown-15m-1775174400,1775175300,Down,2603766228794065587285559299405895721691107695037524308921869820016918913478,230600860841843600287038557043894670243217902155441611654796088064932192386,0.01,0.02,339.01,2419.77,0.01,0.98,0.99,2419.77,339.01,0.01,0.015,0.985,0.877116,0.122884,66828.0
1775175208605,2026-04-03T00:13:28.605,btc-updown-15m-1775174400,1775175300,Down,2603766228794065587285559299405895721691107695037524308921869820016918913478,230600860841843600287038557043894670243217902155441611654796088064932192386,0.01,0.02,382.35,2352.25,0.01,0.98,0.99,2352.25,382.35,0.01,0.015,0.985,0.860181,0.139819,66828.0
1775175209606,2026-04-03T00:13:29.606,btc-updown-15m-1775174400,1775175300,Down,2603766228794065587285559299405895721691107695037524308921869820016918913478,230600860841843600287038557043894670243217902155441611654796088064932192386,0.01,0.02,632.85,2429.24,0.01,0.98,0.99,2429.24,632.85,0.01,0.015,0.985,0.793327,0.206673,66828.0
1775175210607,2026-04-03T00:13:30.607,btc-updown-15m-1775174400,1775175300,Down,2603766228794065587285559299405895721691107695037524308921869820016918913478,230600860841843600287038557043894670243217902155441611654796088064932192386,0.01,0.02,863.55,2212.47,0.01,0.98,0.99,2212.47,863.55,0.01,0.015,0.985,0.719264,0.280736,66828.0
1775175211608,2026-04-03T00:13:31.608,btc-updown-15m-1775174400,1775175300,Down,2603766228794065587285559299405895721691107695037524308921869820016918913478,230600860841843600287038557043894670243217902155441611654796088064932192386,0.01,0.02,899.73,2254.47,0.01,0.98,0.99,2254.47,899.73,0.01,0.015,0.985,0.714752,0.285248,66828.0
1775175212609,2026-04-03T00:13:32.609,btc-updown-15m-1775174400,1775175300,Down,2603766228794065587285559299405895721691107695037524308921869820016918913478,230600860841843600287038557043894670243217902155441611654796088064932192386,0.01,0.02,786.67,1880.39,0.01,0.98,0.99,1880.39,786.67,0.01,0.015,0.985,0.705042,0.294958,66828.0
1775175213610,2026-04-03T00:13:33.610,btc-updown-15m-1775174400,1775175300,Down,2603766228794065587285559299405895721691107695037524308921869820016918913478,230600860841843600287038557043894670243217902155441611654796088064932192386,0.01,0.02,786.67,1880.39,0.01,0.98,0.99,1880.39,786.67,0.01,0.015,0.985,0.705042,0.294958,66828.0
1775175214611,2026-04-03T00:13:34.611,btc-updown-15m-1775174400,1775175300,Down,2603766228794065587285559299405895721691107695037524308921869820016918913478,230600860841843600287038557043894670243217902155441611654796088064932192386,0.01,0.02,1169.58,1835.39,0.01,0.98,0.99,1835.39,1169.58,0.01,0.015,0.985,0.610785,0.389215,66828.0
1775175215612,2026-04-03T00:13:35.612,btc-updown-15m-1775174400,1775175300,Down,2603766228794065587285559299405895721691107695037524308921869820016918913478,230600860841843600287038557043894670243217902155441611654796088064932192386,0.01,0.02,1169.58,1835.39,0.01,0.98,0.99,1835.39,1169.58,0.01,0.015,0.985,0.610785,0.389215,66828.0
1775175216613,2026-04-03T00:13:36.613,btc-updown-15m-1775174400,1775175300,Down,2603766228794065587285559299405895721691107695037524308921869820016918913478,230600860841843600287038557043894670243217902155441611654796088064932192386,0.01,0.02,1077.58,1822.37,0.01,0.98,0.99,1822.37,1077.58,0.01,0.015,0.985,0.628414,0.371586,66828.0
1775175217614,2026-04-03T00:13:37.614,btc-updown-15m-1775174400,1775175300,Down,2603766228794065587285559299405895721691107695037524308921869820016918913478,230600860841843600287038557043894670243217902155441611654796088064932192386,0.01,0.02,1087.77,1789.37,0.01,0.98,0.99,1789.37,1087.77,0.01,0.015,0.985,0.621927,0.378073,66828.0
1775175218615,2026-04-03T00:13:38.615,btc-updown-15m-1775174400,1775175300,Down,2603766228794065587285559299405895721691107695037524308921869820016918913478,230600860841843600287038557043894670243217902155441611654796088064932192386,0.01,0.02,792.14,1500.37,0.01,0.98,0.99,1500.37,792.14,0.01,0.015,0.985,0.654466,0.345534,66828.0
1775175219616,2026-04-03T00:13:39.616,btc-updown-15m-1775174400,1775175300,Down,2603766228794065587285559299405895721691107695037524308921869820016918913478,230600860841843600287038557043894670243217902155441611654796088064932192386,0.01,0.02,792.14,1500.37,0.01,0.98,0.99,1500.37,792.14,0.01,0.015,0.985,0.654466,0.345534,66832.17
1775175220617,2026-04-03T00:13:40.617,btc-updown-15m-1775174400,1775175300,Down,2603766228794065587285559299405895721691107695037524308921869820016918913478,230600860841843600287038557043894670243217902155441611654796088064932192386,0.01,0.02,951.47,1484.37,0.01,0.98,0.99,1484.37,951.47,0.01,0.015,0.985,0.609387,0.390613,66832.17
1775175221617,2026-04-03T00:13:41.617,btc-updown-15m-1775174400,1775175300,Down,2603766228794065587285559299405895721691107695037524308921869820016918913478,230600860841843600287038557043894670243217902155441611654796088064932192386,0.01,0.02,1006.47,1785.37,0.01,0.98,0.99,1785.37,1006.47,0.01,0.015,0.985,0.639496,0.360504,66832.17
1775175222617,2026-04-03T00:13:42.617,btc-updown-15m-1775174400,1775175300,Down,2603766228794065587285559299405895721691107695037524308921869820016918913478,230600860841843600287038557043894670243217902155441611654796088064932192386,0.01,0.02,1006.47,1785.37,0.01,0.98,0.99,1785.37,1006.47,0.01,0.015,0.985,0.639496,0.360504,66832.16
1775175223618,2026-04-03T00:13:43.618,btc-updown-15m-1775174400,1775175300,Down,2603766228794065587285559299405895721691107695037524308921869820016918913478,230600860841843600287038557043894670243217902155441611654796088064932192386,0.01,0.02,1006.47,1785.37,0.01,0.98,0.99,1785.37,1006.47,0.01,0.015,0.985,0.639496,0.360504,66832.16
1775175224619,2026-04-03T00:13:44.619,btc-updown-15m-1775174400,1775175300,Down,2603766228794065587285559299405895721691107695037524308921869820016918913478,230600860841843600287038557043894670243217902155441611654796088064932192386,0.01,0.02,1006.47,1785.37,0.01,0.98,0.99,1785.37,1006.47,0.01,0.015,0.985,0.639496,0.360504,66832.16
1775175225620,2026-04-03T00:13:45.620,btc-updown-15m-1775174400,1775175300,Down,2603766228794065587285559299405895721691107695037524308921869820016918913478,230600860841843600287038557043894670243217902155441611654796088064932192386,0.01,0.02,1000.28,1785.31,0.01,0.98,0.99,1785.31,1000.28,0.01,0.015,0.985,0.640909,0.359091,66832.16
1775175226621,2026-04-03T00:13:46.621,btc-updown-15m-1775174400,1775175300,Down,2603766228794065587285559299405895721691107695037524308921869820016918913478,230600860841843600287038557043894670243217902155441611654796088064932192386,0.01,0.02,1000.28,1785.31,0.01,0.98,0.99,1785.31,1000.28,0.01,0.015,0.985,0.640909,0.359091,66832.16
1775175227621,2026-04-03T00:13:47.621,btc-updown-15m-1775174400,1775175300,Down,2603766228794065587285559299405895721691107695037524308921869820016918913478,230600860841843600287038557043894670243217902155441611654796088064932192386,0.01,0.02,997.37,1785.65,0.01,0.98,0.99,1785.65,997.37,0.01,0.015,0.985,0.641623,0.358377,66832.16
1775175228622,2026-04-03T00:13:48.622,btc-updown-15m-1775174400,1775175300,Down,2603766228794065587285559299405895721691107695037524308921869820016918913478,230600860841843600287038557043894670243217902155441611654796088064932192386,0.01,0.02,954.03,1785.65,0.01,0.98,0.99,1785.65,954.03,0.01,0.015,0.985,0.651773,0.348227,66839.95
1775175229624,2026-04-03T00:13:49.624,btc-updown-15m-1775174400,1775175300,Down,2603766228794065587285559299405895721691107695037524308921869820016918913478,230600860841843600287038557043894670243217902155441611654796088064932192386,0.01,0.02,954.03,1785.65,0.01,0.98,0.99,1785.65,954.03,0.01,0.015,0.985,0.651773,0.348227,66839.95
1775175230625,2026-04-03T00:13:50.625,btc-updown-15m-1775174400,1775175300,Down,2603766228794065587285559299405895721691107695037524308921869820016918913478,230600860841843600287038557043894670243217902155441611654796088064932192386,0.01,0.02,954.03,1785.65,0.01,0.98,0.99,1785.65,954.03,0.01,0.015,0.985,0.651773,0.348227,66839.95
1775175231625,2026-04-03T00:13:51.625,btc-updown-15m-1775174400,1775175300,Down,2603766228794065587285559299405895721691107695037524308921869820016918913478,230600860841843600287038557043894670243217902155441611654796088064932192386,0.01,0.02,706.34,1764.65,0.01,0.98,0.99,1764.65,706.34,0.01,0.015,0.985,0.714147,0.285853,66839.96
1775175232626,2026-04-03T00:13:52.626,btc-updown-15m-1775174400,1775175300,Down,2603766228794065587285559299405895721691107695037524308921869820016918913478,230600860841843600287038557043894670243217902155441611654796088064932192386,0.01,0.02,706.34,1764.65,0.01,0.98,0.99,1764.65,706.34,0.01,0.015,0.985,0.714147,0.285853,66839.96
1775175233627,2026-04-03T00:13:53.627,btc-updown-15m-1775174400,1775175300,Down,2603766228794065587285559299405895721691107695037524308921869820016918913478,230600860841843600287038557043894670243217902155441611654796088064932192386,0.01,0.02,702.34,1564.65,0.01,0.98,0.99,1564.65,702.34,0.01,0.015,0.985,0.690188,0.309812,66839.96
1775175234627,2026-04-03T00:13:54.627,btc-updown-15m-1775174400,1775175300,Down,2603766228794065587285559299405895721691107695037524308921869820016918913478,230600860841843600287038557043894670243217902155441611654796088064932192386,0.01,0.02,594.28,1766.65,0.01,0.98,0.99,1766.65,594.28,0.01,0.015,0.985,0.748286,0.251714,66839.95
1775175235628,2026-04-03T00:13:55.628,btc-updown-15m-1775174400,1775175300,Down,2603766228794065587285559299405895721691107695037524308921869820016918913478,230600860841843600287038557043894670243217902155441611654796088064932192386,0.01,0.02,594.28,1766.65,0.01,0.98,0.99,1766.65,594.28,0.01,0.015,0.985,0.748286,0.251714,66839.95
1775175236629,2026-04-03T00:13:56.629,btc-updown-15m-1775174400,1775175300,Down,2603766228794065587285559299405895721691107695037524308921869820016918913478,230600860841843600287038557043894670243217902155441611654796088064932192386,0.01,0.02,554.28,1832.65,0.01,0.98,0.99,1832.65,554.28,0.01,0.015,0.985,0.767785,0.232215,66839.95
1775175237629,2026-04-03T00:13:57.629,btc-updown-15m-1775174400,1775175300,Down,2603766228794065587285559299405895721691107695037524308921869820016918913478,230600860841843600287038557043894670243217902155441611654796088064932192386,0.01,0.02,554.28,1832.65,0.01,0.98,0.99,1832.65,554.28,0.01,0.015,0.985,0.767785,0.232215,66839.96
1775175238630,2026-04-03T00:13:58.630,btc-updown-15m-1775174400,1775175300,Down,2603766228794065587285559299405895721691107695037524308921869820016918913478,230600860841843600287038557043894670243217902155441611654796088064932192386,0.01,0.02,554.28,1832.65,0.01,0.98,0.99,1832.65,554.28,0.01,0.015,0.985,0.767785,0.232215,66839.96
1775175239630,2026-04-03T00:13:59.630,btc-updown-15m-1775174400,1775175300,Down,2603766228794065587285559299405895721691107695037524308921869820016918913478,230600860841843600287038557043894670243217902155441611654796088064932192386,0.01,0.02,554.28,1832.65,0.01,0.98,0.99,1832.65,554.28,0.01,0.015,0.985,0.767785,0.232215,66839.96
1775175240631,2026-04-03T00:14:00.631,btc-updown-15m-1775174400,1775175300,Down,2603766228794065587285559299405895721691107695037524308921869820016918913478,230600860841843600287038557043894670243217902155441611654796088064932192386,,0.01,246.29,,,0.99,,,246.29,,,,,,66839.96
1775175241633,2026-04-03T00:14:01.633,btc-updown-15m-1775174400,1775175300,Down,2603766228794065587285559299405895721691107695037524308921869820016918913478,230600860841843600287038557043894670243217902155441611654796088064932192386,,0.01,2986.76,,,0.99,,,2986.76,,,,,,66839.96
1775175242633,2026-04-03T00:14:02.633,btc-updown-15m-1775174400,1775175300,Down,2603766228794065587285559299405895721691107695037524308921869820016918913478,230600860841843600287038557043894670243217902155441611654796088064932192386,,0.01,2950.25,,,0.99,,,2950.25,,,,,,66839.96
1775175243635,2026-04-03T00:14:03.635,btc-updown-15m-1775174400,1775175300,Down,2603766228794065587285559299405895721691107695037524308921869820016918913478,230600860841843600287038557043894670243217902155441611654796088064932192386,,0.01,2950.25,,,0.99,,,2950.25,,,,,,66839.96
1775175244635,2026-04-03T00:14:04.635,btc-updown-15m-1775174400,1775175300,Down,2603766228794065587285559299405895721691107695037524308921869820016918913478,230600860841843600287038557043894670243217902155441611654796088064932192386,,0.01,2950.25,,,0.99,,,2950.25,,,,,,66839.96
1775175245636,2026-04-03T00:14:05.636,btc-updown-15m-1775174400,1775175300,Down,2603766228794065587285559299405895721691107695037524308921869820016918913478,230600860841843600287038557043894670243217902155441611654796088064932192386,,0.01,2950.25,,,0.99,,,2950.25,,,,,,66839.96
1775175246637,2026-04-03T00:14:06.637,btc-updown-15m-1775174400,1775175300,Down,2603766228794065587285559299405895721691107695037524308921869820016918913478,230600860841843600287038557043894670243217902155441611654796088064932192386,,0.01,2950.25,,,0.99,,,2950.25,,,,,,66835.78
1775175247638,2026-04-03T00:14:07.638,btc-updown-15m-1775174400,1775175300,Down,2603766228794065587285559299405895721691107695037524308921869820016918913478,230600860841843600287038557043894670243217902155441611654796088064932192386,,0.01,2762.11,,,0.99,,,2762.11,,,,,,66835.78
1775175248639,2026-04-03T00:14:08.639,btc-updown-15m-1775174400,1775175300,Down,2603766228794065587285559299405895721691107695037524308921869820016918913478,230600860841843600287038557043894670243217902155441611654796088064932192386,,0.01,2966.7,,,0.99,,,2966.7,,,,,,66835.78
1775175249640,2026-04-03T00:14:09.640,btc-updown-15m-1775174400,1775175300,Down,2603766228794065587285559299405895721691107695037524308921869820016918913478,230600860841843600287038557043894670243217902155441611654796088064932192386,,0.01,2966.7,,,0.99,,,2966.7,,,,,,66832.16
1775175250641,2026-04-03T00:14:10.641,btc-updown-15m-1775174400,1775175300,Down,2603766228794065587285559299405895721691107695037524308921869820016918913478,230600860841843600287038557043894670243217902155441611654796088064932192386,,0.01,2966.7,,,0.99,,,2966.7,,,,,,66832.16
1775175251642,2026-04-03T00:14:11.642,btc-updown-15m-1775174400,1775175300,Down,2603766228794065587285559299405895721691107695037524308921869820016918913478,230600860841843600287038557043894670243217902155441611654796088064932192386,,0.01,2966.7,,,0.99,,,2966.7,,,,,,66832.16
1775175252642,2026-04-03T00:14:12.642,btc-updown-15m-1775174400,1775175300,Down,2603766228794065587285559299405895721691107695037524308921869820016918913478,230600860841843600287038557043894670243217902155441611654796088064932192386,,0.01,2966.7,,,0.99,,,2966.7,,,,,,66832.17
1775175253644,2026-04-03T00:14:13.644,btc-updown-15m-1775174400,1775175300,Down,2603766228794065587285559299405895721691107695037524308921869820016918913478,230600860841843600287038557043894670243217902155441611654796088064932192386,,0.01,2966.7,,,0.99,,,2966.7,,,,,,66832.17
1775175254644,2026-04-03T00:14:14.644,btc-updown-15m-1775174400,1775175300,Down,2603766228794065587285559299405895721691107695037524308921869820016918913478,230600860841843600287038557043894670243217902155441611654796088064932192386,,0.01,2966.7,,,0.99,,,2966.7,,,,,,66832.17
1775175255646,2026-04-03T00:14:15.646,btc-updown-15m-1775174400,1775175300,Down,2603766228794065587285559299405895721691107695037524308921869820016918913478,230600860841843600287038557043894670243217902155441611654796088064932192386,,0.01,2966.7,,,0.99,,,2966.7,,,,,,66832.17
1775175256647,2026-04-03T00:14:16.647,btc-updown-15m-1775174400,1775175300,Down,2603766228794065587285559299405895721691107695037524308921869820016918913478,230600860841843600287038557043894670243217902155441611654796088064932192386,,0.01,2966.7,,,0.99,,,2966.7,,,,,,66832.17
1775175257649,2026-04-03T00:14:17.649,btc-updown-15m-1775174400,1775175300,Down,2603766228794065587285559299405895721691107695037524308921869820016918913478,230600860841843600287038557043894670243217902155441611654796088064932192386,,0.01,2966.7,,,0.99,,,2966.7,,,,,,66832.17
1775175258650,2026-04-03T00:14:18.650,btc-updown-15m-1775174400,1775175300,Down,2603766228794065587285559299405895721691107695037524308921869820016918913478,230600860841843600287038557043894670243217902155441611654796088064932192386,,0.01,2966.7,,,0.99,,,2966.7,,,,,,66832.16
1775175259650,2026-04-03T00:14:19.650,btc-updown-15m-1775174400,1775175300,Down,2603766228794065587285559299405895721691107695037524308921869820016918913478,230600860841843600287038557043894670243217902155441611654796088064932192386,,0.01,2966.7,,,0.99,,,2966.7,,,,,,66832.16
1775175260652,2026-04-03T00:14:20.652,btc-updown-15m-1775174400,1775175300,Down,2603766228794065587285559299405895721691107695037524308921869820016918913478,230600860841843600287038557043894670243217902155441611654796088064932192386,,0.01,2966.7,,,0.99,,,2966.7,,,,,,66832.16
1775175261653,2026-04-03T00:14:21.653,btc-updown-15m-1775174400,1775175300,Down,2603766228794065587285559299405895721691107695037524308921869820016918913478,230600860841843600287038557043894670243217902155441611654796088064932192386,,0.01,2966.7,,,0.99,,,2966.7,,,,,,66832.16
1775175262653,2026-04-03T00:14:22.653,btc-updown-15m-1775174400,1775175300,Down,2603766228794065587285559299405895721691107695037524308921869820016918913478,230600860841843600287038557043894670243217902155441611654796088064932192386,,0.01,2966.7,,,0.99,,,2966.7,,,,,,66832.16
1775175263654,2026-04-03T00:14:23.654,btc-updown-15m-1775174400,1775175300,Down,2603766228794065587285559299405895721691107695037524308921869820016918913478,230600860841843600287038557043894670243217902155441611654796088064932192386,,0.01,2966.7,,,0.99,,,2966.7,,,,,,66832.16
1775175264654,2026-04-03T00:14:24.654,btc-updown-15m-1775174400,1775175300,Down,2603766228794065587285559299405895721691107695037524308921869820016918913478,230600860841843600287038557043894670243217902155441611654796088064932192386,,0.01,2966.7,,,0.99,,,2966.7,,,,,,66832.16
1775175265655,2026-04-03T00:14:25.655,btc-updown-15m-1775174400,1775175300,Down,2603766228794065587285559299405895721691107695037524308921869820016918913478,230600860841843600287038557043894670243217902155441611654796088064932192386,,0.01,2966.7,,,0.99,,,2966.7,,,,,,66832.16
1775175266657,2026-04-03T00:14:26.657,btc-updown-15m-1775174400,1775175300,Down,2603766228794065587285559299405895721691107695037524308921869820016918913478,230600860841843600287038557043894670243217902155441611654796088064932192386,,0.01,2966.7,,,0.99,,,2966.7,,,,,,66832.16
1775175267659,2026-04-03T00:14:27.659,btc-updown-15m-1775174400,1775175300,Down,2603766228794065587285559299405895721691107695037524308921869820016918913478,230600860841843600287038557043894670243217902155441611654796088064932192386,,0.01,2966.7,,,0.99,,,2966.7,,,,,,66830.4
1775175268660,2026-04-03T00:14:28.660,btc-updown-15m-1775174400,1775175300,Down,2603766228794065587285559299405895721691107695037524308921869820016918913478,230600860841843600287038557043894670243217902155441611654796088064932192386,,0.01,2966.7,,,0.99,,,2966.7,,,,,,66830.4
1775175269661,2026-04-03T00:14:29.661,btc-updown-15m-1775174400,1775175300,Down,2603766228794065587285559299405895721691107695037524308921869820016918913478,230600860841843600287038557043894670243217902155441611654796088064932192386,,0.01,2966.7,,,0.99,,,2966.7,,,,,,66830.4
1775175270662,2026-04-03T00:14:30.662,btc-updown-15m-1775174400,1775175300,Down,2603766228794065587285559299405895721691107695037524308921869820016918913478,230600860841843600287038557043894670243217902155441611654796088064932192386,,0.01,2966.7,,,0.99,,,2966.7,,,,,,66830.4
1775175271664,2026-04-03T00:14:31.664,btc-updown-15m-1775174400,1775175300,Down,2603766228794065587285559299405895721691107695037524308921869820016918913478,230600860841843600287038557043894670243217902155441611654796088064932192386,,0.01,15323.04,,,0.99,,,15323.04,,,,,,66830.4
1775175272666,2026-04-03T00:14:32.666,btc-updown-15m-1775174400,1775175300,Down,2603766228794065587285559299405895721691107695037524308921869820016918913478,230600860841843600287038557043894670243217902155441611654796088064932192386,,0.01,15323.04,,,0.99,,,15323.04,,,,,,66830.4
1775175273666,2026-04-03T00:14:33.666,btc-updown-15m-1775174400,1775175300,Down,2603766228794065587285559299405895721691107695037524308921869820016918913478,230600860841843600287038557043894670243217902155441611654796088064932192386,,0.01,15323.04,,,0.99,,,15323.04,,,,,,66830.4
1775175274667,2026-04-03T00:14:34.667,btc-updown-15m-1775174400,1775175300,Down,2603766228794065587285559299405895721691107695037524308921869820016918913478,230600860841843600287038557043894670243217902155441611654796088064932192386,,0.01,15323.04,,,0.99,,,15323.04,,,,,,66830.4
1775175275668,2026-04-03T00:14:35.668,btc-updown-15m-1775174400,1775175300,Down,2603766228794065587285559299405895721691107695037524308921869820016918913478,230600860841843600287038557043894670243217902155441611654796088064932192386,,0.01,15323.04,,,0.99,,,15323.04,,,,,,66830.4
1775175276669,2026-04-03T00:14:36.669,btc-updown-15m-1775174400,1775175300,Down,2603766228794065587285559299405895721691107695037524308921869820016918913478,230600860841843600287038557043894670243217902155441611654796088064932192386,,0.01,15323.04,,,0.99,,,15323.04,,,,,,66830.4
1775175277670,2026-04-03T00:14:37.670,btc-updown-15m-1775174400,1775175300,Down,2603766228794065587285559299405895721691107695037524308921869820016918913478,230600860841843600287038557043894670243217902155441611654796088064932192386,,0.01,15323.04,,,0.99,,,15323.04,,,,,,66830.4
1775175278670,2026-04-03T00:14:38.670,btc-updown-15m-1775174400,1775175300,Down,2603766228794065587285559299405895721691107695037524308921869820016918913478,230600860841843600287038557043894670243217902155441611654796088064932192386,,0.01,15323.04,,,0.99,,,15323.04,,,,,,66830.4
1775175279671,2026-04-03T00:14:39.671,btc-updown-15m-1775174400,1775175300,Down,2603766228794065587285559299405895721691107695037524308921869820016918913478,230600860841843600287038557043894670243217902155441611654796088064932192386,,0.01,15323.04,,,0.99,,,15323.04,,,,,,66820.54
1775175280672,2026-04-03T00:14:40.672,btc-updown-15m-1775174400,1775175300,Down,2603766228794065587285559299405895721691107695037524308921869820016918913478,230600860841843600287038557043894670243217902155441611654796088064932192386,,0.01,15323.04,,,0.99,,,15323.04,,,,,,66820.54
1775175281673,2026-04-03T00:14:41.673,btc-updown-15m-1775174400,1775175300,Down,2603766228794065587285559299405895721691107695037524308921869820016918913478,230600860841843600287038557043894670243217902155441611654796088064932192386,,0.01,15323.04,,,0.99,,,15323.04,,,,,,66820.54
1775175282674,2026-04-03T00:14:42.674,btc-updown-15m-1775174400,1775175300,Down,2603766228794065587285559299405895721691107695037524308921869820016918913478,230600860841843600287038557043894670243217902155441611654796088064932192386,,0.01,22161.41,,,0.99,,,22161.41,,,,,,66816.86
1775175283675,2026-04-03T00:14:43.675,btc-updown-15m-1775174400,1775175300,Down,2603766228794065587285559299405895721691107695037524308921869820016918913478,230600860841843600287038557043894670243217902155441611654796088064932192386,,0.01,22161.41,,,0.99,,,22161.41,,,,,,66816.86
1775175284676,2026-04-03T00:14:44.676,btc-updown-15m-1775174400,1775175300,Down,2603766228794065587285559299405895721691107695037524308921869820016918913478,230600860841843600287038557043894670243217902155441611654796088064932192386,,0.01,22161.41,,,0.99,,,22161.41,,,,,,66816.86
1775175285676,2026-04-03T00:14:45.676,btc-updown-15m-1775174400,1775175300,Down,2603766228794065587285559299405895721691107695037524308921869820016918913478,230600860841843600287038557043894670243217902155441611654796088064932192386,,0.01,22161.41,,,0.99,,,22161.41,,,,,,66816.87
1775175286678,2026-04-03T00:14:46.678,btc-updown-15m-1775174400,1775175300,Down,2603766228794065587285559299405895721691107695037524308921869820016918913478,230600860841843600287038557043894670243217902155441611654796088064932192386,,0.01,21691.41,,,0.99,,,21691.41,,,,,,66816.87
1775175287679,2026-04-03T00:14:47.679,btc-updown-15m-1775174400,1775175300,Down,2603766228794065587285559299405895721691107695037524308921869820016918913478,230600860841843600287038557043894670243217902155441611654796088064932192386,,0.01,21691.41,,,0.99,,,21691.41,,,,,,66816.87
1775175288679,2026-04-03T00:14:48.679,btc-updown-15m-1775174400,1775175300,Down,2603766228794065587285559299405895721691107695037524308921869820016918913478,230600860841843600287038557043894670243217902155441611654796088064932192386,,0.01,21691.41,,,0.99,,,21691.41,,,,,,66816.87
1775175289680,2026-04-03T00:14:49.680,btc-updown-15m-1775174400,1775175300,Down,2603766228794065587285559299405895721691107695037524308921869820016918913478,230600860841843600287038557043894670243217902155441611654796088064932192386,,0.01,21691.41,,,0.99,,,21691.41,,,,,,66816.87
1775175290682,2026-04-03T00:14:50.682,btc-updown-15m-1775174400,1775175300,Down,2603766228794065587285559299405895721691107695037524308921869820016918913478,230600860841843600287038557043894670243217902155441611654796088064932192386,,0.01,21691.41,,,0.99,,,21691.41,,,,,,66816.87
1775175291683,2026-04-03T00:14:51.683,btc-updown-15m-1775174400,1775175300,Down,2603766228794065587285559299405895721691107695037524308921869820016918913478,230600860841843600287038557043894670243217902155441611654796088064932192386,,0.01,21691.41,,,0.99,,,21691.41,,,,,,66816.87
1775175292684,2026-04-03T00:14:52.684,btc-updown-15m-1775174400,1775175300,Down,2603766228794065587285559299405895721691107695037524308921869820016918913478,230600860841843600287038557043894670243217902155441611654796088064932192386,,0.01,21691.41,,,0.99,,,21691.41,,,,,,66816.87
1775175293685,2026-04-03T00:14:53.685,btc-updown-15m-1775174400,1775175300,Down,2603766228794065587285559299405895721691107695037524308921869820016918913478,230600860841843600287038557043894670243217902155441611654796088064932192386,,0.01,26497.88,,,0.99,,,26497.88,,,,,,66816.87
1775175294686,2026-04-03T00:14:54.686,btc-updown-15m-1775174400,1775175300,Down,2603766228794065587285559299405895721691107695037524308921869820016918913478,230600860841843600287038557043894670243217902155441611654796088064932192386,,0.01,26497.88,,,0.99,,,26497.88,,,,,,66816.86
