ts_ms,timestamp,window_slug,window_end_ts,outcome,yes_token_id,no_token_id,yes_bid,yes_ask,yes_ask_size,yes_bid_size,yes_spread,no_bid,no_ask,no_ask_size,no_bid_size,no_spread,yes_mid,no_mid,yes_imbalance,no_imbalance,btc_price
1774828800643,2026-03-30T00:00:00.643,btc-updown-15m-1774827900,1774828800,Down,69310288427755852101485431742344924650787369411118894994791283535169370312374,43642684634479239122208162446298494493909034155205319024488236552758746278010,,0.01,41609.09,,,0.99,,,41609.09,,,,,,66009.1
1774828800643,2026-03-30T00:00:00.643,btc-updown-15m-1774828800,1774829700,Down,101568968249334109841172910982417291807547954045954580268278800158435602610765,55509577823317260827288263848773842817483250717111942605040287447757050352635,0.5,0.51,51.98,44.46,0.01,0.49,0.5,44.46,51.98,0.01,0.505,0.495,0.461012,0.538988,66009.1
1774828801645,2026-03-30T00:00:01.645,btc-updown-15m-1774828800,1774829700,Down,101568968249334109841172910982417291807547954045954580268278800158435602610765,55509577823317260827288263848773842817483250717111942605040287447757050352635,0.52,0.57,32.4,5.0,0.05,0.43,0.48,5.0,32.4,0.05,0.545,0.455,0.13369,0.86631,66009.1
1774828802645,2026-03-30T00:00:02.645,btc-updown-15m-1774828800,1774829700,Down,101568968249334109841172910982417291807547954045954580268278800158435602610765,55509577823317260827288263848773842817483250717111942605040287447757050352635,0.56,0.57,20.44,423.0,0.01,0.43,0.44,423.0,20.44,0.01,0.565,0.435,0.953906,0.046094,66054.97
1774828803645,2026-03-30T00:00:03.645,btc-updown-15m-1774828800,1774829700,Down,101568968249334109841172910982417291807547954045954580268278800158435602610765,55509577823317260827288263848773842817483250717111942605040287447757050352635,0.56,0.57,17.28,167.0,0.01,0.43,0.44,167.0,17.28,0.01,0.565,0.435,0.90623,0.09377,66054.97
1774828804646,2026-03-30T00:00:04.646,btc-updown-15m-1774828800,1774829700,Down,101568968249334109841172910982417291807547954045954580268278800158435602610765,55509577823317260827288263848773842817483250717111942605040287447757050352635,0.59,0.64,192.51,221.0,0.05,0.36,0.41,221.0,192.51,0.05,0.615,0.385,0.534449,0.465551,66054.97
1774828805647,2026-03-30T00:00:05.647,btc-updown-15m-1774828800,1774829700,Down,101568968249334109841172910982417291807547954045954580268278800158435602610765,55509577823317260827288263848773842817483250717111942605040287447757050352635,0.59,0.6,20.0,22.18,0.01,0.4,0.41,22.18,20.0,0.01,0.595,0.405,0.525842,0.474158,66068.79
1774828806648,2026-03-30T00:00:06.648,btc-updown-15m-1774828800,1774829700,Down,101568968249334109841172910982417291807547954045954580268278800158435602610765,55509577823317260827288263848773842817483250717111942605040287447757050352635,0.58,0.59,14.71,375.43,0.01,0.41,0.42,375.43,14.71,0.01,0.585,0.415,0.962296,0.037704,66068.79
1774828807648,2026-03-30T00:00:07.648,btc-updown-15m-1774828800,1774829700,Down,101568968249334109841172910982417291807547954045954580268278800158435602610765,55509577823317260827288263848773842817483250717111942605040287447757050352635,0.6,0.61,20.0,2.5,0.01,0.39,0.4,2.5,20.0,0.01,0.605,0.395,0.111111,0.888889,66068.79
1774828808648,2026-03-30T00:00:08.648,btc-updown-15m-1774828800,1774829700,Down,101568968249334109841172910982417291807547954045954580268278800158435602610765,55509577823317260827288263848773842817483250717111942605040287447757050352635,0.64,0.65,40.0,81.98,0.01,0.35,0.36,81.98,40.0,0.01,0.645,0.355,0.672077,0.327923,66086.94
1774828809648,2026-03-30T00:00:09.648,btc-updown-15m-1774828800,1774829700,Down,101568968249334109841172910982417291807547954045954580268278800158435602610765,55509577823317260827288263848773842817483250717111942605040287447757050352635,0.6,0.63,231.12,122.0,0.03,0.37,0.4,122.0,231.12,0.03,0.615,0.385,0.345492,0.654508,66086.94
1774828810649,2026-03-30T00:00:10.649,btc-updown-15m-1774828800,1774829700,Down,101568968249334109841172910982417291807547954045954580268278800158435602610765,55509577823317260827288263848773842817483250717111942605040287447757050352635,0.58,0.59,206.72,57.43,0.01,0.41,0.42,57.43,206.72,0.01,0.585,0.415,0.217414,0.782586,66086.94
1774828811650,2026-03-30T00:00:11.650,btc-updown-15m-1774828800,1774829700,Down,101568968249334109841172910982417291807547954045954580268278800158435602610765,55509577823317260827288263848773842817483250717111942605040287447757050352635,0.56,0.57,992.0,124.0,0.01,0.43,0.44,124.0,992.0,0.01,0.565,0.435,0.111111,0.888889,66044.73
1774828812650,2026-03-30T00:00:12.650,btc-updown-15m-1774828800,1774829700,Down,101568968249334109841172910982417291807547954045954580268278800158435602610765,55509577823317260827288263848773842817483250717111942605040287447757050352635,0.54,0.55,283.0,14.8,0.01,0.45,0.46,14.8,283.0,0.01,0.545,0.455,0.049698,0.950302,66044.73
1774828813651,2026-03-30T00:00:13.651,btc-updown-15m-1774828800,1774829700,Down,101568968249334109841172910982417291807547954045954580268278800158435602610765,55509577823317260827288263848773842817483250717111942605040287447757050352635,0.54,0.55,190.0,20.0,0.01,0.45,0.46,20.0,190.0,0.01,0.545,0.455,0.095238,0.904762,66044.73
1774828814651,2026-03-30T00:00:14.651,btc-updown-15m-1774828800,1774829700,Down,101568968249334109841172910982417291807547954045954580268278800158435602610765,55509577823317260827288263848773842817483250717111942605040287447757050352635,0.54,0.55,897.97,79.6,0.01,0.45,0.46,79.6,897.97,0.01,0.545,0.455,0.081426,0.918574,66049.37
1774828815652,2026-03-30T00:00:15.652,btc-updown-15m-1774828800,1774829700,Down,101568968249334109841172910982417291807547954045954580268278800158435602610765,55509577823317260827288263848773842817483250717111942605040287447757050352635,0.57,0.58,945.0,38.46,0.01,0.42,0.43,38.46,945.0,0.01,0.575,0.425,0.039107,0.960893,66049.37
1774828816652,2026-03-30T00:00:16.652,btc-updown-15m-1774828800,1774829700,Down,101568968249334109841172910982417291807547954045954580268278800158435602610765,55509577823317260827288263848773842817483250717111942605040287447757050352635,0.57,0.58,6.3,525.95,0.01,0.42,0.43,525.95,6.3,0.01,0.575,0.425,0.988163,0.011837,66049.37
1774828817653,2026-03-30T00:00:17.653,btc-updown-15m-1774828800,1774829700,Down,101568968249334109841172910982417291807547954045954580268278800158435602610765,55509577823317260827288263848773842817483250717111942605040287447757050352635,0.58,0.59,180.53,1003.5,0.01,0.41,0.42,1003.5,180.53,0.01,0.585,0.415,0.847529,0.152471,66063.99
1774828818653,2026-03-30T00:00:18.653,btc-updown-15m-1774828800,1774829700,Down,101568968249334109841172910982417291807547954045954580268278800158435602610765,55509577823317260827288263848773842817483250717111942605040287447757050352635,0.58,0.59,181.0,106.23,0.01,0.41,0.42,106.23,181.0,0.01,0.585,0.415,0.369843,0.630157,66063.99
1774828819653,2026-03-30T00:00:19.653,btc-updown-15m-1774828800,1774829700,Down,101568968249334109841172910982417291807547954045954580268278800158435602610765,55509577823317260827288263848773842817483250717111942605040287447757050352635,0.58,0.59,174.22,93.12,0.01,0.41,0.42,93.12,174.22,0.01,0.585,0.415,0.34832,0.65168,66063.99
1774828820654,2026-03-30T00:00:20.654,btc-updown-15m-1774828800,1774829700,Down,101568968249334109841172910982417291807547954045954580268278800158435602610765,55509577823317260827288263848773842817483250717111942605040287447757050352635,0.58,0.59,177.27,30.74,0.01,0.41,0.42,30.74,177.27,0.01,0.585,0.415,0.147781,0.852219,66066.24
1774828821655,2026-03-30T00:00:21.655,btc-updown-15m-1774828800,1774829700,Down,101568968249334109841172910982417291807547954045954580268278800158435602610765,55509577823317260827288263848773842817483250717111942605040287447757050352635,0.59,0.6,88.09,35.0,0.01,0.4,0.41,35.0,88.09,0.01,0.595,0.405,0.284345,0.715655,66066.24
1774828822655,2026-03-30T00:00:22.655,btc-updown-15m-1774828800,1774829700,Down,101568968249334109841172910982417291807547954045954580268278800158435602610765,55509577823317260827288263848773842817483250717111942605040287447757050352635,0.57,0.59,1445.0,55.83,0.02,0.41,0.43,55.83,1445.0,0.02,0.58,0.42,0.037199,0.962801,66066.24
1774828823656,2026-03-30T00:00:23.656,btc-updown-15m-1774828800,1774829700,Down,101568968249334109841172910982417291807547954045954580268278800158435602610765,55509577823317260827288263848773842817483250717111942605040287447757050352635,0.54,0.57,43.0,247.0,0.03,0.43,0.46,247.0,43.0,0.03,0.555,0.445,0.851724,0.148276,66052.0
1774828824657,2026-03-30T00:00:24.657,btc-updown-15m-1774828800,1774829700,Down,101568968249334109841172910982417291807547954045954580268278800158435602610765,55509577823317260827288263848773842817483250717111942605040287447757050352635,0.57,0.61,41.0,1173.11,0.04,0.39,0.43,1173.11,41.0,0.04,0.59,0.41,0.96623,0.03377,66052.0
1774828825658,2026-03-30T00:00:25.658,btc-updown-15m-1774828800,1774829700,Down,101568968249334109841172910982417291807547954045954580268278800158435602610765,55509577823317260827288263848773842817483250717111942605040287447757050352635,0.6,0.61,1437.19,7.5,0.01,0.39,0.43,1173.11,41.0,0.04,0.605,0.41,0.005191,0.03377,66052.0
1774828826658,2026-03-30T00:00:26.658,btc-updown-15m-1774828800,1774829700,Down,101568968249334109841172910982417291807547954045954580268278800158435602610765,55509577823317260827288263848773842817483250717111942605040287447757050352635,0.58,0.59,75.0,21.91,0.01,0.41,0.42,21.91,75.0,0.01,0.585,0.415,0.226086,0.773914,66060.31
1774828827659,2026-03-30T00:00:27.659,btc-updown-15m-1774828800,1774829700,Down,101568968249334109841172910982417291807547954045954580268278800158435602610765,55509577823317260827288263848773842817483250717111942605040287447757050352635,0.57,0.58,27.6,35.09,0.01,0.42,0.43,35.09,27.6,0.01,0.575,0.425,0.559738,0.440262,66060.31
1774828828660,2026-03-30T00:00:28.660,btc-updown-15m-1774828800,1774829700,Down,101568968249334109841172910982417291807547954045954580268278800158435602610765,55509577823317260827288263848773842817483250717111942605040287447757050352635,0.57,0.58,86.6,28.94,0.01,0.42,0.43,28.94,86.6,0.01,0.575,0.425,0.250476,0.749524,66060.31
1774828829660,2026-03-30T00:00:29.660,btc-updown-15m-1774828800,1774829700,Down,101568968249334109841172910982417291807547954045954580268278800158435602610765,55509577823317260827288263848773842817483250717111942605040287447757050352635,0.54,0.55,132.24,1373.0,0.01,0.45,0.46,1373.0,132.24,0.01,0.545,0.455,0.912147,0.087853,66058.54
1774828830661,2026-03-30T00:00:30.661,btc-updown-15m-1774828800,1774829700,Down,101568968249334109841172910982417291807547954045954580268278800158435602610765,55509577823317260827288263848773842817483250717111942605040287447757050352635,0.54,0.55,289.01,22.53,0.01,0.45,0.46,22.53,289.01,0.01,0.545,0.455,0.072318,0.927682,66058.54
1774828831661,2026-03-30T00:00:31.661,btc-updown-15m-1774828800,1774829700,Down,101568968249334109841172910982417291807547954045954580268278800158435602610765,55509577823317260827288263848773842817483250717111942605040287447757050352635,0.55,0.56,268.0,1388.37,0.01,0.44,0.45,1388.37,268.0,0.01,0.555,0.445,0.8382,0.1618,66058.54
1774828832662,2026-03-30T00:00:32.662,btc-updown-15m-1774828800,1774829700,Down,101568968249334109841172910982417291807547954045954580268278800158435602610765,55509577823317260827288263848773842817483250717111942605040287447757050352635,0.55,0.56,1354.65,1276.05,0.01,0.44,0.45,1276.05,1354.65,0.01,0.555,0.445,0.485061,0.514939,66045.91
1774828833662,2026-03-30T00:00:33.662,btc-updown-15m-1774828800,1774829700,Down,101568968249334109841172910982417291807547954045954580268278800158435602610765,55509577823317260827288263848773842817483250717111942605040287447757050352635,0.55,0.56,1262.65,1279.78,0.01,0.44,0.45,1279.78,1262.65,0.01,0.555,0.445,0.503369,0.496631,66045.91
1774828834662,2026-03-30T00:00:34.662,btc-updown-15m-1774828800,1774829700,Down,101568968249334109841172910982417291807547954045954580268278800158435602610765,55509577823317260827288263848773842817483250717111942605040287447757050352635,0.55,0.56,1262.65,1279.78,0.01,0.44,0.45,1279.78,1262.65,0.01,0.555,0.445,0.503369,0.496631,66045.91
1774828835663,2026-03-30T00:00:35.663,btc-updown-15m-1774828800,1774829700,Down,101568968249334109841172910982417291807547954045954580268278800158435602610765,55509577823317260827288263848773842817483250717111942605040287447757050352635,0.55,0.56,356.0,1336.78,0.01,0.44,0.45,1336.78,356.0,0.01,0.555,0.445,0.789695,0.210305,66045.92
1774828836664,2026-03-30T00:00:36.664,btc-updown-15m-1774828800,1774829700,Down,101568968249334109841172910982417291807547954045954580268278800158435602610765,55509577823317260827288263848773842817483250717111942605040287447757050352635,0.55,0.56,401.47,1341.78,0.01,0.44,0.45,1341.78,401.47,0.01,0.555,0.445,0.7697,0.2303,66045.92
1774828837664,2026-03-30T00:00:37.664,btc-updown-15m-1774828800,1774829700,Down,101568968249334109841172910982417291807547954045954580268278800158435602610765,55509577823317260827288263848773842817483250717111942605040287447757050352635,0.57,0.58,198.6,73.0,0.01,0.42,0.43,73.0,198.6,0.01,0.575,0.425,0.268778,0.731222,66045.92
1774828838665,2026-03-30T00:00:38.665,btc-updown-15m-1774828800,1774829700,Down,101568968249334109841172910982417291807547954045954580268278800158435602610765,55509577823317260827288263848773842817483250717111942605040287447757050352635,0.55,0.57,1822.0,1250.86,0.02,0.43,0.45,1250.86,1822.0,0.02,0.56,0.44,0.407067,0.592933,66022.0
1774828839666,2026-03-30T00:00:39.666,btc-updown-15m-1774828800,1774829700,Down,101568968249334109841172910982417291807547954045954580268278800158435602610765,55509577823317260827288263848773842817483250717111942605040287447757050352635,0.52,0.56,1808.95,37.0,0.04,0.44,0.48,37.0,1808.95,0.04,0.54,0.46,0.020044,0.979956,66022.0
1774828840667,2026-03-30T00:00:40.667,btc-updown-15m-1774828800,1774829700,Down,101568968249334109841172910982417291807547954045954580268278800158435602610765,55509577823317260827288263848773842817483250717111942605040287447757050352635,0.5,0.51,187.0,181.06,0.01,0.49,0.5,181.06,187.0,0.01,0.505,0.495,0.491931,0.508069,66022.0
1774828841667,2026-03-30T00:00:41.667,btc-updown-15m-1774828800,1774829700,Down,101568968249334109841172910982417291807547954045954580268278800158435602610765,55509577823317260827288263848773842817483250717111942605040287447757050352635,0.5,0.53,357.0,1447.24,0.03,0.47,0.5,1447.24,357.0,0.03,0.515,0.485,0.802133,0.197867,66022.09
1774828842668,2026-03-30T00:00:42.668,btc-updown-15m-1774828800,1774829700,Down,101568968249334109841172910982417291807547954045954580268278800158435602610765,55509577823317260827288263848773842817483250717111942605040287447757050352635,0.52,0.53,154.72,79.0,0.01,0.47,0.48,79.0,154.72,0.01,0.525,0.475,0.338011,0.661989,66022.09
1774828843669,2026-03-30T00:00:43.669,btc-updown-15m-1774828800,1774829700,Down,101568968249334109841172910982417291807547954045954580268278800158435602610765,55509577823317260827288263848773842817483250717111942605040287447757050352635,0.52,0.53,345.0,33.95,0.01,0.47,0.48,33.95,345.0,0.01,0.525,0.475,0.08959,0.91041,66022.09
1774828844670,2026-03-30T00:00:44.670,btc-updown-15m-1774828800,1774829700,Down,101568968249334109841172910982417291807547954045954580268278800158435602610765,55509577823317260827288263848773842817483250717111942605040287447757050352635,0.55,0.57,192.0,10.0,0.02,0.43,0.45,10.0,192.0,0.02,0.56,0.44,0.049505,0.950495,66039.01
1774828845670,2026-03-30T00:00:45.670,btc-updown-15m-1774828800,1774829700,Down,101568968249334109841172910982417291807547954045954580268278800158435602610765,55509577823317260827288263848773842817483250717111942605040287447757050352635,0.56,0.57,14.77,184.0,0.01,0.43,0.44,184.0,14.77,0.01,0.565,0.435,0.925693,0.074307,66039.01
1774828846671,2026-03-30T00:00:46.671,btc-updown-15m-1774828800,1774829700,Down,101568968249334109841172910982417291807547954045954580268278800158435602610765,55509577823317260827288263848773842817483250717111942605040287447757050352635,0.56,0.57,14.77,184.0,0.01,0.43,0.44,184.0,14.77,0.01,0.565,0.435,0.925693,0.074307,66039.01
1774828847672,2026-03-30T00:00:47.672,btc-updown-15m-1774828800,1774829700,Down,101568968249334109841172910982417291807547954045954580268278800158435602610765,55509577823317260827288263848773842817483250717111942605040287447757050352635,0.56,0.57,177.5,184.79,0.01,0.43,0.44,184.79,177.5,0.01,0.565,0.435,0.510061,0.489939,66043.19
1774828848672,2026-03-30T00:00:48.672,btc-updown-15m-1774828800,1774829700,Down,101568968249334109841172910982417291807547954045954580268278800158435602610765,55509577823317260827288263848773842817483250717111942605040287447757050352635,0.58,0.59,186.0,12.85,0.01,0.41,0.42,12.85,186.0,0.01,0.585,0.415,0.064622,0.935378,66043.19
1774828849673,2026-03-30T00:00:49.673,btc-updown-15m-1774828800,1774829700,Down,101568968249334109841172910982417291807547954045954580268278800158435602610765,55509577823317260827288263848773842817483250717111942605040287447757050352635,0.6,0.61,1419.7,29.0,0.01,0.39,0.4,29.0,1419.7,0.01,0.605,0.395,0.020018,0.979982,66043.19
1774828850674,2026-03-30T00:00:50.674,btc-updown-15m-1774828800,1774829700,Down,101568968249334109841172910982417291807547954045954580268278800158435602610765,55509577823317260827288263848773842817483250717111942605040287447757050352635,0.58,0.59,55.0,408.61,0.01,0.41,0.42,408.61,55.0,0.01,0.585,0.415,0.881366,0.118634,66052.22
1774828851675,2026-03-30T00:00:51.675,btc-updown-15m-1774828800,1774829700,Down,101568968249334109841172910982417291807547954045954580268278800158435602610765,55509577823317260827288263848773842817483250717111942605040287447757050352635,0.6,0.61,17.0,126.0,0.01,0.39,0.4,126.0,17.0,0.01,0.605,0.395,0.881119,0.118881,66052.22
1774828852675,2026-03-30T00:00:52.675,btc-updown-15m-1774828800,1774829700,Down,101568968249334109841172910982417291807547954045954580268278800158435602610765,55509577823317260827288263848773842817483250717111942605040287447757050352635,0.6,0.61,17.72,116.0,0.01,0.39,0.4,116.0,17.72,0.01,0.605,0.395,0.867484,0.132516,66052.22
1774828853676,2026-03-30T00:00:53.676,btc-updown-15m-1774828800,1774829700,Down,101568968249334109841172910982417291807547954045954580268278800158435602610765,55509577823317260827288263848773842817483250717111942605040287447757050352635,0.58,0.59,193.88,11.02,0.01,0.41,0.42,11.02,193.88,0.01,0.585,0.415,0.053782,0.946218,66053.76
1774828854677,2026-03-30T00:00:54.677,btc-updown-15m-1774828800,1774829700,Down,101568968249334109841172910982417291807547954045954580268278800158435602610765,55509577823317260827288263848773842817483250717111942605040287447757050352635,0.58,0.61,96.0,1230.0,0.03,0.39,0.42,1230.0,96.0,0.03,0.595,0.405,0.927602,0.072398,66053.76
1774828855678,2026-03-30T00:00:55.678,btc-updown-15m-1774828800,1774829700,Down,101568968249334109841172910982417291807547954045954580268278800158435602610765,55509577823317260827288263848773842817483250717111942605040287447757050352635,0.56,0.59,543.0,95.48,0.03,0.41,0.44,95.48,543.0,0.03,0.575,0.425,0.149543,0.850457,66053.76
1774828856679,2026-03-30T00:00:56.679,btc-updown-15m-1774828800,1774829700,Down,101568968249334109841172910982417291807547954045954580268278800158435602610765,55509577823317260827288263848773842817483250717111942605040287447757050352635,0.59,0.6,8.33,59.0,0.01,0.4,0.41,59.0,8.33,0.01,0.595,0.405,0.876281,0.123719,66052.71
1774828857680,2026-03-30T00:00:57.680,btc-updown-15m-1774828800,1774829700,Down,101568968249334109841172910982417291807547954045954580268278800158435602610765,55509577823317260827288263848773842817483250717111942605040287447757050352635,0.59,0.61,390.0,367.0,0.02,0.39,0.41,367.0,390.0,0.02,0.6,0.4,0.484808,0.515192,66052.71
1774828858681,2026-03-30T00:00:58.681,btc-updown-15m-1774828800,1774829700,Down,101568968249334109841172910982417291807547954045954580268278800158435602610765,55509577823317260827288263848773842817483250717111942605040287447757050352635,0.61,0.62,350.49,208.86,0.01,0.38,0.39,208.86,350.49,0.01,0.615,0.385,0.373398,0.626602,66052.71
1774828859682,2026-03-30T00:00:59.682,btc-updown-15m-1774828800,1774829700,Down,101568968249334109841172910982417291807547954045954580268278800158435602610765,55509577823317260827288263848773842817483250717111942605040287447757050352635,0.6,0.62,452.49,127.0,0.02,0.38,0.4,127.0,452.49,0.02,0.61,0.39,0.219158,0.780842,66059.3
1774828860682,2026-03-30T00:01:00.682,btc-updown-15m-1774828800,1774829700,Down,101568968249334109841172910982417291807547954045954580268278800158435602610765,55509577823317260827288263848773842817483250717111942605040287447757050352635,0.6,0.61,8.0,1485.53,0.01,0.39,0.4,1485.53,8.0,0.01,0.605,0.395,0.994644,0.005356,66059.3
1774828861682,2026-03-30T00:01:01.682,btc-updown-15m-1774828800,1774829700,Down,101568968249334109841172910982417291807547954045954580268278800158435602610765,55509577823317260827288263848773842817483250717111942605040287447757050352635,0.6,0.61,34.0,89.0,0.01,0.39,0.4,89.0,34.0,0.01,0.605,0.395,0.723577,0.276423,66059.3
1774828862683,2026-03-30T00:01:02.683,btc-updown-15m-1774828800,1774829700,Down,101568968249334109841172910982417291807547954045954580268278800158435602610765,55509577823317260827288263848773842817483250717111942605040287447757050352635,0.57,0.58,413.0,5.2,0.01,0.42,0.43,5.2,413.0,0.01,0.575,0.425,0.012434,0.987566,66050.04
1774828863683,2026-03-30T00:01:03.683,btc-updown-15m-1774828800,1774829700,Down,101568968249334109841172910982417291807547954045954580268278800158435602610765,55509577823317260827288263848773842817483250717111942605040287447757050352635,0.55,0.58,1679.92,25.0,0.03,0.42,0.45,25.0,1679.92,0.03,0.565,0.435,0.014663,0.985337,66050.04
1774828864684,2026-03-30T00:01:04.684,btc-updown-15m-1774828800,1774829700,Down,101568968249334109841172910982417291807547954045954580268278800158435602610765,55509577823317260827288263848773842817483250717111942605040287447757050352635,0.55,0.56,74.0,80.77,0.01,0.44,0.45,80.77,74.0,0.01,0.555,0.445,0.521871,0.478129,66050.04
1774828865685,2026-03-30T00:01:05.685,btc-updown-15m-1774828800,1774829700,Down,101568968249334109841172910982417291807547954045954580268278800158435602610765,55509577823317260827288263848773842817483250717111942605040287447757050352635,0.53,0.55,343.0,33.0,0.02,0.45,0.47,33.0,343.0,0.02,0.54,0.46,0.087766,0.912234,66037.24
1774828866686,2026-03-30T00:01:06.686,btc-updown-15m-1774828800,1774829700,Down,101568968249334109841172910982417291807547954045954580268278800158435602610765,55509577823317260827288263848773842817483250717111942605040287447757050352635,0.53,0.55,343.0,33.0,0.02,0.45,0.47,33.0,343.0,0.02,0.54,0.46,0.087766,0.912234,66037.24
1774828867686,2026-03-30T00:01:07.686,btc-updown-15m-1774828800,1774829700,Down,101568968249334109841172910982417291807547954045954580268278800158435602610765,55509577823317260827288263848773842817483250717111942605040287447757050352635,0.53,0.54,47.92,385.0,0.01,0.46,0.47,385.0,47.92,0.01,0.535,0.465,0.88931,0.11069,66037.24
1774828868687,2026-03-30T00:01:08.687,btc-updown-15m-1774828800,1774829700,Down,101568968249334109841172910982417291807547954045954580268278800158435602610765,55509577823317260827288263848773842817483250717111942605040287447757050352635,0.53,0.54,47.92,1067.36,0.01,0.46,0.47,1067.36,47.92,0.01,0.535,0.465,0.957033,0.042967,66037.24
1774828869687,2026-03-30T00:01:09.687,btc-updown-15m-1774828800,1774829700,Down,101568968249334109841172910982417291807547954045954580268278800158435602610765,55509577823317260827288263848773842817483250717111942605040287447757050352635,0.52,0.54,590.92,800.85,0.02,0.46,0.48,800.85,590.92,0.02,0.53,0.47,0.575418,0.424582,66037.24
1774828870688,2026-03-30T00:01:10.688,btc-updown-15m-1774828800,1774829700,Down,101568968249334109841172910982417291807547954045954580268278800158435602610765,55509577823317260827288263848773842817483250717111942605040287447757050352635,0.52,0.53,92.58,257.58,0.01,0.47,0.48,257.58,92.58,0.01,0.525,0.475,0.735607,0.264393,66037.24
1774828871688,2026-03-30T00:01:11.688,btc-updown-15m-1774828800,1774829700,Down,101568968249334109841172910982417291807547954045954580268278800158435602610765,55509577823317260827288263848773842817483250717111942605040287447757050352635,0.51,0.52,84.0,111.77,0.01,0.48,0.49,111.77,84.0,0.01,0.515,0.485,0.570925,0.429075,66022.09
1774828872689,2026-03-30T00:01:12.689,btc-updown-15m-1774828800,1774829700,Down,101568968249334109841172910982417291807547954045954580268278800158435602610765,55509577823317260827288263848773842817483250717111942605040287447757050352635,0.51,0.52,33.92,198.36,0.01,0.48,0.49,198.36,33.92,0.01,0.515,0.485,0.853969,0.146031,66022.09
1774828873689,2026-03-30T00:01:13.689,btc-updown-15m-1774828800,1774829700,Down,101568968249334109841172910982417291807547954045954580268278800158435602610765,55509577823317260827288263848773842817483250717111942605040287447757050352635,0.51,0.52,13.37,173.23,0.01,0.48,0.49,173.23,13.37,0.01,0.515,0.485,0.928349,0.071651,66022.09
1774828874689,2026-03-30T00:01:14.689,btc-updown-15m-1774828800,1774829700,Down,101568968249334109841172910982417291807547954045954580268278800158435602610765,55509577823317260827288263848773842817483250717111942605040287447757050352635,0.51,0.53,272.4,1092.0,0.02,0.47,0.49,1092.0,272.4,0.02,0.52,0.48,0.800352,0.199648,66022.1
1774828875690,2026-03-30T00:01:15.690,btc-updown-15m-1774828800,1774829700,Down,101568968249334109841172910982417291807547954045954580268278800158435602610765,55509577823317260827288263848773842817483250717111942605040287447757050352635,0.51,0.53,202.0,1081.79,0.02,0.47,0.49,1081.79,202.0,0.02,0.52,0.48,0.842653,0.157347,66022.1
1774828876690,2026-03-30T00:01:16.690,btc-updown-15m-1774828800,1774829700,Down,101568968249334109841172910982417291807547954045954580268278800158435602610765,55509577823317260827288263848773842817483250717111942605040287447757050352635,0.52,0.53,172.0,87.83,0.01,0.47,0.48,87.83,172.0,0.01,0.525,0.475,0.338029,0.661971,66022.1
1774828877690,2026-03-30T00:01:17.690,btc-updown-15m-1774828800,1774829700,Down,101568968249334109841172910982417291807547954045954580268278800158435602610765,55509577823317260827288263848773842817483250717111942605040287447757050352635,0.5,0.51,66.75,220.96,0.01,0.49,0.5,220.96,66.75,0.01,0.505,0.495,0.767996,0.232004,66022.1
1774828878691,2026-03-30T00:01:18.691,btc-updown-15m-1774828800,1774829700,Down,101568968249334109841172910982417291807547954045954580268278800158435602610765,55509577823317260827288263848773842817483250717111942605040287447757050352635,0.48,0.49,31.64,27.54,0.01,0.51,0.52,27.54,31.64,0.01,0.485,0.515,0.46536,0.53464,66022.1
1774828879692,2026-03-30T00:01:19.692,btc-updown-15m-1774828800,1774829700,Down,101568968249334109841172910982417291807547954045954580268278800158435602610765,55509577823317260827288263848773842817483250717111942605040287447757050352635,0.47,0.48,269.65,90.59,0.01,0.52,0.53,90.59,269.65,0.01,0.475,0.525,0.251471,0.748529,66022.1
1774828880693,2026-03-30T00:01:20.693,btc-updown-15m-1774828800,1774829700,Down,101568968249334109841172910982417291807547954045954580268278800158435602610765,55509577823317260827288263848773842817483250717111942605040287447757050352635,0.47,0.48,18.12,248.88,0.01,0.52,0.53,248.88,18.12,0.01,0.475,0.525,0.932135,0.067865,66000.01
1774828881693,2026-03-30T00:01:21.693,btc-updown-15m-1774828800,1774829700,Down,101568968249334109841172910982417291807547954045954580268278800158435602610765,55509577823317260827288263848773842817483250717111942605040287447757050352635,0.48,0.49,214.75,31.88,0.01,0.51,0.52,31.88,214.75,0.01,0.485,0.515,0.129262,0.870738,66000.01
1774828882694,2026-03-30T00:01:22.694,btc-updown-15m-1774828800,1774829700,Down,101568968249334109841172910982417291807547954045954580268278800158435602610765,55509577823317260827288263848773842817483250717111942605040287447757050352635,0.5,0.51,194.84,83.56,0.01,0.49,0.5,83.56,194.84,0.01,0.505,0.495,0.300144,0.699856,66000.01
1774828883695,2026-03-30T00:01:23.695,btc-updown-15m-1774828800,1774829700,Down,101568968249334109841172910982417291807547954045954580268278800158435602610765,55509577823317260827288263848773842817483250717111942605040287447757050352635,0.49,0.5,1408.0,5.0,0.01,0.5,0.51,5.0,438.0,0.01,0.495,0.505,0.003539,0.988713,65992.0
1774828884695,2026-03-30T00:01:24.695,btc-updown-15m-1774828800,1774829700,Down,101568968249334109841172910982417291807547954045954580268278800158435602610765,55509577823317260827288263848773842817483250717111942605040287447757050352635,0.46,0.47,1472.5,34.96,0.01,0.53,0.54,34.96,1472.5,0.01,0.465,0.535,0.023191,0.976809,65992.0
1774828885695,2026-03-30T00:01:25.695,btc-updown-15m-1774828800,1774829700,Down,101568968249334109841172910982417291807547954045954580268278800158435602610765,55509577823317260827288263848773842817483250717111942605040287447757050352635,0.45,0.46,203.04,59.0,0.01,0.54,0.55,59.0,203.04,0.01,0.455,0.545,0.225156,0.774844,65992.0
1774828886696,2026-03-30T00:01:26.696,btc-updown-15m-1774828800,1774829700,Down,101568968249334109841172910982417291807547954045954580268278800158435602610765,55509577823317260827288263848773842817483250717111942605040287447757050352635,0.45,0.46,805.82,90.0,0.01,0.54,0.55,90.0,805.82,0.01,0.455,0.545,0.100467,0.899533,65986.27
1774828887696,2026-03-30T00:01:27.696,btc-updown-15m-1774828800,1774829700,Down,101568968249334109841172910982417291807547954045954580268278800158435602610765,55509577823317260827288263848773842817483250717111942605040287447757050352635,0.43,0.45,50.0,37.83,0.02,0.55,0.57,37.83,50.0,0.02,0.44,0.56,0.430718,0.569282,65986.27
1774828888698,2026-03-30T00:01:28.698,btc-updown-15m-1774828800,1774829700,Down,101568968249334109841172910982417291807547954045954580268278800158435602610765,55509577823317260827288263848773842817483250717111942605040287447757050352635,0.43,0.44,417.33,29.05,0.01,0.56,0.57,29.05,417.33,0.01,0.435,0.565,0.065079,0.934921,65986.27
1774828889698,2026-03-30T00:01:29.698,btc-updown-15m-1774828800,1774829700,Down,101568968249334109841172910982417291807547954045954580268278800158435602610765,55509577823317260827288263848773842817483250717111942605040287447757050352635,0.4,0.42,485.0,169.04,0.02,0.58,0.6,169.04,485.0,0.02,0.41,0.59,0.258455,0.741545,65966.97
1774828890698,2026-03-30T00:01:30.698,btc-updown-15m-1774828800,1774829700,Down,101568968249334109841172910982417291807547954045954580268278800158435602610765,55509577823317260827288263848773842817483250717111942605040287447757050352635,0.4,0.41,47.5,12.18,0.01,0.59,0.6,12.18,47.5,0.01,0.405,0.595,0.204088,0.795912,65966.97
1774828891700,2026-03-30T00:01:31.700,btc-updown-15m-1774828800,1774829700,Down,101568968249334109841172910982417291807547954045954580268278800158435602610765,55509577823317260827288263848773842817483250717111942605040287447757050352635,0.39,0.41,78.5,1333.27,0.02,0.59,0.61,1333.27,78.5,0.02,0.4,0.6,0.944396,0.055604,65966.97
1774828892702,2026-03-30T00:01:32.702,btc-updown-15m-1774828800,1774829700,Down,101568968249334109841172910982417291807547954045954580268278800158435602610765,55509577823317260827288263848773842817483250717111942605040287447757050352635,0.39,0.4,7.5,1368.27,0.01,0.6,0.61,1368.27,7.5,0.01,0.395,0.605,0.994549,0.005451,65966.97
1774828893703,2026-03-30T00:01:33.703,btc-updown-15m-1774828800,1774829700,Down,101568968249334109841172910982417291807547954045954580268278800158435602610765,55509577823317260827288263848773842817483250717111942605040287447757050352635,0.39,0.41,111.35,1151.27,0.02,0.59,0.61,1151.27,111.35,0.02,0.4,0.6,0.91181,0.08819,65966.97
1774828894704,2026-03-30T00:01:34.704,btc-updown-15m-1774828800,1774829700,Down,101568968249334109841172910982417291807547954045954580268278800158435602610765,55509577823317260827288263848773842817483250717111942605040287447757050352635,0.39,0.4,39.42,1068.48,0.01,0.6,0.61,1068.48,39.42,0.01,0.395,0.605,0.964419,0.035581,65966.97
1774828895705,2026-03-30T00:01:35.705,btc-updown-15m-1774828800,1774829700,Down,101568968249334109841172910982417291807547954045954580268278800158435602610765,55509577823317260827288263848773842817483250717111942605040287447757050352635,0.38,0.39,14.87,1520.75,0.01,0.61,0.62,1520.75,14.87,0.01,0.385,0.615,0.990317,0.009683,65962.13
1774828896706,2026-03-30T00:01:36.706,btc-updown-15m-1774828800,1774829700,Down,101568968249334109841172910982417291807547954045954580268278800158435602610765,55509577823317260827288263848773842817483250717111942605040287447757050352635,0.42,0.44,49.28,118.5,0.02,0.56,0.58,118.5,49.28,0.02,0.43,0.57,0.706282,0.293718,65962.13
1774828897706,2026-03-30T00:01:37.706,btc-updown-15m-1774828800,1774829700,Down,101568968249334109841172910982417291807547954045954580268278800158435602610765,55509577823317260827288263848773842817483250717111942605040287447757050352635,0.43,0.44,47.96,1090.88,0.01,0.56,0.57,1090.88,47.96,0.01,0.435,0.565,0.957887,0.042113,65962.13
1774828898706,2026-03-30T00:01:38.706,btc-updown-15m-1774828800,1774829700,Down,101568968249334109841172910982417291807547954045954580268278800158435602610765,55509577823317260827288263848773842817483250717111942605040287447757050352635,0.44,0.45,270.0,299.0,0.01,0.55,0.56,299.0,270.0,0.01,0.445,0.555,0.525483,0.474517,65975.96
1774828899706,2026-03-30T00:01:39.706,btc-updown-15m-1774828800,1774829700,Down,101568968249334109841172910982417291807547954045954580268278800158435602610765,55509577823317260827288263848773842817483250717111942605040287447757050352635,0.43,0.45,473.0,361.94,0.02,0.55,0.57,361.94,473.0,0.02,0.44,0.56,0.433492,0.566508,65975.96
1774828900707,2026-03-30T00:01:40.707,btc-updown-15m-1774828800,1774829700,Down,101568968249334109841172910982417291807547954045954580268278800158435602610765,55509577823317260827288263848773842817483250717111942605040287447757050352635,0.44,0.45,437.88,107.0,0.01,0.55,0.56,107.0,437.88,0.01,0.445,0.555,0.196374,0.803626,65975.96
1774828901708,2026-03-30T00:01:41.708,btc-updown-15m-1774828800,1774829700,Down,101568968249334109841172910982417291807547954045954580268278800158435602610765,55509577823317260827288263848773842817483250717111942605040287447757050352635,0.44,0.45,60.21,127.0,0.01,0.55,0.56,127.0,60.21,0.01,0.445,0.555,0.678383,0.321617,65975.96
1774828902708,2026-03-30T00:01:42.708,btc-updown-15m-1774828800,1774829700,Down,101568968249334109841172910982417291807547954045954580268278800158435602610765,55509577823317260827288263848773842817483250717111942605040287447757050352635,0.44,0.45,60.21,127.0,0.01,0.55,0.56,127.0,60.21,0.01,0.445,0.555,0.678383,0.321617,65975.96
1774828903709,2026-03-30T00:01:43.709,btc-updown-15m-1774828800,1774829700,Down,101568968249334109841172910982417291807547954045954580268278800158435602610765,55509577823317260827288263848773842817483250717111942605040287447757050352635,0.43,0.44,862.0,35.0,0.01,0.56,0.57,35.0,862.0,0.01,0.435,0.565,0.039019,0.960981,65975.96
1774828904709,2026-03-30T00:01:44.709,btc-updown-15m-1774828800,1774829700,Down,101568968249334109841172910982417291807547954045954580268278800158435602610765,55509577823317260827288263848773842817483250717111942605040287447757050352635,0.43,0.44,862.0,35.0,0.01,0.56,0.57,35.0,862.0,0.01,0.435,0.565,0.039019,0.960981,65970.64
1774828905709,2026-03-30T00:01:45.709,btc-updown-15m-1774828800,1774829700,Down,101568968249334109841172910982417291807547954045954580268278800158435602610765,55509577823317260827288263848773842817483250717111942605040287447757050352635,0.42,0.43,288.29,21.0,0.01,0.57,0.58,21.0,288.29,0.01,0.425,0.575,0.067897,0.932103,65970.64
1774828906710,2026-03-30T00:01:46.710,btc-updown-15m-1774828800,1774829700,Down,101568968249334109841172910982417291807547954045954580268278800158435602610765,55509577823317260827288263848773842817483250717111942605040287447757050352635,0.42,0.43,288.29,21.0,0.01,0.57,0.58,21.0,288.29,0.01,0.425,0.575,0.067897,0.932103,65970.64
1774828907711,2026-03-30T00:01:47.711,btc-updown-15m-1774828800,1774829700,Down,101568968249334109841172910982417291807547954045954580268278800158435602610765,55509577823317260827288263848773842817483250717111942605040287447757050352635,0.42,0.43,10.0,1078.32,0.01,0.57,0.58,1078.32,10.0,0.01,0.425,0.575,0.990812,0.009188,65970.64
1774828908713,2026-03-30T00:01:48.713,btc-updown-15m-1774828800,1774829700,Down,101568968249334109841172910982417291807547954045954580268278800158435602610765,55509577823317260827288263848773842817483250717111942605040287447757050352635,0.42,0.43,10.0,1078.32,0.01,0.57,0.58,1078.32,10.0,0.01,0.425,0.575,0.990812,0.009188,65970.64
1774828909713,2026-03-30T00:01:49.713,btc-updown-15m-1774828800,1774829700,Down,101568968249334109841172910982417291807547954045954580268278800158435602610765,55509577823317260827288263848773842817483250717111942605040287447757050352635,0.39,0.41,49.0,1130.5,0.02,0.59,0.61,1130.5,49.0,0.02,0.4,0.6,0.958457,0.041543,65970.64
1774828910714,2026-03-30T00:01:50.714,btc-updown-15m-1774828800,1774829700,Down,101568968249334109841172910982417291807547954045954580268278800158435602610765,55509577823317260827288263848773842817483250717111942605040287447757050352635,0.39,0.4,59.75,1110.5,0.01,0.6,0.61,1110.5,59.75,0.01,0.395,0.605,0.948943,0.051057,65966.02
1774828911715,2026-03-30T00:01:51.715,btc-updown-15m-1774828800,1774829700,Down,101568968249334109841172910982417291807547954045954580268278800158435602610765,55509577823317260827288263848773842817483250717111942605040287447757050352635,0.39,0.4,59.75,1110.5,0.01,0.6,0.61,1110.5,59.75,0.01,0.395,0.605,0.948943,0.051057,65966.02
1774828912716,2026-03-30T00:01:52.716,btc-updown-15m-1774828800,1774829700,Down,101568968249334109841172910982417291807547954045954580268278800158435602610765,55509577823317260827288263848773842817483250717111942605040287447757050352635,0.39,0.4,59.75,1110.5,0.01,0.6,0.61,1110.5,59.75,0.01,0.395,0.605,0.948943,0.051057,65966.02
1774828913717,2026-03-30T00:01:53.717,btc-updown-15m-1774828800,1774829700,Down,101568968249334109841172910982417291807547954045954580268278800158435602610765,55509577823317260827288263848773842817483250717111942605040287447757050352635,0.41,0.42,42.0,84.41,0.01,0.58,0.59,84.41,42.0,0.01,0.415,0.585,0.667748,0.332252,65966.01
1774828914717,2026-03-30T00:01:54.717,btc-updown-15m-1774828800,1774829700,Down,101568968249334109841172910982417291807547954045954580268278800158435602610765,55509577823317260827288263848773842817483250717111942605040287447757050352635,0.41,0.42,30.0,1112.78,0.01,0.58,0.59,1112.78,30.0,0.01,0.415,0.585,0.973748,0.026252,65966.01
1774828915718,2026-03-30T00:01:55.718,btc-updown-15m-1774828800,1774829700,Down,101568968249334109841172910982417291807547954045954580268278800158435602610765,55509577823317260827288263848773842817483250717111942605040287447757050352635,0.41,0.42,17.14,1226.78,0.01,0.58,0.59,1226.78,17.14,0.01,0.415,0.585,0.986221,0.013779,65966.01
1774828916719,2026-03-30T00:01:56.719,btc-updown-15m-1774828800,1774829700,Down,101568968249334109841172910982417291807547954045954580268278800158435602610765,55509577823317260827288263848773842817483250717111942605040287447757050352635,0.4,0.41,21.68,1182.0,0.01,0.59,0.6,1182.0,21.68,0.01,0.405,0.595,0.981989,0.018011,65966.02
1774828917719,2026-03-30T00:01:57.719,btc-updown-15m-1774828800,1774829700,Down,101568968249334109841172910982417291807547954045954580268278800158435602610765,55509577823317260827288263848773842817483250717111942605040287447757050352635,0.4,0.41,21.68,1182.0,0.01,0.59,0.6,1182.0,21.68,0.01,0.405,0.595,0.981989,0.018011,65966.02
1774828918719,2026-03-30T00:01:58.719,btc-updown-15m-1774828800,1774829700,Down,101568968249334109841172910982417291807547954045954580268278800158435602610765,55509577823317260827288263848773842817483250717111942605040287447757050352635,0.4,0.42,128.66,1208.5,0.02,0.58,0.6,1208.5,128.66,0.02,0.41,0.59,0.903781,0.096219,65966.02
1774828919720,2026-03-30T00:01:59.720,btc-updown-15m-1774828800,1774829700,Down,101568968249334109841172910982417291807547954045954580268278800158435602610765,55509577823317260827288263848773842817483250717111942605040287447757050352635,0.4,0.42,128.66,1208.5,0.02,0.58,0.6,1208.5,128.66,0.02,0.41,0.59,0.903781,0.096219,65968.0
1774828920720,2026-03-30T00:02:00.720,btc-updown-15m-1774828800,1774829700,Down,101568968249334109841172910982417291807547954045954580268278800158435602610765,55509577823317260827288263848773842817483250717111942605040287447757050352635,0.42,0.44,223.0,1183.0,0.02,0.56,0.58,1183.0,223.0,0.02,0.43,0.57,0.841394,0.158606,65968.0
1774828921721,2026-03-30T00:02:01.721,btc-updown-15m-1774828800,1774829700,Down,101568968249334109841172910982417291807547954045954580268278800158435602610765,55509577823317260827288263848773842817483250717111942605040287447757050352635,0.44,0.46,163.73,1385.11,0.02,0.54,0.56,1385.11,163.73,0.02,0.45,0.55,0.894289,0.105711,65968.0
1774828922721,2026-03-30T00:02:02.721,btc-updown-15m-1774828800,1774829700,Down,101568968249334109841172910982417291807547954045954580268278800158435602610765,55509577823317260827288263848773842817483250717111942605040287447757050352635,0.46,0.47,349.0,19.81,0.01,0.53,0.54,19.81,349.0,0.01,0.465,0.535,0.053713,0.946287,65981.68
1774828923722,2026-03-30T00:02:03.722,btc-updown-15m-1774828800,1774829700,Down,101568968249334109841172910982417291807547954045954580268278800158435602610765,55509577823317260827288263848773842817483250717111942605040287447757050352635,0.46,0.47,548.0,53.74,0.01,0.53,0.54,53.74,548.0,0.01,0.465,0.535,0.089308,0.910692,65981.68
1774828924723,2026-03-30T00:02:04.723,btc-updown-15m-1774828800,1774829700,Down,101568968249334109841172910982417291807547954045954580268278800158435602610765,55509577823317260827288263848773842817483250717111942605040287447757050352635,0.44,0.45,80.0,18.21,0.01,0.55,0.56,18.21,80.0,0.01,0.445,0.555,0.185419,0.814581,65981.68
1774828925723,2026-03-30T00:02:05.723,btc-updown-15m-1774828800,1774829700,Down,101568968249334109841172910982417291807547954045954580268278800158435602610765,55509577823317260827288263848773842817483250717111942605040287447757050352635,0.44,0.45,80.0,18.21,0.01,0.55,0.56,18.21,80.0,0.01,0.445,0.555,0.185419,0.814581,65981.67
1774828926724,2026-03-30T00:02:06.724,btc-updown-15m-1774828800,1774829700,Down,101568968249334109841172910982417291807547954045954580268278800158435602610765,55509577823317260827288263848773842817483250717111942605040287447757050352635,0.44,0.45,80.0,18.21,0.01,0.55,0.56,18.21,80.0,0.01,0.445,0.555,0.185419,0.814581,65981.67
1774828927725,2026-03-30T00:02:07.725,btc-updown-15m-1774828800,1774829700,Down,101568968249334109841172910982417291807547954045954580268278800158435602610765,55509577823317260827288263848773842817483250717111942605040287447757050352635,0.44,0.45,359.67,18.21,0.01,0.55,0.56,18.21,359.67,0.01,0.445,0.555,0.04819,0.95181,65981.67
1774828928726,2026-03-30T00:02:08.726,btc-updown-15m-1774828800,1774829700,Down,101568968249334109841172910982417291807547954045954580268278800158435602610765,55509577823317260827288263848773842817483250717111942605040287447757050352635,0.41,0.44,1374.14,18.52,0.03,0.56,0.59,18.52,1374.14,0.03,0.425,0.575,0.013298,0.986702,65970.65
1774828929728,2026-03-30T00:02:09.728,btc-updown-15m-1774828800,1774829700,Down,101568968249334109841172910982417291807547954045954580268278800158435602610765,55509577823317260827288263848773842817483250717111942605040287447757050352635,0.41,0.44,1374.14,18.52,0.03,0.56,0.59,18.52,1374.14,0.03,0.425,0.575,0.013298,0.986702,65970.65
1774828930728,2026-03-30T00:02:10.728,btc-updown-15m-1774828800,1774829700,Down,101568968249334109841172910982417291807547954045954580268278800158435602610765,55509577823317260827288263848773842817483250717111942605040287447757050352635,0.4,0.42,73.0,1477.5,0.02,0.58,0.6,1477.5,73.0,0.02,0.41,0.59,0.952918,0.047082,65970.65
1774828931729,2026-03-30T00:02:11.729,btc-updown-15m-1774828800,1774829700,Down,101568968249334109841172910982417291807547954045954580268278800158435602610765,55509577823317260827288263848773842817483250717111942605040287447757050352635,0.4,0.42,73.0,1202.5,0.02,0.58,0.6,1202.5,73.0,0.02,0.41,0.59,0.942768,0.057232,65966.05
1774828932729,2026-03-30T00:02:12.729,btc-updown-15m-1774828800,1774829700,Down,101568968249334109841172910982417291807547954045954580268278800158435602610765,55509577823317260827288263848773842817483250717111942605040287447757050352635,0.42,0.43,8.0,634.97,0.01,0.57,0.58,634.97,8.0,0.01,0.425,0.575,0.987558,0.012442,65966.05
1774828933730,2026-03-30T00:02:13.730,btc-updown-15m-1774828800,1774829700,Down,101568968249334109841172910982417291807547954045954580268278800158435602610765,55509577823317260827288263848773842817483250717111942605040287447757050352635,0.43,0.45,231.09,335.34,0.02,0.55,0.57,335.34,231.09,0.02,0.44,0.56,0.592024,0.407976,65966.05
1774828934731,2026-03-30T00:02:14.731,btc-updown-15m-1774828800,1774829700,Down,101568968249334109841172910982417291807547954045954580268278800158435602610765,55509577823317260827288263848773842817483250717111942605040287447757050352635,0.44,0.45,90.0,17.78,0.01,0.55,0.56,17.78,90.0,0.01,0.445,0.555,0.164966,0.835034,65975.63
1774828935732,2026-03-30T00:02:15.732,btc-updown-15m-1774828800,1774829700,Down,101568968249334109841172910982417291807547954045954580268278800158435602610765,55509577823317260827288263848773842817483250717111942605040287447757050352635,0.44,0.45,129.0,21.06,0.01,0.55,0.56,21.06,129.0,0.01,0.445,0.555,0.140344,0.859656,65975.63
1774828936733,2026-03-30T00:02:16.733,btc-updown-15m-1774828800,1774829700,Down,101568968249334109841172910982417291807547954045954580268278800158435602610765,55509577823317260827288263848773842817483250717111942605040287447757050352635,0.44,0.45,129.0,21.06,0.01,0.55,0.56,21.06,129.0,0.01,0.445,0.555,0.140344,0.859656,65975.63
1774828937733,2026-03-30T00:02:17.733,btc-updown-15m-1774828800,1774829700,Down,101568968249334109841172910982417291807547954045954580268278800158435602610765,55509577823317260827288263848773842817483250717111942605040287447757050352635,0.41,0.42,170.0,1313.33,0.01,0.58,0.59,1313.33,170.0,0.01,0.415,0.585,0.885393,0.114607,65967.8
1774828938734,2026-03-30T00:02:18.734,btc-updown-15m-1774828800,1774829700,Down,101568968249334109841172910982417291807547954045954580268278800158435602610765,55509577823317260827288263848773842817483250717111942605040287447757050352635,0.43,0.44,354.77,22.49,0.01,0.56,0.57,22.49,354.77,0.01,0.435,0.565,0.059614,0.940386,65967.8
1774828939735,2026-03-30T00:02:19.735,btc-updown-15m-1774828800,1774829700,Down,101568968249334109841172910982417291807547954045954580268278800158435602610765,55509577823317260827288263848773842817483250717111942605040287447757050352635,0.43,0.44,226.94,17.49,0.01,0.56,0.57,17.49,226.94,0.01,0.435,0.565,0.071554,0.928446,65967.8
1774828940736,2026-03-30T00:02:20.736,btc-updown-15m-1774828800,1774829700,Down,101568968249334109841172910982417291807547954045954580268278800158435602610765,55509577823317260827288263848773842817483250717111942605040287447757050352635,0.43,0.45,55.53,457.72,0.02,0.55,0.57,457.72,55.53,0.02,0.44,0.56,0.891807,0.108193,65972.9
1774828941737,2026-03-30T00:02:21.737,btc-updown-15m-1774828800,1774829700,Down,101568968249334109841172910982417291807547954045954580268278800158435602610765,55509577823317260827288263848773842817483250717111942605040287447757050352635,0.43,0.45,55.53,457.72,0.02,0.55,0.57,457.72,55.53,0.02,0.44,0.56,0.891807,0.108193,65972.9
1774828942737,2026-03-30T00:02:22.737,btc-updown-15m-1774828800,1774829700,Down,101568968249334109841172910982417291807547954045954580268278800158435602610765,55509577823317260827288263848773842817483250717111942605040287447757050352635,0.44,0.45,31.53,203.0,0.01,0.55,0.56,203.0,31.53,0.01,0.445,0.555,0.865561,0.134439,65972.9
1774828943738,2026-03-30T00:02:23.738,btc-updown-15m-1774828800,1774829700,Down,101568968249334109841172910982417291807547954045954580268278800158435602610765,55509577823317260827288263848773842817483250717111942605040287447757050352635,0.44,0.45,1465.52,18.21,0.01,0.55,0.56,18.21,1465.52,0.01,0.445,0.555,0.012273,0.987727,65972.9
1774828944739,2026-03-30T00:02:24.739,btc-updown-15m-1774828800,1774829700,Down,101568968249334109841172910982417291807547954045954580268278800158435602610765,55509577823317260827288263848773842817483250717111942605040287447757050352635,0.44,0.45,1465.52,18.21,0.01,0.55,0.56,18.21,1465.52,0.01,0.445,0.555,0.012273,0.987727,65972.9
1774828945739,2026-03-30T00:02:25.739,btc-updown-15m-1774828800,1774829700,Down,101568968249334109841172910982417291807547954045954580268278800158435602610765,55509577823317260827288263848773842817483250717111942605040287447757050352635,0.41,0.42,42.58,11.0,0.01,0.58,0.59,11.0,42.58,0.01,0.415,0.585,0.2053,0.7947,65972.9
1774828946740,2026-03-30T00:02:26.740,btc-updown-15m-1774828800,1774829700,Down,101568968249334109841172910982417291807547954045954580268278800158435602610765,55509577823317260827288263848773842817483250717111942605040287447757050352635,0.4,0.41,203.77,25.5,0.01,0.59,0.6,25.5,203.77,0.01,0.405,0.595,0.111223,0.888777,65960.01
1774828947741,2026-03-30T00:02:27.741,btc-updown-15m-1774828800,1774829700,Down,101568968249334109841172910982417291807547954045954580268278800158435602610765,55509577823317260827288263848773842817483250717111942605040287447757050352635,0.4,0.41,57.34,11.0,0.01,0.59,0.6,11.0,57.34,0.01,0.405,0.595,0.16096,0.83904,65960.01
1774828948741,2026-03-30T00:02:28.741,btc-updown-15m-1774828800,1774829700,Down,101568968249334109841172910982417291807547954045954580268278800158435602610765,55509577823317260827288263848773842817483250717111942605040287447757050352635,0.4,0.41,34.0,854.0,0.01,0.59,0.6,854.0,34.0,0.01,0.405,0.595,0.961712,0.038288,65960.01
1774828949742,2026-03-30T00:02:29.742,btc-updown-15m-1774828800,1774829700,Down,101568968249334109841172910982417291807547954045954580268278800158435602610765,55509577823317260827288263848773842817483250717111942605040287447757050352635,0.4,0.41,20.0,831.0,0.01,0.59,0.6,831.0,20.0,0.01,0.405,0.595,0.976498,0.023502,65951.34
1774828950742,2026-03-30T00:02:30.742,btc-updown-15m-1774828800,1774829700,Down,101568968249334109841172910982417291807547954045954580268278800158435602610765,55509577823317260827288263848773842817483250717111942605040287447757050352635,0.37,0.38,150.0,1.73,0.01,0.62,0.63,1.73,150.0,0.01,0.375,0.625,0.011402,0.988598,65951.34
1774828951743,2026-03-30T00:02:31.743,btc-updown-15m-1774828800,1774829700,Down,101568968249334109841172910982417291807547954045954580268278800158435602610765,55509577823317260827288263848773842817483250717111942605040287447757050352635,0.38,0.39,117.0,24.0,0.01,0.61,0.62,24.0,117.0,0.01,0.385,0.615,0.170213,0.829787,65951.34
1774828952744,2026-03-30T00:02:32.744,btc-updown-15m-1774828800,1774829700,Down,101568968249334109841172910982417291807547954045954580268278800158435602610765,55509577823317260827288263848773842817483250717111942605040287447757050352635,0.38,0.39,92.0,29.67,0.01,0.61,0.62,29.67,92.0,0.01,0.385,0.615,0.243856,0.756144,65941.74
1774828953745,2026-03-30T00:02:33.745,btc-updown-15m-1774828800,1774829700,Down,101568968249334109841172910982417291807547954045954580268278800158435602610765,55509577823317260827288263848773842817483250717111942605040287447757050352635,0.36,0.37,260.0,700.07,0.01,0.63,0.64,700.07,260.0,0.01,0.365,0.635,0.729186,0.270814,65941.74
1774828954745,2026-03-30T00:02:34.745,btc-updown-15m-1774828800,1774829700,Down,101568968249334109841172910982417291807547954045954580268278800158435602610765,55509577823317260827288263848773842817483250717111942605040287447757050352635,0.37,0.38,20.0,765.82,0.01,0.62,0.63,765.82,20.0,0.01,0.375,0.625,0.974549,0.025451,65941.74
1774828955746,2026-03-30T00:02:35.746,btc-updown-15m-1774828800,1774829700,Down,101568968249334109841172910982417291807547954045954580268278800158435602610765,55509577823317260827288263848773842817483250717111942605040287447757050352635,0.37,0.38,191.24,975.14,0.01,0.62,0.63,975.14,191.24,0.01,0.375,0.625,0.83604,0.16396,65936.4
1774828956748,2026-03-30T00:02:36.748,btc-updown-15m-1774828800,1774829700,Down,101568968249334109841172910982417291807547954045954580268278800158435602610765,55509577823317260827288263848773842817483250717111942605040287447757050352635,0.35,0.36,528.5,32.55,0.01,0.64,0.65,32.55,528.5,0.01,0.355,0.645,0.058016,0.941984,65936.4
1774828957748,2026-03-30T00:02:37.748,btc-updown-15m-1774828800,1774829700,Down,101568968249334109841172910982417291807547954045954580268278800158435602610765,55509577823317260827288263848773842817483250717111942605040287447757050352635,0.33,0.34,55.0,1205.24,0.01,0.66,0.67,1205.24,55.0,0.01,0.335,0.665,0.956358,0.043642,65936.4
1774828958748,2026-03-30T00:02:38.748,btc-updown-15m-1774828800,1774829700,Down,101568968249334109841172910982417291807547954045954580268278800158435602610765,55509577823317260827288263848773842817483250717111942605040287447757050352635,0.33,0.34,52.0,1205.24,0.01,0.66,0.67,1205.24,52.0,0.01,0.335,0.665,0.95864,0.04136,65929.29
1774828959750,2026-03-30T00:02:39.750,btc-updown-15m-1774828800,1774829700,Down,101568968249334109841172910982417291807547954045954580268278800158435602610765,55509577823317260827288263848773842817483250717111942605040287447757050352635,0.33,0.34,26.35,1464.24,0.01,0.66,0.67,1464.24,26.35,0.01,0.335,0.665,0.982322,0.017678,65929.29
1774828960750,2026-03-30T00:02:40.750,btc-updown-15m-1774828800,1774829700,Down,101568968249334109841172910982417291807547954045954580268278800158435602610765,55509577823317260827288263848773842817483250717111942605040287447757050352635,0.33,0.34,60.35,1478.82,0.01,0.66,0.67,1478.82,60.35,0.01,0.335,0.665,0.960791,0.039209,65929.29
1774828961750,2026-03-30T00:02:41.750,btc-updown-15m-1774828800,1774829700,Down,101568968249334109841172910982417291807547954045954580268278800158435602610765,55509577823317260827288263848773842817483250717111942605040287447757050352635,0.33,0.34,26.5,1232.96,0.01,0.66,0.67,1232.96,26.5,0.01,0.335,0.665,0.978959,0.021041,65929.29
1774828962750,2026-03-30T00:02:42.750,btc-updown-15m-1774828800,1774829700,Down,101568968249334109841172910982417291807547954045954580268278800158435602610765,55509577823317260827288263848773842817483250717111942605040287447757050352635,0.35,0.36,92.0,99.46,0.01,0.64,0.65,99.46,92.0,0.01,0.355,0.645,0.519482,0.480518,65929.29
1774828963751,2026-03-30T00:02:43.751,btc-updown-15m-1774828800,1774829700,Down,101568968249334109841172910982417291807547954045954580268278800158435602610765,55509577823317260827288263848773842817483250717111942605040287447757050352635,0.38,0.39,224.82,1132.9,0.01,0.61,0.62,1132.9,224.82,0.01,0.385,0.615,0.834414,0.165586,65929.29
1774828964753,2026-03-30T00:02:44.753,btc-updown-15m-1774828800,1774829700,Down,101568968249334109841172910982417291807547954045954580268278800158435602610765,55509577823317260827288263848773842817483250717111942605040287447757050352635,0.38,0.39,165.0,1106.82,0.01,0.61,0.62,1106.82,165.0,0.01,0.385,0.615,0.870265,0.129735,65945.8
1774828965753,2026-03-30T00:02:45.753,btc-updown-15m-1774828800,1774829700,Down,101568968249334109841172910982417291807547954045954580268278800158435602610765,55509577823317260827288263848773842817483250717111942605040287447757050352635,0.38,0.4,30.87,1106.82,0.02,0.6,0.62,1106.82,30.87,0.02,0.39,0.61,0.972866,0.027134,65945.8
1774828966754,2026-03-30T00:02:46.754,btc-updown-15m-1774828800,1774829700,Down,101568968249334109841172910982417291807547954045954580268278800158435602610765,55509577823317260827288263848773842817483250717111942605040287447757050352635,0.38,0.4,24.0,1149.8,0.02,0.6,0.62,1149.8,24.0,0.02,0.39,0.61,0.979554,0.020446,65945.8
1774828967755,2026-03-30T00:02:47.755,btc-updown-15m-1774828800,1774829700,Down,101568968249334109841172910982417291807547954045954580268278800158435602610765,55509577823317260827288263848773842817483250717111942605040287447757050352635,0.38,0.4,24.0,1149.8,0.02,0.6,0.62,1149.8,24.0,0.02,0.39,0.61,0.979554,0.020446,65945.79
1774828968756,2026-03-30T00:02:48.756,btc-updown-15m-1774828800,1774829700,Down,101568968249334109841172910982417291807547954045954580268278800158435602610765,55509577823317260827288263848773842817483250717111942605040287447757050352635,0.33,0.34,97.0,1261.46,0.01,0.66,0.67,1261.46,97.0,0.01,0.335,0.665,0.928596,0.071404,65945.79
1774828969756,2026-03-30T00:02:49.756,btc-updown-15m-1774828800,1774829700,Down,101568968249334109841172910982417291807547954045954580268278800158435602610765,55509577823317260827288263848773842817483250717111942605040287447757050352635,0.34,0.35,42.63,60.0,0.01,0.65,0.66,60.0,42.63,0.01,0.345,0.655,0.584624,0.415376,65945.79
1774828970757,2026-03-30T00:02:50.757,btc-updown-15m-1774828800,1774829700,Down,101568968249334109841172910982417291807547954045954580268278800158435602610765,55509577823317260827288263848773842817483250717111942605040287447757050352635,0.34,0.37,121.0,1555.04,0.03,0.63,0.66,1555.04,121.0,0.03,0.355,0.645,0.927806,0.072194,65930.04
1774828971758,2026-03-30T00:02:51.758,btc-updown-15m-1774828800,1774829700,Down,101568968249334109841172910982417291807547954045954580268278800158435602610765,55509577823317260827288263848773842817483250717111942605040287447757050352635,0.33,0.34,1590.77,115.77,0.01,0.66,0.67,115.77,1590.77,0.01,0.335,0.665,0.067839,0.932161,65930.04
1774828972759,2026-03-30T00:02:52.759,btc-updown-15m-1774828800,1774829700,Down,101568968249334109841172910982417291807547954045954580268278800158435602610765,55509577823317260827288263848773842817483250717111942605040287447757050352635,0.32,0.33,276.89,182.15,0.01,0.67,0.68,182.15,276.89,0.01,0.325,0.675,0.396806,0.603194,65930.04
1774828973760,2026-03-30T00:02:53.760,btc-updown-15m-1774828800,1774829700,Down,101568968249334109841172910982417291807547954045954580268278800158435602610765,55509577823317260827288263848773842817483250717111942605040287447757050352635,0.3,0.33,296.89,1390.97,0.03,0.67,0.7,1390.97,296.89,0.03,0.315,0.685,0.824103,0.175897,65922.8
1774828974760,2026-03-30T00:02:54.760,btc-updown-15m-1774828800,1774829700,Down,101568968249334109841172910982417291807547954045954580268278800158435602610765,55509577823317260827288263848773842817483250717111942605040287447757050352635,0.3,0.33,296.89,1390.97,0.03,0.67,0.7,1390.97,296.89,0.03,0.315,0.685,0.824103,0.175897,65922.8
1774828975761,2026-03-30T00:02:55.761,btc-updown-15m-1774828800,1774829700,Down,101568968249334109841172910982417291807547954045954580268278800158435602610765,55509577823317260827288263848773842817483250717111942605040287447757050352635,0.3,0.31,14.62,1394.86,0.01,0.69,0.7,1394.86,14.62,0.01,0.305,0.695,0.989627,0.010373,65922.8
1774828976761,2026-03-30T00:02:56.761,btc-updown-15m-1774828800,1774829700,Down,101568968249334109841172910982417291807547954045954580268278800158435602610765,55509577823317260827288263848773842817483250717111942605040287447757050352635,0.31,0.33,72.82,127.25,0.02,0.67,0.69,127.25,72.82,0.02,0.32,0.68,0.636027,0.363973,65917.59
1774828977763,2026-03-30T00:02:57.763,btc-updown-15m-1774828800,1774829700,Down,101568968249334109841172910982417291807547954045954580268278800158435602610765,55509577823317260827288263848773842817483250717111942605040287447757050352635,0.31,0.33,432.81,58.0,0.02,0.67,0.69,58.0,432.81,0.02,0.32,0.68,0.118172,0.881828,65917.59
1774828978763,2026-03-30T00:02:58.763,btc-updown-15m-1774828800,1774829700,Down,101568968249334109841172910982417291807547954045954580268278800158435602610765,55509577823317260827288263848773842817483250717111942605040287447757050352635,0.31,0.32,34.0,60.79,0.01,0.68,0.69,60.79,34.0,0.01,0.315,0.685,0.641312,0.358688,65917.59
1774828979764,2026-03-30T00:02:59.764,btc-updown-15m-1774828800,1774829700,Down,101568968249334109841172910982417291807547954045954580268278800158435602610765,55509577823317260827288263848773842817483250717111942605040287447757050352635,0.29,0.31,27.79,1193.5,0.02,0.69,0.71,1193.5,27.79,0.02,0.3,0.7,0.977245,0.022755,65910.32
1774828980765,2026-03-30T00:03:00.765,btc-updown-15m-1774828800,1774829700,Down,101568968249334109841172910982417291807547954045954580268278800158435602610765,55509577823317260827288263848773842817483250717111942605040287447757050352635,0.3,0.32,90.35,1266.0,0.02,0.68,0.7,1266.0,90.35,0.02,0.31,0.69,0.933387,0.066613,65910.32
1774828981768,2026-03-30T00:03:01.768,btc-updown-15m-1774828800,1774829700,Down,101568968249334109841172910982417291807547954045954580268278800158435602610765,55509577823317260827288263848773842817483250717111942605040287447757050352635,0.31,0.33,267.81,137.65,0.02,0.67,0.69,137.65,267.81,0.02,0.32,0.68,0.339491,0.660509,65910.32
1774828982770,2026-03-30T00:03:02.770,btc-updown-15m-1774828800,1774829700,Down,101568968249334109841172910982417291807547954045954580268278800158435602610765,55509577823317260827288263848773842817483250717111942605040287447757050352635,0.3,0.32,214.0,73.29,0.02,0.68,0.7,73.29,214.0,0.02,0.31,0.69,0.255108,0.744892,65916.85
1774828983770,2026-03-30T00:03:03.770,btc-updown-15m-1774828800,1774829700,Down,101568968249334109841172910982417291807547954045954580268278800158435602610765,55509577823317260827288263848773842817483250717111942605040287447757050352635,0.32,0.33,10.73,148.21,0.01,0.67,0.68,148.21,10.73,0.01,0.325,0.675,0.93249,0.06751,65916.85
1774828984771,2026-03-30T00:03:04.771,btc-updown-15m-1774828800,1774829700,Down,101568968249334109841172910982417291807547954045954580268278800158435602610765,55509577823317260827288263848773842817483250717111942605040287447757050352635,0.32,0.33,10.73,97.21,0.01,0.67,0.68,97.21,10.73,0.01,0.325,0.675,0.900593,0.099407,65916.85
1774828985772,2026-03-30T00:03:05.772,btc-updown-15m-1774828800,1774829700,Down,101568968249334109841172910982417291807547954045954580268278800158435602610765,55509577823317260827288263848773842817483250717111942605040287447757050352635,0.32,0.33,10.73,97.21,0.01,0.67,0.68,97.21,10.73,0.01,0.325,0.675,0.900593,0.099407,65916.85
1774828986773,2026-03-30T00:03:06.773,btc-updown-15m-1774828800,1774829700,Down,101568968249334109841172910982417291807547954045954580268278800158435602610765,55509577823317260827288263848773842817483250717111942605040287447757050352635,0.29,0.3,14.3,1320.75,0.01,0.7,0.71,1320.75,14.3,0.01,0.295,0.705,0.989289,0.010711,65916.85
1774828987773,2026-03-30T00:03:07.773,btc-updown-15m-1774828800,1774829700,Down,101568968249334109841172910982417291807547954045954580268278800158435602610765,55509577823317260827288263848773842817483250717111942605040287447757050352635,0.29,0.3,14.3,1320.75,0.01,0.7,0.71,1320.75,14.3,0.01,0.295,0.705,0.989289,0.010711,65916.85
1774828988773,2026-03-30T00:03:08.773,btc-updown-15m-1774828800,1774829700,Down,101568968249334109841172910982417291807547954045954580268278800158435602610765,55509577823317260827288263848773842817483250717111942605040287447757050352635,0.3,0.32,54.87,291.5,0.02,0.68,0.7,291.5,54.87,0.02,0.31,0.69,0.841586,0.158414,65914.94
1774828989774,2026-03-30T00:03:09.774,btc-updown-15m-1774828800,1774829700,Down,101568968249334109841172910982417291807547954045954580268278800158435602610765,55509577823317260827288263848773842817483250717111942605040287447757050352635,0.31,0.32,49.0,29.56,0.01,0.68,0.69,29.56,49.0,0.01,0.315,0.685,0.376273,0.623727,65914.94
1774828990775,2026-03-30T00:03:10.775,btc-updown-15m-1774828800,1774829700,Down,101568968249334109841172910982417291807547954045954580268278800158435602610765,55509577823317260827288263848773842817483250717111942605040287447757050352635,0.32,0.33,65.73,93.52,0.01,0.67,0.68,93.52,65.73,0.01,0.325,0.675,0.587253,0.412747,65914.94
1774828991776,2026-03-30T00:03:11.776,btc-updown-15m-1774828800,1774829700,Down,101568968249334109841172910982417291807547954045954580268278800158435602610765,55509577823317260827288263848773842817483250717111942605040287447757050352635,0.32,0.33,65.73,93.52,0.01,0.67,0.68,93.52,65.73,0.01,0.325,0.675,0.587253,0.412747,65923.6
1774828992776,2026-03-30T00:03:12.776,btc-updown-15m-1774828800,1774829700,Down,101568968249334109841172910982417291807547954045954580268278800158435602610765,55509577823317260827288263848773842817483250717111942605040287447757050352635,0.34,0.35,408.0,11.27,0.01,0.65,0.66,11.27,408.0,0.01,0.345,0.655,0.02688,0.97312,65923.6
1774828993777,2026-03-30T00:03:13.777,btc-updown-15m-1774828800,1774829700,Down,101568968249334109841172910982417291807547954045954580268278800158435602610765,55509577823317260827288263848773842817483250717111942605040287447757050352635,0.32,0.33,36.0,60.0,0.01,0.67,0.68,60.0,36.0,0.01,0.325,0.675,0.625,0.375,65923.6
1774828994777,2026-03-30T00:03:14.777,btc-updown-15m-1774828800,1774829700,Down,101568968249334109841172910982417291807547954045954580268278800158435602610765,55509577823317260827288263848773842817483250717111942605040287447757050352635,0.32,0.33,90.0,69.01,0.01,0.67,0.68,69.01,90.0,0.01,0.325,0.675,0.433998,0.566002,65919.93
1774828995778,2026-03-30T00:03:15.778,btc-updown-15m-1774828800,1774829700,Down,101568968249334109841172910982417291807547954045954580268278800158435602610765,55509577823317260827288263848773842817483250717111942605040287447757050352635,0.3,0.33,492.0,914.5,0.03,0.67,0.7,914.5,492.0,0.03,0.315,0.685,0.650196,0.349804,65919.93
1774828996778,2026-03-30T00:03:16.778,btc-updown-15m-1774828800,1774829700,Down,101568968249334109841172910982417291807547954045954580268278800158435602610765,55509577823317260827288263848773842817483250717111942605040287447757050352635,0.3,0.31,55.0,750.85,0.01,0.69,0.7,750.85,55.0,0.01,0.305,0.695,0.931749,0.068251,65919.93
1774828997779,2026-03-30T00:03:17.779,btc-updown-15m-1774828800,1774829700,Down,101568968249334109841172910982417291807547954045954580268278800158435602610765,55509577823317260827288263848773842817483250717111942605040287447757050352635,0.31,0.32,10.0,206.63,0.01,0.68,0.69,206.63,10.0,0.01,0.315,0.685,0.953838,0.046162,65915.04
1774828998780,2026-03-30T00:03:18.780,btc-updown-15m-1774828800,1774829700,Down,101568968249334109841172910982417291807547954045954580268278800158435602610765,55509577823317260827288263848773842817483250717111942605040287447757050352635,0.32,0.34,391.0,107.0,0.02,0.66,0.68,107.0,391.0,0.02,0.33,0.67,0.214859,0.785141,65915.04
1774828999780,2026-03-30T00:03:19.780,btc-updown-15m-1774828800,1774829700,Down,101568968249334109841172910982417291807547954045954580268278800158435602610765,55509577823317260827288263848773842817483250717111942605040287447757050352635,0.28,0.3,35.0,117.67,0.02,0.7,0.72,117.67,35.0,0.02,0.29,0.71,0.770747,0.229253,65915.04
1774829000781,2026-03-30T00:03:20.781,btc-updown-15m-1774828800,1774829700,Down,101568968249334109841172910982417291807547954045954580268278800158435602610765,55509577823317260827288263848773842817483250717111942605040287447757050352635,0.28,0.29,10.06,863.67,0.01,0.71,0.72,863.67,10.06,0.01,0.285,0.715,0.988486,0.011514,65910.7
1774829001781,2026-03-30T00:03:21.781,btc-updown-15m-1774828800,1774829700,Down,101568968249334109841172910982417291807547954045954580268278800158435602610765,55509577823317260827288263848773842817483250717111942605040287447757050352635,0.28,0.29,10.06,863.67,0.01,0.71,0.72,863.67,10.06,0.01,0.285,0.715,0.988486,0.011514,65910.7
1774829002782,2026-03-30T00:03:22.782,btc-updown-15m-1774828800,1774829700,Down,101568968249334109841172910982417291807547954045954580268278800158435602610765,55509577823317260827288263848773842817483250717111942605040287447757050352635,0.28,0.29,10.06,863.67,0.01,0.71,0.72,863.67,10.06,0.01,0.285,0.715,0.988486,0.011514,65910.7
1774829003784,2026-03-30T00:03:23.784,btc-updown-15m-1774828800,1774829700,Down,101568968249334109841172910982417291807547954045954580268278800158435602610765,55509577823317260827288263848773842817483250717111942605040287447757050352635,0.29,0.31,411.31,988.5,0.02,0.69,0.71,988.5,411.31,0.02,0.3,0.7,0.706167,0.293833,65910.69
1774829004785,2026-03-30T00:03:24.785,btc-updown-15m-1774828800,1774829700,Down,101568968249334109841172910982417291807547954045954580268278800158435602610765,55509577823317260827288263848773842817483250717111942605040287447757050352635,0.29,0.31,411.31,988.5,0.02,0.69,0.71,988.5,411.31,0.02,0.3,0.7,0.706167,0.293833,65910.69
1774829005786,2026-03-30T00:03:25.786,btc-updown-15m-1774828800,1774829700,Down,101568968249334109841172910982417291807547954045954580268278800158435602610765,55509577823317260827288263848773842817483250717111942605040287447757050352635,0.29,0.3,9.81,866.5,0.01,0.7,0.71,866.5,9.81,0.01,0.295,0.705,0.988805,0.011195,65910.69
1774829006786,2026-03-30T00:03:26.786,btc-updown-15m-1774828800,1774829700,Down,101568968249334109841172910982417291807547954045954580268278800158435602610765,55509577823317260827288263848773842817483250717111942605040287447757050352635,0.29,0.31,274.06,903.5,0.02,0.69,0.71,903.5,274.06,0.02,0.3,0.7,0.767265,0.232735,65910.31
1774829007787,2026-03-30T00:03:27.787,btc-updown-15m-1774828800,1774829700,Down,101568968249334109841172910982417291807547954045954580268278800158435602610765,55509577823317260827288263848773842817483250717111942605040287447757050352635,0.29,0.31,274.06,903.5,0.02,0.69,0.71,903.5,274.06,0.02,0.3,0.7,0.767265,0.232735,65910.31
1774829008787,2026-03-30T00:03:28.787,btc-updown-15m-1774828800,1774829700,Down,101568968249334109841172910982417291807547954045954580268278800158435602610765,55509577823317260827288263848773842817483250717111942605040287447757050352635,0.27,0.28,273.85,20.0,0.01,0.72,0.73,20.0,273.85,0.01,0.275,0.725,0.068062,0.931938,65910.31
1774829009788,2026-03-30T00:03:29.788,btc-updown-15m-1774828800,1774829700,Down,101568968249334109841172910982417291807547954045954580268278800158435602610765,55509577823317260827288263848773842817483250717111942605040287447757050352635,0.27,0.28,59.0,93.69,0.01,0.72,0.73,93.69,59.0,0.01,0.275,0.725,0.613596,0.386404,65902.99
1774829010788,2026-03-30T00:03:30.788,btc-updown-15m-1774828800,1774829700,Down,101568968249334109841172910982417291807547954045954580268278800158435602610765,55509577823317260827288263848773842817483250717111942605040287447757050352635,0.27,0.3,444.0,1336.5,0.03,0.7,0.73,1336.5,444.0,0.03,0.285,0.715,0.750632,0.249368,65902.99
1774829011789,2026-03-30T00:03:31.789,btc-updown-15m-1774828800,1774829700,Down,101568968249334109841172910982417291807547954045954580268278800158435602610765,55509577823317260827288263848773842817483250717111942605040287447757050352635,0.31,0.32,180.93,166.5,0.01,0.68,0.69,166.5,180.93,0.01,0.315,0.685,0.479233,0.520767,65902.99
1774829012790,2026-03-30T00:03:32.790,btc-updown-15m-1774828800,1774829700,Down,101568968249334109841172910982417291807547954045954580268278800158435602610765,55509577823317260827288263848773842817483250717111942605040287447757050352635,0.31,0.32,180.93,166.5,0.01,0.68,0.69,166.5,180.93,0.01,0.315,0.685,0.479233,0.520767,65921.55
1774829013792,2026-03-30T00:03:33.792,btc-updown-15m-1774828800,1774829700,Down,101568968249334109841172910982417291807547954045954580268278800158435602610765,55509577823317260827288263848773842817483250717111942605040287447757050352635,0.31,0.32,81.0,195.96,0.01,0.68,0.69,195.96,81.0,0.01,0.315,0.685,0.707539,0.292461,65921.55
1774829014793,2026-03-30T00:03:34.793,btc-updown-15m-1774828800,1774829700,Down,101568968249334109841172910982417291807547954045954580268278800158435602610765,55509577823317260827288263848773842817483250717111942605040287447757050352635,0.31,0.32,81.0,195.96,0.01,0.68,0.69,195.96,81.0,0.01,0.315,0.685,0.707539,0.292461,65921.55
1774829015793,2026-03-30T00:03:35.793,btc-updown-15m-1774828800,1774829700,Down,101568968249334109841172910982417291807547954045954580268278800158435602610765,55509577823317260827288263848773842817483250717111942605040287447757050352635,0.31,0.32,256.0,127.5,0.01,0.68,0.69,127.5,256.0,0.01,0.315,0.685,0.332464,0.667536,65921.54
1774829016795,2026-03-30T00:03:36.795,btc-updown-15m-1774828800,1774829700,Down,101568968249334109841172910982417291807547954045954580268278800158435602610765,55509577823317260827288263848773842817483250717111942605040287447757050352635,0.31,0.32,256.0,127.5,0.01,0.68,0.69,127.5,256.0,0.01,0.315,0.685,0.332464,0.667536,65921.54
1774829017796,2026-03-30T00:03:37.796,btc-updown-15m-1774828800,1774829700,Down,101568968249334109841172910982417291807547954045954580268278800158435602610765,55509577823317260827288263848773842817483250717111942605040287447757050352635,0.31,0.32,256.0,127.5,0.01,0.68,0.69,127.5,256.0,0.01,0.315,0.685,0.332464,0.667536,65921.54
1774829018797,2026-03-30T00:03:38.797,btc-updown-15m-1774828800,1774829700,Down,101568968249334109841172910982417291807547954045954580268278800158435602610765,55509577823317260827288263848773842817483250717111942605040287447757050352635,0.33,0.34,19.36,261.3,0.01,0.66,0.67,261.3,19.36,0.01,0.335,0.665,0.93102,0.06898,65929.29
1774829019798,2026-03-30T00:03:39.798,btc-updown-15m-1774828800,1774829700,Down,101568968249334109841172910982417291807547954045954580268278800158435602610765,55509577823317260827288263848773842817483250717111942605040287447757050352635,0.33,0.34,189.36,73.37,0.01,0.66,0.67,73.37,189.36,0.01,0.335,0.665,0.27926,0.72074,65929.29
1774829020798,2026-03-30T00:03:40.798,btc-updown-15m-1774828800,1774829700,Down,101568968249334109841172910982417291807547954045954580268278800158435602610765,55509577823317260827288263848773842817483250717111942605040287447757050352635,0.33,0.34,189.36,73.37,0.01,0.66,0.67,73.37,189.36,0.01,0.335,0.665,0.27926,0.72074,65929.29
1774829021800,2026-03-30T00:03:41.800,btc-updown-15m-1774828800,1774829700,Down,101568968249334109841172910982417291807547954045954580268278800158435602610765,55509577823317260827288263848773842817483250717111942605040287447757050352635,0.33,0.34,189.36,73.37,0.01,0.66,0.67,73.37,189.36,0.01,0.335,0.665,0.27926,0.72074,65929.29
1774829022802,2026-03-30T00:03:42.802,btc-updown-15m-1774828800,1774829700,Down,101568968249334109841172910982417291807547954045954580268278800158435602610765,55509577823317260827288263848773842817483250717111942605040287447757050352635,0.33,0.34,189.36,73.37,0.01,0.66,0.67,73.37,189.36,0.01,0.335,0.665,0.27926,0.72074,65929.29
1774829023802,2026-03-30T00:03:43.802,btc-updown-15m-1774828800,1774829700,Down,101568968249334109841172910982417291807547954045954580268278800158435602610765,55509577823317260827288263848773842817483250717111942605040287447757050352635,0.31,0.32,309.0,24.3,0.01,0.68,0.69,24.3,309.0,0.01,0.315,0.685,0.072907,0.927093,65929.29
1774829024803,2026-03-30T00:03:44.803,btc-updown-15m-1774828800,1774829700,Down,101568968249334109841172910982417291807547954045954580268278800158435602610765,55509577823317260827288263848773842817483250717111942605040287447757050352635,0.29,0.32,336.5,336.75,0.03,0.68,0.71,336.75,336.5,0.03,0.305,0.695,0.500186,0.499814,65921.08
1774829025804,2026-03-30T00:03:45.804,btc-updown-15m-1774828800,1774829700,Down,101568968249334109841172910982417291807547954045954580268278800158435602610765,55509577823317260827288263848773842817483250717111942605040287447757050352635,0.29,0.32,336.5,336.75,0.03,0.68,0.71,336.75,336.5,0.03,0.305,0.695,0.500186,0.499814,65921.08
1774829026806,2026-03-30T00:03:46.806,btc-updown-15m-1774828800,1774829700,Down,101568968249334109841172910982417291807547954045954580268278800158435602610765,55509577823317260827288263848773842817483250717111942605040287447757050352635,0.31,0.32,409.87,110.5,0.01,0.68,0.69,110.5,409.87,0.01,0.315,0.685,0.212349,0.787651,65921.08
1774829027806,2026-03-30T00:03:47.806,btc-updown-15m-1774828800,1774829700,Down,101568968249334109841172910982417291807547954045954580268278800158435602610765,55509577823317260827288263848773842817483250717111942605040287447757050352635,0.3,0.31,49.0,64.14,0.01,0.69,0.7,64.14,49.0,0.01,0.305,0.695,0.566908,0.433092,65921.08
1774829028808,2026-03-30T00:03:48.808,btc-updown-15m-1774828800,1774829700,Down,101568968249334109841172910982417291807547954045954580268278800158435602610765,55509577823317260827288263848773842817483250717111942605040287447757050352635,0.3,0.31,137.74,154.14,0.01,0.69,0.7,154.14,137.74,0.01,0.305,0.695,0.528094,0.471906,65921.08
1774829029809,2026-03-30T00:03:49.809,btc-updown-15m-1774828800,1774829700,Down,101568968249334109841172910982417291807547954045954580268278800158435602610765,55509577823317260827288263848773842817483250717111942605040287447757050352635,0.3,0.31,105.48,159.34,0.01,0.69,0.7,159.34,105.48,0.01,0.305,0.695,0.601692,0.398308,65921.08
1774829030811,2026-03-30T00:03:50.811,btc-updown-15m-1774828800,1774829700,Down,101568968249334109841172910982417291807547954045954580268278800158435602610765,55509577823317260827288263848773842817483250717111942605040287447757050352635,0.31,0.32,132.0,11.0,0.01,0.68,0.69,11.0,132.0,0.01,0.315,0.685,0.076923,0.923077,65921.07
1774829031812,2026-03-30T00:03:51.812,btc-updown-15m-1774828800,1774829700,Down,101568968249334109841172910982417291807547954045954580268278800158435602610765,55509577823317260827288263848773842817483250717111942605040287447757050352635,0.31,0.32,132.0,11.0,0.01,0.68,0.69,11.0,132.0,0.01,0.315,0.685,0.076923,0.923077,65921.07
1774829032814,2026-03-30T00:03:52.814,btc-updown-15m-1774828800,1774829700,Down,101568968249334109841172910982417291807547954045954580268278800158435602610765,55509577823317260827288263848773842817483250717111942605040287447757050352635,0.31,0.32,97.0,21.74,0.01,0.68,0.69,21.74,97.0,0.01,0.315,0.685,0.183089,0.816911,65921.07
1774829033815,2026-03-30T00:03:53.815,btc-updown-15m-1774828800,1774829700,Down,101568968249334109841172910982417291807547954045954580268278800158435602610765,55509577823317260827288263848773842817483250717111942605040287447757050352635,0.31,0.32,20.0,158.71,0.01,0.68,0.69,158.71,20.0,0.01,0.315,0.685,0.888087,0.111913,65922.64
1774829034815,2026-03-30T00:03:54.815,btc-updown-15m-1774828800,1774829700,Down,101568968249334109841172910982417291807547954045954580268278800158435602610765,55509577823317260827288263848773842817483250717111942605040287447757050352635,0.31,0.32,29.63,158.71,0.01,0.68,0.69,158.71,29.63,0.01,0.315,0.685,0.842678,0.157322,65922.64
1774829035816,2026-03-30T00:03:55.816,btc-updown-15m-1774828800,1774829700,Down,101568968249334109841172910982417291807547954045954580268278800158435602610765,55509577823317260827288263848773842817483250717111942605040287447757050352635,0.31,0.32,21.37,309.71,0.01,0.68,0.69,309.71,21.37,0.01,0.315,0.685,0.935454,0.064546,65922.64
1774829036818,2026-03-30T00:03:56.818,btc-updown-15m-1774828800,1774829700,Down,101568968249334109841172910982417291807547954045954580268278800158435602610765,55509577823317260827288263848773842817483250717111942605040287447757050352635,0.31,0.32,21.37,183.19,0.01,0.68,0.69,183.19,21.37,0.01,0.315,0.685,0.895532,0.104468,65924.38
1774829037818,2026-03-30T00:03:57.818,btc-updown-15m-1774828800,1774829700,Down,101568968249334109841172910982417291807547954045954580268278800158435602610765,55509577823317260827288263848773842817483250717111942605040287447757050352635,0.31,0.32,237.0,211.5,0.01,0.68,0.69,211.5,237.0,0.01,0.315,0.685,0.471572,0.528428,65924.38
1774829038819,2026-03-30T00:03:58.819,btc-updown-15m-1774828800,1774829700,Down,101568968249334109841172910982417291807547954045954580268278800158435602610765,55509577823317260827288263848773842817483250717111942605040287447757050352635,0.31,0.32,118.37,69.5,0.01,0.68,0.69,69.5,118.37,0.01,0.315,0.685,0.369937,0.630063,65924.38
1774829039820,2026-03-30T00:03:59.820,btc-updown-15m-1774828800,1774829700,Down,101568968249334109841172910982417291807547954045954580268278800158435602610765,55509577823317260827288263848773842817483250717111942605040287447757050352635,0.29,0.32,1382.24,236.0,0.03,0.68,0.71,236.0,1382.24,0.03,0.305,0.695,0.145837,0.854163,65924.38
1774829040821,2026-03-30T00:04:00.821,btc-updown-15m-1774828800,1774829700,Down,101568968249334109841172910982417291807547954045954580268278800158435602610765,55509577823317260827288263848773842817483250717111942605040287447757050352635,0.3,0.31,15.0,113.2,0.01,0.69,0.7,113.2,15.0,0.01,0.305,0.695,0.882995,0.117005,65924.38
1774829041822,2026-03-30T00:04:01.822,btc-updown-15m-1774828800,1774829700,Down,101568968249334109841172910982417291807547954045954580268278800158435602610765,55509577823317260827288263848773842817483250717111942605040287447757050352635,0.3,0.31,15.0,113.2,0.01,0.69,0.7,113.2,15.0,0.01,0.305,0.695,0.882995,0.117005,65924.38
1774829042824,2026-03-30T00:04:02.824,btc-updown-15m-1774828800,1774829700,Down,101568968249334109841172910982417291807547954045954580268278800158435602610765,55509577823317260827288263848773842817483250717111942605040287447757050352635,0.28,0.31,1139.51,403.0,0.03,0.69,0.72,403.0,1139.51,0.03,0.295,0.705,0.261262,0.738738,65924.39
1774829043825,2026-03-30T00:04:03.825,btc-updown-15m-1774828800,1774829700,Down,101568968249334109841172910982417291807547954045954580268278800158435602610765,55509577823317260827288263848773842817483250717111942605040287447757050352635,0.28,0.31,1139.51,403.0,0.03,0.69,0.72,403.0,1139.51,0.03,0.295,0.705,0.261262,0.738738,65924.39
1774829044826,2026-03-30T00:04:04.826,btc-updown-15m-1774828800,1774829700,Down,101568968249334109841172910982417291807547954045954580268278800158435602610765,55509577823317260827288263848773842817483250717111942605040287447757050352635,0.3,0.31,62.73,76.65,0.01,0.69,0.7,76.65,62.73,0.01,0.305,0.695,0.549935,0.450065,65924.39
1774829045827,2026-03-30T00:04:05.827,btc-updown-15m-1774828800,1774829700,Down,101568968249334109841172910982417291807547954045954580268278800158435602610765,55509577823317260827288263848773842817483250717111942605040287447757050352635,0.3,0.31,62.73,76.65,0.01,0.69,0.7,76.65,62.73,0.01,0.305,0.695,0.549935,0.450065,65924.38
1774829046827,2026-03-30T00:04:06.827,btc-updown-15m-1774828800,1774829700,Down,101568968249334109841172910982417291807547954045954580268278800158435602610765,55509577823317260827288263848773842817483250717111942605040287447757050352635,0.3,0.31,54.73,54.33,0.01,0.69,0.7,54.33,54.73,0.01,0.305,0.695,0.498166,0.501834,65924.38
1774829047828,2026-03-30T00:04:07.828,btc-updown-15m-1774828800,1774829700,Down,101568968249334109841172910982417291807547954045954580268278800158435602610765,55509577823317260827288263848773842817483250717111942605040287447757050352635,0.3,0.31,67.24,250.9,0.01,0.69,0.7,250.9,67.24,0.01,0.305,0.695,0.788647,0.211353,65924.38
1774829048829,2026-03-30T00:04:08.829,btc-updown-15m-1774828800,1774829700,Down,101568968249334109841172910982417291807547954045954580268278800158435602610765,55509577823317260827288263848773842817483250717111942605040287447757050352635,0.3,0.31,67.24,250.9,0.01,0.69,0.7,250.9,67.24,0.01,0.305,0.695,0.788647,0.211353,65924.38
1774829049829,2026-03-30T00:04:09.829,btc-updown-15m-1774828800,1774829700,Down,101568968249334109841172910982417291807547954045954580268278800158435602610765,55509577823317260827288263848773842817483250717111942605040287447757050352635,0.3,0.31,67.24,250.9,0.01,0.69,0.7,250.9,67.24,0.01,0.305,0.695,0.788647,0.211353,65924.38
1774829050829,2026-03-30T00:04:10.829,btc-updown-15m-1774828800,1774829700,Down,101568968249334109841172910982417291807547954045954580268278800158435602610765,55509577823317260827288263848773842817483250717111942605040287447757050352635,0.28,0.3,337.83,36.65,0.02,0.7,0.72,36.65,337.83,0.02,0.29,0.71,0.097869,0.902131,65924.38
1774829051830,2026-03-30T00:04:11.830,btc-updown-15m-1774828800,1774829700,Down,101568968249334109841172910982417291807547954045954580268278800158435602610765,55509577823317260827288263848773842817483250717111942605040287447757050352635,0.27,0.28,165.0,360.95,0.01,0.72,0.73,360.95,165.0,0.01,0.275,0.725,0.686282,0.313718,65911.86
1774829052831,2026-03-30T00:04:12.831,btc-updown-15m-1774828800,1774829700,Down,101568968249334109841172910982417291807547954045954580268278800158435602610765,55509577823317260827288263848773842817483250717111942605040287447757050352635,0.24,0.25,130.54,165.63,0.01,0.75,0.76,165.63,130.54,0.01,0.245,0.755,0.55924,0.44076,65911.86
1774829053832,2026-03-30T00:04:13.832,btc-updown-15m-1774828800,1774829700,Down,101568968249334109841172910982417291807547954045954580268278800158435602610765,55509577823317260827288263848773842817483250717111942605040287447757050352635,0.24,0.25,110.2,379.82,0.01,0.75,0.76,379.82,110.2,0.01,0.245,0.755,0.775111,0.224889,65911.86
1774829054832,2026-03-30T00:04:14.832,btc-updown-15m-1774828800,1774829700,Down,101568968249334109841172910982417291807547954045954580268278800158435602610765,55509577823317260827288263848773842817483250717111942605040287447757050352635,0.24,0.25,67.2,507.72,0.01,0.75,0.76,507.72,67.2,0.01,0.245,0.755,0.883114,0.116886,65901.29
1774829055835,2026-03-30T00:04:15.835,btc-updown-15m-1774828800,1774829700,Down,101568968249334109841172910982417291807547954045954580268278800158435602610765,55509577823317260827288263848773842817483250717111942605040287447757050352635,0.24,0.25,141.38,292.63,0.01,0.75,0.76,292.63,141.38,0.01,0.245,0.755,0.674247,0.325753,65901.29
1774829056835,2026-03-30T00:04:16.835,btc-updown-15m-1774828800,1774829700,Down,101568968249334109841172910982417291807547954045954580268278800158435602610765,55509577823317260827288263848773842817483250717111942605040287447757050352635,0.24,0.25,141.38,292.63,0.01,0.75,0.76,292.63,141.38,0.01,0.245,0.755,0.674247,0.325753,65901.29
1774829057835,2026-03-30T00:04:17.835,btc-updown-15m-1774828800,1774829700,Down,101568968249334109841172910982417291807547954045954580268278800158435602610765,55509577823317260827288263848773842817483250717111942605040287447757050352635,0.24,0.25,95.66,225.63,0.01,0.75,0.76,225.63,95.66,0.01,0.245,0.755,0.702263,0.297737,65901.3
1774829058836,2026-03-30T00:04:18.836,btc-updown-15m-1774828800,1774829700,Down,101568968249334109841172910982417291807547954045954580268278800158435602610765,55509577823317260827288263848773842817483250717111942605040287447757050352635,0.24,0.26,146.17,37.0,0.02,0.74,0.76,37.0,146.17,0.02,0.25,0.75,0.201998,0.798002,65901.3
1774829059837,2026-03-30T00:04:19.837,btc-updown-15m-1774828800,1774829700,Down,101568968249334109841172910982417291807547954045954580268278800158435602610765,55509577823317260827288263848773842817483250717111942605040287447757050352635,0.25,0.26,423.67,10.76,0.01,0.74,0.75,10.76,423.67,0.01,0.255,0.745,0.024768,0.975232,65901.3
1774829060838,2026-03-30T00:04:20.838,btc-updown-15m-1774828800,1774829700,Down,101568968249334109841172910982417291807547954045954580268278800158435602610765,55509577823317260827288263848773842817483250717111942605040287447757050352635,0.25,0.26,477.58,10.76,0.01,0.74,0.75,10.76,477.58,0.01,0.255,0.745,0.022034,0.977966,65900.01
1774829061839,2026-03-30T00:04:21.839,btc-updown-15m-1774828800,1774829700,Down,101568968249334109841172910982417291807547954045954580268278800158435602610765,55509577823317260827288263848773842817483250717111942605040287447757050352635,0.25,0.26,229.2,1560.9,0.01,0.74,0.75,1560.9,229.2,0.01,0.255,0.745,0.871962,0.128038,65900.01
1774829062839,2026-03-30T00:04:22.839,btc-updown-15m-1774828800,1774829700,Down,101568968249334109841172910982417291807547954045954580268278800158435602610765,55509577823317260827288263848773842817483250717111942605040287447757050352635,0.25,0.26,229.2,1560.9,0.01,0.74,0.75,1560.9,229.2,0.01,0.255,0.745,0.871962,0.128038,65900.01
1774829063840,2026-03-30T00:04:23.840,btc-updown-15m-1774828800,1774829700,Down,101568968249334109841172910982417291807547954045954580268278800158435602610765,55509577823317260827288263848773842817483250717111942605040287447757050352635,0.25,0.26,184.2,1477.5,0.01,0.74,0.75,1477.5,184.2,0.01,0.255,0.745,0.88915,0.11085,65900.01
1774829064840,2026-03-30T00:04:24.840,btc-updown-15m-1774828800,1774829700,Down,101568968249334109841172910982417291807547954045954580268278800158435602610765,55509577823317260827288263848773842817483250717111942605040287447757050352635,0.25,0.26,90.5,1150.69,0.01,0.74,0.75,1150.69,90.5,0.01,0.255,0.745,0.927086,0.072914,65900.01
1774829065840,2026-03-30T00:04:25.840,btc-updown-15m-1774828800,1774829700,Down,101568968249334109841172910982417291807547954045954580268278800158435602610765,55509577823317260827288263848773842817483250717111942605040287447757050352635,0.28,0.29,918.5,42.0,0.01,0.71,0.72,42.0,918.5,0.01,0.285,0.715,0.043727,0.956273,65900.01
1774829066841,2026-03-30T00:04:26.841,btc-updown-15m-1774828800,1774829700,Down,101568968249334109841172910982417291807547954045954580268278800158435602610765,55509577823317260827288263848773842817483250717111942605040287447757050352635,0.25,0.26,21.0,108.5,0.01,0.74,0.75,108.5,21.0,0.01,0.255,0.745,0.837838,0.162162,65900.01
1774829067842,2026-03-30T00:04:27.842,btc-updown-15m-1774828800,1774829700,Down,101568968249334109841172910982417291807547954045954580268278800158435602610765,55509577823317260827288263848773842817483250717111942605040287447757050352635,0.23,0.25,68.7,1309.5,0.02,0.75,0.77,1309.5,68.7,0.02,0.24,0.76,0.950152,0.049848,65900.01
1774829068843,2026-03-30T00:04:28.843,btc-updown-15m-1774828800,1774829700,Down,101568968249334109841172910982417291807547954045954580268278800158435602610765,55509577823317260827288263848773842817483250717111942605040287447757050352635,0.23,0.25,97.96,122.5,0.02,0.75,0.77,122.5,97.96,0.02,0.24,0.76,0.555656,0.444344,65900.01
1774829069843,2026-03-30T00:04:29.843,btc-updown-15m-1774828800,1774829700,Down,101568968249334109841172910982417291807547954045954580268278800158435602610765,55509577823317260827288263848773842817483250717111942605040287447757050352635,0.24,0.25,25.34,282.5,0.01,0.75,0.76,282.5,25.34,0.01,0.245,0.755,0.917685,0.082315,65900.0
1774829070844,2026-03-30T00:04:30.844,btc-updown-15m-1774828800,1774829700,Down,101568968249334109841172910982417291807547954045954580268278800158435602610765,55509577823317260827288263848773842817483250717111942605040287447757050352635,0.24,0.25,68.5,1255.84,0.01,0.75,0.76,1255.84,68.5,0.01,0.245,0.755,0.948276,0.051724,65900.0
1774829071845,2026-03-30T00:04:31.845,btc-updown-15m-1774828800,1774829700,Down,101568968249334109841172910982417291807547954045954580268278800158435602610765,55509577823317260827288263848773842817483250717111942605040287447757050352635,0.24,0.25,68.5,1255.84,0.01,0.75,0.76,1255.84,68.5,0.01,0.245,0.755,0.948276,0.051724,65900.0
1774829072846,2026-03-30T00:04:32.846,btc-updown-15m-1774828800,1774829700,Down,101568968249334109841172910982417291807547954045954580268278800158435602610765,55509577823317260827288263848773842817483250717111942605040287447757050352635,0.21,0.22,42.5,1170.75,0.01,0.78,0.79,1170.75,42.5,0.01,0.215,0.785,0.96497,0.03503,65888.51
1774829073847,2026-03-30T00:04:33.847,btc-updown-15m-1774828800,1774829700,Down,101568968249334109841172910982417291807547954045954580268278800158435602610765,55509577823317260827288263848773842817483250717111942605040287447757050352635,0.21,0.22,17.95,1200.92,0.01,0.78,0.79,1200.92,17.95,0.01,0.215,0.785,0.985273,0.014727,65888.51
1774829074847,2026-03-30T00:04:34.847,btc-updown-15m-1774828800,1774829700,Down,101568968249334109841172910982417291807547954045954580268278800158435602610765,55509577823317260827288263848773842817483250717111942605040287447757050352635,0.21,0.22,7.49,1200.92,0.01,0.78,0.79,1200.92,7.49,0.01,0.215,0.785,0.993802,0.006198,65888.51
1774829075848,2026-03-30T00:04:35.848,btc-updown-15m-1774828800,1774829700,Down,101568968249334109841172910982417291807547954045954580268278800158435602610765,55509577823317260827288263848773842817483250717111942605040287447757050352635,0.21,0.22,20.13,1269.42,0.01,0.78,0.79,1269.42,20.13,0.01,0.215,0.785,0.98439,0.01561,65888.51
1774829076848,2026-03-30T00:04:36.848,btc-updown-15m-1774828800,1774829700,Down,101568968249334109841172910982417291807547954045954580268278800158435602610765,55509577823317260827288263848773842817483250717111942605040287447757050352635,0.21,0.22,20.13,1269.42,0.01,0.78,0.79,1269.42,20.13,0.01,0.215,0.785,0.98439,0.01561,65888.51
1774829077849,2026-03-30T00:04:37.849,btc-updown-15m-1774828800,1774829700,Down,101568968249334109841172910982417291807547954045954580268278800158435602610765,55509577823317260827288263848773842817483250717111942605040287447757050352635,0.21,0.22,20.13,1269.42,0.01,0.78,0.79,1269.42,20.13,0.01,0.215,0.785,0.98439,0.01561,65888.51
1774829078849,2026-03-30T00:04:38.849,btc-updown-15m-1774828800,1774829700,Down,101568968249334109841172910982417291807547954045954580268278800158435602610765,55509577823317260827288263848773842817483250717111942605040287447757050352635,0.21,0.22,20.13,1269.42,0.01,0.78,0.79,1269.42,20.13,0.01,0.215,0.785,0.98439,0.01561,65888.5
1774829079851,2026-03-30T00:04:39.851,btc-updown-15m-1774828800,1774829700,Down,101568968249334109841172910982417291807547954045954580268278800158435602610765,55509577823317260827288263848773842817483250717111942605040287447757050352635,0.21,0.22,27.95,1116.92,0.01,0.78,0.79,1116.92,27.95,0.01,0.215,0.785,0.975587,0.024413,65888.5
1774829080853,2026-03-30T00:04:40.853,btc-updown-15m-1774828800,1774829700,Down,101568968249334109841172910982417291807547954045954580268278800158435602610765,55509577823317260827288263848773842817483250717111942605040287447757050352635,0.2,0.22,228.95,1065.69,0.02,0.78,0.8,1065.69,228.95,0.02,0.21,0.79,0.823155,0.176845,65888.5
1774829081853,2026-03-30T00:04:41.853,btc-updown-15m-1774828800,1774829700,Down,101568968249334109841172910982417291807547954045954580268278800158435602610765,55509577823317260827288263848773842817483250717111942605040287447757050352635,0.2,0.21,166.5,160.09,0.01,0.79,0.8,160.09,166.5,0.01,0.205,0.795,0.490186,0.509814,65883.27
1774829082853,2026-03-30T00:04:42.853,btc-updown-15m-1774828800,1774829700,Down,101568968249334109841172910982417291807547954045954580268278800158435602610765,55509577823317260827288263848773842817483250717111942605040287447757050352635,0.2,0.21,166.5,160.09,0.01,0.79,0.8,160.09,166.5,0.01,0.205,0.795,0.490186,0.509814,65883.27
1774829083854,2026-03-30T00:04:43.854,btc-updown-15m-1774828800,1774829700,Down,101568968249334109841172910982417291807547954045954580268278800158435602610765,55509577823317260827288263848773842817483250717111942605040287447757050352635,0.2,0.21,166.5,160.09,0.01,0.79,0.8,160.09,166.5,0.01,0.205,0.795,0.490186,0.509814,65883.27
1774829084855,2026-03-30T00:04:44.855,btc-updown-15m-1774828800,1774829700,Down,101568968249334109841172910982417291807547954045954580268278800158435602610765,55509577823317260827288263848773842817483250717111942605040287447757050352635,0.2,0.22,57.5,1648.5,0.02,0.78,0.8,1648.5,57.5,0.02,0.21,0.79,0.966295,0.033705,65883.27
1774829085857,2026-03-30T00:04:45.857,btc-updown-15m-1774828800,1774829700,Down,101568968249334109841172910982417291807547954045954580268278800158435602610765,55509577823317260827288263848773842817483250717111942605040287447757050352635,0.21,0.22,87.5,105.0,0.01,0.78,0.79,105.0,87.5,0.01,0.215,0.785,0.545455,0.454545,65883.27
1774829086858,2026-03-30T00:04:46.858,btc-updown-15m-1774828800,1774829700,Down,101568968249334109841172910982417291807547954045954580268278800158435602610765,55509577823317260827288263848773842817483250717111942605040287447757050352635,0.21,0.22,87.5,105.0,0.01,0.78,0.79,105.0,87.5,0.01,0.215,0.785,0.545455,0.454545,65883.27
1774829087859,2026-03-30T00:04:47.859,btc-updown-15m-1774828800,1774829700,Down,101568968249334109841172910982417291807547954045954580268278800158435602610765,55509577823317260827288263848773842817483250717111942605040287447757050352635,0.21,0.22,87.5,105.0,0.01,0.78,0.79,105.0,87.5,0.01,0.215,0.785,0.545455,0.454545,65883.27
1774829088860,2026-03-30T00:04:48.860,btc-updown-15m-1774828800,1774829700,Down,101568968249334109841172910982417291807547954045954580268278800158435602610765,55509577823317260827288263848773842817483250717111942605040287447757050352635,0.21,0.22,87.5,105.0,0.01,0.78,0.79,105.0,87.5,0.01,0.215,0.785,0.545455,0.454545,65883.27
1774829089862,2026-03-30T00:04:49.862,btc-updown-15m-1774828800,1774829700,Down,101568968249334109841172910982417291807547954045954580268278800158435602610765,55509577823317260827288263848773842817483250717111942605040287447757050352635,0.19,0.21,54.3,832.35,0.02,0.79,0.81,832.35,54.3,0.02,0.2,0.8,0.938758,0.061242,65883.27
1774829090862,2026-03-30T00:04:50.862,btc-updown-15m-1774828800,1774829700,Down,101568968249334109841172910982417291807547954045954580268278800158435602610765,55509577823317260827288263848773842817483250717111942605040287447757050352635,0.19,0.2,91.69,820.0,0.01,0.8,0.81,820.0,91.69,0.01,0.195,0.805,0.899429,0.100571,65883.27
1774829091863,2026-03-30T00:04:51.863,btc-updown-15m-1774828800,1774829700,Down,101568968249334109841172910982417291807547954045954580268278800158435602610765,55509577823317260827288263848773842817483250717111942605040287447757050352635,0.19,0.21,88.5,1410.5,0.02,0.79,0.81,1410.5,88.5,0.02,0.2,0.8,0.940961,0.059039,65883.27
1774829092864,2026-03-30T00:04:52.864,btc-updown-15m-1774828800,1774829700,Down,101568968249334109841172910982417291807547954045954580268278800158435602610765,55509577823317260827288263848773842817483250717111942605040287447757050352635,0.19,0.2,22.08,1425.5,0.01,0.8,0.81,1425.5,22.08,0.01,0.195,0.805,0.984747,0.015253,65883.27
1774829093865,2026-03-30T00:04:53.865,btc-updown-15m-1774828800,1774829700,Down,101568968249334109841172910982417291807547954045954580268278800158435602610765,55509577823317260827288263848773842817483250717111942605040287447757050352635,0.2,0.21,75.5,773.43,0.01,0.79,0.8,773.43,75.5,0.01,0.205,0.795,0.911065,0.088935,65883.26
1774829094866,2026-03-30T00:04:54.866,btc-updown-15m-1774828800,1774829700,Down,101568968249334109841172910982417291807547954045954580268278800158435602610765,55509577823317260827288263848773842817483250717111942605040287447757050352635,0.2,0.21,75.5,773.43,0.01,0.79,0.8,773.43,75.5,0.01,0.205,0.795,0.911065,0.088935,65883.26
1774829095866,2026-03-30T00:04:55.866,btc-updown-15m-1774828800,1774829700,Down,101568968249334109841172910982417291807547954045954580268278800158435602610765,55509577823317260827288263848773842817483250717111942605040287447757050352635,0.2,0.21,75.5,773.43,0.01,0.79,0.8,773.43,75.5,0.01,0.205,0.795,0.911065,0.088935,65883.26
1774829096867,2026-03-30T00:04:56.867,btc-updown-15m-1774828800,1774829700,Down,101568968249334109841172910982417291807547954045954580268278800158435602610765,55509577823317260827288263848773842817483250717111942605040287447757050352635,0.17,0.19,122.5,92.5,0.02,0.81,0.83,92.5,122.5,0.02,0.18,0.82,0.430233,0.569767,65871.42
1774829097867,2026-03-30T00:04:57.867,btc-updown-15m-1774828800,1774829700,Down,101568968249334109841172910982417291807547954045954580268278800158435602610765,55509577823317260827288263848773842817483250717111942605040287447757050352635,0.17,0.18,75.0,124.68,0.01,0.82,0.83,124.68,75.0,0.01,0.175,0.825,0.624399,0.375601,65871.42
1774829098867,2026-03-30T00:04:58.867,btc-updown-15m-1774828800,1774829700,Down,101568968249334109841172910982417291807547954045954580268278800158435602610765,55509577823317260827288263848773842817483250717111942605040287447757050352635,0.17,0.19,25.21,465.68,0.02,0.81,0.83,465.68,25.21,0.02,0.18,0.82,0.948644,0.051356,65871.42
1774829099868,2026-03-30T00:04:59.868,btc-updown-15m-1774828800,1774829700,Down,101568968249334109841172910982417291807547954045954580268278800158435602610765,55509577823317260827288263848773842817483250717111942605040287447757050352635,0.16,0.18,62.5,442.51,0.02,0.82,0.84,442.51,62.5,0.02,0.17,0.83,0.87624,0.12376,65866.66
1774829100868,2026-03-30T00:05:00.868,btc-updown-15m-1774828800,1774829700,Down,101568968249334109841172910982417291807547954045954580268278800158435602610765,55509577823317260827288263848773842817483250717111942605040287447757050352635,0.16,0.17,36.89,208.01,0.01,0.83,0.84,208.01,36.89,0.01,0.165,0.835,0.849367,0.150633,65866.66
1774829101869,2026-03-30T00:05:01.869,btc-updown-15m-1774828800,1774829700,Down,101568968249334109841172910982417291807547954045954580268278800158435602610765,55509577823317260827288263848773842817483250717111942605040287447757050352635,0.16,0.17,232.77,5.0,0.01,0.83,0.84,5.0,232.77,0.01,0.165,0.835,0.021029,0.978971,65866.66
1774829102869,2026-03-30T00:05:02.869,btc-updown-15m-1774828800,1774829700,Down,101568968249334109841172910982417291807547954045954580268278800158435602610765,55509577823317260827288263848773842817483250717111942605040287447757050352635,0.16,0.18,102.65,285.0,0.02,0.82,0.84,285.0,102.65,0.02,0.17,0.83,0.735199,0.264801,65847.13
1774829103870,2026-03-30T00:05:03.870,btc-updown-15m-1774828800,1774829700,Down,101568968249334109841172910982417291807547954045954580268278800158435602610765,55509577823317260827288263848773842817483250717111942605040287447757050352635,0.16,0.17,61.5,189.0,0.01,0.83,0.84,189.0,61.5,0.01,0.165,0.835,0.754491,0.245509,65847.13
1774829104870,2026-03-30T00:05:04.870,btc-updown-15m-1774828800,1774829700,Down,101568968249334109841172910982417291807547954045954580268278800158435602610765,55509577823317260827288263848773842817483250717111942605040287447757050352635,0.16,0.17,47.5,4.0,0.01,0.83,0.84,4.0,47.5,0.01,0.165,0.835,0.07767,0.92233,65847.13
1774829105871,2026-03-30T00:05:05.871,btc-updown-15m-1774828800,1774829700,Down,101568968249334109841172910982417291807547954045954580268278800158435602610765,55509577823317260827288263848773842817483250717111942605040287447757050352635,0.13,0.14,13.56,71.0,0.01,0.86,0.87,71.0,13.56,0.01,0.135,0.865,0.83964,0.16036,65831.33
1774829106872,2026-03-30T00:05:06.872,btc-updown-15m-1774828800,1774829700,Down,101568968249334109841172910982417291807547954045954580268278800158435602610765,55509577823317260827288263848773842817483250717111942605040287447757050352635,0.14,0.15,261.5,156.27,0.01,0.85,0.86,156.27,261.5,0.01,0.145,0.855,0.374057,0.625943,65831.33
1774829107873,2026-03-30T00:05:07.873,btc-updown-15m-1774828800,1774829700,Down,101568968249334109841172910982417291807547954045954580268278800158435602610765,55509577823317260827288263848773842817483250717111942605040287447757050352635,0.15,0.16,231.0,81.38,0.01,0.84,0.85,81.38,231.0,0.01,0.155,0.845,0.260516,0.739484,65831.33
1774829108874,2026-03-30T00:05:08.874,btc-updown-15m-1774828800,1774829700,Down,101568968249334109841172910982417291807547954045954580268278800158435602610765,55509577823317260827288263848773842817483250717111942605040287447757050352635,0.14,0.16,250.0,290.82,0.02,0.84,0.86,290.82,250.0,0.02,0.15,0.85,0.537739,0.462261,65830.01
1774829109875,2026-03-30T00:05:09.875,btc-updown-15m-1774828800,1774829700,Down,101568968249334109841172910982417291807547954045954580268278800158435602610765,55509577823317260827288263848773842817483250717111942605040287447757050352635,0.15,0.16,206.56,175.0,0.01,0.84,0.85,175.0,206.56,0.01,0.155,0.845,0.458643,0.541357,65830.01
1774829110876,2026-03-30T00:05:10.876,btc-updown-15m-1774828800,1774829700,Down,101568968249334109841172910982417291807547954045954580268278800158435602610765,55509577823317260827288263848773842817483250717111942605040287447757050352635,0.15,0.17,220.0,354.33,0.02,0.83,0.85,354.33,220.0,0.02,0.16,0.84,0.616945,0.383055,65830.01
1774829111876,2026-03-30T00:05:11.876,btc-updown-15m-1774828800,1774829700,Down,101568968249334109841172910982417291807547954045954580268278800158435602610765,55509577823317260827288263848773842817483250717111942605040287447757050352635,0.13,0.14,40.0,54.0,0.01,0.86,0.87,54.0,40.0,0.01,0.135,0.865,0.574468,0.425532,65817.46
1774829112877,2026-03-30T00:05:12.877,btc-updown-15m-1774828800,1774829700,Down,101568968249334109841172910982417291807547954045954580268278800158435602610765,55509577823317260827288263848773842817483250717111942605040287447757050352635,0.11,0.12,70.0,448.15,0.01,0.88,0.89,448.15,70.0,0.01,0.115,0.885,0.864904,0.135096,65817.46
1774829113877,2026-03-30T00:05:13.877,btc-updown-15m-1774828800,1774829700,Down,101568968249334109841172910982417291807547954045954580268278800158435602610765,55509577823317260827288263848773842817483250717111942605040287447757050352635,0.12,0.13,78.82,26.36,0.01,0.87,0.88,26.36,78.82,0.01,0.125,0.875,0.250618,0.749382,65817.46
1774829114879,2026-03-30T00:05:14.879,btc-updown-15m-1774828800,1774829700,Down,101568968249334109841172910982417291807547954045954580268278800158435602610765,55509577823317260827288263848773842817483250717111942605040287447757050352635,0.11,0.13,118.82,364.86,0.02,0.87,0.89,364.86,118.82,0.02,0.12,0.88,0.754342,0.245658,65812.5
1774829115879,2026-03-30T00:05:15.879,btc-updown-15m-1774828800,1774829700,Down,101568968249334109841172910982417291807547954045954580268278800158435602610765,55509577823317260827288263848773842817483250717111942605040287447757050352635,0.12,0.13,130.12,197.5,0.01,0.87,0.88,197.5,130.12,0.01,0.125,0.875,0.602833,0.397167,65812.5
1774829116880,2026-03-30T00:05:16.880,btc-updown-15m-1774828800,1774829700,Down,101568968249334109841172910982417291807547954045954580268278800158435602610765,55509577823317260827288263848773842817483250717111942605040287447757050352635,0.12,0.15,156.0,1372.44,0.03,0.85,0.88,1372.44,156.0,0.03,0.135,0.865,0.897935,0.102065,65812.5
1774829117881,2026-03-30T00:05:17.881,btc-updown-15m-1774828800,1774829700,Down,101568968249334109841172910982417291807547954045954580268278800158435602610765,55509577823317260827288263848773842817483250717111942605040287447757050352635,0.12,0.13,38.25,15.0,0.01,0.87,0.88,15.0,38.25,0.01,0.125,0.875,0.28169,0.71831,65816.28
1774829118882,2026-03-30T00:05:18.882,btc-updown-15m-1774828800,1774829700,Down,101568968249334109841172910982417291807547954045954580268278800158435602610765,55509577823317260827288263848773842817483250717111942605040287447757050352635,0.12,0.13,52.25,31.0,0.01,0.87,0.88,31.0,52.25,0.01,0.125,0.875,0.372372,0.627628,65816.28
1774829119882,2026-03-30T00:05:19.882,btc-updown-15m-1774828800,1774829700,Down,101568968249334109841172910982417291807547954045954580268278800158435602610765,55509577823317260827288263848773842817483250717111942605040287447757050352635,0.12,0.13,52.25,31.0,0.01,0.87,0.88,31.0,52.25,0.01,0.125,0.875,0.372372,0.627628,65816.28
1774829120883,2026-03-30T00:05:20.883,btc-updown-15m-1774828800,1774829700,Down,101568968249334109841172910982417291807547954045954580268278800158435602610765,55509577823317260827288263848773842817483250717111942605040287447757050352635,0.12,0.13,52.25,31.0,0.01,0.87,0.88,31.0,52.25,0.01,0.125,0.875,0.372372,0.627628,65809.62
1774829121884,2026-03-30T00:05:21.884,btc-updown-15m-1774828800,1774829700,Down,101568968249334109841172910982417291807547954045954580268278800158435602610765,55509577823317260827288263848773842817483250717111942605040287447757050352635,0.11,0.13,84.22,290.85,0.02,0.87,0.89,290.85,84.22,0.02,0.12,0.88,0.775455,0.224545,65809.62
1774829122885,2026-03-30T00:05:22.885,btc-updown-15m-1774828800,1774829700,Down,101568968249334109841172910982417291807547954045954580268278800158435602610765,55509577823317260827288263848773842817483250717111942605040287447757050352635,0.11,0.12,180.0,27.5,0.01,0.88,0.89,27.5,180.0,0.01,0.115,0.885,0.13253,0.86747,65809.62
1774829123885,2026-03-30T00:05:23.885,btc-updown-15m-1774828800,1774829700,Down,101568968249334109841172910982417291807547954045954580268278800158435602610765,55509577823317260827288263848773842817483250717111942605040287447757050352635,0.1,0.12,105.0,467.44,0.02,0.88,0.9,467.44,105.0,0.02,0.11,0.89,0.816575,0.183425,65809.57
1774829124886,2026-03-30T00:05:24.886,btc-updown-15m-1774828800,1774829700,Down,101568968249334109841172910982417291807547954045954580268278800158435602610765,55509577823317260827288263848773842817483250717111942605040287447757050352635,0.11,0.13,1375.49,74.0,0.02,0.87,0.89,74.0,1375.49,0.02,0.12,0.88,0.051052,0.948948,65809.57
1774829125886,2026-03-30T00:05:25.886,btc-updown-15m-1774828800,1774829700,Down,101568968249334109841172910982417291807547954045954580268278800158435602610765,55509577823317260827288263848773842817483250717111942605040287447757050352635,0.1,0.12,43.62,985.36,0.02,0.88,0.9,985.36,43.62,0.02,0.11,0.89,0.957609,0.042391,65809.57
1774829126887,2026-03-30T00:05:26.887,btc-updown-15m-1774828800,1774829700,Down,101568968249334109841172910982417291807547954045954580268278800158435602610765,55509577823317260827288263848773842817483250717111942605040287447757050352635,0.12,0.13,245.5,23.86,0.01,0.87,0.88,23.86,245.5,0.01,0.125,0.875,0.08858,0.91142,65816.14
1774829127887,2026-03-30T00:05:27.887,btc-updown-15m-1774828800,1774829700,Down,101568968249334109841172910982417291807547954045954580268278800158435602610765,55509577823317260827288263848773842817483250717111942605040287447757050352635,0.12,0.13,245.5,23.86,0.01,0.87,0.88,23.86,245.5,0.01,0.125,0.875,0.08858,0.91142,65816.14
1774829128888,2026-03-30T00:05:28.888,btc-updown-15m-1774828800,1774829700,Down,101568968249334109841172910982417291807547954045954580268278800158435602610765,55509577823317260827288263848773842817483250717111942605040287447757050352635,0.12,0.13,329.5,1.57,0.01,0.87,0.88,1.57,329.5,0.01,0.125,0.875,0.004742,0.995258,65816.14
1774829129889,2026-03-30T00:05:29.889,btc-updown-15m-1774828800,1774829700,Down,101568968249334109841172910982417291807547954045954580268278800158435602610765,55509577823317260827288263848773842817483250717111942605040287447757050352635,0.11,0.13,334.5,74.43,0.02,0.87,0.89,74.43,334.5,0.02,0.12,0.88,0.182012,0.817988,65816.14
1774829130890,2026-03-30T00:05:30.890,btc-updown-15m-1774828800,1774829700,Down,101568968249334109841172910982417291807547954045954580268278800158435602610765,55509577823317260827288263848773842817483250717111942605040287447757050352635,0.1,0.12,54.0,1147.76,0.02,0.88,0.9,1147.76,54.0,0.02,0.11,0.89,0.955066,0.044934,65816.14
1774829131890,2026-03-30T00:05:31.890,btc-updown-15m-1774828800,1774829700,Down,101568968249334109841172910982417291807547954045954580268278800158435602610765,55509577823317260827288263848773842817483250717111942605040287447757050352635,0.11,0.13,33.29,1152.97,0.02,0.87,0.89,1152.97,33.29,0.02,0.12,0.88,0.971937,0.028063,65816.14
1774829132891,2026-03-30T00:05:32.891,btc-updown-15m-1774828800,1774829700,Down,101568968249334109841172910982417291807547954045954580268278800158435602610765,55509577823317260827288263848773842817483250717111942605040287447757050352635,0.14,0.15,288.01,45.0,0.01,0.85,0.86,45.0,288.01,0.01,0.145,0.855,0.135131,0.864869,65831.96
1774829133891,2026-03-30T00:05:33.891,btc-updown-15m-1774828800,1774829700,Down,101568968249334109841172910982417291807547954045954580268278800158435602610765,55509577823317260827288263848773842817483250717111942605040287447757050352635,0.13,0.14,24.28,794.0,0.01,0.86,0.87,794.0,24.28,0.01,0.135,0.865,0.970328,0.029672,65831.96
1774829134892,2026-03-30T00:05:34.892,btc-updown-15m-1774828800,1774829700,Down,101568968249334109841172910982417291807547954045954580268278800158435602610765,55509577823317260827288263848773842817483250717111942605040287447757050352635,0.13,0.15,133.32,926.0,0.02,0.85,0.87,926.0,133.32,0.02,0.14,0.86,0.874146,0.125854,65831.96
1774829135893,2026-03-30T00:05:35.893,btc-updown-15m-1774828800,1774829700,Down,101568968249334109841172910982417291807547954045954580268278800158435602610765,55509577823317260827288263848773842817483250717111942605040287447757050352635,0.13,0.15,99.12,944.0,0.02,0.85,0.87,944.0,99.12,0.02,0.14,0.86,0.904977,0.095023,65835.99
1774829136894,2026-03-30T00:05:36.894,btc-updown-15m-1774828800,1774829700,Down,101568968249334109841172910982417291807547954045954580268278800158435602610765,55509577823317260827288263848773842817483250717111942605040287447757050352635,0.1,0.12,45.0,502.3,0.02,0.88,0.9,502.3,45.0,0.02,0.11,0.89,0.917778,0.082222,65835.99
1774829137894,2026-03-30T00:05:37.894,btc-updown-15m-1774828800,1774829700,Down,101568968249334109841172910982417291807547954045954580268278800158435602610765,55509577823317260827288263848773842817483250717111942605040287447757050352635,0.1,0.11,40.0,1081.54,0.01,0.89,0.9,1081.54,40.0,0.01,0.105,0.895,0.964335,0.035665,65835.99
1774829138894,2026-03-30T00:05:38.894,btc-updown-15m-1774828800,1774829700,Down,101568968249334109841172910982417291807547954045954580268278800158435602610765,55509577823317260827288263848773842817483250717111942605040287447757050352635,0.11,0.12,25.0,15.0,0.01,0.88,0.89,15.0,25.0,0.01,0.115,0.885,0.375,0.625,65819.75
1774829139895,2026-03-30T00:05:39.895,btc-updown-15m-1774828800,1774829700,Down,101568968249334109841172910982417291807547954045954580268278800158435602610765,55509577823317260827288263848773842817483250717111942605040287447757050352635,0.11,0.12,25.0,15.0,0.01,0.88,0.89,15.0,25.0,0.01,0.115,0.885,0.375,0.625,65819.75
1774829140896,2026-03-30T00:05:40.896,btc-updown-15m-1774828800,1774829700,Down,101568968249334109841172910982417291807547954045954580268278800158435602610765,55509577823317260827288263848773842817483250717111942605040287447757050352635,0.1,0.11,40.0,230.25,0.01,0.89,0.9,230.25,40.0,0.01,0.105,0.895,0.851989,0.148011,65819.75
1774829141897,2026-03-30T00:05:41.897,btc-updown-15m-1774828800,1774829700,Down,101568968249334109841172910982417291807547954045954580268278800158435602610765,55509577823317260827288263848773842817483250717111942605040287447757050352635,0.12,0.13,403.15,36.44,0.01,0.87,0.88,36.44,403.15,0.01,0.125,0.875,0.082895,0.917105,65819.75
1774829142897,2026-03-30T00:05:42.897,btc-updown-15m-1774828800,1774829700,Down,101568968249334109841172910982417291807547954045954580268278800158435602610765,55509577823317260827288263848773842817483250717111942605040287447757050352635,0.12,0.13,353.3,36.44,0.01,0.87,0.88,36.44,353.3,0.01,0.125,0.875,0.093498,0.906502,65819.75
1774829143898,2026-03-30T00:05:43.898,btc-updown-15m-1774828800,1774829700,Down,101568968249334109841172910982417291807547954045954580268278800158435602610765,55509577823317260827288263848773842817483250717111942605040287447757050352635,0.12,0.13,351.64,36.44,0.01,0.87,0.88,36.44,351.64,0.01,0.125,0.875,0.093898,0.906102,65819.75
1774829144899,2026-03-30T00:05:44.899,btc-updown-15m-1774828800,1774829700,Down,101568968249334109841172910982417291807547954045954580268278800158435602610765,55509577823317260827288263848773842817483250717111942605040287447757050352635,0.12,0.13,396.14,22.0,0.01,0.87,0.88,22.0,396.14,0.01,0.125,0.875,0.052614,0.947386,65819.74
1774829145900,2026-03-30T00:05:45.900,btc-updown-15m-1774828800,1774829700,Down,101568968249334109841172910982417291807547954045954580268278800158435602610765,55509577823317260827288263848773842817483250717111942605040287447757050352635,0.11,0.13,391.28,42.57,0.02,0.87,0.89,42.57,391.28,0.02,0.12,0.88,0.098121,0.901879,65819.74
1774829146900,2026-03-30T00:05:46.900,btc-updown-15m-1774828800,1774829700,Down,101568968249334109841172910982417291807547954045954580268278800158435602610765,55509577823317260827288263848773842817483250717111942605040287447757050352635,0.1,0.12,62.0,1278.76,0.02,0.88,0.9,1278.76,62.0,0.02,0.11,0.89,0.953758,0.046242,65819.74
1774829147901,2026-03-30T00:05:47.901,btc-updown-15m-1774828800,1774829700,Down,101568968249334109841172910982417291807547954045954580268278800158435602610765,55509577823317260827288263848773842817483250717111942605040287447757050352635,0.1,0.11,6.0,1268.76,0.01,0.89,0.9,1268.76,6.0,0.01,0.105,0.895,0.995293,0.004707,65819.75
1774829148901,2026-03-30T00:05:48.901,btc-updown-15m-1774828800,1774829700,Down,101568968249334109841172910982417291807547954045954580268278800158435602610765,55509577823317260827288263848773842817483250717111942605040287447757050352635,0.1,0.11,31.0,412.39,0.01,0.89,0.9,1268.76,6.0,0.01,0.105,0.895,0.930084,0.004707,65819.75
1774829149902,2026-03-30T00:05:49.902,btc-updown-15m-1774828800,1774829700,Down,101568968249334109841172910982417291807547954045954580268278800158435602610765,55509577823317260827288263848773842817483250717111942605040287447757050352635,0.1,0.11,5.0,391.83,0.01,0.89,0.9,391.83,5.0,0.01,0.105,0.895,0.9874,0.0126,65819.75
1774829150902,2026-03-30T00:05:50.902,btc-updown-15m-1774828800,1774829700,Down,101568968249334109841172910982417291807547954045954580268278800158435602610765,55509577823317260827288263848773842817483250717111942605040287447757050352635,0.11,0.12,410.0,33.31,0.01,0.88,0.89,33.31,410.0,0.01,0.115,0.885,0.075139,0.924861,65822.97
1774829151903,2026-03-30T00:05:51.903,btc-updown-15m-1774828800,1774829700,Down,101568968249334109841172910982417291807547954045954580268278800158435602610765,55509577823317260827288263848773842817483250717111942605040287447757050352635,0.12,0.13,209.0,17.95,0.01,0.87,0.88,17.95,209.0,0.01,0.125,0.875,0.079092,0.920908,65822.97
1774829152904,2026-03-30T00:05:52.904,btc-updown-15m-1774828800,1774829700,Down,101568968249334109841172910982417291807547954045954580268278800158435602610765,55509577823317260827288263848773842817483250717111942605040287447757050352635,0.12,0.14,311.54,20.14,0.02,0.86,0.88,20.14,311.54,0.02,0.13,0.87,0.060721,0.939279,65822.97
1774829153904,2026-03-30T00:05:53.904,btc-updown-15m-1774828800,1774829700,Down,101568968249334109841172910982417291807547954045954580268278800158435602610765,55509577823317260827288263848773842817483250717111942605040287447757050352635,0.12,0.14,434.54,30.13,0.02,0.86,0.88,30.13,434.54,0.02,0.13,0.87,0.064842,0.935158,65835.99
1774829154904,2026-03-30T00:05:54.904,btc-updown-15m-1774828800,1774829700,Down,101568968249334109841172910982417291807547954045954580268278800158435602610765,55509577823317260827288263848773842817483250717111942605040287447757050352635,0.12,0.14,434.54,30.13,0.02,0.86,0.88,30.13,434.54,0.02,0.13,0.87,0.064842,0.935158,65835.99
1774829155905,2026-03-30T00:05:55.905,btc-updown-15m-1774828800,1774829700,Down,101568968249334109841172910982417291807547954045954580268278800158435602610765,55509577823317260827288263848773842817483250717111942605040287447757050352635,0.12,0.14,434.54,30.13,0.02,0.86,0.88,30.13,434.54,0.02,0.13,0.87,0.064842,0.935158,65835.99
1774829156906,2026-03-30T00:05:56.906,btc-updown-15m-1774828800,1774829700,Down,101568968249334109841172910982417291807547954045954580268278800158435602610765,55509577823317260827288263848773842817483250717111942605040287447757050352635,0.13,0.15,233.5,133.0,0.02,0.85,0.87,133.0,233.5,0.02,0.14,0.86,0.362892,0.637108,65844.72
1774829157907,2026-03-30T00:05:57.907,btc-updown-15m-1774828800,1774829700,Down,101568968249334109841172910982417291807547954045954580268278800158435602610765,55509577823317260827288263848773842817483250717111942605040287447757050352635,0.14,0.15,214.83,25.0,0.01,0.85,0.86,25.0,214.83,0.01,0.145,0.855,0.104241,0.895759,65844.72
1774829158908,2026-03-30T00:05:58.908,btc-updown-15m-1774828800,1774829700,Down,101568968249334109841172910982417291807547954045954580268278800158435602610765,55509577823317260827288263848773842817483250717111942605040287447757050352635,0.15,0.17,469.5,79.16,0.02,0.83,0.85,79.16,469.5,0.02,0.16,0.84,0.144279,0.855721,65844.72
1774829159908,2026-03-30T00:05:59.908,btc-updown-15m-1774828800,1774829700,Down,101568968249334109841172910982417291807547954045954580268278800158435602610765,55509577823317260827288263848773842817483250717111942605040287447757050352635,0.16,0.17,462.5,49.04,0.01,0.83,0.84,49.04,462.5,0.01,0.165,0.835,0.095867,0.904133,65859.21
1774829160909,2026-03-30T00:06:00.909,btc-updown-15m-1774828800,1774829700,Down,101568968249334109841172910982417291807547954045954580268278800158435602610765,55509577823317260827288263848773842817483250717111942605040287447757050352635,0.16,0.19,4.04,1485.52,0.03,0.81,0.84,1485.52,4.04,0.03,0.175,0.825,0.997288,0.002712,65859.21
1774829161909,2026-03-30T00:06:01.909,btc-updown-15m-1774828800,1774829700,Down,101568968249334109841172910982417291807547954045954580268278800158435602610765,55509577823317260827288263848773842817483250717111942605040287447757050352635,0.19,0.2,376.95,222.09,0.01,0.8,0.81,222.09,376.95,0.01,0.195,0.805,0.370743,0.629257,65859.21
1774829162911,2026-03-30T00:06:02.911,btc-updown-15m-1774828800,1774829700,Down,101568968249334109841172910982417291807547954045954580268278800158435602610765,55509577823317260827288263848773842817483250717111942605040287447757050352635,0.19,0.2,159.15,674.73,0.01,0.8,0.81,674.73,159.15,0.01,0.195,0.805,0.809145,0.190855,65886.27
1774829163912,2026-03-30T00:06:03.912,btc-updown-15m-1774828800,1774829700,Down,101568968249334109841172910982417291807547954045954580268278800158435602610765,55509577823317260827288263848773842817483250717111942605040287447757050352635,0.19,0.2,149.15,1348.0,0.01,0.8,0.81,1348.0,149.15,0.01,0.195,0.805,0.900377,0.099623,65886.27
1774829164913,2026-03-30T00:06:04.913,btc-updown-15m-1774828800,1774829700,Down,101568968249334109841172910982417291807547954045954580268278800158435602610765,55509577823317260827288263848773842817483250717111942605040287447757050352635,0.19,0.2,346.15,104.71,0.01,0.8,0.81,104.71,346.15,0.01,0.195,0.805,0.232245,0.767755,65886.27
1774829165913,2026-03-30T00:06:05.913,btc-updown-15m-1774828800,1774829700,Down,101568968249334109841172910982417291807547954045954580268278800158435602610765,55509577823317260827288263848773842817483250717111942605040287447757050352635,0.17,0.18,17.0,639.79,0.01,0.82,0.83,639.79,17.0,0.01,0.175,0.825,0.974117,0.025883,65884.05
1774829166913,2026-03-30T00:06:06.913,btc-updown-15m-1774828800,1774829700,Down,101568968249334109841172910982417291807547954045954580268278800158435602610765,55509577823317260827288263848773842817483250717111942605040287447757050352635,0.18,0.19,211.73,1423.01,0.01,0.81,0.82,1423.01,211.73,0.01,0.185,0.815,0.870481,0.129519,65884.05
1774829167914,2026-03-30T00:06:07.914,btc-updown-15m-1774828800,1774829700,Down,101568968249334109841172910982417291807547954045954580268278800158435602610765,55509577823317260827288263848773842817483250717111942605040287447757050352635,0.18,0.19,207.54,1289.0,0.01,0.81,0.82,1289.0,207.54,0.01,0.185,0.815,0.86132,0.13868,65884.05
1774829168915,2026-03-30T00:06:08.915,btc-updown-15m-1774828800,1774829700,Down,101568968249334109841172910982417291807547954045954580268278800158435602610765,55509577823317260827288263848773842817483250717111942605040287447757050352635,0.15,0.16,54.0,270.06,0.01,0.84,0.85,270.06,54.0,0.01,0.155,0.845,0.833364,0.166636,65874.42
1774829169916,2026-03-30T00:06:09.916,btc-updown-15m-1774828800,1774829700,Down,101568968249334109841172910982417291807547954045954580268278800158435602610765,55509577823317260827288263848773842817483250717111942605040287447757050352635,0.15,0.16,54.0,270.06,0.01,0.84,0.85,270.06,54.0,0.01,0.155,0.845,0.833364,0.166636,65874.42
1774829170916,2026-03-30T00:06:10.916,btc-updown-15m-1774828800,1774829700,Down,101568968249334109841172910982417291807547954045954580268278800158435602610765,55509577823317260827288263848773842817483250717111942605040287447757050352635,0.15,0.16,54.0,270.06,0.01,0.84,0.85,270.06,54.0,0.01,0.155,0.845,0.833364,0.166636,65874.42
1774829171917,2026-03-30T00:06:11.917,btc-updown-15m-1774828800,1774829700,Down,101568968249334109841172910982417291807547954045954580268278800158435602610765,55509577823317260827288263848773842817483250717111942605040287447757050352635,0.16,0.17,244.53,192.09,0.01,0.83,0.84,192.09,244.53,0.01,0.165,0.835,0.439948,0.560052,65874.41
1774829172918,2026-03-30T00:06:12.918,btc-updown-15m-1774828800,1774829700,Down,101568968249334109841172910982417291807547954045954580268278800158435602610765,55509577823317260827288263848773842817483250717111942605040287447757050352635,0.15,0.17,365.0,1430.06,0.02,0.83,0.85,1430.06,365.0,0.02,0.16,0.84,0.796664,0.203336,65874.41
1774829173918,2026-03-30T00:06:13.918,btc-updown-15m-1774828800,1774829700,Down,101568968249334109841172910982417291807547954045954580268278800158435602610765,55509577823317260827288263848773842817483250717111942605040287447757050352635,0.15,0.17,439.0,1408.06,0.02,0.83,0.85,1408.06,439.0,0.02,0.16,0.84,0.762325,0.237675,65874.41
1774829174920,2026-03-30T00:06:14.920,btc-updown-15m-1774828800,1774829700,Down,101568968249334109841172910982417291807547954045954580268278800158435602610765,55509577823317260827288263848773842817483250717111942605040287447757050352635,0.13,0.15,151.0,1674.52,0.02,0.85,0.87,1674.52,151.0,0.02,0.14,0.86,0.917284,0.082716,65868.5
1774829175921,2026-03-30T00:06:15.921,btc-updown-15m-1774828800,1774829700,Down,101568968249334109841172910982417291807547954045954580268278800158435602610765,55509577823317260827288263848773842817483250717111942605040287447757050352635,0.13,0.15,151.0,1307.78,0.02,0.85,0.87,1307.78,151.0,0.02,0.14,0.86,0.896489,0.103511,65868.5
1774829176922,2026-03-30T00:06:16.922,btc-updown-15m-1774828800,1774829700,Down,101568968249334109841172910982417291807547954045954580268278800158435602610765,55509577823317260827288263848773842817483250717111942605040287447757050352635,0.14,0.15,140.5,237.0,0.01,0.85,0.86,237.0,140.5,0.01,0.145,0.855,0.627815,0.372185,65868.5
1774829177923,2026-03-30T00:06:17.923,btc-updown-15m-1774828800,1774829700,Down,101568968249334109841172910982417291807547954045954580268278800158435602610765,55509577823317260827288263848773842817483250717111942605040287447757050352635,0.12,0.13,101.4,185.77,0.01,0.87,0.88,185.77,101.4,0.01,0.125,0.875,0.646899,0.353101,65856.56
1774829178924,2026-03-30T00:06:18.924,btc-updown-15m-1774828800,1774829700,Down,101568968249334109841172910982417291807547954045954580268278800158435602610765,55509577823317260827288263848773842817483250717111942605040287447757050352635,0.13,0.15,280.5,139.0,0.02,0.85,0.87,139.0,280.5,0.02,0.14,0.86,0.331347,0.668653,65856.56
1774829179926,2026-03-30T00:06:19.926,btc-updown-15m-1774828800,1774829700,Down,101568968249334109841172910982417291807547954045954580268278800158435602610765,55509577823317260827288263848773842817483250717111942605040287447757050352635,0.13,0.15,280.5,139.0,0.02,0.85,0.87,139.0,280.5,0.02,0.14,0.86,0.331347,0.668653,65856.56
1774829180928,2026-03-30T00:06:20.928,btc-updown-15m-1774828800,1774829700,Down,101568968249334109841172910982417291807547954045954580268278800158435602610765,55509577823317260827288263848773842817483250717111942605040287447757050352635,0.14,0.16,223.5,314.46,0.02,0.84,0.86,314.46,223.5,0.02,0.15,0.85,0.584542,0.415458,65863.14
1774829181929,2026-03-30T00:06:21.929,btc-updown-15m-1774828800,1774829700,Down,101568968249334109841172910982417291807547954045954580268278800158435602610765,55509577823317260827288263848773842817483250717111942605040287447757050352635,0.15,0.16,1438.06,4.97,0.01,0.84,0.85,4.97,1438.06,0.01,0.155,0.845,0.003444,0.996556,65863.14
1774829182930,2026-03-30T00:06:22.930,btc-updown-15m-1774828800,1774829700,Down,101568968249334109841172910982417291807547954045954580268278800158435602610765,55509577823317260827288263848773842817483250717111942605040287447757050352635,0.13,0.15,25.0,97.0,0.02,0.85,0.87,97.0,25.0,0.02,0.14,0.86,0.795082,0.204918,65863.14
1774829183930,2026-03-30T00:06:23.930,btc-updown-15m-1774828800,1774829700,Down,101568968249334109841172910982417291807547954045954580268278800158435602610765,55509577823317260827288263848773842817483250717111942605040287447757050352635,0.12,0.14,40.92,1195.23,0.02,0.86,0.88,1195.23,40.92,0.02,0.13,0.87,0.966897,0.033103,65858.67
1774829184931,2026-03-30T00:06:24.931,btc-updown-15m-1774828800,1774829700,Down,101568968249334109841172910982417291807547954045954580268278800158435602610765,55509577823317260827288263848773842817483250717111942605040287447757050352635,0.13,0.14,29.85,139.0,0.01,0.86,0.87,139.0,29.85,0.01,0.135,0.865,0.823216,0.176784,65858.67
1774829185932,2026-03-30T00:06:25.932,btc-updown-15m-1774828800,1774829700,Down,101568968249334109841172910982417291807547954045954580268278800158435602610765,55509577823317260827288263848773842817483250717111942605040287447757050352635,0.13,0.15,267.5,375.0,0.02,0.85,0.87,375.0,267.5,0.02,0.14,0.86,0.583658,0.416342,65858.67
1774829186933,2026-03-30T00:06:26.933,btc-updown-15m-1774828800,1774829700,Down,101568968249334109841172910982417291807547954045954580268278800158435602610765,55509577823317260827288263848773842817483250717111942605040287447757050352635,0.15,0.16,411.53,87.06,0.01,0.84,0.85,87.06,411.53,0.01,0.155,0.845,0.174612,0.825388,65865.25
1774829187934,2026-03-30T00:06:27.934,btc-updown-15m-1774828800,1774829700,Down,101568968249334109841172910982417291807547954045954580268278800158435602610765,55509577823317260827288263848773842817483250717111942605040287447757050352635,0.16,0.17,166.14,126.0,0.01,0.83,0.84,126.0,166.14,0.01,0.165,0.835,0.4313,0.5687,65865.25
1774829188935,2026-03-30T00:06:28.935,btc-updown-15m-1774828800,1774829700,Down,101568968249334109841172910982417291807547954045954580268278800158435602610765,55509577823317260827288263848773842817483250717111942605040287447757050352635,0.16,0.17,166.14,126.0,0.01,0.83,0.84,126.0,166.14,0.01,0.165,0.835,0.4313,0.5687,65865.25
1774829189936,2026-03-30T00:06:29.936,btc-updown-15m-1774828800,1774829700,Down,101568968249334109841172910982417291807547954045954580268278800158435602610765,55509577823317260827288263848773842817483250717111942605040287447757050352635,0.17,0.18,1276.23,53.95,0.01,0.82,0.84,33.45,1276.23,0.02,0.175,0.83,0.040558,0.974459,65885.19
1774829190936,2026-03-30T00:06:30.936,btc-updown-15m-1774828800,1774829700,Down,101568968249334109841172910982417291807547954045954580268278800158435602610765,55509577823317260827288263848773842817483250717111942605040287447757050352635,0.16,0.18,1276.23,33.45,0.02,0.82,0.84,33.45,1276.23,0.02,0.17,0.83,0.025541,0.974459,65885.19
1774829191937,2026-03-30T00:06:31.937,btc-updown-15m-1774828800,1774829700,Down,101568968249334109841172910982417291807547954045954580268278800158435602610765,55509577823317260827288263848773842817483250717111942605040287447757050352635,0.16,0.17,20.0,77.38,0.01,0.83,0.84,77.38,20.0,0.01,0.165,0.835,0.794619,0.205381,65885.19
1774829192937,2026-03-30T00:06:32.937,btc-updown-15m-1774828800,1774829700,Down,101568968249334109841172910982417291807547954045954580268278800158435602610765,55509577823317260827288263848773842817483250717111942605040287447757050352635,0.16,0.17,15.0,73.18,0.01,0.83,0.84,73.18,15.0,0.01,0.165,0.835,0.829893,0.170107,65877.38
1774829193938,2026-03-30T00:06:33.938,btc-updown-15m-1774828800,1774829700,Down,101568968249334109841172910982417291807547954045954580268278800158435602610765,55509577823317260827288263848773842817483250717111942605040287447757050352635,0.16,0.17,15.0,73.18,0.01,0.83,0.84,73.18,15.0,0.01,0.165,0.835,0.829893,0.170107,65877.38
1774829194939,2026-03-30T00:06:34.939,btc-updown-15m-1774828800,1774829700,Down,101568968249334109841172910982417291807547954045954580268278800158435602610765,55509577823317260827288263848773842817483250717111942605040287447757050352635,0.16,0.17,15.0,73.18,0.01,0.83,0.84,73.18,15.0,0.01,0.165,0.835,0.829893,0.170107,65877.38
1774829195941,2026-03-30T00:06:35.941,btc-updown-15m-1774828800,1774829700,Down,101568968249334109841172910982417291807547954045954580268278800158435602610765,55509577823317260827288263848773842817483250717111942605040287447757050352635,0.15,0.17,381.0,207.5,0.02,0.83,0.85,207.5,381.0,0.02,0.16,0.84,0.352591,0.647409,65876.53
1774829196941,2026-03-30T00:06:36.941,btc-updown-15m-1774828800,1774829700,Down,101568968249334109841172910982417291807547954045954580268278800158435602610765,55509577823317260827288263848773842817483250717111942605040287447757050352635,0.15,0.17,1143.0,42.5,0.02,0.83,0.85,42.5,1143.0,0.02,0.16,0.84,0.03585,0.96415,65876.53
1774829197942,2026-03-30T00:06:37.942,btc-updown-15m-1774828800,1774829700,Down,101568968249334109841172910982417291807547954045954580268278800158435602610765,55509577823317260827288263848773842817483250717111942605040287447757050352635,0.15,0.17,1143.0,42.5,0.02,0.83,0.85,42.5,1143.0,0.02,0.16,0.84,0.03585,0.96415,65876.53
1774829198943,2026-03-30T00:06:38.943,btc-updown-15m-1774828800,1774829700,Down,101568968249334109841172910982417291807547954045954580268278800158435602610765,55509577823317260827288263848773842817483250717111942605040287447757050352635,0.19,0.2,70.0,216.5,0.01,0.8,0.81,216.5,70.0,0.01,0.195,0.805,0.755672,0.244328,65891.33
1774829199944,2026-03-30T00:06:39.944,btc-updown-15m-1774828800,1774829700,Down,101568968249334109841172910982417291807547954045954580268278800158435602610765,55509577823317260827288263848773842817483250717111942605040287447757050352635,0.19,0.2,32.24,206.64,0.01,0.8,0.81,206.64,32.24,0.01,0.195,0.805,0.865037,0.134963,65891.33
1774829200945,2026-03-30T00:06:40.945,btc-updown-15m-1774828800,1774829700,Down,101568968249334109841172910982417291807547954045954580268278800158435602610765,55509577823317260827288263848773842817483250717111942605040287447757050352635,0.19,0.2,47.24,200.4,0.01,0.8,0.81,200.4,47.24,0.01,0.195,0.805,0.809239,0.190761,65891.33
1774829201945,2026-03-30T00:06:41.945,btc-updown-15m-1774828800,1774829700,Down,101568968249334109841172910982417291807547954045954580268278800158435602610765,55509577823317260827288263848773842817483250717111942605040287447757050352635,0.2,0.21,435.01,159.76,0.01,0.79,0.8,159.76,435.01,0.01,0.205,0.795,0.268608,0.731392,65891.33
1774829202946,2026-03-30T00:06:42.946,btc-updown-15m-1774828800,1774829700,Down,101568968249334109841172910982417291807547954045954580268278800158435602610765,55509577823317260827288263848773842817483250717111942605040287447757050352635,0.21,0.22,320.94,108.67,0.01,0.78,0.79,108.67,320.94,0.01,0.215,0.785,0.25295,0.74705,65891.33
1774829203947,2026-03-30T00:06:43.947,btc-updown-15m-1774828800,1774829700,Down,101568968249334109841172910982417291807547954045954580268278800158435602610765,55509577823317260827288263848773842817483250717111942605040287447757050352635,0.24,0.25,87.5,245.96,0.01,0.75,0.76,245.96,87.5,0.01,0.245,0.755,0.7376,0.2624,65891.33
1774829204947,2026-03-30T00:06:44.947,btc-updown-15m-1774828800,1774829700,Down,101568968249334109841172910982417291807547954045954580268278800158435602610765,55509577823317260827288263848773842817483250717111942605040287447757050352635,0.21,0.22,15.0,124.01,0.01,0.78,0.79,124.01,15.0,0.01,0.215,0.785,0.892094,0.107906,65910.88
1774829205947,2026-03-30T00:06:45.947,btc-updown-15m-1774828800,1774829700,Down,101568968249334109841172910982417291807547954045954580268278800158435602610765,55509577823317260827288263848773842817483250717111942605040287447757050352635,0.2,0.22,1080.0,60.57,0.02,0.78,0.8,60.57,1080.0,0.02,0.21,0.79,0.053105,0.946895,65910.88
1774829206950,2026-03-30T00:06:46.950,btc-updown-15m-1774828800,1774829700,Down,101568968249334109841172910982417291807547954045954580268278800158435602610765,55509577823317260827288263848773842817483250717111942605040287447757050352635,0.19,0.21,99.0,629.57,0.02,0.79,0.81,629.57,99.0,0.02,0.2,0.8,0.864117,0.135883,65910.88
1774829207951,2026-03-30T00:06:47.951,btc-updown-15m-1774828800,1774829700,Down,101568968249334109841172910982417291807547954045954580268278800158435602610765,55509577823317260827288263848773842817483250717111942605040287447757050352635,0.17,0.19,149.7,718.01,0.02,0.81,0.83,718.01,149.7,0.02,0.18,0.82,0.827477,0.172523,65896.14
1774829208952,2026-03-30T00:06:48.952,btc-updown-15m-1774828800,1774829700,Down,101568968249334109841172910982417291807547954045954580268278800158435602610765,55509577823317260827288263848773842817483250717111942605040287447757050352635,0.17,0.19,149.7,718.01,0.02,0.81,0.83,718.01,149.7,0.02,0.18,0.82,0.827477,0.172523,65896.14
1774829209953,2026-03-30T00:06:49.953,btc-updown-15m-1774828800,1774829700,Down,101568968249334109841172910982417291807547954045954580268278800158435602610765,55509577823317260827288263848773842817483250717111942605040287447757050352635,0.17,0.19,149.7,718.01,0.02,0.81,0.83,718.01,149.7,0.02,0.18,0.82,0.827477,0.172523,65896.14
1774829210954,2026-03-30T00:06:50.954,btc-updown-15m-1774828800,1774829700,Down,101568968249334109841172910982417291807547954045954580268278800158435602610765,55509577823317260827288263848773842817483250717111942605040287447757050352635,0.17,0.2,1194.41,160.0,0.03,0.8,0.83,160.0,1194.41,0.03,0.185,0.815,0.118133,0.881867,65896.14
1774829211955,2026-03-30T00:06:51.955,btc-updown-15m-1774828800,1774829700,Down,101568968249334109841172910982417291807547954045954580268278800158435602610765,55509577823317260827288263848773842817483250717111942605040287447757050352635,0.17,0.2,1194.41,160.0,0.03,0.8,0.83,160.0,1194.41,0.03,0.185,0.815,0.118133,0.881867,65896.14
1774829212956,2026-03-30T00:06:52.956,btc-updown-15m-1774828800,1774829700,Down,101568968249334109841172910982417291807547954045954580268278800158435602610765,55509577823317260827288263848773842817483250717111942605040287447757050352635,0.17,0.2,1194.41,160.0,0.03,0.8,0.83,160.0,1194.41,0.03,0.185,0.815,0.118133,0.881867,65896.14
1774829213957,2026-03-30T00:06:53.957,btc-updown-15m-1774828800,1774829700,Down,101568968249334109841172910982417291807547954045954580268278800158435602610765,55509577823317260827288263848773842817483250717111942605040287447757050352635,0.15,0.16,86.0,12.0,0.01,0.84,0.85,12.0,86.0,0.01,0.155,0.845,0.122449,0.877551,65883.26
1774829214958,2026-03-30T00:06:54.958,btc-updown-15m-1774828800,1774829700,Down,101568968249334109841172910982417291807547954045954580268278800158435602610765,55509577823317260827288263848773842817483250717111942605040287447757050352635,0.15,0.16,86.0,12.0,0.01,0.84,0.85,12.0,86.0,0.01,0.155,0.845,0.122449,0.877551,65883.26
1774829215959,2026-03-30T00:06:55.959,btc-updown-15m-1774828800,1774829700,Down,101568968249334109841172910982417291807547954045954580268278800158435602610765,55509577823317260827288263848773842817483250717111942605040287447757050352635,0.15,0.16,86.0,12.0,0.01,0.84,0.85,12.0,86.0,0.01,0.155,0.845,0.122449,0.877551,65883.26
1774829216960,2026-03-30T00:06:56.960,btc-updown-15m-1774828800,1774829700,Down,101568968249334109841172910982417291807547954045954580268278800158435602610765,55509577823317260827288263848773842817483250717111942605040287447757050352635,0.14,0.15,25.0,246.0,0.01,0.85,0.86,246.0,25.0,0.01,0.145,0.855,0.907749,0.092251,65876.53
1774829217961,2026-03-30T00:06:57.961,btc-updown-15m-1774828800,1774829700,Down,101568968249334109841172910982417291807547954045954580268278800158435602610765,55509577823317260827288263848773842817483250717111942605040287447757050352635,0.14,0.15,25.0,246.0,0.01,0.85,0.86,246.0,25.0,0.01,0.145,0.855,0.907749,0.092251,65876.53
1774829218962,2026-03-30T00:06:58.962,btc-updown-15m-1774828800,1774829700,Down,101568968249334109841172910982417291807547954045954580268278800158435602610765,55509577823317260827288263848773842817483250717111942605040287447757050352635,0.14,0.15,68.33,1224.5,0.01,0.85,0.86,1224.5,68.33,0.01,0.145,0.855,0.947147,0.052853,65876.53
1774829219962,2026-03-30T00:06:59.962,btc-updown-15m-1774828800,1774829700,Down,101568968249334109841172910982417291807547954045954580268278800158435602610765,55509577823317260827288263848773842817483250717111942605040287447757050352635,0.14,0.16,0.75,1695.5,0.02,0.84,0.86,1695.5,0.75,0.02,0.15,0.85,0.999558,0.000442,65876.52
1774829220963,2026-03-30T00:07:00.963,btc-updown-15m-1774828800,1774829700,Down,101568968249334109841172910982417291807547954045954580268278800158435602610765,55509577823317260827288263848773842817483250717111942605040287447757050352635,0.14,0.16,0.75,1695.5,0.02,0.84,0.86,1695.5,0.75,0.02,0.15,0.85,0.999558,0.000442,65876.52
1774829221964,2026-03-30T00:07:01.964,btc-updown-15m-1774828800,1774829700,Down,101568968249334109841172910982417291807547954045954580268278800158435602610765,55509577823317260827288263848773842817483250717111942605040287447757050352635,0.14,0.15,110.0,46.67,0.01,0.85,0.86,46.67,110.0,0.01,0.145,0.855,0.297887,0.702113,65876.52
1774829222964,2026-03-30T00:07:02.964,btc-updown-15m-1774828800,1774829700,Down,101568968249334109841172910982417291807547954045954580268278800158435602610765,55509577823317260827288263848773842817483250717111942605040287447757050352635,0.1,0.12,104.0,874.83,0.02,0.88,0.9,874.83,104.0,0.02,0.11,0.89,0.893751,0.106249,65864.33
1774829223965,2026-03-30T00:07:03.965,btc-updown-15m-1774828800,1774829700,Down,101568968249334109841172910982417291807547954045954580268278800158435602610765,55509577823317260827288263848773842817483250717111942605040287447757050352635,0.11,0.13,76.23,1540.0,0.02,0.87,0.89,1540.0,76.23,0.02,0.12,0.88,0.952835,0.047165,65864.33
1774829224966,2026-03-30T00:07:04.966,btc-updown-15m-1774828800,1774829700,Down,101568968249334109841172910982417291807547954045954580268278800158435602610765,55509577823317260827288263848773842817483250717111942605040287447757050352635,0.13,0.14,60.0,1230.5,0.01,0.86,0.87,1230.5,60.0,0.01,0.135,0.865,0.953506,0.046494,65864.33
1774829225966,2026-03-30T00:07:05.966,btc-updown-15m-1774828800,1774829700,Down,101568968249334109841172910982417291807547954045954580268278800158435602610765,55509577823317260827288263848773842817483250717111942605040287447757050352635,0.13,0.14,52.0,1258.69,0.01,0.86,0.87,1258.69,52.0,0.01,0.135,0.865,0.960326,0.039674,65873.77
1774829226967,2026-03-30T00:07:06.967,btc-updown-15m-1774828800,1774829700,Down,101568968249334109841172910982417291807547954045954580268278800158435602610765,55509577823317260827288263848773842817483250717111942605040287447757050352635,0.13,0.14,52.0,1258.69,0.01,0.86,0.87,1258.69,52.0,0.01,0.135,0.865,0.960326,0.039674,65873.77
1774829227968,2026-03-30T00:07:07.968,btc-updown-15m-1774828800,1774829700,Down,101568968249334109841172910982417291807547954045954580268278800158435602610765,55509577823317260827288263848773842817483250717111942605040287447757050352635,0.1,0.11,31.0,1479.02,0.01,0.89,0.9,1479.02,31.0,0.01,0.105,0.895,0.97947,0.02053,65873.77
1774829228969,2026-03-30T00:07:08.969,btc-updown-15m-1774828800,1774829700,Down,101568968249334109841172910982417291807547954045954580268278800158435602610765,55509577823317260827288263848773842817483250717111942605040287447757050352635,0.1,0.11,41.75,1436.02,0.01,0.89,0.9,1436.02,41.75,0.01,0.105,0.895,0.971748,0.028252,65859.62
1774829229969,2026-03-30T00:07:09.969,btc-updown-15m-1774828800,1774829700,Down,101568968249334109841172910982417291807547954045954580268278800158435602610765,55509577823317260827288263848773842817483250717111942605040287447757050352635,0.1,0.11,41.75,1436.02,0.01,0.89,0.9,1436.02,41.75,0.01,0.105,0.895,0.971748,0.028252,65859.62
1774829230970,2026-03-30T00:07:10.970,btc-updown-15m-1774828800,1774829700,Down,101568968249334109841172910982417291807547954045954580268278800158435602610765,55509577823317260827288263848773842817483250717111942605040287447757050352635,0.1,0.11,8.81,1644.89,0.01,0.89,0.9,1644.89,8.81,0.01,0.105,0.895,0.994673,0.005327,65859.62
1774829231970,2026-03-30T00:07:11.970,btc-updown-15m-1774828800,1774829700,Down,101568968249334109841172910982417291807547954045954580268278800158435602610765,55509577823317260827288263848773842817483250717111942605040287447757050352635,0.13,0.15,257.37,295.0,0.02,0.85,0.87,295.0,257.37,0.02,0.14,0.86,0.534062,0.465938,65872.55
1774829232971,2026-03-30T00:07:12.971,btc-updown-15m-1774828800,1774829700,Down,101568968249334109841172910982417291807547954045954580268278800158435602610765,55509577823317260827288263848773842817483250717111942605040287447757050352635,0.13,0.14,121.0,1310.56,0.01,0.86,0.87,1310.56,121.0,0.01,0.135,0.865,0.915477,0.084523,65872.55
1774829233971,2026-03-30T00:07:13.971,btc-updown-15m-1774828800,1774829700,Down,101568968249334109841172910982417291807547954045954580268278800158435602610765,55509577823317260827288263848773842817483250717111942605040287447757050352635,0.13,0.14,116.0,1155.56,0.01,0.86,0.87,1155.56,116.0,0.01,0.135,0.865,0.908773,0.091227,65872.55
1774829234972,2026-03-30T00:07:14.972,btc-updown-15m-1774828800,1774829700,Down,101568968249334109841172910982417291807547954045954580268278800158435602610765,55509577823317260827288263848773842817483250717111942605040287447757050352635,0.13,0.15,179.53,1160.81,0.02,0.85,0.87,1160.81,179.53,0.02,0.14,0.86,0.866056,0.133944,65875.69
1774829235973,2026-03-30T00:07:15.973,btc-updown-15m-1774828800,1774829700,Down,101568968249334109841172910982417291807547954045954580268278800158435602610765,55509577823317260827288263848773842817483250717111942605040287447757050352635,0.13,0.15,179.53,1160.81,0.02,0.85,0.87,1160.81,179.53,0.02,0.14,0.86,0.866056,0.133944,65875.69
1774829236974,2026-03-30T00:07:16.974,btc-updown-15m-1774828800,1774829700,Down,101568968249334109841172910982417291807547954045954580268278800158435602610765,55509577823317260827288263848773842817483250717111942605040287447757050352635,0.16,0.17,221.73,220.0,0.01,0.83,0.84,220.0,221.73,0.01,0.165,0.835,0.498042,0.501958,65875.69
1774829237974,2026-03-30T00:07:17.974,btc-updown-15m-1774828800,1774829700,Down,101568968249334109841172910982417291807547954045954580268278800158435602610765,55509577823317260827288263848773842817483250717111942605040287447757050352635,0.16,0.17,160.0,406.92,0.01,0.83,0.84,406.92,160.0,0.01,0.165,0.835,0.717773,0.282227,65899.99
1774829238975,2026-03-30T00:07:18.975,btc-updown-15m-1774828800,1774829700,Down,101568968249334109841172910982417291807547954045954580268278800158435602610765,55509577823317260827288263848773842817483250717111942605040287447757050352635,0.16,0.17,178.82,368.0,0.01,0.83,0.84,368.0,178.82,0.01,0.165,0.835,0.672982,0.327018,65899.99
1774829239976,2026-03-30T00:07:19.976,btc-updown-15m-1774828800,1774829700,Down,101568968249334109841172910982417291807547954045954580268278800158435602610765,55509577823317260827288263848773842817483250717111942605040287447757050352635,0.16,0.17,95.0,224.76,0.01,0.83,0.84,224.76,95.0,0.01,0.165,0.835,0.702902,0.297098,65899.99
1774829240977,2026-03-30T00:07:20.977,btc-updown-15m-1774828800,1774829700,Down,101568968249334109841172910982417291807547954045954580268278800158435602610765,55509577823317260827288263848773842817483250717111942605040287447757050352635,0.16,0.17,481.0,200.74,0.01,0.83,0.84,200.74,481.0,0.01,0.165,0.835,0.294452,0.705548,65895.38
1774829241978,2026-03-30T00:07:21.978,btc-updown-15m-1774828800,1774829700,Down,101568968249334109841172910982417291807547954045954580268278800158435602610765,55509577823317260827288263848773842817483250717111942605040287447757050352635,0.16,0.17,481.0,200.74,0.01,0.83,0.84,200.74,481.0,0.01,0.165,0.835,0.294452,0.705548,65895.38
1774829242979,2026-03-30T00:07:22.979,btc-updown-15m-1774828800,1774829700,Down,101568968249334109841172910982417291807547954045954580268278800158435602610765,55509577823317260827288263848773842817483250717111942605040287447757050352635,0.16,0.17,481.0,200.74,0.01,0.83,0.84,200.74,481.0,0.01,0.165,0.835,0.294452,0.705548,65895.38
1774829243980,2026-03-30T00:07:23.980,btc-updown-15m-1774828800,1774829700,Down,101568968249334109841172910982417291807547954045954580268278800158435602610765,55509577823317260827288263848773842817483250717111942605040287447757050352635,0.16,0.17,481.0,200.74,0.01,0.83,0.84,200.74,481.0,0.01,0.165,0.835,0.294452,0.705548,65895.38
1774829244981,2026-03-30T00:07:24.981,btc-updown-15m-1774828800,1774829700,Down,101568968249334109841172910982417291807547954045954580268278800158435602610765,55509577823317260827288263848773842817483250717111942605040287447757050352635,0.16,0.17,481.0,200.74,0.01,0.83,0.84,200.74,481.0,0.01,0.165,0.835,0.294452,0.705548,65895.38
1774829245982,2026-03-30T00:07:25.982,btc-updown-15m-1774828800,1774829700,Down,101568968249334109841172910982417291807547954045954580268278800158435602610765,55509577823317260827288263848773842817483250717111942605040287447757050352635,0.16,0.17,20.0,34.0,0.01,0.83,0.84,34.0,20.0,0.01,0.165,0.835,0.62963,0.37037,65895.38
1774829246983,2026-03-30T00:07:26.983,btc-updown-15m-1774828800,1774829700,Down,101568968249334109841172910982417291807547954045954580268278800158435602610765,55509577823317260827288263848773842817483250717111942605040287447757050352635,0.16,0.17,20.0,34.0,0.01,0.83,0.84,34.0,20.0,0.01,0.165,0.835,0.62963,0.37037,65895.38
1774829247983,2026-03-30T00:07:27.983,btc-updown-15m-1774828800,1774829700,Down,101568968249334109841172910982417291807547954045954580268278800158435602610765,55509577823317260827288263848773842817483250717111942605040287447757050352635,0.16,0.17,20.0,34.0,0.01,0.83,0.84,34.0,20.0,0.01,0.165,0.835,0.62963,0.37037,65895.38
1774829248985,2026-03-30T00:07:28.985,btc-updown-15m-1774828800,1774829700,Down,101568968249334109841172910982417291807547954045954580268278800158435602610765,55509577823317260827288263848773842817483250717111942605040287447757050352635,0.16,0.17,20.0,34.0,0.01,0.83,0.84,34.0,20.0,0.01,0.165,0.835,0.62963,0.37037,65895.38
1774829249986,2026-03-30T00:07:29.986,btc-updown-15m-1774828800,1774829700,Down,101568968249334109841172910982417291807547954045954580268278800158435602610765,55509577823317260827288263848773842817483250717111942605040287447757050352635,0.16,0.18,202.5,361.98,0.02,0.82,0.84,361.98,202.5,0.02,0.17,0.83,0.641263,0.358737,65895.38
1774829250986,2026-03-30T00:07:30.986,btc-updown-15m-1774828800,1774829700,Down,101568968249334109841172910982417291807547954045954580268278800158435602610765,55509577823317260827288263848773842817483250717111942605040287447757050352635,0.16,0.17,17.82,350.98,0.01,0.83,0.84,350.98,17.82,0.01,0.165,0.835,0.951681,0.048319,65895.38
1774829251987,2026-03-30T00:07:31.987,btc-updown-15m-1774828800,1774829700,Down,101568968249334109841172910982417291807547954045954580268278800158435602610765,55509577823317260827288263848773842817483250717111942605040287447757050352635,0.16,0.17,17.82,325.96,0.01,0.83,0.84,325.96,17.82,0.01,0.165,0.835,0.948165,0.051835,65895.38
1774829252988,2026-03-30T00:07:32.988,btc-updown-15m-1774828800,1774829700,Down,101568968249334109841172910982417291807547954045954580268278800158435602610765,55509577823317260827288263848773842817483250717111942605040287447757050352635,0.16,0.17,17.82,325.96,0.01,0.83,0.84,325.96,17.82,0.01,0.165,0.835,0.948165,0.051835,65895.37
1774829253989,2026-03-30T00:07:33.989,btc-updown-15m-1774828800,1774829700,Down,101568968249334109841172910982417291807547954045954580268278800158435602610765,55509577823317260827288263848773842817483250717111942605040287447757050352635,0.16,0.17,17.82,325.96,0.01,0.83,0.84,325.96,17.82,0.01,0.165,0.835,0.948165,0.051835,65895.37
1774829254990,2026-03-30T00:07:34.990,btc-updown-15m-1774828800,1774829700,Down,101568968249334109841172910982417291807547954045954580268278800158435602610765,55509577823317260827288263848773842817483250717111942605040287447757050352635,0.17,0.18,76.0,62.93,0.01,0.82,0.83,62.93,76.0,0.01,0.175,0.825,0.452962,0.547038,65895.37
1774829255990,2026-03-30T00:07:35.990,btc-updown-15m-1774828800,1774829700,Down,101568968249334109841172910982417291807547954045954580268278800158435602610765,55509577823317260827288263848773842817483250717111942605040287447757050352635,0.17,0.18,76.0,62.93,0.01,0.82,0.83,62.93,76.0,0.01,0.175,0.825,0.452962,0.547038,65904.0
1774829256991,2026-03-30T00:07:36.991,btc-updown-15m-1774828800,1774829700,Down,101568968249334109841172910982417291807547954045954580268278800158435602610765,55509577823317260827288263848773842817483250717111942605040287447757050352635,0.19,0.2,388.09,59.97,0.01,0.8,0.81,59.97,388.09,0.01,0.195,0.805,0.133844,0.866156,65904.0
1774829257991,2026-03-30T00:07:37.991,btc-updown-15m-1774828800,1774829700,Down,101568968249334109841172910982417291807547954045954580268278800158435602610765,55509577823317260827288263848773842817483250717111942605040287447757050352635,0.19,0.2,485.09,36.07,0.01,0.8,0.81,36.07,485.09,0.01,0.195,0.805,0.069211,0.930789,65904.0
1774829258991,2026-03-30T00:07:38.991,btc-updown-15m-1774828800,1774829700,Down,101568968249334109841172910982417291807547954045954580268278800158435602610765,55509577823317260827288263848773842817483250717111942605040287447757050352635,0.22,0.23,130.93,178.0,0.01,0.77,0.78,178.0,130.93,0.01,0.225,0.775,0.576182,0.423818,65914.17
1774829259992,2026-03-30T00:07:39.992,btc-updown-15m-1774828800,1774829700,Down,101568968249334109841172910982417291807547954045954580268278800158435602610765,55509577823317260827288263848773842817483250717111942605040287447757050352635,0.22,0.23,391.93,139.69,0.01,0.77,0.78,139.69,391.93,0.01,0.225,0.775,0.262763,0.737237,65914.17
1774829260993,2026-03-30T00:07:40.993,btc-updown-15m-1774828800,1774829700,Down,101568968249334109841172910982417291807547954045954580268278800158435602610765,55509577823317260827288263848773842817483250717111942605040287447757050352635,0.22,0.23,391.93,139.69,0.01,0.77,0.78,139.69,391.93,0.01,0.225,0.775,0.262763,0.737237,65914.17
1774829261994,2026-03-30T00:07:41.994,btc-updown-15m-1774828800,1774829700,Down,101568968249334109841172910982417291807547954045954580268278800158435602610765,55509577823317260827288263848773842817483250717111942605040287447757050352635,0.22,0.24,836.25,219.41,0.02,0.76,0.78,219.41,836.25,0.02,0.23,0.77,0.207842,0.792158,65922.4
1774829262995,2026-03-30T00:07:42.995,btc-updown-15m-1774828800,1774829700,Down,101568968249334109841172910982417291807547954045954580268278800158435602610765,55509577823317260827288263848773842817483250717111942605040287447757050352635,0.22,0.24,1088.5,96.0,0.02,0.76,0.78,96.0,1088.5,0.02,0.23,0.77,0.081047,0.918953,65922.4
1774829263996,2026-03-30T00:07:43.996,btc-updown-15m-1774828800,1774829700,Down,101568968249334109841172910982417291807547954045954580268278800158435602610765,55509577823317260827288263848773842817483250717111942605040287447757050352635,0.22,0.24,1088.5,96.0,0.02,0.76,0.78,96.0,1088.5,0.02,0.23,0.77,0.081047,0.918953,65922.4
1774829264997,2026-03-30T00:07:44.997,btc-updown-15m-1774828800,1774829700,Down,101568968249334109841172910982417291807547954045954580268278800158435602610765,55509577823317260827288263848773842817483250717111942605040287447757050352635,0.25,0.26,1241.27,74.53,0.01,0.74,0.75,74.53,1241.27,0.01,0.255,0.745,0.056642,0.943358,65933.16
1774829265997,2026-03-30T00:07:45.997,btc-updown-15m-1774828800,1774829700,Down,101568968249334109841172910982417291807547954045954580268278800158435602610765,55509577823317260827288263848773842817483250717111942605040287447757050352635,0.23,0.26,1422.61,115.02,0.03,0.74,0.77,115.02,1422.61,0.03,0.245,0.755,0.074803,0.925197,65933.16
1774829266998,2026-03-30T00:07:46.998,btc-updown-15m-1774828800,1774829700,Down,101568968249334109841172910982417291807547954045954580268278800158435602610765,55509577823317260827288263848773842817483250717111942605040287447757050352635,0.26,0.27,1068.5,158.68,0.01,0.73,0.74,158.68,1068.5,0.01,0.265,0.735,0.129305,0.870695,65933.16
1774829267998,2026-03-30T00:07:47.998,btc-updown-15m-1774828800,1774829700,Down,101568968249334109841172910982417291807547954045954580268278800158435602610765,55509577823317260827288263848773842817483250717111942605040287447757050352635,0.26,0.27,230.61,132.08,0.01,0.73,0.74,132.08,230.61,0.01,0.265,0.735,0.364168,0.635832,65934.01
1774829268999,2026-03-30T00:07:48.999,btc-updown-15m-1774828800,1774829700,Down,101568968249334109841172910982417291807547954045954580268278800158435602610765,55509577823317260827288263848773842817483250717111942605040287447757050352635,0.26,0.27,230.61,132.08,0.01,0.73,0.74,132.08,230.61,0.01,0.265,0.735,0.364168,0.635832,65934.01
1774829270001,2026-03-30T00:07:50.001,btc-updown-15m-1774828800,1774829700,Down,101568968249334109841172910982417291807547954045954580268278800158435602610765,55509577823317260827288263848773842817483250717111942605040287447757050352635,0.26,0.28,9.0,313.59,0.02,0.72,0.74,313.59,9.0,0.02,0.27,0.73,0.972101,0.027899,65934.01
1774829271002,2026-03-30T00:07:51.002,btc-updown-15m-1774828800,1774829700,Down,101568968249334109841172910982417291807547954045954580268278800158435602610765,55509577823317260827288263848773842817483250717111942605040287447757050352635,0.27,0.28,35.5,136.21,0.01,0.72,0.73,136.21,35.5,0.01,0.275,0.725,0.793256,0.206744,65938.55
1774829272003,2026-03-30T00:07:52.003,btc-updown-15m-1774828800,1774829700,Down,101568968249334109841172910982417291807547954045954580268278800158435602610765,55509577823317260827288263848773842817483250717111942605040287447757050352635,0.27,0.28,35.5,142.51,0.01,0.72,0.73,142.51,35.5,0.01,0.275,0.725,0.800573,0.199427,65938.55
1774829273004,2026-03-30T00:07:53.004,btc-updown-15m-1774828800,1774829700,Down,101568968249334109841172910982417291807547954045954580268278800158435602610765,55509577823317260827288263848773842817483250717111942605040287447757050352635,0.3,0.31,151.97,30.0,0.01,0.69,0.7,30.0,151.97,0.01,0.305,0.695,0.164862,0.835138,65938.55
1774829274004,2026-03-30T00:07:54.004,btc-updown-15m-1774828800,1774829700,Down,101568968249334109841172910982417291807547954045954580268278800158435602610765,55509577823317260827288263848773842817483250717111942605040287447757050352635,0.3,0.31,1127.97,87.14,0.01,0.69,0.7,87.14,1127.97,0.01,0.305,0.695,0.071714,0.928286,65946.22
1774829275005,2026-03-30T00:07:55.005,btc-updown-15m-1774828800,1774829700,Down,101568968249334109841172910982417291807547954045954580268278800158435602610765,55509577823317260827288263848773842817483250717111942605040287447757050352635,0.27,0.29,25.0,83.46,0.02,0.71,0.73,83.46,25.0,0.02,0.28,0.72,0.7695,0.2305,65946.22
1774829276005,2026-03-30T00:07:56.005,btc-updown-15m-1774828800,1774829700,Down,101568968249334109841172910982417291807547954045954580268278800158435602610765,55509577823317260827288263848773842817483250717111942605040287447757050352635,0.28,0.29,209.35,156.5,0.01,0.71,0.72,156.5,209.35,0.01,0.285,0.715,0.427771,0.572229,65946.22
1774829277006,2026-03-30T00:07:57.006,btc-updown-15m-1774828800,1774829700,Down,101568968249334109841172910982417291807547954045954580268278800158435602610765,55509577823317260827288263848773842817483250717111942605040287447757050352635,0.26,0.28,89.0,112.73,0.02,0.72,0.74,112.73,89.0,0.02,0.27,0.73,0.558816,0.441184,65944.42
1774829278006,2026-03-30T00:07:58.006,btc-updown-15m-1774828800,1774829700,Down,101568968249334109841172910982417291807547954045954580268278800158435602610765,55509577823317260827288263848773842817483250717111942605040287447757050352635,0.25,0.27,116.0,147.52,0.02,0.73,0.75,147.52,116.0,0.02,0.26,0.74,0.559806,0.440194,65944.42
1774829279006,2026-03-30T00:07:59.006,btc-updown-15m-1774828800,1774829700,Down,101568968249334109841172910982417291807547954045954580268278800158435602610765,55509577823317260827288263848773842817483250717111942605040287447757050352635,0.28,0.29,33.58,82.5,0.01,0.71,0.72,82.5,33.58,0.01,0.285,0.715,0.710717,0.289283,65944.42
1774829280008,2026-03-30T00:08:00.008,btc-updown-15m-1774828800,1774829700,Down,101568968249334109841172910982417291807547954045954580268278800158435602610765,55509577823317260827288263848773842817483250717111942605040287447757050352635,0.28,0.29,116.08,207.65,0.01,0.71,0.72,207.65,116.08,0.01,0.285,0.715,0.64143,0.35857,65942.01
1774829281009,2026-03-30T00:08:01.009,btc-updown-15m-1774828800,1774829700,Down,101568968249334109841172910982417291807547954045954580268278800158435602610765,55509577823317260827288263848773842817483250717111942605040287447757050352635,0.28,0.29,116.08,207.65,0.01,0.71,0.72,207.65,116.08,0.01,0.285,0.715,0.64143,0.35857,65942.01
1774829282010,2026-03-30T00:08:02.010,btc-updown-15m-1774828800,1774829700,Down,101568968249334109841172910982417291807547954045954580268278800158435602610765,55509577823317260827288263848773842817483250717111942605040287447757050352635,0.26,0.27,81.0,72.62,0.01,0.73,0.74,72.62,81.0,0.01,0.265,0.735,0.472725,0.527275,65942.01
1774829283010,2026-03-30T00:08:03.010,btc-updown-15m-1774828800,1774829700,Down,101568968249334109841172910982417291807547954045954580268278800158435602610765,55509577823317260827288263848773842817483250717111942605040287447757050352635,0.28,0.29,86.96,327.45,0.01,0.71,0.72,327.45,86.96,0.01,0.285,0.715,0.79016,0.20984,65942.01
1774829284012,2026-03-30T00:08:04.012,btc-updown-15m-1774828800,1774829700,Down,101568968249334109841172910982417291807547954045954580268278800158435602610765,55509577823317260827288263848773842817483250717111942605040287447757050352635,0.28,0.29,202.0,184.63,0.01,0.71,0.72,184.63,202.0,0.01,0.285,0.715,0.477537,0.522463,65942.01
1774829285012,2026-03-30T00:08:05.012,btc-updown-15m-1774828800,1774829700,Down,101568968249334109841172910982417291807547954045954580268278800158435602610765,55509577823317260827288263848773842817483250717111942605040287447757050352635,0.25,0.26,26.0,59.78,0.01,0.71,0.72,92.13,1050.25,0.01,0.255,0.715,0.696899,0.919353,65942.01
1774829286013,2026-03-30T00:08:06.013,btc-updown-15m-1774828800,1774829700,Down,101568968249334109841172910982417291807547954045954580268278800158435602610765,55509577823317260827288263848773842817483250717111942605040287447757050352635,0.24,0.26,930.5,97.87,0.02,0.74,0.76,97.87,930.5,0.02,0.25,0.75,0.09517,0.90483,65933.71
1774829287014,2026-03-30T00:08:07.014,btc-updown-15m-1774828800,1774829700,Down,101568968249334109841172910982417291807547954045954580268278800158435602610765,55509577823317260827288263848773842817483250717111942605040287447757050352635,0.24,0.26,930.5,97.87,0.02,0.74,0.76,97.87,930.5,0.02,0.25,0.75,0.09517,0.90483,65933.71
1774829288015,2026-03-30T00:08:08.015,btc-updown-15m-1774828800,1774829700,Down,101568968249334109841172910982417291807547954045954580268278800158435602610765,55509577823317260827288263848773842817483250717111942605040287447757050352635,0.27,0.28,1324.0,60.15,0.01,0.72,0.73,60.15,1324.0,0.01,0.275,0.725,0.043456,0.956544,65933.71
1774829289016,2026-03-30T00:08:09.016,btc-updown-15m-1774828800,1774829700,Down,101568968249334109841172910982417291807547954045954580268278800158435602610765,55509577823317260827288263848773842817483250717111942605040287447757050352635,0.26,0.28,1342.0,37.65,0.02,0.72,0.74,37.65,1342.0,0.02,0.27,0.73,0.02729,0.97271,65940.31
1774829290017,2026-03-30T00:08:10.017,btc-updown-15m-1774828800,1774829700,Down,101568968249334109841172910982417291807547954045954580268278800158435602610765,55509577823317260827288263848773842817483250717111942605040287447757050352635,0.26,0.27,1078.61,102.15,0.01,0.73,0.74,102.15,1078.61,0.01,0.265,0.735,0.086512,0.913488,65940.31
1774829291017,2026-03-30T00:08:11.017,btc-updown-15m-1774828800,1774829700,Down,101568968249334109841172910982417291807547954045954580268278800158435602610765,55509577823317260827288263848773842817483250717111942605040287447757050352635,0.27,0.29,1390.5,150.54,0.02,0.71,0.73,150.54,1390.5,0.02,0.28,0.72,0.097687,0.902313,65940.31
1774829292018,2026-03-30T00:08:12.018,btc-updown-15m-1774828800,1774829700,Down,101568968249334109841172910982417291807547954045954580268278800158435602610765,55509577823317260827288263848773842817483250717111942605040287447757050352635,0.29,0.3,973.36,240.91,0.01,0.7,0.71,240.91,973.36,0.01,0.295,0.705,0.198399,0.801601,65946.89
1774829293019,2026-03-30T00:08:13.019,btc-updown-15m-1774828800,1774829700,Down,101568968249334109841172910982417291807547954045954580268278800158435602610765,55509577823317260827288263848773842817483250717111942605040287447757050352635,0.3,0.31,670.95,297.5,0.01,0.69,0.7,297.5,670.95,0.01,0.305,0.695,0.307192,0.692808,65946.89
1774829294020,2026-03-30T00:08:14.020,btc-updown-15m-1774828800,1774829700,Down,101568968249334109841172910982417291807547954045954580268278800158435602610765,55509577823317260827288263848773842817483250717111942605040287447757050352635,0.31,0.32,326.08,271.38,0.01,0.68,0.69,271.38,326.08,0.01,0.315,0.685,0.454223,0.545777,65946.89
1774829295020,2026-03-30T00:08:15.020,btc-updown-15m-1774828800,1774829700,Down,101568968249334109841172910982417291807547954045954580268278800158435602610765,55509577823317260827288263848773842817483250717111942605040287447757050352635,0.32,0.33,5.91,233.03,0.01,0.67,0.68,233.03,5.91,0.01,0.325,0.675,0.975266,0.024734,65957.58
1774829296020,2026-03-30T00:08:16.020,btc-updown-15m-1774828800,1774829700,Down,101568968249334109841172910982417291807547954045954580268278800158435602610765,55509577823317260827288263848773842817483250717111942605040287447757050352635,0.32,0.33,0.91,648.03,0.01,0.67,0.68,648.03,0.91,0.01,0.325,0.675,0.998598,0.001402,65957.58
1774829297022,2026-03-30T00:08:17.022,btc-updown-15m-1774828800,1774829700,Down,101568968249334109841172910982417291807547954045954580268278800158435602610765,55509577823317260827288263848773842817483250717111942605040287447757050352635,0.36,0.37,167.5,70.5,0.01,0.63,0.64,70.5,167.5,0.01,0.365,0.635,0.296218,0.703782,65957.58
1774829298022,2026-03-30T00:08:18.022,btc-updown-15m-1774828800,1774829700,Down,101568968249334109841172910982417291807547954045954580268278800158435602610765,55509577823317260827288263848773842817483250717111942605040287447757050352635,0.43,0.44,93.73,111.0,0.01,0.56,0.57,111.0,93.73,0.01,0.435,0.565,0.542178,0.457822,65992.42
1774829299023,2026-03-30T00:08:19.023,btc-updown-15m-1774828800,1774829700,Down,101568968249334109841172910982417291807547954045954580268278800158435602610765,55509577823317260827288263848773842817483250717111942605040287447757050352635,0.44,0.45,7.89,520.5,0.01,0.55,0.56,520.5,7.89,0.01,0.445,0.555,0.985068,0.014932,65992.42
1774829300023,2026-03-30T00:08:20.023,btc-updown-15m-1774828800,1774829700,Down,101568968249334109841172910982417291807547954045954580268278800158435602610765,55509577823317260827288263848773842817483250717111942605040287447757050352635,0.47,0.48,1037.52,20.62,0.01,0.52,0.53,20.62,1037.52,0.01,0.475,0.525,0.019487,0.980513,65992.42
1774829301024,2026-03-30T00:08:21.024,btc-updown-15m-1774828800,1774829700,Down,101568968249334109841172910982417291807547954045954580268278800158435602610765,55509577823317260827288263848773842817483250717111942605040287447757050352635,0.47,0.48,809.66,246.23,0.01,0.52,0.53,246.23,809.66,0.01,0.475,0.525,0.233197,0.766803,66003.75
1774829302024,2026-03-30T00:08:22.024,btc-updown-15m-1774828800,1774829700,Down,101568968249334109841172910982417291807547954045954580268278800158435602610765,55509577823317260827288263848773842817483250717111942605040287447757050352635,0.47,0.48,45.7,620.99,0.01,0.52,0.53,620.99,45.7,0.01,0.475,0.525,0.931452,0.068548,66003.75
1774829303025,2026-03-30T00:08:23.025,btc-updown-15m-1774828800,1774829700,Down,101568968249334109841172910982417291807547954045954580268278800158435602610765,55509577823317260827288263848773842817483250717111942605040287447757050352635,0.45,0.47,62.92,100.98,0.02,0.53,0.55,100.98,62.92,0.02,0.46,0.54,0.616107,0.383893,66003.75
1774829304026,2026-03-30T00:08:24.026,btc-updown-15m-1774828800,1774829700,Down,101568968249334109841172910982417291807547954045954580268278800158435602610765,55509577823317260827288263848773842817483250717111942605040287447757050352635,0.46,0.48,1186.5,46.0,0.02,0.52,0.54,46.0,1186.5,0.02,0.47,0.53,0.037323,0.962677,66003.74
1774829305028,2026-03-30T00:08:25.028,btc-updown-15m-1774828800,1774829700,Down,101568968249334109841172910982417291807547954045954580268278800158435602610765,55509577823317260827288263848773842817483250717111942605040287447757050352635,0.43,0.44,37.0,374.75,0.01,0.56,0.57,374.75,37.0,0.01,0.435,0.565,0.91014,0.08986,66003.74
1774829306028,2026-03-30T00:08:26.028,btc-updown-15m-1774828800,1774829700,Down,101568968249334109841172910982417291807547954045954580268278800158435602610765,55509577823317260827288263848773842817483250717111942605040287447757050352635,0.46,0.48,881.0,411.93,0.02,0.52,0.54,411.93,881.0,0.02,0.47,0.53,0.318602,0.681398,66003.74
1774829307029,2026-03-30T00:08:27.029,btc-updown-15m-1774828800,1774829700,Down,101568968249334109841172910982417291807547954045954580268278800158435602610765,55509577823317260827288263848773842817483250717111942605040287447757050352635,0.46,0.47,19.0,541.15,0.01,0.53,0.54,401.15,43.0,0.01,0.465,0.535,0.966081,0.096814,66003.75
1774829308029,2026-03-30T00:08:28.029,btc-updown-15m-1774828800,1774829700,Down,101568968249334109841172910982417291807547954045954580268278800158435602610765,55509577823317260827288263848773842817483250717111942605040287447757050352635,0.46,0.47,6.0,539.15,0.01,0.53,0.54,539.15,6.0,0.01,0.465,0.535,0.988994,0.011006,66003.75
1774829309030,2026-03-30T00:08:29.030,btc-updown-15m-1774828800,1774829700,Down,101568968249334109841172910982417291807547954045954580268278800158435602610765,55509577823317260827288263848773842817483250717111942605040287447757050352635,0.46,0.47,1151.86,45.89,0.01,0.53,0.54,45.89,1151.86,0.01,0.465,0.535,0.038314,0.961686,66003.75
1774829310031,2026-03-30T00:08:30.031,btc-updown-15m-1774828800,1774829700,Down,101568968249334109841172910982417291807547954045954580268278800158435602610765,55509577823317260827288263848773842817483250717111942605040287447757050352635,0.48,0.5,1286.3,205.0,0.02,0.5,0.52,205.0,1286.3,0.02,0.49,0.51,0.137464,0.862536,66010.34
1774829311032,2026-03-30T00:08:31.032,btc-updown-15m-1774828800,1774829700,Down,101568968249334109841172910982417291807547954045954580268278800158435602610765,55509577823317260827288263848773842817483250717111942605040287447757050352635,0.48,0.5,24.04,467.67,0.02,0.5,0.52,467.67,24.04,0.02,0.49,0.51,0.951109,0.048891,66010.34
1774829312032,2026-03-30T00:08:32.032,btc-updown-15m-1774828800,1774829700,Down,101568968249334109841172910982417291807547954045954580268278800158435602610765,55509577823317260827288263848773842817483250717111942605040287447757050352635,0.47,0.48,851.6,10.0,0.01,0.52,0.53,10.0,851.6,0.01,0.475,0.525,0.011606,0.988394,66010.34
1774829313033,2026-03-30T00:08:33.033,btc-updown-15m-1774828800,1774829700,Down,101568968249334109841172910982417291807547954045954580268278800158435602610765,55509577823317260827288263848773842817483250717111942605040287447757050352635,0.47,0.48,851.6,10.0,0.01,0.52,0.53,10.0,851.6,0.01,0.475,0.525,0.011606,0.988394,66010.34
1774829314035,2026-03-30T00:08:34.035,btc-updown-15m-1774828800,1774829700,Down,101568968249334109841172910982417291807547954045954580268278800158435602610765,55509577823317260827288263848773842817483250717111942605040287447757050352635,0.48,0.49,5.0,76.23,0.01,0.51,0.52,76.23,5.0,0.01,0.485,0.515,0.938446,0.061554,66010.34
1774829315035,2026-03-30T00:08:35.035,btc-updown-15m-1774828800,1774829700,Down,101568968249334109841172910982417291807547954045954580268278800158435602610765,55509577823317260827288263848773842817483250717111942605040287447757050352635,0.48,0.49,7.41,64.03,0.01,0.51,0.52,64.03,7.41,0.01,0.485,0.515,0.896277,0.103723,66010.34
1774829316036,2026-03-30T00:08:36.036,btc-updown-15m-1774828800,1774829700,Down,101568968249334109841172910982417291807547954045954580268278800158435602610765,55509577823317260827288263848773842817483250717111942605040287447757050352635,0.43,0.44,113.0,98.65,0.01,0.56,0.57,98.65,113.0,0.01,0.435,0.565,0.4661,0.5339,66004.63
1774829317036,2026-03-30T00:08:37.036,btc-updown-15m-1774828800,1774829700,Down,101568968249334109841172910982417291807547954045954580268278800158435602610765,55509577823317260827288263848773842817483250717111942605040287447757050352635,0.41,0.42,75.0,2.0,0.01,0.58,0.59,2.0,75.0,0.01,0.415,0.585,0.025974,0.974026,66004.63
1774829318039,2026-03-30T00:08:38.039,btc-updown-15m-1774828800,1774829700,Down,101568968249334109841172910982417291807547954045954580268278800158435602610765,55509577823317260827288263848773842817483250717111942605040287447757050352635,0.41,0.42,90.6,392.0,0.01,0.58,0.59,392.0,90.6,0.01,0.415,0.585,0.812267,0.187733,66004.63
1774829319039,2026-03-30T00:08:39.039,btc-updown-15m-1774828800,1774829700,Down,101568968249334109841172910982417291807547954045954580268278800158435602610765,55509577823317260827288263848773842817483250717111942605040287447757050352635,0.35,0.37,33.0,1549.0,0.02,0.63,0.65,1549.0,33.0,0.02,0.36,0.64,0.97914,0.02086,65981.98
1774829320040,2026-03-30T00:08:40.040,btc-updown-15m-1774828800,1774829700,Down,101568968249334109841172910982417291807547954045954580268278800158435602610765,55509577823317260827288263848773842817483250717111942605040287447757050352635,0.35,0.38,285.5,190.0,0.03,0.62,0.65,190.0,285.5,0.03,0.365,0.635,0.399579,0.600421,65981.98
1774829321040,2026-03-30T00:08:41.040,btc-updown-15m-1774828800,1774829700,Down,101568968249334109841172910982417291807547954045954580268278800158435602610765,55509577823317260827288263848773842817483250717111942605040287447757050352635,0.36,0.37,61.68,165.0,0.01,0.63,0.64,165.0,61.68,0.01,0.365,0.635,0.727898,0.272102,65981.98
1774829322040,2026-03-30T00:08:42.040,btc-updown-15m-1774828800,1774829700,Down,101568968249334109841172910982417291807547954045954580268278800158435602610765,55509577823317260827288263848773842817483250717111942605040287447757050352635,0.35,0.36,136.4,230.0,0.01,0.64,0.65,230.0,136.4,0.01,0.355,0.645,0.627729,0.372271,65981.96
1774829323041,2026-03-30T00:08:43.041,btc-updown-15m-1774828800,1774829700,Down,101568968249334109841172910982417291807547954045954580268278800158435602610765,55509577823317260827288263848773842817483250717111942605040287447757050352635,0.35,0.36,136.4,230.0,0.01,0.64,0.65,230.0,136.4,0.01,0.355,0.645,0.627729,0.372271,65981.96
1774829324042,2026-03-30T00:08:44.042,btc-updown-15m-1774828800,1774829700,Down,101568968249334109841172910982417291807547954045954580268278800158435602610765,55509577823317260827288263848773842817483250717111942605040287447757050352635,0.33,0.36,1520.66,189.0,0.03,0.64,0.67,189.0,1520.66,0.03,0.345,0.655,0.110548,0.889452,65981.96
1774829325043,2026-03-30T00:08:45.043,btc-updown-15m-1774828800,1774829700,Down,101568968249334109841172910982417291807547954045954580268278800158435602610765,55509577823317260827288263848773842817483250717111942605040287447757050352635,0.33,0.34,67.58,256.5,0.01,0.66,0.67,256.5,67.58,0.01,0.335,0.665,0.791471,0.208529,65978.0
1774829326044,2026-03-30T00:08:46.044,btc-updown-15m-1774828800,1774829700,Down,101568968249334109841172910982417291807547954045954580268278800158435602610765,55509577823317260827288263848773842817483250717111942605040287447757050352635,0.33,0.34,42.58,242.5,0.01,0.66,0.67,242.5,42.58,0.01,0.335,0.665,0.850638,0.149362,65978.0
1774829327045,2026-03-30T00:08:47.045,btc-updown-15m-1774828800,1774829700,Down,101568968249334109841172910982417291807547954045954580268278800158435602610765,55509577823317260827288263848773842817483250717111942605040287447757050352635,0.33,0.34,36.69,242.5,0.01,0.66,0.67,242.5,36.69,0.01,0.335,0.665,0.868584,0.131416,65978.0
1774829328045,2026-03-30T00:08:48.045,btc-updown-15m-1774828800,1774829700,Down,101568968249334109841172910982417291807547954045954580268278800158435602610765,55509577823317260827288263848773842817483250717111942605040287447757050352635,0.28,0.29,377.39,213.38,0.01,0.71,0.72,213.38,377.39,0.01,0.285,0.715,0.36119,0.63881,65952.93
1774829329046,2026-03-30T00:08:49.046,btc-updown-15m-1774828800,1774829700,Down,101568968249334109841172910982417291807547954045954580268278800158435602610765,55509577823317260827288263848773842817483250717111942605040287447757050352635,0.22,0.23,20.0,169.0,0.01,0.77,0.78,169.0,20.0,0.01,0.225,0.775,0.89418,0.10582,65952.93
1774829330046,2026-03-30T00:08:50.046,btc-updown-15m-1774828800,1774829700,Down,101568968249334109841172910982417291807547954045954580268278800158435602610765,55509577823317260827288263848773842817483250717111942605040287447757050352635,0.19,0.2,195.5,245.24,0.01,0.8,0.81,245.24,195.5,0.01,0.195,0.805,0.556428,0.443572,65952.93
1774829331047,2026-03-30T00:08:51.047,btc-updown-15m-1774828800,1774829700,Down,101568968249334109841172910982417291807547954045954580268278800158435602610765,55509577823317260827288263848773842817483250717111942605040287447757050352635,0.19,0.2,62.8,218.18,0.01,0.8,0.81,218.18,62.8,0.01,0.195,0.805,0.776497,0.223503,65930.68
1774829332048,2026-03-30T00:08:52.048,btc-updown-15m-1774828800,1774829700,Down,101568968249334109841172910982417291807547954045954580268278800158435602610765,55509577823317260827288263848773842817483250717111942605040287447757050352635,0.19,0.2,0.24,52.77,0.01,0.8,0.81,52.77,0.24,0.01,0.195,0.805,0.995473,0.004527,65930.68
1774829333048,2026-03-30T00:08:53.048,btc-updown-15m-1774828800,1774829700,Down,101568968249334109841172910982417291807547954045954580268278800158435602610765,55509577823317260827288263848773842817483250717111942605040287447757050352635,0.16,0.17,147.0,1196.16,0.01,0.83,0.84,1196.16,147.0,0.01,0.165,0.835,0.890557,0.109443,65930.68
1774829334049,2026-03-30T00:08:54.049,btc-updown-15m-1774828800,1774829700,Down,101568968249334109841172910982417291807547954045954580268278800158435602610765,55509577823317260827288263848773842817483250717111942605040287447757050352635,0.16,0.17,111.55,984.22,0.01,0.83,0.84,984.22,111.55,0.01,0.165,0.835,0.898199,0.101801,65919.35
1774829335050,2026-03-30T00:08:55.050,btc-updown-15m-1774828800,1774829700,Down,101568968249334109841172910982417291807547954045954580268278800158435602610765,55509577823317260827288263848773842817483250717111942605040287447757050352635,0.16,0.17,111.55,984.22,0.01,0.83,0.84,984.22,111.55,0.01,0.165,0.835,0.898199,0.101801,65919.35
1774829336051,2026-03-30T00:08:56.051,btc-updown-15m-1774828800,1774829700,Down,101568968249334109841172910982417291807547954045954580268278800158435602610765,55509577823317260827288263848773842817483250717111942605040287447757050352635,0.15,0.16,113.43,631.24,0.01,0.84,0.85,631.24,113.43,0.01,0.155,0.845,0.847677,0.152323,65919.35
1774829337051,2026-03-30T00:08:57.051,btc-updown-15m-1774828800,1774829700,Down,101568968249334109841172910982417291807547954045954580268278800158435602610765,55509577823317260827288263848773842817483250717111942605040287447757050352635,0.13,0.14,20.0,1112.26,0.01,0.86,0.87,1112.26,20.0,0.01,0.135,0.865,0.982336,0.017664,65892.55
1774829338051,2026-03-30T00:08:58.051,btc-updown-15m-1774828800,1774829700,Down,101568968249334109841172910982417291807547954045954580268278800158435602610765,55509577823317260827288263848773842817483250717111942605040287447757050352635,0.11,0.12,56.0,1107.4,0.01,0.88,0.89,1107.4,56.0,0.01,0.115,0.885,0.951865,0.048135,65892.55
1774829339053,2026-03-30T00:08:59.053,btc-updown-15m-1774828800,1774829700,Down,101568968249334109841172910982417291807547954045954580268278800158435602610765,55509577823317260827288263848773842817483250717111942605040287447757050352635,0.11,0.12,412.21,74.0,0.01,0.88,0.89,74.0,412.21,0.01,0.115,0.885,0.152198,0.847802,65892.55
1774829340053,2026-03-30T00:09:00.053,btc-updown-15m-1774828800,1774829700,Down,101568968249334109841172910982417291807547954045954580268278800158435602610765,55509577823317260827288263848773842817483250717111942605040287447757050352635,0.11,0.12,86.21,18.0,0.01,0.88,0.89,18.0,86.21,0.01,0.115,0.885,0.172728,0.827272,65883.09
1774829341053,2026-03-30T00:09:01.053,btc-updown-15m-1774828800,1774829700,Down,101568968249334109841172910982417291807547954045954580268278800158435602610765,55509577823317260827288263848773842817483250717111942605040287447757050352635,0.09,0.1,101.24,1050.0,0.01,0.9,0.91,1050.0,101.24,0.01,0.095,0.905,0.91206,0.08794,65883.09
1774829342054,2026-03-30T00:09:02.054,btc-updown-15m-1774828800,1774829700,Down,101568968249334109841172910982417291807547954045954580268278800158435602610765,55509577823317260827288263848773842817483250717111942605040287447757050352635,0.09,0.1,83.24,1013.99,0.01,0.9,0.91,1013.99,83.24,0.01,0.095,0.905,0.924136,0.075864,65883.09
1774829343055,2026-03-30T00:09:03.055,btc-updown-15m-1774828800,1774829700,Down,101568968249334109841172910982417291807547954045954580268278800158435602610765,55509577823317260827288263848773842817483250717111942605040287447757050352635,0.1,0.11,15.0,1642.22,0.01,0.89,0.9,1642.22,15.0,0.01,0.105,0.895,0.990949,0.009051,65878.96
1774829344055,2026-03-30T00:09:04.055,btc-updown-15m-1774828800,1774829700,Down,101568968249334109841172910982417291807547954045954580268278800158435602610765,55509577823317260827288263848773842817483250717111942605040287447757050352635,0.1,0.12,215.76,1016.0,0.02,0.88,0.9,1016.0,215.76,0.02,0.11,0.89,0.824836,0.175164,65878.96
1774829345055,2026-03-30T00:09:05.055,btc-updown-15m-1774828800,1774829700,Down,101568968249334109841172910982417291807547954045954580268278800158435602610765,55509577823317260827288263848773842817483250717111942605040287447757050352635,0.07,0.08,69.01,92.0,0.01,0.92,0.93,92.0,69.01,0.01,0.075,0.925,0.571393,0.428607,65878.96
1774829346056,2026-03-30T00:09:06.056,btc-updown-15m-1774828800,1774829700,Down,101568968249334109841172910982417291807547954045954580268278800158435602610765,55509577823317260827288263848773842817483250717111942605040287447757050352635,0.08,0.09,97.21,11.57,0.01,0.91,0.92,11.57,97.21,0.01,0.085,0.915,0.106361,0.893639,65850.02
1774829347058,2026-03-30T00:09:07.058,btc-updown-15m-1774828800,1774829700,Down,101568968249334109841172910982417291807547954045954580268278800158435602610765,55509577823317260827288263848773842817483250717111942605040287447757050352635,0.08,0.09,97.21,11.57,0.01,0.91,0.92,11.57,97.21,0.01,0.085,0.915,0.106361,0.893639,65850.02
1774829348059,2026-03-30T00:09:08.059,btc-updown-15m-1774828800,1774829700,Down,101568968249334109841172910982417291807547954045954580268278800158435602610765,55509577823317260827288263848773842817483250717111942605040287447757050352635,0.08,0.09,108.21,20.64,0.01,0.91,0.92,20.64,108.21,0.01,0.085,0.915,0.160186,0.839814,65850.02
1774829349059,2026-03-30T00:09:09.059,btc-updown-15m-1774828800,1774829700,Down,101568968249334109841172910982417291807547954045954580268278800158435602610765,55509577823317260827288263848773842817483250717111942605040287447757050352635,0.09,0.1,55.0,28.0,0.01,0.9,0.91,28.0,55.0,0.01,0.095,0.905,0.337349,0.662651,65858.69
1774829350060,2026-03-30T00:09:10.060,btc-updown-15m-1774828800,1774829700,Down,101568968249334109841172910982417291807547954045954580268278800158435602610765,55509577823317260827288263848773842817483250717111942605040287447757050352635,0.09,0.1,180.52,54.9,0.01,0.9,0.91,54.9,180.52,0.01,0.095,0.905,0.2332,0.7668,65858.69
1774829351061,2026-03-30T00:09:11.061,btc-updown-15m-1774828800,1774829700,Down,101568968249334109841172910982417291807547954045954580268278800158435602610765,55509577823317260827288263848773842817483250717111942605040287447757050352635,0.13,0.14,480.01,60.0,0.01,0.86,0.87,60.0,480.01,0.01,0.135,0.865,0.111109,0.888891,65858.69
1774829352061,2026-03-30T00:09:12.061,btc-updown-15m-1774828800,1774829700,Down,101568968249334109841172910982417291807547954045954580268278800158435602610765,55509577823317260827288263848773842817483250717111942605040287447757050352635,0.13,0.14,377.7,63.0,0.01,0.86,0.87,63.0,377.7,0.01,0.135,0.865,0.142954,0.857046,65895.71
1774829353063,2026-03-30T00:09:13.063,btc-updown-15m-1774828800,1774829700,Down,101568968249334109841172910982417291807547954045954580268278800158435602610765,55509577823317260827288263848773842817483250717111942605040287447757050352635,0.13,0.14,507.7,66.74,0.01,0.86,0.87,66.74,507.7,0.01,0.135,0.865,0.116183,0.883817,65895.71
1774829354064,2026-03-30T00:09:14.064,btc-updown-15m-1774828800,1774829700,Down,101568968249334109841172910982417291807547954045954580268278800158435602610765,55509577823317260827288263848773842817483250717111942605040287447757050352635,0.12,0.13,280.0,41.32,0.01,0.87,0.88,41.32,280.0,0.01,0.125,0.875,0.128595,0.871405,65895.71
1774829355065,2026-03-30T00:09:15.065,btc-updown-15m-1774828800,1774829700,Down,101568968249334109841172910982417291807547954045954580268278800158435602610765,55509577823317260827288263848773842817483250717111942605040287447757050352635,0.12,0.13,636.0,235.96,0.01,0.87,0.88,235.96,636.0,0.01,0.125,0.875,0.270609,0.729391,65890.72
1774829356066,2026-03-30T00:09:16.066,btc-updown-15m-1774828800,1774829700,Down,101568968249334109841172910982417291807547954045954580268278800158435602610765,55509577823317260827288263848773842817483250717111942605040287447757050352635,0.12,0.13,18.23,1732.14,0.01,0.87,0.88,1732.14,18.23,0.01,0.125,0.875,0.989585,0.010415,65890.72
1774829357067,2026-03-30T00:09:17.067,btc-updown-15m-1774828800,1774829700,Down,101568968249334109841172910982417291807547954045954580268278800158435602610765,55509577823317260827288263848773842817483250717111942605040287447757050352635,0.12,0.13,18.23,1732.14,0.01,0.87,0.88,1732.14,18.23,0.01,0.125,0.875,0.989585,0.010415,65890.72
1774829358067,2026-03-30T00:09:18.067,btc-updown-15m-1774828800,1774829700,Down,101568968249334109841172910982417291807547954045954580268278800158435602610765,55509577823317260827288263848773842817483250717111942605040287447757050352635,0.14,0.15,176.78,30.44,0.01,0.85,0.86,30.44,176.78,0.01,0.145,0.855,0.146897,0.853103,65903.58
1774829359067,2026-03-30T00:09:19.067,btc-updown-15m-1774828800,1774829700,Down,101568968249334109841172910982417291807547954045954580268278800158435602610765,55509577823317260827288263848773842817483250717111942605040287447757050352635,0.15,0.17,2.5,201.22,0.02,0.83,0.85,201.22,2.5,0.02,0.16,0.84,0.987728,0.012272,65903.58
1774829360069,2026-03-30T00:09:20.069,btc-updown-15m-1774828800,1774829700,Down,101568968249334109841172910982417291807547954045954580268278800158435602610765,55509577823317260827288263848773842817483250717111942605040287447757050352635,0.18,0.19,355.0,33.77,0.01,0.81,0.82,33.77,355.0,0.01,0.185,0.815,0.086864,0.913136,65903.58
1774829361071,2026-03-30T00:09:21.071,btc-updown-15m-1774828800,1774829700,Down,101568968249334109841172910982417291807547954045954580268278800158435602610765,55509577823317260827288263848773842817483250717111942605040287447757050352635,0.19,0.2,306.7,3.0,0.01,0.8,0.81,3.0,306.7,0.01,0.195,0.805,0.009687,0.990313,65915.48
1774829362071,2026-03-30T00:09:22.071,btc-updown-15m-1774828800,1774829700,Down,101568968249334109841172910982417291807547954045954580268278800158435602610765,55509577823317260827288263848773842817483250717111942605040287447757050352635,0.19,0.2,306.7,3.0,0.01,0.8,0.81,3.0,306.7,0.01,0.195,0.805,0.009687,0.990313,65915.48
1774829363072,2026-03-30T00:09:23.072,btc-updown-15m-1774828800,1774829700,Down,101568968249334109841172910982417291807547954045954580268278800158435602610765,55509577823317260827288263848773842817483250717111942605040287447757050352635,0.19,0.2,306.7,3.0,0.01,0.8,0.81,3.0,306.7,0.01,0.195,0.805,0.009687,0.990313,65915.48
1774829364072,2026-03-30T00:09:24.072,btc-updown-15m-1774828800,1774829700,Down,101568968249334109841172910982417291807547954045954580268278800158435602610765,55509577823317260827288263848773842817483250717111942605040287447757050352635,0.19,0.2,306.7,3.0,0.01,0.8,0.81,3.0,306.7,0.01,0.195,0.805,0.009687,0.990313,65915.48
1774829365073,2026-03-30T00:09:25.073,btc-updown-15m-1774828800,1774829700,Down,101568968249334109841172910982417291807547954045954580268278800158435602610765,55509577823317260827288263848773842817483250717111942605040287447757050352635,0.17,0.19,1504.69,20.0,0.02,0.81,0.83,20.0,1504.69,0.02,0.18,0.82,0.013117,0.986883,65915.48
1774829366073,2026-03-30T00:09:26.073,btc-updown-15m-1774828800,1774829700,Down,101568968249334109841172910982417291807547954045954580268278800158435602610765,55509577823317260827288263848773842817483250717111942605040287447757050352635,0.17,0.18,344.0,35.0,0.01,0.82,0.83,35.0,344.0,0.01,0.175,0.825,0.092348,0.907652,65915.48
1774829367074,2026-03-30T00:09:27.074,btc-updown-15m-1774828800,1774829700,Down,101568968249334109841172910982417291807547954045954580268278800158435602610765,55509577823317260827288263848773842817483250717111942605040287447757050352635,0.14,0.15,40.0,197.67,0.01,0.85,0.86,197.67,40.0,0.01,0.145,0.855,0.831699,0.168301,65908.14
1774829368075,2026-03-30T00:09:28.075,btc-updown-15m-1774828800,1774829700,Down,101568968249334109841172910982417291807547954045954580268278800158435602610765,55509577823317260827288263848773842817483250717111942605040287447757050352635,0.18,0.19,161.21,40.0,0.01,0.81,0.82,40.0,161.21,0.01,0.185,0.815,0.198797,0.801203,65908.14
1774829369075,2026-03-30T00:09:29.075,btc-updown-15m-1774828800,1774829700,Down,101568968249334109841172910982417291807547954045954580268278800158435602610765,55509577823317260827288263848773842817483250717111942605040287447757050352635,0.18,0.19,155.94,67.0,0.01,0.81,0.82,67.0,155.94,0.01,0.185,0.815,0.300529,0.699471,65908.14
1774829370076,2026-03-30T00:09:30.076,btc-updown-15m-1774828800,1774829700,Down,101568968249334109841172910982417291807547954045954580268278800158435602610765,55509577823317260827288263848773842817483250717111942605040287447757050352635,0.18,0.19,155.94,67.0,0.01,0.81,0.82,67.0,155.94,0.01,0.185,0.815,0.300529,0.699471,65915.48
1774829371076,2026-03-30T00:09:31.076,btc-updown-15m-1774828800,1774829700,Down,101568968249334109841172910982417291807547954045954580268278800158435602610765,55509577823317260827288263848773842817483250717111942605040287447757050352635,0.17,0.18,296.0,83.0,0.01,0.82,0.83,123.0,77.5,0.01,0.175,0.825,0.218997,0.386534,65915.48
1774829372077,2026-03-30T00:09:32.077,btc-updown-15m-1774828800,1774829700,Down,101568968249334109841172910982417291807547954045954580268278800158435602610765,55509577823317260827288263848773842817483250717111942605040287447757050352635,0.17,0.18,187.05,38.79,0.01,0.82,0.83,38.79,187.05,0.01,0.175,0.825,0.171759,0.828241,65915.48
1774829373077,2026-03-30T00:09:33.077,btc-updown-15m-1774828800,1774829700,Down,101568968249334109841172910982417291807547954045954580268278800158435602610765,55509577823317260827288263848773842817483250717111942605040287447757050352635,0.19,0.2,39.0,216.0,0.01,0.8,0.81,216.0,39.0,0.01,0.195,0.805,0.847059,0.152941,65915.79
1774829374078,2026-03-30T00:09:34.078,btc-updown-15m-1774828800,1774829700,Down,101568968249334109841172910982417291807547954045954580268278800158435602610765,55509577823317260827288263848773842817483250717111942605040287447757050352635,0.19,0.2,39.0,216.0,0.01,0.8,0.81,216.0,39.0,0.01,0.195,0.805,0.847059,0.152941,65915.79
1774829375079,2026-03-30T00:09:35.079,btc-updown-15m-1774828800,1774829700,Down,101568968249334109841172910982417291807547954045954580268278800158435602610765,55509577823317260827288263848773842817483250717111942605040287447757050352635,0.15,0.16,40.0,209.05,0.01,0.84,0.85,209.05,40.0,0.01,0.155,0.845,0.83939,0.16061,65915.79
1774829376080,2026-03-30T00:09:36.080,btc-updown-15m-1774828800,1774829700,Down,101568968249334109841172910982417291807547954045954580268278800158435602610765,55509577823317260827288263848773842817483250717111942605040287447757050352635,0.13,0.14,260.0,131.33,0.01,0.86,0.87,131.33,260.0,0.01,0.135,0.865,0.335599,0.664401,65898.56
1774829377080,2026-03-30T00:09:37.080,btc-updown-15m-1774828800,1774829700,Down,101568968249334109841172910982417291807547954045954580268278800158435602610765,55509577823317260827288263848773842817483250717111942605040287447757050352635,0.13,0.14,32.89,83.0,0.01,0.86,0.87,83.0,32.89,0.01,0.135,0.865,0.716196,0.283804,65898.56
1774829378082,2026-03-30T00:09:38.082,btc-updown-15m-1774828800,1774829700,Down,101568968249334109841172910982417291807547954045954580268278800158435602610765,55509577823317260827288263848773842817483250717111942605040287447757050352635,0.11,0.13,80.0,297.0,0.02,0.87,0.89,297.0,80.0,0.02,0.12,0.88,0.787798,0.212202,65898.56
1774829379082,2026-03-30T00:09:39.082,btc-updown-15m-1774828800,1774829700,Down,101568968249334109841172910982417291807547954045954580268278800158435602610765,55509577823317260827288263848773842817483250717111942605040287447757050352635,0.12,0.14,20.0,513.0,0.02,0.86,0.88,513.0,20.0,0.02,0.13,0.87,0.962477,0.037523,65897.37
1774829380083,2026-03-30T00:09:40.083,btc-updown-15m-1774828800,1774829700,Down,101568968249334109841172910982417291807547954045954580268278800158435602610765,55509577823317260827288263848773842817483250717111942605040287447757050352635,0.14,0.15,4.0,50.0,0.01,0.85,0.86,50.0,4.0,0.01,0.145,0.855,0.925926,0.074074,65897.37
1774829381083,2026-03-30T00:09:41.083,btc-updown-15m-1774828800,1774829700,Down,101568968249334109841172910982417291807547954045954580268278800158435602610765,55509577823317260827288263848773842817483250717111942605040287447757050352635,0.15,0.16,1227.0,27.0,0.01,0.84,0.85,27.0,1227.0,0.01,0.155,0.845,0.021531,0.978469,65897.37
1774829382084,2026-03-30T00:09:42.084,btc-updown-15m-1774828800,1774829700,Down,101568968249334109841172910982417291807547954045954580268278800158435602610765,55509577823317260827288263848773842817483250717111942605040287447757050352635,0.12,0.13,29.0,214.0,0.01,0.87,0.88,214.0,29.0,0.01,0.125,0.875,0.880658,0.119342,65897.37
1774829383084,2026-03-30T00:09:43.084,btc-updown-15m-1774828800,1774829700,Down,101568968249334109841172910982417291807547954045954580268278800158435602610765,55509577823317260827288263848773842817483250717111942605040287447757050352635,0.11,0.13,314.0,221.0,0.02,0.87,0.89,221.0,314.0,0.02,0.12,0.88,0.413084,0.586916,65897.37
1774829384085,2026-03-30T00:09:44.085,btc-updown-15m-1774828800,1774829700,Down,101568968249334109841172910982417291807547954045954580268278800158435602610765,55509577823317260827288263848773842817483250717111942605040287447757050352635,0.13,0.15,237.49,72.85,0.02,0.85,0.87,72.85,237.49,0.02,0.14,0.86,0.234743,0.765257,65897.37
1774829385085,2026-03-30T00:09:45.085,btc-updown-15m-1774828800,1774829700,Down,101568968249334109841172910982417291807547954045954580268278800158435602610765,55509577823317260827288263848773842817483250717111942605040287447757050352635,0.13,0.15,237.49,72.85,0.02,0.85,0.87,72.85,237.49,0.02,0.14,0.86,0.234743,0.765257,65903.05
1774829386086,2026-03-30T00:09:46.086,btc-updown-15m-1774828800,1774829700,Down,101568968249334109841172910982417291807547954045954580268278800158435602610765,55509577823317260827288263848773842817483250717111942605040287447757050352635,0.15,0.16,10.0,128.94,0.01,0.84,0.85,128.94,10.0,0.01,0.155,0.845,0.928026,0.071974,65903.05
1774829387086,2026-03-30T00:09:47.086,btc-updown-15m-1774828800,1774829700,Down,101568968249334109841172910982417291807547954045954580268278800158435602610765,55509577823317260827288263848773842817483250717111942605040287447757050352635,0.15,0.16,10.0,128.94,0.01,0.84,0.85,128.94,10.0,0.01,0.155,0.845,0.928026,0.071974,65903.05
1774829388087,2026-03-30T00:09:48.087,btc-updown-15m-1774828800,1774829700,Down,101568968249334109841172910982417291807547954045954580268278800158435602610765,55509577823317260827288263848773842817483250717111942605040287447757050352635,0.15,0.16,10.0,37.06,0.01,0.84,0.85,37.06,10.0,0.01,0.155,0.845,0.787505,0.212495,65905.12
1774829389088,2026-03-30T00:09:49.088,btc-updown-15m-1774828800,1774829700,Down,101568968249334109841172910982417291807547954045954580268278800158435602610765,55509577823317260827288263848773842817483250717111942605040287447757050352635,0.15,0.16,10.0,37.06,0.01,0.84,0.85,37.06,10.0,0.01,0.155,0.845,0.787505,0.212495,65905.12
1774829390088,2026-03-30T00:09:50.088,btc-updown-15m-1774828800,1774829700,Down,101568968249334109841172910982417291807547954045954580268278800158435602610765,55509577823317260827288263848773842817483250717111942605040287447757050352635,0.15,0.16,10.0,37.06,0.01,0.84,0.85,37.06,10.0,0.01,0.155,0.845,0.787505,0.212495,65905.12
1774829391089,2026-03-30T00:09:51.089,btc-updown-15m-1774828800,1774829700,Down,101568968249334109841172910982417291807547954045954580268278800158435602610765,55509577823317260827288263848773842817483250717111942605040287447757050352635,0.14,0.15,170.0,19.0,0.01,0.85,0.86,19.0,170.0,0.01,0.145,0.855,0.100529,0.899471,65905.99
1774829392089,2026-03-30T00:09:52.089,btc-updown-15m-1774828800,1774829700,Down,101568968249334109841172910982417291807547954045954580268278800158435602610765,55509577823317260827288263848773842817483250717111942605040287447757050352635,0.1,0.12,1080.0,165.0,0.02,0.88,0.9,165.0,1080.0,0.02,0.11,0.89,0.13253,0.86747,65905.99
1774829393090,2026-03-30T00:09:53.090,btc-updown-15m-1774828800,1774829700,Down,101568968249334109841172910982417291807547954045954580268278800158435602610765,55509577823317260827288263848773842817483250717111942605040287447757050352635,0.09,0.1,85.0,61.81,0.01,0.9,0.91,61.81,85.0,0.01,0.095,0.905,0.42102,0.57898,65905.99
1774829394090,2026-03-30T00:09:54.090,btc-updown-15m-1774828800,1774829700,Down,101568968249334109841172910982417291807547954045954580268278800158435602610765,55509577823317260827288263848773842817483250717111942605040287447757050352635,0.09,0.1,15.0,35.0,0.01,0.9,0.91,35.0,15.0,0.01,0.095,0.905,0.7,0.3,65883.27
1774829395091,2026-03-30T00:09:55.091,btc-updown-15m-1774828800,1774829700,Down,101568968249334109841172910982417291807547954045954580268278800158435602610765,55509577823317260827288263848773842817483250717111942605040287447757050352635,0.09,0.11,136.5,48.0,0.02,0.89,0.91,48.0,136.5,0.02,0.1,0.9,0.260163,0.739837,65883.27
1774829396093,2026-03-30T00:09:56.093,btc-updown-15m-1774828800,1774829700,Down,101568968249334109841172910982417291807547954045954580268278800158435602610765,55509577823317260827288263848773842817483250717111942605040287447757050352635,0.08,0.09,120.0,30.64,0.01,0.91,0.92,30.64,120.0,0.01,0.085,0.915,0.203399,0.796601,65883.27
1774829397093,2026-03-30T00:09:57.093,btc-updown-15m-1774828800,1774829700,Down,101568968249334109841172910982417291807547954045954580268278800158435602610765,55509577823317260827288263848773842817483250717111942605040287447757050352635,0.08,0.09,50.0,383.65,0.01,0.91,0.92,383.65,50.0,0.01,0.085,0.915,0.8847,0.1153,65880.72
1774829398094,2026-03-30T00:09:58.094,btc-updown-15m-1774828800,1774829700,Down,101568968249334109841172910982417291807547954045954580268278800158435602610765,55509577823317260827288263848773842817483250717111942605040287447757050352635,0.1,0.11,147.5,170.7,0.01,0.89,0.9,170.7,147.5,0.01,0.105,0.895,0.536455,0.463545,65880.72
1774829399096,2026-03-30T00:09:59.096,btc-updown-15m-1774828800,1774829700,Down,101568968249334109841172910982417291807547954045954580268278800158435602610765,55509577823317260827288263848773842817483250717111942605040287447757050352635,0.08,0.09,80.0,8.0,0.01,0.91,0.92,8.0,80.0,0.01,0.085,0.915,0.090909,0.909091,65880.72
1774829400096,2026-03-30T00:10:00.096,btc-updown-15m-1774828800,1774829700,Down,101568968249334109841172910982417291807547954045954580268278800158435602610765,55509577823317260827288263848773842817483250717111942605040287447757050352635,0.08,0.1,33.0,217.77,0.02,0.9,0.92,217.77,33.0,0.02,0.09,0.91,0.868405,0.131595,65878.06
1774829401097,2026-03-30T00:10:01.097,btc-updown-15m-1774828800,1774829700,Down,101568968249334109841172910982417291807547954045954580268278800158435602610765,55509577823317260827288263848773842817483250717111942605040287447757050352635,0.08,0.09,8.78,353.33,0.01,0.91,0.92,121.2,23.78,0.01,0.085,0.915,0.975753,0.164023,65878.06
1774829402097,2026-03-30T00:10:02.097,btc-updown-15m-1774828800,1774829700,Down,101568968249334109841172910982417291807547954045954580268278800158435602610765,55509577823317260827288263848773842817483250717111942605040287447757050352635,0.09,0.1,15.0,56.97,0.01,0.9,0.91,56.97,15.0,0.01,0.095,0.905,0.79158,0.20842,65878.06
1774829403098,2026-03-30T00:10:03.098,btc-updown-15m-1774828800,1774829700,Down,101568968249334109841172910982417291807547954045954580268278800158435602610765,55509577823317260827288263848773842817483250717111942605040287447757050352635,0.09,0.1,52.5,52.56,0.01,0.9,0.91,52.56,52.5,0.01,0.095,0.905,0.500286,0.499714,65869.42
1774829404098,2026-03-30T00:10:04.098,btc-updown-15m-1774828800,1774829700,Down,101568968249334109841172910982417291807547954045954580268278800158435602610765,55509577823317260827288263848773842817483250717111942605040287447757050352635,0.06,0.08,65.08,323.27,0.02,0.92,0.94,323.27,65.08,0.02,0.07,0.93,0.832419,0.167581,65869.42
1774829405099,2026-03-30T00:10:05.099,btc-updown-15m-1774828800,1774829700,Down,101568968249334109841172910982417291807547954045954580268278800158435602610765,55509577823317260827288263848773842817483250717111942605040287447757050352635,0.06,0.07,151.87,435.12,0.01,0.93,0.94,435.12,151.87,0.01,0.065,0.935,0.741273,0.258727,65869.42
1774829406100,2026-03-30T00:10:06.100,btc-updown-15m-1774828800,1774829700,Down,101568968249334109841172910982417291807547954045954580268278800158435602610765,55509577823317260827288263848773842817483250717111942605040287447757050352635,0.09,0.1,94.5,96.0,0.01,0.9,0.91,96.0,94.5,0.01,0.095,0.905,0.503937,0.496063,65874.79
1774829407100,2026-03-30T00:10:07.100,btc-updown-15m-1774828800,1774829700,Down,101568968249334109841172910982417291807547954045954580268278800158435602610765,55509577823317260827288263848773842817483250717111942605040287447757050352635,0.09,0.1,139.5,75.0,0.01,0.9,0.91,75.0,139.5,0.01,0.095,0.905,0.34965,0.65035,65874.79
1774829408101,2026-03-30T00:10:08.101,btc-updown-15m-1774828800,1774829700,Down,101568968249334109841172910982417291807547954045954580268278800158435602610765,55509577823317260827288263848773842817483250717111942605040287447757050352635,0.09,0.1,159.5,50.75,0.01,0.9,0.91,50.75,159.5,0.01,0.095,0.905,0.241379,0.758621,65874.79
1774829409102,2026-03-30T00:10:09.102,btc-updown-15m-1774828800,1774829700,Down,101568968249334109841172910982417291807547954045954580268278800158435602610765,55509577823317260827288263848773842817483250717111942605040287447757050352635,0.09,0.1,114.5,65.25,0.01,0.9,0.91,65.25,114.5,0.01,0.095,0.905,0.363004,0.636996,65874.79
1774829410103,2026-03-30T00:10:10.103,btc-updown-15m-1774828800,1774829700,Down,101568968249334109841172910982417291807547954045954580268278800158435602610765,55509577823317260827288263848773842817483250717111942605040287447757050352635,0.08,0.09,39.88,20.0,0.01,0.91,0.92,20.0,39.88,0.01,0.085,0.915,0.334001,0.665999,65874.79
1774829411104,2026-03-30T00:10:11.104,btc-updown-15m-1774828800,1774829700,Down,101568968249334109841172910982417291807547954045954580268278800158435602610765,55509577823317260827288263848773842817483250717111942605040287447757050352635,0.07,0.09,14.0,291.92,0.02,0.91,0.93,291.92,14.0,0.02,0.08,0.92,0.954236,0.045764,65874.79
1774829412105,2026-03-30T00:10:12.105,btc-updown-15m-1774828800,1774829700,Down,101568968249334109841172910982417291807547954045954580268278800158435602610765,55509577823317260827288263848773842817483250717111942605040287447757050352635,0.07,0.09,20.0,312.39,0.02,0.91,0.93,312.39,20.0,0.02,0.08,0.92,0.93983,0.06017,65875.3
1774829413105,2026-03-30T00:10:13.105,btc-updown-15m-1774828800,1774829700,Down,101568968249334109841172910982417291807547954045954580268278800158435602610765,55509577823317260827288263848773842817483250717111942605040287447757050352635,0.07,0.09,30.18,312.39,0.02,0.91,0.93,312.39,30.18,0.02,0.08,0.92,0.911901,0.088099,65875.3
1774829414106,2026-03-30T00:10:14.106,btc-updown-15m-1774828800,1774829700,Down,101568968249334109841172910982417291807547954045954580268278800158435602610765,55509577823317260827288263848773842817483250717111942605040287447757050352635,0.1,0.13,1392.0,402.0,0.03,0.87,0.9,402.0,1392.0,0.03,0.115,0.885,0.22408,0.77592,65875.3
1774829415106,2026-03-30T00:10:15.106,btc-updown-15m-1774828800,1774829700,Down,101568968249334109841172910982417291807547954045954580268278800158435602610765,55509577823317260827288263848773842817483250717111942605040287447757050352635,0.1,0.12,270.5,135.0,0.02,0.88,0.9,135.0,270.5,0.02,0.11,0.89,0.332922,0.667078,65893.25
1774829416107,2026-03-30T00:10:16.107,btc-updown-15m-1774828800,1774829700,Down,101568968249334109841172910982417291807547954045954580268278800158435602610765,55509577823317260827288263848773842817483250717111942605040287447757050352635,0.1,0.12,270.5,135.0,0.02,0.88,0.9,135.0,270.5,0.02,0.11,0.89,0.332922,0.667078,65893.25
1774829417107,2026-03-30T00:10:17.107,btc-updown-15m-1774828800,1774829700,Down,101568968249334109841172910982417291807547954045954580268278800158435602610765,55509577823317260827288263848773842817483250717111942605040287447757050352635,0.09,0.11,267.5,111.0,0.02,0.89,0.91,111.0,267.5,0.02,0.1,0.9,0.293263,0.706737,65893.25
1774829418108,2026-03-30T00:10:18.108,btc-updown-15m-1774828800,1774829700,Down,101568968249334109841172910982417291807547954045954580268278800158435602610765,55509577823317260827288263848773842817483250717111942605040287447757050352635,0.08,0.1,139.0,419.0,0.02,0.9,0.92,419.0,139.0,0.02,0.09,0.91,0.750896,0.249104,65890.86
1774829419110,2026-03-30T00:10:19.110,btc-updown-15m-1774828800,1774829700,Down,101568968249334109841172910982417291807547954045954580268278800158435602610765,55509577823317260827288263848773842817483250717111942605040287447757050352635,0.08,0.1,139.0,419.0,0.02,0.9,0.92,419.0,139.0,0.02,0.09,0.91,0.750896,0.249104,65890.86
1774829420110,2026-03-30T00:10:20.110,btc-updown-15m-1774828800,1774829700,Down,101568968249334109841172910982417291807547954045954580268278800158435602610765,55509577823317260827288263848773842817483250717111942605040287447757050352635,0.08,0.1,77.0,269.47,0.02,0.9,0.92,269.47,77.0,0.02,0.09,0.91,0.777759,0.222241,65890.86
1774829421110,2026-03-30T00:10:21.110,btc-updown-15m-1774828800,1774829700,Down,101568968249334109841172910982417291807547954045954580268278800158435602610765,55509577823317260827288263848773842817483250717111942605040287447757050352635,0.1,0.11,129.0,48.0,0.01,0.89,0.9,48.0,129.0,0.01,0.105,0.895,0.271186,0.728814,65893.47
1774829422111,2026-03-30T00:10:22.111,btc-updown-15m-1774828800,1774829700,Down,101568968249334109841172910982417291807547954045954580268278800158435602610765,55509577823317260827288263848773842817483250717111942605040287447757050352635,0.11,0.12,32.25,20.0,0.01,0.88,0.89,20.0,32.25,0.01,0.115,0.885,0.382775,0.617225,65893.47
1774829423112,2026-03-30T00:10:23.112,btc-updown-15m-1774828800,1774829700,Down,101568968249334109841172910982417291807547954045954580268278800158435602610765,55509577823317260827288263848773842817483250717111942605040287447757050352635,0.11,0.12,32.25,20.0,0.01,0.88,0.89,20.0,32.25,0.01,0.115,0.885,0.382775,0.617225,65893.47
1774829424112,2026-03-30T00:10:24.112,btc-updown-15m-1774828800,1774829700,Down,101568968249334109841172910982417291807547954045954580268278800158435602610765,55509577823317260827288263848773842817483250717111942605040287447757050352635,0.09,0.1,61.0,10.01,0.01,0.9,0.91,10.01,61.0,0.01,0.095,0.905,0.140966,0.859034,65888.86
1774829425113,2026-03-30T00:10:25.113,btc-updown-15m-1774828800,1774829700,Down,101568968249334109841172910982417291807547954045954580268278800158435602610765,55509577823317260827288263848773842817483250717111942605040287447757050352635,0.09,0.1,61.0,10.01,0.01,0.9,0.91,10.01,61.0,0.01,0.095,0.905,0.140966,0.859034,65888.86
1774829426114,2026-03-30T00:10:26.114,btc-updown-15m-1774828800,1774829700,Down,101568968249334109841172910982417291807547954045954580268278800158435602610765,55509577823317260827288263848773842817483250717111942605040287447757050352635,0.06,0.07,16.46,466.0,0.01,0.93,0.94,466.0,16.46,0.01,0.065,0.935,0.965883,0.034117,65888.86
1774829427115,2026-03-30T00:10:27.115,btc-updown-15m-1774828800,1774829700,Down,101568968249334109841172910982417291807547954045954580268278800158435602610765,55509577823317260827288263848773842817483250717111942605040287447757050352635,0.06,0.07,40.0,474.72,0.01,0.93,0.94,474.72,40.0,0.01,0.065,0.935,0.922288,0.077712,65876.38
1774829428115,2026-03-30T00:10:28.115,btc-updown-15m-1774828800,1774829700,Down,101568968249334109841172910982417291807547954045954580268278800158435602610765,55509577823317260827288263848773842817483250717111942605040287447757050352635,0.06,0.07,47.24,371.72,0.01,0.93,0.94,371.72,47.24,0.01,0.065,0.935,0.887245,0.112755,65876.38
1774829429115,2026-03-30T00:10:29.115,btc-updown-15m-1774828800,1774829700,Down,101568968249334109841172910982417291807547954045954580268278800158435602610765,55509577823317260827288263848773842817483250717111942605040287447757050352635,0.06,0.08,64.0,444.02,0.02,0.92,0.94,444.02,64.0,0.02,0.07,0.93,0.874021,0.125979,65876.38
1774829430117,2026-03-30T00:10:30.117,btc-updown-15m-1774828800,1774829700,Down,101568968249334109841172910982417291807547954045954580268278800158435602610765,55509577823317260827288263848773842817483250717111942605040287447757050352635,0.06,0.07,15.0,362.88,0.01,0.93,0.94,362.88,15.0,0.01,0.065,0.935,0.960305,0.039695,65880.41
1774829431118,2026-03-30T00:10:31.118,btc-updown-15m-1774828800,1774829700,Down,101568968249334109841172910982417291807547954045954580268278800158435602610765,55509577823317260827288263848773842817483250717111942605040287447757050352635,0.07,0.08,30.0,79.62,0.01,0.92,0.93,79.62,30.0,0.01,0.075,0.925,0.726327,0.273673,65880.41
1774829432119,2026-03-30T00:10:32.119,btc-updown-15m-1774828800,1774829700,Down,101568968249334109841172910982417291807547954045954580268278800158435602610765,55509577823317260827288263848773842817483250717111942605040287447757050352635,0.06,0.08,1203.5,204.93,0.02,0.92,0.94,204.93,1203.5,0.02,0.07,0.93,0.145502,0.854498,65880.41
1774829433120,2026-03-30T00:10:33.120,btc-updown-15m-1774828800,1774829700,Down,101568968249334109841172910982417291807547954045954580268278800158435602610765,55509577823317260827288263848773842817483250717111942605040287447757050352635,0.06,0.08,1203.5,204.93,0.02,0.92,0.94,204.93,1203.5,0.02,0.07,0.93,0.145502,0.854498,65873.11
1774829434120,2026-03-30T00:10:34.120,btc-updown-15m-1774828800,1774829700,Down,101568968249334109841172910982417291807547954045954580268278800158435602610765,55509577823317260827288263848773842817483250717111942605040287447757050352635,0.06,0.07,60.0,397.61,0.01,0.93,0.94,397.61,60.0,0.01,0.065,0.935,0.868884,0.131116,65873.11
1774829435121,2026-03-30T00:10:35.121,btc-updown-15m-1774828800,1774829700,Down,101568968249334109841172910982417291807547954045954580268278800158435602610765,55509577823317260827288263848773842817483250717111942605040287447757050352635,0.06,0.07,192.94,292.35,0.01,0.93,0.94,292.35,192.94,0.01,0.065,0.935,0.602423,0.397577,65873.11
1774829436121,2026-03-30T00:10:36.121,btc-updown-15m-1774828800,1774829700,Down,101568968249334109841172910982417291807547954045954580268278800158435602610765,55509577823317260827288263848773842817483250717111942605040287447757050352635,0.06,0.07,228.08,149.13,0.01,0.93,0.94,149.13,228.08,0.01,0.065,0.935,0.39535,0.60465,65873.11
1774829437122,2026-03-30T00:10:37.122,btc-updown-15m-1774828800,1774829700,Down,101568968249334109841172910982417291807547954045954580268278800158435602610765,55509577823317260827288263848773842817483250717111942605040287447757050352635,0.06,0.07,228.08,149.13,0.01,0.93,0.94,149.13,228.08,0.01,0.065,0.935,0.39535,0.60465,65873.11
1774829438122,2026-03-30T00:10:38.122,btc-updown-15m-1774828800,1774829700,Down,101568968249334109841172910982417291807547954045954580268278800158435602610765,55509577823317260827288263848773842817483250717111942605040287447757050352635,0.06,0.07,228.08,149.13,0.01,0.93,0.94,149.13,228.08,0.01,0.065,0.935,0.39535,0.60465,65873.11
1774829439123,2026-03-30T00:10:39.123,btc-updown-15m-1774828800,1774829700,Down,101568968249334109841172910982417291807547954045954580268278800158435602610765,55509577823317260827288263848773842817483250717111942605040287447757050352635,0.06,0.07,112.94,150.25,0.01,0.93,0.94,150.25,112.94,0.01,0.065,0.935,0.57088,0.42912,65873.11
1774829440124,2026-03-30T00:10:40.124,btc-updown-15m-1774828800,1774829700,Down,101568968249334109841172910982417291807547954045954580268278800158435602610765,55509577823317260827288263848773842817483250717111942605040287447757050352635,0.06,0.08,272.76,150.25,0.02,0.92,0.94,150.25,272.76,0.02,0.07,0.93,0.355193,0.644807,65873.11
1774829441124,2026-03-30T00:10:41.124,btc-updown-15m-1774828800,1774829700,Down,101568968249334109841172910982417291807547954045954580268278800158435602610765,55509577823317260827288263848773842817483250717111942605040287447757050352635,0.06,0.08,280.5,161.99,0.02,0.92,0.94,161.99,280.5,0.02,0.07,0.93,0.366087,0.633913,65873.11
1774829442125,2026-03-30T00:10:42.125,btc-updown-15m-1774828800,1774829700,Down,101568968249334109841172910982417291807547954045954580268278800158435602610765,55509577823317260827288263848773842817483250717111942605040287447757050352635,0.06,0.08,280.5,161.99,0.02,0.92,0.94,161.99,280.5,0.02,0.07,0.93,0.366087,0.633913,65873.11
1774829443126,2026-03-30T00:10:43.126,btc-updown-15m-1774828800,1774829700,Down,101568968249334109841172910982417291807547954045954580268278800158435602610765,55509577823317260827288263848773842817483250717111942605040287447757050352635,0.05,0.06,71.0,237.0,0.01,0.94,0.95,237.0,71.0,0.01,0.055,0.945,0.769481,0.230519,65873.11
1774829444127,2026-03-30T00:10:44.127,btc-updown-15m-1774828800,1774829700,Down,101568968249334109841172910982417291807547954045954580268278800158435602610765,55509577823317260827288263848773842817483250717111942605040287447757050352635,0.05,0.06,242.06,234.47,0.01,0.94,0.95,234.47,242.06,0.01,0.055,0.945,0.492036,0.507964,65873.11
1774829445128,2026-03-30T00:10:45.128,btc-updown-15m-1774828800,1774829700,Down,101568968249334109841172910982417291807547954045954580268278800158435602610765,55509577823317260827288263848773842817483250717111942605040287447757050352635,0.04,0.05,30.8,1809.63,0.01,0.95,0.96,1809.63,30.8,0.01,0.045,0.955,0.983265,0.016735,65865.26
1774829446129,2026-03-30T00:10:46.129,btc-updown-15m-1774828800,1774829700,Down,101568968249334109841172910982417291807547954045954580268278800158435602610765,55509577823317260827288263848773842817483250717111942605040287447757050352635,0.04,0.05,30.8,1845.42,0.01,0.95,0.96,1845.42,30.8,0.01,0.045,0.955,0.983584,0.016416,65865.26
1774829447130,2026-03-30T00:10:47.130,btc-updown-15m-1774828800,1774829700,Down,101568968249334109841172910982417291807547954045954580268278800158435602610765,55509577823317260827288263848773842817483250717111942605040287447757050352635,0.04,0.05,39.47,1829.0,0.01,0.95,0.96,1829.0,39.47,0.01,0.045,0.955,0.978876,0.021124,65865.26
1774829448131,2026-03-30T00:10:48.131,btc-updown-15m-1774828800,1774829700,Down,101568968249334109841172910982417291807547954045954580268278800158435602610765,55509577823317260827288263848773842817483250717111942605040287447757050352635,0.04,0.05,64.88,1744.72,0.01,0.95,0.96,1744.72,64.88,0.01,0.045,0.955,0.964147,0.035853,65884.0
1774829449131,2026-03-30T00:10:49.131,btc-updown-15m-1774828800,1774829700,Down,101568968249334109841172910982417291807547954045954580268278800158435602610765,55509577823317260827288263848773842817483250717111942605040287447757050352635,0.07,0.09,230.5,74.62,0.02,0.91,0.93,74.62,230.5,0.02,0.08,0.92,0.24456,0.75544,65884.0
1774829450132,2026-03-30T00:10:50.132,btc-updown-15m-1774828800,1774829700,Down,101568968249334109841172910982417291807547954045954580268278800158435602610765,55509577823317260827288263848773842817483250717111942605040287447757050352635,0.1,0.11,124.3,170.0,0.01,0.89,0.9,170.0,124.3,0.01,0.105,0.895,0.577642,0.422358,65884.0
1774829451133,2026-03-30T00:10:51.133,btc-updown-15m-1774828800,1774829700,Down,101568968249334109841172910982417291807547954045954580268278800158435602610765,55509577823317260827288263848773842817483250717111942605040287447757050352635,0.1,0.12,242.5,180.76,0.02,0.88,0.9,180.76,242.5,0.02,0.11,0.89,0.427066,0.572934,65899.99
1774829452134,2026-03-30T00:10:52.134,btc-updown-15m-1774828800,1774829700,Down,101568968249334109841172910982417291807547954045954580268278800158435602610765,55509577823317260827288263848773842817483250717111942605040287447757050352635,0.11,0.12,289.67,5.16,0.01,0.88,0.89,5.16,289.67,0.01,0.115,0.885,0.017502,0.982498,65899.99
1774829453134,2026-03-30T00:10:53.134,btc-updown-15m-1774828800,1774829700,Down,101568968249334109841172910982417291807547954045954580268278800158435602610765,55509577823317260827288263848773842817483250717111942605040287447757050352635,0.1,0.12,309.67,152.72,0.02,0.88,0.9,152.72,309.67,0.02,0.11,0.89,0.330284,0.669716,65899.99
1774829454135,2026-03-30T00:10:54.135,btc-updown-15m-1774828800,1774829700,Down,101568968249334109841172910982417291807547954045954580268278800158435602610765,55509577823317260827288263848773842817483250717111942605040287447757050352635,0.1,0.12,309.67,152.72,0.02,0.88,0.9,152.72,309.67,0.02,0.11,0.89,0.330284,0.669716,65899.99
1774829455135,2026-03-30T00:10:55.135,btc-updown-15m-1774828800,1774829700,Down,101568968249334109841172910982417291807547954045954580268278800158435602610765,55509577823317260827288263848773842817483250717111942605040287447757050352635,0.12,0.13,262.5,16.36,0.01,0.87,0.88,16.36,262.5,0.01,0.125,0.875,0.058667,0.941333,65899.99
1774829456136,2026-03-30T00:10:56.136,btc-updown-15m-1774828800,1774829700,Down,101568968249334109841172910982417291807547954045954580268278800158435602610765,55509577823317260827288263848773842817483250717111942605040287447757050352635,0.12,0.13,421.5,12.0,0.01,0.87,0.88,12.0,421.5,0.01,0.125,0.875,0.027682,0.972318,65899.99
1774829457136,2026-03-30T00:10:57.136,btc-updown-15m-1774828800,1774829700,Down,101568968249334109841172910982417291807547954045954580268278800158435602610765,55509577823317260827288263848773842817483250717111942605040287447757050352635,0.1,0.11,61.0,202.5,0.01,0.89,0.9,202.5,61.0,0.01,0.105,0.895,0.768501,0.231499,65904.59
1774829458136,2026-03-30T00:10:58.136,btc-updown-15m-1774828800,1774829700,Down,101568968249334109841172910982417291807547954045954580268278800158435602610765,55509577823317260827288263848773842817483250717111942605040287447757050352635,0.1,0.11,61.0,202.5,0.01,0.89,0.9,202.5,61.0,0.01,0.105,0.895,0.768501,0.231499,65904.59
1774829459137,2026-03-30T00:10:59.137,btc-updown-15m-1774828800,1774829700,Down,101568968249334109841172910982417291807547954045954580268278800158435602610765,55509577823317260827288263848773842817483250717111942605040287447757050352635,0.1,0.11,61.0,202.5,0.01,0.89,0.9,202.5,61.0,0.01,0.105,0.895,0.768501,0.231499,65904.59
1774829460138,2026-03-30T00:11:00.138,btc-updown-15m-1774828800,1774829700,Down,101568968249334109841172910982417291807547954045954580268278800158435602610765,55509577823317260827288263848773842817483250717111942605040287447757050352635,0.12,0.13,133.0,99.5,0.01,0.87,0.88,99.5,133.0,0.01,0.125,0.875,0.427957,0.572043,65911.99
1774829461138,2026-03-30T00:11:01.138,btc-updown-15m-1774828800,1774829700,Down,101568968249334109841172910982417291807547954045954580268278800158435602610765,55509577823317260827288263848773842817483250717111942605040287447757050352635,0.1,0.11,20.0,269.14,0.01,0.89,0.9,269.14,20.0,0.01,0.105,0.895,0.930829,0.069171,65911.99
1774829462139,2026-03-30T00:11:02.139,btc-updown-15m-1774828800,1774829700,Down,101568968249334109841172910982417291807547954045954580268278800158435602610765,55509577823317260827288263848773842817483250717111942605040287447757050352635,0.1,0.11,86.0,225.79,0.01,0.89,0.9,225.79,86.0,0.01,0.105,0.895,0.724173,0.275827,65911.99
1774829463140,2026-03-30T00:11:03.140,btc-updown-15m-1774828800,1774829700,Down,101568968249334109841172910982417291807547954045954580268278800158435602610765,55509577823317260827288263848773842817483250717111942605040287447757050352635,0.08,0.09,134.45,402.14,0.01,0.91,0.92,402.14,134.45,0.01,0.085,0.915,0.749436,0.250564,65906.42
1774829464141,2026-03-30T00:11:04.141,btc-updown-15m-1774828800,1774829700,Down,101568968249334109841172910982417291807547954045954580268278800158435602610765,55509577823317260827288263848773842817483250717111942605040287447757050352635,0.08,0.09,251.7,88.59,0.01,0.91,0.92,88.59,251.7,0.01,0.085,0.915,0.260337,0.739663,65906.42
1774829465141,2026-03-30T00:11:05.141,btc-updown-15m-1774828800,1774829700,Down,101568968249334109841172910982417291807547954045954580268278800158435602610765,55509577823317260827288263848773842817483250717111942605040287447757050352635,0.08,0.09,13.45,159.0,0.01,0.91,0.92,159.0,13.45,0.01,0.085,0.915,0.922006,0.077994,65906.42
1774829466141,2026-03-30T00:11:06.141,btc-updown-15m-1774828800,1774829700,Down,101568968249334109841172910982417291807547954045954580268278800158435602610765,55509577823317260827288263848773842817483250717111942605040287447757050352635,0.08,0.09,13.45,159.0,0.01,0.91,0.92,159.0,13.45,0.01,0.085,0.915,0.922006,0.077994,65899.74
1774829467142,2026-03-30T00:11:07.142,btc-updown-15m-1774828800,1774829700,Down,101568968249334109841172910982417291807547954045954580268278800158435602610765,55509577823317260827288263848773842817483250717111942605040287447757050352635,0.07,0.08,68.0,86.89,0.01,0.92,0.93,86.89,68.0,0.01,0.075,0.925,0.560979,0.439021,65899.74
1774829468142,2026-03-30T00:11:08.142,btc-updown-15m-1774828800,1774829700,Down,101568968249334109841172910982417291807547954045954580268278800158435602610765,55509577823317260827288263848773842817483250717111942605040287447757050352635,0.07,0.08,10.0,1089.96,0.01,0.92,0.93,1089.96,10.0,0.01,0.075,0.925,0.990909,0.009091,65899.74
1774829469142,2026-03-30T00:11:09.142,btc-updown-15m-1774828800,1774829700,Down,101568968249334109841172910982417291807547954045954580268278800158435602610765,55509577823317260827288263848773842817483250717111942605040287447757050352635,0.07,0.08,25.0,1070.02,0.01,0.92,0.93,1070.02,25.0,0.01,0.075,0.925,0.977169,0.022831,65895.93
1774829470143,2026-03-30T00:11:10.143,btc-updown-15m-1774828800,1774829700,Down,101568968249334109841172910982417291807547954045954580268278800158435602610765,55509577823317260827288263848773842817483250717111942605040287447757050352635,0.07,0.08,25.0,1070.02,0.01,0.92,0.93,1070.02,25.0,0.01,0.075,0.925,0.977169,0.022831,65895.93
1774829471143,2026-03-30T00:11:11.143,btc-updown-15m-1774828800,1774829700,Down,101568968249334109841172910982417291807547954045954580268278800158435602610765,55509577823317260827288263848773842817483250717111942605040287447757050352635,0.06,0.07,110.0,827.8,0.01,0.93,0.94,827.8,110.0,0.01,0.065,0.935,0.882704,0.117296,65895.93
1774829472144,2026-03-30T00:11:12.144,btc-updown-15m-1774828800,1774829700,Down,101568968249334109841172910982417291807547954045954580268278800158435602610765,55509577823317260827288263848773842817483250717111942605040287447757050352635,0.06,0.07,110.0,827.8,0.01,0.93,0.94,827.8,110.0,0.01,0.065,0.935,0.882704,0.117296,65894.04
1774829473145,2026-03-30T00:11:13.145,btc-updown-15m-1774828800,1774829700,Down,101568968249334109841172910982417291807547954045954580268278800158435602610765,55509577823317260827288263848773842817483250717111942605040287447757050352635,0.06,0.07,153.92,14.0,0.01,0.93,0.94,14.0,153.92,0.01,0.065,0.935,0.083373,0.916627,65894.04
1774829474145,2026-03-30T00:11:14.145,btc-updown-15m-1774828800,1774829700,Down,101568968249334109841172910982417291807547954045954580268278800158435602610765,55509577823317260827288263848773842817483250717111942605040287447757050352635,0.07,0.08,73.5,22.0,0.01,0.92,0.93,22.0,73.5,0.01,0.075,0.925,0.230366,0.769634,65894.04
1774829475145,2026-03-30T00:11:15.145,btc-updown-15m-1774828800,1774829700,Down,101568968249334109841172910982417291807547954045954580268278800158435602610765,55509577823317260827288263848773842817483250717111942605040287447757050352635,0.07,0.08,343.5,12.0,0.01,0.92,0.93,12.0,343.5,0.01,0.075,0.925,0.033755,0.966245,65894.05
1774829476147,2026-03-30T00:11:16.147,btc-updown-15m-1774828800,1774829700,Down,101568968249334109841172910982417291807547954045954580268278800158435602610765,55509577823317260827288263848773842817483250717111942605040287447757050352635,0.07,0.08,343.5,12.0,0.01,0.92,0.93,12.0,343.5,0.01,0.075,0.925,0.033755,0.966245,65894.05
1774829477147,2026-03-30T00:11:17.147,btc-updown-15m-1774828800,1774829700,Down,101568968249334109841172910982417291807547954045954580268278800158435602610765,55509577823317260827288263848773842817483250717111942605040287447757050352635,0.07,0.08,343.5,12.0,0.01,0.92,0.93,12.0,343.5,0.01,0.075,0.925,0.033755,0.966245,65894.05
1774829478148,2026-03-30T00:11:18.148,btc-updown-15m-1774828800,1774829700,Down,101568968249334109841172910982417291807547954045954580268278800158435602610765,55509577823317260827288263848773842817483250717111942605040287447757050352635,0.05,0.07,88.5,1169.0,0.02,0.93,0.95,1169.0,88.5,0.02,0.06,0.94,0.929622,0.070378,65889.22
1774829479149,2026-03-30T00:11:19.149,btc-updown-15m-1774828800,1774829700,Down,101568968249334109841172910982417291807547954045954580268278800158435602610765,55509577823317260827288263848773842817483250717111942605040287447757050352635,0.07,0.08,32.37,866.24,0.01,0.92,0.93,866.24,32.37,0.01,0.075,0.925,0.963978,0.036022,65889.22
1774829480149,2026-03-30T00:11:20.149,btc-updown-15m-1774828800,1774829700,Down,101568968249334109841172910982417291807547954045954580268278800158435602610765,55509577823317260827288263848773842817483250717111942605040287447757050352635,0.07,0.08,32.37,866.24,0.01,0.92,0.93,866.24,32.37,0.01,0.075,0.925,0.963978,0.036022,65889.22
1774829481150,2026-03-30T00:11:21.150,btc-updown-15m-1774828800,1774829700,Down,101568968249334109841172910982417291807547954045954580268278800158435602610765,55509577823317260827288263848773842817483250717111942605040287447757050352635,0.07,0.08,24.87,946.08,0.01,0.92,0.93,946.08,24.87,0.01,0.075,0.925,0.974386,0.025614,65894.04
1774829482151,2026-03-30T00:11:22.151,btc-updown-15m-1774828800,1774829700,Down,101568968249334109841172910982417291807547954045954580268278800158435602610765,55509577823317260827288263848773842817483250717111942605040287447757050352635,0.05,0.07,104.5,350.0,0.02,0.93,0.95,350.0,104.5,0.02,0.06,0.94,0.770077,0.229923,65894.04
1774829483152,2026-03-30T00:11:23.152,btc-updown-15m-1774828800,1774829700,Down,101568968249334109841172910982417291807547954045954580268278800158435602610765,55509577823317260827288263848773842817483250717111942605040287447757050352635,0.05,0.06,30.0,1182.0,0.01,0.94,0.95,1182.0,30.0,0.01,0.055,0.945,0.975248,0.024752,65894.04
1774829484153,2026-03-30T00:11:24.153,btc-updown-15m-1774828800,1774829700,Down,101568968249334109841172910982417291807547954045954580268278800158435602610765,55509577823317260827288263848773842817483250717111942605040287447757050352635,0.04,0.05,25.83,1473.46,0.01,0.95,0.96,1473.46,25.83,0.01,0.045,0.955,0.982772,0.017228,65887.01
1774829485153,2026-03-30T00:11:25.153,btc-updown-15m-1774828800,1774829700,Down,101568968249334109841172910982417291807547954045954580268278800158435602610765,55509577823317260827288263848773842817483250717111942605040287447757050352635,0.04,0.05,25.83,1473.46,0.01,0.95,0.96,1473.46,25.83,0.01,0.045,0.955,0.982772,0.017228,65887.01
1774829486155,2026-03-30T00:11:26.155,btc-updown-15m-1774828800,1774829700,Down,101568968249334109841172910982417291807547954045954580268278800158435602610765,55509577823317260827288263848773842817483250717111942605040287447757050352635,0.04,0.06,42.0,1475.04,0.02,0.94,0.96,1475.04,42.0,0.02,0.05,0.95,0.972315,0.027685,65887.01
1774829487155,2026-03-30T00:11:27.155,btc-updown-15m-1774828800,1774829700,Down,101568968249334109841172910982417291807547954045954580268278800158435602610765,55509577823317260827288263848773842817483250717111942605040287447757050352635,0.08,0.11,162.07,1056.72,0.03,0.89,0.92,1056.72,162.07,0.03,0.095,0.905,0.867024,0.132976,65909.01
1774829488155,2026-03-30T00:11:28.155,btc-updown-15m-1774828800,1774829700,Down,101568968249334109841172910982417291807547954045954580268278800158435602610765,55509577823317260827288263848773842817483250717111942605040287447757050352635,0.09,0.11,571.57,30.0,0.02,0.89,0.91,30.0,571.57,0.02,0.1,0.9,0.04987,0.95013,65909.01
1774829489156,2026-03-30T00:11:29.156,btc-updown-15m-1774828800,1774829700,Down,101568968249334109841172910982417291807547954045954580268278800158435602610765,55509577823317260827288263848773842817483250717111942605040287447757050352635,0.09,0.1,43.89,812.8,0.01,0.9,0.91,812.8,43.89,0.01,0.095,0.905,0.948768,0.051232,65909.01
1774829490157,2026-03-30T00:11:30.157,btc-updown-15m-1774828800,1774829700,Down,101568968249334109841172910982417291807547954045954580268278800158435602610765,55509577823317260827288263848773842817483250717111942605040287447757050352635,0.08,0.09,269.5,17.82,0.01,0.91,0.92,17.82,269.5,0.01,0.085,0.915,0.062021,0.937979,65903.99
1774829491158,2026-03-30T00:11:31.158,btc-updown-15m-1774828800,1774829700,Down,101568968249334109841172910982417291807547954045954580268278800158435602610765,55509577823317260827288263848773842817483250717111942605040287447757050352635,0.07,0.08,98.0,137.87,0.01,0.92,0.93,137.87,98.0,0.01,0.075,0.925,0.584517,0.415483,65903.99
1774829492158,2026-03-30T00:11:32.158,btc-updown-15m-1774828800,1774829700,Down,101568968249334109841172910982417291807547954045954580268278800158435602610765,55509577823317260827288263848773842817483250717111942605040287447757050352635,0.07,0.08,98.0,137.87,0.01,0.92,0.93,137.87,98.0,0.01,0.075,0.925,0.584517,0.415483,65903.99
1774829493160,2026-03-30T00:11:33.160,btc-updown-15m-1774828800,1774829700,Down,101568968249334109841172910982417291807547954045954580268278800158435602610765,55509577823317260827288263848773842817483250717111942605040287447757050352635,0.07,0.08,177.03,152.87,0.01,0.92,0.93,152.87,177.03,0.01,0.075,0.925,0.463383,0.536617,65903.97
1774829494160,2026-03-30T00:11:34.160,btc-updown-15m-1774828800,1774829700,Down,101568968249334109841172910982417291807547954045954580268278800158435602610765,55509577823317260827288263848773842817483250717111942605040287447757050352635,0.07,0.08,209.5,35.0,0.01,0.92,0.93,35.0,209.5,0.01,0.075,0.925,0.143149,0.856851,65903.97
1774829495161,2026-03-30T00:11:35.161,btc-updown-15m-1774828800,1774829700,Down,101568968249334109841172910982417291807547954045954580268278800158435602610765,55509577823317260827288263848773842817483250717111942605040287447757050352635,0.07,0.08,179.5,24.24,0.01,0.92,0.93,24.24,179.5,0.01,0.075,0.925,0.118975,0.881025,65903.97
1774829496161,2026-03-30T00:11:36.161,btc-updown-15m-1774828800,1774829700,Down,101568968249334109841172910982417291807547954045954580268278800158435602610765,55509577823317260827288263848773842817483250717111942605040287447757050352635,0.06,0.08,199.5,1194.34,0.02,0.92,0.94,1194.34,199.5,0.02,0.07,0.93,0.85687,0.14313,65903.97
1774829497163,2026-03-30T00:11:37.163,btc-updown-15m-1774828800,1774829700,Down,101568968249334109841172910982417291807547954045954580268278800158435602610765,55509577823317260827288263848773842817483250717111942605040287447757050352635,0.06,0.08,174.53,1164.34,0.02,0.92,0.94,1164.34,174.53,0.02,0.07,0.93,0.869644,0.130356,65903.97
1774829498163,2026-03-30T00:11:38.163,btc-updown-15m-1774828800,1774829700,Down,101568968249334109841172910982417291807547954045954580268278800158435602610765,55509577823317260827288263848773842817483250717111942605040287447757050352635,0.06,0.08,184.53,1164.34,0.02,0.92,0.94,1164.34,184.53,0.02,0.07,0.93,0.863197,0.136803,65903.97
1774829499164,2026-03-30T00:11:39.164,btc-updown-15m-1774828800,1774829700,Down,101568968249334109841172910982417291807547954045954580268278800158435602610765,55509577823317260827288263848773842817483250717111942605040287447757050352635,0.04,0.05,124.7,432.23,0.01,0.95,0.96,432.23,124.7,0.01,0.045,0.955,0.776094,0.223906,65884.84
1774829500165,2026-03-30T00:11:40.165,btc-updown-15m-1774828800,1774829700,Down,101568968249334109841172910982417291807547954045954580268278800158435602610765,55509577823317260827288263848773842817483250717111942605040287447757050352635,0.04,0.06,313.83,1247.23,0.02,0.94,0.96,1247.23,313.83,0.02,0.05,0.95,0.798964,0.201036,65884.84
1774829501165,2026-03-30T00:11:41.165,btc-updown-15m-1774828800,1774829700,Down,101568968249334109841172910982417291807547954045954580268278800158435602610765,55509577823317260827288263848773842817483250717111942605040287447757050352635,0.04,0.06,325.83,1254.23,0.02,0.94,0.96,1254.23,325.83,0.02,0.05,0.95,0.793786,0.206214,65884.84
1774829502166,2026-03-30T00:11:42.166,btc-updown-15m-1774828800,1774829700,Down,101568968249334109841172910982417291807547954045954580268278800158435602610765,55509577823317260827288263848773842817483250717111942605040287447757050352635,0.04,0.06,325.83,1254.23,0.02,0.94,0.96,1254.23,325.83,0.02,0.05,0.95,0.793786,0.206214,65882.01
1774829503167,2026-03-30T00:11:43.167,btc-updown-15m-1774828800,1774829700,Down,101568968249334109841172910982417291807547954045954580268278800158435602610765,55509577823317260827288263848773842817483250717111942605040287447757050352635,0.04,0.05,289.58,245.23,0.01,0.95,0.96,245.23,289.58,0.01,0.045,0.955,0.458537,0.541463,65882.01
1774829504167,2026-03-30T00:11:44.167,btc-updown-15m-1774828800,1774829700,Down,101568968249334109841172910982417291807547954045954580268278800158435602610765,55509577823317260827288263848773842817483250717111942605040287447757050352635,0.04,0.05,273.51,250.23,0.01,0.95,0.96,250.23,273.51,0.01,0.045,0.955,0.477775,0.522225,65882.01
1774829505167,2026-03-30T00:11:45.167,btc-updown-15m-1774828800,1774829700,Down,101568968249334109841172910982417291807547954045954580268278800158435602610765,55509577823317260827288263848773842817483250717111942605040287447757050352635,0.04,0.05,273.51,229.29,0.01,0.95,0.96,229.29,273.51,0.01,0.045,0.955,0.456026,0.543974,65881.12
1774829506169,2026-03-30T00:11:46.169,btc-updown-15m-1774828800,1774829700,Down,101568968249334109841172910982417291807547954045954580268278800158435602610765,55509577823317260827288263848773842817483250717111942605040287447757050352635,0.04,0.05,51.35,424.74,0.01,0.95,0.96,424.74,51.35,0.01,0.045,0.955,0.892142,0.107858,65881.12
1774829507169,2026-03-30T00:11:47.169,btc-updown-15m-1774828800,1774829700,Down,101568968249334109841172910982417291807547954045954580268278800158435602610765,55509577823317260827288263848773842817483250717111942605040287447757050352635,0.04,0.05,51.35,1051.74,0.01,0.95,0.96,1051.74,51.35,0.01,0.045,0.955,0.953449,0.046551,65881.12
1774829508171,2026-03-30T00:11:48.171,btc-updown-15m-1774828800,1774829700,Down,101568968249334109841172910982417291807547954045954580268278800158435602610765,55509577823317260827288263848773842817483250717111942605040287447757050352635,0.04,0.05,131.49,1039.74,0.01,0.95,0.96,1039.74,131.49,0.01,0.045,0.955,0.887733,0.112267,65881.12
1774829509173,2026-03-30T00:11:49.173,btc-updown-15m-1774828800,1774829700,Down,101568968249334109841172910982417291807547954045954580268278800158435602610765,55509577823317260827288263848773842817483250717111942605040287447757050352635,0.04,0.05,131.49,1039.74,0.01,0.95,0.96,1039.74,131.49,0.01,0.045,0.955,0.887733,0.112267,65881.12
1774829510174,2026-03-30T00:11:50.174,btc-updown-15m-1774828800,1774829700,Down,101568968249334109841172910982417291807547954045954580268278800158435602610765,55509577823317260827288263848773842817483250717111942605040287447757050352635,0.04,0.05,131.49,1039.74,0.01,0.95,0.96,1039.74,131.49,0.01,0.045,0.955,0.887733,0.112267,65881.12
1774829511175,2026-03-30T00:11:51.175,btc-updown-15m-1774828800,1774829700,Down,101568968249334109841172910982417291807547954045954580268278800158435602610765,55509577823317260827288263848773842817483250717111942605040287447757050352635,0.04,0.05,229.99,211.33,0.01,0.95,0.96,211.33,229.99,0.01,0.045,0.955,0.478859,0.521141,65886.27
1774829512175,2026-03-30T00:11:52.175,btc-updown-15m-1774828800,1774829700,Down,101568968249334109841172910982417291807547954045954580268278800158435602610765,55509577823317260827288263848773842817483250717111942605040287447757050352635,0.04,0.05,167.49,214.34,0.01,0.95,0.96,214.34,167.49,0.01,0.045,0.955,0.561349,0.438651,65886.27
1774829513176,2026-03-30T00:11:53.176,btc-updown-15m-1774828800,1774829700,Down,101568968249334109841172910982417291807547954045954580268278800158435602610765,55509577823317260827288263848773842817483250717111942605040287447757050352635,0.04,0.05,26.49,1184.34,0.01,0.95,0.96,1184.34,26.49,0.01,0.045,0.955,0.978122,0.021878,65886.27
1774829514177,2026-03-30T00:11:54.177,btc-updown-15m-1774828800,1774829700,Down,101568968249334109841172910982417291807547954045954580268278800158435602610765,55509577823317260827288263848773842817483250717111942605040287447757050352635,0.04,0.05,26.49,1169.34,0.01,0.95,0.96,1169.34,26.49,0.01,0.045,0.955,0.977848,0.022152,65887.79
1774829515178,2026-03-30T00:11:55.178,btc-updown-15m-1774828800,1774829700,Down,101568968249334109841172910982417291807547954045954580268278800158435602610765,55509577823317260827288263848773842817483250717111942605040287447757050352635,0.05,0.06,343.38,5.0,0.01,0.94,0.95,5.0,343.38,0.01,0.055,0.945,0.014352,0.985648,65887.79
1774829516179,2026-03-30T00:11:56.179,btc-updown-15m-1774828800,1774829700,Down,101568968249334109841172910982417291807547954045954580268278800158435602610765,55509577823317260827288263848773842817483250717111942605040287447757050352635,0.03,0.04,203.84,805.8,0.01,0.96,0.97,805.8,203.84,0.01,0.035,0.965,0.798106,0.201894,65887.79
1774829517180,2026-03-30T00:11:57.180,btc-updown-15m-1774828800,1774829700,Down,101568968249334109841172910982417291807547954045954580268278800158435602610765,55509577823317260827288263848773842817483250717111942605040287447757050352635,0.03,0.04,170.91,823.61,0.01,0.96,0.97,823.61,170.91,0.01,0.035,0.965,0.828148,0.171852,65881.65
1774829518181,2026-03-30T00:11:58.181,btc-updown-15m-1774828800,1774829700,Down,101568968249334109841172910982417291807547954045954580268278800158435602610765,55509577823317260827288263848773842817483250717111942605040287447757050352635,0.03,0.04,170.91,823.61,0.01,0.96,0.97,823.61,170.91,0.01,0.035,0.965,0.828148,0.171852,65881.65
1774829519183,2026-03-30T00:11:59.183,btc-updown-15m-1774828800,1774829700,Down,101568968249334109841172910982417291807547954045954580268278800158435602610765,55509577823317260827288263848773842817483250717111942605040287447757050352635,0.03,0.04,170.91,823.61,0.01,0.96,0.97,823.61,170.91,0.01,0.035,0.965,0.828148,0.171852,65881.65
1774829520183,2026-03-30T00:12:00.183,btc-updown-15m-1774828800,1774829700,Down,101568968249334109841172910982417291807547954045954580268278800158435602610765,55509577823317260827288263848773842817483250717111942605040287447757050352635,0.03,0.04,516.33,1194.04,0.01,0.96,0.97,1194.04,516.33,0.01,0.035,0.965,0.698118,0.301882,65878.97
1774829521184,2026-03-30T00:12:01.184,btc-updown-15m-1774828800,1774829700,Down,101568968249334109841172910982417291807547954045954580268278800158435602610765,55509577823317260827288263848773842817483250717111942605040287447757050352635,0.02,0.03,793.43,1235.51,0.01,0.97,0.98,1235.51,793.43,0.01,0.025,0.975,0.608944,0.391056,65878.97
1774829522184,2026-03-30T00:12:02.184,btc-updown-15m-1774828800,1774829700,Down,101568968249334109841172910982417291807547954045954580268278800158435602610765,55509577823317260827288263848773842817483250717111942605040287447757050352635,0.01,0.02,167.33,8584.03,0.01,0.98,0.99,8584.03,167.33,0.01,0.015,0.985,0.98088,0.01912,65878.97
1774829523184,2026-03-30T00:12:03.184,btc-updown-15m-1774828800,1774829700,Down,101568968249334109841172910982417291807547954045954580268278800158435602610765,55509577823317260827288263848773842817483250717111942605040287447757050352635,0.01,0.02,365.21,8568.61,0.01,0.98,0.99,8568.61,365.21,0.01,0.015,0.985,0.959121,0.040879,65857.56
1774829524185,2026-03-30T00:12:04.185,btc-updown-15m-1774828800,1774829700,Down,101568968249334109841172910982417291807547954045954580268278800158435602610765,55509577823317260827288263848773842817483250717111942605040287447757050352635,0.01,0.02,488.38,8165.02,0.01,0.98,0.99,8165.02,488.38,0.01,0.015,0.985,0.943562,0.056438,65857.56
1774829525185,2026-03-30T00:12:05.185,btc-updown-15m-1774828800,1774829700,Down,101568968249334109841172910982417291807547954045954580268278800158435602610765,55509577823317260827288263848773842817483250717111942605040287447757050352635,0.01,0.02,723.95,7569.13,0.01,0.98,0.99,7569.13,723.95,0.01,0.015,0.985,0.912704,0.087296,65857.56
1774829526186,2026-03-30T00:12:06.186,btc-updown-15m-1774828800,1774829700,Down,101568968249334109841172910982417291807547954045954580268278800158435602610765,55509577823317260827288263848773842817483250717111942605040287447757050352635,0.01,0.02,889.09,7863.36,0.01,0.98,0.99,7863.36,889.09,0.01,0.015,0.985,0.898418,0.101582,65868.01
1774829527187,2026-03-30T00:12:07.187,btc-updown-15m-1774828800,1774829700,Down,101568968249334109841172910982417291807547954045954580268278800158435602610765,55509577823317260827288263848773842817483250717111942605040287447757050352635,0.01,0.02,855.09,7671.8,0.01,0.98,0.99,7671.8,855.09,0.01,0.015,0.985,0.899718,0.100282,65868.01
1774829528188,2026-03-30T00:12:08.188,btc-updown-15m-1774828800,1774829700,Down,101568968249334109841172910982417291807547954045954580268278800158435602610765,55509577823317260827288263848773842817483250717111942605040287447757050352635,0.01,0.02,886.28,7908.81,0.01,0.98,0.99,7928.81,886.28,0.01,0.015,0.985,0.89923,0.100541,65868.01
1774829529188,2026-03-30T00:12:09.188,btc-updown-15m-1774828800,1774829700,Down,101568968249334109841172910982417291807547954045954580268278800158435602610765,55509577823317260827288263848773842817483250717111942605040287447757050352635,0.01,0.02,1024.24,7587.82,0.01,0.98,0.99,7587.82,1024.24,0.01,0.015,0.985,0.881069,0.118931,65862.37
1774829530190,2026-03-30T00:12:10.190,btc-updown-15m-1774828800,1774829700,Down,101568968249334109841172910982417291807547954045954580268278800158435602610765,55509577823317260827288263848773842817483250717111942605040287447757050352635,0.01,0.02,1106.25,7336.62,0.01,0.98,0.99,7336.62,1106.25,0.01,0.015,0.985,0.868972,0.131028,65862.37
1774829531190,2026-03-30T00:12:11.190,btc-updown-15m-1774828800,1774829700,Down,101568968249334109841172910982417291807547954045954580268278800158435602610765,55509577823317260827288263848773842817483250717111942605040287447757050352635,0.01,0.02,1249.43,7273.63,0.01,0.98,0.99,7273.63,1249.43,0.01,0.015,0.985,0.853406,0.146594,65862.37
1774829532191,2026-03-30T00:12:12.191,btc-updown-15m-1774828800,1774829700,Down,101568968249334109841172910982417291807547954045954580268278800158435602610765,55509577823317260827288263848773842817483250717111942605040287447757050352635,0.01,0.02,1026.11,7397.08,0.01,0.98,0.99,7397.08,1026.11,0.01,0.015,0.985,0.87818,0.12182,65862.37
1774829533192,2026-03-30T00:12:13.192,btc-updown-15m-1774828800,1774829700,Down,101568968249334109841172910982417291807547954045954580268278800158435602610765,55509577823317260827288263848773842817483250717111942605040287447757050352635,0.01,0.02,939.61,7277.35,0.01,0.98,0.99,7277.35,939.61,0.01,0.015,0.985,0.88565,0.11435,65862.37
1774829534192,2026-03-30T00:12:14.192,btc-updown-15m-1774828800,1774829700,Down,101568968249334109841172910982417291807547954045954580268278800158435602610765,55509577823317260827288263848773842817483250717111942605040287447757050352635,0.01,0.02,855.38,7202.26,0.01,0.98,0.99,7202.26,855.38,0.01,0.015,0.985,0.893842,0.106158,65862.37
1774829535193,2026-03-30T00:12:15.193,btc-updown-15m-1774828800,1774829700,Down,101568968249334109841172910982417291807547954045954580268278800158435602610765,55509577823317260827288263848773842817483250717111942605040287447757050352635,0.01,0.03,2155.66,7349.23,0.02,0.97,0.99,7349.23,2155.66,0.02,0.02,0.98,0.773205,0.226795,65854.28
1774829536193,2026-03-30T00:12:16.193,btc-updown-15m-1774828800,1774829700,Down,101568968249334109841172910982417291807547954045954580268278800158435602610765,55509577823317260827288263848773842817483250717111942605040287447757050352635,0.02,0.03,1880.99,165.0,0.01,0.97,0.98,165.0,1880.99,0.01,0.025,0.975,0.080646,0.919354,65854.28
1774829537194,2026-03-30T00:12:17.194,btc-updown-15m-1774828800,1774829700,Down,101568968249334109841172910982417291807547954045954580268278800158435602610765,55509577823317260827288263848773842817483250717111942605040287447757050352635,0.02,0.03,1616.31,275.8,0.01,0.97,0.98,275.8,1616.31,0.01,0.025,0.975,0.145763,0.854237,65854.28
1774829538195,2026-03-30T00:12:18.195,btc-updown-15m-1774828800,1774829700,Down,101568968249334109841172910982417291807547954045954580268278800158435602610765,55509577823317260827288263848773842817483250717111942605040287447757050352635,0.02,0.03,862.31,367.09,0.01,0.97,0.98,367.09,862.31,0.01,0.025,0.975,0.298593,0.701407,65860.85
1774829539197,2026-03-30T00:12:19.197,btc-updown-15m-1774828800,1774829700,Down,101568968249334109841172910982417291807547954045954580268278800158435602610765,55509577823317260827288263848773842817483250717111942605040287447757050352635,0.02,0.03,650.23,516.9,0.01,0.97,0.98,516.9,650.23,0.01,0.025,0.975,0.442881,0.557119,65860.85
1774829540199,2026-03-30T00:12:20.199,btc-updown-15m-1774828800,1774829700,Down,101568968249334109841172910982417291807547954045954580268278800158435602610765,55509577823317260827288263848773842817483250717111942605040287447757050352635,0.02,0.03,544.23,632.02,0.01,0.97,0.98,632.02,544.23,0.01,0.025,0.975,0.537318,0.462682,65860.85
1774829541200,2026-03-30T00:12:21.200,btc-updown-15m-1774828800,1774829700,Down,101568968249334109841172910982417291807547954045954580268278800158435602610765,55509577823317260827288263848773842817483250717111942605040287447757050352635,0.02,0.03,548.23,570.96,0.01,0.97,0.98,570.96,548.23,0.01,0.025,0.975,0.510155,0.489845,65868.69
1774829542201,2026-03-30T00:12:22.201,btc-updown-15m-1774828800,1774829700,Down,101568968249334109841172910982417291807547954045954580268278800158435602610765,55509577823317260827288263848773842817483250717111942605040287447757050352635,0.02,0.03,556.23,561.81,0.01,0.97,0.98,561.81,556.23,0.01,0.025,0.975,0.502495,0.497505,65868.69
1774829543202,2026-03-30T00:12:23.202,btc-updown-15m-1774828800,1774829700,Down,101568968249334109841172910982417291807547954045954580268278800158435602610765,55509577823317260827288263848773842817483250717111942605040287447757050352635,0.02,0.03,341.23,801.17,0.01,0.97,0.98,801.17,341.23,0.01,0.025,0.975,0.701304,0.298696,65868.69
1774829544202,2026-03-30T00:12:24.202,btc-updown-15m-1774828800,1774829700,Down,101568968249334109841172910982417291807547954045954580268278800158435602610765,55509577823317260827288263848773842817483250717111942605040287447757050352635,0.02,0.03,346.23,821.07,0.01,0.97,0.98,821.07,346.23,0.01,0.025,0.975,0.703392,0.296608,65882.19
1774829545202,2026-03-30T00:12:25.202,btc-updown-15m-1774828800,1774829700,Down,101568968249334109841172910982417291807547954045954580268278800158435602610765,55509577823317260827288263848773842817483250717111942605040287447757050352635,0.02,0.03,110.23,1408.22,0.01,0.97,0.98,1408.22,110.23,0.01,0.025,0.975,0.927406,0.072594,65882.19
1774829546203,2026-03-30T00:12:26.203,btc-updown-15m-1774828800,1774829700,Down,101568968249334109841172910982417291807547954045954580268278800158435602610765,55509577823317260827288263848773842817483250717111942605040287447757050352635,0.03,0.04,356.48,132.84,0.01,0.96,0.97,132.84,356.48,0.01,0.035,0.965,0.271479,0.728521,65882.19
1774829547204,2026-03-30T00:12:27.204,btc-updown-15m-1774828800,1774829700,Down,101568968249334109841172910982417291807547954045954580268278800158435602610765,55509577823317260827288263848773842817483250717111942605040287447757050352635,0.03,0.04,226.48,252.63,0.01,0.96,0.97,252.63,226.48,0.01,0.035,0.965,0.52729,0.47271,65882.2
1774829548204,2026-03-30T00:12:28.204,btc-updown-15m-1774828800,1774829700,Down,101568968249334109841172910982417291807547954045954580268278800158435602610765,55509577823317260827288263848773842817483250717111942605040287447757050352635,0.03,0.04,477.48,164.85,0.01,0.96,0.97,164.85,477.48,0.01,0.035,0.965,0.256644,0.743356,65882.2
1774829549205,2026-03-30T00:12:29.205,btc-updown-15m-1774828800,1774829700,Down,101568968249334109841172910982417291807547954045954580268278800158435602610765,55509577823317260827288263848773842817483250717111942605040287447757050352635,0.03,0.04,448.29,163.81,0.01,0.96,0.97,163.81,448.29,0.01,0.035,0.965,0.26762,0.73238,65882.2
1774829550205,2026-03-30T00:12:30.205,btc-updown-15m-1774828800,1774829700,Down,101568968249334109841172910982417291807547954045954580268278800158435602610765,55509577823317260827288263848773842817483250717111942605040287447757050352635,0.03,0.04,448.29,163.81,0.01,0.96,0.97,163.81,448.29,0.01,0.035,0.965,0.26762,0.73238,65882.2
1774829551206,2026-03-30T00:12:31.206,btc-updown-15m-1774828800,1774829700,Down,101568968249334109841172910982417291807547954045954580268278800158435602610765,55509577823317260827288263848773842817483250717111942605040287447757050352635,0.03,0.04,288.32,153.81,0.01,0.96,0.97,153.81,288.32,0.01,0.035,0.965,0.347884,0.652116,65882.2
1774829552206,2026-03-30T00:12:32.206,btc-updown-15m-1774828800,1774829700,Down,101568968249334109841172910982417291807547954045954580268278800158435602610765,55509577823317260827288263848773842817483250717111942605040287447757050352635,0.03,0.04,317.32,133.65,0.01,0.96,0.97,133.65,317.32,0.01,0.035,0.965,0.296361,0.703639,65882.2
1774829553207,2026-03-30T00:12:33.207,btc-updown-15m-1774828800,1774829700,Down,101568968249334109841172910982417291807547954045954580268278800158435602610765,55509577823317260827288263848773842817483250717111942605040287447757050352635,0.03,0.04,317.32,133.65,0.01,0.96,0.97,133.65,317.32,0.01,0.035,0.965,0.296361,0.703639,65887.79
1774829554208,2026-03-30T00:12:34.208,btc-updown-15m-1774828800,1774829700,Down,101568968249334109841172910982417291807547954045954580268278800158435602610765,55509577823317260827288263848773842817483250717111942605040287447757050352635,0.03,0.04,18.32,158.65,0.01,0.96,0.97,158.65,18.32,0.01,0.035,0.965,0.89648,0.10352,65887.79
1774829555210,2026-03-30T00:12:35.210,btc-updown-15m-1774828800,1774829700,Down,101568968249334109841172910982417291807547954045954580268278800158435602610765,55509577823317260827288263848773842817483250717111942605040287447757050352635,0.03,0.04,26.32,256.41,0.01,0.96,0.97,256.41,26.32,0.01,0.035,0.965,0.906908,0.093092,65887.79
1774829556211,2026-03-30T00:12:36.211,btc-updown-15m-1774828800,1774829700,Down,101568968249334109841172910982417291807547954045954580268278800158435602610765,55509577823317260827288263848773842817483250717111942605040287447757050352635,0.03,0.04,26.32,256.41,0.01,0.96,0.97,256.41,26.32,0.01,0.035,0.965,0.906908,0.093092,65887.79
1774829557212,2026-03-30T00:12:37.212,btc-updown-15m-1774828800,1774829700,Down,101568968249334109841172910982417291807547954045954580268278800158435602610765,55509577823317260827288263848773842817483250717111942605040287447757050352635,0.03,0.04,26.32,256.41,0.01,0.96,0.97,256.41,26.32,0.01,0.035,0.965,0.906908,0.093092,65887.79
1774829558213,2026-03-30T00:12:38.213,btc-updown-15m-1774828800,1774829700,Down,101568968249334109841172910982417291807547954045954580268278800158435602610765,55509577823317260827288263848773842817483250717111942605040287447757050352635,0.03,0.04,40.0,265.37,0.01,0.96,0.97,265.37,40.0,0.01,0.035,0.965,0.869011,0.130989,65887.79
1774829559213,2026-03-30T00:12:39.213,btc-updown-15m-1774828800,1774829700,Down,101568968249334109841172910982417291807547954045954580268278800158435602610765,55509577823317260827288263848773842817483250717111942605040287447757050352635,0.03,0.04,245.21,230.07,0.01,0.96,0.97,230.07,245.21,0.01,0.035,0.965,0.484073,0.515927,65890.55
1774829560214,2026-03-30T00:12:40.214,btc-updown-15m-1774828800,1774829700,Down,101568968249334109841172910982417291807547954045954580268278800158435602610765,55509577823317260827288263848773842817483250717111942605040287447757050352635,0.03,0.04,255.21,218.42,0.01,0.96,0.97,218.42,255.21,0.01,0.035,0.965,0.461162,0.538838,65890.55
1774829561214,2026-03-30T00:12:41.214,btc-updown-15m-1774828800,1774829700,Down,101568968249334109841172910982417291807547954045954580268278800158435602610765,55509577823317260827288263848773842817483250717111942605040287447757050352635,0.03,0.04,255.21,218.42,0.01,0.96,0.97,218.42,255.21,0.01,0.035,0.965,0.461162,0.538838,65890.55
1774829562215,2026-03-30T00:12:42.215,btc-updown-15m-1774828800,1774829700,Down,101568968249334109841172910982417291807547954045954580268278800158435602610765,55509577823317260827288263848773842817483250717111942605040287447757050352635,0.03,0.04,732.21,198.42,0.01,0.96,0.97,198.42,732.21,0.01,0.035,0.965,0.21321,0.78679,65882.55
1774829563216,2026-03-30T00:12:43.216,btc-updown-15m-1774828800,1774829700,Down,101568968249334109841172910982417291807547954045954580268278800158435602610765,55509577823317260827288263848773842817483250717111942605040287447757050352635,0.03,0.04,780.21,114.38,0.01,0.96,0.97,114.38,780.21,0.01,0.035,0.965,0.127857,0.872143,65882.55
1774829564216,2026-03-30T00:12:44.216,btc-updown-15m-1774828800,1774829700,Down,101568968249334109841172910982417291807547954045954580268278800158435602610765,55509577823317260827288263848773842817483250717111942605040287447757050352635,0.03,0.04,716.21,93.77,0.01,0.96,0.97,93.77,716.21,0.01,0.035,0.965,0.115768,0.884232,65882.55
1774829565217,2026-03-30T00:12:45.217,btc-updown-15m-1774828800,1774829700,Down,101568968249334109841172910982417291807547954045954580268278800158435602610765,55509577823317260827288263848773842817483250717111942605040287447757050352635,0.03,0.04,716.21,93.77,0.01,0.96,0.97,93.77,716.21,0.01,0.035,0.965,0.115768,0.884232,65882.44
1774829566218,2026-03-30T00:12:46.218,btc-updown-15m-1774828800,1774829700,Down,101568968249334109841172910982417291807547954045954580268278800158435602610765,55509577823317260827288263848773842817483250717111942605040287447757050352635,0.03,0.04,1038.21,54.0,0.01,0.96,0.97,54.0,1038.21,0.01,0.035,0.965,0.049441,0.950559,65882.44
1774829567218,2026-03-30T00:12:47.218,btc-updown-15m-1774828800,1774829700,Down,101568968249334109841172910982417291807547954045954580268278800158435602610765,55509577823317260827288263848773842817483250717111942605040287447757050352635,0.02,0.04,1250.21,424.97,0.02,0.96,0.98,424.97,1250.21,0.02,0.03,0.97,0.253686,0.746314,65882.44
1774829568219,2026-03-30T00:12:48.219,btc-updown-15m-1774828800,1774829700,Down,101568968249334109841172910982417291807547954045954580268278800158435602610765,55509577823317260827288263848773842817483250717111942605040287447757050352635,0.02,0.03,971.5,373.96,0.01,0.97,0.98,373.96,971.5,0.01,0.025,0.975,0.277942,0.722058,65871.29
1774829569220,2026-03-30T00:12:49.220,btc-updown-15m-1774828800,1774829700,Down,101568968249334109841172910982417291807547954045954580268278800158435602610765,55509577823317260827288263848773842817483250717111942605040287447757050352635,0.02,0.03,1222.67,378.96,0.01,0.97,0.98,378.96,1222.67,0.01,0.025,0.975,0.236609,0.763391,65871.29
1774829570221,2026-03-30T00:12:50.221,btc-updown-15m-1774828800,1774829700,Down,101568968249334109841172910982417291807547954045954580268278800158435602610765,55509577823317260827288263848773842817483250717111942605040287447757050352635,0.02,0.03,1300.67,368.9,0.01,0.97,0.98,368.9,1300.67,0.01,0.025,0.975,0.220955,0.779045,65871.29
1774829571222,2026-03-30T00:12:51.222,btc-updown-15m-1774828800,1774829700,Down,101568968249334109841172910982417291807547954045954580268278800158435602610765,55509577823317260827288263848773842817483250717111942605040287447757050352635,0.02,0.03,1383.62,171.79,0.01,0.97,0.98,171.79,1383.62,0.01,0.025,0.975,0.110447,0.889553,65854.28
1774829572223,2026-03-30T00:12:52.223,btc-updown-15m-1774828800,1774829700,Down,101568968249334109841172910982417291807547954045954580268278800158435602610765,55509577823317260827288263848773842817483250717111942605040287447757050352635,0.02,0.03,1481.17,161.79,0.01,0.97,0.98,161.79,1481.17,0.01,0.025,0.975,0.098475,0.901525,65854.28
1774829573223,2026-03-30T00:12:53.223,btc-updown-15m-1774828800,1774829700,Down,101568968249334109841172910982417291807547954045954580268278800158435602610765,55509577823317260827288263848773842817483250717111942605040287447757050352635,0.01,0.03,1520.78,1556.41,0.02,0.97,0.99,1556.41,1520.78,0.02,0.02,0.98,0.505789,0.494211,65854.28
1774829574224,2026-03-30T00:12:54.224,btc-updown-15m-1774828800,1774829700,Down,101568968249334109841172910982417291807547954045954580268278800158435602610765,55509577823317260827288263848773842817483250717111942605040287447757050352635,0.01,0.02,940.51,1410.92,0.01,0.98,0.99,1410.92,940.51,0.01,0.015,0.985,0.600026,0.399974,65852.12
1774829575224,2026-03-30T00:12:55.224,btc-updown-15m-1774828800,1774829700,Down,101568968249334109841172910982417291807547954045954580268278800158435602610765,55509577823317260827288263848773842817483250717111942605040287447757050352635,0.01,0.02,940.51,1410.92,0.01,0.98,0.99,1410.92,940.51,0.01,0.015,0.985,0.600026,0.399974,65852.12
1774829576225,2026-03-30T00:12:56.225,btc-updown-15m-1774828800,1774829700,Down,101568968249334109841172910982417291807547954045954580268278800158435602610765,55509577823317260827288263848773842817483250717111942605040287447757050352635,0.01,0.02,1258.51,939.9,0.01,0.98,0.99,939.9,1258.51,0.01,0.015,0.985,0.427536,0.572464,65852.12
1774829577226,2026-03-30T00:12:57.226,btc-updown-15m-1774828800,1774829700,Down,101568968249334109841172910982417291807547954045954580268278800158435602610765,55509577823317260827288263848773842817483250717111942605040287447757050352635,0.01,0.02,1258.51,880.9,0.01,0.98,0.99,880.9,1258.51,0.01,0.015,0.985,0.411749,0.588251,65846.29
1774829578227,2026-03-30T00:12:58.227,btc-updown-15m-1774828800,1774829700,Down,101568968249334109841172910982417291807547954045954580268278800158435602610765,55509577823317260827288263848773842817483250717111942605040287447757050352635,0.01,0.02,2458.51,514.9,0.01,0.98,0.99,514.9,2458.51,0.01,0.015,0.985,0.173168,0.826832,65846.29
1774829579228,2026-03-30T00:12:59.228,btc-updown-15m-1774828800,1774829700,Down,101568968249334109841172910982417291807547954045954580268278800158435602610765,55509577823317260827288263848773842817483250717111942605040287447757050352635,0.01,0.02,2610.78,473.34,0.01,0.98,0.99,473.34,2610.78,0.01,0.015,0.985,0.153477,0.846523,65846.29
1774829580230,2026-03-30T00:13:00.230,btc-updown-15m-1774828800,1774829700,Down,101568968249334109841172910982417291807547954045954580268278800158435602610765,55509577823317260827288263848773842817483250717111942605040287447757050352635,0.01,0.02,2445.78,270.34,0.01,0.98,0.99,270.34,2445.78,0.01,0.015,0.985,0.099532,0.900468,65846.29
1774829581231,2026-03-30T00:13:01.231,btc-updown-15m-1774828800,1774829700,Down,101568968249334109841172910982417291807547954045954580268278800158435602610765,55509577823317260827288263848773842817483250717111942605040287447757050352635,0.01,0.02,2650.92,101.56,0.01,0.98,0.99,101.56,2650.92,0.01,0.015,0.985,0.036898,0.963102,65846.29
1774829582231,2026-03-30T00:13:02.231,btc-updown-15m-1774828800,1774829700,Down,101568968249334109841172910982417291807547954045954580268278800158435602610765,55509577823317260827288263848773842817483250717111942605040287447757050352635,,0.01,1610.28,,,0.99,,,1610.28,,,,,,65846.29
1774829583232,2026-03-30T00:13:03.232,btc-updown-15m-1774828800,1774829700,Down,101568968249334109841172910982417291807547954045954580268278800158435602610765,55509577823317260827288263848773842817483250717111942605040287447757050352635,,0.01,1647.29,,,0.99,,,1647.29,,,,,,65846.28
1774829584233,2026-03-30T00:13:04.233,btc-updown-15m-1774828800,1774829700,Down,101568968249334109841172910982417291807547954045954580268278800158435602610765,55509577823317260827288263848773842817483250717111942605040287447757050352635,,0.01,1632.48,,,0.99,,,1632.48,,,,,,65846.28
1774829585234,2026-03-30T00:13:05.234,btc-updown-15m-1774828800,1774829700,Down,101568968249334109841172910982417291807547954045954580268278800158435602610765,55509577823317260827288263848773842817483250717111942605040287447757050352635,,0.01,1651.58,,,0.99,,,1651.58,,,,,,65846.28
1774829586235,2026-03-30T00:13:06.235,btc-updown-15m-1774828800,1774829700,Down,101568968249334109841172910982417291807547954045954580268278800158435602610765,55509577823317260827288263848773842817483250717111942605040287447757050352635,,0.01,1651.58,,,0.99,,,1651.58,,,,,,65854.77
1774829587235,2026-03-30T00:13:07.235,btc-updown-15m-1774828800,1774829700,Down,101568968249334109841172910982417291807547954045954580268278800158435602610765,55509577823317260827288263848773842817483250717111942605040287447757050352635,,0.01,1651.58,,,0.99,,,1651.58,,,,,,65854.77
1774829588235,2026-03-30T00:13:08.235,btc-updown-15m-1774828800,1774829700,Down,101568968249334109841172910982417291807547954045954580268278800158435602610765,55509577823317260827288263848773842817483250717111942605040287447757050352635,,0.01,1651.58,,,0.99,,,1651.58,,,,,,65854.77
1774829589236,2026-03-30T00:13:09.236,btc-updown-15m-1774828800,1774829700,Down,101568968249334109841172910982417291807547954045954580268278800158435602610765,55509577823317260827288263848773842817483250717111942605040287447757050352635,,0.01,1452.02,,,0.99,,,1452.02,,,,,,65852.87
1774829590238,2026-03-30T00:13:10.238,btc-updown-15m-1774828800,1774829700,Down,101568968249334109841172910982417291807547954045954580268278800158435602610765,55509577823317260827288263848773842817483250717111942605040287447757050352635,,0.01,1452.02,,,0.99,,,1452.02,,,,,,65852.87
1774829591239,2026-03-30T00:13:11.239,btc-updown-15m-1774828800,1774829700,Down,101568968249334109841172910982417291807547954045954580268278800158435602610765,55509577823317260827288263848773842817483250717111942605040287447757050352635,,0.01,1452.02,,,0.99,,,1452.02,,,,,,65852.87
1774829592240,2026-03-30T00:13:12.240,btc-updown-15m-1774828800,1774829700,Down,101568968249334109841172910982417291807547954045954580268278800158435602610765,55509577823317260827288263848773842817483250717111942605040287447757050352635,,0.01,1481.33,,,0.99,,,1481.33,,,,,,65852.87
1774829593241,2026-03-30T00:13:13.241,btc-updown-15m-1774828800,1774829700,Down,101568968249334109841172910982417291807547954045954580268278800158435602610765,55509577823317260827288263848773842817483250717111942605040287447757050352635,,0.01,1481.33,,,0.99,,,1481.33,,,,,,65852.87
1774829594242,2026-03-30T00:13:14.242,btc-updown-15m-1774828800,1774829700,Down,101568968249334109841172910982417291807547954045954580268278800158435602610765,55509577823317260827288263848773842817483250717111942605040287447757050352635,,0.01,1481.33,,,0.99,,,1481.33,,,,,,65852.87
1774829595242,2026-03-30T00:13:15.242,btc-updown-15m-1774828800,1774829700,Down,101568968249334109841172910982417291807547954045954580268278800158435602610765,55509577823317260827288263848773842817483250717111942605040287447757050352635,,0.01,1481.33,,,0.99,,,1481.33,,,,,,65852.87
1774829596243,2026-03-30T00:13:16.243,btc-updown-15m-1774828800,1774829700,Down,101568968249334109841172910982417291807547954045954580268278800158435602610765,55509577823317260827288263848773842817483250717111942605040287447757050352635,,0.01,1481.33,,,0.99,,,1481.33,,,,,,65852.87
1774829597244,2026-03-30T00:13:17.244,btc-updown-15m-1774828800,1774829700,Down,101568968249334109841172910982417291807547954045954580268278800158435602610765,55509577823317260827288263848773842817483250717111942605040287447757050352635,,0.01,1481.33,,,0.99,,,1481.33,,,,,,65852.87
1774829598244,2026-03-30T00:13:18.244,btc-updown-15m-1774828800,1774829700,Down,101568968249334109841172910982417291807547954045954580268278800158435602610765,55509577823317260827288263848773842817483250717111942605040287447757050352635,,0.01,1481.33,,,0.99,,,1481.33,,,,,,65852.86
1774829599245,2026-03-30T00:13:19.245,btc-updown-15m-1774828800,1774829700,Down,101568968249334109841172910982417291807547954045954580268278800158435602610765,55509577823317260827288263848773842817483250717111942605040287447757050352635,,0.01,1481.33,,,0.99,,,1481.33,,,,,,65852.86
1774829600246,2026-03-30T00:13:20.246,btc-updown-15m-1774828800,1774829700,Down,101568968249334109841172910982417291807547954045954580268278800158435602610765,55509577823317260827288263848773842817483250717111942605040287447757050352635,,0.01,1481.33,,,0.99,,,1481.33,,,,,,65852.86
1774829601247,2026-03-30T00:13:21.247,btc-updown-15m-1774828800,1774829700,Down,101568968249334109841172910982417291807547954045954580268278800158435602610765,55509577823317260827288263848773842817483250717111942605040287447757050352635,,0.01,1461.33,,,0.99,,,1461.33,,,,,,65852.86
1774829602249,2026-03-30T00:13:22.249,btc-updown-15m-1774828800,1774829700,Down,101568968249334109841172910982417291807547954045954580268278800158435602610765,55509577823317260827288263848773842817483250717111942605040287447757050352635,,0.01,1461.33,,,0.99,,,1461.33,,,,,,65852.86
1774829603250,2026-03-30T00:13:23.250,btc-updown-15m-1774828800,1774829700,Down,101568968249334109841172910982417291807547954045954580268278800158435602610765,55509577823317260827288263848773842817483250717111942605040287447757050352635,,0.01,1366.33,,,0.99,,,1366.33,,,,,,65852.86
1774829604251,2026-03-30T00:13:24.251,btc-updown-15m-1774828800,1774829700,Down,101568968249334109841172910982417291807547954045954580268278800158435602610765,55509577823317260827288263848773842817483250717111942605040287447757050352635,,0.01,1366.33,,,0.99,,,1366.33,,,,,,65854.76
1774829605251,2026-03-30T00:13:25.251,btc-updown-15m-1774828800,1774829700,Down,101568968249334109841172910982417291807547954045954580268278800158435602610765,55509577823317260827288263848773842817483250717111942605040287447757050352635,,0.01,1366.33,,,0.99,,,1366.33,,,,,,65854.76
1774829606252,2026-03-30T00:13:26.252,btc-updown-15m-1774828800,1774829700,Down,101568968249334109841172910982417291807547954045954580268278800158435602610765,55509577823317260827288263848773842817483250717111942605040287447757050352635,,0.01,1366.33,,,0.99,,,1366.33,,,,,,65854.76
1774829607253,2026-03-30T00:13:27.253,btc-updown-15m-1774828800,1774829700,Down,101568968249334109841172910982417291807547954045954580268278800158435602610765,55509577823317260827288263848773842817483250717111942605040287447757050352635,,0.01,1366.33,,,0.99,,,1366.33,,,,,,65854.77
1774829608253,2026-03-30T00:13:28.253,btc-updown-15m-1774828800,1774829700,Down,101568968249334109841172910982417291807547954045954580268278800158435602610765,55509577823317260827288263848773842817483250717111942605040287447757050352635,,0.01,1366.33,,,0.99,,,1366.33,,,,,,65854.77
1774829609254,2026-03-30T00:13:29.254,btc-updown-15m-1774828800,1774829700,Down,101568968249334109841172910982417291807547954045954580268278800158435602610765,55509577823317260827288263848773842817483250717111942605040287447757050352635,,0.01,1366.33,,,0.99,,,1366.33,,,,,,65854.77
1774829610255,2026-03-30T00:13:30.255,btc-updown-15m-1774828800,1774829700,Down,101568968249334109841172910982417291807547954045954580268278800158435602610765,55509577823317260827288263848773842817483250717111942605040287447757050352635,,0.01,1366.33,,,0.99,,,1366.33,,,,,,65854.76
1774829611256,2026-03-30T00:13:31.256,btc-updown-15m-1774828800,1774829700,Down,101568968249334109841172910982417291807547954045954580268278800158435602610765,55509577823317260827288263848773842817483250717111942605040287447757050352635,,0.01,1366.33,,,0.99,,,1366.33,,,,,,65854.76
1774829612256,2026-03-30T00:13:32.256,btc-updown-15m-1774828800,1774829700,Down,101568968249334109841172910982417291807547954045954580268278800158435602610765,55509577823317260827288263848773842817483250717111942605040287447757050352635,,0.01,1549.41,,,0.99,,,1549.41,,,,,,65854.76
1774829613257,2026-03-30T00:13:33.257,btc-updown-15m-1774828800,1774829700,Down,101568968249334109841172910982417291807547954045954580268278800158435602610765,55509577823317260827288263848773842817483250717111942605040287447757050352635,,0.01,1549.41,,,0.99,,,1549.41,,,,,,65864.7
1774829614257,2026-03-30T00:13:34.257,btc-updown-15m-1774828800,1774829700,Down,101568968249334109841172910982417291807547954045954580268278800158435602610765,55509577823317260827288263848773842817483250717111942605040287447757050352635,,0.01,1549.41,,,0.99,,,1549.41,,,,,,65864.7
1774829615258,2026-03-30T00:13:35.258,btc-updown-15m-1774828800,1774829700,Down,101568968249334109841172910982417291807547954045954580268278800158435602610765,55509577823317260827288263848773842817483250717111942605040287447757050352635,,0.01,1549.41,,,0.99,,,1549.41,,,,,,65864.7
1774829616259,2026-03-30T00:13:36.259,btc-updown-15m-1774828800,1774829700,Down,101568968249334109841172910982417291807547954045954580268278800158435602610765,55509577823317260827288263848773842817483250717111942605040287447757050352635,,0.01,1549.41,,,0.99,,,1549.41,,,,,,65864.69
1774829617259,2026-03-30T00:13:37.259,btc-updown-15m-1774828800,1774829700,Down,101568968249334109841172910982417291807547954045954580268278800158435602610765,55509577823317260827288263848773842817483250717111942605040287447757050352635,,0.01,1549.41,,,0.99,,,1549.41,,,,,,65864.69
1774829618260,2026-03-30T00:13:38.260,btc-updown-15m-1774828800,1774829700,Down,101568968249334109841172910982417291807547954045954580268278800158435602610765,55509577823317260827288263848773842817483250717111942605040287447757050352635,,0.01,1549.41,,,0.99,,,1549.41,,,,,,65864.69
1774829619261,2026-03-30T00:13:39.261,btc-updown-15m-1774828800,1774829700,Down,101568968249334109841172910982417291807547954045954580268278800158435602610765,55509577823317260827288263848773842817483250717111942605040287447757050352635,,0.01,1549.41,,,0.99,,,1549.41,,,,,,65864.69
1774829620261,2026-03-30T00:13:40.261,btc-updown-15m-1774828800,1774829700,Down,101568968249334109841172910982417291807547954045954580268278800158435602610765,55509577823317260827288263848773842817483250717111942605040287447757050352635,,0.01,1529.41,,,0.99,,,1529.41,,,,,,65864.69
1774829621262,2026-03-30T00:13:41.262,btc-updown-15m-1774828800,1774829700,Down,101568968249334109841172910982417291807547954045954580268278800158435602610765,55509577823317260827288263848773842817483250717111942605040287447757050352635,,0.01,1529.41,,,0.99,,,1529.41,,,,,,65864.69
1774829622262,2026-03-30T00:13:42.262,btc-updown-15m-1774828800,1774829700,Down,101568968249334109841172910982417291807547954045954580268278800158435602610765,55509577823317260827288263848773842817483250717111942605040287447757050352635,,0.01,1529.41,,,0.99,,,1529.41,,,,,,65877.32
1774829623263,2026-03-30T00:13:43.263,btc-updown-15m-1774828800,1774829700,Down,101568968249334109841172910982417291807547954045954580268278800158435602610765,55509577823317260827288263848773842817483250717111942605040287447757050352635,,0.01,1529.41,,,0.99,,,1529.41,,,,,,65877.32
1774829624265,2026-03-30T00:13:44.265,btc-updown-15m-1774828800,1774829700,Down,101568968249334109841172910982417291807547954045954580268278800158435602610765,55509577823317260827288263848773842817483250717111942605040287447757050352635,,0.01,1529.41,,,0.99,,,1529.41,,,,,,65877.32
1774829625266,2026-03-30T00:13:45.266,btc-updown-15m-1774828800,1774829700,Down,101568968249334109841172910982417291807547954045954580268278800158435602610765,55509577823317260827288263848773842817483250717111942605040287447757050352635,,0.01,1394.41,,,0.99,,,1394.41,,,,,,65882.32
1774829626266,2026-03-30T00:13:46.266,btc-updown-15m-1774828800,1774829700,Down,101568968249334109841172910982417291807547954045954580268278800158435602610765,55509577823317260827288263848773842817483250717111942605040287447757050352635,,0.01,1314.41,,,0.99,,,1314.41,,,,,,65882.32
1774829627267,2026-03-30T00:13:47.267,btc-updown-15m-1774828800,1774829700,Down,101568968249334109841172910982417291807547954045954580268278800158435602610765,55509577823317260827288263848773842817483250717111942605040287447757050352635,,0.01,1314.41,,,0.99,,,1314.41,,,,,,65882.32
1774829628268,2026-03-30T00:13:48.268,btc-updown-15m-1774828800,1774829700,Down,101568968249334109841172910982417291807547954045954580268278800158435602610765,55509577823317260827288263848773842817483250717111942605040287447757050352635,,0.01,1289.41,,,0.99,,,1289.41,,,,,,65888.67
1774829629269,2026-03-30T00:13:49.269,btc-updown-15m-1774828800,1774829700,Down,101568968249334109841172910982417291807547954045954580268278800158435602610765,55509577823317260827288263848773842817483250717111942605040287447757050352635,,0.01,1289.41,,,0.99,,,1289.41,,,,,,65888.67
1774829630270,2026-03-30T00:13:50.270,btc-updown-15m-1774828800,1774829700,Down,101568968249334109841172910982417291807547954045954580268278800158435602610765,55509577823317260827288263848773842817483250717111942605040287447757050352635,,0.01,1289.41,,,0.99,,,1289.41,,,,,,65888.67
1774829631271,2026-03-30T00:13:51.271,btc-updown-15m-1774828800,1774829700,Down,101568968249334109841172910982417291807547954045954580268278800158435602610765,55509577823317260827288263848773842817483250717111942605040287447757050352635,,0.01,1289.41,,,0.99,,,1289.41,,,,,,65888.67
1774829632272,2026-03-30T00:13:52.272,btc-updown-15m-1774828800,1774829700,Down,101568968249334109841172910982417291807547954045954580268278800158435602610765,55509577823317260827288263848773842817483250717111942605040287447757050352635,,0.01,1255.46,,,0.99,,,1255.46,,,,,,65888.67
1774829633273,2026-03-30T00:13:53.273,btc-updown-15m-1774828800,1774829700,Down,101568968249334109841172910982417291807547954045954580268278800158435602610765,55509577823317260827288263848773842817483250717111942605040287447757050352635,,0.01,1255.46,,,0.99,,,1255.46,,,,,,65888.67
1774829634274,2026-03-30T00:13:54.274,btc-updown-15m-1774828800,1774829700,Down,101568968249334109841172910982417291807547954045954580268278800158435602610765,55509577823317260827288263848773842817483250717111942605040287447757050352635,,0.01,1255.46,,,0.99,,,1255.46,,,,,,65888.66
1774829635274,2026-03-30T00:13:55.274,btc-updown-15m-1774828800,1774829700,Down,101568968249334109841172910982417291807547954045954580268278800158435602610765,55509577823317260827288263848773842817483250717111942605040287447757050352635,,0.01,1255.46,,,0.99,,,1255.46,,,,,,65888.66
1774829636275,2026-03-30T00:13:56.275,btc-updown-15m-1774828800,1774829700,Down,101568968249334109841172910982417291807547954045954580268278800158435602610765,55509577823317260827288263848773842817483250717111942605040287447757050352635,,0.01,1255.46,,,0.99,,,1255.46,,,,,,65888.66
1774829637275,2026-03-30T00:13:57.275,btc-updown-15m-1774828800,1774829700,Down,101568968249334109841172910982417291807547954045954580268278800158435602610765,55509577823317260827288263848773842817483250717111942605040287447757050352635,,0.01,1255.46,,,0.99,,,1255.46,,,,,,65888.67
1774829638276,2026-03-30T00:13:58.276,btc-updown-15m-1774828800,1774829700,Down,101568968249334109841172910982417291807547954045954580268278800158435602610765,55509577823317260827288263848773842817483250717111942605040287447757050352635,,0.01,1255.46,,,0.99,,,1255.46,,,,,,65888.67
1774829639277,2026-03-30T00:13:59.277,btc-updown-15m-1774828800,1774829700,Down,101568968249334109841172910982417291807547954045954580268278800158435602610765,55509577823317260827288263848773842817483250717111942605040287447757050352635,,0.01,1255.46,,,0.99,,,1255.46,,,,,,65888.67
1774829640278,2026-03-30T00:14:00.278,btc-updown-15m-1774828800,1774829700,Down,101568968249334109841172910982417291807547954045954580268278800158435602610765,55509577823317260827288263848773842817483250717111942605040287447757050352635,,0.01,1255.46,,,0.99,,,1255.46,,,,,,65888.66
1774829641278,2026-03-30T00:14:01.278,btc-updown-15m-1774828800,1774829700,Down,101568968249334109841172910982417291807547954045954580268278800158435602610765,55509577823317260827288263848773842817483250717111942605040287447757050352635,,0.01,1255.46,,,0.99,,,1255.46,,,,,,65888.66
1774829642279,2026-03-30T00:14:02.279,btc-updown-15m-1774828800,1774829700,Down,101568968249334109841172910982417291807547954045954580268278800158435602610765,55509577823317260827288263848773842817483250717111942605040287447757050352635,,0.01,1255.46,,,0.99,,,1255.46,,,,,,65888.66
1774829643280,2026-03-30T00:14:03.280,btc-updown-15m-1774828800,1774829700,Down,101568968249334109841172910982417291807547954045954580268278800158435602610765,55509577823317260827288263848773842817483250717111942605040287447757050352635,,0.01,1255.46,,,0.99,,,1255.46,,,,,,65886.94
1774829644280,2026-03-30T00:14:04.280,btc-updown-15m-1774828800,1774829700,Down,101568968249334109841172910982417291807547954045954580268278800158435602610765,55509577823317260827288263848773842817483250717111942605040287447757050352635,,0.01,1255.46,,,0.99,,,1255.46,,,,,,65886.94
1774829645282,2026-03-30T00:14:05.282,btc-updown-15m-1774828800,1774829700,Down,101568968249334109841172910982417291807547954045954580268278800158435602610765,55509577823317260827288263848773842817483250717111942605040287447757050352635,,0.01,1312.85,,,0.99,,,1312.85,,,,,,65886.94
1774829646282,2026-03-30T00:14:06.282,btc-updown-15m-1774828800,1774829700,Down,101568968249334109841172910982417291807547954045954580268278800158435602610765,55509577823317260827288263848773842817483250717111942605040287447757050352635,,0.01,1354.8,,,0.99,,,1354.8,,,,,,65895.42
1774829647282,2026-03-30T00:14:07.282,btc-updown-15m-1774828800,1774829700,Down,101568968249334109841172910982417291807547954045954580268278800158435602610765,55509577823317260827288263848773842817483250717111942605040287447757050352635,,0.01,1429.0,,,0.99,,,1429.0,,,,,,65895.42
1774829648283,2026-03-30T00:14:08.283,btc-updown-15m-1774828800,1774829700,Down,101568968249334109841172910982417291807547954045954580268278800158435602610765,55509577823317260827288263848773842817483250717111942605040287447757050352635,,0.01,1429.0,,,0.99,,,1429.0,,,,,,65895.42
1774829649283,2026-03-30T00:14:09.283,btc-updown-15m-1774828800,1774829700,Down,101568968249334109841172910982417291807547954045954580268278800158435602610765,55509577823317260827288263848773842817483250717111942605040287447757050352635,,0.01,1429.0,,,0.99,,,1429.0,,,,,,65895.41
1774829650283,2026-03-30T00:14:10.283,btc-updown-15m-1774828800,1774829700,Down,101568968249334109841172910982417291807547954045954580268278800158435602610765,55509577823317260827288263848773842817483250717111942605040287447757050352635,,0.01,1429.0,,,0.99,,,1429.0,,,,,,65895.41
1774829651284,2026-03-30T00:14:11.284,btc-updown-15m-1774828800,1774829700,Down,101568968249334109841172910982417291807547954045954580268278800158435602610765,55509577823317260827288263848773842817483250717111942605040287447757050352635,,0.01,1429.0,,,0.99,,,1429.0,,,,,,65895.41
1774829652285,2026-03-30T00:14:12.285,btc-updown-15m-1774828800,1774829700,Down,101568968249334109841172910982417291807547954045954580268278800158435602610765,55509577823317260827288263848773842817483250717111942605040287447757050352635,,0.01,1349.0,,,0.99,,,1349.0,,,,,,65909.15
1774829653286,2026-03-30T00:14:13.286,btc-updown-15m-1774828800,1774829700,Down,101568968249334109841172910982417291807547954045954580268278800158435602610765,55509577823317260827288263848773842817483250717111942605040287447757050352635,,0.01,1259.0,,,0.99,,,1259.0,,,,,,65909.15
1774829654286,2026-03-30T00:14:14.286,btc-updown-15m-1774828800,1774829700,Down,101568968249334109841172910982417291807547954045954580268278800158435602610765,55509577823317260827288263848773842817483250717111942605040287447757050352635,,0.01,1259.0,,,0.99,,,1259.0,,,,,,65909.15
1774829655287,2026-03-30T00:14:15.287,btc-updown-15m-1774828800,1774829700,Down,101568968249334109841172910982417291807547954045954580268278800158435602610765,55509577823317260827288263848773842817483250717111942605040287447757050352635,,0.01,1295.0,,,0.99,,,1295.0,,,,,,65915.79
1774829656288,2026-03-30T00:14:16.288,btc-updown-15m-1774828800,1774829700,Down,101568968249334109841172910982417291807547954045954580268278800158435602610765,55509577823317260827288263848773842817483250717111942605040287447757050352635,,0.01,1295.0,,,0.99,,,1295.0,,,,,,65915.79
1774829657288,2026-03-30T00:14:17.288,btc-updown-15m-1774828800,1774829700,Down,101568968249334109841172910982417291807547954045954580268278800158435602610765,55509577823317260827288263848773842817483250717111942605040287447757050352635,,0.01,1295.0,,,0.99,,,1295.0,,,,,,65915.79
1774829658289,2026-03-30T00:14:18.289,btc-updown-15m-1774828800,1774829700,Down,101568968249334109841172910982417291807547954045954580268278800158435602610765,55509577823317260827288263848773842817483250717111942605040287447757050352635,,0.01,1290.0,,,0.99,,,1290.0,,,,,,65915.79
1774829659289,2026-03-30T00:14:19.289,btc-updown-15m-1774828800,1774829700,Down,101568968249334109841172910982417291807547954045954580268278800158435602610765,55509577823317260827288263848773842817483250717111942605040287447757050352635,,0.01,1290.0,,,0.99,,,1290.0,,,,,,65915.79
1774829660291,2026-03-30T00:14:20.291,btc-updown-15m-1774828800,1774829700,Down,101568968249334109841172910982417291807547954045954580268278800158435602610765,55509577823317260827288263848773842817483250717111942605040287447757050352635,,0.01,1083.19,,,0.99,,,1083.19,,,,,,65915.79
1774829661291,2026-03-30T00:14:21.291,btc-updown-15m-1774828800,1774829700,Down,101568968249334109841172910982417291807547954045954580268278800158435602610765,55509577823317260827288263848773842817483250717111942605040287447757050352635,,0.01,1083.19,,,0.99,,,1083.19,,,,,,65915.79
1774829662292,2026-03-30T00:14:22.292,btc-updown-15m-1774828800,1774829700,Down,101568968249334109841172910982417291807547954045954580268278800158435602610765,55509577823317260827288263848773842817483250717111942605040287447757050352635,,0.01,983.19,,,0.99,,,983.19,,,,,,65915.79
1774829663292,2026-03-30T00:14:23.292,btc-updown-15m-1774828800,1774829700,Down,101568968249334109841172910982417291807547954045954580268278800158435602610765,55509577823317260827288263848773842817483250717111942605040287447757050352635,,0.01,983.19,,,0.99,,,983.19,,,,,,65915.79
1774829664293,2026-03-30T00:14:24.293,btc-updown-15m-1774828800,1774829700,Down,101568968249334109841172910982417291807547954045954580268278800158435602610765,55509577823317260827288263848773842817483250717111942605040287447757050352635,,0.01,983.19,,,0.99,,,983.19,,,,,,65921.72
1774829665294,2026-03-30T00:14:25.294,btc-updown-15m-1774828800,1774829700,Down,101568968249334109841172910982417291807547954045954580268278800158435602610765,55509577823317260827288263848773842817483250717111942605040287447757050352635,,0.01,983.19,,,0.99,,,983.19,,,,,,65921.72
1774829666295,2026-03-30T00:14:26.295,btc-updown-15m-1774828800,1774829700,Down,101568968249334109841172910982417291807547954045954580268278800158435602610765,55509577823317260827288263848773842817483250717111942605040287447757050352635,,0.01,983.19,,,0.99,,,983.19,,,,,,65921.72
1774829667296,2026-03-30T00:14:27.296,btc-updown-15m-1774828800,1774829700,Down,101568968249334109841172910982417291807547954045954580268278800158435602610765,55509577823317260827288263848773842817483250717111942605040287447757050352635,,0.01,983.19,,,0.99,,,983.19,,,,,,65921.73
1774829668296,2026-03-30T00:14:28.296,btc-updown-15m-1774828800,1774829700,Down,101568968249334109841172910982417291807547954045954580268278800158435602610765,55509577823317260827288263848773842817483250717111942605040287447757050352635,,0.01,983.19,,,0.99,,,983.19,,,,,,65921.73
1774829669298,2026-03-30T00:14:29.298,btc-updown-15m-1774828800,1774829700,Down,101568968249334109841172910982417291807547954045954580268278800158435602610765,55509577823317260827288263848773842817483250717111942605040287447757050352635,,0.01,1975.91,,,0.99,,,1975.91,,,,,,65921.73
1774829670298,2026-03-30T00:14:30.298,btc-updown-15m-1774828800,1774829700,Down,101568968249334109841172910982417291807547954045954580268278800158435602610765,55509577823317260827288263848773842817483250717111942605040287447757050352635,,0.01,6470.91,,,0.99,,,6470.91,,,,,,65905.05
1774829671299,2026-03-30T00:14:31.299,btc-updown-15m-1774828800,1774829700,Down,101568968249334109841172910982417291807547954045954580268278800158435602610765,55509577823317260827288263848773842817483250717111942605040287447757050352635,,0.01,6470.91,,,0.99,,,6470.91,,,,,,65905.05
1774829672301,2026-03-30T00:14:32.301,btc-updown-15m-1774828800,1774829700,Down,101568968249334109841172910982417291807547954045954580268278800158435602610765,55509577823317260827288263848773842817483250717111942605040287447757050352635,,0.01,6470.91,,,0.99,,,6470.91,,,,,,65905.05
1774829673302,2026-03-30T00:14:33.302,btc-updown-15m-1774828800,1774829700,Down,101568968249334109841172910982417291807547954045954580268278800158435602610765,55509577823317260827288263848773842817483250717111942605040287447757050352635,,0.01,6470.91,,,0.99,,,6470.91,,,,,,65896.14
1774829674302,2026-03-30T00:14:34.302,btc-updown-15m-1774828800,1774829700,Down,101568968249334109841172910982417291807547954045954580268278800158435602610765,55509577823317260827288263848773842817483250717111942605040287447757050352635,,0.01,6470.91,,,0.99,,,6470.91,,,,,,65896.14
1774829675303,2026-03-30T00:14:35.303,btc-updown-15m-1774828800,1774829700,Down,101568968249334109841172910982417291807547954045954580268278800158435602610765,55509577823317260827288263848773842817483250717111942605040287447757050352635,,0.01,6470.91,,,0.99,,,6470.91,,,,,,65896.14
1774829676303,2026-03-30T00:14:36.303,btc-updown-15m-1774828800,1774829700,Down,101568968249334109841172910982417291807547954045954580268278800158435602610765,55509577823317260827288263848773842817483250717111942605040287447757050352635,,0.01,30251.71,,,0.99,,,30251.71,,,,,,65889.39
1774829677304,2026-03-30T00:14:37.304,btc-updown-15m-1774828800,1774829700,Down,101568968249334109841172910982417291807547954045954580268278800158435602610765,55509577823317260827288263848773842817483250717111942605040287447757050352635,,0.01,30251.71,,,0.99,,,30251.71,,,,,,65889.39
1774829678305,2026-03-30T00:14:38.305,btc-updown-15m-1774828800,1774829700,Down,101568968249334109841172910982417291807547954045954580268278800158435602610765,55509577823317260827288263848773842817483250717111942605040287447757050352635,,0.01,30251.71,,,0.99,,,30251.71,,,,,,65889.39
1774829679305,2026-03-30T00:14:39.305,btc-updown-15m-1774828800,1774829700,Down,101568968249334109841172910982417291807547954045954580268278800158435602610765,55509577823317260827288263848773842817483250717111942605040287447757050352635,,0.01,30251.71,,,0.99,,,30251.71,,,,,,65889.38
1774829680306,2026-03-30T00:14:40.306,btc-updown-15m-1774828800,1774829700,Down,101568968249334109841172910982417291807547954045954580268278800158435602610765,55509577823317260827288263848773842817483250717111942605040287447757050352635,,0.01,30251.71,,,0.99,,,30251.71,,,,,,65889.38
1774829681307,2026-03-30T00:14:41.307,btc-updown-15m-1774828800,1774829700,Down,101568968249334109841172910982417291807547954045954580268278800158435602610765,55509577823317260827288263848773842817483250717111942605040287447757050352635,,0.01,30251.71,,,0.99,,,30251.71,,,,,,65889.38
1774829682307,2026-03-30T00:14:42.307,btc-updown-15m-1774828800,1774829700,Down,101568968249334109841172910982417291807547954045954580268278800158435602610765,55509577823317260827288263848773842817483250717111942605040287447757050352635,,0.01,30251.71,,,0.99,,,30251.71,,,,,,65884.85
1774829683308,2026-03-30T00:14:43.308,btc-updown-15m-1774828800,1774829700,Down,101568968249334109841172910982417291807547954045954580268278800158435602610765,55509577823317260827288263848773842817483250717111942605040287447757050352635,,0.01,30251.71,,,0.99,,,30251.71,,,,,,65884.85
1774829684309,2026-03-30T00:14:44.309,btc-updown-15m-1774828800,1774829700,Down,101568968249334109841172910982417291807547954045954580268278800158435602610765,55509577823317260827288263848773842817483250717111942605040287447757050352635,,0.01,30251.71,,,0.99,,,30251.71,,,,,,65884.85
1774829685309,2026-03-30T00:14:45.309,btc-updown-15m-1774828800,1774829700,Down,101568968249334109841172910982417291807547954045954580268278800158435602610765,55509577823317260827288263848773842817483250717111942605040287447757050352635,,0.01,30251.71,,,0.99,,,30251.71,,,,,,65876.3
1774829686310,2026-03-30T00:14:46.310,btc-updown-15m-1774828800,1774829700,Down,101568968249334109841172910982417291807547954045954580268278800158435602610765,55509577823317260827288263848773842817483250717111942605040287447757050352635,,0.01,30251.71,,,0.99,,,30251.71,,,,,,65876.3
1774829687311,2026-03-30T00:14:47.311,btc-updown-15m-1774828800,1774829700,Down,101568968249334109841172910982417291807547954045954580268278800158435602610765,55509577823317260827288263848773842817483250717111942605040287447757050352635,,0.01,30251.71,,,0.99,,,30251.71,,,,,,65876.3
1774829688313,2026-03-30T00:14:48.313,btc-updown-15m-1774828800,1774829700,Down,101568968249334109841172910982417291807547954045954580268278800158435602610765,55509577823317260827288263848773842817483250717111942605040287447757050352635,0.001,0.01,28325.9,723.89,0.009,0.99,0.999,723.89,28325.9,0.009,0.0055,0.9945,0.024919,0.975081,65876.29
1774829689315,2026-03-30T00:14:49.315,btc-updown-15m-1774828800,1774829700,Down,101568968249334109841172910982417291807547954045954580268278800158435602610765,55509577823317260827288263848773842817483250717111942605040287447757050352635,0.001,0.01,28540.9,668.85,0.009,0.99,0.999,668.85,28540.9,0.009,0.0055,0.9945,0.022898,0.977102,65876.29
1774829690316,2026-03-30T00:14:50.316,btc-updown-15m-1774828800,1774829700,Down,101568968249334109841172910982417291807547954045954580268278800158435602610765,55509577823317260827288263848773842817483250717111942605040287447757050352635,0.001,0.009,5.0,708.85,0.008,0.991,0.999,708.85,5.0,0.008,0.005,0.995,0.992996,0.007004,65876.29
1774829691317,2026-03-30T00:14:51.317,btc-updown-15m-1774828800,1774829700,Down,101568968249334109841172910982417291807547954045954580268278800158435602610765,55509577823317260827288263848773842817483250717111942605040287447757050352635,0.001,0.01,28717.25,1240.06,0.009,0.99,0.999,1240.06,28717.25,0.009,0.0055,0.9945,0.041394,0.958606,65874.6
1774829692318,2026-03-30T00:14:52.318,btc-updown-15m-1774828800,1774829700,Down,101568968249334109841172910982417291807547954045954580268278800158435602610765,55509577823317260827288263848773842817483250717111942605040287447757050352635,0.001,0.01,28712.25,1063.4,0.009,0.99,0.999,1063.4,28712.25,0.009,0.0055,0.9945,0.035714,0.964286,65874.6
1774829693319,2026-03-30T00:14:53.319,btc-updown-15m-1774828800,1774829700,Down,101568968249334109841172910982417291807547954045954580268278800158435602610765,55509577823317260827288263848773842817483250717111942605040287447757050352635,0.001,0.01,28428.25,1013.4,0.009,0.99,0.999,1013.4,28428.25,0.009,0.0055,0.9945,0.034421,0.965579,65874.6
1774829694320,2026-03-30T00:14:54.320,btc-updown-15m-1774828800,1774829700,Down,101568968249334109841172910982417291807547954045954580268278800158435602610765,55509577823317260827288263848773842817483250717111942605040287447757050352635,0.001,0.01,28428.25,901.96,0.009,0.99,0.999,901.96,28428.25,0.009,0.0055,0.9945,0.030752,0.969248,65874.6
1774829695321,2026-03-30T00:14:55.321,btc-updown-15m-1774828800,1774829700,Down,101568968249334109841172910982417291807547954045954580268278800158435602610765,55509577823317260827288263848773842817483250717111942605040287447757050352635,0.001,0.01,28072.25,880.05,0.009,0.99,0.999,880.05,28072.25,0.009,0.0055,0.9945,0.030397,0.969603,65874.6
1774829696322,2026-03-30T00:14:56.322,btc-updown-15m-1774828800,1774829700,Down,101568968249334109841172910982417291807547954045954580268278800158435602610765,55509577823317260827288263848773842817483250717111942605040287447757050352635,,0.001,305.64,,,0.999,,,305.64,,,,,,65874.6
1774829697324,2026-03-30T00:14:57.324,btc-updown-15m-1774828800,1774829700,Down,101568968249334109841172910982417291807547954045954580268278800158435602610765,55509577823317260827288263848773842817483250717111942605040287447757050352635,,0.001,290.64,,,0.999,,,290.64,,,,,,65853.46
1774829698324,2026-03-30T00:14:58.324,btc-updown-15m-1774828800,1774829700,Down,101568968249334109841172910982417291807547954045954580268278800158435602610765,55509577823317260827288263848773842817483250717111942605040287447757050352635,,0.001,290.64,,,0.999,,,290.64,,,,,,65853.46
1774829699324,2026-03-30T00:14:59.324,btc-updown-15m-1774828800,1774829700,Down,101568968249334109841172910982417291807547954045954580268278800158435602610765,55509577823317260827288263848773842817483250717111942605040287447757050352635,,0.001,1215.57,,,0.999,,,1215.57,,,,,,65853.46
1774829700325,2026-03-30T00:15:00.325,btc-updown-15m-1774828800,1774829700,Down,101568968249334109841172910982417291807547954045954580268278800158435602610765,55509577823317260827288263848773842817483250717111942605040287447757050352635,,0.001,1215.57,,,0.999,,,1215.57,,,,,,65858.74
1774829700325,2026-03-30T00:15:00.325,btc-updown-15m-1774829700,1774830600,Up,44805772389954001846323941798115507711803280761959313342767241838745754095837,28699609518160570455168919112568591741029426949308718225055435784035660622902,0.55,0.57,27.0,512.04,0.02,0.43,0.45,512.04,27.0,0.02,0.56,0.44,0.949911,0.050089,65858.74
1774829701326,2026-03-30T00:15:01.326,btc-updown-15m-1774829700,1774830600,Up,44805772389954001846323941798115507711803280761959313342767241838745754095837,28699609518160570455168919112568591741029426949308718225055435784035660622902,0.55,0.56,14.15,471.72,0.01,0.44,0.45,471.72,14.15,0.01,0.555,0.445,0.970877,0.029123,65858.74
1774829702327,2026-03-30T00:15:02.327,btc-updown-15m-1774829700,1774830600,Up,44805772389954001846323941798115507711803280761959313342767241838745754095837,28699609518160570455168919112568591741029426949308718225055435784035660622902,0.55,0.56,120.94,447.26,0.01,0.44,0.45,447.26,120.94,0.01,0.555,0.445,0.787152,0.212848,65858.74
1774829703328,2026-03-30T00:15:03.328,btc-updown-15m-1774829700,1774830600,Up,44805772389954001846323941798115507711803280761959313342767241838745754095837,28699609518160570455168919112568591741029426949308718225055435784035660622902,0.52,0.55,116.96,99.5,0.03,0.45,0.48,99.5,116.96,0.03,0.535,0.465,0.459669,0.540331,65851.02
1774829704328,2026-03-30T00:15:04.328,btc-updown-15m-1774829700,1774830600,Up,44805772389954001846323941798115507711803280761959313342767241838745754095837,28699609518160570455168919112568591741029426949308718225055435784035660622902,0.5,0.51,139.79,264.19,0.01,0.49,0.5,264.19,139.79,0.01,0.505,0.495,0.653968,0.346032,65851.02
1774829705328,2026-03-30T00:15:05.328,btc-updown-15m-1774829700,1774830600,Up,44805772389954001846323941798115507711803280761959313342767241838745754095837,28699609518160570455168919112568591741029426949308718225055435784035660622902,0.5,0.51,239.95,238.81,0.01,0.49,0.5,238.81,239.95,0.01,0.505,0.495,0.498809,0.501191,65851.02
1774829706329,2026-03-30T00:15:06.329,btc-updown-15m-1774829700,1774830600,Up,44805772389954001846323941798115507711803280761959313342767241838745754095837,28699609518160570455168919112568591741029426949308718225055435784035660622902,0.47,0.48,1.31,128.18,0.01,0.52,0.53,128.18,1.31,0.01,0.475,0.525,0.989883,0.010117,65829.05
1774829707329,2026-03-30T00:15:07.329,btc-updown-15m-1774829700,1774830600,Up,44805772389954001846323941798115507711803280761959313342767241838745754095837,28699609518160570455168919112568591741029426949308718225055435784035660622902,0.45,0.47,29.04,234.72,0.02,0.53,0.55,234.72,29.04,0.02,0.46,0.54,0.8899,0.1101,65829.05
1774829708330,2026-03-30T00:15:08.330,btc-updown-15m-1774829700,1774830600,Up,44805772389954001846323941798115507711803280761959313342767241838745754095837,28699609518160570455168919112568591741029426949308718225055435784035660622902,0.46,0.47,17.44,39.22,0.01,0.53,0.54,39.22,17.44,0.01,0.465,0.535,0.692199,0.307801,65829.05
1774829709330,2026-03-30T00:15:09.330,btc-updown-15m-1774829700,1774830600,Up,44805772389954001846323941798115507711803280761959313342767241838745754095837,28699609518160570455168919112568591741029426949308718225055435784035660622902,0.47,0.48,14.75,40.0,0.01,0.52,0.53,40.0,14.75,0.01,0.475,0.525,0.730594,0.269406,65829.05
1774829710330,2026-03-30T00:15:10.330,btc-updown-15m-1774829700,1774830600,Up,44805772389954001846323941798115507711803280761959313342767241838745754095837,28699609518160570455168919112568591741029426949308718225055435784035660622902,0.47,0.48,17.91,264.62,0.01,0.52,0.53,264.62,17.91,0.01,0.475,0.525,0.936609,0.063391,65829.05
1774829711330,2026-03-30T00:15:11.330,btc-updown-15m-1774829700,1774830600,Up,44805772389954001846323941798115507711803280761959313342767241838745754095837,28699609518160570455168919112568591741029426949308718225055435784035660622902,0.47,0.48,36.0,58.01,0.01,0.52,0.53,58.01,36.0,0.01,0.475,0.525,0.617062,0.382938,65829.05
1774829712331,2026-03-30T00:15:12.331,btc-updown-15m-1774829700,1774830600,Up,44805772389954001846323941798115507711803280761959313342767241838745754095837,28699609518160570455168919112568591741029426949308718225055435784035660622902,0.45,0.48,24.0,1660.72,0.03,0.52,0.55,1660.72,24.0,0.03,0.465,0.535,0.985754,0.014246,65826.99
1774829713332,2026-03-30T00:15:13.332,btc-updown-15m-1774829700,1774830600,Up,44805772389954001846323941798115507711803280761959313342767241838745754095837,28699609518160570455168919112568591741029426949308718225055435784035660622902,0.47,0.49,26.81,183.0,0.02,0.51,0.53,183.0,26.81,0.02,0.48,0.52,0.872218,0.127782,65826.99
1774829714333,2026-03-30T00:15:14.333,btc-updown-15m-1774829700,1774830600,Up,44805772389954001846323941798115507711803280761959313342767241838745754095837,28699609518160570455168919112568591741029426949308718225055435784035660622902,0.49,0.5,13.0,141.81,0.01,0.5,0.51,141.81,13.0,0.01,0.495,0.505,0.916026,0.083974,65826.99
1774829715333,2026-03-30T00:15:15.333,btc-updown-15m-1774829700,1774830600,Up,44805772389954001846323941798115507711803280761959313342767241838745754095837,28699609518160570455168919112568591741029426949308718225055435784035660622902,0.51,0.52,161.0,54.0,0.01,0.48,0.49,54.0,161.0,0.01,0.515,0.485,0.251163,0.748837,65849.35
1774829716334,2026-03-30T00:15:16.334,btc-updown-15m-1774829700,1774830600,Up,44805772389954001846323941798115507711803280761959313342767241838745754095837,28699609518160570455168919112568591741029426949308718225055435784035660622902,0.52,0.56,87.27,179.37,0.04,0.44,0.48,179.37,87.27,0.04,0.54,0.46,0.672705,0.327295,65849.35
1774829717335,2026-03-30T00:15:17.335,btc-updown-15m-1774829700,1774830600,Up,44805772389954001846323941798115507711803280761959313342767241838745754095837,28699609518160570455168919112568591741029426949308718225055435784035660622902,0.55,0.56,1223.27,167.25,0.01,0.44,0.45,167.25,1223.27,0.01,0.555,0.445,0.120279,0.879721,65849.35
1774829718336,2026-03-30T00:15:18.336,btc-updown-15m-1774829700,1774830600,Up,44805772389954001846323941798115507711803280761959313342767241838745754095837,28699609518160570455168919112568591741029426949308718225055435784035660622902,0.56,0.57,857.43,437.5,0.01,0.43,0.44,437.5,857.43,0.01,0.565,0.435,0.337856,0.662144,65865.88
1774829719336,2026-03-30T00:15:19.336,btc-updown-15m-1774829700,1774830600,Up,44805772389954001846323941798115507711803280761959313342767241838745754095837,28699609518160570455168919112568591741029426949308718225055435784035660622902,0.56,0.57,1.39,258.5,0.01,0.43,0.44,258.5,1.39,0.01,0.565,0.435,0.994652,0.005348,65865.88
1774829720336,2026-03-30T00:15:20.336,btc-updown-15m-1774829700,1774830600,Up,44805772389954001846323941798115507711803280761959313342767241838745754095837,28699609518160570455168919112568591741029426949308718225055435784035660622902,0.57,0.58,1314.72,66.76,0.01,0.42,0.43,131.76,1314.72,0.01,0.575,0.425,0.048325,0.90891,65865.88
1774829721337,2026-03-30T00:15:21.337,btc-updown-15m-1774829700,1774830600,Up,44805772389954001846323941798115507711803280761959313342767241838745754095837,28699609518160570455168919112568591741029426949308718225055435784035660622902,0.55,0.56,64.09,62.5,0.01,0.44,0.45,62.5,64.09,0.01,0.555,0.445,0.49372,0.50628,65872.03
1774829722337,2026-03-30T00:15:22.337,btc-updown-15m-1774829700,1774830600,Up,44805772389954001846323941798115507711803280761959313342767241838745754095837,28699609518160570455168919112568591741029426949308718225055435784035660622902,0.56,0.59,209.0,342.5,0.03,0.41,0.44,342.5,209.0,0.03,0.575,0.425,0.621034,0.378966,65872.03
1774829723337,2026-03-30T00:15:23.337,btc-updown-15m-1774829700,1774830600,Up,44805772389954001846323941798115507711803280761959313342767241838745754095837,28699609518160570455168919112568591741029426949308718225055435784035660622902,0.58,0.59,1068.0,30.69,0.01,0.41,0.42,30.69,1068.0,0.01,0.585,0.415,0.027933,0.972067,65872.03
1774829724338,2026-03-30T00:15:24.338,btc-updown-15m-1774829700,1774830600,Up,44805772389954001846323941798115507711803280761959313342767241838745754095837,28699609518160570455168919112568591741029426949308718225055435784035660622902,0.56,0.58,70.0,319.0,0.02,0.42,0.44,319.0,70.0,0.02,0.57,0.43,0.820051,0.179949,65872.03
1774829725340,2026-03-30T00:15:25.340,btc-updown-15m-1774829700,1774830600,Up,44805772389954001846323941798115507711803280761959313342767241838745754095837,28699609518160570455168919112568591741029426949308718225055435784035660622902,0.55,0.56,23.0,436.41,0.01,0.44,0.45,436.41,23.0,0.01,0.555,0.445,0.949936,0.050064,65872.03
1774829726341,2026-03-30T00:15:26.341,btc-updown-15m-1774829700,1774830600,Up,44805772389954001846323941798115507711803280761959313342767241838745754095837,28699609518160570455168919112568591741029426949308718225055435784035660622902,0.56,0.57,42.0,9.0,0.01,0.43,0.44,9.0,42.0,0.01,0.565,0.435,0.176471,0.823529,65872.03
1774829727342,2026-03-30T00:15:27.342,btc-updown-15m-1774829700,1774830600,Up,44805772389954001846323941798115507711803280761959313342767241838745754095837,28699609518160570455168919112568591741029426949308718225055435784035660622902,0.56,0.57,81.39,81.5,0.01,0.43,0.44,81.5,81.39,0.01,0.565,0.435,0.500338,0.499662,65872.04
1774829728342,2026-03-30T00:15:28.342,btc-updown-15m-1774829700,1774830600,Up,44805772389954001846323941798115507711803280761959313342767241838745754095837,28699609518160570455168919112568591741029426949308718225055435784035660622902,0.56,0.57,76.39,76.5,0.01,0.43,0.44,76.5,76.39,0.01,0.565,0.435,0.50036,0.49964,65872.04
1774829729343,2026-03-30T00:15:29.343,btc-updown-15m-1774829700,1774830600,Up,44805772389954001846323941798115507711803280761959313342767241838745754095837,28699609518160570455168919112568591741029426949308718225055435784035660622902,0.56,0.57,1191.97,12.5,0.01,0.43,0.44,12.5,1191.97,0.01,0.565,0.435,0.010378,0.989622,65872.04
1774829730344,2026-03-30T00:15:30.344,btc-updown-15m-1774829700,1774830600,Up,44805772389954001846323941798115507711803280761959313342767241838745754095837,28699609518160570455168919112568591741029426949308718225055435784035660622902,0.53,0.54,87.7,191.73,0.01,0.46,0.47,191.73,87.7,0.01,0.535,0.465,0.686147,0.313853,65860.08
1774829731345,2026-03-30T00:15:31.345,btc-updown-15m-1774829700,1774830600,Up,44805772389954001846323941798115507711803280761959313342767241838745754095837,28699609518160570455168919112568591741029426949308718225055435784035660622902,0.52,0.53,94.0,1142.71,0.01,0.47,0.48,1142.71,94.0,0.01,0.525,0.475,0.923992,0.076008,65860.08
1774829732346,2026-03-30T00:15:32.346,btc-updown-15m-1774829700,1774830600,Up,44805772389954001846323941798115507711803280761959313342767241838745754095837,28699609518160570455168919112568591741029426949308718225055435784035660622902,0.52,0.53,94.0,1142.71,0.01,0.47,0.48,1142.71,94.0,0.01,0.525,0.475,0.923992,0.076008,65860.08
1774829733347,2026-03-30T00:15:33.347,btc-updown-15m-1774829700,1774830600,Up,44805772389954001846323941798115507711803280761959313342767241838745754095837,28699609518160570455168919112568591741029426949308718225055435784035660622902,0.53,0.54,141.0,79.36,0.01,0.46,0.47,79.36,141.0,0.01,0.535,0.465,0.360138,0.639862,65860.89
1774829734348,2026-03-30T00:15:34.348,btc-updown-15m-1774829700,1774830600,Up,44805772389954001846323941798115507711803280761959313342767241838745754095837,28699609518160570455168919112568591741029426949308718225055435784035660622902,0.53,0.54,84.09,380.36,0.01,0.46,0.47,380.36,84.09,0.01,0.535,0.465,0.818947,0.181053,65860.89
1774829735349,2026-03-30T00:15:35.349,btc-updown-15m-1774829700,1774830600,Up,44805772389954001846323941798115507711803280761959313342767241838745754095837,28699609518160570455168919112568591741029426949308718225055435784035660622902,0.53,0.54,29.09,366.29,0.01,0.46,0.47,366.29,29.09,0.01,0.535,0.465,0.926425,0.073575,65860.89
1774829736349,2026-03-30T00:15:36.349,btc-updown-15m-1774829700,1774830600,Up,44805772389954001846323941798115507711803280761959313342767241838745754095837,28699609518160570455168919112568591741029426949308718225055435784035660622902,0.53,0.54,15.09,344.01,0.01,0.46,0.47,344.01,15.09,0.01,0.535,0.465,0.957978,0.042022,65860.89
1774829737350,2026-03-30T00:15:37.350,btc-updown-15m-1774829700,1774830600,Up,44805772389954001846323941798115507711803280761959313342767241838745754095837,28699609518160570455168919112568591741029426949308718225055435784035660622902,0.52,0.53,40.0,159.91,0.01,0.45,0.48,134.91,675.99,0.03,0.525,0.465,0.79991,0.833629,65860.89
1774829738350,2026-03-30T00:15:38.350,btc-updown-15m-1774829700,1774830600,Up,44805772389954001846323941798115507711803280761959313342767241838745754095837,28699609518160570455168919112568591741029426949308718225055435784035660622902,0.52,0.53,51.91,20.0,0.01,0.47,0.48,20.0,51.91,0.01,0.525,0.475,0.278125,0.721875,65860.89
1774829739351,2026-03-30T00:15:39.351,btc-updown-15m-1774829700,1774830600,Up,44805772389954001846323941798115507711803280761959313342767241838745754095837,28699609518160570455168919112568591741029426949308718225055435784035660622902,0.49,0.5,263.0,205.77,0.01,0.5,0.51,205.77,263.0,0.01,0.495,0.505,0.438957,0.561043,65852.32
1774829740351,2026-03-30T00:15:40.351,btc-updown-15m-1774829700,1774830600,Up,44805772389954001846323941798115507711803280761959313342767241838745754095837,28699609518160570455168919112568591741029426949308718225055435784035660622902,0.49,0.5,142.0,25.0,0.01,0.5,0.51,25.0,142.0,0.01,0.495,0.505,0.149701,0.850299,65852.32
1774829741352,2026-03-30T00:15:41.352,btc-updown-15m-1774829700,1774830600,Up,44805772389954001846323941798115507711803280761959313342767241838745754095837,28699609518160570455168919112568591741029426949308718225055435784035660622902,0.49,0.5,32.8,60.0,0.01,0.5,0.51,60.0,32.8,0.01,0.495,0.505,0.646552,0.353448,65852.32
1774829742353,2026-03-30T00:15:42.353,btc-updown-15m-1774829700,1774830600,Up,44805772389954001846323941798115507711803280761959313342767241838745754095837,28699609518160570455168919112568591741029426949308718225055435784035660622902,0.49,0.5,79.8,37.4,0.01,0.5,0.51,37.4,79.8,0.01,0.495,0.505,0.319113,0.680887,65852.33
1774829743354,2026-03-30T00:15:43.354,btc-updown-15m-1774829700,1774830600,Up,44805772389954001846323941798115507711803280761959313342767241838745754095837,28699609518160570455168919112568591741029426949308718225055435784035660622902,0.49,0.5,79.8,37.4,0.01,0.5,0.51,37.4,79.8,0.01,0.495,0.505,0.319113,0.680887,65852.33
1774829744354,2026-03-30T00:15:44.354,btc-updown-15m-1774829700,1774830600,Up,44805772389954001846323941798115507711803280761959313342767241838745754095837,28699609518160570455168919112568591741029426949308718225055435784035660622902,0.49,0.5,79.8,37.4,0.01,0.5,0.51,37.4,79.8,0.01,0.495,0.505,0.319113,0.680887,65852.33
1774829745355,2026-03-30T00:15:45.355,btc-updown-15m-1774829700,1774830600,Up,44805772389954001846323941798115507711803280761959313342767241838745754095837,28699609518160570455168919112568591741029426949308718225055435784035660622902,0.45,0.47,614.18,208.02,0.02,0.53,0.55,208.02,614.18,0.02,0.46,0.54,0.253004,0.746996,65836.35
1774829746356,2026-03-30T00:15:46.356,btc-updown-15m-1774829700,1774830600,Up,44805772389954001846323941798115507711803280761959313342767241838745754095837,28699609518160570455168919112568591741029426949308718225055435784035660622902,0.45,0.46,319.71,188.02,0.01,0.54,0.55,188.02,319.71,0.01,0.455,0.545,0.370315,0.629685,65836.35
1774829747356,2026-03-30T00:15:47.356,btc-updown-15m-1774829700,1774830600,Up,44805772389954001846323941798115507711803280761959313342767241838745754095837,28699609518160570455168919112568591741029426949308718225055435784035660622902,0.45,0.46,526.5,23.19,0.01,0.54,0.55,23.19,526.5,0.01,0.455,0.545,0.042187,0.957813,65836.35
1774829748357,2026-03-30T00:15:48.357,btc-updown-15m-1774829700,1774830600,Up,44805772389954001846323941798115507711803280761959313342767241838745754095837,28699609518160570455168919112568591741029426949308718225055435784035660622902,0.44,0.45,198.8,32.03,0.01,0.55,0.56,32.03,198.8,0.01,0.445,0.555,0.13876,0.86124,65824.04
1774829749357,2026-03-30T00:15:49.357,btc-updown-15m-1774829700,1774830600,Up,44805772389954001846323941798115507711803280761959313342767241838745754095837,28699609518160570455168919112568591741029426949308718225055435784035660622902,0.45,0.46,316.5,38.19,0.01,0.54,0.55,38.19,316.5,0.01,0.455,0.545,0.107671,0.892329,65824.04
1774829750358,2026-03-30T00:15:50.358,btc-updown-15m-1774829700,1774830600,Up,44805772389954001846323941798115507711803280761959313342767241838745754095837,28699609518160570455168919112568591741029426949308718225055435784035660622902,0.45,0.46,115.5,1074.34,0.01,0.54,0.55,1074.34,115.5,0.01,0.455,0.545,0.902928,0.097072,65824.04
1774829751359,2026-03-30T00:15:51.359,btc-updown-15m-1774829700,1774830600,Up,44805772389954001846323941798115507711803280761959313342767241838745754095837,28699609518160570455168919112568591741029426949308718225055435784035660622902,0.46,0.47,124.29,282.5,0.01,0.53,0.54,282.5,124.29,0.01,0.465,0.535,0.694462,0.305538,65824.05
1774829752360,2026-03-30T00:15:52.360,btc-updown-15m-1774829700,1774830600,Up,44805772389954001846323941798115507711803280761959313342767241838745754095837,28699609518160570455168919112568591741029426949308718225055435784035660622902,0.46,0.47,77.29,365.75,0.01,0.53,0.54,365.75,77.29,0.01,0.465,0.535,0.825546,0.174454,65824.05
1774829753361,2026-03-30T00:15:53.361,btc-updown-15m-1774829700,1774830600,Up,44805772389954001846323941798115507711803280761959313342767241838745754095837,28699609518160570455168919112568591741029426949308718225055435784035660622902,0.46,0.47,107.29,393.75,0.01,0.53,0.54,393.75,107.29,0.01,0.465,0.535,0.785865,0.214135,65824.05
1774829754362,2026-03-30T00:15:54.362,btc-updown-15m-1774829700,1774830600,Up,44805772389954001846323941798115507711803280761959313342767241838745754095837,28699609518160570455168919112568591741029426949308718225055435784035660622902,0.47,0.48,408.26,213.5,0.01,0.52,0.53,213.5,408.26,0.01,0.475,0.525,0.34338,0.65662,65831.57
1774829755363,2026-03-30T00:15:55.363,btc-updown-15m-1774829700,1774830600,Up,44805772389954001846323941798115507711803280761959313342767241838745754095837,28699609518160570455168919112568591741029426949308718225055435784035660622902,0.47,0.48,87.84,146.0,0.01,0.52,0.53,146.0,87.84,0.01,0.475,0.525,0.624359,0.375641,65831.57
1774829756363,2026-03-30T00:15:56.363,btc-updown-15m-1774829700,1774830600,Up,44805772389954001846323941798115507711803280761959313342767241838745754095837,28699609518160570455168919112568591741029426949308718225055435784035660622902,0.47,0.48,183.0,45.0,0.01,0.52,0.53,45.0,183.0,0.01,0.475,0.525,0.197368,0.802632,65831.57
1774829757364,2026-03-30T00:15:57.364,btc-updown-15m-1774829700,1774830600,Up,44805772389954001846323941798115507711803280761959313342767241838745754095837,28699609518160570455168919112568591741029426949308718225055435784035660622902,0.47,0.48,478.5,35.0,0.01,0.52,0.53,35.0,478.5,0.01,0.475,0.525,0.06816,0.93184,65830.8
1774829758364,2026-03-30T00:15:58.364,btc-updown-15m-1774829700,1774830600,Up,44805772389954001846323941798115507711803280761959313342767241838745754095837,28699609518160570455168919112568591741029426949308718225055435784035660622902,0.46,0.49,39.0,1444.4,0.03,0.51,0.54,1444.4,39.0,0.03,0.475,0.525,0.973709,0.026291,65830.8
1774829759365,2026-03-30T00:15:59.365,btc-updown-15m-1774829700,1774830600,Up,44805772389954001846323941798115507711803280761959313342767241838745754095837,28699609518160570455168919112568591741029426949308718225055435784035660622902,0.46,0.49,39.0,1444.4,0.03,0.51,0.54,1444.4,39.0,0.03,0.475,0.525,0.973709,0.026291,65830.8
1774829760365,2026-03-30T00:16:00.365,btc-updown-15m-1774829700,1774830600,Up,44805772389954001846323941798115507711803280761959313342767241838745754095837,28699609518160570455168919112568591741029426949308718225055435784035660622902,0.48,0.49,774.5,5.76,0.01,0.51,0.52,5.76,774.5,0.01,0.485,0.515,0.007382,0.992618,65830.8
1774829761365,2026-03-30T00:16:01.365,btc-updown-15m-1774829700,1774830600,Up,44805772389954001846323941798115507711803280761959313342767241838745754095837,28699609518160570455168919112568591741029426949308718225055435784035660622902,0.48,0.49,776.09,5.0,0.01,0.51,0.52,5.0,776.09,0.01,0.485,0.515,0.006401,0.993599,65830.8
1774829762366,2026-03-30T00:16:02.366,btc-updown-15m-1774829700,1774830600,Up,44805772389954001846323941798115507711803280761959313342767241838745754095837,28699609518160570455168919112568591741029426949308718225055435784035660622902,0.48,0.49,549.09,53.5,0.01,0.51,0.52,53.5,549.09,0.01,0.485,0.515,0.088783,0.911217,65830.8
1774829763367,2026-03-30T00:16:03.367,btc-updown-15m-1774829700,1774830600,Up,44805772389954001846323941798115507711803280761959313342767241838745754095837,28699609518160570455168919112568591741029426949308718225055435784035660622902,0.5,0.51,173.52,18.76,0.01,0.49,0.5,18.76,173.52,0.01,0.505,0.495,0.097566,0.902434,65845.6
1774829764367,2026-03-30T00:16:04.367,btc-updown-15m-1774829700,1774830600,Up,44805772389954001846323941798115507711803280761959313342767241838745754095837,28699609518160570455168919112568591741029426949308718225055435784035660622902,0.52,0.53,372.0,145.0,0.01,0.47,0.48,145.0,372.0,0.01,0.525,0.475,0.280464,0.719536,65845.6
1774829765367,2026-03-30T00:16:05.367,btc-updown-15m-1774829700,1774830600,Up,44805772389954001846323941798115507711803280761959313342767241838745754095837,28699609518160570455168919112568591741029426949308718225055435784035660622902,0.49,0.51,406.0,141.5,0.02,0.49,0.51,141.5,406.0,0.02,0.5,0.5,0.258447,0.741553,65845.6
1774829766368,2026-03-30T00:16:06.368,btc-updown-15m-1774829700,1774830600,Up,44805772389954001846323941798115507711803280761959313342767241838745754095837,28699609518160570455168919112568591741029426949308718225055435784035660622902,0.49,0.5,539.0,16.0,0.01,0.5,0.51,16.0,539.0,0.01,0.495,0.505,0.028829,0.971171,65841.0
1774829767369,2026-03-30T00:16:07.369,btc-updown-15m-1774829700,1774830600,Up,44805772389954001846323941798115507711803280761959313342767241838745754095837,28699609518160570455168919112568591741029426949308718225055435784035660622902,0.46,0.47,120.0,277.82,0.01,0.53,0.54,277.82,120.0,0.01,0.465,0.535,0.698356,0.301644,65841.0
1774829768370,2026-03-30T00:16:08.370,btc-updown-15m-1774829700,1774830600,Up,44805772389954001846323941798115507711803280761959313342767241838745754095837,28699609518160570455168919112568591741029426949308718225055435784035660622902,0.46,0.47,1463.85,210.32,0.01,0.53,0.54,210.32,1463.85,0.01,0.465,0.535,0.125626,0.874374,65841.0
1774829769371,2026-03-30T00:16:09.371,btc-updown-15m-1774829700,1774830600,Up,44805772389954001846323941798115507711803280761959313342767241838745754095837,28699609518160570455168919112568591741029426949308718225055435784035660622902,0.46,0.47,1442.85,115.69,0.01,0.53,0.54,115.69,1442.85,0.01,0.465,0.535,0.07423,0.92577,65826.52
1774829770372,2026-03-30T00:16:10.372,btc-updown-15m-1774829700,1774830600,Up,44805772389954001846323941798115507711803280761959313342767241838745754095837,28699609518160570455168919112568591741029426949308718225055435784035660622902,0.46,0.47,1442.85,115.69,0.01,0.53,0.54,115.69,1442.85,0.01,0.465,0.535,0.07423,0.92577,65826.52
1774829771372,2026-03-30T00:16:11.372,btc-updown-15m-1774829700,1774830600,Up,44805772389954001846323941798115507711803280761959313342767241838745754095837,28699609518160570455168919112568591741029426949308718225055435784035660622902,0.46,0.47,469.85,110.69,0.01,0.53,0.54,110.69,469.85,0.01,0.465,0.535,0.190667,0.809333,65826.52
1774829772373,2026-03-30T00:16:12.373,btc-updown-15m-1774829700,1774830600,Up,44805772389954001846323941798115507711803280761959313342767241838745754095837,28699609518160570455168919112568591741029426949308718225055435784035660622902,0.46,0.47,439.85,101.99,0.01,0.53,0.54,101.99,439.85,0.01,0.465,0.535,0.188229,0.811771,65826.52
1774829773375,2026-03-30T00:16:13.375,btc-updown-15m-1774829700,1774830600,Up,44805772389954001846323941798115507711803280761959313342767241838745754095837,28699609518160570455168919112568591741029426949308718225055435784035660622902,0.46,0.47,464.85,96.99,0.01,0.53,0.54,96.99,464.85,0.01,0.465,0.535,0.172629,0.827371,65826.52
1774829774376,2026-03-30T00:16:14.376,btc-updown-15m-1774829700,1774830600,Up,44805772389954001846323941798115507711803280761959313342767241838745754095837,28699609518160570455168919112568591741029426949308718225055435784035660622902,0.46,0.47,464.85,96.99,0.01,0.53,0.54,96.99,464.85,0.01,0.465,0.535,0.172629,0.827371,65826.52
1774829775377,2026-03-30T00:16:15.377,btc-updown-15m-1774829700,1774830600,Up,44805772389954001846323941798115507711803280761959313342767241838745754095837,28699609518160570455168919112568591741029426949308718225055435784035660622902,0.46,0.47,406.85,75.0,0.01,0.53,0.54,75.0,406.85,0.01,0.465,0.535,0.15565,0.84435,65826.51
1774829776377,2026-03-30T00:16:16.377,btc-updown-15m-1774829700,1774830600,Up,44805772389954001846323941798115507711803280761959313342767241838745754095837,28699609518160570455168919112568591741029426949308718225055435784035660622902,0.46,0.47,406.85,75.0,0.01,0.53,0.54,75.0,406.85,0.01,0.465,0.535,0.15565,0.84435,65826.51
1774829777378,2026-03-30T00:16:17.378,btc-updown-15m-1774829700,1774830600,Up,44805772389954001846323941798115507711803280761959313342767241838745754095837,28699609518160570455168919112568591741029426949308718225055435784035660622902,0.46,0.47,616.2,197.0,0.01,0.53,0.54,197.0,616.2,0.01,0.465,0.535,0.242253,0.757747,65826.51
1774829778379,2026-03-30T00:16:18.379,btc-updown-15m-1774829700,1774830600,Up,44805772389954001846323941798115507711803280761959313342767241838745754095837,28699609518160570455168919112568591741029426949308718225055435784035660622902,0.46,0.47,265.0,172.32,0.01,0.53,0.54,172.32,265.0,0.01,0.465,0.535,0.394036,0.605964,65826.52
1774829779381,2026-03-30T00:16:19.381,btc-updown-15m-1774829700,1774830600,Up,44805772389954001846323941798115507711803280761959313342767241838745754095837,28699609518160570455168919112568591741029426949308718225055435784035660622902,0.46,0.47,410.0,109.33,0.01,0.53,0.54,109.33,410.0,0.01,0.465,0.535,0.210521,0.789479,65826.52
1774829780382,2026-03-30T00:16:20.382,btc-updown-15m-1774829700,1774830600,Up,44805772389954001846323941798115507711803280761959313342767241838745754095837,28699609518160570455168919112568591741029426949308718225055435784035660622902,0.46,0.47,410.0,109.33,0.01,0.53,0.54,109.33,410.0,0.01,0.465,0.535,0.210521,0.789479,65826.52
1774829781383,2026-03-30T00:16:21.383,btc-updown-15m-1774829700,1774830600,Up,44805772389954001846323941798115507711803280761959313342767241838745754095837,28699609518160570455168919112568591741029426949308718225055435784035660622902,0.46,0.47,42.0,1360.46,0.01,0.53,0.54,1360.46,42.0,0.01,0.465,0.535,0.970053,0.029947,65826.51
1774829782384,2026-03-30T00:16:22.384,btc-updown-15m-1774829700,1774830600,Up,44805772389954001846323941798115507711803280761959313342767241838745754095837,28699609518160570455168919112568591741029426949308718225055435784035660622902,0.46,0.47,42.0,1360.46,0.01,0.53,0.54,1360.46,42.0,0.01,0.465,0.535,0.970053,0.029947,65826.51
1774829783386,2026-03-30T00:16:23.386,btc-updown-15m-1774829700,1774830600,Up,44805772389954001846323941798115507711803280761959313342767241838745754095837,28699609518160570455168919112568591741029426949308718225055435784035660622902,0.46,0.47,42.0,1360.46,0.01,0.53,0.54,1360.46,42.0,0.01,0.465,0.535,0.970053,0.029947,65826.51
1774829784387,2026-03-30T00:16:24.387,btc-updown-15m-1774829700,1774830600,Up,44805772389954001846323941798115507711803280761959313342767241838745754095837,28699609518160570455168919112568591741029426949308718225055435784035660622902,0.46,0.47,42.0,1360.46,0.01,0.53,0.54,1360.46,42.0,0.01,0.465,0.535,0.970053,0.029947,65826.51
1774829785387,2026-03-30T00:16:25.387,btc-updown-15m-1774829700,1774830600,Up,44805772389954001846323941798115507711803280761959313342767241838745754095837,28699609518160570455168919112568591741029426949308718225055435784035660622902,0.46,0.47,166.2,81.46,0.01,0.53,0.54,81.46,166.2,0.01,0.465,0.535,0.328919,0.671081,65826.51
1774829786389,2026-03-30T00:16:26.389,btc-updown-15m-1774829700,1774830600,Up,44805772389954001846323941798115507711803280761959313342767241838745754095837,28699609518160570455168919112568591741029426949308718225055435784035660622902,0.46,0.47,140.64,58.96,0.01,0.53,0.54,58.96,140.64,0.01,0.465,0.535,0.295391,0.704609,65826.51
1774829787389,2026-03-30T00:16:27.389,btc-updown-15m-1774829700,1774830600,Up,44805772389954001846323941798115507711803280761959313342767241838745754095837,28699609518160570455168919112568591741029426949308718225055435784035660622902,0.46,0.47,140.64,58.96,0.01,0.53,0.54,58.96,140.64,0.01,0.465,0.535,0.295391,0.704609,65826.52
1774829788390,2026-03-30T00:16:28.390,btc-updown-15m-1774829700,1774830600,Up,44805772389954001846323941798115507711803280761959313342767241838745754095837,28699609518160570455168919112568591741029426949308718225055435784035660622902,0.46,0.47,108.59,117.07,0.01,0.53,0.54,117.07,108.59,0.01,0.465,0.535,0.518789,0.481211,65826.52
1774829789390,2026-03-30T00:16:29.390,btc-updown-15m-1774829700,1774830600,Up,44805772389954001846323941798115507711803280761959313342767241838745754095837,28699609518160570455168919112568591741029426949308718225055435784035660622902,0.45,0.46,161.8,2052.14,0.01,0.54,0.55,2052.14,161.8,0.01,0.455,0.545,0.926918,0.073082,65826.52
1774829790391,2026-03-30T00:16:30.391,btc-updown-15m-1774829700,1774830600,Up,44805772389954001846323941798115507711803280761959313342767241838745754095837,28699609518160570455168919112568591741029426949308718225055435784035660622902,0.45,0.46,537.66,743.82,0.01,0.54,0.55,743.82,537.66,0.01,0.455,0.545,0.580438,0.419562,65818.7
1774829791392,2026-03-30T00:16:31.392,btc-updown-15m-1774829700,1774830600,Up,44805772389954001846323941798115507711803280761959313342767241838745754095837,28699609518160570455168919112568591741029426949308718225055435784035660622902,0.45,0.46,1465.2,648.26,0.01,0.54,0.55,648.26,1465.2,0.01,0.455,0.545,0.306729,0.693271,65818.7
1774829792393,2026-03-30T00:16:32.393,btc-updown-15m-1774829700,1774830600,Up,44805772389954001846323941798115507711803280761959313342767241838745754095837,28699609518160570455168919112568591741029426949308718225055435784035660622902,0.45,0.46,1550.2,623.26,0.01,0.54,0.55,623.26,1550.2,0.01,0.455,0.545,0.286759,0.713241,65818.7
1774829793394,2026-03-30T00:16:33.394,btc-updown-15m-1774829700,1774830600,Up,44805772389954001846323941798115507711803280761959313342767241838745754095837,28699609518160570455168919112568591741029426949308718225055435784035660622902,0.45,0.47,189.39,694.32,0.02,0.53,0.55,694.32,189.39,0.02,0.46,0.54,0.785688,0.214312,65818.7
1774829794394,2026-03-30T00:16:34.394,btc-updown-15m-1774829700,1774830600,Up,44805772389954001846323941798115507711803280761959313342767241838745754095837,28699609518160570455168919112568591741029426949308718225055435784035660622902,0.45,0.48,1205.2,815.82,0.03,0.52,0.55,815.82,1205.2,0.03,0.465,0.535,0.403667,0.596333,65818.7
1774829795394,2026-03-30T00:16:35.394,btc-updown-15m-1774829700,1774830600,Up,44805772389954001846323941798115507711803280761959313342767241838745754095837,28699609518160570455168919112568591741029426949308718225055435784035660622902,0.48,0.49,259.22,31.0,0.01,0.51,0.52,31.0,259.22,0.01,0.485,0.515,0.106816,0.893184,65818.7
1774829796394,2026-03-30T00:16:36.394,btc-updown-15m-1774829700,1774830600,Up,44805772389954001846323941798115507711803280761959313342767241838745754095837,28699609518160570455168919112568591741029426949308718225055435784035660622902,0.47,0.48,1394.5,112.0,0.01,0.52,0.53,112.0,1394.5,0.01,0.475,0.525,0.074345,0.925655,65829.17
1774829797395,2026-03-30T00:16:37.395,btc-updown-15m-1774829700,1774830600,Up,44805772389954001846323941798115507711803280761959313342767241838745754095837,28699609518160570455168919112568591741029426949308718225055435784035660622902,0.46,0.47,173.0,78.0,0.01,0.53,0.54,78.0,173.0,0.01,0.465,0.535,0.310757,0.689243,65829.17
1774829798395,2026-03-30T00:16:38.395,btc-updown-15m-1774829700,1774830600,Up,44805772389954001846323941798115507711803280761959313342767241838745754095837,28699609518160570455168919112568591741029426949308718225055435784035660622902,0.46,0.47,173.0,78.0,0.01,0.53,0.54,78.0,173.0,0.01,0.465,0.535,0.310757,0.689243,65829.17
1774829799395,2026-03-30T00:16:39.395,btc-updown-15m-1774829700,1774830600,Up,44805772389954001846323941798115507711803280761959313342767241838745754095837,28699609518160570455168919112568591741029426949308718225055435784035660622902,0.45,0.46,20.0,695.93,0.01,0.54,0.55,695.93,20.0,0.01,0.455,0.545,0.972064,0.027936,65824.05
1774829800396,2026-03-30T00:16:40.396,btc-updown-15m-1774829700,1774830600,Up,44805772389954001846323941798115507711803280761959313342767241838745754095837,28699609518160570455168919112568591741029426949308718225055435784035660622902,0.45,0.46,1188.5,587.43,0.01,0.54,0.55,587.43,1188.5,0.01,0.455,0.545,0.330773,0.669227,65824.05
1774829801397,2026-03-30T00:16:41.397,btc-updown-15m-1774829700,1774830600,Up,44805772389954001846323941798115507711803280761959313342767241838745754095837,28699609518160570455168919112568591741029426949308718225055435784035660622902,0.45,0.46,1369.5,573.43,0.01,0.54,0.55,573.43,1369.5,0.01,0.455,0.545,0.295137,0.704863,65824.05
1774829802398,2026-03-30T00:16:42.398,btc-updown-15m-1774829700,1774830600,Up,44805772389954001846323941798115507711803280761959313342767241838745754095837,28699609518160570455168919112568591741029426949308718225055435784035660622902,0.45,0.46,1369.5,573.43,0.01,0.54,0.55,573.43,1369.5,0.01,0.455,0.545,0.295137,0.704863,65821.01
1774829803399,2026-03-30T00:16:43.399,btc-updown-15m-1774829700,1774830600,Up,44805772389954001846323941798115507711803280761959313342767241838745754095837,28699609518160570455168919112568591741029426949308718225055435784035660622902,0.45,0.46,1511.7,536.43,0.01,0.54,0.55,536.43,1511.7,0.01,0.455,0.545,0.261912,0.738088,65821.01
1774829804400,2026-03-30T00:16:44.400,btc-updown-15m-1774829700,1774830600,Up,44805772389954001846323941798115507711803280761959313342767241838745754095837,28699609518160570455168919112568591741029426949308718225055435784035660622902,0.45,0.46,1511.7,536.43,0.01,0.54,0.55,536.43,1511.7,0.01,0.455,0.545,0.261912,0.738088,65821.01
1774829805400,2026-03-30T00:16:45.400,btc-updown-15m-1774829700,1774830600,Up,44805772389954001846323941798115507711803280761959313342767241838745754095837,28699609518160570455168919112568591741029426949308718225055435784035660622902,0.45,0.46,1511.7,536.43,0.01,0.54,0.55,536.43,1511.7,0.01,0.455,0.545,0.261912,0.738088,65818.86
1774829806401,2026-03-30T00:16:46.401,btc-updown-15m-1774829700,1774830600,Up,44805772389954001846323941798115507711803280761959313342767241838745754095837,28699609518160570455168919112568591741029426949308718225055435784035660622902,0.45,0.46,1331.7,521.43,0.01,0.54,0.55,521.43,1331.7,0.01,0.455,0.545,0.281378,0.718622,65818.86
1774829807401,2026-03-30T00:16:47.401,btc-updown-15m-1774829700,1774830600,Up,44805772389954001846323941798115507711803280761959313342767241838745754095837,28699609518160570455168919112568591741029426949308718225055435784035660622902,0.45,0.46,878.99,494.43,0.01,0.54,0.55,494.43,878.99,0.01,0.455,0.545,0.359999,0.640001,65818.86
1774829808402,2026-03-30T00:16:48.402,btc-updown-15m-1774829700,1774830600,Up,44805772389954001846323941798115507711803280761959313342767241838745754095837,28699609518160570455168919112568591741029426949308718225055435784035660622902,0.45,0.46,1060.99,478.59,0.01,0.54,0.55,478.59,1060.99,0.01,0.455,0.545,0.310858,0.689142,65818.86
1774829809403,2026-03-30T00:16:49.403,btc-updown-15m-1774829700,1774830600,Up,44805772389954001846323941798115507711803280761959313342767241838745754095837,28699609518160570455168919112568591741029426949308718225055435784035660622902,0.45,0.46,1040.99,460.41,0.01,0.54,0.55,460.41,1040.99,0.01,0.455,0.545,0.306654,0.693346,65818.86
1774829810404,2026-03-30T00:16:50.404,btc-updown-15m-1774829700,1774830600,Up,44805772389954001846323941798115507711803280761959313342767241838745754095837,28699609518160570455168919112568591741029426949308718225055435784035660622902,0.45,0.46,1034.59,465.41,0.01,0.54,0.55,465.41,1034.59,0.01,0.455,0.545,0.310273,0.689727,65818.86
1774829811404,2026-03-30T00:16:51.404,btc-updown-15m-1774829700,1774830600,Up,44805772389954001846323941798115507711803280761959313342767241838745754095837,28699609518160570455168919112568591741029426949308718225055435784035660622902,0.43,0.44,116.0,218.24,0.01,0.56,0.57,218.24,116.0,0.01,0.435,0.565,0.652944,0.347056,65812.36
1774829812405,2026-03-30T00:16:52.405,btc-updown-15m-1774829700,1774830600,Up,44805772389954001846323941798115507711803280761959313342767241838745754095837,28699609518160570455168919112568591741029426949308718225055435784035660622902,0.43,0.44,40.0,1688.91,0.01,0.56,0.57,1688.91,40.0,0.01,0.435,0.565,0.976864,0.023136,65812.36
1774829813406,2026-03-30T00:16:53.406,btc-updown-15m-1774829700,1774830600,Up,44805772389954001846323941798115507711803280761959313342767241838745754095837,28699609518160570455168919112568591741029426949308718225055435784035660622902,0.43,0.44,76.4,237.66,0.01,0.56,0.57,237.66,76.4,0.01,0.435,0.565,0.756734,0.243266,65812.36
1774829814407,2026-03-30T00:16:54.407,btc-updown-15m-1774829700,1774830600,Up,44805772389954001846323941798115507711803280761959313342767241838745754095837,28699609518160570455168919112568591741029426949308718225055435784035660622902,0.43,0.44,76.4,237.66,0.01,0.56,0.57,237.66,76.4,0.01,0.435,0.565,0.756734,0.243266,65812.36
1774829815408,2026-03-30T00:16:55.408,btc-updown-15m-1774829700,1774830600,Up,44805772389954001846323941798115507711803280761959313342767241838745754095837,28699609518160570455168919112568591741029426949308718225055435784035660622902,0.43,0.44,76.4,237.66,0.01,0.56,0.57,237.66,76.4,0.01,0.435,0.565,0.756734,0.243266,65812.36
1774829816409,2026-03-30T00:16:56.409,btc-updown-15m-1774829700,1774830600,Up,44805772389954001846323941798115507711803280761959313342767241838745754095837,28699609518160570455168919112568591741029426949308718225055435784035660622902,0.43,0.44,76.4,237.66,0.01,0.56,0.57,237.66,76.4,0.01,0.435,0.565,0.756734,0.243266,65812.36
1774829817410,2026-03-30T00:16:57.410,btc-updown-15m-1774829700,1774830600,Up,44805772389954001846323941798115507711803280761959313342767241838745754095837,28699609518160570455168919112568591741029426949308718225055435784035660622902,0.43,0.44,76.4,237.66,0.01,0.56,0.57,237.66,76.4,0.01,0.435,0.565,0.756734,0.243266,65811.74
1774829818411,2026-03-30T00:16:58.411,btc-updown-15m-1774829700,1774830600,Up,44805772389954001846323941798115507711803280761959313342767241838745754095837,28699609518160570455168919112568591741029426949308718225055435784035660622902,0.43,0.44,76.4,237.66,0.01,0.56,0.57,237.66,76.4,0.01,0.435,0.565,0.756734,0.243266,65811.74
1774829819413,2026-03-30T00:16:59.413,btc-updown-15m-1774829700,1774830600,Up,44805772389954001846323941798115507711803280761959313342767241838745754095837,28699609518160570455168919112568591741029426949308718225055435784035660622902,0.43,0.44,76.4,237.66,0.01,0.56,0.57,237.66,76.4,0.01,0.435,0.565,0.756734,0.243266,65811.74
1774829820414,2026-03-30T00:17:00.414,btc-updown-15m-1774829700,1774830600,Up,44805772389954001846323941798115507711803280761959313342767241838745754095837,28699609518160570455168919112568591741029426949308718225055435784035660622902,0.4,0.42,207.76,1495.17,0.02,0.58,0.6,1495.17,207.76,0.02,0.41,0.59,0.877999,0.122001,65800.6
1774829821415,2026-03-30T00:17:01.415,btc-updown-15m-1774829700,1774830600,Up,44805772389954001846323941798115507711803280761959313342767241838745754095837,28699609518160570455168919112568591741029426949308718225055435784035660622902,0.4,0.41,67.0,1258.04,0.01,0.59,0.6,1258.04,67.0,0.01,0.405,0.595,0.949435,0.050565,65800.6
1774829822416,2026-03-30T00:17:02.416,btc-updown-15m-1774829700,1774830600,Up,44805772389954001846323941798115507711803280761959313342767241838745754095837,28699609518160570455168919112568591741029426949308718225055435784035660622902,0.42,0.43,441.48,36.0,0.01,0.57,0.58,36.0,441.48,0.01,0.425,0.575,0.075396,0.924604,65800.6
1774829823417,2026-03-30T00:17:03.417,btc-updown-15m-1774829700,1774830600,Up,44805772389954001846323941798115507711803280761959313342767241838745754095837,28699609518160570455168919112568591741029426949308718225055435784035660622902,0.43,0.44,215.57,79.47,0.01,0.56,0.57,79.47,215.57,0.01,0.435,0.565,0.269353,0.730647,65805.76
1774829824417,2026-03-30T00:17:04.417,btc-updown-15m-1774829700,1774830600,Up,44805772389954001846323941798115507711803280761959313342767241838745754095837,28699609518160570455168919112568591741029426949308718225055435784035660622902,0.43,0.44,205.3,115.69,0.01,0.56,0.57,115.69,205.3,0.01,0.435,0.565,0.360416,0.639584,65805.76
1774829825418,2026-03-30T00:17:05.418,btc-updown-15m-1774829700,1774830600,Up,44805772389954001846323941798115507711803280761959313342767241838745754095837,28699609518160570455168919112568591741029426949308718225055435784035660622902,0.43,0.44,54.5,98.17,0.01,0.56,0.57,98.17,54.5,0.01,0.435,0.565,0.643021,0.356979,65805.76
1774829826418,2026-03-30T00:17:06.418,btc-updown-15m-1774829700,1774830600,Up,44805772389954001846323941798115507711803280761959313342767241838745754095837,28699609518160570455168919112568591741029426949308718225055435784035660622902,0.42,0.44,68.5,231.5,0.02,0.56,0.58,231.5,68.5,0.02,0.43,0.57,0.771667,0.228333,65807.16
1774829827419,2026-03-30T00:17:07.419,btc-updown-15m-1774829700,1774830600,Up,44805772389954001846323941798115507711803280761959313342767241838745754095837,28699609518160570455168919112568591741029426949308718225055435784035660622902,0.42,0.44,68.5,231.5,0.02,0.56,0.58,231.5,68.5,0.02,0.43,0.57,0.771667,0.228333,65807.16
1774829828420,2026-03-30T00:17:08.420,btc-updown-15m-1774829700,1774830600,Up,44805772389954001846323941798115507711803280761959313342767241838745754095837,28699609518160570455168919112568591741029426949308718225055435784035660622902,0.42,0.44,68.5,231.5,0.02,0.56,0.58,231.5,68.5,0.02,0.43,0.57,0.771667,0.228333,65807.16
1774829829421,2026-03-30T00:17:09.421,btc-updown-15m-1774829700,1774830600,Up,44805772389954001846323941798115507711803280761959313342767241838745754095837,28699609518160570455168919112568591741029426949308718225055435784035660622902,0.43,0.44,342.3,37.58,0.01,0.56,0.57,37.58,342.3,0.01,0.435,0.565,0.098926,0.901074,65807.17
1774829830422,2026-03-30T00:17:10.422,btc-updown-15m-1774829700,1774830600,Up,44805772389954001846323941798115507711803280761959313342767241838745754095837,28699609518160570455168919112568591741029426949308718225055435784035660622902,0.41,0.42,59.61,96.5,0.01,0.58,0.59,96.5,59.61,0.01,0.415,0.585,0.618154,0.381846,65807.17
1774829831422,2026-03-30T00:17:11.422,btc-updown-15m-1774829700,1774830600,Up,44805772389954001846323941798115507711803280761959313342767241838745754095837,28699609518160570455168919112568591741029426949308718225055435784035660622902,0.41,0.42,59.61,96.58,0.01,0.58,0.59,96.58,59.61,0.01,0.415,0.585,0.618349,0.381651,65807.17
1774829832423,2026-03-30T00:17:12.423,btc-updown-15m-1774829700,1774830600,Up,44805772389954001846323941798115507711803280761959313342767241838745754095837,28699609518160570455168919112568591741029426949308718225055435784035660622902,0.43,0.44,224.3,95.7,0.01,0.56,0.57,95.7,224.3,0.01,0.435,0.565,0.299063,0.700937,65807.16
1774829833423,2026-03-30T00:17:13.423,btc-updown-15m-1774829700,1774830600,Up,44805772389954001846323941798115507711803280761959313342767241838745754095837,28699609518160570455168919112568591741029426949308718225055435784035660622902,0.41,0.42,82.0,99.5,0.01,0.58,0.59,99.5,82.0,0.01,0.415,0.585,0.548209,0.451791,65807.16
1774829834424,2026-03-30T00:17:14.424,btc-updown-15m-1774829700,1774830600,Up,44805772389954001846323941798115507711803280761959313342767241838745754095837,28699609518160570455168919112568591741029426949308718225055435784035660622902,0.45,0.46,236.73,46.0,0.01,0.54,0.55,46.0,236.73,0.01,0.455,0.545,0.162699,0.837301,65807.16
1774829835425,2026-03-30T00:17:15.425,btc-updown-15m-1774829700,1774830600,Up,44805772389954001846323941798115507711803280761959313342767241838745754095837,28699609518160570455168919112568591741029426949308718225055435784035660622902,0.45,0.46,217.2,86.0,0.01,0.54,0.55,86.0,217.2,0.01,0.455,0.545,0.283641,0.716359,65813.74
1774829836425,2026-03-30T00:17:16.425,btc-updown-15m-1774829700,1774830600,Up,44805772389954001846323941798115507711803280761959313342767241838745754095837,28699609518160570455168919112568591741029426949308718225055435784035660622902,0.45,0.46,217.2,140.31,0.01,0.54,0.55,140.31,217.2,0.01,0.455,0.545,0.392465,0.607535,65813.74
1774829837426,2026-03-30T00:17:17.426,btc-updown-15m-1774829700,1774830600,Up,44805772389954001846323941798115507711803280761959313342767241838745754095837,28699609518160570455168919112568591741029426949308718225055435784035660622902,0.45,0.46,217.2,140.31,0.01,0.54,0.55,140.31,217.2,0.01,0.455,0.545,0.392465,0.607535,65813.74
1774829838426,2026-03-30T00:17:18.426,btc-updown-15m-1774829700,1774830600,Up,44805772389954001846323941798115507711803280761959313342767241838745754095837,28699609518160570455168919112568591741029426949308718225055435784035660622902,0.45,0.46,507.02,25.2,0.01,0.54,0.55,25.2,507.02,0.01,0.455,0.545,0.047349,0.952651,65813.73
1774829839427,2026-03-30T00:17:19.427,btc-updown-15m-1774829700,1774830600,Up,44805772389954001846323941798115507711803280761959313342767241838745754095837,28699609518160570455168919112568591741029426949308718225055435784035660622902,0.45,0.46,507.02,25.2,0.01,0.54,0.55,25.2,507.02,0.01,0.455,0.545,0.047349,0.952651,65813.73
1774829840428,2026-03-30T00:17:20.428,btc-updown-15m-1774829700,1774830600,Up,44805772389954001846323941798115507711803280761959313342767241838745754095837,28699609518160570455168919112568591741029426949308718225055435784035660622902,0.45,0.46,215.02,93.31,0.01,0.54,0.55,93.31,215.02,0.01,0.455,0.545,0.30263,0.69737,65813.73
1774829841428,2026-03-30T00:17:21.428,btc-updown-15m-1774829700,1774830600,Up,44805772389954001846323941798115507711803280761959313342767241838745754095837,28699609518160570455168919112568591741029426949308718225055435784035660622902,0.45,0.46,220.02,89.51,0.01,0.54,0.55,89.51,220.02,0.01,0.455,0.545,0.28918,0.71082,65813.73
1774829842430,2026-03-30T00:17:22.430,btc-updown-15m-1774829700,1774830600,Up,44805772389954001846323941798115507711803280761959313342767241838745754095837,28699609518160570455168919112568591741029426949308718225055435784035660622902,0.45,0.46,220.02,89.51,0.01,0.54,0.55,89.51,220.02,0.01,0.455,0.545,0.28918,0.71082,65813.73
1774829843430,2026-03-30T00:17:23.430,btc-updown-15m-1774829700,1774830600,Up,44805772389954001846323941798115507711803280761959313342767241838745754095837,28699609518160570455168919112568591741029426949308718225055435784035660622902,0.45,0.46,220.02,89.51,0.01,0.54,0.55,89.51,220.02,0.01,0.455,0.545,0.28918,0.71082,65813.73
1774829844431,2026-03-30T00:17:24.431,btc-updown-15m-1774829700,1774830600,Up,44805772389954001846323941798115507711803280761959313342767241838745754095837,28699609518160570455168919112568591741029426949308718225055435784035660622902,0.45,0.46,546.02,34.21,0.01,0.54,0.55,34.21,546.02,0.01,0.455,0.545,0.058959,0.941041,65818.85
1774829845432,2026-03-30T00:17:25.432,btc-updown-15m-1774829700,1774830600,Up,44805772389954001846323941798115507711803280761959313342767241838745754095837,28699609518160570455168919112568591741029426949308718225055435784035660622902,0.45,0.47,8.02,363.71,0.02,0.53,0.55,363.71,8.02,0.02,0.46,0.54,0.978425,0.021575,65818.85
1774829846432,2026-03-30T00:17:26.432,btc-updown-15m-1774829700,1774830600,Up,44805772389954001846323941798115507711803280761959313342767241838745754095837,28699609518160570455168919112568591741029426949308718225055435784035660622902,0.45,0.47,8.02,363.71,0.02,0.53,0.55,363.71,8.02,0.02,0.46,0.54,0.978425,0.021575,65818.85
1774829847432,2026-03-30T00:17:27.432,btc-updown-15m-1774829700,1774830600,Up,44805772389954001846323941798115507711803280761959313342767241838745754095837,28699609518160570455168919112568591741029426949308718225055435784035660622902,0.45,0.47,8.02,363.71,0.02,0.53,0.55,363.71,8.02,0.02,0.46,0.54,0.978425,0.021575,65818.85
1774829848434,2026-03-30T00:17:28.434,btc-updown-15m-1774829700,1774830600,Up,44805772389954001846323941798115507711803280761959313342767241838745754095837,28699609518160570455168919112568591741029426949308718225055435784035660622902,0.45,0.47,8.02,363.71,0.02,0.53,0.55,363.71,8.02,0.02,0.46,0.54,0.978425,0.021575,65818.85
1774829849435,2026-03-30T00:17:29.435,btc-updown-15m-1774829700,1774830600,Up,44805772389954001846323941798115507711803280761959313342767241838745754095837,28699609518160570455168919112568591741029426949308718225055435784035660622902,0.44,0.46,1236.0,103.26,0.02,0.54,0.56,103.26,1236.0,0.02,0.45,0.55,0.077102,0.922898,65818.85
1774829850436,2026-03-30T00:17:30.436,btc-updown-15m-1774829700,1774830600,Up,44805772389954001846323941798115507711803280761959313342767241838745754095837,28699609518160570455168919112568591741029426949308718225055435784035660622902,0.44,0.45,81.0,43.64,0.01,0.55,0.56,43.64,81.0,0.01,0.445,0.555,0.350128,0.649872,65818.86
1774829851437,2026-03-30T00:17:31.437,btc-updown-15m-1774829700,1774830600,Up,44805772389954001846323941798115507711803280761959313342767241838745754095837,28699609518160570455168919112568591741029426949308718225055435784035660622902,0.41,0.43,20.0,514.0,0.02,0.57,0.59,514.0,20.0,0.02,0.42,0.58,0.962547,0.037453,65818.86
1774829852437,2026-03-30T00:17:32.437,btc-updown-15m-1774829700,1774830600,Up,44805772389954001846323941798115507711803280761959313342767241838745754095837,28699609518160570455168919112568591741029426949308718225055435784035660622902,0.39,0.41,116.0,435.85,0.02,0.59,0.61,435.85,116.0,0.02,0.4,0.6,0.789798,0.210202,65818.86
1774829853437,2026-03-30T00:17:33.437,btc-updown-15m-1774829700,1774830600,Up,44805772389954001846323941798115507711803280761959313342767241838745754095837,28699609518160570455168919112568591741029426949308718225055435784035660622902,0.39,0.41,116.0,435.85,0.02,0.59,0.61,435.85,116.0,0.02,0.4,0.6,0.789798,0.210202,65808.39
1774829854438,2026-03-30T00:17:34.438,btc-updown-15m-1774829700,1774830600,Up,44805772389954001846323941798115507711803280761959313342767241838745754095837,28699609518160570455168919112568591741029426949308718225055435784035660622902,0.39,0.41,116.0,435.85,0.02,0.59,0.61,435.85,116.0,0.02,0.4,0.6,0.789798,0.210202,65808.39
1774829855438,2026-03-30T00:17:35.438,btc-updown-15m-1774829700,1774830600,Up,44805772389954001846323941798115507711803280761959313342767241838745754095837,28699609518160570455168919112568591741029426949308718225055435784035660622902,0.39,0.41,116.0,435.85,0.02,0.59,0.61,435.85,116.0,0.02,0.4,0.6,0.789798,0.210202,65808.39
1774829856439,2026-03-30T00:17:36.439,btc-updown-15m-1774829700,1774830600,Up,44805772389954001846323941798115507711803280761959313342767241838745754095837,28699609518160570455168919112568591741029426949308718225055435784035660622902,0.42,0.44,1.0,1419.5,0.02,0.55,0.58,1419.5,182.46,0.03,0.43,0.565,0.999296,0.113898,65815.63
1774829857441,2026-03-30T00:17:37.441,btc-updown-15m-1774829700,1774830600,Up,44805772389954001846323941798115507711803280761959313342767241838745754095837,28699609518160570455168919112568591741029426949308718225055435784035660622902,0.44,0.45,201.46,54.44,0.01,0.55,0.56,54.44,201.46,0.01,0.445,0.555,0.212739,0.787261,65815.63
1774829858441,2026-03-30T00:17:38.441,btc-updown-15m-1774829700,1774830600,Up,44805772389954001846323941798115507711803280761959313342767241838745754095837,28699609518160570455168919112568591741029426949308718225055435784035660622902,0.44,0.45,201.46,54.44,0.01,0.55,0.56,54.44,201.46,0.01,0.445,0.555,0.212739,0.787261,65815.63
1774829859442,2026-03-30T00:17:39.442,btc-updown-15m-1774829700,1774830600,Up,44805772389954001846323941798115507711803280761959313342767241838745754095837,28699609518160570455168919112568591741029426949308718225055435784035660622902,0.44,0.45,216.46,49.52,0.01,0.55,0.56,49.52,216.46,0.01,0.445,0.555,0.186179,0.813821,65815.64
1774829860443,2026-03-30T00:17:40.443,btc-updown-15m-1774829700,1774830600,Up,44805772389954001846323941798115507711803280761959313342767241838745754095837,28699609518160570455168919112568591741029426949308718225055435784035660622902,0.44,0.45,216.46,49.52,0.01,0.55,0.56,49.52,216.46,0.01,0.445,0.555,0.186179,0.813821,65815.64
1774829861443,2026-03-30T00:17:41.443,btc-updown-15m-1774829700,1774830600,Up,44805772389954001846323941798115507711803280761959313342767241838745754095837,28699609518160570455168919112568591741029426949308718225055435784035660622902,0.44,0.45,216.46,49.52,0.01,0.55,0.56,49.52,216.46,0.01,0.445,0.555,0.186179,0.813821,65815.64
1774829862443,2026-03-30T00:17:42.443,btc-updown-15m-1774829700,1774830600,Up,44805772389954001846323941798115507711803280761959313342767241838745754095837,28699609518160570455168919112568591741029426949308718225055435784035660622902,0.46,0.48,177.52,115.0,0.02,0.52,0.54,115.0,177.52,0.02,0.47,0.53,0.393136,0.606864,65828.41
1774829863443,2026-03-30T00:17:43.443,btc-updown-15m-1774829700,1774830600,Up,44805772389954001846323941798115507711803280761959313342767241838745754095837,28699609518160570455168919112568591741029426949308718225055435784035660622902,0.47,0.48,335.61,119.5,0.01,0.52,0.53,119.5,335.61,0.01,0.475,0.525,0.262574,0.737426,65828.41
1774829864444,2026-03-30T00:17:44.444,btc-updown-15m-1774829700,1774830600,Up,44805772389954001846323941798115507711803280761959313342767241838745754095837,28699609518160570455168919112568591741029426949308718225055435784035660622902,0.54,0.55,316.19,216.25,0.01,0.45,0.46,216.25,316.19,0.01,0.545,0.455,0.406149,0.593851,65828.41
1774829865446,2026-03-30T00:17:45.446,btc-updown-15m-1774829700,1774830600,Up,44805772389954001846323941798115507711803280761959313342767241838745754095837,28699609518160570455168919112568591741029426949308718225055435784035660622902,0.54,0.55,1142.04,148.25,0.01,0.45,0.46,148.25,1142.04,0.01,0.545,0.455,0.114897,0.885103,65866.0
1774829866446,2026-03-30T00:17:46.446,btc-updown-15m-1774829700,1774830600,Up,44805772389954001846323941798115507711803280761959313342767241838745754095837,28699609518160570455168919112568591741029426949308718225055435784035660622902,0.57,0.58,53.9,245.5,0.01,0.42,0.43,245.5,53.9,0.01,0.575,0.425,0.819973,0.180027,65866.0
1774829867446,2026-03-30T00:17:47.446,btc-updown-15m-1774829700,1774830600,Up,44805772389954001846323941798115507711803280761959313342767241838745754095837,28699609518160570455168919112568591741029426949308718225055435784035660622902,0.6,0.62,118.21,177.0,0.02,0.38,0.4,177.0,118.21,0.02,0.61,0.39,0.599573,0.400427,65866.0
1774829868447,2026-03-30T00:17:48.447,btc-updown-15m-1774829700,1774830600,Up,44805772389954001846323941798115507711803280761959313342767241838745754095837,28699609518160570455168919112568591741029426949308718225055435784035660622902,0.66,0.67,412.85,114.36,0.01,0.33,0.34,114.36,412.85,0.01,0.665,0.335,0.216915,0.783085,65899.07
1774829869447,2026-03-30T00:17:49.447,btc-updown-15m-1774829700,1774830600,Up,44805772389954001846323941798115507711803280761959313342767241838745754095837,28699609518160570455168919112568591741029426949308718225055435784035660622902,0.68,0.7,102.0,68.15,0.02,0.3,0.32,68.15,102.0,0.02,0.69,0.31,0.400529,0.599471,65899.07
1774829870448,2026-03-30T00:17:50.448,btc-updown-15m-1774829700,1774830600,Up,44805772389954001846323941798115507711803280761959313342767241838745754095837,28699609518160570455168919112568591741029426949308718225055435784035660622902,0.71,0.72,1075.92,52.23,0.01,0.28,0.29,52.23,1075.92,0.01,0.715,0.285,0.046297,0.953703,65899.07
1774829871448,2026-03-30T00:17:51.448,btc-updown-15m-1774829700,1774830600,Up,44805772389954001846323941798115507711803280761959313342767241838745754095837,28699609518160570455168919112568591741029426949308718225055435784035660622902,0.72,0.73,101.31,1336.34,0.01,0.27,0.28,1336.34,101.31,0.01,0.725,0.275,0.929531,0.070469,65999.42
1774829872449,2026-03-30T00:17:52.449,btc-updown-15m-1774829700,1774830600,Up,44805772389954001846323941798115507711803280761959313342767241838745754095837,28699609518160570455168919112568591741029426949308718225055435784035660622902,0.82,0.86,102.28,20.0,0.04,0.17,0.18,75.65,135.19,0.01,0.84,0.175,0.163559,0.641197,65999.42
1774829873450,2026-03-30T00:17:53.450,btc-updown-15m-1774829700,1774830600,Up,44805772389954001846323941798115507711803280761959313342767241838745754095837,28699609518160570455168919112568591741029426949308718225055435784035660622902,0.81,0.83,157.41,800.0,0.02,0.17,0.19,800.0,157.41,0.02,0.82,0.18,0.835588,0.164412,65999.42
1774829874450,2026-03-30T00:17:54.450,btc-updown-15m-1774829700,1774830600,Up,44805772389954001846323941798115507711803280761959313342767241838745754095837,28699609518160570455168919112568591741029426949308718225055435784035660622902,0.78,0.79,22.0,1585.25,0.01,0.2,0.22,814.41,307.34,0.02,0.785,0.21,0.986312,0.273983,66001.04
1774829875451,2026-03-30T00:17:55.451,btc-updown-15m-1774829700,1774830600,Up,44805772389954001846323941798115507711803280761959313342767241838745754095837,28699609518160570455168919112568591741029426949308718225055435784035660622902,0.77,0.78,57.0,1347.54,0.01,0.22,0.23,1347.54,57.0,0.01,0.775,0.225,0.959417,0.040583,66001.04
1774829876452,2026-03-30T00:17:56.452,btc-updown-15m-1774829700,1774830600,Up,44805772389954001846323941798115507711803280761959313342767241838745754095837,28699609518160570455168919112568591741029426949308718225055435784035660622902,0.77,0.78,1079.61,135.08,0.01,0.22,0.23,135.08,1079.61,0.01,0.775,0.225,0.111205,0.888795,66001.04
1774829877452,2026-03-30T00:17:57.452,btc-updown-15m-1774829700,1774830600,Up,44805772389954001846323941798115507711803280761959313342767241838745754095837,28699609518160570455168919112568591741029426949308718225055435784035660622902,0.74,0.75,877.0,178.91,0.01,0.25,0.26,178.91,877.0,0.01,0.745,0.255,0.169437,0.830563,65976.09
1774829878453,2026-03-30T00:17:58.453,btc-updown-15m-1774829700,1774830600,Up,44805772389954001846323941798115507711803280761959313342767241838745754095837,28699609518160570455168919112568591741029426949308718225055435784035660622902,0.73,0.74,908.0,360.4,0.01,0.26,0.27,360.4,908.0,0.01,0.735,0.265,0.284137,0.715863,65976.09
1774829879453,2026-03-30T00:17:59.453,btc-updown-15m-1774829700,1774830600,Up,44805772389954001846323941798115507711803280761959313342767241838745754095837,28699609518160570455168919112568591741029426949308718225055435784035660622902,0.77,0.78,751.65,745.81,0.01,0.22,0.23,745.81,751.65,0.01,0.775,0.225,0.49805,0.50195,65976.09
1774829880454,2026-03-30T00:18:00.454,btc-updown-15m-1774829700,1774830600,Up,44805772389954001846323941798115507711803280761959313342767241838745754095837,28699609518160570455168919112568591741029426949308718225055435784035660622902,0.77,0.78,1099.18,42.76,0.01,0.22,0.23,42.76,1099.18,0.01,0.775,0.225,0.037445,0.962555,66003.41
1774829881454,2026-03-30T00:18:01.454,btc-updown-15m-1774829700,1774830600,Up,44805772389954001846323941798115507711803280761959313342767241838745754095837,28699609518160570455168919112568591741029426949308718225055435784035660622902,0.77,0.78,1234.0,26.1,0.01,0.22,0.23,26.1,1234.0,0.01,0.775,0.225,0.020713,0.979287,66003.41
1774829882455,2026-03-30T00:18:02.455,btc-updown-15m-1774829700,1774830600,Up,44805772389954001846323941798115507711803280761959313342767241838745754095837,28699609518160570455168919112568591741029426949308718225055435784035660622902,0.74,0.75,1016.44,78.92,0.01,0.25,0.26,78.92,1016.44,0.01,0.745,0.255,0.072049,0.927951,66003.41
1774829883456,2026-03-30T00:18:03.456,btc-updown-15m-1774829700,1774830600,Up,44805772389954001846323941798115507711803280761959313342767241838745754095837,28699609518160570455168919112568591741029426949308718225055435784035660622902,0.76,0.77,1265.0,38.06,0.01,0.23,0.24,38.06,1265.0,0.01,0.765,0.235,0.029208,0.970792,65991.66
1774829884457,2026-03-30T00:18:04.457,btc-updown-15m-1774829700,1774830600,Up,44805772389954001846323941798115507711803280761959313342767241838745754095837,28699609518160570455168919112568591741029426949308718225055435784035660622902,0.73,0.76,10.0,377.19,0.03,0.24,0.27,377.19,10.0,0.03,0.745,0.255,0.974173,0.025827,65991.66
1774829885458,2026-03-30T00:18:05.458,btc-updown-15m-1774829700,1774830600,Up,44805772389954001846323941798115507711803280761959313342767241838745754095837,28699609518160570455168919112568591741029426949308718225055435784035660622902,0.77,0.78,644.15,200.0,0.01,0.22,0.23,200.0,644.15,0.01,0.775,0.225,0.236925,0.763075,65991.66
1774829886458,2026-03-30T00:18:06.458,btc-updown-15m-1774829700,1774830600,Up,44805772389954001846323941798115507711803280761959313342767241838745754095837,28699609518160570455168919112568591741029426949308718225055435784035660622902,0.79,0.8,135.34,693.5,0.01,0.2,0.21,693.5,135.34,0.01,0.795,0.205,0.836712,0.163288,66023.12
1774829887459,2026-03-30T00:18:07.459,btc-updown-15m-1774829700,1774830600,Up,44805772389954001846323941798115507711803280761959313342767241838745754095837,28699609518160570455168919112568591741029426949308718225055435784035660622902,0.8,0.81,1087.0,136.19,0.01,0.19,0.2,136.19,1087.0,0.01,0.805,0.195,0.11134,0.88866,66023.12
1774829888460,2026-03-30T00:18:08.460,btc-updown-15m-1774829700,1774830600,Up,44805772389954001846323941798115507711803280761959313342767241838745754095837,28699609518160570455168919112568591741029426949308718225055435784035660622902,0.79,0.8,930.62,54.76,0.01,0.2,0.21,54.76,930.62,0.01,0.795,0.205,0.055572,0.944428,66023.12
1774829889460,2026-03-30T00:18:09.460,btc-updown-15m-1774829700,1774830600,Up,44805772389954001846323941798115507711803280761959313342767241838745754095837,28699609518160570455168919112568591741029426949308718225055435784035660622902,0.78,0.8,646.86,319.27,0.02,0.2,0.22,319.27,646.86,0.02,0.79,0.21,0.330463,0.669537,66015.0
1774829890461,2026-03-30T00:18:10.461,btc-updown-15m-1774829700,1774830600,Up,44805772389954001846323941798115507711803280761959313342767241838745754095837,28699609518160570455168919112568591741029426949308718225055435784035660622902,0.78,0.79,59.0,425.0,0.01,0.21,0.22,425.0,59.0,0.01,0.785,0.215,0.878099,0.121901,66015.0
1774829891461,2026-03-30T00:18:11.461,btc-updown-15m-1774829700,1774830600,Up,44805772389954001846323941798115507711803280761959313342767241838745754095837,28699609518160570455168919112568591741029426949308718225055435784035660622902,0.8,0.81,105.76,191.0,0.01,0.19,0.2,191.0,105.76,0.01,0.805,0.195,0.643618,0.356382,66015.0
1774829892462,2026-03-30T00:18:12.462,btc-updown-15m-1774829700,1774830600,Up,44805772389954001846323941798115507711803280761959313342767241838745754095837,28699609518160570455168919112568591741029426949308718225055435784035660622902,0.8,0.81,1172.76,13.0,0.01,0.19,0.2,13.0,1172.76,0.01,0.805,0.195,0.010963,0.989037,66023.13
1774829893462,2026-03-30T00:18:13.462,btc-updown-15m-1774829700,1774830600,Up,44805772389954001846323941798115507711803280761959313342767241838745754095837,28699609518160570455168919112568591741029426949308718225055435784035660622902,0.81,0.83,67.67,553.48,0.02,0.17,0.19,553.48,67.67,0.02,0.82,0.18,0.891057,0.108943,66023.13
1774829894463,2026-03-30T00:18:14.463,btc-updown-15m-1774829700,1774830600,Up,44805772389954001846323941798115507711803280761959313342767241838745754095837,28699609518160570455168919112568591741029426949308718225055435784035660622902,0.83,0.85,49.13,426.68,0.02,0.15,0.17,426.68,49.13,0.02,0.84,0.16,0.896744,0.103256,66023.13
1774829895464,2026-03-30T00:18:15.464,btc-updown-15m-1774829700,1774830600,Up,44805772389954001846323941798115507711803280761959313342767241838745754095837,28699609518160570455168919112568591741029426949308718225055435784035660622902,0.84,0.85,72.14,207.04,0.01,0.15,0.16,207.04,72.14,0.01,0.845,0.155,0.7416,0.2584,66064.22
1774829896464,2026-03-30T00:18:16.464,btc-updown-15m-1774829700,1774830600,Up,44805772389954001846323941798115507711803280761959313342767241838745754095837,28699609518160570455168919112568591741029426949308718225055435784035660622902,0.83,0.85,1068.7,514.47,0.02,0.15,0.17,514.47,1068.7,0.02,0.84,0.16,0.324962,0.675038,66064.22
1774829897465,2026-03-30T00:18:17.465,btc-updown-15m-1774829700,1774830600,Up,44805772389954001846323941798115507711803280761959313342767241838745754095837,28699609518160570455168919112568591741029426949308718225055435784035660622902,0.82,0.85,289.7,486.0,0.03,0.15,0.18,486.0,289.7,0.03,0.835,0.165,0.626531,0.373469,66064.22
1774829898465,2026-03-30T00:18:18.465,btc-updown-15m-1774829700,1774830600,Up,44805772389954001846323941798115507711803280761959313342767241838745754095837,28699609518160570455168919112568591741029426949308718225055435784035660622902,0.84,0.86,826.59,339.25,0.02,0.14,0.16,339.25,826.59,0.02,0.85,0.15,0.290992,0.709008,66080.62
1774829899466,2026-03-30T00:18:19.466,btc-updown-15m-1774829700,1774830600,Up,44805772389954001846323941798115507711803280761959313342767241838745754095837,28699609518160570455168919112568591741029426949308718225055435784035660622902,0.86,0.87,949.0,12.0,0.01,0.13,0.14,12.0,949.0,0.01,0.865,0.135,0.012487,0.987513,66080.62
1774829900467,2026-03-30T00:18:20.467,btc-updown-15m-1774829700,1774830600,Up,44805772389954001846323941798115507711803280761959313342767241838745754095837,28699609518160570455168919112568591741029426949308718225055435784035660622902,0.85,0.86,9.6,298.0,0.01,0.14,0.15,298.0,9.6,0.01,0.855,0.145,0.968791,0.031209,66080.62
1774829901468,2026-03-30T00:18:21.468,btc-updown-15m-1774829700,1774830600,Up,44805772389954001846323941798115507711803280761959313342767241838745754095837,28699609518160570455168919112568591741029426949308718225055435784035660622902,0.86,0.87,5.0,401.44,0.01,0.13,0.14,401.44,5.0,0.01,0.865,0.135,0.987698,0.012302,66083.63
1774829902468,2026-03-30T00:18:22.468,btc-updown-15m-1774829700,1774830600,Up,44805772389954001846323941798115507711803280761959313342767241838745754095837,28699609518160570455168919112568591741029426949308718225055435784035660622902,0.88,0.89,412.99,456.0,0.01,0.11,0.12,456.0,412.99,0.01,0.885,0.115,0.524747,0.475253,66083.63
1774829903469,2026-03-30T00:18:23.469,btc-updown-15m-1774829700,1774830600,Up,44805772389954001846323941798115507711803280761959313342767241838745754095837,28699609518160570455168919112568591741029426949308718225055435784035660622902,0.86,0.87,74.0,1115.94,0.01,0.13,0.14,1115.94,74.0,0.01,0.865,0.135,0.937812,0.062188,66083.63
1774829904469,2026-03-30T00:18:24.469,btc-updown-15m-1774829700,1774830600,Up,44805772389954001846323941798115507711803280761959313342767241838745754095837,28699609518160570455168919112568591741029426949308718225055435784035660622902,0.87,0.88,21.0,361.5,0.01,0.12,0.13,361.5,21.0,0.01,0.875,0.125,0.945098,0.054902,66107.45
1774829905469,2026-03-30T00:18:25.469,btc-updown-15m-1774829700,1774830600,Up,44805772389954001846323941798115507711803280761959313342767241838745754095837,28699609518160570455168919112568591741029426949308718225055435784035660622902,0.87,0.88,21.0,361.5,0.01,0.12,0.13,361.5,21.0,0.01,0.875,0.125,0.945098,0.054902,66107.45
1774829906469,2026-03-30T00:18:26.469,btc-updown-15m-1774829700,1774830600,Up,44805772389954001846323941798115507711803280761959313342767241838745754095837,28699609518160570455168919112568591741029426949308718225055435784035660622902,0.88,0.9,1235.07,20.0,0.02,0.1,0.12,20.0,1235.07,0.02,0.89,0.11,0.015935,0.984065,66107.45
1774829907470,2026-03-30T00:18:27.470,btc-updown-15m-1774829700,1774830600,Up,44805772389954001846323941798115507711803280761959313342767241838745754095837,28699609518160570455168919112568591741029426949308718225055435784035660622902,0.86,0.88,53.0,408.2,0.02,0.12,0.14,408.2,53.0,0.02,0.87,0.13,0.885082,0.114918,66102.89
1774829908472,2026-03-30T00:18:28.472,btc-updown-15m-1774829700,1774830600,Up,44805772389954001846323941798115507711803280761959313342767241838745754095837,28699609518160570455168919112568591741029426949308718225055435784035660622902,0.87,0.88,74.19,106.0,0.01,0.12,0.13,106.0,74.19,0.01,0.875,0.125,0.588268,0.411732,66102.89
1774829909472,2026-03-30T00:18:29.472,btc-updown-15m-1774829700,1774830600,Up,44805772389954001846323941798115507711803280761959313342767241838745754095837,28699609518160570455168919112568591741029426949308718225055435784035660622902,0.86,0.87,61.6,257.38,0.01,0.13,0.14,257.38,61.6,0.01,0.865,0.135,0.806884,0.193116,66102.89
1774829910473,2026-03-30T00:18:30.473,btc-updown-15m-1774829700,1774830600,Up,44805772389954001846323941798115507711803280761959313342767241838745754095837,28699609518160570455168919112568591741029426949308718225055435784035660622902,0.86,0.88,84.39,825.23,0.02,0.12,0.14,825.23,84.39,0.02,0.87,0.13,0.907225,0.092775,66106.53
1774829911475,2026-03-30T00:18:31.475,btc-updown-15m-1774829700,1774830600,Up,44805772389954001846323941798115507711803280761959313342767241838745754095837,28699609518160570455168919112568591741029426949308718225055435784035660622902,0.87,0.88,25.0,79.53,0.01,0.12,0.13,79.53,25.0,0.01,0.875,0.125,0.760834,0.239166,66106.53
1774829912475,2026-03-30T00:18:32.475,btc-updown-15m-1774829700,1774830600,Up,44805772389954001846323941798115507711803280761959313342767241838745754095837,28699609518160570455168919112568591741029426949308718225055435784035660622902,0.88,0.9,1130.0,21.0,0.02,0.1,0.12,21.0,1130.0,0.02,0.89,0.11,0.018245,0.981755,66106.53
1774829913475,2026-03-30T00:18:33.475,btc-updown-15m-1774829700,1774830600,Up,44805772389954001846323941798115507711803280761959313342767241838745754095837,28699609518160570455168919112568591741029426949308718225055435784035660622902,0.89,0.9,56.88,330.0,0.01,0.1,0.11,330.0,56.88,0.01,0.895,0.105,0.852978,0.147022,66132.97
1774829914476,2026-03-30T00:18:34.476,btc-updown-15m-1774829700,1774830600,Up,44805772389954001846323941798115507711803280761959313342767241838745754095837,28699609518160570455168919112568591741029426949308718225055435784035660622902,0.87,0.89,9.43,1236.5,0.02,0.11,0.13,1236.5,9.43,0.02,0.88,0.12,0.992431,0.007569,66132.97
1774829915476,2026-03-30T00:18:35.476,btc-updown-15m-1774829700,1774830600,Up,44805772389954001846323941798115507711803280761959313342767241838745754095837,28699609518160570455168919112568591741029426949308718225055435784035660622902,0.86,0.87,44.0,1451.0,0.01,0.13,0.14,1536.8,42.08,0.01,0.865,0.135,0.970569,0.026652,66132.97
1774829916477,2026-03-30T00:18:36.477,btc-updown-15m-1774829700,1774830600,Up,44805772389954001846323941798115507711803280761959313342767241838745754095837,28699609518160570455168919112568591741029426949308718225055435784035660622902,0.86,0.88,125.29,1025.8,0.02,0.12,0.14,1025.8,125.29,0.02,0.87,0.13,0.891155,0.108845,66108.04
1774829917478,2026-03-30T00:18:37.478,btc-updown-15m-1774829700,1774830600,Up,44805772389954001846323941798115507711803280761959313342767241838745754095837,28699609518160570455168919112568591741029426949308718225055435784035660622902,0.89,0.9,246.28,41.0,0.01,0.1,0.11,41.0,246.28,0.01,0.895,0.105,0.142718,0.857282,66108.04
1774829918479,2026-03-30T00:18:38.479,btc-updown-15m-1774829700,1774830600,Up,44805772389954001846323941798115507711803280761959313342767241838745754095837,28699609518160570455168919112568591741029426949308718225055435784035660622902,0.91,0.92,1639.8,31.0,0.01,0.08,0.09,31.0,1649.8,0.01,0.915,0.085,0.018554,0.981556,66108.04
1774829919480,2026-03-30T00:18:39.480,btc-updown-15m-1774829700,1774830600,Up,44805772389954001846323941798115507711803280761959313342767241838745754095837,28699609518160570455168919112568591741029426949308718225055435784035660622902,0.9,0.91,88.95,1234.43,0.01,0.09,0.1,1234.43,88.95,0.01,0.905,0.095,0.932786,0.067214,66157.11
1774829920481,2026-03-30T00:18:40.481,btc-updown-15m-1774829700,1774830600,Up,44805772389954001846323941798115507711803280761959313342767241838745754095837,28699609518160570455168919112568591741029426949308718225055435784035660622902,0.9,0.92,80.0,1270.93,0.02,0.08,0.1,1270.93,80.0,0.02,0.91,0.09,0.940782,0.059218,66157.11
1774829921482,2026-03-30T00:18:41.482,btc-updown-15m-1774829700,1774830600,Up,44805772389954001846323941798115507711803280761959313342767241838745754095837,28699609518160570455168919112568591741029426949308718225055435784035660622902,0.9,0.92,592.28,1071.93,0.02,0.08,0.1,1071.93,592.28,0.02,0.91,0.09,0.644107,0.355893,66157.11
1774829922482,2026-03-30T00:18:42.482,btc-updown-15m-1774829700,1774830600,Up,44805772389954001846323941798115507711803280761959313342767241838745754095837,28699609518160570455168919112568591741029426949308718225055435784035660622902,0.91,0.92,253.28,37.02,0.01,0.08,0.09,37.02,253.28,0.01,0.915,0.085,0.127523,0.872477,66141.28
1774829923484,2026-03-30T00:18:43.484,btc-updown-15m-1774829700,1774830600,Up,44805772389954001846323941798115507711803280761959313342767241838745754095837,28699609518160570455168919112568591741029426949308718225055435784035660622902,0.89,0.9,20.0,852.27,0.01,0.1,0.11,852.27,20.0,0.01,0.895,0.105,0.977071,0.022929,66141.28
1774829924484,2026-03-30T00:18:44.484,btc-updown-15m-1774829700,1774830600,Up,44805772389954001846323941798115507711803280761959313342767241838745754095837,28699609518160570455168919112568591741029426949308718225055435784035660622902,0.88,0.89,15.0,481.0,0.01,0.11,0.12,481.0,15.0,0.01,0.885,0.115,0.969758,0.030242,66141.28
1774829925485,2026-03-30T00:18:45.485,btc-updown-15m-1774829700,1774830600,Up,44805772389954001846323941798115507711803280761959313342767241838745754095837,28699609518160570455168919112568591741029426949308718225055435784035660622902,0.89,0.9,10.34,278.58,0.01,0.09,0.11,278.58,1006.2,0.02,0.895,0.1,0.964212,0.783169,66143.43
1774829926486,2026-03-30T00:18:46.486,btc-updown-15m-1774829700,1774830600,Up,44805772389954001846323941798115507711803280761959313342767241838745754095837,28699609518160570455168919112568591741029426949308718225055435784035660622902,0.9,0.91,982.42,54.0,0.01,0.09,0.1,54.0,982.42,0.01,0.905,0.095,0.052102,0.947898,66143.43
1774829927486,2026-03-30T00:18:47.486,btc-updown-15m-1774829700,1774830600,Up,44805772389954001846323941798115507711803280761959313342767241838745754095837,28699609518160570455168919112568591741029426949308718225055435784035660622902,0.9,0.91,729.0,240.0,0.01,0.09,0.1,240.0,729.0,0.01,0.905,0.095,0.247678,0.752322,66143.43
1774829928488,2026-03-30T00:18:48.488,btc-updown-15m-1774829700,1774830600,Up,44805772389954001846323941798115507711803280761959313342767241838745754095837,28699609518160570455168919112568591741029426949308718225055435784035660622902,0.88,0.91,1104.0,1238.5,0.03,0.09,0.12,1238.5,1104.0,0.03,0.895,0.105,0.528709,0.471291,66148.13
1774829929488,2026-03-30T00:18:49.488,btc-updown-15m-1774829700,1774830600,Up,44805772389954001846323941798115507711803280761959313342767241838745754095837,28699609518160570455168919112568591741029426949308718225055435784035660622902,0.88,0.9,94.0,1247.3,0.02,0.1,0.12,1247.3,94.0,0.02,0.89,0.11,0.929919,0.070081,66148.13
1774829930489,2026-03-30T00:18:50.489,btc-updown-15m-1774829700,1774830600,Up,44805772389954001846323941798115507711803280761959313342767241838745754095837,28699609518160570455168919112568591741029426949308718225055435784035660622902,0.89,0.91,779.0,398.0,0.02,0.09,0.11,398.0,779.0,0.02,0.9,0.1,0.338148,0.661852,66148.13
1774829931489,2026-03-30T00:18:51.489,btc-updown-15m-1774829700,1774830600,Up,44805772389954001846323941798115507711803280761959313342767241838745754095837,28699609518160570455168919112568591741029426949308718225055435784035660622902,0.89,0.91,779.0,398.0,0.02,0.09,0.11,398.0,779.0,0.02,0.9,0.1,0.338148,0.661852,66153.78
1774829932490,2026-03-30T00:18:52.490,btc-updown-15m-1774829700,1774830600,Up,44805772389954001846323941798115507711803280761959313342767241838745754095837,28699609518160570455168919112568591741029426949308718225055435784035660622902,0.9,0.92,866.0,1209.0,0.02,0.08,0.1,1209.0,866.0,0.02,0.91,0.09,0.582651,0.417349,66153.78
1774829933491,2026-03-30T00:18:53.491,btc-updown-15m-1774829700,1774830600,Up,44805772389954001846323941798115507711803280761959313342767241838745754095837,28699609518160570455168919112568591741029426949308718225055435784035660622902,0.91,0.92,4.92,1144.0,0.01,0.08,0.09,1144.0,4.92,0.01,0.915,0.085,0.995718,0.004282,66153.78
1774829934492,2026-03-30T00:18:54.492,btc-updown-15m-1774829700,1774830600,Up,44805772389954001846323941798115507711803280761959313342767241838745754095837,28699609518160570455168919112568591741029426949308718225055435784035660622902,0.91,0.92,41.0,924.99,0.01,0.08,0.09,924.99,41.0,0.01,0.915,0.085,0.957556,0.042444,66177.72
1774829935492,2026-03-30T00:18:55.492,btc-updown-15m-1774829700,1774830600,Up,44805772389954001846323941798115507711803280761959313342767241838745754095837,28699609518160570455168919112568591741029426949308718225055435784035660622902,0.9,0.92,41.0,1624.0,0.02,0.08,0.1,1624.0,41.0,0.02,0.91,0.09,0.975375,0.024625,66177.72
1774829936492,2026-03-30T00:18:56.492,btc-updown-15m-1774829700,1774830600,Up,44805772389954001846323941798115507711803280761959313342767241838745754095837,28699609518160570455168919112568591741029426949308718225055435784035660622902,0.92,0.93,1059.97,51.47,0.01,0.07,0.08,51.47,1059.97,0.01,0.925,0.075,0.046309,0.953691,66177.72
1774829937493,2026-03-30T00:18:57.493,btc-updown-15m-1774829700,1774830600,Up,44805772389954001846323941798115507711803280761959313342767241838745754095837,28699609518160570455168919112568591741029426949308718225055435784035660622902,0.92,0.93,158.97,918.64,0.01,0.07,0.08,918.64,158.97,0.01,0.925,0.075,0.852479,0.147521,66190.11
1774829938493,2026-03-30T00:18:58.493,btc-updown-15m-1774829700,1774830600,Up,44805772389954001846323941798115507711803280761959313342767241838745754095837,28699609518160570455168919112568591741029426949308718225055435784035660622902,0.92,0.93,158.97,918.64,0.01,0.07,0.08,918.64,158.97,0.01,0.925,0.075,0.852479,0.147521,66190.11
1774829939494,2026-03-30T00:18:59.494,btc-updown-15m-1774829700,1774830600,Up,44805772389954001846323941798115507711803280761959313342767241838745754095837,28699609518160570455168919112568591741029426949308718225055435784035660622902,0.92,0.93,14.89,1519.34,0.01,0.07,0.08,1519.34,14.89,0.01,0.925,0.075,0.990295,0.009705,66190.11
1774829940495,2026-03-30T00:19:00.495,btc-updown-15m-1774829700,1774830600,Up,44805772389954001846323941798115507711803280761959313342767241838745754095837,28699609518160570455168919112568591741029426949308718225055435784035660622902,0.93,0.94,574.73,987.33,0.01,0.06,0.07,987.33,574.73,0.01,0.935,0.065,0.632069,0.367931,66206.64
1774829941496,2026-03-30T00:19:01.496,btc-updown-15m-1774829700,1774830600,Up,44805772389954001846323941798115507711803280761959313342767241838745754095837,28699609518160570455168919112568591741029426949308718225055435784035660622902,0.92,0.93,48.18,859.0,0.01,0.07,0.08,859.0,48.18,0.01,0.925,0.075,0.94689,0.05311,66206.64
1774829942496,2026-03-30T00:19:02.496,btc-updown-15m-1774829700,1774830600,Up,44805772389954001846323941798115507711803280761959313342767241838745754095837,28699609518160570455168919112568591741029426949308718225055435784035660622902,0.92,0.93,861.0,74.5,0.01,0.07,0.08,74.5,861.0,0.01,0.925,0.075,0.079637,0.920363,66206.64
1774829943497,2026-03-30T00:19:03.497,btc-updown-15m-1774829700,1774830600,Up,44805772389954001846323941798115507711803280761959313342767241838745754095837,28699609518160570455168919112568591741029426949308718225055435784035660622902,0.92,0.94,301.09,1538.0,0.02,0.06,0.08,1538.0,301.09,0.02,0.93,0.07,0.836283,0.163717,66209.06
1774829944498,2026-03-30T00:19:04.498,btc-updown-15m-1774829700,1774830600,Up,44805772389954001846323941798115507711803280761959313342767241838745754095837,28699609518160570455168919112568591741029426949308718225055435784035660622902,0.93,0.94,982.89,108.2,0.01,0.06,0.07,108.2,982.89,0.01,0.935,0.065,0.099167,0.900833,66209.06
1774829945499,2026-03-30T00:19:05.499,btc-updown-15m-1774829700,1774830600,Up,44805772389954001846323941798115507711803280761959313342767241838745754095837,28699609518160570455168919112568591741029426949308718225055435784035660622902,0.93,0.94,1116.4,89.62,0.01,0.06,0.07,89.62,1116.4,0.01,0.935,0.065,0.074311,0.925689,66209.06
1774829946500,2026-03-30T00:19:06.500,btc-updown-15m-1774829700,1774830600,Up,44805772389954001846323941798115507711803280761959313342767241838745754095837,28699609518160570455168919112568591741029426949308718225055435784035660622902,0.93,0.94,1301.4,49.43,0.01,0.06,0.07,49.43,1301.4,0.01,0.935,0.065,0.036592,0.963408,66199.34
1774829947500,2026-03-30T00:19:07.500,btc-updown-15m-1774829700,1774830600,Up,44805772389954001846323941798115507711803280761959313342767241838745754095837,28699609518160570455168919112568591741029426949308718225055435784035660622902,0.93,0.94,1076.13,74.43,0.01,0.06,0.07,74.43,1076.13,0.01,0.935,0.065,0.06469,0.93531,66199.34
1774829948500,2026-03-30T00:19:08.500,btc-updown-15m-1774829700,1774830600,Up,44805772389954001846323941798115507711803280761959313342767241838745754095837,28699609518160570455168919112568591741029426949308718225055435784035660622902,0.94,0.95,911.36,46.06,0.01,0.05,0.06,46.06,911.36,0.01,0.945,0.055,0.048108,0.951892,66199.34
1774829949501,2026-03-30T00:19:09.501,btc-updown-15m-1774829700,1774830600,Up,44805772389954001846323941798115507711803280761959313342767241838745754095837,28699609518160570455168919112568591741029426949308718225055435784035660622902,0.94,0.95,1107.15,326.06,0.01,0.05,0.06,326.06,1107.15,0.01,0.945,0.055,0.227503,0.772497,66237.03
1774829950501,2026-03-30T00:19:10.501,btc-updown-15m-1774829700,1774830600,Up,44805772389954001846323941798115507711803280761959313342767241838745754095837,28699609518160570455168919112568591741029426949308718225055435784035660622902,0.94,0.95,729.15,73.33,0.01,0.05,0.06,73.33,729.15,0.01,0.945,0.055,0.091379,0.908621,66237.03
1774829951502,2026-03-30T00:19:11.502,btc-updown-15m-1774829700,1774830600,Up,44805772389954001846323941798115507711803280761959313342767241838745754095837,28699609518160570455168919112568591741029426949308718225055435784035660622902,0.94,0.95,683.97,1047.33,0.01,0.05,0.06,1047.33,683.97,0.01,0.945,0.055,0.604938,0.395062,66237.03
1774829952502,2026-03-30T00:19:12.502,btc-updown-15m-1774829700,1774830600,Up,44805772389954001846323941798115507711803280761959313342767241838745754095837,28699609518160570455168919112568591741029426949308718225055435784035660622902,0.95,0.96,1666.0,621.03,0.01,0.04,0.05,621.03,1666.0,0.01,0.955,0.045,0.271544,0.728456,66294.12
1774829953503,2026-03-30T00:19:13.503,btc-updown-15m-1774829700,1774830600,Up,44805772389954001846323941798115507711803280761959313342767241838745754095837,28699609518160570455168919112568591741029426949308718225055435784035660622902,0.95,0.96,1374.0,601.03,0.01,0.04,0.05,601.03,1374.0,0.01,0.955,0.045,0.304314,0.695686,66294.12
1774829954503,2026-03-30T00:19:14.503,btc-updown-15m-1774829700,1774830600,Up,44805772389954001846323941798115507711803280761959313342767241838745754095837,28699609518160570455168919112568591741029426949308718225055435784035660622902,0.95,0.96,1298.41,805.55,0.01,0.04,0.05,805.55,1298.41,0.01,0.955,0.045,0.382873,0.617127,66294.12
1774829955504,2026-03-30T00:19:15.504,btc-updown-15m-1774829700,1774830600,Up,44805772389954001846323941798115507711803280761959313342767241838745754095837,28699609518160570455168919112568591741029426949308718225055435784035660622902,0.96,0.97,1499.59,1347.68,0.01,0.03,0.04,1347.68,1499.59,0.01,0.965,0.035,0.473324,0.526676,66440.81
1774829956505,2026-03-30T00:19:16.505,btc-updown-15m-1774829700,1774830600,Up,44805772389954001846323941798115507711803280761959313342767241838745754095837,28699609518160570455168919112568591741029426949308718225055435784035660622902,0.96,0.97,1856.59,1087.64,0.01,0.03,0.04,1087.64,1856.59,0.01,0.965,0.035,0.369414,0.630586,66440.81
1774829957505,2026-03-30T00:19:17.505,btc-updown-15m-1774829700,1774830600,Up,44805772389954001846323941798115507711803280761959313342767241838745754095837,28699609518160570455168919112568591741029426949308718225055435784035660622902,0.96,0.97,1858.98,1067.64,0.01,0.03,0.04,1067.64,1858.98,0.01,0.965,0.035,0.364803,0.635197,66440.81
1774829958505,2026-03-30T00:19:18.505,btc-updown-15m-1774829700,1774830600,Up,44805772389954001846323941798115507711803280761959313342767241838745754095837,28699609518160570455168919112568591741029426949308718225055435784035660622902,0.96,0.97,1495.61,1303.56,0.01,0.03,0.04,1303.56,1495.61,0.01,0.965,0.035,0.465695,0.534305,66449.99
1774829959506,2026-03-30T00:19:19.506,btc-updown-15m-1774829700,1774830600,Up,44805772389954001846323941798115507711803280761959313342767241838745754095837,28699609518160570455168919112568591741029426949308718225055435784035660622902,0.96,0.97,1494.57,1297.53,0.01,0.03,0.04,1297.53,1494.57,0.01,0.965,0.035,0.464715,0.535285,66449.99
1774829960507,2026-03-30T00:19:20.507,btc-updown-15m-1774829700,1774830600,Up,44805772389954001846323941798115507711803280761959313342767241838745754095837,28699609518160570455168919112568591741029426949308718225055435784035660622902,0.96,0.97,1565.57,1253.36,0.01,0.03,0.04,1253.36,1565.57,0.01,0.965,0.035,0.444623,0.555377,66449.99
1774829961508,2026-03-30T00:19:21.508,btc-updown-15m-1774829700,1774830600,Up,44805772389954001846323941798115507711803280761959313342767241838745754095837,28699609518160570455168919112568591741029426949308718225055435784035660622902,0.96,0.97,1354.18,1249.8,0.01,0.03,0.04,1249.8,1354.18,0.01,0.965,0.035,0.479958,0.520042,66420.56
1774829962509,2026-03-30T00:19:22.509,btc-updown-15m-1774829700,1774830600,Up,44805772389954001846323941798115507711803280761959313342767241838745754095837,28699609518160570455168919112568591741029426949308718225055435784035660622902,0.96,0.97,1354.18,1249.8,0.01,0.03,0.04,1249.8,1354.18,0.01,0.965,0.035,0.479958,0.520042,66420.56
1774829963510,2026-03-30T00:19:23.510,btc-updown-15m-1774829700,1774830600,Up,44805772389954001846323941798115507711803280761959313342767241838745754095837,28699609518160570455168919112568591741029426949308718225055435784035660622902,0.96,0.97,1496.1,1285.83,0.01,0.03,0.04,1285.83,1496.1,0.01,0.965,0.035,0.462208,0.537792,66420.56
1774829964511,2026-03-30T00:19:24.511,btc-updown-15m-1774829700,1774830600,Up,44805772389954001846323941798115507711803280761959313342767241838745754095837,28699609518160570455168919112568591741029426949308718225055435784035660622902,0.96,0.97,1525.3,496.19,0.01,0.03,0.04,496.19,1525.3,0.01,0.965,0.035,0.245458,0.754542,66376.79
1774829965511,2026-03-30T00:19:25.511,btc-updown-15m-1774829700,1774830600,Up,44805772389954001846323941798115507711803280761959313342767241838745754095837,28699609518160570455168919112568591741029426949308718225055435784035660622902,0.96,0.97,2335.3,456.19,0.01,0.03,0.04,456.19,2335.3,0.01,0.965,0.035,0.163422,0.836578,66376.79
1774829966512,2026-03-30T00:19:26.512,btc-updown-15m-1774829700,1774830600,Up,44805772389954001846323941798115507711803280761959313342767241838745754095837,28699609518160570455168919112568591741029426949308718225055435784035660622902,0.96,0.97,2335.3,447.9,0.01,0.03,0.04,447.9,2335.3,0.01,0.965,0.035,0.16093,0.83907,66376.79
1774829967513,2026-03-30T00:19:27.513,btc-updown-15m-1774829700,1774830600,Up,44805772389954001846323941798115507711803280761959313342767241838745754095837,28699609518160570455168919112568591741029426949308718225055435784035660622902,0.96,0.97,2355.3,382.9,0.01,0.03,0.04,382.9,2355.3,0.01,0.965,0.035,0.139836,0.860164,66372.01
1774829968513,2026-03-30T00:19:28.513,btc-updown-15m-1774829700,1774830600,Up,44805772389954001846323941798115507711803280761959313342767241838745754095837,28699609518160570455168919112568591741029426949308718225055435784035660622902,0.96,0.97,2267.3,377.82,0.01,0.03,0.04,377.82,2267.3,0.01,0.965,0.035,0.142837,0.857163,66372.01
1774829969514,2026-03-30T00:19:29.514,btc-updown-15m-1774829700,1774830600,Up,44805772389954001846323941798115507711803280761959313342767241838745754095837,28699609518160570455168919112568591741029426949308718225055435784035660622902,0.96,0.97,2426.26,377.82,0.01,0.03,0.04,377.82,2426.26,0.01,0.965,0.035,0.134739,0.865261,66372.01
1774829970514,2026-03-30T00:19:30.514,btc-updown-15m-1774829700,1774830600,Up,44805772389954001846323941798115507711803280761959313342767241838745754095837,28699609518160570455168919112568591741029426949308718225055435784035660622902,0.96,0.97,2610.26,66.82,0.01,0.03,0.04,66.82,2610.26,0.01,0.965,0.035,0.02496,0.97504,66369.28
1774829971515,2026-03-30T00:19:31.515,btc-updown-15m-1774829700,1774830600,Up,44805772389954001846323941798115507711803280761959313342767241838745754095837,28699609518160570455168919112568591741029426949308718225055435784035660622902,0.96,0.97,2058.06,262.82,0.01,0.03,0.04,262.82,2058.06,0.01,0.965,0.035,0.113242,0.886758,66369.28
1774829972515,2026-03-30T00:19:32.515,btc-updown-15m-1774829700,1774830600,Up,44805772389954001846323941798115507711803280761959313342767241838745754095837,28699609518160570455168919112568591741029426949308718225055435784035660622902,0.96,0.97,1113.06,394.82,0.01,0.03,0.04,394.82,1113.06,0.01,0.965,0.035,0.261838,0.738162,66369.28
1774829973516,2026-03-30T00:19:33.516,btc-updown-15m-1774829700,1774830600,Up,44805772389954001846323941798115507711803280761959313342767241838745754095837,28699609518160570455168919112568591741029426949308718225055435784035660622902,0.96,0.97,1075.42,271.29,0.01,0.03,0.04,271.29,1075.42,0.01,0.965,0.035,0.201446,0.798554,66422.17
1774829974517,2026-03-30T00:19:34.517,btc-updown-15m-1774829700,1774830600,Up,44805772389954001846323941798115507711803280761959313342767241838745754095837,28699609518160570455168919112568591741029426949308718225055435784035660622902,0.96,0.97,1075.42,44.43,0.01,0.03,0.04,44.43,1075.42,0.01,0.965,0.035,0.039675,0.960325,66422.17
1774829975517,2026-03-30T00:19:35.517,btc-updown-15m-1774829700,1774830600,Up,44805772389954001846323941798115507711803280761959313342767241838745754095837,28699609518160570455168919112568591741029426949308718225055435784035660622902,0.96,0.97,884.42,685.86,0.01,0.03,0.04,685.86,884.42,0.01,0.965,0.035,0.436776,0.563224,66422.17
1774829976518,2026-03-30T00:19:36.518,btc-updown-15m-1774829700,1774830600,Up,44805772389954001846323941798115507711803280761959313342767241838745754095837,28699609518160570455168919112568591741029426949308718225055435784035660622902,0.96,0.97,992.42,1364.93,0.01,0.03,0.04,1364.93,899.42,0.01,0.965,0.035,0.57901,0.397209,66452.7
1774829977519,2026-03-30T00:19:37.519,btc-updown-15m-1774829700,1774830600,Up,44805772389954001846323941798115507711803280761959313342767241838745754095837,28699609518160570455168919112568591741029426949308718225055435784035660622902,0.96,0.97,860.45,1691.06,0.01,0.03,0.04,1691.06,860.45,0.01,0.965,0.035,0.662768,0.337232,66452.7
1774829978520,2026-03-30T00:19:38.520,btc-updown-15m-1774829700,1774830600,Up,44805772389954001846323941798115507711803280761959313342767241838745754095837,28699609518160570455168919112568591741029426949308718225055435784035660622902,0.96,0.97,855.45,1489.06,0.01,0.03,0.04,1489.06,855.45,0.01,0.965,0.035,0.635126,0.364874,66452.7
1774829979521,2026-03-30T00:19:39.521,btc-updown-15m-1774829700,1774830600,Up,44805772389954001846323941798115507711803280761959313342767241838745754095837,28699609518160570455168919112568591741029426949308718225055435784035660622902,0.96,0.97,632.41,1494.06,0.01,0.03,0.04,1494.06,632.41,0.01,0.965,0.035,0.702601,0.297399,66511.71
1774829980521,2026-03-30T00:19:40.521,btc-updown-15m-1774829700,1774830600,Up,44805772389954001846323941798115507711803280761959313342767241838745754095837,28699609518160570455168919112568591741029426949308718225055435784035660622902,0.96,0.97,632.41,1494.06,0.01,0.03,0.04,1494.06,632.41,0.01,0.965,0.035,0.702601,0.297399,66511.71
1774829981521,2026-03-30T00:19:41.521,btc-updown-15m-1774829700,1774830600,Up,44805772389954001846323941798115507711803280761959313342767241838745754095837,28699609518160570455168919112568591741029426949308718225055435784035660622902,0.96,0.97,776.35,1515.07,0.01,0.03,0.04,1515.07,776.35,0.01,0.965,0.035,0.661193,0.338807,66511.71
1774829982522,2026-03-30T00:19:42.522,btc-updown-15m-1774829700,1774830600,Up,44805772389954001846323941798115507711803280761959313342767241838745754095837,28699609518160570455168919112568591741029426949308718225055435784035660622902,0.96,0.97,552.29,1260.31,0.01,0.03,0.04,1260.31,552.29,0.01,0.965,0.035,0.695305,0.304695,66542.85
1774829983523,2026-03-30T00:19:43.523,btc-updown-15m-1774829700,1774830600,Up,44805772389954001846323941798115507711803280761959313342767241838745754095837,28699609518160570455168919112568591741029426949308718225055435784035660622902,0.96,0.97,337.93,1625.81,0.01,0.03,0.04,1625.81,337.93,0.01,0.965,0.035,0.827915,0.172085,66542.85
1774829984523,2026-03-30T00:19:44.523,btc-updown-15m-1774829700,1774830600,Up,44805772389954001846323941798115507711803280761959313342767241838745754095837,28699609518160570455168919112568591741029426949308718225055435784035660622902,0.96,0.97,554.93,1536.75,0.01,0.03,0.04,1536.75,554.93,0.01,0.965,0.035,0.734697,0.265303,66542.85
1774829985524,2026-03-30T00:19:45.524,btc-updown-15m-1774829700,1774830600,Up,44805772389954001846323941798115507711803280761959313342767241838745754095837,28699609518160570455168919112568591741029426949308718225055435784035660622902,0.96,0.98,1680.06,1655.75,0.02,0.02,0.04,1655.75,1680.06,0.02,0.97,0.03,0.496356,0.503644,66659.99
1774829986525,2026-03-30T00:19:46.525,btc-updown-15m-1774829700,1774830600,Up,44805772389954001846323941798115507711803280761959313342767241838745754095837,28699609518160570455168919112568591741029426949308718225055435784035660622902,0.97,0.98,1121.79,1706.89,0.01,0.02,0.03,1706.89,1121.79,0.01,0.975,0.025,0.603423,0.396577,66659.99
1774829987526,2026-03-30T00:19:47.526,btc-updown-15m-1774829700,1774830600,Up,44805772389954001846323941798115507711803280761959313342767241838745754095837,28699609518160570455168919112568591741029426949308718225055435784035660622902,0.97,0.98,8.73,1819.16,0.01,0.02,0.03,1819.16,8.73,0.01,0.975,0.025,0.995224,0.004776,66659.99
1774829988526,2026-03-30T00:19:48.526,btc-updown-15m-1774829700,1774830600,Up,44805772389954001846323941798115507711803280761959313342767241838745754095837,28699609518160570455168919112568591741029426949308718225055435784035660622902,0.98,0.99,6119.83,268.95,0.01,0.01,0.02,268.95,6119.83,0.01,0.985,0.015,0.042097,0.957903,66684.79
1774829989527,2026-03-30T00:19:49.527,btc-updown-15m-1774829700,1774830600,Up,44805772389954001846323941798115507711803280761959313342767241838745754095837,28699609518160570455168919112568591741029426949308718225055435784035660622902,0.98,0.99,5917.83,180.95,0.01,0.01,0.02,180.95,5917.83,0.01,0.985,0.015,0.02967,0.97033,66684.79
1774829990528,2026-03-30T00:19:50.528,btc-updown-15m-1774829700,1774830600,Up,44805772389954001846323941798115507711803280761959313342767241838745754095837,28699609518160570455168919112568591741029426949308718225055435784035660622902,0.98,0.99,6251.13,368.47,0.01,0.01,0.02,368.47,6251.13,0.01,0.985,0.015,0.055663,0.944337,66684.79
1774829991529,2026-03-30T00:19:51.529,btc-updown-15m-1774829700,1774830600,Up,44805772389954001846323941798115507711803280761959313342767241838745754095837,28699609518160570455168919112568591741029426949308718225055435784035660622902,0.96,0.97,51.0,357.5,0.01,0.03,0.04,357.5,51.0,0.01,0.965,0.035,0.875153,0.124847,66658.09
1774829992530,2026-03-30T00:19:52.530,btc-updown-15m-1774829700,1774830600,Up,44805772389954001846323941798115507711803280761959313342767241838745754095837,28699609518160570455168919112568591741029426949308718225055435784035660622902,0.97,0.98,1979.9,54.7,0.01,0.02,0.03,54.7,1979.9,0.01,0.975,0.025,0.026885,0.973115,66658.09
1774829993531,2026-03-30T00:19:53.531,btc-updown-15m-1774829700,1774830600,Up,44805772389954001846323941798115507711803280761959313342767241838745754095837,28699609518160570455168919112568591741029426949308718225055435784035660622902,0.97,0.98,1979.9,54.7,0.01,0.02,0.03,54.7,1979.9,0.01,0.975,0.025,0.026885,0.973115,66658.09
1774829994532,2026-03-30T00:19:54.532,btc-updown-15m-1774829700,1774830600,Up,44805772389954001846323941798115507711803280761959313342767241838745754095837,28699609518160570455168919112568591741029426949308718225055435784035660622902,0.967,0.97,8.83,27.5,0.003,0.03,0.033,27.5,8.83,0.003,0.9685,0.0315,0.75695,0.24305,66755.45
1774829995533,2026-03-30T00:19:55.533,btc-updown-15m-1774829700,1774830600,Up,44805772389954001846323941798115507711803280761959313342767241838745754095837,28699609518160570455168919112568591741029426949308718225055435784035660622902,0.97,0.98,834.48,55.0,0.01,0.02,0.03,55.0,834.48,0.01,0.975,0.025,0.061834,0.938166,66755.45
1774829996533,2026-03-30T00:19:56.533,btc-updown-15m-1774829700,1774830600,Up,44805772389954001846323941798115507711803280761959313342767241838745754095837,28699609518160570455168919112568591741029426949308718225055435784035660622902,0.97,0.98,735.84,86.0,0.01,0.02,0.03,86.0,735.84,0.01,0.975,0.025,0.104643,0.895357,66755.45
1774829997533,2026-03-30T00:19:57.533,btc-updown-15m-1774829700,1774830600,Up,44805772389954001846323941798115507711803280761959313342767241838745754095837,28699609518160570455168919112568591741029426949308718225055435784035660622902,0.97,0.98,161.21,530.7,0.01,0.02,0.03,530.7,161.21,0.01,0.975,0.025,0.767007,0.232993,66910.0
1774829998534,2026-03-30T00:19:58.534,btc-updown-15m-1774829700,1774830600,Up,44805772389954001846323941798115507711803280761959313342767241838745754095837,28699609518160570455168919112568591741029426949308718225055435784035660622902,0.97,0.98,41.74,618.97,0.01,0.02,0.03,618.97,41.74,0.01,0.975,0.025,0.936826,0.063174,66910.0
1774829999534,2026-03-30T00:19:59.534,btc-updown-15m-1774829700,1774830600,Up,44805772389954001846323941798115507711803280761959313342767241838745754095837,28699609518160570455168919112568591741029426949308718225055435784035660622902,0.97,0.98,22.22,608.97,0.01,0.02,0.03,608.97,22.22,0.01,0.975,0.025,0.964797,0.035203,66910.0
1774830000535,2026-03-30T00:20:00.535,btc-updown-15m-1774829700,1774830600,Up,44805772389954001846323941798115507711803280761959313342767241838745754095837,28699609518160570455168919112568591741029426949308718225055435784035660622902,0.97,0.98,11.55,1287.7,0.01,0.02,0.03,1287.7,11.55,0.01,0.975,0.025,0.99111,0.00889,66954.0
1774830001535,2026-03-30T00:20:01.535,btc-updown-15m-1774829700,1774830600,Up,44805772389954001846323941798115507711803280761959313342767241838745754095837,28699609518160570455168919112568591741029426949308718225055435784035660622902,0.97,0.98,66.3,1061.8,0.01,0.01,0.03,1136.8,3723.79,0.02,0.975,0.02,0.941229,0.766119,66954.0
1774830002536,2026-03-30T00:20:02.536,btc-updown-15m-1774829700,1774830600,Up,44805772389954001846323941798115507711803280761959313342767241838745754095837,28699609518160570455168919112568591741029426949308718225055435784035660622902,0.99,0.998,158.5,1352.89,0.008,0.002,0.01,1392.89,158.5,0.008,0.994,0.006,0.89513,0.102166,66954.0
1774830003537,2026-03-30T00:20:03.537,btc-updown-15m-1774829700,1774830600,Up,44805772389954001846323941798115507711803280761959313342767241838745754095837,28699609518160570455168919112568591741029426949308718225055435784035660622902,0.99,0.997,85.22,1204.21,0.007,0.003,0.01,1204.21,85.22,0.007,0.9935,0.0065,0.933909,0.066091,67013.22
1774830004537,2026-03-30T00:20:04.537,btc-updown-15m-1774829700,1774830600,Up,44805772389954001846323941798115507711803280761959313342767241838745754095837,28699609518160570455168919112568591741029426949308718225055435784035660622902,0.99,0.997,85.22,1203.1,0.007,0.003,0.01,1203.1,85.22,0.007,0.9935,0.0065,0.933852,0.066148,67013.22
1774830005538,2026-03-30T00:20:05.538,btc-updown-15m-1774829700,1774830600,Up,44805772389954001846323941798115507711803280761959313342767241838745754095837,28699609518160570455168919112568591741029426949308718225055435784035660622902,0.99,0.997,85.22,1253.2,0.007,0.003,0.01,1253.2,85.22,0.007,0.9935,0.0065,0.936328,0.063672,67013.22
1774830006540,2026-03-30T00:20:06.540,btc-updown-15m-1774829700,1774830600,Up,44805772389954001846323941798115507711803280761959313342767241838745754095837,28699609518160570455168919112568591741029426949308718225055435784035660622902,0.99,0.997,6.0,1085.69,0.007,0.003,0.01,1085.69,6.0,0.007,0.9935,0.0065,0.994504,0.005496,67036.36
1774830007541,2026-03-30T00:20:07.541,btc-updown-15m-1774829700,1774830600,Up,44805772389954001846323941798115507711803280761959313342767241838745754095837,28699609518160570455168919112568591741029426949308718225055435784035660622902,0.99,0.997,4.81,1080.69,0.007,0.003,0.01,1080.69,4.81,0.007,0.9935,0.0065,0.995569,0.004431,67036.36
1774830008542,2026-03-30T00:20:08.542,btc-updown-15m-1774829700,1774830600,Up,44805772389954001846323941798115507711803280761959313342767241838745754095837,28699609518160570455168919112568591741029426949308718225055435784035660622902,0.99,0.997,83.02,1005.81,0.007,0.003,0.01,1005.81,83.02,0.007,0.9935,0.0065,0.923753,0.076247,67036.36
1774830009543,2026-03-30T00:20:09.543,btc-updown-15m-1774829700,1774830600,Up,44805772389954001846323941798115507711803280761959313342767241838745754095837,28699609518160570455168919112568591741029426949308718225055435784035660622902,0.99,0.997,83.02,730.76,0.007,0.003,0.01,730.76,83.02,0.007,0.9935,0.0065,0.897982,0.102018,66915.56
1774830010543,2026-03-30T00:20:10.543,btc-updown-15m-1774829700,1774830600,Up,44805772389954001846323941798115507711803280761959313342767241838745754095837,28699609518160570455168919112568591741029426949308718225055435784035660622902,0.98,0.982,168.98,3381.81,0.002,0.018,0.02,3381.81,168.98,0.002,0.981,0.019,0.952411,0.047589,66915.56
1774830011544,2026-03-30T00:20:11.544,btc-updown-15m-1774829700,1774830600,Up,44805772389954001846323941798115507711803280761959313342767241838745754095837,28699609518160570455168919112568591741029426949308718225055435784035660622902,0.977,0.98,16.24,12.5,0.003,0.02,0.023,12.5,16.24,0.003,0.9785,0.0215,0.434934,0.565066,66915.56
1774830012545,2026-03-30T00:20:12.545,btc-updown-15m-1774829700,1774830600,Up,44805772389954001846323941798115507711803280761959313342767241838745754095837,28699609518160570455168919112568591741029426949308718225055435784035660622902,0.977,0.98,117.65,12.5,0.003,0.02,0.023,12.5,117.65,0.003,0.9785,0.0215,0.096043,0.903957,66827.95
1774830013545,2026-03-30T00:20:13.545,btc-updown-15m-1774829700,1774830600,Up,44805772389954001846323941798115507711803280761959313342767241838745754095837,28699609518160570455168919112568591741029426949308718225055435784035660622902,0.971,0.978,298.97,16.0,0.007,0.022,0.029,16.0,298.97,0.007,0.9745,0.0255,0.050798,0.949202,66827.95
1774830014546,2026-03-30T00:20:14.546,btc-updown-15m-1774829700,1774830600,Up,44805772389954001846323941798115507711803280761959313342767241838745754095837,28699609518160570455168919112568591741029426949308718225055435784035660622902,0.974,0.977,167.97,5.0,0.003,0.023,0.026,5.0,167.97,0.003,0.9755,0.0245,0.028907,0.971093,66827.95
1774830015546,2026-03-30T00:20:15.546,btc-updown-15m-1774829700,1774830600,Up,44805772389954001846323941798115507711803280761959313342767241838745754095837,28699609518160570455168919112568591741029426949308718225055435784035660622902,0.974,0.977,164.29,5.0,0.003,0.023,0.026,5.0,164.29,0.003,0.9755,0.0245,0.029535,0.970465,66827.2
1774830016547,2026-03-30T00:20:16.547,btc-updown-15m-1774829700,1774830600,Up,44805772389954001846323941798115507711803280761959313342767241838745754095837,28699609518160570455168919112568591741029426949308718225055435784035660622902,0.97,0.977,159.72,405.97,0.007,0.023,0.03,405.97,159.72,0.007,0.9735,0.0265,0.717655,0.282345,66827.2
1774830017548,2026-03-30T00:20:17.548,btc-updown-15m-1774829700,1774830600,Up,44805772389954001846323941798115507711803280761959313342767241838745754095837,28699609518160570455168919112568591741029426949308718225055435784035660622902,0.97,0.977,133.37,426.97,0.007,0.023,0.03,426.97,133.37,0.007,0.9735,0.0265,0.761984,0.238016,66827.2
1774830018548,2026-03-30T00:20:18.548,btc-updown-15m-1774829700,1774830600,Up,44805772389954001846323941798115507711803280761959313342767241838745754095837,28699609518160570455168919112568591741029426949308718225055435784035660622902,0.97,0.976,169.41,481.97,0.006,0.024,0.03,481.97,169.41,0.006,0.973,0.027,0.739921,0.260079,66808.18
1774830019549,2026-03-30T00:20:19.549,btc-updown-15m-1774829700,1774830600,Up,44805772389954001846323941798115507711803280761959313342767241838745754095837,28699609518160570455168919112568591741029426949308718225055435784035660622902,0.97,0.976,169.41,481.97,0.006,0.024,0.03,481.97,169.41,0.006,0.973,0.027,0.739921,0.260079,66808.18
1774830020549,2026-03-30T00:20:20.549,btc-updown-15m-1774829700,1774830600,Up,44805772389954001846323941798115507711803280761959313342767241838745754095837,28699609518160570455168919112568591741029426949308718225055435784035660622902,0.97,0.976,168.83,400.97,0.006,0.024,0.03,400.97,168.83,0.006,0.973,0.027,0.703703,0.296297,66808.18
1774830021550,2026-03-30T00:20:21.550,btc-updown-15m-1774829700,1774830600,Up,44805772389954001846323941798115507711803280761959313342767241838745754095837,28699609518160570455168919112568591741029426949308718225055435784035660622902,0.97,0.976,97.17,20.0,0.006,0.024,0.03,20.0,97.17,0.006,0.973,0.027,0.170692,0.829308,66775.18
1774830022551,2026-03-30T00:20:22.551,btc-updown-15m-1774829700,1774830600,Up,44805772389954001846323941798115507711803280761959313342767241838745754095837,28699609518160570455168919112568591741029426949308718225055435784035660622902,0.961,0.962,284.92,5.0,0.001,0.038,0.039,5.0,284.92,0.001,0.9615,0.0385,0.017246,0.982754,66775.18
1774830023552,2026-03-30T00:20:23.552,btc-updown-15m-1774829700,1774830600,Up,44805772389954001846323941798115507711803280761959313342767241838745754095837,28699609518160570455168919112568591741029426949308718225055435784035660622902,0.962,0.97,40.0,36.08,0.008,0.03,0.038,36.08,40.0,0.008,0.966,0.034,0.474238,0.525762,66775.18
1774830024552,2026-03-30T00:20:24.552,btc-updown-15m-1774829700,1774830600,Up,44805772389954001846323941798115507711803280761959313342767241838745754095837,28699609518160570455168919112568591741029426949308718225055435784035660622902,0.97,0.975,230.0,26.0,0.005,0.025,0.03,26.0,230.0,0.005,0.9725,0.0275,0.101562,0.898438,66821.26
1774830025552,2026-03-30T00:20:25.552,btc-updown-15m-1774829700,1774830600,Up,44805772389954001846323941798115507711803280761959313342767241838745754095837,28699609518160570455168919112568591741029426949308718225055435784035660622902,0.97,0.975,47.06,150.01,0.005,0.025,0.03,150.01,47.06,0.005,0.9725,0.0275,0.761202,0.238798,66821.26
1774830026553,2026-03-30T00:20:26.553,btc-updown-15m-1774829700,1774830600,Up,44805772389954001846323941798115507711803280761959313342767241838745754095837,28699609518160570455168919112568591741029426949308718225055435784035660622902,0.975,0.977,750.0,23.2,0.002,0.023,0.025,23.2,750.0,0.002,0.976,0.024,0.030005,0.969995,66821.26
1774830027553,2026-03-30T00:20:27.553,btc-updown-15m-1774829700,1774830600,Up,44805772389954001846323941798115507711803280761959313342767241838745754095837,28699609518160570455168919112568591741029426949308718225055435784035660622902,0.93,0.979,170.0,142.95,0.049,0.021,0.07,142.95,170.0,0.049,0.9545,0.0455,0.456782,0.543218,66836.69
1774830028553,2026-03-30T00:20:28.553,btc-updown-15m-1774829700,1774830600,Up,44805772389954001846323941798115507711803280761959313342767241838745754095837,28699609518160570455168919112568591741029426949308718225055435784035660622902,0.93,0.979,170.0,142.95,0.049,0.021,0.07,142.95,170.0,0.049,0.9545,0.0455,0.456782,0.543218,66836.69
1774830029554,2026-03-30T00:20:29.554,btc-updown-15m-1774829700,1774830600,Up,44805772389954001846323941798115507711803280761959313342767241838745754095837,28699609518160570455168919112568591741029426949308718225055435784035660622902,0.93,0.979,170.0,142.95,0.049,0.021,0.07,142.95,170.0,0.049,0.9545,0.0455,0.456782,0.543218,66836.69
1774830030554,2026-03-30T00:20:30.554,btc-updown-15m-1774829700,1774830600,Up,44805772389954001846323941798115507711803280761959313342767241838745754095837,28699609518160570455168919112568591741029426949308718225055435784035660622902,0.97,0.98,293.46,333.73,0.01,0.02,0.03,333.73,293.46,0.01,0.975,0.025,0.532104,0.467896,66858.98
1774830031555,2026-03-30T00:20:31.555,btc-updown-15m-1774829700,1774830600,Up,44805772389954001846323941798115507711803280761959313342767241838745754095837,28699609518160570455168919112568591741029426949308718225055435784035660622902,0.97,0.98,366.9,502.47,0.01,0.02,0.03,502.47,366.9,0.01,0.975,0.025,0.57797,0.42203,66858.98
1774830032555,2026-03-30T00:20:32.555,btc-updown-15m-1774829700,1774830600,Up,44805772389954001846323941798115507711803280761959313342767241838745754095837,28699609518160570455168919112568591741029426949308718225055435784035660622902,0.97,0.98,395.9,99.13,0.01,0.02,0.03,99.13,395.9,0.01,0.975,0.025,0.20025,0.79975,66858.98
1774830033556,2026-03-30T00:20:33.556,btc-updown-15m-1774829700,1774830600,Up,44805772389954001846323941798115507711803280761959313342767241838745754095837,28699609518160570455168919112568591741029426949308718225055435784035660622902,0.94,0.978,170.0,743.56,0.038,0.022,0.06,743.56,170.0,0.038,0.959,0.041,0.813915,0.186085,66811.99
1774830034557,2026-03-30T00:20:34.557,btc-updown-15m-1774829700,1774830600,Up,44805772389954001846323941798115507711803280761959313342767241838745754095837,28699609518160570455168919112568591741029426949308718225055435784035660622902,0.954,0.96,34.58,170.0,0.006,0.04,0.046,170.0,34.58,0.006,0.957,0.043,0.830971,0.169029,66811.99
1774830035557,2026-03-30T00:20:35.557,btc-updown-15m-1774829700,1774830600,Up,44805772389954001846323941798115507711803280761959313342767241838745754095837,28699609518160570455168919112568591741029426949308718225055435784035660622902,0.958,0.976,663.41,347.0,0.018,0.024,0.042,347.0,663.41,0.018,0.967,0.033,0.343425,0.656575,66811.99
1774830036559,2026-03-30T00:20:36.559,btc-updown-15m-1774829700,1774830600,Up,44805772389954001846323941798115507711803280761959313342767241838745754095837,28699609518160570455168919112568591741029426949308718225055435784035660622902,0.96,0.97,14.48,61.9,0.01,0.03,0.04,61.9,14.48,0.01,0.965,0.035,0.810422,0.189578,66815.46
1774830037560,2026-03-30T00:20:37.560,btc-updown-15m-1774829700,1774830600,Up,44805772389954001846323941798115507711803280761959313342767241838745754095837,28699609518160570455168919112568591741029426949308718225055435784035660622902,0.97,0.976,663.41,16.63,0.006,0.024,0.03,16.63,663.41,0.006,0.973,0.027,0.024454,0.975546,66815.46
1774830038561,2026-03-30T00:20:38.561,btc-updown-15m-1774829700,1774830600,Up,44805772389954001846323941798115507711803280761959313342767241838745754095837,28699609518160570455168919112568591741029426949308718225055435784035660622902,0.97,0.976,663.41,16.63,0.006,0.024,0.03,16.63,663.41,0.006,0.973,0.027,0.024454,0.975546,66815.46
1774830039561,2026-03-30T00:20:39.561,btc-updown-15m-1774829700,1774830600,Up,44805772389954001846323941798115507711803280761959313342767241838745754095837,28699609518160570455168919112568591741029426949308718225055435784035660622902,0.97,0.974,121.39,31.29,0.004,0.026,0.03,31.29,121.39,0.004,0.972,0.028,0.204938,0.795062,66786.21
1774830040562,2026-03-30T00:20:40.562,btc-updown-15m-1774829700,1774830600,Up,44805772389954001846323941798115507711803280761959313342767241838745754095837,28699609518160570455168919112568591741029426949308718225055435784035660622902,0.97,0.976,739.8,36.0,0.006,0.024,0.03,36.0,739.8,0.006,0.973,0.027,0.046404,0.953596,66786.21
1774830041562,2026-03-30T00:20:41.562,btc-updown-15m-1774829700,1774830600,Up,44805772389954001846323941798115507711803280761959313342767241838745754095837,28699609518160570455168919112568591741029426949308718225055435784035660622902,0.97,0.976,883.34,62.0,0.006,0.024,0.03,62.0,883.34,0.006,0.973,0.027,0.065585,0.934415,66786.21
1774830042563,2026-03-30T00:20:42.563,btc-updown-15m-1774829700,1774830600,Up,44805772389954001846323941798115507711803280761959313342767241838745754095837,28699609518160570455168919112568591741029426949308718225055435784035660622902,0.97,0.976,883.34,62.0,0.006,0.024,0.03,62.0,883.34,0.006,0.973,0.027,0.065585,0.934415,66788.27
1774830043564,2026-03-30T00:20:43.564,btc-updown-15m-1774829700,1774830600,Up,44805772389954001846323941798115507711803280761959313342767241838745754095837,28699609518160570455168919112568591741029426949308718225055435784035660622902,0.97,0.976,883.34,62.0,0.006,0.024,0.03,62.0,883.34,0.006,0.973,0.027,0.065585,0.934415,66788.27
1774830044564,2026-03-30T00:20:44.564,btc-updown-15m-1774829700,1774830600,Up,44805772389954001846323941798115507711803280761959313342767241838745754095837,28699609518160570455168919112568591741029426949308718225055435784035660622902,0.97,0.976,883.34,62.0,0.006,0.024,0.03,62.0,883.34,0.006,0.973,0.027,0.065585,0.934415,66788.27
1774830045565,2026-03-30T00:20:45.565,btc-updown-15m-1774829700,1774830600,Up,44805772389954001846323941798115507711803280761959313342767241838745754095837,28699609518160570455168919112568591741029426949308718225055435784035660622902,0.966,0.97,16.84,5.0,0.004,0.03,0.034,5.0,16.84,0.004,0.968,0.032,0.228938,0.771062,66832.0
1774830046565,2026-03-30T00:20:46.565,btc-updown-15m-1774829700,1774830600,Up,44805772389954001846323941798115507711803280761959313342767241838745754095837,28699609518160570455168919112568591741029426949308718225055435784035660622902,0.97,0.976,449.61,71.16,0.006,0.024,0.03,71.16,449.61,0.006,0.973,0.027,0.136644,0.863356,66832.0
1774830047566,2026-03-30T00:20:47.566,btc-updown-15m-1774829700,1774830600,Up,44805772389954001846323941798115507711803280761959313342767241838745754095837,28699609518160570455168919112568591741029426949308718225055435784035660622902,0.97,0.976,424.25,50.0,0.006,0.024,0.03,50.0,424.25,0.006,0.973,0.027,0.10543,0.89457,66832.0
1774830048566,2026-03-30T00:20:48.566,btc-updown-15m-1774829700,1774830600,Up,44805772389954001846323941798115507711803280761959313342767241838745754095837,28699609518160570455168919112568591741029426949308718225055435784035660622902,0.97,0.976,424.25,50.0,0.006,0.024,0.03,50.0,424.25,0.006,0.973,0.027,0.10543,0.89457,66837.64
1774830049568,2026-03-30T00:20:49.568,btc-updown-15m-1774829700,1774830600,Up,44805772389954001846323941798115507711803280761959313342767241838745754095837,28699609518160570455168919112568591741029426949308718225055435784035660622902,0.968,0.976,412.01,161.0,0.008,0.024,0.032,161.0,412.01,0.008,0.972,0.028,0.280972,0.719028,66837.64
1774830050568,2026-03-30T00:20:50.568,btc-updown-15m-1774829700,1774830600,Up,44805772389954001846323941798115507711803280761959313342767241838745754095837,28699609518160570455168919112568591741029426949308718225055435784035660622902,0.97,0.976,332.91,240.0,0.006,0.024,0.03,240.0,332.91,0.006,0.973,0.027,0.418914,0.581086,66837.64
1774830051569,2026-03-30T00:20:51.569,btc-updown-15m-1774829700,1774830600,Up,44805772389954001846323941798115507711803280761959313342767241838745754095837,28699609518160570455168919112568591741029426949308718225055435784035660622902,0.97,0.976,332.91,240.0,0.006,0.024,0.03,240.0,332.91,0.006,0.973,0.027,0.418914,0.581086,66939.04
1774830052570,2026-03-30T00:20:52.570,btc-updown-15m-1774829700,1774830600,Up,44805772389954001846323941798115507711803280761959313342767241838745754095837,28699609518160570455168919112568591741029426949308718225055435784035660622902,0.97,0.976,332.91,240.0,0.006,0.024,0.03,240.0,332.91,0.006,0.973,0.027,0.418914,0.581086,66939.04
1774830053571,2026-03-30T00:20:53.571,btc-updown-15m-1774829700,1774830600,Up,44805772389954001846323941798115507711803280761959313342767241838745754095837,28699609518160570455168919112568591741029426949308718225055435784035660622902,0.937,0.976,332.91,94.42,0.039,0.024,0.063,94.42,332.91,0.039,0.9565,0.0435,0.220953,0.779047,66939.04
1774830054571,2026-03-30T00:20:54.571,btc-updown-15m-1774829700,1774830600,Up,44805772389954001846323941798115507711803280761959313342767241838745754095837,28699609518160570455168919112568591741029426949308718225055435784035660622902,0.97,0.988,93.21,20.0,0.018,0.012,0.03,20.0,93.21,0.018,0.979,0.021,0.176663,0.823337,66957.77
1774830055572,2026-03-30T00:20:55.572,btc-updown-15m-1774829700,1774830600,Up,44805772389954001846323941798115507711803280761959313342767241838745754095837,28699609518160570455168919112568591741029426949308718225055435784035660622902,0.971,0.98,54.0,170.0,0.009,0.02,0.029,170.0,54.0,0.009,0.9755,0.0245,0.758929,0.241071,66957.77
1774830056572,2026-03-30T00:20:56.572,btc-updown-15m-1774829700,1774830600,Up,44805772389954001846323941798115507711803280761959313342767241838745754095837,28699609518160570455168919112568591741029426949308718225055435784035660622902,0.971,0.98,54.0,170.0,0.009,0.02,0.029,170.0,54.0,0.009,0.9755,0.0245,0.758929,0.241071,66957.77
1774830057573,2026-03-30T00:20:57.573,btc-updown-15m-1774829700,1774830600,Up,44805772389954001846323941798115507711803280761959313342767241838745754095837,28699609518160570455168919112568591741029426949308718225055435784035660622902,0.98,0.986,160.0,198.09,0.006,0.014,0.02,198.09,160.0,0.006,0.983,0.017,0.553185,0.446815,66935.63
1774830058573,2026-03-30T00:20:58.573,btc-updown-15m-1774829700,1774830600,Up,44805772389954001846323941798115507711803280761959313342767241838745754095837,28699609518160570455168919112568591741029426949308718225055435784035660622902,0.966,0.986,157.66,5.0,0.02,0.014,0.034,5.0,157.66,0.02,0.976,0.024,0.030739,0.969261,66935.63
1774830059573,2026-03-30T00:20:59.573,btc-updown-15m-1774829700,1774830600,Up,44805772389954001846323941798115507711803280761959313342767241838745754095837,28699609518160570455168919112568591741029426949308718225055435784035660622902,0.97,0.98,428.99,5.0,0.01,0.02,0.03,5.0,428.99,0.01,0.975,0.025,0.011521,0.988479,66935.63
1774830060574,2026-03-30T00:21:00.574,btc-updown-15m-1774829700,1774830600,Up,44805772389954001846323941798115507711803280761959313342767241838745754095837,28699609518160570455168919112568591741029426949308718225055435784035660622902,0.971,0.98,354.77,5.0,0.009,0.02,0.029,5.0,354.77,0.009,0.9755,0.0245,0.013898,0.986102,67004.46
1774830061574,2026-03-30T00:21:01.574,btc-updown-15m-1774829700,1774830600,Up,44805772389954001846323941798115507711803280761959313342767241838745754095837,28699609518160570455168919112568591741029426949308718225055435784035660622902,0.971,0.98,354.77,5.0,0.009,0.02,0.029,5.0,354.77,0.009,0.9755,0.0245,0.013898,0.986102,67004.46
1774830062576,2026-03-30T00:21:02.576,btc-updown-15m-1774829700,1774830600,Up,44805772389954001846323941798115507711803280761959313342767241838745754095837,28699609518160570455168919112568591741029426949308718225055435784035660622902,0.97,0.98,32.62,429.38,0.01,0.02,0.03,429.38,32.62,0.01,0.975,0.025,0.929394,0.070606,67004.46
1774830063577,2026-03-30T00:21:03.577,btc-updown-15m-1774829700,1774830600,Up,44805772389954001846323941798115507711803280761959313342767241838745754095837,28699609518160570455168919112568591741029426949308718225055435784035660622902,0.92,0.98,32.62,60.93,0.06,0.02,0.08,60.93,32.62,0.06,0.95,0.05,0.651309,0.348691,66892.68
1774830064577,2026-03-30T00:21:04.577,btc-updown-15m-1774829700,1774830600,Up,44805772389954001846323941798115507711803280761959313342767241838745754095837,28699609518160570455168919112568591741029426949308718225055435784035660622902,0.96,0.97,115.14,25.0,0.01,0.03,0.04,25.0,115.14,0.01,0.965,0.035,0.178393,0.821607,66892.68
1774830065577,2026-03-30T00:21:05.577,btc-updown-15m-1774829700,1774830600,Up,44805772389954001846323941798115507711803280761959313342767241838745754095837,28699609518160570455168919112568591741029426949308718225055435784035660622902,0.98,0.985,160.0,192.33,0.005,0.015,0.02,192.33,160.0,0.005,0.9825,0.0175,0.54588,0.45412,66892.68
1774830066577,2026-03-30T00:21:06.577,btc-updown-15m-1774829700,1774830600,Up,44805772389954001846323941798115507711803280761959313342767241838745754095837,28699609518160570455168919112568591741029426949308718225055435784035660622902,0.98,0.985,130.85,265.02,0.005,0.015,0.02,265.02,130.85,0.005,0.9825,0.0175,0.669462,0.330538,66914.89
1774830067578,2026-03-30T00:21:07.578,btc-updown-15m-1774829700,1774830600,Up,44805772389954001846323941798115507711803280761959313342767241838745754095837,28699609518160570455168919112568591741029426949308718225055435784035660622902,0.98,0.985,130.85,192.02,0.005,0.015,0.02,192.02,130.85,0.005,0.9825,0.0175,0.594729,0.405271,66914.89
1774830068579,2026-03-30T00:21:08.579,btc-updown-15m-1774829700,1774830600,Up,44805772389954001846323941798115507711803280761959313342767241838745754095837,28699609518160570455168919112568591741029426949308718225055435784035660622902,0.98,0.985,130.85,54.52,0.005,0.015,0.02,54.52,130.85,0.005,0.9825,0.0175,0.294114,0.705886,66914.89
1774830069580,2026-03-30T00:21:09.580,btc-updown-15m-1774829700,1774830600,Up,44805772389954001846323941798115507711803280761959313342767241838745754095837,28699609518160570455168919112568591741029426949308718225055435784035660622902,0.98,0.985,130.85,54.52,0.005,0.015,0.02,54.52,130.85,0.005,0.9825,0.0175,0.294114,0.705886,66940.06
1774830070581,2026-03-30T00:21:10.581,btc-updown-15m-1774829700,1774830600,Up,44805772389954001846323941798115507711803280761959313342767241838745754095837,28699609518160570455168919112568591741029426949308718225055435784035660622902,0.98,0.985,130.85,54.52,0.005,0.015,0.02,54.52,130.85,0.005,0.9825,0.0175,0.294114,0.705886,66940.06
1774830071582,2026-03-30T00:21:11.582,btc-updown-15m-1774829700,1774830600,Up,44805772389954001846323941798115507711803280761959313342767241838745754095837,28699609518160570455168919112568591741029426949308718225055435784035660622902,0.975,0.985,74.3,10.26,0.01,0.015,0.025,10.26,74.3,0.01,0.98,0.02,0.121334,0.878666,66940.06
1774830072582,2026-03-30T00:21:12.582,btc-updown-15m-1774829700,1774830600,Up,44805772389954001846323941798115507711803280761959313342767241838745754095837,28699609518160570455168919112568591741029426949308718225055435784035660622902,0.98,0.985,24.41,51.0,0.005,0.015,0.02,51.0,24.41,0.005,0.9825,0.0175,0.676303,0.323697,66924.19
1774830073583,2026-03-30T00:21:13.583,btc-updown-15m-1774829700,1774830600,Up,44805772389954001846323941798115507711803280761959313342767241838745754095837,28699609518160570455168919112568591741029426949308718225055435784035660622902,0.981,0.985,31.39,45.5,0.004,0.015,0.019,45.5,31.39,0.004,0.983,0.017,0.591754,0.408246,66924.19
1774830074584,2026-03-30T00:21:14.584,btc-updown-15m-1774829700,1774830600,Up,44805772389954001846323941798115507711803280761959313342767241838745754095837,28699609518160570455168919112568591741029426949308718225055435784035660622902,0.981,0.985,31.39,45.5,0.004,0.015,0.019,45.5,31.39,0.004,0.983,0.017,0.591754,0.408246,66924.19
1774830075584,2026-03-30T00:21:15.584,btc-updown-15m-1774829700,1774830600,Up,44805772389954001846323941798115507711803280761959313342767241838745754095837,28699609518160570455168919112568591741029426949308718225055435784035660622902,0.985,0.99,350.45,30.0,0.005,0.01,0.015,30.0,350.45,0.005,0.9875,0.0125,0.078854,0.921146,66902.27
1774830076585,2026-03-30T00:21:16.585,btc-updown-15m-1774829700,1774830600,Up,44805772389954001846323941798115507711803280761959313342767241838745754095837,28699609518160570455168919112568591741029426949308718225055435784035660622902,0.985,0.986,298.87,70.49,0.001,0.014,0.015,70.49,298.87,0.001,0.9855,0.0145,0.190844,0.809156,66902.27
1774830077585,2026-03-30T00:21:17.585,btc-updown-15m-1774829700,1774830600,Up,44805772389954001846323941798115507711803280761959313342767241838745754095837,28699609518160570455168919112568591741029426949308718225055435784035660622902,0.985,0.986,298.87,69.98,0.001,0.014,0.015,69.98,298.87,0.001,0.9855,0.0145,0.189725,0.810275,66902.27
1774830078586,2026-03-30T00:21:18.586,btc-updown-15m-1774829700,1774830600,Up,44805772389954001846323941798115507711803280761959313342767241838745754095837,28699609518160570455168919112568591741029426949308718225055435784035660622902,0.985,0.986,290.23,69.98,0.001,0.014,0.015,69.98,290.23,0.001,0.9855,0.0145,0.194276,0.805724,66932.0
1774830079587,2026-03-30T00:21:19.587,btc-updown-15m-1774829700,1774830600,Up,44805772389954001846323941798115507711803280761959313342767241838745754095837,28699609518160570455168919112568591741029426949308718225055435784035660622902,0.985,0.986,290.23,69.98,0.001,0.014,0.015,69.98,290.23,0.001,0.9855,0.0145,0.194276,0.805724,66932.0
1774830080587,2026-03-30T00:21:20.587,btc-updown-15m-1774829700,1774830600,Up,44805772389954001846323941798115507711803280761959313342767241838745754095837,28699609518160570455168919112568591741029426949308718225055435784035660622902,0.985,0.986,290.23,69.98,0.001,0.014,0.015,69.98,290.23,0.001,0.9855,0.0145,0.194276,0.805724,66932.0
1774830081588,2026-03-30T00:21:21.588,btc-updown-15m-1774829700,1774830600,Up,44805772389954001846323941798115507711803280761959313342767241838745754095837,28699609518160570455168919112568591741029426949308718225055435784035660622902,0.985,0.986,290.23,69.98,0.001,0.014,0.015,69.98,290.23,0.001,0.9855,0.0145,0.194276,0.805724,66953.44
1774830082588,2026-03-30T00:21:22.588,btc-updown-15m-1774829700,1774830600,Up,44805772389954001846323941798115507711803280761959313342767241838745754095837,28699609518160570455168919112568591741029426949308718225055435784035660622902,0.986,0.989,165.0,119.78,0.003,0.012,0.014,119.4,170.0,0.002,0.9875,0.013,0.420605,0.587422,66953.44
1774830083589,2026-03-30T00:21:23.589,btc-updown-15m-1774829700,1774830600,Up,44805772389954001846323941798115507711803280761959313342767241838745754095837,28699609518160570455168919112568591741029426949308718225055435784035660622902,0.986,0.988,161.45,119.4,0.002,0.012,0.014,119.4,161.45,0.002,0.987,0.013,0.425138,0.574862,66953.44
1774830084590,2026-03-30T00:21:24.590,btc-updown-15m-1774829700,1774830600,Up,44805772389954001846323941798115507711803280761959313342767241838745754095837,28699609518160570455168919112568591741029426949308718225055435784035660622902,0.986,0.987,170.0,114.38,0.001,0.013,0.014,114.38,170.0,0.001,0.9865,0.0135,0.402208,0.597792,66887.58
1774830085591,2026-03-30T00:21:25.591,btc-updown-15m-1774829700,1774830600,Up,44805772389954001846323941798115507711803280761959313342767241838745754095837,28699609518160570455168919112568591741029426949308718225055435784035660622902,0.985,0.986,170.0,5.48,0.001,0.014,0.015,5.48,170.0,0.001,0.9855,0.0145,0.031229,0.968771,66887.58
1774830086591,2026-03-30T00:21:26.591,btc-updown-15m-1774829700,1774830600,Up,44805772389954001846323941798115507711803280761959313342767241838745754095837,28699609518160570455168919112568591741029426949308718225055435784035660622902,0.984,0.986,330.0,1162.07,0.002,0.014,0.016,1162.07,330.0,0.002,0.985,0.015,0.778831,0.221169,66887.58
1774830087592,2026-03-30T00:21:27.592,btc-updown-15m-1774829700,1774830600,Up,44805772389954001846323941798115507711803280761959313342767241838745754095837,28699609518160570455168919112568591741029426949308718225055435784035660622902,0.984,0.986,300.0,1187.07,0.002,0.014,0.016,1187.07,300.0,0.002,0.985,0.015,0.798261,0.201739,66902.67
1774830088592,2026-03-30T00:21:28.592,btc-updown-15m-1774829700,1774830600,Up,44805772389954001846323941798115507711803280761959313342767241838745754095837,28699609518160570455168919112568591741029426949308718225055435784035660622902,0.984,0.986,300.0,1187.07,0.002,0.014,0.016,1187.07,300.0,0.002,0.985,0.015,0.798261,0.201739,66902.67
1774830089594,2026-03-30T00:21:29.594,btc-updown-15m-1774829700,1774830600,Up,44805772389954001846323941798115507711803280761959313342767241838745754095837,28699609518160570455168919112568591741029426949308718225055435784035660622902,0.984,0.986,300.0,1187.07,0.002,0.014,0.016,1187.07,300.0,0.002,0.985,0.015,0.798261,0.201739,66902.67
1774830090595,2026-03-30T00:21:30.595,btc-updown-15m-1774829700,1774830600,Up,44805772389954001846323941798115507711803280761959313342767241838745754095837,28699609518160570455168919112568591741029426949308718225055435784035660622902,0.984,0.986,300.0,1187.07,0.002,0.014,0.016,1187.07,300.0,0.002,0.985,0.015,0.798261,0.201739,66857.49
1774830091596,2026-03-30T00:21:31.596,btc-updown-15m-1774829700,1774830600,Up,44805772389954001846323941798115507711803280761959313342767241838745754095837,28699609518160570455168919112568591741029426949308718225055435784035660622902,0.984,0.985,168.98,537.07,0.001,0.015,0.016,537.07,168.98,0.001,0.9845,0.0155,0.760669,0.239331,66857.49
1774830092597,2026-03-30T00:21:32.597,btc-updown-15m-1774829700,1774830600,Up,44805772389954001846323941798115507711803280761959313342767241838745754095837,28699609518160570455168919112568591741029426949308718225055435784035660622902,0.984,0.985,167.96,537.07,0.001,0.015,0.016,537.07,167.96,0.001,0.9845,0.0155,0.761769,0.238231,66857.49
1774830093597,2026-03-30T00:21:33.597,btc-updown-15m-1774829700,1774830600,Up,44805772389954001846323941798115507711803280761959313342767241838745754095837,28699609518160570455168919112568591741029426949308718225055435784035660622902,0.984,0.985,167.96,536.31,0.001,0.015,0.016,536.31,167.96,0.001,0.9845,0.0155,0.761512,0.238488,66813.11
1774830094598,2026-03-30T00:21:34.598,btc-updown-15m-1774829700,1774830600,Up,44805772389954001846323941798115507711803280761959313342767241838745754095837,28699609518160570455168919112568591741029426949308718225055435784035660622902,0.984,0.985,167.96,536.31,0.001,0.015,0.016,536.31,167.96,0.001,0.9845,0.0155,0.761512,0.238488,66813.11
1774830095598,2026-03-30T00:21:35.598,btc-updown-15m-1774829700,1774830600,Up,44805772389954001846323941798115507711803280761959313342767241838745754095837,28699609518160570455168919112568591741029426949308718225055435784035660622902,0.984,0.985,327.96,463.44,0.001,0.015,0.016,463.44,327.96,0.001,0.9845,0.0155,0.585595,0.414405,66813.11
1774830096599,2026-03-30T00:21:36.599,btc-updown-15m-1774829700,1774830600,Up,44805772389954001846323941798115507711803280761959313342767241838745754095837,28699609518160570455168919112568591741029426949308718225055435784035660622902,0.984,0.985,299.81,420.44,0.001,0.015,0.016,420.44,299.81,0.001,0.9845,0.0155,0.583742,0.416258,66750.0
1774830097600,2026-03-30T00:21:37.600,btc-updown-15m-1774829700,1774830600,Up,44805772389954001846323941798115507711803280761959313342767241838745754095837,28699609518160570455168919112568591741029426949308718225055435784035660622902,0.984,0.985,299.81,323.44,0.001,0.015,0.016,323.44,299.81,0.001,0.9845,0.0155,0.518957,0.481043,66750.0
1774830098600,2026-03-30T00:21:38.600,btc-updown-15m-1774829700,1774830600,Up,44805772389954001846323941798115507711803280761959313342767241838745754095837,28699609518160570455168919112568591741029426949308718225055435784035660622902,0.984,0.985,299.81,298.44,0.001,0.015,0.016,298.44,299.81,0.001,0.9845,0.0155,0.498855,0.501145,66750.0
1774830099601,2026-03-30T00:21:39.601,btc-updown-15m-1774829700,1774830600,Up,44805772389954001846323941798115507711803280761959313342767241838745754095837,28699609518160570455168919112568591741029426949308718225055435784035660622902,0.984,0.985,299.81,298.44,0.001,0.015,0.016,298.44,299.81,0.001,0.9845,0.0155,0.498855,0.501145,66735.45
1774830100602,2026-03-30T00:21:40.602,btc-updown-15m-1774829700,1774830600,Up,44805772389954001846323941798115507711803280761959313342767241838745754095837,28699609518160570455168919112568591741029426949308718225055435784035660622902,0.984,0.985,269.81,298.44,0.001,0.015,0.016,298.44,269.81,0.001,0.9845,0.0155,0.525191,0.474809,66735.45
1774830101603,2026-03-30T00:21:41.603,btc-updown-15m-1774829700,1774830600,Up,44805772389954001846323941798115507711803280761959313342767241838745754095837,28699609518160570455168919112568591741029426949308718225055435784035660622902,0.984,0.985,269.81,298.44,0.001,0.015,0.016,298.44,269.81,0.001,0.9845,0.0155,0.525191,0.474809,66735.45
1774830102604,2026-03-30T00:21:42.604,btc-updown-15m-1774829700,1774830600,Up,44805772389954001846323941798115507711803280761959313342767241838745754095837,28699609518160570455168919112568591741029426949308718225055435784035660622902,0.984,0.985,269.81,298.44,0.001,0.015,0.016,298.44,269.81,0.001,0.9845,0.0155,0.525191,0.474809,66735.44
1774830103604,2026-03-30T00:21:43.604,btc-updown-15m-1774829700,1774830600,Up,44805772389954001846323941798115507711803280761959313342767241838745754095837,28699609518160570455168919112568591741029426949308718225055435784035660622902,0.984,0.985,269.81,298.44,0.001,0.015,0.016,298.44,269.81,0.001,0.9845,0.0155,0.525191,0.474809,66735.44
1774830104605,2026-03-30T00:21:44.605,btc-updown-15m-1774829700,1774830600,Up,44805772389954001846323941798115507711803280761959313342767241838745754095837,28699609518160570455168919112568591741029426949308718225055435784035660622902,0.98,0.985,269.81,771.75,0.005,0.015,0.02,771.75,269.81,0.005,0.9825,0.0175,0.740956,0.259044,66735.44
1774830105605,2026-03-30T00:21:45.605,btc-updown-15m-1774829700,1774830600,Up,44805772389954001846323941798115507711803280761959313342767241838745754095837,28699609518160570455168919112568591741029426949308718225055435784035660622902,0.98,0.985,269.81,771.75,0.005,0.015,0.02,771.75,269.81,0.005,0.9825,0.0175,0.740956,0.259044,66715.11
1774830106606,2026-03-30T00:21:46.606,btc-updown-15m-1774829700,1774830600,Up,44805772389954001846323941798115507711803280761959313342767241838745754095837,28699609518160570455168919112568591741029426949308718225055435784035660622902,0.98,0.985,269.81,771.75,0.005,0.015,0.02,771.75,269.81,0.005,0.9825,0.0175,0.740956,0.259044,66715.11
1774830107607,2026-03-30T00:21:47.607,btc-updown-15m-1774829700,1774830600,Up,44805772389954001846323941798115507711803280761959313342767241838745754095837,28699609518160570455168919112568591741029426949308718225055435784035660622902,0.98,0.981,302.75,738.75,0.001,0.019,0.02,738.75,302.75,0.001,0.9805,0.0195,0.709313,0.290687,66715.11
1774830108608,2026-03-30T00:21:48.608,btc-updown-15m-1774829700,1774830600,Up,44805772389954001846323941798115507711803280761959313342767241838745754095837,28699609518160570455168919112568591741029426949308718225055435784035660622902,0.98,0.981,302.75,738.75,0.001,0.019,0.02,738.75,302.75,0.001,0.9805,0.0195,0.709313,0.290687,66726.54
1774830109609,2026-03-30T00:21:49.609,btc-updown-15m-1774829700,1774830600,Up,44805772389954001846323941798115507711803280761959313342767241838745754095837,28699609518160570455168919112568591741029426949308718225055435784035660622902,0.98,0.981,302.75,738.75,0.001,0.019,0.02,738.75,302.75,0.001,0.9805,0.0195,0.709313,0.290687,66726.54
1774830110610,2026-03-30T00:21:50.610,btc-updown-15m-1774829700,1774830600,Up,44805772389954001846323941798115507711803280761959313342767241838745754095837,28699609518160570455168919112568591741029426949308718225055435784035660622902,0.98,0.981,302.75,875.05,0.001,0.019,0.02,875.05,302.75,0.001,0.9805,0.0195,0.742953,0.257047,66726.54
1774830111610,2026-03-30T00:21:51.610,btc-updown-15m-1774829700,1774830600,Up,44805772389954001846323941798115507711803280761959313342767241838745754095837,28699609518160570455168919112568591741029426949308718225055435784035660622902,0.98,0.981,302.75,875.05,0.001,0.019,0.02,875.05,302.75,0.001,0.9805,0.0195,0.742953,0.257047,66719.02
1774830112612,2026-03-30T00:21:52.612,btc-updown-15m-1774829700,1774830600,Up,44805772389954001846323941798115507711803280761959313342767241838745754095837,28699609518160570455168919112568591741029426949308718225055435784035660622902,0.98,0.981,272.75,800.05,0.001,0.019,0.02,800.05,272.75,0.001,0.9805,0.0195,0.745759,0.254241,66719.02
1774830113614,2026-03-30T00:21:53.614,btc-updown-15m-1774829700,1774830600,Up,44805772389954001846323941798115507711803280761959313342767241838745754095837,28699609518160570455168919112568591741029426949308718225055435784035660622902,0.98,0.981,272.75,675.05,0.001,0.019,0.02,675.05,272.75,0.001,0.9805,0.0195,0.712228,0.287772,66719.02
1774830114615,2026-03-30T00:21:54.615,btc-updown-15m-1774829700,1774830600,Up,44805772389954001846323941798115507711803280761959313342767241838745754095837,28699609518160570455168919112568591741029426949308718225055435784035660622902,0.984,0.985,154.97,667.25,0.001,0.015,0.016,667.25,154.97,0.001,0.9845,0.0155,0.811522,0.188478,66746.0
1774830115615,2026-03-30T00:21:55.615,btc-updown-15m-1774829700,1774830600,Up,44805772389954001846323941798115507711803280761959313342767241838745754095837,28699609518160570455168919112568591741029426949308718225055435784035660622902,0.984,0.985,154.97,667.25,0.001,0.015,0.016,667.25,154.97,0.001,0.9845,0.0155,0.811522,0.188478,66746.0
1774830116616,2026-03-30T00:21:56.616,btc-updown-15m-1774829700,1774830600,Up,44805772389954001846323941798115507711803280761959313342767241838745754095837,28699609518160570455168919112568591741029426949308718225055435784035660622902,0.984,0.985,154.97,667.25,0.001,0.015,0.016,667.25,154.97,0.001,0.9845,0.0155,0.811522,0.188478,66746.0
1774830117616,2026-03-30T00:21:57.616,btc-updown-15m-1774829700,1774830600,Up,44805772389954001846323941798115507711803280761959313342767241838745754095837,28699609518160570455168919112568591741029426949308718225055435784035660622902,0.984,0.985,154.97,667.25,0.001,0.015,0.016,667.25,154.97,0.001,0.9845,0.0155,0.811522,0.188478,66752.57
1774830118618,2026-03-30T00:21:58.618,btc-updown-15m-1774829700,1774830600,Up,44805772389954001846323941798115507711803280761959313342767241838745754095837,28699609518160570455168919112568591741029426949308718225055435784035660622902,0.984,0.985,154.97,667.25,0.001,0.015,0.016,667.25,154.97,0.001,0.9845,0.0155,0.811522,0.188478,66752.57
1774830119619,2026-03-30T00:21:59.619,btc-updown-15m-1774829700,1774830600,Up,44805772389954001846323941798115507711803280761959313342767241838745754095837,28699609518160570455168919112568591741029426949308718225055435784035660622902,0.984,0.985,154.97,649.07,0.001,0.015,0.016,649.07,154.97,0.001,0.9845,0.0155,0.807261,0.192739,66752.57
1774830120619,2026-03-30T00:22:00.619,btc-updown-15m-1774829700,1774830600,Up,44805772389954001846323941798115507711803280761959313342767241838745754095837,28699609518160570455168919112568591741029426949308718225055435784035660622902,0.984,0.985,154.97,649.07,0.001,0.015,0.016,649.07,154.97,0.001,0.9845,0.0155,0.807261,0.192739,66781.29
1774830121619,2026-03-30T00:22:01.619,btc-updown-15m-1774829700,1774830600,Up,44805772389954001846323941798115507711803280761959313342767241838745754095837,28699609518160570455168919112568591741029426949308718225055435784035660622902,0.984,0.985,154.97,649.07,0.001,0.015,0.016,649.07,154.97,0.001,0.9845,0.0155,0.807261,0.192739,66781.29
1774830122620,2026-03-30T00:22:02.620,btc-updown-15m-1774829700,1774830600,Up,44805772389954001846323941798115507711803280761959313342767241838745754095837,28699609518160570455168919112568591741029426949308718225055435784035660622902,0.984,0.99,1455.4,809.07,0.006,0.01,0.016,809.07,1455.4,0.006,0.987,0.013,0.357289,0.642711,66781.29
1774830123620,2026-03-30T00:22:03.620,btc-updown-15m-1774829700,1774830600,Up,44805772389954001846323941798115507711803280761959313342767241838745754095837,28699609518160570455168919112568591741029426949308718225055435784035660622902,0.984,0.99,1618.15,644.05,0.006,0.01,0.016,644.05,1618.15,0.006,0.987,0.013,0.284701,0.715299,66708.96
1774830124621,2026-03-30T00:22:04.621,btc-updown-15m-1774829700,1774830600,Up,44805772389954001846323941798115507711803280761959313342767241838745754095837,28699609518160570455168919112568591741029426949308718225055435784035660622902,0.984,0.99,1618.15,644.05,0.006,0.01,0.016,644.05,1618.15,0.006,0.987,0.013,0.284701,0.715299,66708.96
1774830125622,2026-03-30T00:22:05.622,btc-updown-15m-1774829700,1774830600,Up,44805772389954001846323941798115507711803280761959313342767241838745754095837,28699609518160570455168919112568591741029426949308718225055435784035660622902,0.984,0.985,1970.0,536.55,0.001,0.015,0.016,536.55,1970.0,0.001,0.9845,0.0155,0.214059,0.785941,66708.96
1774830126622,2026-03-30T00:22:06.622,btc-updown-15m-1774829700,1774830600,Up,44805772389954001846323941798115507711803280761959313342767241838745754095837,28699609518160570455168919112568591741029426949308718225055435784035660622902,0.984,0.985,1882.31,491.55,0.001,0.015,0.016,491.55,1882.31,0.001,0.9845,0.0155,0.207068,0.792932,66744.06
1774830127623,2026-03-30T00:22:07.623,btc-updown-15m-1774829700,1774830600,Up,44805772389954001846323941798115507711803280761959313342767241838745754095837,28699609518160570455168919112568591741029426949308718225055435784035660622902,0.984,0.985,1882.31,337.17,0.001,0.015,0.016,337.17,1882.31,0.001,0.9845,0.0155,0.151914,0.848086,66744.06
1774830128623,2026-03-30T00:22:08.623,btc-updown-15m-1774829700,1774830600,Up,44805772389954001846323941798115507711803280761959313342767241838745754095837,28699609518160570455168919112568591741029426949308718225055435784035660622902,0.984,0.985,1882.31,337.17,0.001,0.015,0.016,337.17,1882.31,0.001,0.9845,0.0155,0.151914,0.848086,66744.06
1774830129624,2026-03-30T00:22:09.624,btc-updown-15m-1774829700,1774830600,Up,44805772389954001846323941798115507711803280761959313342767241838745754095837,28699609518160570455168919112568591741029426949308718225055435784035660622902,0.984,0.985,1882.31,337.17,0.001,0.015,0.016,337.17,1882.31,0.001,0.9845,0.0155,0.151914,0.848086,66728.33
1774830130625,2026-03-30T00:22:10.625,btc-updown-15m-1774829700,1774830600,Up,44805772389954001846323941798115507711803280761959313342767241838745754095837,28699609518160570455168919112568591741029426949308718225055435784035660622902,0.984,0.985,1705.31,171.76,0.001,0.015,0.016,171.76,1705.31,0.001,0.9845,0.0155,0.091504,0.908496,66728.33
1774830131626,2026-03-30T00:22:11.626,btc-updown-15m-1774829700,1774830600,Up,44805772389954001846323941798115507711803280761959313342767241838745754095837,28699609518160570455168919112568591741029426949308718225055435784035660622902,0.984,0.985,1572.16,171.76,0.001,0.015,0.016,171.76,1572.16,0.001,0.9845,0.0155,0.098491,0.901509,66728.33
1774830132627,2026-03-30T00:22:12.627,btc-updown-15m-1774829700,1774830600,Up,44805772389954001846323941798115507711803280761959313342767241838745754095837,28699609518160570455168919112568591741029426949308718225055435784035660622902,0.984,0.985,1572.16,171.76,0.001,0.015,0.016,171.76,1572.16,0.001,0.9845,0.0155,0.098491,0.901509,66716.01
1774830133627,2026-03-30T00:22:13.627,btc-updown-15m-1774829700,1774830600,Up,44805772389954001846323941798115507711803280761959313342767241838745754095837,28699609518160570455168919112568591741029426949308718225055435784035660622902,0.984,0.985,1572.16,171.76,0.001,0.015,0.016,171.76,1572.16,0.001,0.9845,0.0155,0.098491,0.901509,66716.01
1774830134627,2026-03-30T00:22:14.627,btc-updown-15m-1774829700,1774830600,Up,44805772389954001846323941798115507711803280761959313342767241838745754095837,28699609518160570455168919112568591741029426949308718225055435784035660622902,0.984,0.985,1369.11,118.26,0.001,0.015,0.016,118.26,1369.11,0.001,0.9845,0.0155,0.079509,0.920491,66716.01
1774830135628,2026-03-30T00:22:15.628,btc-updown-15m-1774829700,1774830600,Up,44805772389954001846323941798115507711803280761959313342767241838745754095837,28699609518160570455168919112568591741029426949308718225055435784035660622902,0.984,0.985,1364.08,278.26,0.001,0.015,0.016,278.26,1364.08,0.001,0.9845,0.0155,0.169429,0.830571,66741.04
1774830136628,2026-03-30T00:22:16.628,btc-updown-15m-1774829700,1774830600,Up,44805772389954001846323941798115507711803280761959313342767241838745754095837,28699609518160570455168919112568591741029426949308718225055435784035660622902,0.984,0.985,1364.08,278.26,0.001,0.015,0.016,278.26,1364.08,0.001,0.9845,0.0155,0.169429,0.830571,66741.04
1774830137629,2026-03-30T00:22:17.629,btc-updown-15m-1774829700,1774830600,Up,44805772389954001846323941798115507711803280761959313342767241838745754095837,28699609518160570455168919112568591741029426949308718225055435784035660622902,0.984,0.985,1334.91,303.26,0.001,0.015,0.016,303.26,1334.91,0.001,0.9845,0.0155,0.185121,0.814879,66741.04
1774830138629,2026-03-30T00:22:18.629,btc-updown-15m-1774829700,1774830600,Up,44805772389954001846323941798115507711803280761959313342767241838745754095837,28699609518160570455168919112568591741029426949308718225055435784035660622902,0.984,0.985,1294.91,303.26,0.001,0.015,0.016,303.26,1294.91,0.001,0.9845,0.0155,0.189755,0.810245,66762.0
1774830139630,2026-03-30T00:22:19.630,btc-updown-15m-1774829700,1774830600,Up,44805772389954001846323941798115507711803280761959313342767241838745754095837,28699609518160570455168919112568591741029426949308718225055435784035660622902,0.984,0.985,1289.88,303.26,0.001,0.015,0.016,303.26,1289.88,0.001,0.9845,0.0155,0.190354,0.809646,66762.0
1774830140631,2026-03-30T00:22:20.631,btc-updown-15m-1774829700,1774830600,Up,44805772389954001846323941798115507711803280761959313342767241838745754095837,28699609518160570455168919112568591741029426949308718225055435784035660622902,0.984,0.985,1289.88,303.26,0.001,0.015,0.016,303.26,1289.88,0.001,0.9845,0.0155,0.190354,0.809646,66762.0
1774830141631,2026-03-30T00:22:21.631,btc-updown-15m-1774829700,1774830600,Up,44805772389954001846323941798115507711803280761959313342767241838745754095837,28699609518160570455168919112568591741029426949308718225055435784035660622902,0.984,0.985,1277.7,523.26,0.001,0.015,0.016,523.26,1277.7,0.001,0.9845,0.0155,0.290545,0.709455,66775.88
1774830142632,2026-03-30T00:22:22.632,btc-updown-15m-1774829700,1774830600,Up,44805772389954001846323941798115507711803280761959313342767241838745754095837,28699609518160570455168919112568591741029426949308718225055435784035660622902,0.984,0.985,1277.7,523.26,0.001,0.015,0.016,523.26,1277.7,0.001,0.9845,0.0155,0.290545,0.709455,66775.88
1774830143632,2026-03-30T00:22:23.632,btc-updown-15m-1774829700,1774830600,Up,44805772389954001846323941798115507711803280761959313342767241838745754095837,28699609518160570455168919112568591741029426949308718225055435784035660622902,0.984,0.985,1266.23,278.26,0.001,0.015,0.016,278.26,1266.23,0.001,0.9845,0.0155,0.180163,0.819837,66775.88
1774830144633,2026-03-30T00:22:24.633,btc-updown-15m-1774829700,1774830600,Up,44805772389954001846323941798115507711803280761959313342767241838745754095837,28699609518160570455168919112568591741029426949308718225055435784035660622902,0.984,0.985,1266.23,268.28,0.001,0.015,0.016,268.28,1266.23,0.001,0.9845,0.0155,0.174831,0.825169,66745.92
1774830145633,2026-03-30T00:22:25.633,btc-updown-15m-1774829700,1774830600,Up,44805772389954001846323941798115507711803280761959313342767241838745754095837,28699609518160570455168919112568591741029426949308718225055435784035660622902,0.984,0.985,1266.23,263.26,0.001,0.015,0.016,263.26,1266.23,0.001,0.9845,0.0155,0.172123,0.827877,66745.92
1774830146634,2026-03-30T00:22:26.634,btc-updown-15m-1774829700,1774830600,Up,44805772389954001846323941798115507711803280761959313342767241838745754095837,28699609518160570455168919112568591741029426949308718225055435784035660622902,0.984,0.985,1266.23,263.26,0.001,0.015,0.016,263.26,1266.23,0.001,0.9845,0.0155,0.172123,0.827877,66745.92
1774830147635,2026-03-30T00:22:27.635,btc-updown-15m-1774829700,1774830600,Up,44805772389954001846323941798115507711803280761959313342767241838745754095837,28699609518160570455168919112568591741029426949308718225055435784035660622902,0.984,0.985,1266.23,263.26,0.001,0.015,0.016,263.26,1266.23,0.001,0.9845,0.0155,0.172123,0.827877,66779.99
1774830148636,2026-03-30T00:22:28.636,btc-updown-15m-1774829700,1774830600,Up,44805772389954001846323941798115507711803280761959313342767241838745754095837,28699609518160570455168919112568591741029426949308718225055435784035660622902,0.984,0.985,1166.23,448.26,0.001,0.015,0.016,448.26,1166.23,0.001,0.9845,0.0155,0.277648,0.722352,66779.99
1774830149637,2026-03-30T00:22:29.637,btc-updown-15m-1774829700,1774830600,Up,44805772389954001846323941798115507711803280761959313342767241838745754095837,28699609518160570455168919112568591741029426949308718225055435784035660622902,0.984,0.985,1136.23,448.26,0.001,0.015,0.016,448.26,1136.23,0.001,0.9845,0.0155,0.282905,0.717095,66779.99
1774830150638,2026-03-30T00:22:30.638,btc-updown-15m-1774829700,1774830600,Up,44805772389954001846323941798115507711803280761959313342767241838745754095837,28699609518160570455168919112568591741029426949308718225055435784035660622902,0.984,0.985,1192.48,448.26,0.001,0.015,0.016,448.26,1192.48,0.001,0.9845,0.0155,0.273206,0.726794,66803.96
1774830151639,2026-03-30T00:22:31.639,btc-updown-15m-1774829700,1774830600,Up,44805772389954001846323941798115507711803280761959313342767241838745754095837,28699609518160570455168919112568591741029426949308718225055435784035660622902,0.984,0.985,570.22,433.26,0.001,0.015,0.016,433.26,570.22,0.001,0.9845,0.0155,0.431757,0.568243,66803.96
1774830152639,2026-03-30T00:22:32.639,btc-updown-15m-1774829700,1774830600,Up,44805772389954001846323941798115507711803280761959313342767241838745754095837,28699609518160570455168919112568591741029426949308718225055435784035660622902,0.984,0.985,480.06,433.26,0.001,0.015,0.016,433.26,480.06,0.001,0.9845,0.0155,0.474379,0.525621,66803.96
1774830153639,2026-03-30T00:22:33.639,btc-updown-15m-1774829700,1774830600,Up,44805772389954001846323941798115507711803280761959313342767241838745754095837,28699609518160570455168919112568591741029426949308718225055435784035660622902,0.984,0.985,450.06,433.26,0.001,0.015,0.016,433.26,450.06,0.001,0.9845,0.0155,0.49049,0.50951,66821.95
1774830154640,2026-03-30T00:22:34.640,btc-updown-15m-1774829700,1774830600,Up,44805772389954001846323941798115507711803280761959313342767241838745754095837,28699609518160570455168919112568591741029426949308718225055435784035660622902,0.984,0.985,414.88,433.26,0.001,0.015,0.016,433.26,414.88,0.001,0.9845,0.0155,0.510835,0.489165,66821.95
1774830155641,2026-03-30T00:22:35.641,btc-updown-15m-1774829700,1774830600,Up,44805772389954001846323941798115507711803280761959313342767241838745754095837,28699609518160570455168919112568591741029426949308718225055435784035660622902,0.984,0.985,414.88,433.26,0.001,0.015,0.016,433.26,414.88,0.001,0.9845,0.0155,0.510835,0.489165,66821.95
1774830156642,2026-03-30T00:22:36.642,btc-updown-15m-1774829700,1774830600,Up,44805772389954001846323941798115507711803280761959313342767241838745754095837,28699609518160570455168919112568591741029426949308718225055435784035660622902,0.984,0.985,552.71,191.36,0.001,0.015,0.016,191.36,552.71,0.001,0.9845,0.0155,0.25718,0.74282,66784.0
1774830157642,2026-03-30T00:22:37.642,btc-updown-15m-1774829700,1774830600,Up,44805772389954001846323941798115507711803280761959313342767241838745754095837,28699609518160570455168919112568591741029426949308718225055435784035660622902,0.984,0.985,552.71,191.36,0.001,0.015,0.016,191.36,552.71,0.001,0.9845,0.0155,0.25718,0.74282,66784.0
1774830158643,2026-03-30T00:22:38.643,btc-updown-15m-1774829700,1774830600,Up,44805772389954001846323941798115507711803280761959313342767241838745754095837,28699609518160570455168919112568591741029426949308718225055435784035660622902,0.984,0.985,552.71,191.36,0.001,0.015,0.016,191.36,552.71,0.001,0.9845,0.0155,0.25718,0.74282,66784.0
1774830159644,2026-03-30T00:22:39.644,btc-updown-15m-1774829700,1774830600,Up,44805772389954001846323941798115507711803280761959313342767241838745754095837,28699609518160570455168919112568591741029426949308718225055435784035660622902,0.984,0.985,552.71,191.36,0.001,0.015,0.016,191.36,552.71,0.001,0.9845,0.0155,0.25718,0.74282,66797.43
1774830160645,2026-03-30T00:22:40.645,btc-updown-15m-1774829700,1774830600,Up,44805772389954001846323941798115507711803280761959313342767241838745754095837,28699609518160570455168919112568591741029426949308718225055435784035660622902,0.984,0.985,52.71,191.36,0.001,0.015,0.016,191.36,52.71,0.001,0.9845,0.0155,0.784037,0.215963,66797.43
1774830161645,2026-03-30T00:22:41.645,btc-updown-15m-1774829700,1774830600,Up,44805772389954001846323941798115507711803280761959313342767241838745754095837,28699609518160570455168919112568591741029426949308718225055435784035660622902,0.985,0.99,1380.15,330.0,0.005,0.01,0.015,330.0,1380.15,0.005,0.9875,0.0125,0.192966,0.807034,66797.43
1774830162646,2026-03-30T00:22:42.646,btc-updown-15m-1774829700,1774830600,Up,44805772389954001846323941798115507711803280761959313342767241838745754095837,28699609518160570455168919112568591741029426949308718225055435784035660622902,0.986,0.99,1530.01,330.0,0.004,0.01,0.014,330.0,1530.01,0.004,0.988,0.012,0.177418,0.822582,66809.79
1774830163647,2026-03-30T00:22:43.647,btc-updown-15m-1774829700,1774830600,Up,44805772389954001846323941798115507711803280761959313342767241838745754095837,28699609518160570455168919112568591741029426949308718225055435784035660622902,0.986,0.99,1187.01,330.0,0.004,0.01,0.014,330.0,1187.01,0.004,0.988,0.012,0.217533,0.782467,66809.79
1774830164648,2026-03-30T00:22:44.648,btc-updown-15m-1774829700,1774830600,Up,44805772389954001846323941798115507711803280761959313342767241838745754095837,28699609518160570455168919112568591741029426949308718225055435784035660622902,0.986,0.99,1187.01,330.0,0.004,0.01,0.014,330.0,1187.01,0.004,0.988,0.012,0.217533,0.782467,66809.79
1774830165648,2026-03-30T00:22:45.648,btc-updown-15m-1774829700,1774830600,Up,44805772389954001846323941798115507711803280761959313342767241838745754095837,28699609518160570455168919112568591741029426949308718225055435784035660622902,0.988,0.99,1267.8,245.0,0.002,0.01,0.012,245.0,1267.8,0.002,0.989,0.011,0.161951,0.838049,66823.19
1774830166649,2026-03-30T00:22:46.649,btc-updown-15m-1774829700,1774830600,Up,44805772389954001846323941798115507711803280761959313342767241838745754095837,28699609518160570455168919112568591741029426949308718225055435784035660622902,0.989,0.99,1235.8,9.0,0.001,0.01,0.011,9.0,1235.8,0.001,0.9895,0.0105,0.00723,0.99277,66823.19
1774830167651,2026-03-30T00:22:47.651,btc-updown-15m-1774829700,1774830600,Up,44805772389954001846323941798115507711803280761959313342767241838745754095837,28699609518160570455168919112568591741029426949308718225055435784035660622902,0.989,0.99,1038.8,9.0,0.001,0.01,0.011,9.0,1038.8,0.001,0.9895,0.0105,0.008589,0.991411,66823.19
1774830168653,2026-03-30T00:22:48.653,btc-updown-15m-1774829700,1774830600,Up,44805772389954001846323941798115507711803280761959313342767241838745754095837,28699609518160570455168919112568591741029426949308718225055435784035660622902,0.988,0.99,1215.8,345.0,0.002,0.01,0.012,345.0,1215.8,0.002,0.989,0.011,0.22104,0.77896,66834.0
1774830169654,2026-03-30T00:22:49.654,btc-updown-15m-1774829700,1774830600,Up,44805772389954001846323941798115507711803280761959313342767241838745754095837,28699609518160570455168919112568591741029426949308718225055435784035660622902,0.989,0.99,1175.89,405.0,0.001,0.01,0.011,405.0,1175.89,0.001,0.9895,0.0105,0.256185,0.743815,66834.0
1774830170656,2026-03-30T00:22:50.656,btc-updown-15m-1774829700,1774830600,Up,44805772389954001846323941798115507711803280761959313342767241838745754095837,28699609518160570455168919112568591741029426949308718225055435784035660622902,0.989,0.99,1175.89,405.0,0.001,0.01,0.011,405.0,1175.89,0.001,0.9895,0.0105,0.256185,0.743815,66834.0
1774830171656,2026-03-30T00:22:51.656,btc-updown-15m-1774829700,1774830600,Up,44805772389954001846323941798115507711803280761959313342767241838745754095837,28699609518160570455168919112568591741029426949308718225055435784035660622902,0.989,0.99,1175.89,405.0,0.001,0.01,0.011,405.0,1175.89,0.001,0.9895,0.0105,0.256185,0.743815,66844.0
1774830172657,2026-03-30T00:22:52.657,btc-updown-15m-1774829700,1774830600,Up,44805772389954001846323941798115507711803280761959313342767241838745754095837,28699609518160570455168919112568591741029426949308718225055435784035660622902,0.989,0.99,1175.89,405.0,0.001,0.01,0.011,405.0,1175.89,0.001,0.9895,0.0105,0.256185,0.743815,66844.0
1774830173659,2026-03-30T00:22:53.659,btc-updown-15m-1774829700,1774830600,Up,44805772389954001846323941798115507711803280761959313342767241838745754095837,28699609518160570455168919112568591741029426949308718225055435784035660622902,0.989,0.99,1175.89,405.0,0.001,0.01,0.011,405.0,1175.89,0.001,0.9895,0.0105,0.256185,0.743815,66844.0
1774830174660,2026-03-30T00:22:54.660,btc-updown-15m-1774829700,1774830600,Up,44805772389954001846323941798115507711803280761959313342767241838745754095837,28699609518160570455168919112568591741029426949308718225055435784035660622902,0.989,0.99,1175.89,405.0,0.001,0.01,0.011,405.0,1175.89,0.001,0.9895,0.0105,0.256185,0.743815,66837.16
1774830175660,2026-03-30T00:22:55.660,btc-updown-15m-1774829700,1774830600,Up,44805772389954001846323941798115507711803280761959313342767241838745754095837,28699609518160570455168919112568591741029426949308718225055435784035660622902,0.989,0.99,1158.89,69.09,0.001,0.01,0.011,69.09,1158.89,0.001,0.9895,0.0105,0.056263,0.943737,66837.16
1774830176661,2026-03-30T00:22:56.661,btc-updown-15m-1774829700,1774830600,Up,44805772389954001846323941798115507711803280761959313342767241838745754095837,28699609518160570455168919112568591741029426949308718225055435784035660622902,0.989,0.99,1158.89,69.09,0.001,0.01,0.011,69.09,1158.89,0.001,0.9895,0.0105,0.056263,0.943737,66837.16
1774830177663,2026-03-30T00:22:57.663,btc-updown-15m-1774829700,1774830600,Up,44805772389954001846323941798115507711803280761959313342767241838745754095837,28699609518160570455168919112568591741029426949308718225055435784035660622902,0.988,0.99,949.77,160.0,0.002,0.01,0.012,160.0,949.77,0.002,0.989,0.011,0.144174,0.855826,66801.99
1774830178664,2026-03-30T00:22:58.664,btc-updown-15m-1774829700,1774830600,Up,44805772389954001846323941798115507711803280761959313342767241838745754095837,28699609518160570455168919112568591741029426949308718225055435784035660622902,0.988,0.99,723.1,160.0,0.002,0.01,0.012,160.0,723.1,0.002,0.989,0.011,0.18118,0.81882,66801.99
1774830179665,2026-03-30T00:22:59.665,btc-updown-15m-1774829700,1774830600,Up,44805772389954001846323941798115507711803280761959313342767241838745754095837,28699609518160570455168919112568591741029426949308718225055435784035660622902,0.988,0.99,723.1,160.0,0.002,0.01,0.012,160.0,723.1,0.002,0.989,0.011,0.18118,0.81882,66801.99
1774830180665,2026-03-30T00:23:00.665,btc-updown-15m-1774829700,1774830600,Up,44805772389954001846323941798115507711803280761959313342767241838745754095837,28699609518160570455168919112568591741029426949308718225055435784035660622902,0.987,0.99,293.1,405.0,0.003,0.01,0.013,405.0,293.1,0.003,0.9885,0.0115,0.580146,0.419854,66776.3
1774830181666,2026-03-30T00:23:01.666,btc-updown-15m-1774829700,1774830600,Up,44805772389954001846323941798115507711803280761959313342767241838745754095837,28699609518160570455168919112568591741029426949308718225055435784035660622902,0.987,0.997,30.75,160.0,0.01,0.003,0.013,160.0,30.75,0.01,0.992,0.008,0.838794,0.161206,66776.3
1774830182667,2026-03-30T00:23:02.667,btc-updown-15m-1774829700,1774830600,Up,44805772389954001846323941798115507711803280761959313342767241838745754095837,28699609518160570455168919112568591741029426949308718225055435784035660622902,0.99,0.998,9881.86,50.0,0.008,0.002,0.01,50.0,9881.86,0.008,0.994,0.006,0.005034,0.994966,66776.3
1774830183668,2026-03-30T00:23:03.668,btc-updown-15m-1774829700,1774830600,Up,44805772389954001846323941798115507711803280761959313342767241838745754095837,28699609518160570455168919112568591741029426949308718225055435784035660622902,0.99,0.998,9875.65,10.96,0.008,0.002,0.01,10.96,9875.65,0.008,0.994,0.006,0.001109,0.998891,66748.3
1774830184669,2026-03-30T00:23:04.669,btc-updown-15m-1774829700,1774830600,Up,44805772389954001846323941798115507711803280761959313342767241838745754095837,28699609518160570455168919112568591741029426949308718225055435784035660622902,0.99,0.998,9681.66,10.96,0.008,0.002,0.01,10.96,9681.66,0.008,0.994,0.006,0.001131,0.998869,66748.3
1774830185670,2026-03-30T00:23:05.670,btc-updown-15m-1774829700,1774830600,Up,44805772389954001846323941798115507711803280761959313342767241838745754095837,28699609518160570455168919112568591741029426949308718225055435784035660622902,0.99,0.998,9681.66,10.96,0.008,0.002,0.01,10.96,9681.66,0.008,0.994,0.006,0.001131,0.998869,66748.3
1774830186670,2026-03-30T00:23:06.670,btc-updown-15m-1774829700,1774830600,Up,44805772389954001846323941798115507711803280761959313342767241838745754095837,28699609518160570455168919112568591741029426949308718225055435784035660622902,0.985,0.998,9741.66,124.83,0.013,0.002,0.015,124.83,9741.66,0.013,0.9915,0.0085,0.012652,0.987348,66726.28
1774830187671,2026-03-30T00:23:07.671,btc-updown-15m-1774829700,1774830600,Up,44805772389954001846323941798115507711803280761959313342767241838745754095837,28699609518160570455168919112568591741029426949308718225055435784035660622902,0.984,0.99,25.0,444.83,0.006,0.01,0.016,444.83,25.0,0.006,0.987,0.013,0.946789,0.053211,66726.28
1774830188673,2026-03-30T00:23:08.673,btc-updown-15m-1774829700,1774830600,Up,44805772389954001846323941798115507711803280761959313342767241838745754095837,28699609518160570455168919112568591741029426949308718225055435784035660622902,0.99,0.996,160.0,10.0,0.006,0.004,0.01,10.0,160.0,0.006,0.993,0.007,0.058824,0.941176,66726.28
1774830189674,2026-03-30T00:23:09.674,btc-updown-15m-1774829700,1774830600,Up,44805772389954001846323941798115507711803280761959313342767241838745754095837,28699609518160570455168919112568591741029426949308718225055435784035660622902,0.984,0.998,9745.45,284.83,0.014,0.002,0.016,284.83,9745.45,0.014,0.991,0.009,0.028397,0.971603,66673.26
1774830190676,2026-03-30T00:23:10.676,btc-updown-15m-1774829700,1774830600,Up,44805772389954001846323941798115507711803280761959313342767241838745754095837,28699609518160570455168919112568591741029426949308718225055435784035660622902,0.984,0.998,9739.25,454.83,0.014,0.002,0.016,454.83,9739.25,0.014,0.991,0.009,0.044617,0.955383,66673.26
1774830191678,2026-03-30T00:23:11.678,btc-updown-15m-1774829700,1774830600,Up,44805772389954001846323941798115507711803280761959313342767241838745754095837,28699609518160570455168919112568591741029426949308718225055435784035660622902,0.984,0.998,9739.25,454.83,0.014,0.002,0.016,454.83,9739.25,0.014,0.991,0.009,0.044617,0.955383,66673.26
1774830192679,2026-03-30T00:23:12.679,btc-updown-15m-1774829700,1774830600,Up,44805772389954001846323941798115507711803280761959313342767241838745754095837,28699609518160570455168919112568591741029426949308718225055435784035660622902,0.99,0.998,9647.51,125.0,0.008,0.002,0.01,125.0,9647.51,0.008,0.994,0.006,0.012791,0.987209,66674.57
1774830193680,2026-03-30T00:23:13.680,btc-updown-15m-1774829700,1774830600,Up,44805772389954001846323941798115507711803280761959313342767241838745754095837,28699609518160570455168919112568591741029426949308718225055435784035660622902,0.99,0.998,9647.51,125.0,0.008,0.002,0.01,125.0,9647.51,0.008,0.994,0.006,0.012791,0.987209,66674.57
1774830194681,2026-03-30T00:23:14.681,btc-updown-15m-1774829700,1774830600,Up,44805772389954001846323941798115507711803280761959313342767241838745754095837,28699609518160570455168919112568591741029426949308718225055435784035660622902,0.99,0.998,9377.25,110.0,0.008,0.002,0.01,110.0,9377.25,0.008,0.994,0.006,0.011595,0.988405,66674.57
1774830195682,2026-03-30T00:23:15.682,btc-updown-15m-1774829700,1774830600,Up,44805772389954001846323941798115507711803280761959313342767241838745754095837,28699609518160570455168919112568591741029426949308718225055435784035660622902,0.991,0.998,9347.25,5000.0,0.007,0.002,0.009,5000.0,9347.25,0.007,0.9945,0.0055,0.348499,0.651501,66681.14
1774830196683,2026-03-30T00:23:16.683,btc-updown-15m-1774829700,1774830600,Up,44805772389954001846323941798115507711803280761959313342767241838745754095837,28699609518160570455168919112568591741029426949308718225055435784035660622902,0.991,0.998,9247.25,5000.0,0.007,0.002,0.009,5000.0,9247.25,0.007,0.9945,0.0055,0.350945,0.649055,66681.14
1774830197683,2026-03-30T00:23:17.683,btc-updown-15m-1774829700,1774830600,Up,44805772389954001846323941798115507711803280761959313342767241838745754095837,28699609518160570455168919112568591741029426949308718225055435784035660622902,0.991,0.998,9246.99,5000.0,0.007,0.002,0.009,5000.0,9246.99,0.007,0.9945,0.0055,0.350951,0.649049,66681.14
1774830198684,2026-03-30T00:23:18.684,btc-updown-15m-1774829700,1774830600,Up,44805772389954001846323941798115507711803280761959313342767241838745754095837,28699609518160570455168919112568591741029426949308718225055435784035660622902,0.991,0.998,9146.99,5000.0,0.007,0.002,0.009,5000.0,9146.99,0.007,0.9945,0.0055,0.353432,0.646568,66679.0
1774830199685,2026-03-30T00:23:19.685,btc-updown-15m-1774829700,1774830600,Up,44805772389954001846323941798115507711803280761959313342767241838745754095837,28699609518160570455168919112568591741029426949308718225055435784035660622902,0.991,0.998,9146.99,4888.88,0.007,0.002,0.009,4888.88,9146.99,0.007,0.9945,0.0055,0.348313,0.651687,66679.0
1774830200686,2026-03-30T00:23:20.686,btc-updown-15m-1774829700,1774830600,Up,44805772389954001846323941798115507711803280761959313342767241838745754095837,28699609518160570455168919112568591741029426949308718225055435784035660622902,0.991,0.998,9041.72,4888.88,0.007,0.002,0.009,4888.88,9041.72,0.007,0.9945,0.0055,0.350945,0.649055,66679.0
1774830201687,2026-03-30T00:23:21.687,btc-updown-15m-1774829700,1774830600,Up,44805772389954001846323941798115507711803280761959313342767241838745754095837,28699609518160570455168919112568591741029426949308718225055435784035660622902,0.991,0.998,9041.72,4888.88,0.007,0.002,0.009,4888.88,9041.72,0.007,0.9945,0.0055,0.350945,0.649055,66653.18
1774830202688,2026-03-30T00:23:22.688,btc-updown-15m-1774829700,1774830600,Up,44805772389954001846323941798115507711803280761959313342767241838745754095837,28699609518160570455168919112568591741029426949308718225055435784035660622902,0.991,0.998,9111.72,4888.88,0.007,0.002,0.009,4888.88,9111.72,0.007,0.9945,0.0055,0.349191,0.650809,66653.18
1774830203689,2026-03-30T00:23:23.689,btc-updown-15m-1774829700,1774830600,Up,44805772389954001846323941798115507711803280761959313342767241838745754095837,28699609518160570455168919112568591741029426949308718225055435784035660622902,0.991,0.998,9111.72,4888.88,0.007,0.002,0.009,4888.88,9111.72,0.007,0.9945,0.0055,0.349191,0.650809,66653.18
1774830204690,2026-03-30T00:23:24.690,btc-updown-15m-1774829700,1774830600,Up,44805772389954001846323941798115507711803280761959313342767241838745754095837,28699609518160570455168919112568591741029426949308718225055435784035660622902,0.991,0.997,70.0,4888.88,0.006,0.003,0.009,4888.88,70.0,0.006,0.994,0.006,0.985884,0.014116,66657.53
1774830205691,2026-03-30T00:23:25.691,btc-updown-15m-1774829700,1774830600,Up,44805772389954001846323941798115507711803280761959313342767241838745754095837,28699609518160570455168919112568591741029426949308718225055435784035660622902,0.991,0.997,70.0,4888.88,0.006,0.003,0.009,4888.88,70.0,0.006,0.994,0.006,0.985884,0.014116,66657.53
1774830206692,2026-03-30T00:23:26.692,btc-updown-15m-1774829700,1774830600,Up,44805772389954001846323941798115507711803280761959313342767241838745754095837,28699609518160570455168919112568591741029426949308718225055435784035660622902,0.991,0.998,8922.45,4888.88,0.007,0.002,0.009,4888.88,8922.45,0.007,0.9945,0.0055,0.353976,0.646024,66657.53
1774830207692,2026-03-30T00:23:27.692,btc-updown-15m-1774829700,1774830600,Up,44805772389954001846323941798115507711803280761959313342767241838745754095837,28699609518160570455168919112568591741029426949308718225055435784035660622902,0.991,0.998,8922.45,4777.76,0.007,0.002,0.009,4777.76,8922.45,0.007,0.9945,0.0055,0.348736,0.651264,66677.02
1774830208693,2026-03-30T00:23:28.693,btc-updown-15m-1774829700,1774830600,Up,44805772389954001846323941798115507711803280761959313342767241838745754095837,28699609518160570455168919112568591741029426949308718225055435784035660622902,0.991,0.998,8822.45,4777.76,0.007,0.002,0.009,4777.76,8822.45,0.007,0.9945,0.0055,0.3513,0.6487,66677.02
1774830209693,2026-03-30T00:23:29.693,btc-updown-15m-1774829700,1774830600,Up,44805772389954001846323941798115507711803280761959313342767241838745754095837,28699609518160570455168919112568591741029426949308718225055435784035660622902,0.991,0.998,8820.44,4777.76,0.007,0.002,0.009,4777.76,8820.44,0.007,0.9945,0.0055,0.351352,0.648648,66677.02
1774830210694,2026-03-30T00:23:30.694,btc-updown-15m-1774829700,1774830600,Up,44805772389954001846323941798115507711803280761959313342767241838745754095837,28699609518160570455168919112568591741029426949308718225055435784035660622902,0.991,0.998,8720.44,4777.76,0.007,0.002,0.009,4777.76,8720.44,0.007,0.9945,0.0055,0.353955,0.646045,66719.45
1774830211695,2026-03-30T00:23:31.695,btc-updown-15m-1774829700,1774830600,Up,44805772389954001846323941798115507711803280761959313342767241838745754095837,28699609518160570455168919112568591741029426949308718225055435784035660622902,0.991,0.998,8690.44,4777.76,0.007,0.002,0.009,4777.76,8690.44,0.007,0.9945,0.0055,0.354744,0.645256,66719.45
1774830212696,2026-03-30T00:23:32.696,btc-updown-15m-1774829700,1774830600,Up,44805772389954001846323941798115507711803280761959313342767241838745754095837,28699609518160570455168919112568591741029426949308718225055435784035660622902,0.991,0.998,8590.44,4777.76,0.007,0.002,0.009,4777.76,8590.44,0.007,0.9945,0.0055,0.357397,0.642603,66719.45
1774830213696,2026-03-30T00:23:33.696,btc-updown-15m-1774829700,1774830600,Up,44805772389954001846323941798115507711803280761959313342767241838745754095837,28699609518160570455168919112568591741029426949308718225055435784035660622902,0.991,0.998,8590.44,4666.64,0.007,0.002,0.009,4666.64,8590.44,0.007,0.9945,0.0055,0.352011,0.647989,66654.0
1774830214697,2026-03-30T00:23:34.697,btc-updown-15m-1774829700,1774830600,Up,44805772389954001846323941798115507711803280761959313342767241838745754095837,28699609518160570455168919112568591741029426949308718225055435784035660622902,0.991,0.998,8490.44,4666.64,0.007,0.002,0.009,4666.64,8490.44,0.007,0.9945,0.0055,0.354687,0.645313,66654.0
1774830215698,2026-03-30T00:23:35.698,btc-updown-15m-1774829700,1774830600,Up,44805772389954001846323941798115507711803280761959313342767241838745754095837,28699609518160570455168919112568591741029426949308718225055435784035660622902,0.991,0.998,8490.44,4666.64,0.007,0.002,0.009,4666.64,8490.44,0.007,0.9945,0.0055,0.354687,0.645313,66654.0
1774830216698,2026-03-30T00:23:36.698,btc-updown-15m-1774829700,1774830600,Up,44805772389954001846323941798115507711803280761959313342767241838745754095837,28699609518160570455168919112568591741029426949308718225055435784035660622902,0.991,0.997,70.0,4666.64,0.006,0.003,0.009,4666.64,70.0,0.006,0.994,0.006,0.985222,0.014778,66635.07
1774830217699,2026-03-30T00:23:37.699,btc-updown-15m-1774829700,1774830600,Up,44805772389954001846323941798115507711803280761959313342767241838745754095837,28699609518160570455168919112568591741029426949308718225055435784035660622902,0.991,0.997,70.0,4666.64,0.006,0.003,0.009,4666.64,70.0,0.006,0.994,0.006,0.985222,0.014778,66635.07
1774830218699,2026-03-30T00:23:38.699,btc-updown-15m-1774829700,1774830600,Up,44805772389954001846323941798115507711803280761959313342767241838745754095837,28699609518160570455168919112568591741029426949308718225055435784035660622902,0.991,0.997,70.0,4666.64,0.006,0.003,0.009,4666.64,70.0,0.006,0.994,0.006,0.985222,0.014778,66635.07
1774830219700,2026-03-30T00:23:39.700,btc-updown-15m-1774829700,1774830600,Up,44805772389954001846323941798115507711803280761959313342767241838745754095837,28699609518160570455168919112568591741029426949308718225055435784035660622902,0.991,0.997,70.0,4666.64,0.006,0.003,0.009,4666.64,70.0,0.006,0.994,0.006,0.985222,0.014778,66630.25
1774830220701,2026-03-30T00:23:40.701,btc-updown-15m-1774829700,1774830600,Up,44805772389954001846323941798115507711803280761959313342767241838745754095837,28699609518160570455168919112568591741029426949308718225055435784035660622902,0.991,0.997,70.0,4666.64,0.006,0.003,0.009,4666.64,70.0,0.006,0.994,0.006,0.985222,0.014778,66630.25
1774830221702,2026-03-30T00:23:41.702,btc-updown-15m-1774829700,1774830600,Up,44805772389954001846323941798115507711803280761959313342767241838745754095837,28699609518160570455168919112568591741029426949308718225055435784035660622902,0.991,0.997,70.0,4666.64,0.006,0.003,0.009,4666.64,70.0,0.006,0.994,0.006,0.985222,0.014778,66630.25
1774830222703,2026-03-30T00:23:42.703,btc-updown-15m-1774829700,1774830600,Up,44805772389954001846323941798115507711803280761959313342767241838745754095837,28699609518160570455168919112568591741029426949308718225055435784035660622902,0.991,0.997,70.0,4666.64,0.006,0.003,0.009,4666.64,70.0,0.006,0.994,0.006,0.985222,0.014778,66635.11
1774830223704,2026-03-30T00:23:43.704,btc-updown-15m-1774829700,1774830600,Up,44805772389954001846323941798115507711803280761959313342767241838745754095837,28699609518160570455168919112568591741029426949308718225055435784035660622902,0.991,0.997,70.0,4666.64,0.006,0.003,0.009,4666.64,70.0,0.006,0.994,0.006,0.985222,0.014778,66635.11
1774830224705,2026-03-30T00:23:44.705,btc-updown-15m-1774829700,1774830600,Up,44805772389954001846323941798115507711803280761959313342767241838745754095837,28699609518160570455168919112568591741029426949308718225055435784035660622902,0.991,0.997,70.0,4666.64,0.006,0.003,0.009,4666.64,70.0,0.006,0.994,0.006,0.985222,0.014778,66635.11
1774830225705,2026-03-30T00:23:45.705,btc-updown-15m-1774829700,1774830600,Up,44805772389954001846323941798115507711803280761959313342767241838745754095837,28699609518160570455168919112568591741029426949308718225055435784035660622902,0.991,0.997,1779.03,4222.19,0.006,0.003,0.009,4222.19,1779.03,0.006,0.994,0.006,0.703555,0.296445,66646.63
1774830226706,2026-03-30T00:23:46.706,btc-updown-15m-1774829700,1774830600,Up,44805772389954001846323941798115507711803280761959313342767241838745754095837,28699609518160570455168919112568591741029426949308718225055435784035660622902,0.991,0.997,1598.99,4222.19,0.006,0.003,0.009,4222.19,1598.99,0.006,0.994,0.006,0.725315,0.274685,66646.63
1774830227708,2026-03-30T00:23:47.708,btc-updown-15m-1774829700,1774830600,Up,44805772389954001846323941798115507711803280761959313342767241838745754095837,28699609518160570455168919112568591741029426949308718225055435784035660622902,0.991,0.997,1598.99,4222.19,0.006,0.003,0.009,4222.19,1598.99,0.006,0.994,0.006,0.725315,0.274685,66646.63
1774830228708,2026-03-30T00:23:48.708,btc-updown-15m-1774829700,1774830600,Up,44805772389954001846323941798115507711803280761959313342767241838745754095837,28699609518160570455168919112568591741029426949308718225055435784035660622902,0.991,0.997,1498.99,9222.19,0.006,0.003,0.009,9222.19,1498.99,0.006,0.994,0.006,0.860184,0.139816,66668.28
1774830229709,2026-03-30T00:23:49.709,btc-updown-15m-1774829700,1774830600,Up,44805772389954001846323941798115507711803280761959313342767241838745754095837,28699609518160570455168919112568591741029426949308718225055435784035660622902,0.991,0.997,1498.99,9222.19,0.006,0.003,0.009,9222.19,1498.99,0.006,0.994,0.006,0.860184,0.139816,66668.28
1774830230710,2026-03-30T00:23:50.710,btc-updown-15m-1774829700,1774830600,Up,44805772389954001846323941798115507711803280761959313342767241838745754095837,28699609518160570455168919112568591741029426949308718225055435784035660622902,0.991,0.997,1368.99,9222.19,0.006,0.003,0.009,9222.19,1368.99,0.006,0.994,0.006,0.870742,0.129258,66668.28
1774830231711,2026-03-30T00:23:51.711,btc-updown-15m-1774829700,1774830600,Up,44805772389954001846323941798115507711803280761959313342767241838745754095837,28699609518160570455168919112568591741029426949308718225055435784035660622902,0.991,0.997,1368.99,9222.19,0.006,0.003,0.009,9222.19,1368.99,0.006,0.994,0.006,0.870742,0.129258,66659.76
1774830232712,2026-03-30T00:23:52.712,btc-updown-15m-1774829700,1774830600,Up,44805772389954001846323941798115507711803280761959313342767241838745754095837,28699609518160570455168919112568591741029426949308718225055435784035660622902,0.991,0.997,1268.99,9222.19,0.006,0.003,0.009,9222.19,1268.99,0.006,0.994,0.006,0.879042,0.120958,66659.76
1774830233712,2026-03-30T00:23:53.712,btc-updown-15m-1774829700,1774830600,Up,44805772389954001846323941798115507711803280761959313342767241838745754095837,28699609518160570455168919112568591741029426949308718225055435784035660622902,0.991,0.997,1268.99,9222.19,0.006,0.003,0.009,9222.19,1268.99,0.006,0.994,0.006,0.879042,0.120958,66659.76
1774830234713,2026-03-30T00:23:54.713,btc-updown-15m-1774829700,1774830600,Up,44805772389954001846323941798115507711803280761959313342767241838745754095837,28699609518160570455168919112568591741029426949308718225055435784035660622902,0.991,0.997,1168.99,9222.19,0.006,0.003,0.009,9222.19,1168.99,0.006,0.994,0.006,0.887502,0.112498,66666.38
1774830235713,2026-03-30T00:23:55.713,btc-updown-15m-1774829700,1774830600,Up,44805772389954001846323941798115507711803280761959313342767241838745754095837,28699609518160570455168919112568591741029426949308718225055435784035660622902,0.991,0.997,1168.99,9222.19,0.006,0.003,0.009,9222.19,1168.99,0.006,0.994,0.006,0.887502,0.112498,66666.38
1774830236714,2026-03-30T00:23:56.714,btc-updown-15m-1774829700,1774830600,Up,44805772389954001846323941798115507711803280761959313342767241838745754095837,28699609518160570455168919112568591741029426949308718225055435784035660622902,0.991,0.997,1068.99,9222.19,0.006,0.003,0.009,9222.19,1068.99,0.006,0.994,0.006,0.896126,0.103874,66666.38
1774830237715,2026-03-30T00:23:57.715,btc-updown-15m-1774829700,1774830600,Up,44805772389954001846323941798115507711803280761959313342767241838745754095837,28699609518160570455168919112568591741029426949308718225055435784035660622902,0.991,0.997,968.99,9322.19,0.006,0.003,0.009,9322.19,968.99,0.006,0.994,0.006,0.905843,0.094157,66668.92
1774830238716,2026-03-30T00:23:58.716,btc-updown-15m-1774829700,1774830600,Up,44805772389954001846323941798115507711803280761959313342767241838745754095837,28699609518160570455168919112568591741029426949308718225055435784035660622902,0.991,0.997,968.99,9322.19,0.006,0.003,0.009,9322.19,968.99,0.006,0.994,0.006,0.905843,0.094157,66668.92
1774830239718,2026-03-30T00:23:59.718,btc-updown-15m-1774829700,1774830600,Up,44805772389954001846323941798115507711803280761959313342767241838745754095837,28699609518160570455168919112568591741029426949308718225055435784035660622902,0.991,0.997,968.99,9322.19,0.006,0.003,0.009,9322.19,968.99,0.006,0.994,0.006,0.905843,0.094157,66668.92
1774830240719,2026-03-30T00:24:00.719,btc-updown-15m-1774829700,1774830600,Up,44805772389954001846323941798115507711803280761959313342767241838745754095837,28699609518160570455168919112568591741029426949308718225055435784035660622902,0.991,0.997,868.99,9322.19,0.006,0.003,0.009,9322.19,868.99,0.006,0.994,0.006,0.914731,0.085269,66648.83
1774830241720,2026-03-30T00:24:01.720,btc-updown-15m-1774829700,1774830600,Up,44805772389954001846323941798115507711803280761959313342767241838745754095837,28699609518160570455168919112568591741029426949308718225055435784035660622902,0.991,0.997,868.99,9322.19,0.006,0.003,0.009,9322.19,768.99,0.006,0.994,0.006,0.914731,0.076204,66648.83
1774830242720,2026-03-30T00:24:02.720,btc-updown-15m-1774829700,1774830600,Up,44805772389954001846323941798115507711803280761959313342767241838745754095837,28699609518160570455168919112568591741029426949308718225055435784035660622902,0.991,0.997,768.99,9322.19,0.006,0.003,0.009,9322.19,768.99,0.006,0.994,0.006,0.923796,0.076204,66648.83
1774830243721,2026-03-30T00:24:03.721,btc-updown-15m-1774829700,1774830600,Up,44805772389954001846323941798115507711803280761959313342767241838745754095837,28699609518160570455168919112568591741029426949308718225055435784035660622902,0.991,0.997,644.89,9322.19,0.006,0.003,0.009,9322.19,644.89,0.006,0.994,0.006,0.935298,0.064702,66653.18
1774830244721,2026-03-30T00:24:04.721,btc-updown-15m-1774829700,1774830600,Up,44805772389954001846323941798115507711803280761959313342767241838745754095837,28699609518160570455168919112568591741029426949308718225055435784035660622902,0.991,0.997,631.41,9322.19,0.006,0.003,0.009,9322.19,631.41,0.006,0.994,0.006,0.936565,0.063435,66653.18
1774830245722,2026-03-30T00:24:05.722,btc-updown-15m-1774829700,1774830600,Up,44805772389954001846323941798115507711803280761959313342767241838745754095837,28699609518160570455168919112568591741029426949308718225055435784035660622902,0.991,0.997,531.41,9322.19,0.006,0.003,0.009,9322.19,531.41,0.006,0.994,0.006,0.946069,0.053931,66653.18
1774830246723,2026-03-30T00:24:06.723,btc-updown-15m-1774829700,1774830600,Up,44805772389954001846323941798115507711803280761959313342767241838745754095837,28699609518160570455168919112568591741029426949308718225055435784035660622902,0.991,0.997,531.41,9322.19,0.006,0.003,0.009,9322.19,531.41,0.006,0.994,0.006,0.946069,0.053931,66634.0
1774830247725,2026-03-30T00:24:07.725,btc-updown-15m-1774829700,1774830600,Up,44805772389954001846323941798115507711803280761959313342767241838745754095837,28699609518160570455168919112568591741029426949308718225055435784035660622902,0.991,0.997,531.41,9322.19,0.006,0.003,0.009,9322.19,531.41,0.006,0.994,0.006,0.946069,0.053931,66634.0
1774830248725,2026-03-30T00:24:08.725,btc-updown-15m-1774829700,1774830600,Up,44805772389954001846323941798115507711803280761959313342767241838745754095837,28699609518160570455168919112568591741029426949308718225055435784035660622902,0.991,0.997,531.41,9322.19,0.006,0.003,0.009,9322.19,531.41,0.006,0.994,0.006,0.946069,0.053931,66634.0
1774830249726,2026-03-30T00:24:09.726,btc-updown-15m-1774829700,1774830600,Up,44805772389954001846323941798115507711803280761959313342767241838745754095837,28699609518160570455168919112568591741029426949308718225055435784035660622902,0.997,0.998,8290.44,24.56,0.001,0.002,0.003,24.56,8290.44,0.001,0.9975,0.0025,0.002954,0.997046,66645.53
1774830250727,2026-03-30T00:24:10.727,btc-updown-15m-1774829700,1774830600,Up,44805772389954001846323941798115507711803280761959313342767241838745754095837,28699609518160570455168919112568591741029426949308718225055435784035660622902,0.997,0.998,8283.42,24.56,0.001,0.002,0.003,24.56,8283.42,0.001,0.9975,0.0025,0.002956,0.997044,66645.53
1774830251727,2026-03-30T00:24:11.727,btc-updown-15m-1774829700,1774830600,Up,44805772389954001846323941798115507711803280761959313342767241838745754095837,28699609518160570455168919112568591741029426949308718225055435784035660622902,0.997,0.998,8156.36,24.56,0.001,0.002,0.003,24.56,8156.36,0.001,0.9975,0.0025,0.003002,0.996998,66645.53
1774830252728,2026-03-30T00:24:12.728,btc-updown-15m-1774829700,1774830600,Up,44805772389954001846323941798115507711803280761959313342767241838745754095837,28699609518160570455168919112568591741029426949308718225055435784035660622902,0.997,0.998,8156.36,24.56,0.001,0.002,0.003,24.56,8156.36,0.001,0.9975,0.0025,0.003002,0.996998,66630.01
1774830253728,2026-03-30T00:24:13.728,btc-updown-15m-1774829700,1774830600,Up,44805772389954001846323941798115507711803280761959313342767241838745754095837,28699609518160570455168919112568591741029426949308718225055435784035660622902,0.997,0.998,8056.36,24.56,0.001,0.002,0.003,24.56,8056.36,0.001,0.9975,0.0025,0.003039,0.996961,66630.01
1774830254729,2026-03-30T00:24:14.729,btc-updown-15m-1774829700,1774830600,Up,44805772389954001846323941798115507711803280761959313342767241838745754095837,28699609518160570455168919112568591741029426949308718225055435784035660622902,0.997,0.998,8049.34,24.56,0.001,0.002,0.003,24.56,8049.34,0.001,0.9975,0.0025,0.003042,0.996958,66630.01
1774830255730,2026-03-30T00:24:15.730,btc-updown-15m-1774829700,1774830600,Up,44805772389954001846323941798115507711803280761959313342767241838745754095837,28699609518160570455168919112568591741029426949308718225055435784035660622902,0.997,0.998,7942.32,24.56,0.001,0.002,0.003,24.56,7942.32,0.001,0.9975,0.0025,0.003083,0.996917,66658.39
1774830256731,2026-03-30T00:24:16.731,btc-updown-15m-1774829700,1774830600,Up,44805772389954001846323941798115507711803280761959313342767241838745754095837,28699609518160570455168919112568591741029426949308718225055435784035660622902,0.997,0.998,7932.3,24.56,0.001,0.002,0.003,24.56,7932.3,0.001,0.9975,0.0025,0.003087,0.996913,66658.39
1774830257732,2026-03-30T00:24:17.732,btc-updown-15m-1774829700,1774830600,Up,44805772389954001846323941798115507711803280761959313342767241838745754095837,28699609518160570455168919112568591741029426949308718225055435784035660622902,0.997,0.998,7825.28,24.56,0.001,0.002,0.003,24.56,7825.28,0.001,0.9975,0.0025,0.003129,0.996871,66658.39
1774830258732,2026-03-30T00:24:18.732,btc-updown-15m-1774829700,1774830600,Up,44805772389954001846323941798115507711803280761959313342767241838745754095837,28699609518160570455168919112568591741029426949308718225055435784035660622902,0.997,0.998,7815.26,24.56,0.001,0.002,0.003,24.56,7815.26,0.001,0.9975,0.0025,0.003133,0.996867,66675.59
1774830259733,2026-03-30T00:24:19.733,btc-updown-15m-1774829700,1774830600,Up,44805772389954001846323941798115507711803280761959313342767241838745754095837,28699609518160570455168919112568591741029426949308718225055435784035660622902,0.997,0.998,7715.26,24.56,0.001,0.002,0.003,24.56,7715.26,0.001,0.9975,0.0025,0.003173,0.996827,66675.59
1774830260734,2026-03-30T00:24:20.734,btc-updown-15m-1774829700,1774830600,Up,44805772389954001846323941798115507711803280761959313342767241838745754095837,28699609518160570455168919112568591741029426949308718225055435784035660622902,0.997,0.998,7715.26,24.56,0.001,0.002,0.003,24.56,7715.26,0.001,0.9975,0.0025,0.003173,0.996827,66675.59
1774830261734,2026-03-30T00:24:21.734,btc-updown-15m-1774829700,1774830600,Up,44805772389954001846323941798115507711803280761959313342767241838745754095837,28699609518160570455168919112568591741029426949308718225055435784035660622902,0.997,0.998,7615.26,24.56,0.001,0.002,0.003,24.56,7615.26,0.001,0.9975,0.0025,0.003215,0.996785,66681.97
1774830262735,2026-03-30T00:24:22.735,btc-updown-15m-1774829700,1774830600,Up,44805772389954001846323941798115507711803280761959313342767241838745754095837,28699609518160570455168919112568591741029426949308718225055435784035660622902,0.994,0.997,907.7,160.0,0.003,0.003,0.006,160.0,907.7,0.003,0.9955,0.0045,0.149855,0.850145,66681.97
1774830263735,2026-03-30T00:24:23.735,btc-updown-15m-1774829700,1774830600,Up,44805772389954001846323941798115507711803280761959313342767241838745754095837,28699609518160570455168919112568591741029426949308718225055435784035660622902,0.993,0.997,807.7,330.0,0.004,0.003,0.007,330.0,807.7,0.004,0.995,0.005,0.290059,0.709941,66681.97
1774830264736,2026-03-30T00:24:24.736,btc-updown-15m-1774829700,1774830600,Up,44805772389954001846323941798115507711803280761959313342767241838745754095837,28699609518160570455168919112568591741029426949308718225055435784035660622902,0.993,0.997,777.7,330.0,0.004,0.003,0.007,330.0,777.7,0.004,0.995,0.005,0.297915,0.702085,66672.93
1774830265736,2026-03-30T00:24:25.736,btc-updown-15m-1774829700,1774830600,Up,44805772389954001846323941798115507711803280761959313342767241838745754095837,28699609518160570455168919112568591741029426949308718225055435784035660622902,0.993,0.997,677.7,330.0,0.004,0.003,0.007,330.0,677.7,0.004,0.995,0.005,0.327478,0.672522,66672.93
1774830266737,2026-03-30T00:24:26.737,btc-updown-15m-1774829700,1774830600,Up,44805772389954001846323941798115507711803280761959313342767241838745754095837,28699609518160570455168919112568591741029426949308718225055435784035660622902,0.993,0.997,677.7,259.28,0.004,0.003,0.007,259.28,677.7,0.004,0.995,0.005,0.276719,0.723281,66672.93
1774830267738,2026-03-30T00:24:27.738,btc-updown-15m-1774829700,1774830600,Up,44805772389954001846323941798115507711803280761959313342767241838745754095837,28699609518160570455168919112568591741029426949308718225055435784035660622902,0.994,0.997,577.7,160.0,0.003,0.003,0.006,160.0,577.7,0.003,0.9955,0.0045,0.21689,0.78311,66670.0
1774830268739,2026-03-30T00:24:28.739,btc-updown-15m-1774829700,1774830600,Up,44805772389954001846323941798115507711803280761959313342767241838745754095837,28699609518160570455168919112568591741029426949308718225055435784035660622902,0.994,0.997,577.7,160.0,0.003,0.003,0.006,160.0,577.7,0.003,0.9955,0.0045,0.21689,0.78311,66670.0
1774830269739,2026-03-30T00:24:29.739,btc-updown-15m-1774829700,1774830600,Up,44805772389954001846323941798115507711803280761959313342767241838745754095837,28699609518160570455168919112568591741029426949308718225055435784035660622902,0.993,0.997,477.7,330.0,0.004,0.003,0.007,330.0,477.7,0.004,0.995,0.005,0.408568,0.591432,66670.0
1774830270740,2026-03-30T00:24:30.740,btc-updown-15m-1774829700,1774830600,Up,44805772389954001846323941798115507711803280761959313342767241838745754095837,28699609518160570455168919112568591741029426949308718225055435784035660622902,0.993,0.997,477.7,330.0,0.004,0.003,0.007,330.0,477.7,0.004,0.995,0.005,0.408568,0.591432,66658.0
1774830271742,2026-03-30T00:24:31.742,btc-updown-15m-1774829700,1774830600,Up,44805772389954001846323941798115507711803280761959313342767241838745754095837,28699609518160570455168919112568591741029426949308718225055435784035660622902,0.993,0.997,377.7,330.0,0.004,0.003,0.007,330.0,377.7,0.004,0.995,0.005,0.466299,0.533701,66658.0
1774830272742,2026-03-30T00:24:32.742,btc-updown-15m-1774829700,1774830600,Up,44805772389954001846323941798115507711803280761959313342767241838745754095837,28699609518160570455168919112568591741029426949308718225055435784035660622902,0.993,0.997,377.7,330.0,0.004,0.003,0.007,330.0,377.7,0.004,0.995,0.005,0.466299,0.533701,66658.0
1774830273743,2026-03-30T00:24:33.743,btc-updown-15m-1774829700,1774830600,Up,44805772389954001846323941798115507711803280761959313342767241838745754095837,28699609518160570455168919112568591741029426949308718225055435784035660622902,0.993,0.997,277.7,160.0,0.004,0.003,0.007,160.0,277.7,0.004,0.995,0.005,0.365547,0.634453,66638.96
1774830274744,2026-03-30T00:24:34.744,btc-updown-15m-1774829700,1774830600,Up,44805772389954001846323941798115507711803280761959313342767241838745754095837,28699609518160570455168919112568591741029426949308718225055435784035660622902,0.993,0.997,277.7,160.0,0.004,0.003,0.007,160.0,277.7,0.004,0.995,0.005,0.365547,0.634453,66638.96
1774830275745,2026-03-30T00:24:35.745,btc-updown-15m-1774829700,1774830600,Up,44805772389954001846323941798115507711803280761959313342767241838745754095837,28699609518160570455168919112568591741029426949308718225055435784035660622902,0.993,0.997,176.69,330.0,0.004,0.003,0.007,330.0,176.69,0.004,0.995,0.005,0.651286,0.348714,66638.96
1774830276745,2026-03-30T00:24:36.745,btc-updown-15m-1774829700,1774830600,Up,44805772389954001846323941798115507711803280761959313342767241838745754095837,28699609518160570455168919112568591741029426949308718225055435784035660622902,0.993,0.997,176.69,330.0,0.004,0.003,0.007,330.0,176.69,0.004,0.995,0.005,0.651286,0.348714,66643.63
1774830277747,2026-03-30T00:24:37.747,btc-updown-15m-1774829700,1774830600,Up,44805772389954001846323941798115507711803280761959313342767241838745754095837,28699609518160570455168919112568591741029426949308718225055435784035660622902,0.993,0.997,76.69,330.0,0.004,0.003,0.007,330.0,76.69,0.004,0.995,0.005,0.811429,0.188571,66643.63
1774830278748,2026-03-30T00:24:38.748,btc-updown-15m-1774829700,1774830600,Up,44805772389954001846323941798115507711803280761959313342767241838745754095837,28699609518160570455168919112568591741029426949308718225055435784035660622902,0.993,0.997,76.69,330.0,0.004,0.003,0.007,330.0,76.69,0.004,0.995,0.005,0.811429,0.188571,66643.63
1774830279748,2026-03-30T00:24:39.748,btc-updown-15m-1774829700,1774830600,Up,44805772389954001846323941798115507711803280761959313342767241838745754095837,28699609518160570455168919112568591741029426949308718225055435784035660622902,0.993,0.998,7715.26,330.0,0.005,0.002,0.007,330.0,7715.26,0.005,0.9955,0.0045,0.041018,0.958982,66633.99
1774830280749,2026-03-30T00:24:40.749,btc-updown-15m-1774829700,1774830600,Up,44805772389954001846323941798115507711803280761959313342767241838745754095837,28699609518160570455168919112568591741029426949308718225055435784035660622902,0.993,0.998,7715.26,330.0,0.005,0.002,0.007,330.0,7715.26,0.005,0.9955,0.0045,0.041018,0.958982,66633.99
1774830281751,2026-03-30T00:24:41.751,btc-updown-15m-1774829700,1774830600,Up,44805772389954001846323941798115507711803280761959313342767241838745754095837,28699609518160570455168919112568591741029426949308718225055435784035660622902,0.993,0.998,7685.26,160.0,0.005,0.002,0.007,160.0,7685.26,0.005,0.9955,0.0045,0.020394,0.979606,66633.99
1774830282752,2026-03-30T00:24:42.752,btc-updown-15m-1774829700,1774830600,Up,44805772389954001846323941798115507711803280761959313342767241838745754095837,28699609518160570455168919112568591741029426949308718225055435784035660622902,0.993,0.998,7685.26,160.0,0.005,0.002,0.007,160.0,7685.26,0.005,0.9955,0.0045,0.020394,0.979606,66620.36
1774830283752,2026-03-30T00:24:43.752,btc-updown-15m-1774829700,1774830600,Up,44805772389954001846323941798115507711803280761959313342767241838745754095837,28699609518160570455168919112568591741029426949308718225055435784035660622902,0.993,0.998,7685.26,160.0,0.005,0.002,0.007,160.0,7685.26,0.005,0.9955,0.0045,0.020394,0.979606,66620.36
1774830284753,2026-03-30T00:24:44.753,btc-updown-15m-1774829700,1774830600,Up,44805772389954001846323941798115507711803280761959313342767241838745754095837,28699609518160570455168919112568591741029426949308718225055435784035660622902,0.992,0.998,7685.26,2041.82,0.006,0.002,0.008,2041.82,7685.26,0.006,0.995,0.005,0.209911,0.790089,66620.36
1774830285754,2026-03-30T00:24:45.754,btc-updown-15m-1774829700,1774830600,Up,44805772389954001846323941798115507711803280761959313342767241838745754095837,28699609518160570455168919112568591741029426949308718225055435784035660622902,0.992,0.998,7685.26,2041.82,0.006,0.002,0.008,2041.82,7685.26,0.006,0.995,0.005,0.209911,0.790089,66613.45
1774830286755,2026-03-30T00:24:46.755,btc-updown-15m-1774829700,1774830600,Up,44805772389954001846323941798115507711803280761959313342767241838745754095837,28699609518160570455168919112568591741029426949308718225055435784035660622902,0.993,0.998,7685.26,187.14,0.005,0.002,0.007,187.14,7685.26,0.005,0.9955,0.0045,0.023772,0.976228,66613.45
1774830287756,2026-03-30T00:24:47.756,btc-updown-15m-1774829700,1774830600,Up,44805772389954001846323941798115507711803280761959313342767241838745754095837,28699609518160570455168919112568591741029426949308718225055435784035660622902,0.993,0.998,7685.26,187.14,0.005,0.002,0.007,187.14,7685.26,0.005,0.9955,0.0045,0.023772,0.976228,66613.45
1774830288756,2026-03-30T00:24:48.756,btc-updown-15m-1774829700,1774830600,Up,44805772389954001846323941798115507711803280761959313342767241838745754095837,28699609518160570455168919112568591741029426949308718225055435784035660622902,0.993,0.998,7685.26,235.9,0.005,0.002,0.007,235.9,7685.26,0.005,0.9955,0.0045,0.029781,0.970219,66631.12
1774830289757,2026-03-30T00:24:49.757,btc-updown-15m-1774829700,1774830600,Up,44805772389954001846323941798115507711803280761959313342767241838745754095837,28699609518160570455168919112568591741029426949308718225055435784035660622902,0.993,0.998,7685.26,235.9,0.005,0.002,0.007,235.9,7685.26,0.005,0.9955,0.0045,0.029781,0.970219,66631.12
1774830290758,2026-03-30T00:24:50.758,btc-updown-15m-1774829700,1774830600,Up,44805772389954001846323941798115507711803280761959313342767241838745754095837,28699609518160570455168919112568591741029426949308718225055435784035660622902,0.993,0.998,7685.26,235.9,0.005,0.002,0.007,235.9,7685.26,0.005,0.9955,0.0045,0.029781,0.970219,66631.12
1774830291759,2026-03-30T00:24:51.759,btc-updown-15m-1774829700,1774830600,Up,44805772389954001846323941798115507711803280761959313342767241838745754095837,28699609518160570455168919112568591741029426949308718225055435784035660622902,0.993,0.998,7685.26,93.04,0.005,0.002,0.007,93.04,7685.26,0.005,0.9955,0.0045,0.011961,0.988039,66622.5
1774830292759,2026-03-30T00:24:52.759,btc-updown-15m-1774829700,1774830600,Up,44805772389954001846323941798115507711803280761959313342767241838745754095837,28699609518160570455168919112568591741029426949308718225055435784035660622902,0.993,0.998,7685.26,93.04,0.005,0.002,0.007,93.04,7685.26,0.005,0.9955,0.0045,0.011961,0.988039,66622.5
1774830293760,2026-03-30T00:24:53.760,btc-updown-15m-1774829700,1774830600,Up,44805772389954001846323941798115507711803280761959313342767241838745754095837,28699609518160570455168919112568591741029426949308718225055435784035660622902,0.993,0.998,7685.26,93.04,0.005,0.002,0.007,93.04,7685.26,0.005,0.9955,0.0045,0.011961,0.988039,66622.5
1774830294760,2026-03-30T00:24:54.760,btc-updown-15m-1774829700,1774830600,Up,44805772389954001846323941798115507711803280761959313342767241838745754095837,28699609518160570455168919112568591741029426949308718225055435784035660622902,0.993,0.998,7685.26,93.04,0.005,0.002,0.007,93.04,7685.26,0.005,0.9955,0.0045,0.011961,0.988039,66608.09
1774830295761,2026-03-30T00:24:55.761,btc-updown-15m-1774829700,1774830600,Up,44805772389954001846323941798115507711803280761959313342767241838745754095837,28699609518160570455168919112568591741029426949308718225055435784035660622902,0.993,0.998,7685.26,93.04,0.005,0.002,0.007,93.04,7685.26,0.005,0.9955,0.0045,0.011961,0.988039,66608.09
1774830296762,2026-03-30T00:24:56.762,btc-updown-15m-1774829700,1774830600,Up,44805772389954001846323941798115507711803280761959313342767241838745754095837,28699609518160570455168919112568591741029426949308718225055435784035660622902,0.992,0.998,7685.26,448.07,0.006,0.002,0.008,448.07,7685.26,0.006,0.995,0.005,0.055091,0.944909,66608.09
1774830297764,2026-03-30T00:24:57.764,btc-updown-15m-1774829700,1774830600,Up,44805772389954001846323941798115507711803280761959313342767241838745754095837,28699609518160570455168919112568591741029426949308718225055435784035660622902,0.992,0.998,7685.26,448.07,0.006,0.002,0.008,448.07,7685.26,0.006,0.995,0.005,0.055091,0.944909,66608.1
1774830298764,2026-03-30T00:24:58.764,btc-updown-15m-1774829700,1774830600,Up,44805772389954001846323941798115507711803280761959313342767241838745754095837,28699609518160570455168919112568591741029426949308718225055435784035660622902,0.992,0.998,7685.26,448.07,0.006,0.002,0.008,448.07,7685.26,0.006,0.995,0.005,0.055091,0.944909,66608.1
1774830299765,2026-03-30T00:24:59.765,btc-updown-15m-1774829700,1774830600,Up,44805772389954001846323941798115507711803280761959313342767241838745754095837,28699609518160570455168919112568591741029426949308718225055435784035660622902,0.992,0.998,7645.26,198.07,0.006,0.002,0.008,198.07,7645.26,0.006,0.995,0.005,0.025253,0.974747,66608.1
1774830300766,2026-03-30T00:25:00.766,btc-updown-15m-1774829700,1774830600,Up,44805772389954001846323941798115507711803280761959313342767241838745754095837,28699609518160570455168919112568591741029426949308718225055435784035660622902,0.992,0.998,7602.18,198.07,0.006,0.002,0.008,198.07,7602.18,0.006,0.995,0.005,0.025393,0.974607,66609.54
1774830301767,2026-03-30T00:25:01.767,btc-updown-15m-1774829700,1774830600,Up,44805772389954001846323941798115507711803280761959313342767241838745754095837,28699609518160570455168919112568591741029426949308718225055435784035660622902,0.992,0.998,7601.17,198.07,0.006,0.002,0.008,198.07,7601.17,0.006,0.995,0.005,0.025396,0.974604,66609.54
1774830302768,2026-03-30T00:25:02.768,btc-updown-15m-1774829700,1774830600,Up,44805772389954001846323941798115507711803280761959313342767241838745754095837,28699609518160570455168919112568591741029426949308718225055435784035660622902,0.992,0.998,7555.24,198.07,0.006,0.002,0.008,198.07,7555.24,0.006,0.995,0.005,0.025547,0.974453,66609.54
1774830303768,2026-03-30T00:25:03.768,btc-updown-15m-1774829700,1774830600,Up,44805772389954001846323941798115507711803280761959313342767241838745754095837,28699609518160570455168919112568591741029426949308718225055435784035660622902,0.992,0.998,7555.24,191.07,0.006,0.002,0.008,191.07,7555.24,0.006,0.995,0.005,0.024666,0.975334,66625.8
1774830304769,2026-03-30T00:25:04.769,btc-updown-15m-1774829700,1774830600,Up,44805772389954001846323941798115507711803280761959313342767241838745754095837,28699609518160570455168919112568591741029426949308718225055435784035660622902,0.992,0.998,7554.23,180.07,0.006,0.002,0.008,180.07,7554.23,0.006,0.995,0.005,0.023282,0.976718,66625.8
1774830305770,2026-03-30T00:25:05.770,btc-updown-15m-1774829700,1774830600,Up,44805772389954001846323941798115507711803280761959313342767241838745754095837,28699609518160570455168919112568591741029426949308718225055435784035660622902,0.992,0.998,7554.23,180.07,0.006,0.002,0.008,180.07,7554.23,0.006,0.995,0.005,0.023282,0.976718,66625.8
1774830306770,2026-03-30T00:25:06.770,btc-updown-15m-1774829700,1774830600,Up,44805772389954001846323941798115507711803280761959313342767241838745754095837,28699609518160570455168919112568591741029426949308718225055435784035660622902,0.992,0.998,7554.23,180.07,0.006,0.002,0.008,180.07,7554.23,0.006,0.995,0.005,0.023282,0.976718,66637.7
1774830307771,2026-03-30T00:25:07.771,btc-updown-15m-1774829700,1774830600,Up,44805772389954001846323941798115507711803280761959313342767241838745754095837,28699609518160570455168919112568591741029426949308718225055435784035660622902,0.992,0.998,7554.23,180.07,0.006,0.002,0.008,180.07,7554.23,0.006,0.995,0.005,0.023282,0.976718,66637.7
1774830308772,2026-03-30T00:25:08.772,btc-updown-15m-1774829700,1774830600,Up,44805772389954001846323941798115507711803280761959313342767241838745754095837,28699609518160570455168919112568591741029426949308718225055435784035660622902,0.993,0.995,170.0,170.0,0.002,0.005,0.007,170.0,170.0,0.002,0.994,0.006,0.5,0.5,66637.7
1774830309773,2026-03-30T00:25:09.773,btc-updown-15m-1774829700,1774830600,Up,44805772389954001846323941798115507711803280761959313342767241838745754095837,28699609518160570455168919112568591741029426949308718225055435784035660622902,0.991,0.994,229.94,9152.8,0.003,0.006,0.009,9152.8,229.94,0.003,0.9925,0.0075,0.975493,0.024507,66654.63
1774830310775,2026-03-30T00:25:10.775,btc-updown-15m-1774829700,1774830600,Up,44805772389954001846323941798115507711803280761959313342767241838745754095837,28699609518160570455168919112568591741029426949308718225055435784035660622902,0.992,0.994,499.66,160.0,0.002,0.006,0.008,160.0,499.66,0.002,0.993,0.007,0.242549,0.757451,66654.63
1774830311775,2026-03-30T00:25:11.775,btc-updown-15m-1774829700,1774830600,Up,44805772389954001846323941798115507711803280761959313342767241838745754095837,28699609518160570455168919112568591741029426949308718225055435784035660622902,0.992,0.994,499.66,160.0,0.002,0.006,0.008,160.0,499.66,0.002,0.993,0.007,0.242549,0.757451,66654.63
1774830312776,2026-03-30T00:25:12.776,btc-updown-15m-1774829700,1774830600,Up,44805772389954001846323941798115507711803280761959313342767241838745754095837,28699609518160570455168919112568591741029426949308718225055435784035660622902,0.992,0.994,499.66,160.0,0.002,0.006,0.008,160.0,499.66,0.002,0.993,0.007,0.242549,0.757451,66637.72
1774830313776,2026-03-30T00:25:13.776,btc-updown-15m-1774829700,1774830600,Up,44805772389954001846323941798115507711803280761959313342767241838745754095837,28699609518160570455168919112568591741029426949308718225055435784035660622902,0.992,0.994,499.66,160.0,0.002,0.006,0.008,160.0,499.66,0.002,0.993,0.007,0.242549,0.757451,66637.72
1774830314777,2026-03-30T00:25:14.777,btc-updown-15m-1774829700,1774830600,Up,44805772389954001846323941798115507711803280761959313342767241838745754095837,28699609518160570455168919112568591741029426949308718225055435784035660622902,0.992,0.994,639.66,170.0,0.002,0.006,0.008,170.0,639.66,0.002,0.993,0.007,0.209965,0.790035,66637.72
1774830315778,2026-03-30T00:25:15.778,btc-updown-15m-1774829700,1774830600,Up,44805772389954001846323941798115507711803280761959313342767241838745754095837,28699609518160570455168919112568591741029426949308718225055435784035660622902,0.992,0.993,793.96,170.0,0.001,0.007,0.008,170.0,793.96,0.001,0.9925,0.0075,0.176356,0.823644,66600.0
1774830316778,2026-03-30T00:25:16.778,btc-updown-15m-1774829700,1774830600,Up,44805772389954001846323941798115507711803280761959313342767241838745754095837,28699609518160570455168919112568591741029426949308718225055435784035660622902,0.992,0.993,793.96,170.0,0.001,0.007,0.008,170.0,793.96,0.001,0.9925,0.0075,0.176356,0.823644,66600.0
1774830317779,2026-03-30T00:25:17.779,btc-updown-15m-1774829700,1774830600,Up,44805772389954001846323941798115507711803280761959313342767241838745754095837,28699609518160570455168919112568591741029426949308718225055435784035660622902,0.992,0.993,726.96,170.0,0.001,0.007,0.008,170.0,726.96,0.001,0.9925,0.0075,0.189529,0.810471,66600.0
1774830318780,2026-03-30T00:25:18.780,btc-updown-15m-1774829700,1774830600,Up,44805772389954001846323941798115507711803280761959313342767241838745754095837,28699609518160570455168919112568591741029426949308718225055435784035660622902,0.992,0.993,726.96,170.0,0.001,0.007,0.008,170.0,726.96,0.001,0.9925,0.0075,0.189529,0.810471,66615.11
1774830319781,2026-03-30T00:25:19.781,btc-updown-15m-1774829700,1774830600,Up,44805772389954001846323941798115507711803280761959313342767241838745754095837,28699609518160570455168919112568591741029426949308718225055435784035660622902,0.992,0.993,726.96,170.0,0.001,0.007,0.008,170.0,726.96,0.001,0.9925,0.0075,0.189529,0.810471,66615.11
1774830320781,2026-03-30T00:25:20.781,btc-updown-15m-1774829700,1774830600,Up,44805772389954001846323941798115507711803280761959313342767241838745754095837,28699609518160570455168919112568591741029426949308718225055435784035660622902,0.992,0.993,726.96,168.98,0.001,0.007,0.008,168.98,726.96,0.001,0.9925,0.0075,0.188606,0.811394,66615.11
1774830321782,2026-03-30T00:25:21.782,btc-updown-15m-1774829700,1774830600,Up,44805772389954001846323941798115507711803280761959313342767241838745754095837,28699609518160570455168919112568591741029426949308718225055435784035660622902,0.992,0.993,726.96,168.98,0.001,0.007,0.008,168.98,726.96,0.001,0.9925,0.0075,0.188606,0.811394,66618.0
1774830322782,2026-03-30T00:25:22.782,btc-updown-15m-1774829700,1774830600,Up,44805772389954001846323941798115507711803280761959313342767241838745754095837,28699609518160570455168919112568591741029426949308718225055435784035660622902,0.992,0.993,726.96,168.98,0.001,0.007,0.008,168.98,726.96,0.001,0.9925,0.0075,0.188606,0.811394,66618.0
1774830323782,2026-03-30T00:25:23.782,btc-updown-15m-1774829700,1774830600,Up,44805772389954001846323941798115507711803280761959313342767241838745754095837,28699609518160570455168919112568591741029426949308718225055435784035660622902,0.992,0.993,726.96,168.98,0.001,0.007,0.008,168.98,726.96,0.001,0.9925,0.0075,0.188606,0.811394,66618.0
1774830324783,2026-03-30T00:25:24.783,btc-updown-15m-1774829700,1774830600,Up,44805772389954001846323941798115507711803280761959313342767241838745754095837,28699609518160570455168919112568591741029426949308718225055435784035660622902,0.993,0.995,330.0,170.0,0.002,0.005,0.007,170.0,330.0,0.002,0.994,0.006,0.34,0.66,66626.64
1774830325783,2026-03-30T00:25:25.783,btc-updown-15m-1774829700,1774830600,Up,44805772389954001846323941798115507711803280761959313342767241838745754095837,28699609518160570455168919112568591741029426949308718225055435784035660622902,0.993,0.995,330.0,170.0,0.002,0.005,0.007,170.0,330.0,0.002,0.994,0.006,0.34,0.66,66626.64
1774830326784,2026-03-30T00:25:26.784,btc-updown-15m-1774829700,1774830600,Up,44805772389954001846323941798115507711803280761959313342767241838745754095837,28699609518160570455168919112568591741029426949308718225055435784035660622902,0.993,0.994,970.0,328.99,0.001,0.006,0.007,328.99,970.0,0.001,0.9935,0.0065,0.253266,0.746734,66626.64
1774830327784,2026-03-30T00:25:27.784,btc-updown-15m-1774829700,1774830600,Up,44805772389954001846323941798115507711803280761959313342767241838745754095837,28699609518160570455168919112568591741029426949308718225055435784035660622902,0.993,0.994,970.0,328.99,0.001,0.006,0.007,328.99,970.0,0.001,0.9935,0.0065,0.253266,0.746734,66601.82
1774830328786,2026-03-30T00:25:28.786,btc-updown-15m-1774829700,1774830600,Up,44805772389954001846323941798115507711803280761959313342767241838745754095837,28699609518160570455168919112568591741029426949308718225055435784035660622902,0.993,0.994,1100.0,328.99,0.001,0.006,0.007,328.99,1100.0,0.001,0.9935,0.0065,0.230226,0.769774,66601.82
1774830329787,2026-03-30T00:25:29.787,btc-updown-15m-1774829700,1774830600,Up,44805772389954001846323941798115507711803280761959313342767241838745754095837,28699609518160570455168919112568591741029426949308718225055435784035660622902,0.993,0.994,1100.0,166.13,0.001,0.006,0.007,166.13,1100.0,0.001,0.9935,0.0065,0.131211,0.868789,66601.82
1774830330788,2026-03-30T00:25:30.788,btc-updown-15m-1774829700,1774830600,Up,44805772389954001846323941798115507711803280761959313342767241838745754095837,28699609518160570455168919112568591741029426949308718225055435784035660622902,0.993,0.998,7384.23,761.23,0.005,0.002,0.007,761.23,7384.23,0.005,0.9955,0.0045,0.093455,0.906545,66601.83
1774830331789,2026-03-30T00:25:31.789,btc-updown-15m-1774829700,1774830600,Up,44805772389954001846323941798115507711803280761959313342767241838745754095837,28699609518160570455168919112568591741029426949308718225055435784035660622902,0.993,0.994,680.0,761.23,0.001,0.006,0.007,761.23,680.0,0.001,0.9935,0.0065,0.528181,0.471819,66601.83
1774830332789,2026-03-30T00:25:32.789,btc-updown-15m-1774829700,1774830600,Up,44805772389954001846323941798115507711803280761959313342767241838745754095837,28699609518160570455168919112568591741029426949308718225055435784035660622902,0.993,0.994,836.04,761.23,0.001,0.006,0.007,761.23,836.04,0.001,0.9935,0.0065,0.476582,0.523418,66601.83
1774830333790,2026-03-30T00:25:33.790,btc-updown-15m-1774829700,1774830600,Up,44805772389954001846323941798115507711803280761959313342767241838745754095837,28699609518160570455168919112568591741029426949308718225055435784035660622902,0.993,0.994,836.04,761.23,0.001,0.006,0.007,761.23,836.04,0.001,0.9935,0.0065,0.476582,0.523418,66595.17
1774830334791,2026-03-30T00:25:34.791,btc-updown-15m-1774829700,1774830600,Up,44805772389954001846323941798115507711803280761959313342767241838745754095837,28699609518160570455168919112568591741029426949308718225055435784035660622902,0.993,0.994,836.04,761.23,0.001,0.006,0.007,761.23,836.04,0.001,0.9935,0.0065,0.476582,0.523418,66595.17
1774830335792,2026-03-30T00:25:35.792,btc-updown-15m-1774829700,1774830600,Up,44805772389954001846323941798115507711803280761959313342767241838745754095837,28699609518160570455168919112568591741029426949308718225055435784035660622902,0.993,0.994,839.0,931.23,0.001,0.006,0.007,931.23,839.0,0.001,0.9935,0.0065,0.52605,0.47395,66595.17
1774830336792,2026-03-30T00:25:36.792,btc-updown-15m-1774829700,1774830600,Up,44805772389954001846323941798115507711803280761959313342767241838745754095837,28699609518160570455168919112568591741029426949308718225055435784035660622902,0.993,0.994,839.0,931.23,0.001,0.006,0.007,931.23,839.0,0.001,0.9935,0.0065,0.52605,0.47395,66540.44
1774830337793,2026-03-30T00:25:37.793,btc-updown-15m-1774829700,1774830600,Up,44805772389954001846323941798115507711803280761959313342767241838745754095837,28699609518160570455168919112568591741029426949308718225055435784035660622902,0.993,0.994,839.0,931.23,0.001,0.006,0.007,931.23,839.0,0.001,0.9935,0.0065,0.52605,0.47395,66540.44
1774830338793,2026-03-30T00:25:38.793,btc-updown-15m-1774829700,1774830600,Up,44805772389954001846323941798115507711803280761959313342767241838745754095837,28699609518160570455168919112568591741029426949308718225055435784035660622902,0.993,0.994,839.0,458.37,0.001,0.006,0.007,458.37,839.0,0.001,0.9935,0.0065,0.353307,0.646693,66540.44
1774830339794,2026-03-30T00:25:39.794,btc-updown-15m-1774829700,1774830600,Up,44805772389954001846323941798115507711803280761959313342767241838745754095837,28699609518160570455168919112568591741029426949308718225055435784035660622902,0.993,0.994,839.0,458.37,0.001,0.006,0.007,458.37,839.0,0.001,0.9935,0.0065,0.353307,0.646693,66541.37
1774830340795,2026-03-30T00:25:40.795,btc-updown-15m-1774829700,1774830600,Up,44805772389954001846323941798115507711803280761959313342767241838745754095837,28699609518160570455168919112568591741029426949308718225055435784035660622902,0.993,0.994,839.0,458.37,0.001,0.006,0.007,458.37,839.0,0.001,0.9935,0.0065,0.353307,0.646693,66541.37
1774830341796,2026-03-30T00:25:41.796,btc-updown-15m-1774829700,1774830600,Up,44805772389954001846323941798115507711803280761959313342767241838745754095837,28699609518160570455168919112568591741029426949308718225055435784035660622902,0.993,0.994,809.0,618.37,0.001,0.006,0.007,618.37,809.0,0.001,0.9935,0.0065,0.433223,0.566777,66541.37
1774830342797,2026-03-30T00:25:42.797,btc-updown-15m-1774829700,1774830600,Up,44805772389954001846323941798115507711803280761959313342767241838745754095837,28699609518160570455168919112568591741029426949308718225055435784035660622902,0.993,0.994,802.96,618.37,0.001,0.006,0.007,618.37,802.96,0.001,0.9935,0.0065,0.435064,0.564936,66549.32
1774830343797,2026-03-30T00:25:43.797,btc-updown-15m-1774829700,1774830600,Up,44805772389954001846323941798115507711803280761959313342767241838745754095837,28699609518160570455168919112568591741029426949308718225055435784035660622902,0.993,0.994,796.92,618.37,0.001,0.006,0.007,618.37,796.92,0.001,0.9935,0.0065,0.436921,0.563079,66549.32
1774830344798,2026-03-30T00:25:44.798,btc-updown-15m-1774829700,1774830600,Up,44805772389954001846323941798115507711803280761959313342767241838745754095837,28699609518160570455168919112568591741029426949308718225055435784035660622902,0.993,0.994,810.77,618.37,0.001,0.006,0.007,618.37,810.77,0.001,0.9935,0.0065,0.432687,0.567313,66549.32
1774830345800,2026-03-30T00:25:45.800,btc-updown-15m-1774829700,1774830600,Up,44805772389954001846323941798115507711803280761959313342767241838745754095837,28699609518160570455168919112568591741029426949308718225055435784035660622902,0.993,0.994,810.77,618.37,0.001,0.006,0.007,618.37,810.77,0.001,0.9935,0.0065,0.432687,0.567313,66546.01
1774830346800,2026-03-30T00:25:46.800,btc-updown-15m-1774829700,1774830600,Up,44805772389954001846323941798115507711803280761959313342767241838745754095837,28699609518160570455168919112568591741029426949308718225055435784035660622902,0.993,0.994,810.77,618.37,0.001,0.006,0.007,618.37,810.77,0.001,0.9935,0.0065,0.432687,0.567313,66546.01
1774830347801,2026-03-30T00:25:47.801,btc-updown-15m-1774829700,1774830600,Up,44805772389954001846323941798115507711803280761959313342767241838745754095837,28699609518160570455168919112568591741029426949308718225055435784035660622902,0.993,0.994,810.77,618.37,0.001,0.006,0.007,618.37,810.77,0.001,0.9935,0.0065,0.432687,0.567313,66546.01
1774830348802,2026-03-30T00:25:48.802,btc-updown-15m-1774829700,1774830600,Up,44805772389954001846323941798115507711803280761959313342767241838745754095837,28699609518160570455168919112568591741029426949308718225055435784035660622902,0.993,0.994,810.77,618.37,0.001,0.006,0.007,618.37,810.77,0.001,0.9935,0.0065,0.432687,0.567313,66555.68
1774830349802,2026-03-30T00:25:49.802,btc-updown-15m-1774829700,1774830600,Up,44805772389954001846323941798115507711803280761959313342767241838745754095837,28699609518160570455168919112568591741029426949308718225055435784035660622902,0.993,0.994,632.92,583.79,0.001,0.006,0.007,583.79,632.92,0.001,0.9935,0.0065,0.47981,0.52019,66555.68
1774830350803,2026-03-30T00:25:50.803,btc-updown-15m-1774829700,1774830600,Up,44805772389954001846323941798115507711803280761959313342767241838745754095837,28699609518160570455168919112568591741029426949308718225055435784035660622902,0.993,0.994,632.92,583.79,0.001,0.006,0.007,583.79,632.92,0.001,0.9935,0.0065,0.47981,0.52019,66555.68
1774830351804,2026-03-30T00:25:51.804,btc-updown-15m-1774829700,1774830600,Up,44805772389954001846323941798115507711803280761959313342767241838745754095837,28699609518160570455168919112568591741029426949308718225055435784035660622902,0.993,0.994,632.92,583.79,0.001,0.006,0.007,583.79,632.92,0.001,0.9935,0.0065,0.47981,0.52019,66559.99
1774830352805,2026-03-30T00:25:52.805,btc-updown-15m-1774829700,1774830600,Up,44805772389954001846323941798115507711803280761959313342767241838745754095837,28699609518160570455168919112568591741029426949308718225055435784035660622902,0.993,0.994,130.0,583.79,0.001,0.006,0.007,583.79,130.0,0.001,0.9935,0.0065,0.817874,0.182126,66559.99
1774830353807,2026-03-30T00:25:53.807,btc-updown-15m-1774829700,1774830600,Up,44805772389954001846323941798115507711803280761959313342767241838745754095837,28699609518160570455168919112568591741029426949308718225055435784035660622902,0.993,0.994,769.0,583.79,0.001,0.006,0.007,583.79,769.0,0.001,0.9935,0.0065,0.431545,0.568455,66559.99
1774830354808,2026-03-30T00:25:54.808,btc-updown-15m-1774829700,1774830600,Up,44805772389954001846323941798115507711803280761959313342767241838745754095837,28699609518160570455168919112568591741029426949308718225055435784035660622902,0.993,0.994,719.0,583.79,0.001,0.006,0.007,583.79,719.0,0.001,0.9935,0.0065,0.448108,0.551892,66560.03
1774830355809,2026-03-30T00:25:55.809,btc-updown-15m-1774829700,1774830600,Up,44805772389954001846323941798115507711803280761959313342767241838745754095837,28699609518160570455168919112568591741029426949308718225055435784035660622902,0.993,0.994,719.0,583.79,0.001,0.006,0.007,583.79,719.0,0.001,0.9935,0.0065,0.448108,0.551892,66560.03
1774830356810,2026-03-30T00:25:56.810,btc-updown-15m-1774829700,1774830600,Up,44805772389954001846323941798115507711803280761959313342767241838745754095837,28699609518160570455168919112568591741029426949308718225055435784035660622902,0.993,0.994,871.29,1383.79,0.001,0.006,0.007,1383.79,871.29,0.001,0.9935,0.0065,0.613632,0.386368,66560.03
1774830357811,2026-03-30T00:25:57.811,btc-updown-15m-1774829700,1774830600,Up,44805772389954001846323941798115507711803280761959313342767241838745754095837,28699609518160570455168919112568591741029426949308718225055435784035660622902,0.994,0.998,7384.23,47.71,0.004,0.002,0.006,47.71,7384.23,0.004,0.996,0.004,0.00642,0.99358,66582.94
1774830358812,2026-03-30T00:25:58.812,btc-updown-15m-1774829700,1774830600,Up,44805772389954001846323941798115507711803280761959313342767241838745754095837,28699609518160570455168919112568591741029426949308718225055435784035660622902,0.994,0.998,7384.23,47.71,0.004,0.002,0.006,47.71,7384.23,0.004,0.996,0.004,0.00642,0.99358,66582.94
1774830359812,2026-03-30T00:25:59.812,btc-updown-15m-1774829700,1774830600,Up,44805772389954001846323941798115507711803280761959313342767241838745754095837,28699609518160570455168919112568591741029426949308718225055435784035660622902,0.994,0.995,380.0,377.71,0.001,0.005,0.006,377.71,380.0,0.001,0.9945,0.0055,0.498489,0.501511,66582.94
1774830360813,2026-03-30T00:26:00.813,btc-updown-15m-1774829700,1774830600,Up,44805772389954001846323941798115507711803280761959313342767241838745754095837,28699609518160570455168919112568591741029426949308718225055435784035660622902,0.994,0.995,278.48,377.71,0.001,0.005,0.006,377.71,278.48,0.001,0.9945,0.0055,0.575611,0.424389,66582.94
1774830361813,2026-03-30T00:26:01.813,btc-updown-15m-1774829700,1774830600,Up,44805772389954001846323941798115507711803280761959313342767241838745754095837,28699609518160570455168919112568591741029426949308718225055435784035660622902,0.994,0.995,278.48,377.71,0.001,0.005,0.006,377.71,278.48,0.001,0.9945,0.0055,0.575611,0.424389,66582.94
1774830362814,2026-03-30T00:26:02.814,btc-updown-15m-1774829700,1774830600,Up,44805772389954001846323941798115507711803280761959313342767241838745754095837,28699609518160570455168919112568591741029426949308718225055435784035660622902,0.994,0.995,278.48,377.71,0.001,0.005,0.006,377.71,278.48,0.001,0.9945,0.0055,0.575611,0.424389,66582.94
1774830363814,2026-03-30T00:26:03.814,btc-updown-15m-1774829700,1774830600,Up,44805772389954001846323941798115507711803280761959313342767241838745754095837,28699609518160570455168919112568591741029426949308718225055435784035660622902,0.994,0.995,267.43,1177.71,0.001,0.005,0.006,1177.71,267.43,0.001,0.9945,0.0055,0.814945,0.185055,66573.55
1774830364815,2026-03-30T00:26:04.815,btc-updown-15m-1774829700,1774830600,Up,44805772389954001846323941798115507711803280761959313342767241838745754095837,28699609518160570455168919112568591741029426949308718225055435784035660622902,0.994,0.995,253.36,377.71,0.001,0.005,0.006,377.71,253.36,0.001,0.9945,0.0055,0.598523,0.401477,66573.55
1774830365816,2026-03-30T00:26:05.816,btc-updown-15m-1774829700,1774830600,Up,44805772389954001846323941798115507711803280761959313342767241838745754095837,28699609518160570455168919112568591741029426949308718225055435784035660622902,0.994,0.995,223.36,377.71,0.001,0.005,0.006,377.71,223.36,0.001,0.9945,0.0055,0.628396,0.371604,66573.55
1774830366818,2026-03-30T00:26:06.818,btc-updown-15m-1774829700,1774830600,Up,44805772389954001846323941798115507711803280761959313342767241838745754095837,28699609518160570455168919112568591741029426949308718225055435784035660622902,0.994,0.995,157.2,377.71,0.001,0.005,0.006,377.71,157.2,0.001,0.9945,0.0055,0.706119,0.293881,66579.92
1774830367818,2026-03-30T00:26:07.818,btc-updown-15m-1774829700,1774830600,Up,44805772389954001846323941798115507711803280761959313342767241838745754095837,28699609518160570455168919112568591741029426949308718225055435784035660622902,0.994,0.995,157.2,1162.71,0.001,0.005,0.006,1162.71,157.2,0.001,0.9945,0.0055,0.880901,0.119099,66579.92
1774830368818,2026-03-30T00:26:08.818,btc-updown-15m-1774829700,1774830600,Up,44805772389954001846323941798115507711803280761959313342767241838745754095837,28699609518160570455168919112568591741029426949308718225055435784035660622902,0.994,0.995,157.2,1162.71,0.001,0.005,0.006,1162.71,157.2,0.001,0.9945,0.0055,0.880901,0.119099,66579.92
1774830369819,2026-03-30T00:26:09.819,btc-updown-15m-1774829700,1774830600,Up,44805772389954001846323941798115507711803280761959313342767241838745754095837,28699609518160570455168919112568591741029426949308718225055435784035660622902,0.995,0.996,147.5,330.0,0.001,0.004,0.005,330.0,147.5,0.001,0.9955,0.0045,0.691099,0.308901,66579.93
1774830370819,2026-03-30T00:26:10.819,btc-updown-15m-1774829700,1774830600,Up,44805772389954001846323941798115507711803280761959313342767241838745754095837,28699609518160570455168919112568591741029426949308718225055435784035660622902,0.995,0.996,147.5,330.0,0.001,0.004,0.005,330.0,147.5,0.001,0.9955,0.0045,0.691099,0.308901,66579.93
1774830371820,2026-03-30T00:26:11.820,btc-updown-15m-1774829700,1774830600,Up,44805772389954001846323941798115507711803280761959313342767241838745754095837,28699609518160570455168919112568591741029426949308718225055435784035660622902,0.995,0.996,97.5,330.0,0.001,0.004,0.005,330.0,97.5,0.001,0.9955,0.0045,0.77193,0.22807,66579.93
1774830372821,2026-03-30T00:26:12.821,btc-updown-15m-1774829700,1774830600,Up,44805772389954001846323941798115507711803280761959313342767241838745754095837,28699609518160570455168919112568591741029426949308718225055435784035660622902,0.995,0.996,97.5,330.0,0.001,0.004,0.005,330.0,97.5,0.001,0.9955,0.0045,0.77193,0.22807,66597.3
1774830373821,2026-03-30T00:26:13.821,btc-updown-15m-1774829700,1774830600,Up,44805772389954001846323941798115507711803280761959313342767241838745754095837,28699609518160570455168919112568591741029426949308718225055435784035660622902,0.996,0.997,80.0,160.0,0.001,0.003,0.004,160.0,80.0,0.001,0.9965,0.0035,0.666667,0.333333,66597.3
1774830374821,2026-03-30T00:26:14.821,btc-updown-15m-1774829700,1774830600,Up,44805772389954001846323941798115507711803280761959313342767241838745754095837,28699609518160570455168919112568591741029426949308718225055435784035660622902,0.996,0.997,80.0,160.0,0.001,0.003,0.004,160.0,80.0,0.001,0.9965,0.0035,0.666667,0.333333,66597.3
1774830375822,2026-03-30T00:26:15.822,btc-updown-15m-1774829700,1774830600,Up,44805772389954001846323941798115507711803280761959313342767241838745754095837,28699609518160570455168919112568591741029426949308718225055435784035660622902,0.996,0.997,80.0,160.0,0.001,0.003,0.004,160.0,80.0,0.001,0.9965,0.0035,0.666667,0.333333,66613.32
1774830376823,2026-03-30T00:26:16.823,btc-updown-15m-1774829700,1774830600,Up,44805772389954001846323941798115507711803280761959313342767241838745754095837,28699609518160570455168919112568591741029426949308718225055435784035660622902,0.996,0.997,80.0,160.0,0.001,0.003,0.004,160.0,80.0,0.001,0.9965,0.0035,0.666667,0.333333,66613.32
1774830377824,2026-03-30T00:26:17.824,btc-updown-15m-1774829700,1774830600,Up,44805772389954001846323941798115507711803280761959313342767241838745754095837,28699609518160570455168919112568591741029426949308718225055435784035660622902,0.996,0.997,9.78,1180.0,0.001,0.003,0.004,1180.0,9.78,0.001,0.9965,0.0035,0.99178,0.00822,66613.32
1774830378825,2026-03-30T00:26:18.825,btc-updown-15m-1774829700,1774830600,Up,44805772389954001846323941798115507711803280761959313342767241838745754095837,28699609518160570455168919112568591741029426949308718225055435784035660622902,0.996,0.997,9.78,1180.0,0.001,0.003,0.004,1180.0,9.78,0.001,0.9965,0.0035,0.99178,0.00822,66617.8
1774830379825,2026-03-30T00:26:19.825,btc-updown-15m-1774829700,1774830600,Up,44805772389954001846323941798115507711803280761959313342767241838745754095837,28699609518160570455168919112568591741029426949308718225055435784035660622902,0.996,0.997,9.78,1180.0,0.001,0.003,0.004,1180.0,9.78,0.001,0.9965,0.0035,0.99178,0.00822,66617.8
1774830380827,2026-03-30T00:26:20.827,btc-updown-15m-1774829700,1774830600,Up,44805772389954001846323941798115507711803280761959313342767241838745754095837,28699609518160570455168919112568591741029426949308718225055435784035660622902,0.997,0.998,7055.24,170.0,0.001,0.002,0.003,170.0,7055.24,0.001,0.9975,0.0025,0.023529,0.976471,66617.8
1774830381828,2026-03-30T00:26:21.828,btc-updown-15m-1774829700,1774830600,Up,44805772389954001846323941798115507711803280761959313342767241838745754095837,28699609518160570455168919112568591741029426949308718225055435784035660622902,0.997,0.998,6995.24,170.0,0.001,0.002,0.003,170.0,6995.24,0.001,0.9975,0.0025,0.023726,0.976274,66600.0
1774830382828,2026-03-30T00:26:22.828,btc-updown-15m-1774829700,1774830600,Up,44805772389954001846323941798115507711803280761959313342767241838745754095837,28699609518160570455168919112568591741029426949308718225055435784035660622902,0.997,0.998,6995.24,170.0,0.001,0.002,0.003,170.0,6995.24,0.001,0.9975,0.0025,0.023726,0.976274,66600.0
1774830383829,2026-03-30T00:26:23.829,btc-updown-15m-1774829700,1774830600,Up,44805772389954001846323941798115507711803280761959313342767241838745754095837,28699609518160570455168919112568591741029426949308718225055435784035660622902,0.997,0.998,6995.24,170.0,0.001,0.002,0.003,170.0,6995.24,0.001,0.9975,0.0025,0.023726,0.976274,66600.0
1774830384830,2026-03-30T00:26:24.830,btc-updown-15m-1774829700,1774830600,Up,44805772389954001846323941798115507711803280761959313342767241838745754095837,28699609518160570455168919112568591741029426949308718225055435784035660622902,0.997,0.998,6995.24,170.0,0.001,0.002,0.003,170.0,6995.24,0.001,0.9975,0.0025,0.023726,0.976274,66588.02
1774830385831,2026-03-30T00:26:25.831,btc-updown-15m-1774829700,1774830600,Up,44805772389954001846323941798115507711803280761959313342767241838745754095837,28699609518160570455168919112568591741029426949308718225055435784035660622902,0.997,0.998,6995.24,170.0,0.001,0.002,0.003,170.0,6995.24,0.001,0.9975,0.0025,0.023726,0.976274,66588.02
1774830386831,2026-03-30T00:26:26.831,btc-updown-15m-1774829700,1774830600,Up,44805772389954001846323941798115507711803280761959313342767241838745754095837,28699609518160570455168919112568591741029426949308718225055435784035660622902,0.997,0.998,6995.24,170.0,0.001,0.002,0.003,170.0,6995.24,0.001,0.9975,0.0025,0.023726,0.976274,66588.02
1774830387832,2026-03-30T00:26:27.832,btc-updown-15m-1774829700,1774830600,Up,44805772389954001846323941798115507711803280761959313342767241838745754095837,28699609518160570455168919112568591741029426949308718225055435784035660622902,0.997,0.998,6979.38,220.0,0.001,0.002,0.003,220.0,6979.38,0.001,0.9975,0.0025,0.030558,0.969442,66600.04
1774830388832,2026-03-30T00:26:28.832,btc-updown-15m-1774829700,1774830600,Up,44805772389954001846323941798115507711803280761959313342767241838745754095837,28699609518160570455168919112568591741029426949308718225055435784035660622902,0.997,0.998,6979.38,220.0,0.001,0.002,0.003,220.0,6979.38,0.001,0.9975,0.0025,0.030558,0.969442,66600.04
1774830389833,2026-03-30T00:26:29.833,btc-updown-15m-1774829700,1774830600,Up,44805772389954001846323941798115507711803280761959313342767241838745754095837,28699609518160570455168919112568591741029426949308718225055435784035660622902,0.997,0.998,6979.38,220.0,0.001,0.002,0.003,220.0,6979.38,0.001,0.9975,0.0025,0.030558,0.969442,66600.04
1774830390835,2026-03-30T00:26:30.835,btc-updown-15m-1774829700,1774830600,Up,44805772389954001846323941798115507711803280761959313342767241838745754095837,28699609518160570455168919112568591741029426949308718225055435784035660622902,0.997,0.998,6979.38,220.0,0.001,0.002,0.003,220.0,6979.38,0.001,0.9975,0.0025,0.030558,0.969442,66593.86
1774830391836,2026-03-30T00:26:31.836,btc-updown-15m-1774829700,1774830600,Up,44805772389954001846323941798115507711803280761959313342767241838745754095837,28699609518160570455168919112568591741029426949308718225055435784035660622902,0.997,0.998,6979.38,220.0,0.001,0.002,0.003,220.0,6979.38,0.001,0.9975,0.0025,0.030558,0.969442,66593.86
1774830392837,2026-03-30T00:26:32.837,btc-updown-15m-1774829700,1774830600,Up,44805772389954001846323941798115507711803280761959313342767241838745754095837,28699609518160570455168919112568591741029426949308718225055435784035660622902,0.997,0.998,171.54,220.0,0.001,0.002,0.003,220.0,171.54,0.001,0.9975,0.0025,0.561884,0.438116,66593.86
1774830393837,2026-03-30T00:26:33.837,btc-updown-15m-1774829700,1774830600,Up,44805772389954001846323941798115507711803280761959313342767241838745754095837,28699609518160570455168919112568591741029426949308718225055435784035660622902,0.997,0.998,171.54,220.0,0.001,0.002,0.003,220.0,171.54,0.001,0.9975,0.0025,0.561884,0.438116,66645.0
1774830394838,2026-03-30T00:26:34.838,btc-updown-15m-1774829700,1774830600,Up,44805772389954001846323941798115507711803280761959313342767241838745754095837,28699609518160570455168919112568591741029426949308718225055435784035660622902,0.997,0.998,171.54,220.0,0.001,0.002,0.003,220.0,171.54,0.001,0.9975,0.0025,0.561884,0.438116,66645.0
1774830395838,2026-03-30T00:26:35.838,btc-updown-15m-1774829700,1774830600,Up,44805772389954001846323941798115507711803280761959313342767241838745754095837,28699609518160570455168919112568591741029426949308718225055435784035660622902,0.997,0.998,149.52,1180.0,0.001,0.002,0.003,1180.0,149.52,0.001,0.9975,0.0025,0.887538,0.112462,66645.0
1774830396840,2026-03-30T00:26:36.840,btc-updown-15m-1774829700,1774830600,Up,44805772389954001846323941798115507711803280761959313342767241838745754095837,28699609518160570455168919112568591741029426949308718225055435784035660622902,0.997,0.998,89.52,1180.0,0.001,0.002,0.003,1180.0,89.52,0.001,0.9975,0.0025,0.929485,0.070515,66653.37
1774830397841,2026-03-30T00:26:37.841,btc-updown-15m-1774829700,1774830600,Up,44805772389954001846323941798115507711803280761959313342767241838745754095837,28699609518160570455168919112568591741029426949308718225055435784035660622902,0.997,0.998,89.52,1180.0,0.001,0.002,0.003,1180.0,89.52,0.001,0.9975,0.0025,0.929485,0.070515,66653.37
1774830398841,2026-03-30T00:26:38.841,btc-updown-15m-1774829700,1774830600,Up,44805772389954001846323941798115507711803280761959313342767241838745754095837,28699609518160570455168919112568591741029426949308718225055435784035660622902,0.997,0.998,89.52,1180.0,0.001,0.002,0.003,1180.0,89.52,0.001,0.9975,0.0025,0.929485,0.070515,66653.37
1774830399842,2026-03-30T00:26:39.842,btc-updown-15m-1774829700,1774830600,Up,44805772389954001846323941798115507711803280761959313342767241838745754095837,28699609518160570455168919112568591741029426949308718225055435784035660622902,0.997,0.998,11.3,850.0,0.001,0.002,0.003,850.0,11.3,0.001,0.9975,0.0025,0.98688,0.01312,66661.97
1774830400843,2026-03-30T00:26:40.843,btc-updown-15m-1774829700,1774830600,Up,44805772389954001846323941798115507711803280761959313342767241838745754095837,28699609518160570455168919112568591741029426949308718225055435784035660622902,0.997,0.998,11.3,850.0,0.001,0.002,0.003,850.0,11.3,0.001,0.9975,0.0025,0.98688,0.01312,66661.97
1774830401844,2026-03-30T00:26:41.844,btc-updown-15m-1774829700,1774830600,Up,44805772389954001846323941798115507711803280761959313342767241838745754095837,28699609518160570455168919112568591741029426949308718225055435784035660622902,0.997,0.998,11.3,850.0,0.001,0.002,0.003,850.0,11.3,0.001,0.9975,0.0025,0.98688,0.01312,66661.97
1774830402844,2026-03-30T00:26:42.844,btc-updown-15m-1774829700,1774830600,Up,44805772389954001846323941798115507711803280761959313342767241838745754095837,28699609518160570455168919112568591741029426949308718225055435784035660622902,0.997,0.998,11.3,676.66,0.001,0.002,0.003,676.66,11.3,0.001,0.9975,0.0025,0.983575,0.016425,66652.62
1774830403845,2026-03-30T00:26:43.845,btc-updown-15m-1774829700,1774830600,Up,44805772389954001846323941798115507711803280761959313342767241838745754095837,28699609518160570455168919112568591741029426949308718225055435784035660622902,0.997,0.998,11.3,676.66,0.001,0.002,0.003,676.66,11.3,0.001,0.9975,0.0025,0.983575,0.016425,66652.62
1774830404846,2026-03-30T00:26:44.846,btc-updown-15m-1774829700,1774830600,Up,44805772389954001846323941798115507711803280761959313342767241838745754095837,28699609518160570455168919112568591741029426949308718225055435784035660622902,0.997,0.998,11.3,676.66,0.001,0.002,0.003,676.66,11.3,0.001,0.9975,0.0025,0.983575,0.016425,66652.62
1774830405848,2026-03-30T00:26:45.848,btc-updown-15m-1774829700,1774830600,Up,44805772389954001846323941798115507711803280761959313342767241838745754095837,28699609518160570455168919112568591741029426949308718225055435784035660622902,0.997,0.998,295.3,655.33,0.001,0.002,0.003,655.33,295.3,0.001,0.9975,0.0025,0.689364,0.310636,66615.46
1774830406849,2026-03-30T00:26:46.849,btc-updown-15m-1774829700,1774830600,Up,44805772389954001846323941798115507711803280761959313342767241838745754095837,28699609518160570455168919112568591741029426949308718225055435784035660622902,0.997,0.998,295.3,653.2,0.001,0.002,0.003,653.2,295.3,0.001,0.9975,0.0025,0.688666,0.311334,66615.46
1774830407850,2026-03-30T00:26:47.850,btc-updown-15m-1774829700,1774830600,Up,44805772389954001846323941798115507711803280761959313342767241838745754095837,28699609518160570455168919112568591741029426949308718225055435784035660622902,0.997,0.998,295.3,653.2,0.001,0.002,0.003,653.2,295.3,0.001,0.9975,0.0025,0.688666,0.311334,66615.46
1774830408851,2026-03-30T00:26:48.851,btc-updown-15m-1774829700,1774830600,Up,44805772389954001846323941798115507711803280761959313342767241838745754095837,28699609518160570455168919112568591741029426949308718225055435784035660622902,0.997,0.998,295.3,653.2,0.001,0.002,0.003,653.2,295.3,0.001,0.9975,0.0025,0.688666,0.311334,66627.67
1774830409852,2026-03-30T00:26:49.852,btc-updown-15m-1774829700,1774830600,Up,44805772389954001846323941798115507711803280761959313342767241838745754095837,28699609518160570455168919112568591741029426949308718225055435784035660622902,0.997,0.998,295.3,653.2,0.001,0.002,0.003,653.2,295.3,0.001,0.9975,0.0025,0.688666,0.311334,66627.67
1774830410852,2026-03-30T00:26:50.852,btc-updown-15m-1774829700,1774830600,Up,44805772389954001846323941798115507711803280761959313342767241838745754095837,28699609518160570455168919112568591741029426949308718225055435784035660622902,0.997,0.998,295.3,653.2,0.001,0.002,0.003,653.2,295.3,0.001,0.9975,0.0025,0.688666,0.311334,66627.67
1774830411853,2026-03-30T00:26:51.853,btc-updown-15m-1774829700,1774830600,Up,44805772389954001846323941798115507711803280761959313342767241838745754095837,28699609518160570455168919112568591741029426949308718225055435784035660622902,0.997,0.998,295.3,653.2,0.001,0.002,0.003,653.2,295.3,0.001,0.9975,0.0025,0.688666,0.311334,66666.13
1774830412855,2026-03-30T00:26:52.855,btc-updown-15m-1774829700,1774830600,Up,44805772389954001846323941798115507711803280761959313342767241838745754095837,28699609518160570455168919112568591741029426949308718225055435784035660622902,0.998,0.999,7541.0,48.7,0.001,0.001,0.002,48.7,7541.0,0.001,0.9985,0.0015,0.006417,0.993583,66666.13
1774830413855,2026-03-30T00:26:53.855,btc-updown-15m-1774829700,1774830600,Up,44805772389954001846323941798115507711803280761959313342767241838745754095837,28699609518160570455168919112568591741029426949308718225055435784035660622902,0.998,0.999,7539.99,208.7,0.001,0.001,0.002,208.7,7539.99,0.001,0.9985,0.0015,0.026934,0.973066,66666.13
1774830414856,2026-03-30T00:26:54.856,btc-updown-15m-1774829700,1774830600,Up,44805772389954001846323941798115507711803280761959313342767241838745754095837,28699609518160570455168919112568591741029426949308718225055435784035660622902,0.998,0.999,7539.99,208.7,0.001,0.001,0.002,208.7,7539.99,0.001,0.9985,0.0015,0.026934,0.973066,66687.2
1774830415857,2026-03-30T00:26:55.857,btc-updown-15m-1774829700,1774830600,Up,44805772389954001846323941798115507711803280761959313342767241838745754095837,28699609518160570455168919112568591741029426949308718225055435784035660622902,0.998,0.999,7539.99,208.7,0.001,0.001,0.002,208.7,7539.99,0.001,0.9985,0.0015,0.026934,0.973066,66687.2
1774830416858,2026-03-30T00:26:56.858,btc-updown-15m-1774829700,1774830600,Up,44805772389954001846323941798115507711803280761959313342767241838745754095837,28699609518160570455168919112568591741029426949308718225055435784035660622902,0.998,0.999,7539.99,208.7,0.001,0.001,0.002,208.7,7539.99,0.001,0.9985,0.0015,0.026934,0.973066,66687.2
1774830417858,2026-03-30T00:26:57.858,btc-updown-15m-1774829700,1774830600,Up,44805772389954001846323941798115507711803280761959313342767241838745754095837,28699609518160570455168919112568591741029426949308718225055435784035660622902,0.998,0.999,7539.99,208.7,0.001,0.001,0.002,208.7,7539.99,0.001,0.9985,0.0015,0.026934,0.973066,66684.07
1774830418859,2026-03-30T00:26:58.859,btc-updown-15m-1774829700,1774830600,Up,44805772389954001846323941798115507711803280761959313342767241838745754095837,28699609518160570455168919112568591741029426949308718225055435784035660622902,0.998,0.999,7539.99,208.7,0.001,0.001,0.002,208.7,7539.99,0.001,0.9985,0.0015,0.026934,0.973066,66684.07
1774830419860,2026-03-30T00:26:59.860,btc-updown-15m-1774829700,1774830600,Up,44805772389954001846323941798115507711803280761959313342767241838745754095837,28699609518160570455168919112568591741029426949308718225055435784035660622902,0.998,0.999,7539.99,208.7,0.001,0.001,0.002,208.7,7539.99,0.001,0.9985,0.0015,0.026934,0.973066,66684.07
1774830420861,2026-03-30T00:27:00.861,btc-updown-15m-1774829700,1774830600,Up,44805772389954001846323941798115507711803280761959313342767241838745754095837,28699609518160570455168919112568591741029426949308718225055435784035660622902,0.998,0.999,6902.99,2206.18,0.001,0.001,0.002,2206.18,6902.99,0.001,0.9985,0.0015,0.242193,0.757807,66759.84
1774830421862,2026-03-30T00:27:01.862,btc-updown-15m-1774829700,1774830600,Up,44805772389954001846323941798115507711803280761959313342767241838745754095837,28699609518160570455168919112568591741029426949308718225055435784035660622902,0.998,0.999,6892.99,2206.18,0.001,0.001,0.002,2206.18,6892.99,0.001,0.9985,0.0015,0.242459,0.757541,66759.84
1774830422863,2026-03-30T00:27:02.863,btc-updown-15m-1774829700,1774830600,Up,44805772389954001846323941798115507711803280761959313342767241838745754095837,28699609518160570455168919112568591741029426949308718225055435784035660622902,0.998,0.999,6892.99,2206.18,0.001,0.001,0.002,2206.18,6892.99,0.001,0.9985,0.0015,0.242459,0.757541,66759.84
1774830423864,2026-03-30T00:27:03.864,btc-updown-15m-1774829700,1774830600,Up,44805772389954001846323941798115507711803280761959313342767241838745754095837,28699609518160570455168919112568591741029426949308718225055435784035660622902,0.998,0.999,6892.99,2206.18,0.001,0.001,0.002,2206.18,6892.99,0.001,0.9985,0.0015,0.242459,0.757541,66749.49
1774830424865,2026-03-30T00:27:04.865,btc-updown-15m-1774829700,1774830600,Up,44805772389954001846323941798115507711803280761959313342767241838745754095837,28699609518160570455168919112568591741029426949308718225055435784035660622902,0.998,0.999,7149.99,1386.18,0.001,0.001,0.002,1386.18,7149.99,0.001,0.9985,0.0015,0.162389,0.837611,66749.49
1774830425866,2026-03-30T00:27:05.866,btc-updown-15m-1774829700,1774830600,Up,44805772389954001846323941798115507711803280761959313342767241838745754095837,28699609518160570455168919112568591741029426949308718225055435784035660622902,0.998,0.999,6805.57,1386.18,0.001,0.001,0.002,1386.18,6805.57,0.001,0.9985,0.0015,0.169217,0.830783,66749.49
1774830426867,2026-03-30T00:27:06.867,btc-updown-15m-1774829700,1774830600,Up,44805772389954001846323941798115507711803280761959313342767241838745754095837,28699609518160570455168919112568591741029426949308718225055435784035660622902,0.998,0.999,6805.57,1386.18,0.001,0.001,0.002,1386.18,6805.57,0.001,0.9985,0.0015,0.169217,0.830783,66729.78
1774830427869,2026-03-30T00:27:07.869,btc-updown-15m-1774829700,1774830600,Up,44805772389954001846323941798115507711803280761959313342767241838745754095837,28699609518160570455168919112568591741029426949308718225055435784035660622902,0.998,0.999,6805.57,1386.18,0.001,0.001,0.002,1386.18,6805.57,0.001,0.9985,0.0015,0.169217,0.830783,66729.78
1774830428869,2026-03-30T00:27:08.869,btc-updown-15m-1774829700,1774830600,Up,44805772389954001846323941798115507711803280761959313342767241838745754095837,28699609518160570455168919112568591741029426949308718225055435784035660622902,0.998,0.999,6805.57,1386.18,0.001,0.001,0.002,1386.18,6805.57,0.001,0.9985,0.0015,0.169217,0.830783,66729.78
1774830429870,2026-03-30T00:27:09.870,btc-updown-15m-1774829700,1774830600,Up,44805772389954001846323941798115507711803280761959313342767241838745754095837,28699609518160570455168919112568591741029426949308718225055435784035660622902,0.998,0.999,7055.51,2463.18,0.001,0.001,0.002,2463.18,7055.51,0.001,0.9985,0.0015,0.258773,0.741227,66707.91
1774830430871,2026-03-30T00:27:10.871,btc-updown-15m-1774829700,1774830600,Up,44805772389954001846323941798115507711803280761959313342767241838745754095837,28699609518160570455168919112568591741029426949308718225055435784035660622902,0.998,0.999,6945.51,2519.18,0.001,0.001,0.002,2519.18,6945.51,0.001,0.9985,0.0015,0.266166,0.733834,66707.91
1774830431872,2026-03-30T00:27:11.872,btc-updown-15m-1774829700,1774830600,Up,44805772389954001846323941798115507711803280761959313342767241838745754095837,28699609518160570455168919112568591741029426949308718225055435784035660622902,0.998,0.999,6945.51,2519.18,0.001,0.001,0.002,2519.18,6945.51,0.001,0.9985,0.0015,0.266166,0.733834,66707.91
1774830432872,2026-03-30T00:27:12.872,btc-updown-15m-1774829700,1774830600,Up,44805772389954001846323941798115507711803280761959313342767241838745754095837,28699609518160570455168919112568591741029426949308718225055435784035660622902,0.998,0.999,6945.51,2519.18,0.001,0.001,0.002,2519.18,6945.51,0.001,0.9985,0.0015,0.266166,0.733834,66720.48
1774830433873,2026-03-30T00:27:13.873,btc-updown-15m-1774829700,1774830600,Up,44805772389954001846323941798115507711803280761959313342767241838745754095837,28699609518160570455168919112568591741029426949308718225055435784035660622902,0.998,0.999,6945.51,2519.18,0.001,0.001,0.002,2519.18,6945.51,0.001,0.9985,0.0015,0.266166,0.733834,66720.48
1774830434874,2026-03-30T00:27:14.874,btc-updown-15m-1774829700,1774830600,Up,44805772389954001846323941798115507711803280761959313342767241838745754095837,28699609518160570455168919112568591741029426949308718225055435784035660622902,0.998,0.999,6945.51,2519.18,0.001,0.001,0.002,2519.18,6945.51,0.001,0.9985,0.0015,0.266166,0.733834,66720.48
1774830435875,2026-03-30T00:27:15.875,btc-updown-15m-1774829700,1774830600,Up,44805772389954001846323941798115507711803280761959313342767241838745754095837,28699609518160570455168919112568591741029426949308718225055435784035660622902,0.998,0.999,6945.51,2519.18,0.001,0.001,0.002,2519.18,6945.51,0.001,0.9985,0.0015,0.266166,0.733834,66768.72
1774830436876,2026-03-30T00:27:16.876,btc-updown-15m-1774829700,1774830600,Up,44805772389954001846323941798115507711803280761959313342767241838745754095837,28699609518160570455168919112568591741029426949308718225055435784035660622902,0.998,0.999,6945.51,2519.18,0.001,0.001,0.002,2519.18,6945.51,0.001,0.9985,0.0015,0.266166,0.733834,66768.72
1774830437876,2026-03-30T00:27:17.876,btc-updown-15m-1774829700,1774830600,Up,44805772389954001846323941798115507711803280761959313342767241838745754095837,28699609518160570455168919112568591741029426949308718225055435784035660622902,0.998,0.999,6945.51,2519.18,0.001,0.001,0.002,2519.18,6945.51,0.001,0.9985,0.0015,0.266166,0.733834,66768.72
1774830438877,2026-03-30T00:27:18.877,btc-updown-15m-1774829700,1774830600,Up,44805772389954001846323941798115507711803280761959313342767241838745754095837,28699609518160570455168919112568591741029426949308718225055435784035660622902,0.998,0.999,6945.51,2519.18,0.001,0.001,0.002,2519.18,6945.51,0.001,0.9985,0.0015,0.266166,0.733834,66770.56
1774830439878,2026-03-30T00:27:19.878,btc-updown-15m-1774829700,1774830600,Up,44805772389954001846323941798115507711803280761959313342767241838745754095837,28699609518160570455168919112568591741029426949308718225055435784035660622902,0.998,0.999,6945.51,2519.18,0.001,0.001,0.002,2519.18,6945.51,0.001,0.9985,0.0015,0.266166,0.733834,66770.56
1774830440878,2026-03-30T00:27:20.878,btc-updown-15m-1774829700,1774830600,Up,44805772389954001846323941798115507711803280761959313342767241838745754095837,28699609518160570455168919112568591741029426949308718225055435784035660622902,0.998,0.999,6945.51,2519.18,0.001,0.001,0.002,2519.18,6945.51,0.001,0.9985,0.0015,0.266166,0.733834,66770.56
1774830441879,2026-03-30T00:27:21.879,btc-updown-15m-1774829700,1774830600,Up,44805772389954001846323941798115507711803280761959313342767241838745754095837,28699609518160570455168919112568591741029426949308718225055435784035660622902,0.998,,,4561.08,,,0.002,4561.08,,,,,,,66779.35
1774830442880,2026-03-30T00:27:22.880,btc-updown-15m-1774829700,1774830600,Up,44805772389954001846323941798115507711803280761959313342767241838745754095837,28699609518160570455168919112568591741029426949308718225055435784035660622902,0.998,,,4561.08,,,0.002,4561.08,,,,,,,66779.35
1774830443880,2026-03-30T00:27:23.880,btc-updown-15m-1774829700,1774830600,Up,44805772389954001846323941798115507711803280761959313342767241838745754095837,28699609518160570455168919112568591741029426949308718225055435784035660622902,0.998,,,4561.08,,,0.002,4561.08,,,,,,,66779.35
1774830444881,2026-03-30T00:27:24.881,btc-updown-15m-1774829700,1774830600,Up,44805772389954001846323941798115507711803280761959313342767241838745754095837,28699609518160570455168919112568591741029426949308718225055435784035660622902,0.998,,,4561.08,,,0.002,4561.08,,,,,,,66786.95
1774830445882,2026-03-30T00:27:25.882,btc-updown-15m-1774829700,1774830600,Up,44805772389954001846323941798115507711803280761959313342767241838745754095837,28699609518160570455168919112568591741029426949308718225055435784035660622902,0.998,,,4561.08,,,0.002,4561.08,,,,,,,66786.95
1774830446882,2026-03-30T00:27:26.882,btc-updown-15m-1774829700,1774830600,Up,44805772389954001846323941798115507711803280761959313342767241838745754095837,28699609518160570455168919112568591741029426949308718225055435784035660622902,0.998,,,4561.08,,,0.002,4561.08,,,,,,,66786.95
1774830447883,2026-03-30T00:27:27.883,btc-updown-15m-1774829700,1774830600,Up,44805772389954001846323941798115507711803280761959313342767241838745754095837,28699609518160570455168919112568591741029426949308718225055435784035660622902,0.998,,,4561.08,,,0.002,4561.08,,,,,,,66794.06
1774830448884,2026-03-30T00:27:28.884,btc-updown-15m-1774829700,1774830600,Up,44805772389954001846323941798115507711803280761959313342767241838745754095837,28699609518160570455168919112568591741029426949308718225055435784035660622902,0.998,,,4561.08,,,0.002,4561.08,,,,,,,66794.06
1774830449885,2026-03-30T00:27:29.885,btc-updown-15m-1774829700,1774830600,Up,44805772389954001846323941798115507711803280761959313342767241838745754095837,28699609518160570455168919112568591741029426949308718225055435784035660622902,0.999,,,20900.0,,,0.001,20900.0,,,,,,,66794.06
1774830450885,2026-03-30T00:27:30.885,btc-updown-15m-1774829700,1774830600,Up,44805772389954001846323941798115507711803280761959313342767241838745754095837,28699609518160570455168919112568591741029426949308718225055435784035660622902,0.999,,,20900.0,,,0.001,20900.0,,,,,,,66789.81
1774830451886,2026-03-30T00:27:31.886,btc-updown-15m-1774829700,1774830600,Up,44805772389954001846323941798115507711803280761959313342767241838745754095837,28699609518160570455168919112568591741029426949308718225055435784035660622902,0.999,,,20900.0,,,0.001,20900.0,,,,,,,66789.81
1774830452888,2026-03-30T00:27:32.888,btc-updown-15m-1774829700,1774830600,Up,44805772389954001846323941798115507711803280761959313342767241838745754095837,28699609518160570455168919112568591741029426949308718225055435784035660622902,0.999,,,20900.0,,,0.001,20900.0,,,,,,,66789.81
1774830453889,2026-03-30T00:27:33.889,btc-updown-15m-1774829700,1774830600,Up,44805772389954001846323941798115507711803280761959313342767241838745754095837,28699609518160570455168919112568591741029426949308718225055435784035660622902,0.999,,,20900.0,,,0.001,20900.0,,,,,,,66797.37
1774830454889,2026-03-30T00:27:34.889,btc-updown-15m-1774829700,1774830600,Up,44805772389954001846323941798115507711803280761959313342767241838745754095837,28699609518160570455168919112568591741029426949308718225055435784035660622902,0.999,,,20900.0,,,0.001,20900.0,,,,,,,66797.37
1774830455891,2026-03-30T00:27:35.891,btc-updown-15m-1774829700,1774830600,Up,44805772389954001846323941798115507711803280761959313342767241838745754095837,28699609518160570455168919112568591741029426949308718225055435784035660622902,0.999,,,20900.0,,,0.001,20900.0,,,,,,,66797.37
1774830456892,2026-03-30T00:27:36.892,btc-updown-15m-1774829700,1774830600,Up,44805772389954001846323941798115507711803280761959313342767241838745754095837,28699609518160570455168919112568591741029426949308718225055435784035660622902,0.999,,,20900.0,,,0.001,20900.0,,,,,,,66820.53
1774830457893,2026-03-30T00:27:37.893,btc-updown-15m-1774829700,1774830600,Up,44805772389954001846323941798115507711803280761959313342767241838745754095837,28699609518160570455168919112568591741029426949308718225055435784035660622902,0.999,,,20900.0,,,0.001,20900.0,,,,,,,66820.53
1774830458894,2026-03-30T00:27:38.894,btc-updown-15m-1774829700,1774830600,Up,44805772389954001846323941798115507711803280761959313342767241838745754095837,28699609518160570455168919112568591741029426949308718225055435784035660622902,0.999,,,20900.0,,,0.001,20900.0,,,,,,,66820.53
1774830459895,2026-03-30T00:27:39.895,btc-updown-15m-1774829700,1774830600,Up,44805772389954001846323941798115507711803280761959313342767241838745754095837,28699609518160570455168919112568591741029426949308718225055435784035660622902,0.999,,,20900.0,,,0.001,20900.0,,,,,,,66823.52
1774830460896,2026-03-30T00:27:40.896,btc-updown-15m-1774829700,1774830600,Up,44805772389954001846323941798115507711803280761959313342767241838745754095837,28699609518160570455168919112568591741029426949308718225055435784035660622902,0.999,,,20900.0,,,0.001,20900.0,,,,,,,66823.52
1774830461897,2026-03-30T00:27:41.897,btc-updown-15m-1774829700,1774830600,Up,44805772389954001846323941798115507711803280761959313342767241838745754095837,28699609518160570455168919112568591741029426949308718225055435784035660622902,0.999,,,20900.0,,,0.001,20900.0,,,,,,,66823.52
1774830462897,2026-03-30T00:27:42.897,btc-updown-15m-1774829700,1774830600,Up,44805772389954001846323941798115507711803280761959313342767241838745754095837,28699609518160570455168919112568591741029426949308718225055435784035660622902,0.999,,,20900.0,,,0.001,20900.0,,,,,,,66843.62
1774830463898,2026-03-30T00:27:43.898,btc-updown-15m-1774829700,1774830600,Up,44805772389954001846323941798115507711803280761959313342767241838745754095837,28699609518160570455168919112568591741029426949308718225055435784035660622902,0.999,,,20900.0,,,0.001,20900.0,,,,,,,66843.62
1774830464898,2026-03-30T00:27:44.898,btc-updown-15m-1774829700,1774830600,Up,44805772389954001846323941798115507711803280761959313342767241838745754095837,28699609518160570455168919112568591741029426949308718225055435784035660622902,0.999,,,20900.0,,,0.001,20900.0,,,,,,,66843.62
1774830465899,2026-03-30T00:27:45.899,btc-updown-15m-1774829700,1774830600,Up,44805772389954001846323941798115507711803280761959313342767241838745754095837,28699609518160570455168919112568591741029426949308718225055435784035660622902,0.999,,,20900.0,,,0.001,20900.0,,,,,,,66860.46
1774830466899,2026-03-30T00:27:46.899,btc-updown-15m-1774829700,1774830600,Up,44805772389954001846323941798115507711803280761959313342767241838745754095837,28699609518160570455168919112568591741029426949308718225055435784035660622902,0.999,,,20900.0,,,0.001,20900.0,,,,,,,66860.46
1774830467900,2026-03-30T00:27:47.900,btc-updown-15m-1774829700,1774830600,Up,44805772389954001846323941798115507711803280761959313342767241838745754095837,28699609518160570455168919112568591741029426949308718225055435784035660622902,0.999,,,20900.0,,,0.001,20900.0,,,,,,,66860.46
1774830468901,2026-03-30T00:27:48.901,btc-updown-15m-1774829700,1774830600,Up,44805772389954001846323941798115507711803280761959313342767241838745754095837,28699609518160570455168919112568591741029426949308718225055435784035660622902,0.999,,,20900.0,,,0.001,20900.0,,,,,,,66839.9
1774830469901,2026-03-30T00:27:49.901,btc-updown-15m-1774829700,1774830600,Up,44805772389954001846323941798115507711803280761959313342767241838745754095837,28699609518160570455168919112568591741029426949308718225055435784035660622902,0.999,,,20900.0,,,0.001,20900.0,,,,,,,66839.9
1774830470903,2026-03-30T00:27:50.903,btc-updown-15m-1774829700,1774830600,Up,44805772389954001846323941798115507711803280761959313342767241838745754095837,28699609518160570455168919112568591741029426949308718225055435784035660622902,0.999,,,20900.0,,,0.001,20900.0,,,,,,,66839.9
1774830471903,2026-03-30T00:27:51.903,btc-updown-15m-1774829700,1774830600,Up,44805772389954001846323941798115507711803280761959313342767241838745754095837,28699609518160570455168919112568591741029426949308718225055435784035660622902,0.999,,,20900.0,,,0.001,20900.0,,,,,,,66826.58
1774830472905,2026-03-30T00:27:52.905,btc-updown-15m-1774829700,1774830600,Up,44805772389954001846323941798115507711803280761959313342767241838745754095837,28699609518160570455168919112568591741029426949308718225055435784035660622902,0.999,,,20900.0,,,0.001,20900.0,,,,,,,66826.58
1774830473905,2026-03-30T00:27:53.905,btc-updown-15m-1774829700,1774830600,Up,44805772389954001846323941798115507711803280761959313342767241838745754095837,28699609518160570455168919112568591741029426949308718225055435784035660622902,0.999,,,20900.0,,,0.001,20900.0,,,,,,,66826.58
1774830474906,2026-03-30T00:27:54.906,btc-updown-15m-1774829700,1774830600,Up,44805772389954001846323941798115507711803280761959313342767241838745754095837,28699609518160570455168919112568591741029426949308718225055435784035660622902,0.999,,,20900.0,,,0.001,20900.0,,,,,,,66748.66
1774830475906,2026-03-30T00:27:55.906,btc-updown-15m-1774829700,1774830600,Up,44805772389954001846323941798115507711803280761959313342767241838745754095837,28699609518160570455168919112568591741029426949308718225055435784035660622902,0.999,,,20900.0,,,0.001,20900.0,,,,,,,66748.66
1774830476907,2026-03-30T00:27:56.907,btc-updown-15m-1774829700,1774830600,Up,44805772389954001846323941798115507711803280761959313342767241838745754095837,28699609518160570455168919112568591741029426949308718225055435784035660622902,0.999,,,20900.0,,,0.001,20900.0,,,,,,,66748.66
1774830477908,2026-03-30T00:27:57.908,btc-updown-15m-1774829700,1774830600,Up,44805772389954001846323941798115507711803280761959313342767241838745754095837,28699609518160570455168919112568591741029426949308718225055435784035660622902,0.999,,,20900.0,,,0.001,20900.0,,,,,,,66738.5
1774830478908,2026-03-30T00:27:58.908,btc-updown-15m-1774829700,1774830600,Up,44805772389954001846323941798115507711803280761959313342767241838745754095837,28699609518160570455168919112568591741029426949308718225055435784035660622902,0.999,,,20900.0,,,0.001,20900.0,,,,,,,66738.5
1774830479909,2026-03-30T00:27:59.909,btc-updown-15m-1774829700,1774830600,Up,44805772389954001846323941798115507711803280761959313342767241838745754095837,28699609518160570455168919112568591741029426949308718225055435784035660622902,0.999,,,20900.0,,,0.001,20900.0,,,,,,,66738.5
1774830480910,2026-03-30T00:28:00.910,btc-updown-15m-1774829700,1774830600,Up,44805772389954001846323941798115507711803280761959313342767241838745754095837,28699609518160570455168919112568591741029426949308718225055435784035660622902,0.999,,,20900.0,,,0.001,20900.0,,,,,,,66707.26
1774830481910,2026-03-30T00:28:01.910,btc-updown-15m-1774829700,1774830600,Up,44805772389954001846323941798115507711803280761959313342767241838745754095837,28699609518160570455168919112568591741029426949308718225055435784035660622902,0.999,,,20900.0,,,0.001,20900.0,,,,,,,66707.26
1774830482911,2026-03-30T00:28:02.911,btc-updown-15m-1774829700,1774830600,Up,44805772389954001846323941798115507711803280761959313342767241838745754095837,28699609518160570455168919112568591741029426949308718225055435784035660622902,0.999,,,20900.0,,,0.001,20900.0,,,,,,,66707.26
1774830483911,2026-03-30T00:28:03.911,btc-updown-15m-1774829700,1774830600,Up,44805772389954001846323941798115507711803280761959313342767241838745754095837,28699609518160570455168919112568591741029426949308718225055435784035660622902,0.999,,,20900.0,,,0.001,20900.0,,,,,,,66734.88
1774830484913,2026-03-30T00:28:04.913,btc-updown-15m-1774829700,1774830600,Up,44805772389954001846323941798115507711803280761959313342767241838745754095837,28699609518160570455168919112568591741029426949308718225055435784035660622902,0.999,,,20900.0,,,0.001,20900.0,,,,,,,66734.88
1774830485913,2026-03-30T00:28:05.913,btc-updown-15m-1774829700,1774830600,Up,44805772389954001846323941798115507711803280761959313342767241838745754095837,28699609518160570455168919112568591741029426949308718225055435784035660622902,0.999,,,20900.0,,,0.001,20900.0,,,,,,,66734.88
1774830486914,2026-03-30T00:28:06.914,btc-updown-15m-1774829700,1774830600,Up,44805772389954001846323941798115507711803280761959313342767241838745754095837,28699609518160570455168919112568591741029426949308718225055435784035660622902,0.999,,,20900.0,,,0.001,20900.0,,,,,,,66716.2
1774830487915,2026-03-30T00:28:07.915,btc-updown-15m-1774829700,1774830600,Up,44805772389954001846323941798115507711803280761959313342767241838745754095837,28699609518160570455168919112568591741029426949308718225055435784035660622902,0.999,,,20900.0,,,0.001,20900.0,,,,,,,66716.2
1774830488916,2026-03-30T00:28:08.916,btc-updown-15m-1774829700,1774830600,Up,44805772389954001846323941798115507711803280761959313342767241838745754095837,28699609518160570455168919112568591741029426949308718225055435784035660622902,0.999,,,20900.0,,,0.001,20900.0,,,,,,,66716.2
1774830489917,2026-03-30T00:28:09.917,btc-updown-15m-1774829700,1774830600,Up,44805772389954001846323941798115507711803280761959313342767241838745754095837,28699609518160570455168919112568591741029426949308718225055435784035660622902,0.999,,,20900.0,,,0.001,20900.0,,,,,,,66707.26
1774830490918,2026-03-30T00:28:10.918,btc-updown-15m-1774829700,1774830600,Up,44805772389954001846323941798115507711803280761959313342767241838745754095837,28699609518160570455168919112568591741029426949308718225055435784035660622902,0.999,,,20900.0,,,0.001,20900.0,,,,,,,66707.26
1774830491919,2026-03-30T00:28:11.919,btc-updown-15m-1774829700,1774830600,Up,44805772389954001846323941798115507711803280761959313342767241838745754095837,28699609518160570455168919112568591741029426949308718225055435784035660622902,0.999,,,20900.0,,,0.001,20900.0,,,,,,,66707.26
1774830492919,2026-03-30T00:28:12.919,btc-updown-15m-1774829700,1774830600,Up,44805772389954001846323941798115507711803280761959313342767241838745754095837,28699609518160570455168919112568591741029426949308718225055435784035660622902,0.999,,,20900.0,,,0.001,20900.0,,,,,,,66699.39
1774830493920,2026-03-30T00:28:13.920,btc-updown-15m-1774829700,1774830600,Up,44805772389954001846323941798115507711803280761959313342767241838745754095837,28699609518160570455168919112568591741029426949308718225055435784035660622902,0.999,,,20900.0,,,0.001,20900.0,,,,,,,66699.39
1774830494920,2026-03-30T00:28:14.920,btc-updown-15m-1774829700,1774830600,Up,44805772389954001846323941798115507711803280761959313342767241838745754095837,28699609518160570455168919112568591741029426949308718225055435784035660622902,0.999,,,20900.0,,,0.001,20900.0,,,,,,,66699.39
1774830495921,2026-03-30T00:28:15.921,btc-updown-15m-1774829700,1774830600,Up,44805772389954001846323941798115507711803280761959313342767241838745754095837,28699609518160570455168919112568591741029426949308718225055435784035660622902,0.999,,,20900.0,,,0.001,20900.0,,,,,,,66712.01
1774830496922,2026-03-30T00:28:16.922,btc-updown-15m-1774829700,1774830600,Up,44805772389954001846323941798115507711803280761959313342767241838745754095837,28699609518160570455168919112568591741029426949308718225055435784035660622902,0.999,,,20900.0,,,0.001,20900.0,,,,,,,66712.01
1774830497923,2026-03-30T00:28:17.923,btc-updown-15m-1774829700,1774830600,Up,44805772389954001846323941798115507711803280761959313342767241838745754095837,28699609518160570455168919112568591741029426949308718225055435784035660622902,0.999,,,20900.0,,,0.001,20900.0,,,,,,,66712.01
1774830498924,2026-03-30T00:28:18.924,btc-updown-15m-1774829700,1774830600,Up,44805772389954001846323941798115507711803280761959313342767241838745754095837,28699609518160570455168919112568591741029426949308718225055435784035660622902,0.999,,,20900.0,,,0.001,20900.0,,,,,,,66780.44
1774830499924,2026-03-30T00:28:19.924,btc-updown-15m-1774829700,1774830600,Up,44805772389954001846323941798115507711803280761959313342767241838745754095837,28699609518160570455168919112568591741029426949308718225055435784035660622902,0.999,,,20900.0,,,0.001,20900.0,,,,,,,66780.44
1774830500925,2026-03-30T00:28:20.925,btc-updown-15m-1774829700,1774830600,Up,44805772389954001846323941798115507711803280761959313342767241838745754095837,28699609518160570455168919112568591741029426949308718225055435784035660622902,0.999,,,20900.0,,,0.001,20900.0,,,,,,,66780.44
1774830501925,2026-03-30T00:28:21.925,btc-updown-15m-1774829700,1774830600,Up,44805772389954001846323941798115507711803280761959313342767241838745754095837,28699609518160570455168919112568591741029426949308718225055435784035660622902,0.999,,,20900.0,,,0.001,20900.0,,,,,,,66755.5
1774830502926,2026-03-30T00:28:22.926,btc-updown-15m-1774829700,1774830600,Up,44805772389954001846323941798115507711803280761959313342767241838745754095837,28699609518160570455168919112568591741029426949308718225055435784035660622902,0.999,,,20900.0,,,0.001,20900.0,,,,,,,66755.5
1774830503927,2026-03-30T00:28:23.927,btc-updown-15m-1774829700,1774830600,Up,44805772389954001846323941798115507711803280761959313342767241838745754095837,28699609518160570455168919112568591741029426949308718225055435784035660622902,0.999,,,20900.0,,,0.001,20900.0,,,,,,,66755.5
1774830504928,2026-03-30T00:28:24.928,btc-updown-15m-1774829700,1774830600,Up,44805772389954001846323941798115507711803280761959313342767241838745754095837,28699609518160570455168919112568591741029426949308718225055435784035660622902,0.999,,,20900.0,,,0.001,20900.0,,,,,,,66749.73
1774830505929,2026-03-30T00:28:25.929,btc-updown-15m-1774829700,1774830600,Up,44805772389954001846323941798115507711803280761959313342767241838745754095837,28699609518160570455168919112568591741029426949308718225055435784035660622902,0.999,,,20900.0,,,0.001,20900.0,,,,,,,66749.73
1774830506929,2026-03-30T00:28:26.929,btc-updown-15m-1774829700,1774830600,Up,44805772389954001846323941798115507711803280761959313342767241838745754095837,28699609518160570455168919112568591741029426949308718225055435784035660622902,0.999,,,20900.0,,,0.001,20900.0,,,,,,,66749.73
1774830507930,2026-03-30T00:28:27.930,btc-updown-15m-1774829700,1774830600,Up,44805772389954001846323941798115507711803280761959313342767241838745754095837,28699609518160570455168919112568591741029426949308718225055435784035660622902,0.999,,,44775.74,,,0.001,44775.74,,,,,,,66732.0
1774830508930,2026-03-30T00:28:28.930,btc-updown-15m-1774829700,1774830600,Up,44805772389954001846323941798115507711803280761959313342767241838745754095837,28699609518160570455168919112568591741029426949308718225055435784035660622902,0.999,,,44775.74,,,0.001,44775.74,,,,,,,66732.0
1774830509932,2026-03-30T00:28:29.932,btc-updown-15m-1774829700,1774830600,Up,44805772389954001846323941798115507711803280761959313342767241838745754095837,28699609518160570455168919112568591741029426949308718225055435784035660622902,0.999,,,44775.74,,,0.001,44775.74,,,,,,,66732.0
1774830510933,2026-03-30T00:28:30.933,btc-updown-15m-1774829700,1774830600,Up,44805772389954001846323941798115507711803280761959313342767241838745754095837,28699609518160570455168919112568591741029426949308718225055435784035660622902,0.999,,,44775.74,,,0.001,44775.74,,,,,,,66716.35
1774830511934,2026-03-30T00:28:31.934,btc-updown-15m-1774829700,1774830600,Up,44805772389954001846323941798115507711803280761959313342767241838745754095837,28699609518160570455168919112568591741029426949308718225055435784035660622902,0.999,,,44775.74,,,0.001,44775.74,,,,,,,66716.35
1774830512934,2026-03-30T00:28:32.934,btc-updown-15m-1774829700,1774830600,Up,44805772389954001846323941798115507711803280761959313342767241838745754095837,28699609518160570455168919112568591741029426949308718225055435784035660622902,0.999,,,44775.74,,,0.001,44775.74,,,,,,,66716.35
1774830513935,2026-03-30T00:28:33.935,btc-updown-15m-1774829700,1774830600,Up,44805772389954001846323941798115507711803280761959313342767241838745754095837,28699609518160570455168919112568591741029426949308718225055435784035660622902,0.999,,,44775.74,,,0.001,44775.74,,,,,,,66717.36
1774830514936,2026-03-30T00:28:34.936,btc-updown-15m-1774829700,1774830600,Up,44805772389954001846323941798115507711803280761959313342767241838745754095837,28699609518160570455168919112568591741029426949308718225055435784035660622902,0.999,,,44775.74,,,0.001,44775.74,,,,,,,66717.36
1774830515937,2026-03-30T00:28:35.937,btc-updown-15m-1774829700,1774830600,Up,44805772389954001846323941798115507711803280761959313342767241838745754095837,28699609518160570455168919112568591741029426949308718225055435784035660622902,0.999,,,44775.74,,,0.001,44775.74,,,,,,,66717.36
1774830516937,2026-03-30T00:28:36.937,btc-updown-15m-1774829700,1774830600,Up,44805772389954001846323941798115507711803280761959313342767241838745754095837,28699609518160570455168919112568591741029426949308718225055435784035660622902,0.999,,,44775.74,,,0.001,44775.74,,,,,,,66717.67
1774830517938,2026-03-30T00:28:37.938,btc-updown-15m-1774829700,1774830600,Up,44805772389954001846323941798115507711803280761959313342767241838745754095837,28699609518160570455168919112568591741029426949308718225055435784035660622902,0.999,,,44775.74,,,0.001,44775.74,,,,,,,66717.67
1774830518938,2026-03-30T00:28:38.938,btc-updown-15m-1774829700,1774830600,Up,44805772389954001846323941798115507711803280761959313342767241838745754095837,28699609518160570455168919112568591741029426949308718225055435784035660622902,0.999,,,44775.74,,,0.001,44775.74,,,,,,,66717.67
1774830519939,2026-03-30T00:28:39.939,btc-updown-15m-1774829700,1774830600,Up,44805772389954001846323941798115507711803280761959313342767241838745754095837,28699609518160570455168919112568591741029426949308718225055435784035660622902,0.999,,,44775.74,,,0.001,44775.74,,,,,,,66700.35
1774830520940,2026-03-30T00:28:40.940,btc-updown-15m-1774829700,1774830600,Up,44805772389954001846323941798115507711803280761959313342767241838745754095837,28699609518160570455168919112568591741029426949308718225055435784035660622902,0.999,,,44775.74,,,0.001,44775.74,,,,,,,66700.35
1774830521942,2026-03-30T00:28:41.942,btc-updown-15m-1774829700,1774830600,Up,44805772389954001846323941798115507711803280761959313342767241838745754095837,28699609518160570455168919112568591741029426949308718225055435784035660622902,0.999,,,44775.74,,,0.001,44775.74,,,,,,,66700.35
1774830522943,2026-03-30T00:28:42.943,btc-updown-15m-1774829700,1774830600,Up,44805772389954001846323941798115507711803280761959313342767241838745754095837,28699609518160570455168919112568591741029426949308718225055435784035660622902,0.999,,,44775.74,,,0.001,44775.74,,,,,,,66697.73
1774830523944,2026-03-30T00:28:43.944,btc-updown-15m-1774829700,1774830600,Up,44805772389954001846323941798115507711803280761959313342767241838745754095837,28699609518160570455168919112568591741029426949308718225055435784035660622902,0.999,,,44775.74,,,0.001,44775.74,,,,,,,66697.73
1774830524945,2026-03-30T00:28:44.945,btc-updown-15m-1774829700,1774830600,Up,44805772389954001846323941798115507711803280761959313342767241838745754095837,28699609518160570455168919112568591741029426949308718225055435784035660622902,0.999,,,44775.74,,,0.001,44775.74,,,,,,,66697.73
1774830525946,2026-03-30T00:28:45.946,btc-updown-15m-1774829700,1774830600,Up,44805772389954001846323941798115507711803280761959313342767241838745754095837,28699609518160570455168919112568591741029426949308718225055435784035660622902,0.999,,,44775.74,,,0.001,44775.74,,,,,,,66672.0
1774830526946,2026-03-30T00:28:46.946,btc-updown-15m-1774829700,1774830600,Up,44805772389954001846323941798115507711803280761959313342767241838745754095837,28699609518160570455168919112568591741029426949308718225055435784035660622902,0.999,,,44775.74,,,0.001,44775.74,,,,,,,66672.0
1774830527947,2026-03-30T00:28:47.947,btc-updown-15m-1774829700,1774830600,Up,44805772389954001846323941798115507711803280761959313342767241838745754095837,28699609518160570455168919112568591741029426949308718225055435784035660622902,0.999,,,55783.75,,,0.001,55783.75,,,,,,,66672.0
1774830528948,2026-03-30T00:28:48.948,btc-updown-15m-1774829700,1774830600,Up,44805772389954001846323941798115507711803280761959313342767241838745754095837,28699609518160570455168919112568591741029426949308718225055435784035660622902,0.999,,,55783.75,,,0.001,55783.75,,,,,,,66656.61
1774830529949,2026-03-30T00:28:49.949,btc-updown-15m-1774829700,1774830600,Up,44805772389954001846323941798115507711803280761959313342767241838745754095837,28699609518160570455168919112568591741029426949308718225055435784035660622902,0.999,,,55749.85,,,0.001,55749.85,,,,,,,66656.61
1774830530950,2026-03-30T00:28:50.950,btc-updown-15m-1774829700,1774830600,Up,44805772389954001846323941798115507711803280761959313342767241838745754095837,28699609518160570455168919112568591741029426949308718225055435784035660622902,0.999,,,55749.85,,,0.001,55749.85,,,,,,,66656.61
1774830531950,2026-03-30T00:28:51.950,btc-updown-15m-1774829700,1774830600,Up,44805772389954001846323941798115507711803280761959313342767241838745754095837,28699609518160570455168919112568591741029426949308718225055435784035660622902,0.999,,,55749.85,,,0.001,55749.85,,,,,,,66658.06
1774830532952,2026-03-30T00:28:52.952,btc-updown-15m-1774829700,1774830600,Up,44805772389954001846323941798115507711803280761959313342767241838745754095837,28699609518160570455168919112568591741029426949308718225055435784035660622902,0.999,,,55749.85,,,0.001,55749.85,,,,,,,66658.06
1774830533953,2026-03-30T00:28:53.953,btc-updown-15m-1774829700,1774830600,Up,44805772389954001846323941798115507711803280761959313342767241838745754095837,28699609518160570455168919112568591741029426949308718225055435784035660622902,0.999,,,55749.85,,,0.001,55749.85,,,,,,,66658.06
1774830534953,2026-03-30T00:28:54.953,btc-updown-15m-1774829700,1774830600,Up,44805772389954001846323941798115507711803280761959313342767241838745754095837,28699609518160570455168919112568591741029426949308718225055435784035660622902,0.999,,,55749.85,,,0.001,55749.85,,,,,,,66653.19
1774830535954,2026-03-30T00:28:55.954,btc-updown-15m-1774829700,1774830600,Up,44805772389954001846323941798115507711803280761959313342767241838745754095837,28699609518160570455168919112568591741029426949308718225055435784035660622902,0.999,,,55749.85,,,0.001,55749.85,,,,,,,66653.19
1774830536955,2026-03-30T00:28:56.955,btc-updown-15m-1774829700,1774830600,Up,44805772389954001846323941798115507711803280761959313342767241838745754095837,28699609518160570455168919112568591741029426949308718225055435784035660622902,0.999,,,55749.85,,,0.001,55749.85,,,,,,,66653.19
1774830537956,2026-03-30T00:28:57.956,btc-updown-15m-1774829700,1774830600,Up,44805772389954001846323941798115507711803280761959313342767241838745754095837,28699609518160570455168919112568591741029426949308718225055435784035660622902,0.999,,,55749.85,,,0.001,55749.85,,,,,,,66653.19
1774830538957,2026-03-30T00:28:58.957,btc-updown-15m-1774829700,1774830600,Up,44805772389954001846323941798115507711803280761959313342767241838745754095837,28699609518160570455168919112568591741029426949308718225055435784035660622902,0.999,,,55749.85,,,0.001,55749.85,,,,,,,66653.19
1774830539957,2026-03-30T00:28:59.957,btc-updown-15m-1774829700,1774830600,Up,44805772389954001846323941798115507711803280761959313342767241838745754095837,28699609518160570455168919112568591741029426949308718225055435784035660622902,0.999,,,55749.85,,,0.001,55749.85,,,,,,,66653.19
1774830540958,2026-03-30T00:29:00.958,btc-updown-15m-1774829700,1774830600,Up,44805772389954001846323941798115507711803280761959313342767241838745754095837,28699609518160570455168919112568591741029426949308718225055435784035660622902,0.999,,,55749.85,,,0.001,55749.85,,,,,,,66657.53
1774830541959,2026-03-30T00:29:01.959,btc-updown-15m-1774829700,1774830600,Up,44805772389954001846323941798115507711803280761959313342767241838745754095837,28699609518160570455168919112568591741029426949308718225055435784035660622902,0.999,,,55749.85,,,0.001,55749.85,,,,,,,66657.53
1774830542960,2026-03-30T00:29:02.960,btc-updown-15m-1774829700,1774830600,Up,44805772389954001846323941798115507711803280761959313342767241838745754095837,28699609518160570455168919112568591741029426949308718225055435784035660622902,0.999,,,55749.85,,,0.001,55749.85,,,,,,,66657.53
1774830543961,2026-03-30T00:29:03.961,btc-updown-15m-1774829700,1774830600,Up,44805772389954001846323941798115507711803280761959313342767241838745754095837,28699609518160570455168919112568591741029426949308718225055435784035660622902,0.999,,,55749.85,,,0.001,55749.85,,,,,,,66666.78
1774830544962,2026-03-30T00:29:04.962,btc-updown-15m-1774829700,1774830600,Up,44805772389954001846323941798115507711803280761959313342767241838745754095837,28699609518160570455168919112568591741029426949308718225055435784035660622902,0.999,,,55749.85,,,0.001,55749.85,,,,,,,66666.78
1774830545964,2026-03-30T00:29:05.964,btc-updown-15m-1774829700,1774830600,Up,44805772389954001846323941798115507711803280761959313342767241838745754095837,28699609518160570455168919112568591741029426949308718225055435784035660622902,0.999,,,55749.85,,,0.001,55749.85,,,,,,,66666.78
1774830546965,2026-03-30T00:29:06.965,btc-updown-15m-1774829700,1774830600,Up,44805772389954001846323941798115507711803280761959313342767241838745754095837,28699609518160570455168919112568591741029426949308718225055435784035660622902,0.999,,,55749.85,,,0.001,55749.85,,,,,,,66632.38
1774830547965,2026-03-30T00:29:07.965,btc-updown-15m-1774829700,1774830600,Up,44805772389954001846323941798115507711803280761959313342767241838745754095837,28699609518160570455168919112568591741029426949308718225055435784035660622902,0.999,,,55749.85,,,0.001,55749.85,,,,,,,66632.38
1774830548965,2026-03-30T00:29:08.965,btc-updown-15m-1774829700,1774830600,Up,44805772389954001846323941798115507711803280761959313342767241838745754095837,28699609518160570455168919112568591741029426949308718225055435784035660622902,0.999,,,55749.85,,,0.001,55749.85,,,,,,,66632.38
1774830549965,2026-03-30T00:29:09.965,btc-updown-15m-1774829700,1774830600,Up,44805772389954001846323941798115507711803280761959313342767241838745754095837,28699609518160570455168919112568591741029426949308718225055435784035660622902,0.999,,,55749.85,,,0.001,55749.85,,,,,,,66601.31
1774830550966,2026-03-30T00:29:10.966,btc-updown-15m-1774829700,1774830600,Up,44805772389954001846323941798115507711803280761959313342767241838745754095837,28699609518160570455168919112568591741029426949308718225055435784035660622902,0.999,,,55749.85,,,0.001,55749.85,,,,,,,66601.31
1774830551967,2026-03-30T00:29:11.967,btc-updown-15m-1774829700,1774830600,Up,44805772389954001846323941798115507711803280761959313342767241838745754095837,28699609518160570455168919112568591741029426949308718225055435784035660622902,0.999,,,55749.85,,,0.001,55749.85,,,,,,,66601.31
1774830552968,2026-03-30T00:29:12.968,btc-updown-15m-1774829700,1774830600,Up,44805772389954001846323941798115507711803280761959313342767241838745754095837,28699609518160570455168919112568591741029426949308718225055435784035660622902,0.999,,,55749.85,,,0.001,55749.85,,,,,,,66611.69
1774830553969,2026-03-30T00:29:13.969,btc-updown-15m-1774829700,1774830600,Up,44805772389954001846323941798115507711803280761959313342767241838745754095837,28699609518160570455168919112568591741029426949308718225055435784035660622902,0.999,,,55749.85,,,0.001,55749.85,,,,,,,66611.69
1774830554970,2026-03-30T00:29:14.970,btc-updown-15m-1774829700,1774830600,Up,44805772389954001846323941798115507711803280761959313342767241838745754095837,28699609518160570455168919112568591741029426949308718225055435784035660622902,0.999,,,55749.85,,,0.001,55749.85,,,,,,,66611.69
1774830555971,2026-03-30T00:29:15.971,btc-updown-15m-1774829700,1774830600,Up,44805772389954001846323941798115507711803280761959313342767241838745754095837,28699609518160570455168919112568591741029426949308718225055435784035660622902,0.999,,,55749.85,,,0.001,55749.85,,,,,,,66612.42
1774830556971,2026-03-30T00:29:16.971,btc-updown-15m-1774829700,1774830600,Up,44805772389954001846323941798115507711803280761959313342767241838745754095837,28699609518160570455168919112568591741029426949308718225055435784035660622902,0.999,,,55749.85,,,0.001,55749.85,,,,,,,66612.42
1774830557972,2026-03-30T00:29:17.972,btc-updown-15m-1774829700,1774830600,Up,44805772389954001846323941798115507711803280761959313342767241838745754095837,28699609518160570455168919112568591741029426949308718225055435784035660622902,0.999,,,55749.85,,,0.001,55749.85,,,,,,,66612.42
1774830558972,2026-03-30T00:29:18.972,btc-updown-15m-1774829700,1774830600,Up,44805772389954001846323941798115507711803280761959313342767241838745754095837,28699609518160570455168919112568591741029426949308718225055435784035660622902,0.999,,,56365.71,,,0.001,56365.71,,,,,,,66606.45
1774830559974,2026-03-30T00:29:19.974,btc-updown-15m-1774829700,1774830600,Up,44805772389954001846323941798115507711803280761959313342767241838745754095837,28699609518160570455168919112568591741029426949308718225055435784035660622902,0.999,,,56365.71,,,0.001,56365.71,,,,,,,66606.45
1774830560974,2026-03-30T00:29:20.974,btc-updown-15m-1774829700,1774830600,Up,44805772389954001846323941798115507711803280761959313342767241838745754095837,28699609518160570455168919112568591741029426949308718225055435784035660622902,0.999,,,56365.71,,,0.001,56365.71,,,,,,,66606.45
1774830561975,2026-03-30T00:29:21.975,btc-updown-15m-1774829700,1774830600,Up,44805772389954001846323941798115507711803280761959313342767241838745754095837,28699609518160570455168919112568591741029426949308718225055435784035660622902,0.999,,,56365.71,,,0.001,56365.71,,,,,,,66608.02
1774830562976,2026-03-30T00:29:22.976,btc-updown-15m-1774829700,1774830600,Up,44805772389954001846323941798115507711803280761959313342767241838745754095837,28699609518160570455168919112568591741029426949308718225055435784035660622902,0.999,,,56365.71,,,0.001,56365.71,,,,,,,66608.02
1774830563977,2026-03-30T00:29:23.977,btc-updown-15m-1774829700,1774830600,Up,44805772389954001846323941798115507711803280761959313342767241838745754095837,28699609518160570455168919112568591741029426949308718225055435784035660622902,0.999,,,56365.71,,,0.001,56365.71,,,,,,,66608.02
1774830564979,2026-03-30T00:29:24.979,btc-updown-15m-1774829700,1774830600,Up,44805772389954001846323941798115507711803280761959313342767241838745754095837,28699609518160570455168919112568591741029426949308718225055435784035660622902,0.999,,,56365.71,,,0.001,56365.71,,,,,,,66615.9
1774830565979,2026-03-30T00:29:25.979,btc-updown-15m-1774829700,1774830600,Up,44805772389954001846323941798115507711803280761959313342767241838745754095837,28699609518160570455168919112568591741029426949308718225055435784035660622902,0.999,,,56365.71,,,0.001,56365.71,,,,,,,66615.9
1774830566980,2026-03-30T00:29:26.980,btc-updown-15m-1774829700,1774830600,Up,44805772389954001846323941798115507711803280761959313342767241838745754095837,28699609518160570455168919112568591741029426949308718225055435784035660622902,0.999,,,56365.71,,,0.001,56365.71,,,,,,,66615.9
1774830567981,2026-03-30T00:29:27.981,btc-updown-15m-1774829700,1774830600,Up,44805772389954001846323941798115507711803280761959313342767241838745754095837,28699609518160570455168919112568591741029426949308718225055435784035660622902,0.999,,,56365.71,,,0.001,56365.71,,,,,,,66593.35
1774830568981,2026-03-30T00:29:28.981,btc-updown-15m-1774829700,1774830600,Up,44805772389954001846323941798115507711803280761959313342767241838745754095837,28699609518160570455168919112568591741029426949308718225055435784035660622902,0.999,,,56365.71,,,0.001,56365.71,,,,,,,66593.35
1774830569982,2026-03-30T00:29:29.982,btc-updown-15m-1774829700,1774830600,Up,44805772389954001846323941798115507711803280761959313342767241838745754095837,28699609518160570455168919112568591741029426949308718225055435784035660622902,0.999,,,56365.71,,,0.001,56365.71,,,,,,,66593.35
1774830570983,2026-03-30T00:29:30.983,btc-updown-15m-1774829700,1774830600,Up,44805772389954001846323941798115507711803280761959313342767241838745754095837,28699609518160570455168919112568591741029426949308718225055435784035660622902,0.999,,,56352.67,,,0.001,56352.67,,,,,,,66584.45
1774830571984,2026-03-30T00:29:31.984,btc-updown-15m-1774829700,1774830600,Up,44805772389954001846323941798115507711803280761959313342767241838745754095837,28699609518160570455168919112568591741029426949308718225055435784035660622902,0.999,,,56352.67,,,0.001,56352.67,,,,,,,66584.45
1774830572986,2026-03-30T00:29:32.986,btc-updown-15m-1774829700,1774830600,Up,44805772389954001846323941798115507711803280761959313342767241838745754095837,28699609518160570455168919112568591741029426949308718225055435784035660622902,0.999,,,56352.67,,,0.001,56352.67,,,,,,,66584.45
1774830573986,2026-03-30T00:29:33.986,btc-updown-15m-1774829700,1774830600,Up,44805772389954001846323941798115507711803280761959313342767241838745754095837,28699609518160570455168919112568591741029426949308718225055435784035660622902,0.999,,,56352.67,,,0.001,56352.67,,,,,,,66584.95
1774830574987,2026-03-30T00:29:34.987,btc-updown-15m-1774829700,1774830600,Up,44805772389954001846323941798115507711803280761959313342767241838745754095837,28699609518160570455168919112568591741029426949308718225055435784035660622902,0.999,,,56352.67,,,0.001,56352.67,,,,,,,66584.95
1774830575988,2026-03-30T00:29:35.988,btc-updown-15m-1774829700,1774830600,Up,44805772389954001846323941798115507711803280761959313342767241838745754095837,28699609518160570455168919112568591741029426949308718225055435784035660622902,0.999,,,56352.67,,,0.001,56352.67,,,,,,,66584.95
1774830576989,2026-03-30T00:29:36.989,btc-updown-15m-1774829700,1774830600,Up,44805772389954001846323941798115507711803280761959313342767241838745754095837,28699609518160570455168919112568591741029426949308718225055435784035660622902,0.999,,,56352.67,,,0.001,56352.67,,,,,,,66596.07
1774830577990,2026-03-30T00:29:37.990,btc-updown-15m-1774829700,1774830600,Up,44805772389954001846323941798115507711803280761959313342767241838745754095837,28699609518160570455168919112568591741029426949308718225055435784035660622902,0.999,,,56352.67,,,0.001,56352.67,,,,,,,66596.07
1774830578990,2026-03-30T00:29:38.990,btc-updown-15m-1774829700,1774830600,Up,44805772389954001846323941798115507711803280761959313342767241838745754095837,28699609518160570455168919112568591741029426949308718225055435784035660622902,0.999,,,56352.67,,,0.001,56352.67,,,,,,,66596.07
1774830579990,2026-03-30T00:29:39.990,btc-updown-15m-1774829700,1774830600,Up,44805772389954001846323941798115507711803280761959313342767241838745754095837,28699609518160570455168919112568591741029426949308718225055435784035660622902,0.999,,,56352.67,,,0.001,56352.67,,,,,,,66608.01
1774830580992,2026-03-30T00:29:40.992,btc-updown-15m-1774829700,1774830600,Up,44805772389954001846323941798115507711803280761959313342767241838745754095837,28699609518160570455168919112568591741029426949308718225055435784035660622902,0.999,,,56352.67,,,0.001,56352.67,,,,,,,66608.01
1774830581993,2026-03-30T00:29:41.993,btc-updown-15m-1774829700,1774830600,Up,44805772389954001846323941798115507711803280761959313342767241838745754095837,28699609518160570455168919112568591741029426949308718225055435784035660622902,0.999,,,56352.67,,,0.001,56352.67,,,,,,,66608.01
1774830582993,2026-03-30T00:29:42.993,btc-updown-15m-1774829700,1774830600,Up,44805772389954001846323941798115507711803280761959313342767241838745754095837,28699609518160570455168919112568591741029426949308718225055435784035660622902,0.999,,,56352.67,,,0.001,56352.67,,,,,,,66608.0
1774830583994,2026-03-30T00:29:43.994,btc-updown-15m-1774829700,1774830600,Up,44805772389954001846323941798115507711803280761959313342767241838745754095837,28699609518160570455168919112568591741029426949308718225055435784035660622902,0.999,,,56352.67,,,0.001,56352.67,,,,,,,66608.0
1774830584995,2026-03-30T00:29:44.995,btc-updown-15m-1774829700,1774830600,Up,44805772389954001846323941798115507711803280761959313342767241838745754095837,28699609518160570455168919112568591741029426949308718225055435784035660622902,0.999,,,56352.03,,,0.001,56352.03,,,,,,,66608.0
1774830585996,2026-03-30T00:29:45.996,btc-updown-15m-1774829700,1774830600,Up,44805772389954001846323941798115507711803280761959313342767241838745754095837,28699609518160570455168919112568591741029426949308718225055435784035660622902,0.999,,,56352.03,,,0.001,56352.03,,,,,,,66604.01
1774830586998,2026-03-30T00:29:46.998,btc-updown-15m-1774829700,1774830600,Up,44805772389954001846323941798115507711803280761959313342767241838745754095837,28699609518160570455168919112568591741029426949308718225055435784035660622902,0.999,,,56342.02,,,0.001,56342.02,,,,,,,66604.01
1774830587998,2026-03-30T00:29:47.998,btc-updown-15m-1774829700,1774830600,Up,44805772389954001846323941798115507711803280761959313342767241838745754095837,28699609518160570455168919112568591741029426949308718225055435784035660622902,0.999,,,56342.02,,,0.001,56342.02,,,,,,,66604.01
1774830589000,2026-03-30T00:29:49.000,btc-updown-15m-1774829700,1774830600,Up,44805772389954001846323941798115507711803280761959313342767241838745754095837,28699609518160570455168919112568591741029426949308718225055435784035660622902,0.999,,,56342.02,,,0.001,56342.02,,,,,,,66582.42
1774830590002,2026-03-30T00:29:50.002,btc-updown-15m-1774829700,1774830600,Up,44805772389954001846323941798115507711803280761959313342767241838745754095837,28699609518160570455168919112568591741029426949308718225055435784035660622902,0.999,,,56342.02,,,0.001,56342.02,,,,,,,66582.42
1774830591002,2026-03-30T00:29:51.002,btc-updown-15m-1774829700,1774830600,Up,44805772389954001846323941798115507711803280761959313342767241838745754095837,28699609518160570455168919112568591741029426949308718225055435784035660622902,0.999,,,56342.02,,,0.001,56342.02,,,,,,,66582.42
1774830592004,2026-03-30T00:29:52.004,btc-updown-15m-1774829700,1774830600,Up,44805772389954001846323941798115507711803280761959313342767241838745754095837,28699609518160570455168919112568591741029426949308718225055435784035660622902,0.999,,,56342.02,,,0.001,56342.02,,,,,,,66578.62
1774830593004,2026-03-30T00:29:53.004,btc-updown-15m-1774829700,1774830600,Up,44805772389954001846323941798115507711803280761959313342767241838745754095837,28699609518160570455168919112568591741029426949308718225055435784035660622902,0.999,,,56342.02,,,0.001,56342.02,,,,,,,66578.62
1774830594005,2026-03-30T00:29:54.005,btc-updown-15m-1774829700,1774830600,Up,44805772389954001846323941798115507711803280761959313342767241838745754095837,28699609518160570455168919112568591741029426949308718225055435784035660622902,0.999,,,56342.02,,,0.001,56342.02,,,,,,,66578.62
1774830595005,2026-03-30T00:29:55.005,btc-updown-15m-1774829700,1774830600,Up,44805772389954001846323941798115507711803280761959313342767241838745754095837,28699609518160570455168919112568591741029426949308718225055435784035660622902,0.999,,,56342.02,,,0.001,56342.02,,,,,,,66578.63
1774830596006,2026-03-30T00:29:56.006,btc-updown-15m-1774829700,1774830600,Up,44805772389954001846323941798115507711803280761959313342767241838745754095837,28699609518160570455168919112568591741029426949308718225055435784035660622902,0.999,,,56342.02,,,0.001,56342.02,,,,,,,66578.63
1774830597007,2026-03-30T00:29:57.007,btc-updown-15m-1774829700,1774830600,Up,44805772389954001846323941798115507711803280761959313342767241838745754095837,28699609518160570455168919112568591741029426949308718225055435784035660622902,0.999,,,56342.02,,,0.001,56342.02,,,,,,,66578.63
1774830598008,2026-03-30T00:29:58.008,btc-updown-15m-1774829700,1774830600,Up,44805772389954001846323941798115507711803280761959313342767241838745754095837,28699609518160570455168919112568591741029426949308718225055435784035660622902,0.999,,,56342.02,,,0.001,56342.02,,,,,,,66574.22
1774830599009,2026-03-30T00:29:59.009,btc-updown-15m-1774829700,1774830600,Up,44805772389954001846323941798115507711803280761959313342767241838745754095837,28699609518160570455168919112568591741029426949308718225055435784035660622902,0.999,,,56342.02,,,0.001,56342.02,,,,,,,66574.22
1774830600010,2026-03-30T00:30:00.010,btc-updown-15m-1774829700,1774830600,Up,44805772389954001846323941798115507711803280761959313342767241838745754095837,28699609518160570455168919112568591741029426949308718225055435784035660622902,0.999,,,56342.02,,,0.001,56342.02,,,,,,,66574.22
1774830600010,2026-03-30T00:30:00.010,btc-updown-15m-1774830600,1774831500,Down,14950080267091814648629348312648578837893192629270890535864656942760220614164,98320144586267452423381508451461032375886669702412152214861693903623550575181,0.44,0.47,202.84,17.0,0.03,0.53,0.56,17.0,202.84,0.03,0.455,0.545,0.077329,0.922671,66574.22
1774830601010,2026-03-30T00:30:01.010,btc-updown-15m-1774830600,1774831500,Down,14950080267091814648629348312648578837893192629270890535864656942760220614164,98320144586267452423381508451461032375886669702412152214861693903623550575181,0.46,0.47,210.71,8.14,0.01,0.53,0.54,8.14,210.71,0.01,0.465,0.535,0.037194,0.962806,66574.21
1774830602011,2026-03-30T00:30:02.011,btc-updown-15m-1774830600,1774831500,Down,14950080267091814648629348312648578837893192629270890535864656942760220614164,98320144586267452423381508451461032375886669702412152214861693903623550575181,0.45,0.46,22.66,173.82,0.01,0.54,0.55,173.82,22.66,0.01,0.455,0.545,0.88467,0.11533,66574.21
1774830603012,2026-03-30T00:30:03.012,btc-updown-15m-1774830600,1774831500,Down,14950080267091814648629348312648578837893192629270890535864656942760220614164,98320144586267452423381508451461032375886669702412152214861693903623550575181,0.46,0.48,344.52,152.08,0.02,0.52,0.54,152.08,344.52,0.02,0.47,0.53,0.306242,0.693758,66574.21
1774830604013,2026-03-30T00:30:04.013,btc-updown-15m-1774830600,1774831500,Down,14950080267091814648629348312648578837893192629270890535864656942760220614164,98320144586267452423381508451461032375886669702412152214861693903623550575181,0.47,0.48,321.68,48.87,0.01,0.52,0.53,48.87,321.68,0.01,0.475,0.525,0.131885,0.868115,66581.39
1774830605014,2026-03-30T00:30:05.014,btc-updown-15m-1774830600,1774831500,Down,14950080267091814648629348312648578837893192629270890535864656942760220614164,98320144586267452423381508451461032375886669702412152214861693903623550575181,0.47,0.48,471.24,75.93,0.01,0.52,0.53,75.93,471.24,0.01,0.475,0.525,0.138769,0.861231,66581.39
1774830606015,2026-03-30T00:30:06.015,btc-updown-15m-1774830600,1774831500,Down,14950080267091814648629348312648578837893192629270890535864656942760220614164,98320144586267452423381508451461032375886669702412152214861693903623550575181,0.47,0.48,64.54,514.0,0.01,0.52,0.53,514.0,64.54,0.01,0.475,0.525,0.888443,0.111557,66581.39
1774830607016,2026-03-30T00:30:07.016,btc-updown-15m-1774830600,1774831500,Down,14950080267091814648629348312648578837893192629270890535864656942760220614164,98320144586267452423381508451461032375886669702412152214861693903623550575181,0.47,0.48,92.04,78.84,0.01,0.52,0.53,78.84,92.04,0.01,0.475,0.525,0.461376,0.538624,66581.38
1774830608016,2026-03-30T00:30:08.016,btc-updown-15m-1774830600,1774831500,Down,14950080267091814648629348312648578837893192629270890535864656942760220614164,98320144586267452423381508451461032375886669702412152214861693903623550575181,0.46,0.47,30.0,98.27,0.01,0.53,0.54,98.27,30.0,0.01,0.465,0.535,0.766118,0.233882,66581.38
1774830609017,2026-03-30T00:30:09.017,btc-updown-15m-1774830600,1774831500,Down,14950080267091814648629348312648578837893192629270890535864656942760220614164,98320144586267452423381508451461032375886669702412152214861693903623550575181,0.47,0.48,89.21,20.42,0.01,0.52,0.53,20.42,89.21,0.01,0.475,0.525,0.186263,0.813737,66581.38
1774830610018,2026-03-30T00:30:10.018,btc-updown-15m-1774830600,1774831500,Down,14950080267091814648629348312648578837893192629270890535864656942760220614164,98320144586267452423381508451461032375886669702412152214861693903623550575181,0.47,0.5,136.52,230.0,0.03,0.5,0.53,230.0,136.52,0.03,0.485,0.515,0.627524,0.372476,66584.44
1774830611018,2026-03-30T00:30:11.018,btc-updown-15m-1774830600,1774831500,Down,14950080267091814648629348312648578837893192629270890535864656942760220614164,98320144586267452423381508451461032375886669702412152214861693903623550575181,0.49,0.5,131.52,299.13,0.01,0.5,0.51,299.13,131.52,0.01,0.495,0.505,0.694601,0.305399,66584.44
1774830612019,2026-03-30T00:30:12.019,btc-updown-15m-1774830600,1774831500,Down,14950080267091814648629348312648578837893192629270890535864656942760220614164,98320144586267452423381508451461032375886669702412152214861693903623550575181,0.5,0.52,182.74,500.2,0.02,0.48,0.5,500.2,182.74,0.02,0.51,0.49,0.732422,0.267578,66584.44
1774830613019,2026-03-30T00:30:13.019,btc-updown-15m-1774830600,1774831500,Down,14950080267091814648629348312648578837893192629270890535864656942760220614164,98320144586267452423381508451461032375886669702412152214861693903623550575181,0.5,0.51,1323.5,3.88,0.01,0.49,0.5,3.88,1323.5,0.01,0.505,0.495,0.002923,0.997077,66592.66
1774830614020,2026-03-30T00:30:14.020,btc-updown-15m-1774830600,1774831500,Down,14950080267091814648629348312648578837893192629270890535864656942760220614164,98320144586267452423381508451461032375886669702412152214861693903623550575181,0.49,0.51,1179.89,361.52,0.02,0.49,0.51,361.52,1179.89,0.02,0.5,0.5,0.234539,0.765461,66592.66
1774830615020,2026-03-30T00:30:15.020,btc-updown-15m-1774830600,1774831500,Down,14950080267091814648629348312648578837893192629270890535864656942760220614164,98320144586267452423381508451461032375886669702412152214861693903623550575181,0.49,0.5,86.68,560.02,0.01,0.5,0.51,560.02,86.68,0.01,0.495,0.505,0.865966,0.134034,66592.66
1774830616022,2026-03-30T00:30:16.022,btc-updown-15m-1774830600,1774831500,Down,14950080267091814648629348312648578837893192629270890535864656942760220614164,98320144586267452423381508451461032375886669702412152214861693903623550575181,0.5,0.51,164.07,33.27,0.01,0.49,0.5,33.27,164.07,0.01,0.505,0.495,0.168592,0.831408,66604.01
1774830617022,2026-03-30T00:30:17.022,btc-updown-15m-1774830600,1774831500,Down,14950080267091814648629348312648578837893192629270890535864656942760220614164,98320144586267452423381508451461032375886669702412152214861693903623550575181,0.49,0.51,262.57,181.29,0.02,0.49,0.51,181.29,262.57,0.02,0.5,0.5,0.40844,0.59156,66604.01
1774830618023,2026-03-30T00:30:18.023,btc-updown-15m-1774830600,1774831500,Down,14950080267091814648629348312648578837893192629270890535864656942760220614164,98320144586267452423381508451461032375886669702412152214861693903623550575181,0.48,0.49,37.0,409.0,0.01,0.51,0.52,409.0,37.0,0.01,0.485,0.515,0.91704,0.08296,66604.01
1774830619024,2026-03-30T00:30:19.024,btc-updown-15m-1774830600,1774831500,Down,14950080267091814648629348312648578837893192629270890535864656942760220614164,98320144586267452423381508451461032375886669702412152214861693903623550575181,0.49,0.5,10.0,12.3,0.01,0.5,0.51,12.3,10.0,0.01,0.495,0.505,0.55157,0.44843,66607.99
1774830620025,2026-03-30T00:30:20.025,btc-updown-15m-1774830600,1774831500,Down,14950080267091814648629348312648578837893192629270890535864656942760220614164,98320144586267452423381508451461032375886669702412152214861693903623550575181,0.49,0.5,56.64,20.0,0.01,0.5,0.51,20.0,56.64,0.01,0.495,0.505,0.26096,0.73904,66607.99
1774830621026,2026-03-30T00:30:21.026,btc-updown-15m-1774830600,1774831500,Down,14950080267091814648629348312648578837893192629270890535864656942760220614164,98320144586267452423381508451461032375886669702412152214861693903623550575181,0.49,0.51,17.29,1512.18,0.02,0.49,0.51,1512.18,17.29,0.02,0.5,0.5,0.988695,0.011305,66607.99
1774830622027,2026-03-30T00:30:22.027,btc-updown-15m-1774830600,1774831500,Down,14950080267091814648629348312648578837893192629270890535864656942760220614164,98320144586267452423381508451461032375886669702412152214861693903623550575181,0.51,0.52,207.9,147.0,0.01,0.48,0.49,147.0,207.9,0.01,0.515,0.485,0.414201,0.585799,66611.54
1774830623027,2026-03-30T00:30:23.027,btc-updown-15m-1774830600,1774831500,Down,14950080267091814648629348312648578837893192629270890535864656942760220614164,98320144586267452423381508451461032375886669702412152214861693903623550575181,0.51,0.52,18.24,622.27,0.01,0.48,0.49,622.27,18.24,0.01,0.515,0.485,0.971523,0.028477,66611.54
1774830624028,2026-03-30T00:30:24.028,btc-updown-15m-1774830600,1774831500,Down,14950080267091814648629348312648578837893192629270890535864656942760220614164,98320144586267452423381508451461032375886669702412152214861693903623550575181,0.53,0.54,181.84,161.0,0.01,0.46,0.47,161.0,181.84,0.01,0.535,0.465,0.469607,0.530393,66611.54
1774830625029,2026-03-30T00:30:25.029,btc-updown-15m-1774830600,1774831500,Down,14950080267091814648629348312648578837893192629270890535864656942760220614164,98320144586267452423381508451461032375886669702412152214861693903623550575181,0.51,0.52,273.07,211.93,0.01,0.48,0.49,211.93,273.07,0.01,0.515,0.485,0.436969,0.563031,66619.99
1774830626029,2026-03-30T00:30:26.029,btc-updown-15m-1774830600,1774831500,Down,14950080267091814648629348312648578837893192629270890535864656942760220614164,98320144586267452423381508451461032375886669702412152214861693903623550575181,0.51,0.52,182.94,7.0,0.01,0.48,0.49,7.0,182.94,0.01,0.515,0.485,0.036854,0.963146,66619.99
1774830627030,2026-03-30T00:30:27.030,btc-updown-15m-1774830600,1774831500,Down,14950080267091814648629348312648578837893192629270890535864656942760220614164,98320144586267452423381508451461032375886669702412152214861693903623550575181,0.5,0.52,142.5,211.3,0.02,0.48,0.5,211.3,142.5,0.02,0.51,0.49,0.59723,0.40277,66619.99
1774830628030,2026-03-30T00:30:28.030,btc-updown-15m-1774830600,1774831500,Down,14950080267091814648629348312648578837893192629270890535864656942760220614164,98320144586267452423381508451461032375886669702412152214861693903623550575181,0.51,0.53,33.3,147.3,0.02,0.47,0.49,147.3,33.3,0.02,0.52,0.48,0.815615,0.184385,66615.28
1774830629032,2026-03-30T00:30:29.032,btc-updown-15m-1774830600,1774831500,Down,14950080267091814648629348312648578837893192629270890535864656942760220614164,98320144586267452423381508451461032375886669702412152214861693903623550575181,0.51,0.53,33.3,147.3,0.02,0.47,0.49,147.3,33.3,0.02,0.52,0.48,0.815615,0.184385,66615.28
1774830630033,2026-03-30T00:30:30.033,btc-updown-15m-1774830600,1774831500,Down,14950080267091814648629348312648578837893192629270890535864656942760220614164,98320144586267452423381508451461032375886669702412152214861693903623550575181,0.5,0.52,64.27,108.14,0.02,0.48,0.5,108.14,64.27,0.02,0.51,0.49,0.627226,0.372774,66615.28
1774830631034,2026-03-30T00:30:31.034,btc-updown-15m-1774830600,1774831500,Down,14950080267091814648629348312648578837893192629270890535864656942760220614164,98320144586267452423381508451461032375886669702412152214861693903623550575181,0.52,0.54,5.0,34.0,0.02,0.46,0.48,34.0,5.0,0.02,0.53,0.47,0.871795,0.128205,66631.99
1774830632034,2026-03-30T00:30:32.034,btc-updown-15m-1774830600,1774831500,Down,14950080267091814648629348312648578837893192629270890535864656942760220614164,98320144586267452423381508451461032375886669702412152214861693903623550575181,0.52,0.53,35.0,28.79,0.01,0.47,0.48,28.79,35.0,0.01,0.525,0.475,0.451325,0.548675,66631.99
1774830633035,2026-03-30T00:30:33.035,btc-updown-15m-1774830600,1774831500,Down,14950080267091814648629348312648578837893192629270890535864656942760220614164,98320144586267452423381508451461032375886669702412152214861693903623550575181,0.54,0.55,5.65,1341.02,0.01,0.45,0.46,1341.02,5.65,0.01,0.545,0.455,0.995804,0.004196,66631.99
1774830634035,2026-03-30T00:30:34.035,btc-updown-15m-1774830600,1774831500,Down,14950080267091814648629348312648578837893192629270890535864656942760220614164,98320144586267452423381508451461032375886669702412152214861693903623550575181,0.57,0.59,377.0,316.0,0.02,0.41,0.43,316.0,377.0,0.02,0.58,0.42,0.455988,0.544012,66687.35
1774830635035,2026-03-30T00:30:35.035,btc-updown-15m-1774830600,1774831500,Down,14950080267091814648629348312648578837893192629270890535864656942760220614164,98320144586267452423381508451461032375886669702412152214861693903623550575181,0.58,0.59,110.93,17.34,0.01,0.41,0.42,17.34,110.93,0.01,0.585,0.415,0.135184,0.864816,66687.35
1774830636036,2026-03-30T00:30:36.036,btc-updown-15m-1774830600,1774831500,Down,14950080267091814648629348312648578837893192629270890535864656942760220614164,98320144586267452423381508451461032375886669702412152214861693903623550575181,0.58,0.59,828.5,17.34,0.01,0.41,0.42,17.34,828.5,0.01,0.585,0.415,0.0205,0.9795,66687.35
1774830637037,2026-03-30T00:30:37.037,btc-updown-15m-1774830600,1774831500,Down,14950080267091814648629348312648578837893192629270890535864656942760220614164,98320144586267452423381508451461032375886669702412152214861693903623550575181,0.56,0.57,199.51,4.86,0.01,0.43,0.44,4.86,199.51,0.01,0.565,0.435,0.02378,0.97622,66668.43
1774830638038,2026-03-30T00:30:38.038,btc-updown-15m-1774830600,1774831500,Down,14950080267091814648629348312648578837893192629270890535864656942760220614164,98320144586267452423381508451461032375886669702412152214861693903623550575181,0.56,0.57,53.0,24.86,0.01,0.43,0.44,24.86,53.0,0.01,0.565,0.435,0.319291,0.680709,66668.43
1774830639038,2026-03-30T00:30:39.038,btc-updown-15m-1774830600,1774831500,Down,14950080267091814648629348312648578837893192629270890535864656942760220614164,98320144586267452423381508451461032375886669702412152214861693903623550575181,0.59,0.6,1488.74,21.68,0.01,0.4,0.41,21.68,1488.74,0.01,0.595,0.405,0.014354,0.985646,66668.43
1774830640039,2026-03-30T00:30:40.039,btc-updown-15m-1774830600,1774831500,Down,14950080267091814648629348312648578837893192629270890535864656942760220614164,98320144586267452423381508451461032375886669702412152214861693903623550575181,0.61,0.63,825.4,102.0,0.02,0.37,0.39,102.0,825.4,0.02,0.62,0.38,0.109985,0.890015,66713.1
1774830641039,2026-03-30T00:30:41.039,btc-updown-15m-1774830600,1774831500,Down,14950080267091814648629348312648578837893192629270890535864656942760220614164,98320144586267452423381508451461032375886669702412152214861693903623550575181,0.6,0.61,278.3,48.98,0.01,0.39,0.4,48.98,278.3,0.01,0.605,0.395,0.149658,0.850342,66713.1
1774830642039,2026-03-30T00:30:42.039,btc-updown-15m-1774830600,1774831500,Down,14950080267091814648629348312648578837893192629270890535864656942760220614164,98320144586267452423381508451461032375886669702412152214861693903623550575181,0.6,0.61,190.08,19.99,0.01,0.39,0.4,19.99,190.08,0.01,0.605,0.395,0.095159,0.904841,66713.1
1774830643040,2026-03-30T00:30:43.040,btc-updown-15m-1774830600,1774831500,Down,14950080267091814648629348312648578837893192629270890535864656942760220614164,98320144586267452423381508451461032375886669702412152214861693903623550575181,0.63,0.64,48.21,46.0,0.01,0.36,0.37,40.0,244.21,0.01,0.635,0.365,0.488271,0.859259,66732.68
1774830644040,2026-03-30T00:30:44.040,btc-updown-15m-1774830600,1774831500,Down,14950080267091814648629348312648578837893192629270890535864656942760220614164,98320144586267452423381508451461032375886669702412152214861693903623550575181,0.61,0.63,16.75,379.53,0.02,0.37,0.39,379.53,16.75,0.02,0.62,0.38,0.957732,0.042268,66732.68
1774830645040,2026-03-30T00:30:45.040,btc-updown-15m-1774830600,1774831500,Down,14950080267091814648629348312648578837893192629270890535864656942760220614164,98320144586267452423381508451461032375886669702412152214861693903623550575181,0.62,0.64,10.0,217.73,0.02,0.36,0.38,217.73,10.0,0.02,0.63,0.37,0.956088,0.043912,66732.68
1774830646041,2026-03-30T00:30:46.041,btc-updown-15m-1774830600,1774831500,Down,14950080267091814648629348312648578837893192629270890535864656942760220614164,98320144586267452423381508451461032375886669702412152214861693903623550575181,0.6,0.63,383.0,1679.34,0.03,0.37,0.4,1679.34,383.0,0.03,0.615,0.385,0.814289,0.185711,66715.11
1774830647043,2026-03-30T00:30:47.043,btc-updown-15m-1774830600,1774831500,Down,14950080267091814648629348312648578837893192629270890535864656942760220614164,98320144586267452423381508451461032375886669702412152214861693903623550575181,0.59,0.61,323.71,166.37,0.02,0.39,0.41,166.37,323.71,0.02,0.6,0.4,0.339475,0.660525,66715.11
1774830648044,2026-03-30T00:30:48.044,btc-updown-15m-1774830600,1774831500,Down,14950080267091814648629348312648578837893192629270890535864656942760220614164,98320144586267452423381508451461032375886669702412152214861693903623550575181,0.59,0.6,70.39,5.0,0.01,0.4,0.41,5.0,70.39,0.01,0.595,0.405,0.066322,0.933678,66715.11
1774830649045,2026-03-30T00:30:49.045,btc-updown-15m-1774830600,1774831500,Down,14950080267091814648629348312648578837893192629270890535864656942760220614164,98320144586267452423381508451461032375886669702412152214861693903623550575181,0.58,0.59,187.5,16.33,0.01,0.41,0.42,16.33,187.5,0.01,0.585,0.415,0.080116,0.919884,66698.16
1774830650045,2026-03-30T00:30:50.045,btc-updown-15m-1774830600,1774831500,Down,14950080267091814648629348312648578837893192629270890535864656942760220614164,98320144586267452423381508451461032375886669702412152214861693903623550575181,0.58,0.59,56.5,33.61,0.01,0.41,0.42,33.61,56.5,0.01,0.585,0.415,0.372989,0.627011,66698.16
1774830651046,2026-03-30T00:30:51.046,btc-updown-15m-1774830600,1774831500,Down,14950080267091814648629348312648578837893192629270890535864656942760220614164,98320144586267452423381508451461032375886669702412152214861693903623550575181,0.58,0.6,43.68,1250.78,0.02,0.4,0.42,1250.78,43.68,0.02,0.59,0.41,0.966256,0.033744,66698.16
1774830652047,2026-03-30T00:30:52.047,btc-updown-15m-1774830600,1774831500,Down,14950080267091814648629348312648578837893192629270890535864656942760220614164,98320144586267452423381508451461032375886669702412152214861693903623550575181,0.58,0.6,43.68,1250.78,0.02,0.4,0.42,1250.78,43.68,0.02,0.59,0.41,0.966256,0.033744,66698.16
1774830653047,2026-03-30T00:30:53.047,btc-updown-15m-1774830600,1774831500,Down,14950080267091814648629348312648578837893192629270890535864656942760220614164,98320144586267452423381508451461032375886669702412152214861693903623550575181,0.58,0.6,43.68,1250.78,0.02,0.4,0.42,1250.78,43.68,0.02,0.59,0.41,0.966256,0.033744,66698.16
1774830654047,2026-03-30T00:30:54.047,btc-updown-15m-1774830600,1774831500,Down,14950080267091814648629348312648578837893192629270890535864656942760220614164,98320144586267452423381508451461032375886669702412152214861693903623550575181,0.59,0.6,26.0,32.8,0.01,0.4,0.41,32.8,26.0,0.01,0.595,0.405,0.557823,0.442177,66698.16
1774830655048,2026-03-30T00:30:55.048,btc-updown-15m-1774830600,1774831500,Down,14950080267091814648629348312648578837893192629270890535864656942760220614164,98320144586267452423381508451461032375886669702412152214861693903623550575181,0.57,0.59,30.0,147.8,0.02,0.41,0.43,147.8,30.0,0.02,0.58,0.42,0.831271,0.168729,66691.6
1774830656049,2026-03-30T00:30:56.049,btc-updown-15m-1774830600,1774831500,Down,14950080267091814648629348312648578837893192629270890535864656942760220614164,98320144586267452423381508451461032375886669702412152214861693903623550575181,0.55,0.56,71.0,35.9,0.01,0.44,0.45,35.9,71.0,0.01,0.555,0.445,0.335828,0.664172,66691.6
1774830657049,2026-03-30T00:30:57.049,btc-updown-15m-1774830600,1774831500,Down,14950080267091814648629348312648578837893192629270890535864656942760220614164,98320144586267452423381508451461032375886669702412152214861693903623550575181,0.55,0.56,100.5,2.27,0.01,0.44,0.45,2.27,100.5,0.01,0.555,0.445,0.022088,0.977912,66691.6
1774830658050,2026-03-30T00:30:58.050,btc-updown-15m-1774830600,1774831500,Down,14950080267091814648629348312648578837893192629270890535864656942760220614164,98320144586267452423381508451461032375886669702412152214861693903623550575181,0.55,0.56,175.87,51.17,0.01,0.44,0.45,51.17,175.87,0.01,0.555,0.445,0.225379,0.774621,66664.63
1774830659052,2026-03-30T00:30:59.052,btc-updown-15m-1774830600,1774831500,Down,14950080267091814648629348312648578837893192629270890535864656942760220614164,98320144586267452423381508451461032375886669702412152214861693903623550575181,0.55,0.56,243.42,51.17,0.01,0.44,0.45,51.17,243.42,0.01,0.555,0.445,0.173699,0.826301,66664.63
1774830660052,2026-03-30T00:31:00.052,btc-updown-15m-1774830600,1774831500,Down,14950080267091814648629348312648578837893192629270890535864656942760220614164,98320144586267452423381508451461032375886669702412152214861693903623550575181,0.53,0.55,9.83,1144.0,0.02,0.45,0.47,1144.0,9.83,0.02,0.54,0.46,0.991481,0.008519,66664.63
1774830661052,2026-03-30T00:31:01.052,btc-updown-15m-1774830600,1774831500,Down,14950080267091814648629348312648578837893192629270890535864656942760220614164,98320144586267452423381508451461032375886669702412152214861693903623550575181,0.54,0.56,116.92,121.09,0.02,0.44,0.46,121.09,116.92,0.02,0.55,0.45,0.50876,0.49124,66657.33
1774830662053,2026-03-30T00:31:02.053,btc-updown-15m-1774830600,1774831500,Down,14950080267091814648629348312648578837893192629270890535864656942760220614164,98320144586267452423381508451461032375886669702412152214861693903623550575181,0.57,0.58,50.5,59.0,0.01,0.42,0.43,59.0,50.5,0.01,0.575,0.425,0.538813,0.461187,66657.33
1774830663053,2026-03-30T00:31:03.053,btc-updown-15m-1774830600,1774831500,Down,14950080267091814648629348312648578837893192629270890535864656942760220614164,98320144586267452423381508451461032375886669702412152214861693903623550575181,0.57,0.58,28.86,48.0,0.01,0.42,0.43,48.0,28.86,0.01,0.575,0.425,0.624512,0.375488,66657.33
1774830664054,2026-03-30T00:31:04.054,btc-updown-15m-1774830600,1774831500,Down,14950080267091814648629348312648578837893192629270890535864656942760220614164,98320144586267452423381508451461032375886669702412152214861693903623550575181,0.55,0.56,83.14,952.77,0.01,0.44,0.45,952.77,83.14,0.01,0.555,0.445,0.919742,0.080258,66671.6
1774830665054,2026-03-30T00:31:05.054,btc-updown-15m-1774830600,1774831500,Down,14950080267091814648629348312648578837893192629270890535864656942760220614164,98320144586267452423381508451461032375886669702412152214861693903623550575181,0.54,0.56,484.38,975.0,0.02,0.44,0.46,975.0,484.38,0.02,0.55,0.45,0.668092,0.331908,66671.6
1774830666055,2026-03-30T00:31:06.055,btc-updown-15m-1774830600,1774831500,Down,14950080267091814648629348312648578837893192629270890535864656942760220614164,98320144586267452423381508451461032375886669702412152214861693903623550575181,0.55,0.56,11.88,1040.0,0.01,0.44,0.45,1040.0,11.88,0.01,0.555,0.445,0.988706,0.011294,66671.6
1774830667055,2026-03-30T00:31:07.055,btc-updown-15m-1774830600,1774831500,Down,14950080267091814648629348312648578837893192629270890535864656942760220614164,98320144586267452423381508451461032375886669702412152214861693903623550575181,0.56,0.57,141.0,9.71,0.01,0.43,0.44,9.71,141.0,0.01,0.565,0.435,0.064428,0.935572,66680.94
1774830668055,2026-03-30T00:31:08.055,btc-updown-15m-1774830600,1774831500,Down,14950080267091814648629348312648578837893192629270890535864656942760220614164,98320144586267452423381508451461032375886669702412152214861693903623550575181,0.57,0.59,239.9,139.0,0.02,0.41,0.43,139.0,239.9,0.02,0.58,0.42,0.366851,0.633149,66680.94
1774830669056,2026-03-30T00:31:09.056,btc-updown-15m-1774830600,1774831500,Down,14950080267091814648629348312648578837893192629270890535864656942760220614164,98320144586267452423381508451461032375886669702412152214861693903623550575181,0.56,0.57,40.36,43.08,0.01,0.43,0.44,43.08,40.36,0.01,0.565,0.435,0.516299,0.483701,66680.94
1774830670057,2026-03-30T00:31:10.057,btc-updown-15m-1774830600,1774831500,Down,14950080267091814648629348312648578837893192629270890535864656942760220614164,98320144586267452423381508451461032375886669702412152214861693903623550575181,0.55,0.57,171.86,1072.18,0.02,0.43,0.45,1072.18,171.86,0.02,0.56,0.44,0.861853,0.138147,66679.92
1774830671057,2026-03-30T00:31:11.057,btc-updown-15m-1774830600,1774831500,Down,14950080267091814648629348312648578837893192629270890535864656942760220614164,98320144586267452423381508451461032375886669702412152214861693903623550575181,0.55,0.57,101.86,1072.18,0.02,0.43,0.45,1072.18,101.86,0.02,0.56,0.44,0.91324,0.08676,66679.92
1774830672058,2026-03-30T00:31:12.058,btc-updown-15m-1774830600,1774831500,Down,14950080267091814648629348312648578837893192629270890535864656942760220614164,98320144586267452423381508451461032375886669702412152214861693903623550575181,0.54,0.55,202.0,10.0,0.01,0.45,0.46,10.0,202.0,0.01,0.545,0.455,0.04717,0.95283,66679.92
1774830673058,2026-03-30T00:31:13.058,btc-updown-15m-1774830600,1774831500,Down,14950080267091814648629348312648578837893192629270890535864656942760220614164,98320144586267452423381508451461032375886669702412152214861693903623550575181,0.52,0.53,392.16,825.0,0.01,0.47,0.48,815.0,392.16,0.01,0.525,0.475,0.677807,0.324862,66645.58
1774830674058,2026-03-30T00:31:14.058,btc-updown-15m-1774830600,1774831500,Down,14950080267091814648629348312648578837893192629270890535864656942760220614164,98320144586267452423381508451461032375886669702412152214861693903623550575181,0.52,0.53,184.16,952.31,0.01,0.47,0.48,952.31,184.16,0.01,0.525,0.475,0.837954,0.162046,66645.58
1774830675059,2026-03-30T00:31:15.059,btc-updown-15m-1774830600,1774831500,Down,14950080267091814648629348312648578837893192629270890535864656942760220614164,98320144586267452423381508451461032375886669702412152214861693903623550575181,0.52,0.53,184.16,952.31,0.01,0.47,0.48,952.31,184.16,0.01,0.525,0.475,0.837954,0.162046,66645.58
1774830676060,2026-03-30T00:31:16.060,btc-updown-15m-1774830600,1774831500,Down,14950080267091814648629348312648578837893192629270890535864656942760220614164,98320144586267452423381508451461032375886669702412152214861693903623550575181,0.54,0.55,39.9,277.75,0.01,0.45,0.46,277.75,39.9,0.01,0.545,0.455,0.87439,0.12561,66653.1
1774830677065,2026-03-30T00:31:17.065,btc-updown-15m-1774830600,1774831500,Down,14950080267091814648629348312648578837893192629270890535864656942760220614164,98320144586267452423381508451461032375886669702412152214861693903623550575181,0.55,0.56,220.12,59.0,0.01,0.44,0.45,59.0,220.12,0.01,0.555,0.445,0.211379,0.788621,66653.1
1774830678065,2026-03-30T00:31:18.065,btc-updown-15m-1774830600,1774831500,Down,14950080267091814648629348312648578837893192629270890535864656942760220614164,98320144586267452423381508451461032375886669702412152214861693903623550575181,0.52,0.53,72.5,972.75,0.01,0.47,0.48,972.75,72.5,0.01,0.525,0.475,0.930639,0.069361,66653.1
1774830679065,2026-03-30T00:31:19.065,btc-updown-15m-1774830600,1774831500,Down,14950080267091814648629348312648578837893192629270890535864656942760220614164,98320144586267452423381508451461032375886669702412152214861693903623550575181,0.52,0.53,72.5,972.75,0.01,0.47,0.48,972.75,72.5,0.01,0.525,0.475,0.930639,0.069361,66643.75
1774830680066,2026-03-30T00:31:20.066,btc-updown-15m-1774830600,1774831500,Down,14950080267091814648629348312648578837893192629270890535864656942760220614164,98320144586267452423381508451461032375886669702412152214861693903623550575181,0.51,0.52,56.0,1016.33,0.01,0.48,0.49,1016.33,56.0,0.01,0.515,0.485,0.947777,0.052223,66643.75
1774830681067,2026-03-30T00:31:21.067,btc-updown-15m-1774830600,1774831500,Down,14950080267091814648629348312648578837893192629270890535864656942760220614164,98320144586267452423381508451461032375886669702412152214861693903623550575181,0.51,0.52,56.0,1016.33,0.01,0.48,0.49,1016.33,56.0,0.01,0.515,0.485,0.947777,0.052223,66643.75
1774830682068,2026-03-30T00:31:22.068,btc-updown-15m-1774830600,1774831500,Down,14950080267091814648629348312648578837893192629270890535864656942760220614164,98320144586267452423381508451461032375886669702412152214861693903623550575181,0.51,0.58,231.42,1044.33,0.07,0.42,0.49,1044.33,231.42,0.07,0.545,0.455,0.818601,0.181399,66638.02
1774830683069,2026-03-30T00:31:23.069,btc-updown-15m-1774830600,1774831500,Down,14950080267091814648629348312648578837893192629270890535864656942760220614164,98320144586267452423381508451461032375886669702412152214861693903623550575181,0.53,0.54,8.2,59.5,0.01,0.46,0.47,59.5,8.2,0.01,0.535,0.465,0.878877,0.121123,66638.02
1774830684070,2026-03-30T00:31:24.070,btc-updown-15m-1774830600,1774831500,Down,14950080267091814648629348312648578837893192629270890535864656942760220614164,98320144586267452423381508451461032375886669702412152214861693903623550575181,0.53,0.54,120.7,35.3,0.01,0.46,0.47,35.3,120.7,0.01,0.535,0.465,0.226282,0.773718,66638.02
1774830685071,2026-03-30T00:31:25.071,btc-updown-15m-1774830600,1774831500,Down,14950080267091814648629348312648578837893192629270890535864656942760220614164,98320144586267452423381508451461032375886669702412152214861693903623550575181,0.54,0.55,47.5,1133.0,0.01,0.45,0.46,1133.0,47.5,0.01,0.545,0.455,0.959763,0.040237,66638.01
1774830686073,2026-03-30T00:31:26.073,btc-updown-15m-1774830600,1774831500,Down,14950080267091814648629348312648578837893192629270890535864656942760220614164,98320144586267452423381508451461032375886669702412152214861693903623550575181,0.54,0.55,47.5,1133.0,0.01,0.45,0.46,1133.0,47.5,0.01,0.545,0.455,0.959763,0.040237,66638.01
1774830687075,2026-03-30T00:31:27.075,btc-updown-15m-1774830600,1774831500,Down,14950080267091814648629348312648578837893192629270890535864656942760220614164,98320144586267452423381508451461032375886669702412152214861693903623550575181,0.55,0.56,47.49,40.66,0.01,0.44,0.45,40.66,47.49,0.01,0.555,0.445,0.461259,0.538741,66638.01
1774830688076,2026-03-30T00:31:28.076,btc-updown-15m-1774830600,1774831500,Down,14950080267091814648629348312648578837893192629270890535864656942760220614164,98320144586267452423381508451461032375886669702412152214861693903623550575181,0.53,0.55,83.49,1060.0,0.02,0.45,0.47,1060.0,83.49,0.02,0.54,0.46,0.926987,0.073013,66625.79
1774830689077,2026-03-30T00:31:29.077,btc-updown-15m-1774830600,1774831500,Down,14950080267091814648629348312648578837893192629270890535864656942760220614164,98320144586267452423381508451461032375886669702412152214861693903623550575181,0.52,0.54,106.0,422.0,0.02,0.46,0.48,422.0,106.0,0.02,0.53,0.47,0.799242,0.200758,66625.79
1774830690077,2026-03-30T00:31:30.077,btc-updown-15m-1774830600,1774831500,Down,14950080267091814648629348312648578837893192629270890535864656942760220614164,98320144586267452423381508451461032375886669702412152214861693903623550575181,0.53,0.54,25.0,1135.0,0.01,0.46,0.47,1135.0,25.0,0.01,0.535,0.465,0.978448,0.021552,66625.79
1774830691078,2026-03-30T00:31:31.078,btc-updown-15m-1774830600,1774831500,Down,14950080267091814648629348312648578837893192629270890535864656942760220614164,98320144586267452423381508451461032375886669702412152214861693903623550575181,0.55,0.56,57.12,157.0,0.01,0.44,0.45,157.0,57.12,0.01,0.555,0.445,0.733234,0.266766,66639.75
1774830692079,2026-03-30T00:31:32.079,btc-updown-15m-1774830600,1774831500,Down,14950080267091814648629348312648578837893192629270890535864656942760220614164,98320144586267452423381508451461032375886669702412152214861693903623550575181,0.55,0.56,57.12,157.0,0.01,0.44,0.45,157.0,57.12,0.01,0.555,0.445,0.733234,0.266766,66639.75
1774830693079,2026-03-30T00:31:33.079,btc-updown-15m-1774830600,1774831500,Down,14950080267091814648629348312648578837893192629270890535864656942760220614164,98320144586267452423381508451461032375886669702412152214861693903623550575181,0.55,0.56,57.12,157.0,0.01,0.44,0.45,157.0,57.12,0.01,0.555,0.445,0.733234,0.266766,66639.75
1774830694080,2026-03-30T00:31:34.080,btc-updown-15m-1774830600,1774831500,Down,14950080267091814648629348312648578837893192629270890535864656942760220614164,98320144586267452423381508451461032375886669702412152214861693903623550575181,0.57,0.58,8.0,164.0,0.01,0.42,0.43,164.0,8.0,0.01,0.575,0.425,0.953488,0.046512,66652.02
1774830695081,2026-03-30T00:31:35.081,btc-updown-15m-1774830600,1774831500,Down,14950080267091814648629348312648578837893192629270890535864656942760220614164,98320144586267452423381508451461032375886669702412152214861693903623550575181,0.54,0.56,51.35,1412.5,0.02,0.44,0.46,1412.5,51.35,0.02,0.55,0.45,0.964921,0.035079,66652.02
1774830696081,2026-03-30T00:31:36.081,btc-updown-15m-1774830600,1774831500,Down,14950080267091814648629348312648578837893192629270890535864656942760220614164,98320144586267452423381508451461032375886669702412152214861693903623550575181,0.54,0.55,77.86,968.0,0.01,0.45,0.46,968.0,77.86,0.01,0.545,0.455,0.925554,0.074446,66652.02
1774830697081,2026-03-30T00:31:37.081,btc-updown-15m-1774830600,1774831500,Down,14950080267091814648629348312648578837893192629270890535864656942760220614164,98320144586267452423381508451461032375886669702412152214861693903623550575181,0.54,0.55,77.86,968.0,0.01,0.45,0.46,968.0,77.86,0.01,0.545,0.455,0.925554,0.074446,66636.01
1774830698081,2026-03-30T00:31:38.081,btc-updown-15m-1774830600,1774831500,Down,14950080267091814648629348312648578837893192629270890535864656942760220614164,98320144586267452423381508451461032375886669702412152214861693903623550575181,0.54,0.55,77.86,968.0,0.01,0.45,0.46,968.0,77.86,0.01,0.545,0.455,0.925554,0.074446,66636.01
1774830699082,2026-03-30T00:31:39.082,btc-updown-15m-1774830600,1774831500,Down,14950080267091814648629348312648578837893192629270890535864656942760220614164,98320144586267452423381508451461032375886669702412152214861693903623550575181,0.53,0.55,151.5,1225.5,0.02,0.45,0.47,1225.5,151.5,0.02,0.54,0.46,0.889978,0.110022,66636.01
1774830700082,2026-03-30T00:31:40.082,btc-updown-15m-1774830600,1774831500,Down,14950080267091814648629348312648578837893192629270890535864656942760220614164,98320144586267452423381508451461032375886669702412152214861693903623550575181,0.52,0.55,270.0,1462.5,0.03,0.45,0.48,1462.5,270.0,0.03,0.535,0.465,0.844156,0.155844,66632.59
1774830701083,2026-03-30T00:31:41.083,btc-updown-15m-1774830600,1774831500,Down,14950080267091814648629348312648578837893192629270890535864656942760220614164,98320144586267452423381508451461032375886669702412152214861693903623550575181,0.54,0.55,60.27,280.0,0.01,0.45,0.46,280.0,60.27,0.01,0.545,0.455,0.822876,0.177124,66632.59
1774830702084,2026-03-30T00:31:42.084,btc-updown-15m-1774830600,1774831500,Down,14950080267091814648629348312648578837893192629270890535864656942760220614164,98320144586267452423381508451461032375886669702412152214861693903623550575181,0.54,0.55,60.27,280.0,0.01,0.45,0.46,280.0,60.27,0.01,0.545,0.455,0.822876,0.177124,66632.59
1774830703084,2026-03-30T00:31:43.084,btc-updown-15m-1774830600,1774831500,Down,14950080267091814648629348312648578837893192629270890535864656942760220614164,98320144586267452423381508451461032375886669702412152214861693903623550575181,0.56,0.57,374.66,87.0,0.01,0.43,0.44,87.0,374.66,0.01,0.565,0.435,0.18845,0.81155,66641.93
1774830704085,2026-03-30T00:31:44.085,btc-updown-15m-1774830600,1774831500,Down,14950080267091814648629348312648578837893192629270890535864656942760220614164,98320144586267452423381508451461032375886669702412152214861693903623550575181,0.56,0.57,376.66,42.75,0.01,0.43,0.44,42.75,376.66,0.01,0.565,0.435,0.101929,0.898071,66641.93
1774830705085,2026-03-30T00:31:45.085,btc-updown-15m-1774830600,1774831500,Down,14950080267091814648629348312648578837893192629270890535864656942760220614164,98320144586267452423381508451461032375886669702412152214861693903623550575181,0.56,0.57,376.66,42.75,0.01,0.43,0.44,42.75,376.66,0.01,0.565,0.435,0.101929,0.898071,66641.93
1774830706086,2026-03-30T00:31:46.086,btc-updown-15m-1774830600,1774831500,Down,14950080267091814648629348312648578837893192629270890535864656942760220614164,98320144586267452423381508451461032375886669702412152214861693903623550575181,0.53,0.55,274.0,991.0,0.02,0.45,0.47,991.0,274.0,0.02,0.54,0.46,0.783399,0.216601,66632.61
1774830707087,2026-03-30T00:31:47.087,btc-updown-15m-1774830600,1774831500,Down,14950080267091814648629348312648578837893192629270890535864656942760220614164,98320144586267452423381508451461032375886669702412152214861693903623550575181,0.53,0.55,274.0,991.0,0.02,0.45,0.47,991.0,274.0,0.02,0.54,0.46,0.783399,0.216601,66632.61
1774830708088,2026-03-30T00:31:48.088,btc-updown-15m-1774830600,1774831500,Down,14950080267091814648629348312648578837893192629270890535864656942760220614164,98320144586267452423381508451461032375886669702412152214861693903623550575181,0.53,0.55,274.0,991.0,0.02,0.45,0.47,991.0,274.0,0.02,0.54,0.46,0.783399,0.216601,66632.61
1774830709089,2026-03-30T00:31:49.089,btc-updown-15m-1774830600,1774831500,Down,14950080267091814648629348312648578837893192629270890535864656942760220614164,98320144586267452423381508451461032375886669702412152214861693903623550575181,0.56,0.57,481.3,0.63,0.01,0.43,0.44,0.63,481.3,0.01,0.565,0.435,0.001307,0.998693,66639.29
1774830710089,2026-03-30T00:31:50.089,btc-updown-15m-1774830600,1774831500,Down,14950080267091814648629348312648578837893192629270890535864656942760220614164,98320144586267452423381508451461032375886669702412152214861693903623550575181,0.56,0.57,481.3,0.63,0.01,0.43,0.44,0.63,481.3,0.01,0.565,0.435,0.001307,0.998693,66639.29
1774830711090,2026-03-30T00:31:51.090,btc-updown-15m-1774830600,1774831500,Down,14950080267091814648629348312648578837893192629270890535864656942760220614164,98320144586267452423381508451461032375886669702412152214861693903623550575181,0.52,0.54,154.5,966.0,0.02,0.46,0.48,966.0,154.5,0.02,0.53,0.47,0.862115,0.137885,66639.29
1774830712091,2026-03-30T00:31:52.091,btc-updown-15m-1774830600,1774831500,Down,14950080267091814648629348312648578837893192629270890535864656942760220614164,98320144586267452423381508451461032375886669702412152214861693903623550575181,0.52,0.53,128.0,160.0,0.01,0.47,0.48,160.0,128.0,0.01,0.525,0.475,0.555556,0.444444,66621.0
1774830713092,2026-03-30T00:31:53.092,btc-updown-15m-1774830600,1774831500,Down,14950080267091814648629348312648578837893192629270890535864656942760220614164,98320144586267452423381508451461032375886669702412152214861693903623550575181,0.52,0.53,128.0,160.0,0.01,0.47,0.48,160.0,128.0,0.01,0.525,0.475,0.555556,0.444444,66621.0
1774830714094,2026-03-30T00:31:54.094,btc-updown-15m-1774830600,1774831500,Down,14950080267091814648629348312648578837893192629270890535864656942760220614164,98320144586267452423381508451461032375886669702412152214861693903623550575181,0.52,0.53,91.0,122.0,0.01,0.47,0.48,122.0,91.0,0.01,0.525,0.475,0.57277,0.42723,66621.0
1774830715094,2026-03-30T00:31:55.094,btc-updown-15m-1774830600,1774831500,Down,14950080267091814648629348312648578837893192629270890535864656942760220614164,98320144586267452423381508451461032375886669702412152214861693903623550575181,0.52,0.53,80.0,122.0,0.01,0.47,0.48,122.0,80.0,0.01,0.525,0.475,0.60396,0.39604,66624.5
1774830716095,2026-03-30T00:31:56.095,btc-updown-15m-1774830600,1774831500,Down,14950080267091814648629348312648578837893192629270890535864656942760220614164,98320144586267452423381508451461032375886669702412152214861693903623550575181,0.55,0.56,26.0,41.67,0.01,0.44,0.45,41.67,26.0,0.01,0.555,0.445,0.615782,0.384218,66624.5
1774830717096,2026-03-30T00:31:57.096,btc-updown-15m-1774830600,1774831500,Down,14950080267091814648629348312648578837893192629270890535864656942760220614164,98320144586267452423381508451461032375886669702412152214861693903623550575181,0.56,0.57,163.26,1060.5,0.01,0.43,0.44,1060.5,163.26,0.01,0.565,0.435,0.866591,0.133409,66624.5
1774830718097,2026-03-30T00:31:58.097,btc-updown-15m-1774830600,1774831500,Down,14950080267091814648629348312648578837893192629270890535864656942760220614164,98320144586267452423381508451461032375886669702412152214861693903623550575181,0.56,0.57,143.26,924.5,0.01,0.43,0.44,924.5,143.26,0.01,0.565,0.435,0.865831,0.134169,66654.0
1774830719097,2026-03-30T00:31:59.097,btc-updown-15m-1774830600,1774831500,Down,14950080267091814648629348312648578837893192629270890535864656942760220614164,98320144586267452423381508451461032375886669702412152214861693903623550575181,0.56,0.57,191.26,28.0,0.01,0.43,0.44,28.0,191.26,0.01,0.565,0.435,0.127702,0.872298,66654.0
1774830720098,2026-03-30T00:32:00.098,btc-updown-15m-1774830600,1774831500,Down,14950080267091814648629348312648578837893192629270890535864656942760220614164,98320144586267452423381508451461032375886669702412152214861693903623550575181,0.55,0.56,34.0,1427.5,0.01,0.44,0.45,1427.5,34.0,0.01,0.555,0.445,0.976736,0.023264,66654.0
1774830721099,2026-03-30T00:32:01.099,btc-updown-15m-1774830600,1774831500,Down,14950080267091814648629348312648578837893192629270890535864656942760220614164,98320144586267452423381508451461032375886669702412152214861693903623550575181,0.55,0.56,252.91,72.0,0.01,0.44,0.45,72.0,252.91,0.01,0.555,0.445,0.2216,0.7784,66642.24
1774830722100,2026-03-30T00:32:02.100,btc-updown-15m-1774830600,1774831500,Down,14950080267091814648629348312648578837893192629270890535864656942760220614164,98320144586267452423381508451461032375886669702412152214861693903623550575181,0.54,0.55,110.45,894.28,0.01,0.45,0.46,894.28,110.45,0.01,0.545,0.455,0.89007,0.10993,66642.24
1774830723100,2026-03-30T00:32:03.100,btc-updown-15m-1774830600,1774831500,Down,14950080267091814648629348312648578837893192629270890535864656942760220614164,98320144586267452423381508451461032375886669702412152214861693903623550575181,0.56,0.57,107.48,180.5,0.01,0.43,0.44,180.5,107.48,0.01,0.565,0.435,0.62678,0.37322,66642.24
1774830724101,2026-03-30T00:32:04.101,btc-updown-15m-1774830600,1774831500,Down,14950080267091814648629348312648578837893192629270890535864656942760220614164,98320144586267452423381508451461032375886669702412152214861693903623550575181,0.58,0.59,20.0,111.52,0.01,0.41,0.42,111.52,20.0,0.01,0.585,0.415,0.847932,0.152068,66671.08
1774830725102,2026-03-30T00:32:05.102,btc-updown-15m-1774830600,1774831500,Down,14950080267091814648629348312648578837893192629270890535864656942760220614164,98320144586267452423381508451461032375886669702412152214861693903623550575181,0.58,0.59,5.0,175.13,0.01,0.41,0.42,175.13,5.0,0.01,0.585,0.415,0.972242,0.027758,66671.08
1774830726103,2026-03-30T00:32:06.103,btc-updown-15m-1774830600,1774831500,Down,14950080267091814648629348312648578837893192629270890535864656942760220614164,98320144586267452423381508451461032375886669702412152214861693903623550575181,0.58,0.59,5.0,175.13,0.01,0.41,0.42,175.13,5.0,0.01,0.585,0.415,0.972242,0.027758,66671.08
1774830727105,2026-03-30T00:32:07.105,btc-updown-15m-1774830600,1774831500,Down,14950080267091814648629348312648578837893192629270890535864656942760220614164,98320144586267452423381508451461032375886669702412152214861693903623550575181,0.58,0.59,55.45,81.13,0.01,0.41,0.42,81.13,55.45,0.01,0.585,0.415,0.594011,0.405989,66671.08
1774830728106,2026-03-30T00:32:08.106,btc-updown-15m-1774830600,1774831500,Down,14950080267091814648629348312648578837893192629270890535864656942760220614164,98320144586267452423381508451461032375886669702412152214861693903623550575181,0.58,0.59,477.0,14.0,0.01,0.41,0.42,14.0,477.0,0.01,0.585,0.415,0.028513,0.971487,66671.08
1774830729106,2026-03-30T00:32:09.106,btc-updown-15m-1774830600,1774831500,Down,14950080267091814648629348312648578837893192629270890535864656942760220614164,98320144586267452423381508451461032375886669702412152214861693903623550575181,0.58,0.59,477.0,14.0,0.01,0.41,0.42,14.0,477.0,0.01,0.585,0.415,0.028513,0.971487,66671.08
1774830730106,2026-03-30T00:32:10.106,btc-updown-15m-1774830600,1774831500,Down,14950080267091814648629348312648578837893192629270890535864656942760220614164,98320144586267452423381508451461032375886669702412152214861693903623550575181,0.57,0.58,9.5,1499.63,0.01,0.42,0.43,39.13,669.35,0.01,0.575,0.425,0.993705,0.944769,66648.0
1774830731107,2026-03-30T00:32:11.107,btc-updown-15m-1774830600,1774831500,Down,14950080267091814648629348312648578837893192629270890535864656942760220614164,98320144586267452423381508451461032375886669702412152214861693903623550575181,0.58,0.59,123.5,56.0,0.01,0.41,0.42,56.0,123.5,0.01,0.585,0.415,0.311978,0.688022,66648.0
1774830732108,2026-03-30T00:32:12.108,btc-updown-15m-1774830600,1774831500,Down,14950080267091814648629348312648578837893192629270890535864656942760220614164,98320144586267452423381508451461032375886669702412152214861693903623550575181,0.58,0.59,123.5,56.0,0.01,0.41,0.42,56.0,123.5,0.01,0.585,0.415,0.311978,0.688022,66648.0
1774830733108,2026-03-30T00:32:13.108,btc-updown-15m-1774830600,1774831500,Down,14950080267091814648629348312648578837893192629270890535864656942760220614164,98320144586267452423381508451461032375886669702412152214861693903623550575181,0.59,0.6,32.54,298.0,0.01,0.4,0.41,298.0,32.54,0.01,0.595,0.405,0.901555,0.098445,66667.99
1774830734109,2026-03-30T00:32:14.109,btc-updown-15m-1774830600,1774831500,Down,14950080267091814648629348312648578837893192629270890535864656942760220614164,98320144586267452423381508451461032375886669702412152214861693903623550575181,0.61,0.62,13.5,409.29,0.01,0.38,0.39,409.29,13.5,0.01,0.615,0.385,0.968069,0.031931,66667.99
1774830735109,2026-03-30T00:32:15.109,btc-updown-15m-1774830600,1774831500,Down,14950080267091814648629348312648578837893192629270890535864656942760220614164,98320144586267452423381508451461032375886669702412152214861693903623550575181,0.61,0.62,26.5,82.19,0.01,0.38,0.39,82.19,26.5,0.01,0.615,0.385,0.756187,0.243813,66667.99
1774830736109,2026-03-30T00:32:16.109,btc-updown-15m-1774830600,1774831500,Down,14950080267091814648629348312648578837893192629270890535864656942760220614164,98320144586267452423381508451461032375886669702412152214861693903623550575181,0.61,0.62,26.5,82.19,0.01,0.38,0.39,82.19,26.5,0.01,0.615,0.385,0.756187,0.243813,66688.0
1774830737110,2026-03-30T00:32:17.110,btc-updown-15m-1774830600,1774831500,Down,14950080267091814648629348312648578837893192629270890535864656942760220614164,98320144586267452423381508451461032375886669702412152214861693903623550575181,0.6,0.61,32.0,313.5,0.01,0.39,0.4,313.5,32.0,0.01,0.605,0.395,0.907381,0.092619,66688.0
1774830738110,2026-03-30T00:32:18.110,btc-updown-15m-1774830600,1774831500,Down,14950080267091814648629348312648578837893192629270890535864656942760220614164,98320144586267452423381508451461032375886669702412152214861693903623550575181,0.6,0.61,186.86,45.5,0.01,0.39,0.4,45.5,186.86,0.01,0.605,0.395,0.195817,0.804183,66688.0
1774830739111,2026-03-30T00:32:19.111,btc-updown-15m-1774830600,1774831500,Down,14950080267091814648629348312648578837893192629270890535864656942760220614164,98320144586267452423381508451461032375886669702412152214861693903623550575181,0.6,0.63,233.0,1683.5,0.03,0.37,0.4,1683.5,233.0,0.03,0.615,0.385,0.878424,0.121576,66691.58
1774830740111,2026-03-30T00:32:20.111,btc-updown-15m-1774830600,1774831500,Down,14950080267091814648629348312648578837893192629270890535864656942760220614164,98320144586267452423381508451461032375886669702412152214861693903623550575181,0.6,0.63,233.0,1683.5,0.03,0.37,0.4,1683.5,233.0,0.03,0.615,0.385,0.878424,0.121576,66691.58
1774830741111,2026-03-30T00:32:21.111,btc-updown-15m-1774830600,1774831500,Down,14950080267091814648629348312648578837893192629270890535864656942760220614164,98320144586267452423381508451461032375886669702412152214861693903623550575181,0.6,0.63,233.0,1683.5,0.03,0.37,0.4,1683.5,233.0,0.03,0.615,0.385,0.878424,0.121576,66691.58
1774830742112,2026-03-30T00:32:22.112,btc-updown-15m-1774830600,1774831500,Down,14950080267091814648629348312648578837893192629270890535864656942760220614164,98320144586267452423381508451461032375886669702412152214861693903623550575181,0.62,0.63,24.0,335.72,0.01,0.37,0.38,335.72,24.0,0.01,0.625,0.375,0.933281,0.066719,66692.59
1774830743113,2026-03-30T00:32:23.113,btc-updown-15m-1774830600,1774831500,Down,14950080267091814648629348312648578837893192629270890535864656942760220614164,98320144586267452423381508451461032375886669702412152214861693903623550575181,0.64,0.66,100.57,507.5,0.02,0.34,0.36,507.5,100.57,0.02,0.65,0.35,0.834608,0.165392,66692.59
1774830744114,2026-03-30T00:32:24.114,btc-updown-15m-1774830600,1774831500,Down,14950080267091814648629348312648578837893192629270890535864656942760220614164,98320144586267452423381508451461032375886669702412152214861693903623550575181,0.65,0.66,263.07,37.42,0.01,0.34,0.35,37.42,263.07,0.01,0.655,0.345,0.12453,0.87547,66692.59
1774830745114,2026-03-30T00:32:25.114,btc-updown-15m-1774830600,1774831500,Down,14950080267091814648629348312648578837893192629270890535864656942760220614164,98320144586267452423381508451461032375886669702412152214861693903623550575181,0.63,0.64,129.5,235.5,0.01,0.36,0.37,235.5,129.5,0.01,0.635,0.365,0.645205,0.354795,66708.35
1774830746115,2026-03-30T00:32:26.115,btc-updown-15m-1774830600,1774831500,Down,14950080267091814648629348312648578837893192629270890535864656942760220614164,98320144586267452423381508451461032375886669702412152214861693903623550575181,0.62,0.64,231.05,232.5,0.02,0.36,0.38,232.5,231.05,0.02,0.63,0.37,0.501564,0.498436,66708.35
1774830747115,2026-03-30T00:32:27.115,btc-updown-15m-1774830600,1774831500,Down,14950080267091814648629348312648578837893192629270890535864656942760220614164,98320144586267452423381508451461032375886669702412152214861693903623550575181,0.62,0.64,231.05,232.5,0.02,0.36,0.38,232.5,231.05,0.02,0.63,0.37,0.501564,0.498436,66708.35
1774830748116,2026-03-30T00:32:28.116,btc-updown-15m-1774830600,1774831500,Down,14950080267091814648629348312648578837893192629270890535864656942760220614164,98320144586267452423381508451461032375886669702412152214861693903623550575181,0.62,0.65,105.0,1782.26,0.03,0.35,0.38,1782.26,105.0,0.03,0.635,0.365,0.944364,0.055636,66712.64
1774830749117,2026-03-30T00:32:29.117,btc-updown-15m-1774830600,1774831500,Down,14950080267091814648629348312648578837893192629270890535864656942760220614164,98320144586267452423381508451461032375886669702412152214861693903623550575181,0.65,0.66,88.5,66.0,0.01,0.34,0.35,66.0,88.5,0.01,0.655,0.345,0.427184,0.572816,66712.64
1774830750117,2026-03-30T00:32:30.117,btc-updown-15m-1774830600,1774831500,Down,14950080267091814648629348312648578837893192629270890535864656942760220614164,98320144586267452423381508451461032375886669702412152214861693903623550575181,0.63,0.64,61.0,210.25,0.01,0.36,0.37,210.25,61.0,0.01,0.635,0.365,0.775115,0.224885,66712.64
1774830751117,2026-03-30T00:32:31.117,btc-updown-15m-1774830600,1774831500,Down,14950080267091814648629348312648578837893192629270890535864656942760220614164,98320144586267452423381508451461032375886669702412152214861693903623550575181,0.62,0.64,158.5,407.26,0.02,0.36,0.38,407.26,158.5,0.02,0.63,0.37,0.719846,0.280154,66705.0
1774830752118,2026-03-30T00:32:32.118,btc-updown-15m-1774830600,1774831500,Down,14950080267091814648629348312648578837893192629270890535864656942760220614164,98320144586267452423381508451461032375886669702412152214861693903623550575181,0.59,0.61,96.28,1190.0,0.02,0.39,0.41,1190.0,96.28,0.02,0.6,0.4,0.925148,0.074852,66705.0
1774830753118,2026-03-30T00:32:33.118,btc-updown-15m-1774830600,1774831500,Down,14950080267091814648629348312648578837893192629270890535864656942760220614164,98320144586267452423381508451461032375886669702412152214861693903623550575181,0.59,0.6,134.83,1387.05,0.01,0.4,0.41,1387.05,134.83,0.01,0.595,0.405,0.911406,0.088594,66705.0
1774830754119,2026-03-30T00:32:34.119,btc-updown-15m-1774830600,1774831500,Down,14950080267091814648629348312648578837893192629270890535864656942760220614164,98320144586267452423381508451461032375886669702412152214861693903623550575181,0.59,0.6,62.0,1429.05,0.01,0.4,0.41,1429.05,62.0,0.01,0.595,0.405,0.958419,0.041581,66685.02
1774830755120,2026-03-30T00:32:35.120,btc-updown-15m-1774830600,1774831500,Down,14950080267091814648629348312648578837893192629270890535864656942760220614164,98320144586267452423381508451461032375886669702412152214861693903623550575181,0.59,0.6,62.0,1429.05,0.01,0.4,0.41,1429.05,62.0,0.01,0.595,0.405,0.958419,0.041581,66685.02
1774830756120,2026-03-30T00:32:36.120,btc-updown-15m-1774830600,1774831500,Down,14950080267091814648629348312648578837893192629270890535864656942760220614164,98320144586267452423381508451461032375886669702412152214861693903623550575181,0.59,0.6,52.86,412.5,0.01,0.4,0.41,412.5,52.86,0.01,0.595,0.405,0.886411,0.113589,66685.02
1774830757121,2026-03-30T00:32:37.121,btc-updown-15m-1774830600,1774831500,Down,14950080267091814648629348312648578837893192629270890535864656942760220614164,98320144586267452423381508451461032375886669702412152214861693903623550575181,0.59,0.61,20.0,249.0,0.02,0.39,0.41,249.0,20.0,0.02,0.6,0.4,0.925651,0.074349,66681.75
1774830758121,2026-03-30T00:32:38.121,btc-updown-15m-1774830600,1774831500,Down,14950080267091814648629348312648578837893192629270890535864656942760220614164,98320144586267452423381508451461032375886669702412152214861693903623550575181,0.58,0.6,214.5,1245.38,0.02,0.4,0.42,1245.38,214.5,0.02,0.59,0.41,0.85307,0.14693,66681.75
1774830759121,2026-03-30T00:32:39.121,btc-updown-15m-1774830600,1774831500,Down,14950080267091814648629348312648578837893192629270890535864656942760220614164,98320144586267452423381508451461032375886669702412152214861693903623550575181,0.6,0.61,2.5,127.5,0.01,0.39,0.4,127.5,2.5,0.01,0.605,0.395,0.980769,0.019231,66681.75
1774830760122,2026-03-30T00:32:40.122,btc-updown-15m-1774830600,1774831500,Down,14950080267091814648629348312648578837893192629270890535864656942760220614164,98320144586267452423381508451461032375886669702412152214861693903623550575181,0.6,0.61,30.0,247.5,0.01,0.39,0.4,247.5,30.0,0.01,0.605,0.395,0.891892,0.108108,66684.29
1774830761123,2026-03-30T00:32:41.123,btc-updown-15m-1774830600,1774831500,Down,14950080267091814648629348312648578837893192629270890535864656942760220614164,98320144586267452423381508451461032375886669702412152214861693903623550575181,0.6,0.61,30.0,247.5,0.01,0.39,0.4,247.5,30.0,0.01,0.605,0.395,0.891892,0.108108,66684.29
1774830762123,2026-03-30T00:32:42.123,btc-updown-15m-1774830600,1774831500,Down,14950080267091814648629348312648578837893192629270890535864656942760220614164,98320144586267452423381508451461032375886669702412152214861693903623550575181,0.6,0.61,30.0,247.5,0.01,0.39,0.4,247.5,30.0,0.01,0.605,0.395,0.891892,0.108108,66684.29
1774830763124,2026-03-30T00:32:43.124,btc-updown-15m-1774830600,1774831500,Down,14950080267091814648629348312648578837893192629270890535864656942760220614164,98320144586267452423381508451461032375886669702412152214861693903623550575181,0.6,0.62,290.58,20.0,0.02,0.38,0.4,20.0,290.58,0.02,0.61,0.39,0.064396,0.935604,66677.64
1774830764125,2026-03-30T00:32:44.125,btc-updown-15m-1774830600,1774831500,Down,14950080267091814648629348312648578837893192629270890535864656942760220614164,98320144586267452423381508451461032375886669702412152214861693903623550575181,0.61,0.62,133.08,33.0,0.01,0.38,0.39,33.0,133.08,0.01,0.615,0.385,0.198699,0.801301,66677.64
1774830765126,2026-03-30T00:32:45.126,btc-updown-15m-1774830600,1774831500,Down,14950080267091814648629348312648578837893192629270890535864656942760220614164,98320144586267452423381508451461032375886669702412152214861693903623550575181,0.61,0.62,66.5,74.0,0.01,0.38,0.39,74.0,66.5,0.01,0.615,0.385,0.52669,0.47331,66677.64
1774830766126,2026-03-30T00:32:46.126,btc-updown-15m-1774830600,1774831500,Down,14950080267091814648629348312648578837893192629270890535864656942760220614164,98320144586267452423381508451461032375886669702412152214861693903623550575181,0.61,0.62,10.08,194.0,0.01,0.38,0.39,194.0,10.08,0.01,0.615,0.385,0.950608,0.049392,66682.0
1774830767127,2026-03-30T00:32:47.127,btc-updown-15m-1774830600,1774831500,Down,14950080267091814648629348312648578837893192629270890535864656942760220614164,98320144586267452423381508451461032375886669702412152214861693903623550575181,0.61,0.62,10.08,194.0,0.01,0.38,0.39,194.0,10.08,0.01,0.615,0.385,0.950608,0.049392,66682.0
1774830768128,2026-03-30T00:32:48.128,btc-updown-15m-1774830600,1774831500,Down,14950080267091814648629348312648578837893192629270890535864656942760220614164,98320144586267452423381508451461032375886669702412152214861693903623550575181,0.63,0.64,1178.6,12.0,0.01,0.36,0.37,12.0,1178.6,0.01,0.635,0.365,0.010079,0.989921,66682.0
1774830769128,2026-03-30T00:32:49.128,btc-updown-15m-1774830600,1774831500,Down,14950080267091814648629348312648578837893192629270890535864656942760220614164,98320144586267452423381508451461032375886669702412152214861693903623550575181,0.63,0.64,61.1,75.0,0.01,0.36,0.37,75.0,61.1,0.01,0.635,0.365,0.551065,0.448935,66694.0
1774830770130,2026-03-30T00:32:50.130,btc-updown-15m-1774830600,1774831500,Down,14950080267091814648629348312648578837893192629270890535864656942760220614164,98320144586267452423381508451461032375886669702412152214861693903623550575181,0.63,0.64,61.1,75.0,0.01,0.36,0.37,75.0,61.1,0.01,0.635,0.365,0.551065,0.448935,66694.0
1774830771131,2026-03-30T00:32:51.131,btc-updown-15m-1774830600,1774831500,Down,14950080267091814648629348312648578837893192629270890535864656942760220614164,98320144586267452423381508451461032375886669702412152214861693903623550575181,0.63,0.64,61.1,75.0,0.01,0.36,0.37,75.0,61.1,0.01,0.635,0.365,0.551065,0.448935,66694.0
1774830772131,2026-03-30T00:32:52.131,btc-updown-15m-1774830600,1774831500,Down,14950080267091814648629348312648578837893192629270890535864656942760220614164,98320144586267452423381508451461032375886669702412152214861693903623550575181,0.61,0.64,1448.6,230.0,0.03,0.36,0.39,230.0,1448.6,0.03,0.625,0.375,0.137019,0.862981,66694.0
1774830773132,2026-03-30T00:32:53.132,btc-updown-15m-1774830600,1774831500,Down,14950080267091814648629348312648578837893192629270890535864656942760220614164,98320144586267452423381508451461032375886669702412152214861693903623550575181,0.62,0.64,74.1,217.5,0.02,0.36,0.38,217.5,74.1,0.02,0.63,0.37,0.745885,0.254115,66694.0
1774830774132,2026-03-30T00:32:54.132,btc-updown-15m-1774830600,1774831500,Down,14950080267091814648629348312648578837893192629270890535864656942760220614164,98320144586267452423381508451461032375886669702412152214861693903623550575181,0.63,0.64,68.5,193.25,0.01,0.36,0.37,193.25,68.5,0.01,0.635,0.365,0.7383,0.2617,66694.0
1774830775132,2026-03-30T00:32:55.132,btc-updown-15m-1774830600,1774831500,Down,14950080267091814648629348312648578837893192629270890535864656942760220614164,98320144586267452423381508451461032375886669702412152214861693903623550575181,0.63,0.64,165.0,35.0,0.01,0.36,0.37,35.0,165.0,0.01,0.635,0.365,0.175,0.825,66691.29
1774830776133,2026-03-30T00:32:56.133,btc-updown-15m-1774830600,1774831500,Down,14950080267091814648629348312648578837893192629270890535864656942760220614164,98320144586267452423381508451461032375886669702412152214861693903623550575181,0.61,0.62,102.72,207.5,0.01,0.38,0.39,207.5,102.72,0.01,0.615,0.385,0.66888,0.33112,66691.29
1774830777133,2026-03-30T00:32:57.133,btc-updown-15m-1774830600,1774831500,Down,14950080267091814648629348312648578837893192629270890535864656942760220614164,98320144586267452423381508451461032375886669702412152214861693903623550575181,0.61,0.62,148.22,134.94,0.01,0.38,0.39,134.94,148.22,0.01,0.615,0.385,0.47655,0.52345,66691.29
1774830778135,2026-03-30T00:32:58.135,btc-updown-15m-1774830600,1774831500,Down,14950080267091814648629348312648578837893192629270890535864656942760220614164,98320144586267452423381508451461032375886669702412152214861693903623550575181,0.61,0.63,314.27,144.94,0.02,0.37,0.39,144.94,314.27,0.02,0.62,0.38,0.315629,0.684371,66689.4
1774830779135,2026-03-30T00:32:59.135,btc-updown-15m-1774830600,1774831500,Down,14950080267091814648629348312648578837893192629270890535864656942760220614164,98320144586267452423381508451461032375886669702412152214861693903623550575181,0.61,0.63,314.27,144.94,0.02,0.37,0.39,144.94,314.27,0.02,0.62,0.38,0.315629,0.684371,66689.4
1774830780136,2026-03-30T00:33:00.136,btc-updown-15m-1774830600,1774831500,Down,14950080267091814648629348312648578837893192629270890535864656942760220614164,98320144586267452423381508451461032375886669702412152214861693903623550575181,0.59,0.61,187.27,431.59,0.02,0.39,0.41,431.59,187.27,0.02,0.6,0.4,0.697395,0.302605,66689.4
1774830781136,2026-03-30T00:33:01.136,btc-updown-15m-1774830600,1774831500,Down,14950080267091814648629348312648578837893192629270890535864656942760220614164,98320144586267452423381508451461032375886669702412152214861693903623550575181,0.55,0.56,104.0,858.5,0.01,0.44,0.45,858.5,104.0,0.01,0.555,0.445,0.891948,0.108052,66646.65
1774830782137,2026-03-30T00:33:02.137,btc-updown-15m-1774830600,1774831500,Down,14950080267091814648629348312648578837893192629270890535864656942760220614164,98320144586267452423381508451461032375886669702412152214861693903623550575181,0.55,0.56,576.0,1213.15,0.01,0.44,0.45,1213.15,576.0,0.01,0.555,0.445,0.678059,0.321941,66646.65
1774830783137,2026-03-30T00:33:03.137,btc-updown-15m-1774830600,1774831500,Down,14950080267091814648629348312648578837893192629270890535864656942760220614164,98320144586267452423381508451461032375886669702412152214861693903623550575181,0.55,0.56,113.5,1109.68,0.01,0.44,0.45,1109.68,113.5,0.01,0.555,0.445,0.907209,0.092791,66646.65
1774830784137,2026-03-30T00:33:04.137,btc-updown-15m-1774830600,1774831500,Down,14950080267091814648629348312648578837893192629270890535864656942760220614164,98320144586267452423381508451461032375886669702412152214861693903623550575181,0.54,0.55,144.5,1041.0,0.01,0.45,0.46,1041.0,144.5,0.01,0.545,0.455,0.878111,0.121889,66630.56
1774830785138,2026-03-30T00:33:05.138,btc-updown-15m-1774830600,1774831500,Down,14950080267091814648629348312648578837893192629270890535864656942760220614164,98320144586267452423381508451461032375886669702412152214861693903623550575181,0.54,0.55,158.0,10.0,0.01,0.45,0.46,10.0,158.0,0.01,0.545,0.455,0.059524,0.940476,66630.56
1774830786138,2026-03-30T00:33:06.138,btc-updown-15m-1774830600,1774831500,Down,14950080267091814648629348312648578837893192629270890535864656942760220614164,98320144586267452423381508451461032375886669702412152214861693903623550575181,0.53,0.55,566.0,617.91,0.02,0.45,0.47,617.91,566.0,0.02,0.54,0.46,0.521923,0.478077,66630.56
1774830787139,2026-03-30T00:33:07.139,btc-updown-15m-1774830600,1774831500,Down,14950080267091814648629348312648578837893192629270890535864656942760220614164,98320144586267452423381508451461032375886669702412152214861693903623550575181,0.53,0.54,413.5,3.87,0.01,0.46,0.47,3.87,413.5,0.01,0.535,0.465,0.009272,0.990728,66621.47
1774830788139,2026-03-30T00:33:08.139,btc-updown-15m-1774830600,1774831500,Down,14950080267091814648629348312648578837893192629270890535864656942760220614164,98320144586267452423381508451461032375886669702412152214861693903623550575181,0.52,0.53,112.0,201.01,0.01,0.47,0.48,201.01,112.0,0.01,0.525,0.475,0.642184,0.357816,66621.47
1774830789140,2026-03-30T00:33:09.140,btc-updown-15m-1774830600,1774831500,Down,14950080267091814648629348312648578837893192629270890535864656942760220614164,98320144586267452423381508451461032375886669702412152214861693903623550575181,0.52,0.53,329.66,15.01,0.01,0.47,0.48,15.01,329.66,0.01,0.525,0.475,0.043549,0.956451,66621.47
1774830790141,2026-03-30T00:33:10.141,btc-updown-15m-1774830600,1774831500,Down,14950080267091814648629348312648578837893192629270890535864656942760220614164,98320144586267452423381508451461032375886669702412152214861693903623550575181,0.5,0.51,387.5,2.0,0.01,0.49,0.5,2.0,387.5,0.01,0.505,0.495,0.005135,0.994865,66600.0
1774830791141,2026-03-30T00:33:11.141,btc-updown-15m-1774830600,1774831500,Down,14950080267091814648629348312648578837893192629270890535864656942760220614164,98320144586267452423381508451461032375886669702412152214861693903623550575181,0.49,0.5,533.0,1652.03,0.01,0.5,0.51,1652.03,533.0,0.01,0.495,0.505,0.756067,0.243933,66600.0
1774830792142,2026-03-30T00:33:12.142,btc-updown-15m-1774830600,1774831500,Down,14950080267091814648629348312648578837893192629270890535864656942760220614164,98320144586267452423381508451461032375886669702412152214861693903623550575181,0.5,0.51,0.63,1336.48,0.01,0.49,0.5,1336.48,0.63,0.01,0.505,0.495,0.999529,0.000471,66600.0
1774830793143,2026-03-30T00:33:13.143,btc-updown-15m-1774830600,1774831500,Down,14950080267091814648629348312648578837893192629270890535864656942760220614164,98320144586267452423381508451461032375886669702412152214861693903623550575181,0.51,0.52,47.5,117.74,0.01,0.48,0.49,117.74,47.5,0.01,0.515,0.485,0.712539,0.287461,66601.35
1774830794143,2026-03-30T00:33:14.143,btc-updown-15m-1774830600,1774831500,Down,14950080267091814648629348312648578837893192629270890535864656942760220614164,98320144586267452423381508451461032375886669702412152214861693903623550575181,0.49,0.5,139.5,188.98,0.01,0.5,0.51,188.98,139.5,0.01,0.495,0.505,0.575317,0.424683,66601.35
1774830795144,2026-03-30T00:33:15.144,btc-updown-15m-1774830600,1774831500,Down,14950080267091814648629348312648578837893192629270890535864656942760220614164,98320144586267452423381508451461032375886669702412152214861693903623550575181,0.49,0.5,107.5,1064.02,0.01,0.5,0.51,1064.02,107.5,0.01,0.495,0.505,0.908239,0.091761,66601.35
1774830796145,2026-03-30T00:33:16.145,btc-updown-15m-1774830600,1774831500,Down,14950080267091814648629348312648578837893192629270890535864656942760220614164,98320144586267452423381508451461032375886669702412152214861693903623550575181,0.51,0.52,217.31,122.0,0.01,0.48,0.49,122.0,217.31,0.01,0.515,0.485,0.359553,0.640447,66596.67
1774830797146,2026-03-30T00:33:17.146,btc-updown-15m-1774830600,1774831500,Down,14950080267091814648629348312648578837893192629270890535864656942760220614164,98320144586267452423381508451461032375886669702412152214861693903623550575181,0.51,0.52,176.55,122.0,0.01,0.48,0.49,122.0,176.55,0.01,0.515,0.485,0.408642,0.591358,66596.67
1774830798146,2026-03-30T00:33:18.146,btc-updown-15m-1774830600,1774831500,Down,14950080267091814648629348312648578837893192629270890535864656942760220614164,98320144586267452423381508451461032375886669702412152214861693903623550575181,0.51,0.52,40.31,90.0,0.01,0.48,0.49,90.0,40.31,0.01,0.515,0.485,0.690661,0.309339,66596.67
1774830799147,2026-03-30T00:33:19.147,btc-updown-15m-1774830600,1774831500,Down,14950080267091814648629348312648578837893192629270890535864656942760220614164,98320144586267452423381508451461032375886669702412152214861693903623550575181,0.49,0.5,47.5,288.44,0.01,0.5,0.51,288.44,47.5,0.01,0.495,0.505,0.858606,0.141394,66592.89
1774830800148,2026-03-30T00:33:20.148,btc-updown-15m-1774830600,1774831500,Down,14950080267091814648629348312648578837893192629270890535864656942760220614164,98320144586267452423381508451461032375886669702412152214861693903623550575181,0.49,0.5,47.5,288.44,0.01,0.5,0.51,288.44,47.5,0.01,0.495,0.505,0.858606,0.141394,66592.89
1774830801148,2026-03-30T00:33:21.148,btc-updown-15m-1774830600,1774831500,Down,14950080267091814648629348312648578837893192629270890535864656942760220614164,98320144586267452423381508451461032375886669702412152214861693903623550575181,0.5,0.52,43.0,1027.5,0.02,0.48,0.5,1027.5,43.0,0.02,0.51,0.49,0.959832,0.040168,66592.89
1774830802148,2026-03-30T00:33:22.148,btc-updown-15m-1774830600,1774831500,Down,14950080267091814648629348312648578837893192629270890535864656942760220614164,98320144586267452423381508451461032375886669702412152214861693903623550575181,0.5,0.52,43.0,1027.5,0.02,0.48,0.5,1027.5,43.0,0.02,0.51,0.49,0.959832,0.040168,66597.14
1774830803149,2026-03-30T00:33:23.149,btc-updown-15m-1774830600,1774831500,Down,14950080267091814648629348312648578837893192629270890535864656942760220614164,98320144586267452423381508451461032375886669702412152214861693903623550575181,0.5,0.52,43.0,1027.5,0.02,0.48,0.5,1027.5,43.0,0.02,0.51,0.49,0.959832,0.040168,66597.14
1774830804150,2026-03-30T00:33:24.150,btc-updown-15m-1774830600,1774831500,Down,14950080267091814648629348312648578837893192629270890535864656942760220614164,98320144586267452423381508451461032375886669702412152214861693903623550575181,0.51,0.52,29.07,283.0,0.01,0.48,0.49,283.0,29.07,0.01,0.515,0.485,0.906848,0.093152,66597.14
1774830805151,2026-03-30T00:33:25.151,btc-updown-15m-1774830600,1774831500,Down,14950080267091814648629348312648578837893192629270890535864656942760220614164,98320144586267452423381508451461032375886669702412152214861693903623550575181,0.53,0.55,211.0,67.0,0.02,0.45,0.47,67.0,211.0,0.02,0.54,0.46,0.241007,0.758993,66613.66
1774830806152,2026-03-30T00:33:26.152,btc-updown-15m-1774830600,1774831500,Down,14950080267091814648629348312648578837893192629270890535864656942760220614164,98320144586267452423381508451461032375886669702412152214861693903623550575181,0.51,0.55,1653.25,1072.0,0.04,0.45,0.49,1072.0,1653.25,0.04,0.53,0.47,0.393358,0.606642,66613.66
1774830807152,2026-03-30T00:33:27.152,btc-updown-15m-1774830600,1774831500,Down,14950080267091814648629348312648578837893192629270890535864656942760220614164,98320144586267452423381508451461032375886669702412152214861693903623550575181,0.51,0.55,1653.25,1072.0,0.04,0.45,0.49,1072.0,1653.25,0.04,0.53,0.47,0.393358,0.606642,66613.66
1774830808152,2026-03-30T00:33:28.152,btc-updown-15m-1774830600,1774831500,Down,14950080267091814648629348312648578837893192629270890535864656942760220614164,98320144586267452423381508451461032375886669702412152214861693903623550575181,0.49,0.51,381.5,31.0,0.02,0.49,0.51,31.0,381.5,0.02,0.5,0.5,0.075152,0.924848,66580.0
1774830809152,2026-03-30T00:33:29.152,btc-updown-15m-1774830600,1774831500,Down,14950080267091814648629348312648578837893192629270890535864656942760220614164,98320144586267452423381508451461032375886669702412152214861693903623550575181,0.47,0.49,106.5,890.58,0.02,0.51,0.53,890.58,106.5,0.02,0.48,0.52,0.893188,0.106812,66580.0
1774830810153,2026-03-30T00:33:30.153,btc-updown-15m-1774830600,1774831500,Down,14950080267091814648629348312648578837893192629270890535864656942760220614164,98320144586267452423381508451461032375886669702412152214861693903623550575181,0.47,0.48,654.0,1079.58,0.01,0.52,0.53,1079.58,654.0,0.01,0.475,0.525,0.622746,0.377254,66580.0
1774830811154,2026-03-30T00:33:31.154,btc-updown-15m-1774830600,1774831500,Down,14950080267091814648629348312648578837893192629270890535864656942760220614164,98320144586267452423381508451461032375886669702412152214861693903623550575181,0.47,0.48,892.81,15.0,0.01,0.52,0.53,15.0,345.02,0.01,0.475,0.525,0.016523,0.958336,66566.0
1774830812155,2026-03-30T00:33:32.155,btc-updown-15m-1774830600,1774831500,Down,14950080267091814648629348312648578837893192629270890535864656942760220614164,98320144586267452423381508451461032375886669702412152214861693903623550575181,0.45,0.46,107.0,1252.5,0.01,0.54,0.55,1252.5,107.0,0.01,0.455,0.545,0.921295,0.078705,66566.0
1774830813155,2026-03-30T00:33:33.155,btc-updown-15m-1774830600,1774831500,Down,14950080267091814648629348312648578837893192629270890535864656942760220614164,98320144586267452423381508451461032375886669702412152214861693903623550575181,0.45,0.46,46.46,1156.5,0.01,0.54,0.55,1148.5,23.0,0.01,0.455,0.545,0.961379,0.019633,66566.0
1774830814155,2026-03-30T00:33:34.155,btc-updown-15m-1774830600,1774831500,Down,14950080267091814648629348312648578837893192629270890535864656942760220614164,98320144586267452423381508451461032375886669702412152214861693903623550575181,0.45,0.46,497.82,1773.5,0.01,0.54,0.55,1773.5,497.82,0.01,0.455,0.545,0.780823,0.219177,66566.01
1774830815156,2026-03-30T00:33:35.156,btc-updown-15m-1774830600,1774831500,Down,14950080267091814648629348312648578837893192629270890535864656942760220614164,98320144586267452423381508451461032375886669702412152214861693903623550575181,0.45,0.46,491.5,1400.5,0.01,0.54,0.55,1400.5,491.5,0.01,0.455,0.545,0.740222,0.259778,66566.01
1774830816156,2026-03-30T00:33:36.156,btc-updown-15m-1774830600,1774831500,Down,14950080267091814648629348312648578837893192629270890535864656942760220614164,98320144586267452423381508451461032375886669702412152214861693903623550575181,0.45,0.46,298.25,805.58,0.01,0.54,0.55,805.58,298.25,0.01,0.455,0.545,0.729804,0.270196,66566.01
1774830817156,2026-03-30T00:33:37.156,btc-updown-15m-1774830600,1774831500,Down,14950080267091814648629348312648578837893192629270890535864656942760220614164,98320144586267452423381508451461032375886669702412152214861693903623550575181,0.43,0.44,74.75,1157.28,0.01,0.56,0.57,1157.28,74.75,0.01,0.435,0.565,0.939328,0.060672,66555.56
1774830818157,2026-03-30T00:33:38.157,btc-updown-15m-1774830600,1774831500,Down,14950080267091814648629348312648578837893192629270890535864656942760220614164,98320144586267452423381508451461032375886669702412152214861693903623550575181,0.4,0.41,249.0,1261.04,0.01,0.59,0.6,1261.04,249.0,0.01,0.405,0.595,0.835104,0.164896,66555.56
1774830819158,2026-03-30T00:33:39.158,btc-updown-15m-1774830600,1774831500,Down,14950080267091814648629348312648578837893192629270890535864656942760220614164,98320144586267452423381508451461032375886669702412152214861693903623550575181,0.4,0.41,131.29,999.98,0.01,0.59,0.6,999.98,131.29,0.01,0.405,0.595,0.883945,0.116055,66555.56
1774830820160,2026-03-30T00:33:40.160,btc-updown-15m-1774830600,1774831500,Down,14950080267091814648629348312648578837893192629270890535864656942760220614164,98320144586267452423381508451461032375886669702412152214861693903623550575181,0.4,0.41,142.89,992.31,0.01,0.59,0.6,992.31,142.89,0.01,0.405,0.595,0.874128,0.125872,66529.71
1774830821160,2026-03-30T00:33:41.160,btc-updown-15m-1774830600,1774831500,Down,14950080267091814648629348312648578837893192629270890535864656942760220614164,98320144586267452423381508451461032375886669702412152214861693903623550575181,0.42,0.43,3.11,1238.75,0.01,0.57,0.58,1238.75,3.11,0.01,0.425,0.575,0.997496,0.002504,66529.71
1774830822161,2026-03-30T00:33:42.161,btc-updown-15m-1774830600,1774831500,Down,14950080267091814648629348312648578837893192629270890535864656942760220614164,98320144586267452423381508451461032375886669702412152214861693903623550575181,0.44,0.45,409.5,13.0,0.01,0.55,0.56,13.0,409.5,0.01,0.445,0.555,0.030769,0.969231,66529.71
1774830823162,2026-03-30T00:33:43.162,btc-updown-15m-1774830600,1774831500,Down,14950080267091814648629348312648578837893192629270890535864656942760220614164,98320144586267452423381508451461032375886669702412152214861693903623550575181,0.44,0.46,385.79,144.0,0.02,0.54,0.56,144.0,385.79,0.02,0.45,0.55,0.271806,0.728194,66546.72
1774830824163,2026-03-30T00:33:44.163,btc-updown-15m-1774830600,1774831500,Down,14950080267091814648629348312648578837893192629270890535864656942760220614164,98320144586267452423381508451461032375886669702412152214861693903623550575181,0.45,0.46,407.79,53.0,0.01,0.54,0.55,53.0,407.79,0.01,0.455,0.545,0.11502,0.88498,66546.72
1774830825164,2026-03-30T00:33:45.164,btc-updown-15m-1774830600,1774831500,Down,14950080267091814648629348312648578837893192629270890535864656942760220614164,98320144586267452423381508451461032375886669702412152214861693903623550575181,0.45,0.46,505.0,43.76,0.01,0.54,0.55,43.76,505.0,0.01,0.455,0.545,0.079743,0.920257,66546.72
1774830826165,2026-03-30T00:33:46.165,btc-updown-15m-1774830600,1774831500,Down,14950080267091814648629348312648578837893192629270890535864656942760220614164,98320144586267452423381508451461032375886669702412152214861693903623550575181,0.45,0.46,308.09,27.0,0.01,0.54,0.55,27.0,308.09,0.01,0.455,0.545,0.080575,0.919425,66546.71
1774830827166,2026-03-30T00:33:47.166,btc-updown-15m-1774830600,1774831500,Down,14950080267091814648629348312648578837893192629270890535864656942760220614164,98320144586267452423381508451461032375886669702412152214861693903623550575181,0.45,0.46,680.09,27.0,0.01,0.54,0.55,27.0,680.09,0.01,0.455,0.545,0.038185,0.961815,66546.71
1774830828166,2026-03-30T00:33:48.166,btc-updown-15m-1774830600,1774831500,Down,14950080267091814648629348312648578837893192629270890535864656942760220614164,98320144586267452423381508451461032375886669702412152214861693903623550575181,0.43,0.44,370.5,2.8,0.01,0.56,0.57,2.8,370.5,0.01,0.435,0.565,0.007501,0.992499,66546.71
1774830829166,2026-03-30T00:33:49.166,btc-updown-15m-1774830600,1774831500,Down,14950080267091814648629348312648578837893192629270890535864656942760220614164,98320144586267452423381508451461032375886669702412152214861693903623550575181,0.41,0.44,521.91,1203.58,0.03,0.56,0.59,1203.58,521.91,0.03,0.425,0.575,0.697529,0.302471,66534.06
1774830830167,2026-03-30T00:33:50.167,btc-updown-15m-1774830600,1774831500,Down,14950080267091814648629348312648578837893192629270890535864656942760220614164,98320144586267452423381508451461032375886669702412152214861693903623550575181,0.41,0.44,521.91,1203.58,0.03,0.56,0.59,1203.58,521.91,0.03,0.425,0.575,0.697529,0.302471,66534.06
1774830831168,2026-03-30T00:33:51.168,btc-updown-15m-1774830600,1774831500,Down,14950080267091814648629348312648578837893192629270890535864656942760220614164,98320144586267452423381508451461032375886669702412152214861693903623550575181,0.41,0.44,521.91,1203.58,0.03,0.56,0.59,1203.58,521.91,0.03,0.425,0.575,0.697529,0.302471,66534.06
1774830832170,2026-03-30T00:33:52.170,btc-updown-15m-1774830600,1774831500,Down,14950080267091814648629348312648578837893192629270890535864656942760220614164,98320144586267452423381508451461032375886669702412152214861693903623550575181,0.43,0.45,21.48,10.0,0.02,0.55,0.57,10.0,21.48,0.02,0.44,0.56,0.317662,0.682338,66540.15
1774830833170,2026-03-30T00:33:53.170,btc-updown-15m-1774830600,1774831500,Down,14950080267091814648629348312648578837893192629270890535864656942760220614164,98320144586267452423381508451461032375886669702412152214861693903623550575181,0.44,0.45,3.7,291.6,0.01,0.55,0.56,291.6,3.7,0.01,0.445,0.555,0.98747,0.01253,66540.15
1774830834170,2026-03-30T00:33:54.170,btc-updown-15m-1774830600,1774831500,Down,14950080267091814648629348312648578837893192629270890535864656942760220614164,98320144586267452423381508451461032375886669702412152214861693903623550575181,0.44,0.45,3.7,291.6,0.01,0.55,0.56,291.6,3.7,0.01,0.445,0.555,0.98747,0.01253,66540.15
1774830835171,2026-03-30T00:33:55.171,btc-updown-15m-1774830600,1774831500,Down,14950080267091814648629348312648578837893192629270890535864656942760220614164,98320144586267452423381508451461032375886669702412152214861693903623550575181,0.41,0.43,67.5,1102.08,0.02,0.57,0.59,1102.08,67.5,0.02,0.42,0.58,0.942287,0.057713,66533.4
1774830836171,2026-03-30T00:33:56.171,btc-updown-15m-1774830600,1774831500,Down,14950080267091814648629348312648578837893192629270890535864656942760220614164,98320144586267452423381508451461032375886669702412152214861693903623550575181,0.41,0.43,67.5,1102.08,0.02,0.57,0.59,1102.08,67.5,0.02,0.42,0.58,0.942287,0.057713,66533.4
1774830837172,2026-03-30T00:33:57.172,btc-updown-15m-1774830600,1774831500,Down,14950080267091814648629348312648578837893192629270890535864656942760220614164,98320144586267452423381508451461032375886669702412152214861693903623550575181,0.41,0.42,90.34,303.08,0.01,0.58,0.59,303.08,90.34,0.01,0.415,0.585,0.770373,0.229627,66533.4
1774830838173,2026-03-30T00:33:58.173,btc-updown-15m-1774830600,1774831500,Down,14950080267091814648629348312648578837893192629270890535864656942760220614164,98320144586267452423381508451461032375886669702412152214861693903623550575181,0.41,0.42,90.34,303.08,0.01,0.58,0.59,303.08,90.34,0.01,0.415,0.585,0.770373,0.229627,66523.8
1774830839174,2026-03-30T00:33:59.174,btc-updown-15m-1774830600,1774831500,Down,14950080267091814648629348312648578837893192629270890535864656942760220614164,98320144586267452423381508451461032375886669702412152214861693903623550575181,0.4,0.41,25.06,1139.89,0.01,0.59,0.6,1139.89,25.06,0.01,0.405,0.595,0.978488,0.021512,66523.8
1774830840175,2026-03-30T00:34:00.175,btc-updown-15m-1774830600,1774831500,Down,14950080267091814648629348312648578837893192629270890535864656942760220614164,98320144586267452423381508451461032375886669702412152214861693903623550575181,0.4,0.41,25.06,1139.89,0.01,0.59,0.6,1139.89,25.06,0.01,0.405,0.595,0.978488,0.021512,66523.8
1774830841175,2026-03-30T00:34:01.175,btc-updown-15m-1774830600,1774831500,Down,14950080267091814648629348312648578837893192629270890535864656942760220614164,98320144586267452423381508451461032375886669702412152214861693903623550575181,0.4,0.43,467.34,1117.89,0.03,0.57,0.6,1117.89,467.34,0.03,0.415,0.585,0.705191,0.294809,66523.92
1774830842176,2026-03-30T00:34:02.176,btc-updown-15m-1774830600,1774831500,Down,14950080267091814648629348312648578837893192629270890535864656942760220614164,98320144586267452423381508451461032375886669702412152214861693903623550575181,0.4,0.43,467.34,1117.89,0.03,0.57,0.6,1117.89,467.34,0.03,0.415,0.585,0.705191,0.294809,66523.92
1774830843176,2026-03-30T00:34:03.176,btc-updown-15m-1774830600,1774831500,Down,14950080267091814648629348312648578837893192629270890535864656942760220614164,98320144586267452423381508451461032375886669702412152214861693903623550575181,0.37,0.38,80.5,139.04,0.01,0.62,0.63,147.84,80.5,0.01,0.375,0.625,0.633324,0.352544,66523.92
1774830844177,2026-03-30T00:34:04.177,btc-updown-15m-1774830600,1774831500,Down,14950080267091814648629348312648578837893192629270890535864656942760220614164,98320144586267452423381508451461032375886669702412152214861693903623550575181,0.35,0.36,349.22,1046.13,0.01,0.64,0.65,1046.13,349.22,0.01,0.355,0.645,0.749726,0.250274,66479.68
1774830845177,2026-03-30T00:34:05.177,btc-updown-15m-1774830600,1774831500,Down,14950080267091814648629348312648578837893192629270890535864656942760220614164,98320144586267452423381508451461032375886669702412152214861693903623550575181,0.34,0.35,50.0,1157.15,0.01,0.65,0.66,1157.15,50.0,0.01,0.345,0.655,0.95858,0.04142,66479.68
1774830846177,2026-03-30T00:34:06.177,btc-updown-15m-1774830600,1774831500,Down,14950080267091814648629348312648578837893192629270890535864656942760220614164,98320144586267452423381508451461032375886669702412152214861693903623550575181,0.34,0.35,555.57,1844.8,0.01,0.65,0.66,1844.8,555.57,0.01,0.345,0.655,0.768548,0.231452,66479.68
1774830847178,2026-03-30T00:34:07.178,btc-updown-15m-1774830600,1774831500,Down,14950080267091814648629348312648578837893192629270890535864656942760220614164,98320144586267452423381508451461032375886669702412152214861693903623550575181,0.36,0.37,210.0,61.71,0.01,0.63,0.64,61.71,210.0,0.01,0.365,0.635,0.227117,0.772883,66497.48
1774830848178,2026-03-30T00:34:08.178,btc-updown-15m-1774830600,1774831500,Down,14950080267091814648629348312648578837893192629270890535864656942760220614164,98320144586267452423381508451461032375886669702412152214861693903623550575181,0.39,0.4,322.0,159.0,0.01,0.6,0.61,159.0,322.0,0.01,0.395,0.605,0.330561,0.669439,66497.48
1774830849178,2026-03-30T00:34:09.178,btc-updown-15m-1774830600,1774831500,Down,14950080267091814648629348312648578837893192629270890535864656942760220614164,98320144586267452423381508451461032375886669702412152214861693903623550575181,0.39,0.4,6.14,967.5,0.01,0.6,0.61,967.5,6.14,0.01,0.395,0.605,0.993694,0.006306,66497.48
1774830850179,2026-03-30T00:34:10.179,btc-updown-15m-1774830600,1774831500,Down,14950080267091814648629348312648578837893192629270890535864656942760220614164,98320144586267452423381508451461032375886669702412152214861693903623550575181,0.39,0.4,33.14,1234.5,0.01,0.6,0.61,1234.5,33.14,0.01,0.395,0.605,0.973857,0.026143,66512.0
1774830851180,2026-03-30T00:34:11.180,btc-updown-15m-1774830600,1774831500,Down,14950080267091814648629348312648578837893192629270890535864656942760220614164,98320144586267452423381508451461032375886669702412152214861693903623550575181,0.39,0.4,7.19,956.5,0.01,0.6,0.61,956.5,7.19,0.01,0.395,0.605,0.992539,0.007461,66512.0
1774830852180,2026-03-30T00:34:12.180,btc-updown-15m-1774830600,1774831500,Down,14950080267091814648629348312648578837893192629270890535864656942760220614164,98320144586267452423381508451461032375886669702412152214861693903623550575181,0.4,0.41,425.0,59.0,0.01,0.59,0.6,59.0,425.0,0.01,0.405,0.595,0.121901,0.878099,66512.0
1774830853181,2026-03-30T00:34:13.181,btc-updown-15m-1774830600,1774831500,Down,14950080267091814648629348312648578837893192629270890535864656942760220614164,98320144586267452423381508451461032375886669702412152214861693903623550575181,0.38,0.4,1386.5,83.5,0.02,0.6,0.62,83.5,1386.5,0.02,0.39,0.61,0.056803,0.943197,66509.7
1774830854181,2026-03-30T00:34:14.181,btc-updown-15m-1774830600,1774831500,Down,14950080267091814648629348312648578837893192629270890535864656942760220614164,98320144586267452423381508451461032375886669702412152214861693903623550575181,0.39,0.4,1351.5,25.8,0.01,0.6,0.61,25.8,1351.5,0.01,0.395,0.605,0.018732,0.981268,66509.7
1774830855182,2026-03-30T00:34:15.182,btc-updown-15m-1774830600,1774831500,Down,14950080267091814648629348312648578837893192629270890535864656942760220614164,98320144586267452423381508451461032375886669702412152214861693903623550575181,0.39,0.4,1351.5,25.8,0.01,0.6,0.61,25.8,1351.5,0.01,0.395,0.605,0.018732,0.981268,66509.7
1774830856182,2026-03-30T00:34:16.182,btc-updown-15m-1774830600,1774831500,Down,14950080267091814648629348312648578837893192629270890535864656942760220614164,98320144586267452423381508451461032375886669702412152214861693903623550575181,0.39,0.4,1351.5,25.8,0.01,0.6,0.61,25.8,1351.5,0.01,0.395,0.605,0.018732,0.981268,66505.71
1774830857183,2026-03-30T00:34:17.183,btc-updown-15m-1774830600,1774831500,Down,14950080267091814648629348312648578837893192629270890535864656942760220614164,98320144586267452423381508451461032375886669702412152214861693903623550575181,0.38,0.39,71.08,127.5,0.01,0.61,0.62,127.5,71.08,0.01,0.385,0.615,0.642059,0.357941,66505.71
1774830858184,2026-03-30T00:34:18.184,btc-updown-15m-1774830600,1774831500,Down,14950080267091814648629348312648578837893192629270890535864656942760220614164,98320144586267452423381508451461032375886669702412152214861693903623550575181,0.38,0.39,71.05,127.5,0.01,0.61,0.62,127.5,71.05,0.01,0.385,0.615,0.642156,0.357844,66505.71
1774830859185,2026-03-30T00:34:19.185,btc-updown-15m-1774830600,1774831500,Down,14950080267091814648629348312648578837893192629270890535864656942760220614164,98320144586267452423381508451461032375886669702412152214861693903623550575181,0.38,0.39,71.05,127.5,0.01,0.61,0.62,127.5,71.05,0.01,0.385,0.615,0.642156,0.357844,66505.71
1774830860185,2026-03-30T00:34:20.185,btc-updown-15m-1774830600,1774831500,Down,14950080267091814648629348312648578837893192629270890535864656942760220614164,98320144586267452423381508451461032375886669702412152214861693903623550575181,0.36,0.39,596.28,858.0,0.03,0.61,0.64,858.0,596.28,0.03,0.375,0.625,0.589983,0.410017,66505.71
1774830861185,2026-03-30T00:34:21.185,btc-updown-15m-1774830600,1774831500,Down,14950080267091814648629348312648578837893192629270890535864656942760220614164,98320144586267452423381508451461032375886669702412152214861693903623550575181,0.36,0.39,596.28,858.0,0.03,0.61,0.64,858.0,596.28,0.03,0.375,0.625,0.589983,0.410017,66505.71
1774830862186,2026-03-30T00:34:22.186,btc-updown-15m-1774830600,1774831500,Down,14950080267091814648629348312648578837893192629270890535864656942760220614164,98320144586267452423381508451461032375886669702412152214861693903623550575181,0.35,0.38,590.05,847.5,0.03,0.62,0.65,847.5,590.05,0.03,0.365,0.635,0.589545,0.410455,66493.52
1774830863187,2026-03-30T00:34:23.187,btc-updown-15m-1774830600,1774831500,Down,14950080267091814648629348312648578837893192629270890535864656942760220614164,98320144586267452423381508451461032375886669702412152214861693903623550575181,0.36,0.38,66.78,366.5,0.02,0.62,0.64,366.5,66.78,0.02,0.37,0.63,0.845873,0.154127,66493.52
1774830864188,2026-03-30T00:34:24.188,btc-updown-15m-1774830600,1774831500,Down,14950080267091814648629348312648578837893192629270890535864656942760220614164,98320144586267452423381508451461032375886669702412152214861693903623550575181,0.36,0.38,66.78,366.5,0.02,0.62,0.64,366.5,66.78,0.02,0.37,0.63,0.845873,0.154127,66493.52
1774830865189,2026-03-30T00:34:25.189,btc-updown-15m-1774830600,1774831500,Down,14950080267091814648629348312648578837893192629270890535864656942760220614164,98320144586267452423381508451461032375886669702412152214861693903623550575181,0.37,0.39,399.57,596.73,0.02,0.61,0.63,596.73,399.57,0.02,0.38,0.62,0.598946,0.401054,66497.82
1774830866191,2026-03-30T00:34:26.191,btc-updown-15m-1774830600,1774831500,Down,14950080267091814648629348312648578837893192629270890535864656942760220614164,98320144586267452423381508451461032375886669702412152214861693903623550575181,0.37,0.39,399.57,596.73,0.02,0.61,0.63,596.73,399.57,0.02,0.38,0.62,0.598946,0.401054,66497.82
1774830867191,2026-03-30T00:34:27.191,btc-updown-15m-1774830600,1774831500,Down,14950080267091814648629348312648578837893192629270890535864656942760220614164,98320144586267452423381508451461032375886669702412152214861693903623550575181,0.37,0.38,90.0,95.5,0.01,0.62,0.63,95.5,90.0,0.01,0.375,0.625,0.514825,0.485175,66497.82
1774830868192,2026-03-30T00:34:28.192,btc-updown-15m-1774830600,1774831500,Down,14950080267091814648629348312648578837893192629270890535864656942760220614164,98320144586267452423381508451461032375886669702412152214861693903623550575181,0.39,0.4,28.52,42.0,0.01,0.6,0.61,42.0,28.52,0.01,0.395,0.605,0.595576,0.404424,66511.14
1774830869192,2026-03-30T00:34:29.192,btc-updown-15m-1774830600,1774831500,Down,14950080267091814648629348312648578837893192629270890535864656942760220614164,98320144586267452423381508451461032375886669702412152214861693903623550575181,0.38,0.39,80.0,32.5,0.01,0.61,0.62,32.5,80.0,0.01,0.385,0.615,0.288889,0.711111,66511.14
1774830870192,2026-03-30T00:34:30.192,btc-updown-15m-1774830600,1774831500,Down,14950080267091814648629348312648578837893192629270890535864656942760220614164,98320144586267452423381508451461032375886669702412152214861693903623550575181,0.38,0.39,140.0,27.5,0.01,0.61,0.62,27.5,140.0,0.01,0.385,0.615,0.164179,0.835821,66511.14
1774830871193,2026-03-30T00:34:31.193,btc-updown-15m-1774830600,1774831500,Down,14950080267091814648629348312648578837893192629270890535864656942760220614164,98320144586267452423381508451461032375886669702412152214861693903623550575181,0.35,0.37,86.5,2009.5,0.02,0.63,0.65,2009.5,86.5,0.02,0.36,0.64,0.958731,0.041269,66501.94
1774830872194,2026-03-30T00:34:32.194,btc-updown-15m-1774830600,1774831500,Down,14950080267091814648629348312648578837893192629270890535864656942760220614164,98320144586267452423381508451461032375886669702412152214861693903623550575181,0.36,0.37,189.5,71.5,0.01,0.63,0.64,71.5,189.5,0.01,0.365,0.635,0.273946,0.726054,66501.94
1774830873195,2026-03-30T00:34:33.195,btc-updown-15m-1774830600,1774831500,Down,14950080267091814648629348312648578837893192629270890535864656942760220614164,98320144586267452423381508451461032375886669702412152214861693903623550575181,0.36,0.37,189.5,71.5,0.01,0.63,0.64,71.5,189.5,0.01,0.365,0.635,0.273946,0.726054,66501.94
1774830874195,2026-03-30T00:34:34.195,btc-updown-15m-1774830600,1774831500,Down,14950080267091814648629348312648578837893192629270890535864656942760220614164,98320144586267452423381508451461032375886669702412152214861693903623550575181,0.36,0.37,8.54,583.5,0.01,0.63,0.64,583.5,8.54,0.01,0.365,0.635,0.985575,0.014425,66501.94
1774830875196,2026-03-30T00:34:35.196,btc-updown-15m-1774830600,1774831500,Down,14950080267091814648629348312648578837893192629270890535864656942760220614164,98320144586267452423381508451461032375886669702412152214861693903623550575181,0.36,0.37,8.54,583.5,0.01,0.63,0.64,583.5,8.54,0.01,0.365,0.635,0.985575,0.014425,66501.94
1774830876196,2026-03-30T00:34:36.196,btc-updown-15m-1774830600,1774831500,Down,14950080267091814648629348312648578837893192629270890535864656942760220614164,98320144586267452423381508451461032375886669702412152214861693903623550575181,0.35,0.36,105.25,58.5,0.01,0.64,0.65,58.5,105.25,0.01,0.355,0.645,0.357252,0.642748,66501.94
1774830877197,2026-03-30T00:34:37.197,btc-updown-15m-1774830600,1774831500,Down,14950080267091814648629348312648578837893192629270890535864656942760220614164,98320144586267452423381508451461032375886669702412152214861693903623550575181,0.35,0.36,105.25,58.5,0.01,0.64,0.65,58.5,105.25,0.01,0.355,0.645,0.357252,0.642748,66491.99
1774830878197,2026-03-30T00:34:38.197,btc-updown-15m-1774830600,1774831500,Down,14950080267091814648629348312648578837893192629270890535864656942760220614164,98320144586267452423381508451461032375886669702412152214861693903623550575181,0.33,0.34,425.25,162.18,0.01,0.66,0.67,162.18,425.25,0.01,0.335,0.665,0.276084,0.723916,66491.99
1774830879198,2026-03-30T00:34:39.198,btc-updown-15m-1774830600,1774831500,Down,14950080267091814648629348312648578837893192629270890535864656942760220614164,98320144586267452423381508451461032375886669702412152214861693903623550575181,0.33,0.34,131.1,673.25,0.01,0.66,0.67,673.25,131.1,0.01,0.335,0.665,0.837011,0.162989,66491.99
1774830880198,2026-03-30T00:34:40.198,btc-updown-15m-1774830600,1774831500,Down,14950080267091814648629348312648578837893192629270890535864656942760220614164,98320144586267452423381508451461032375886669702412152214861693903623550575181,0.34,0.35,18.28,303.98,0.01,0.65,0.66,303.98,18.28,0.01,0.345,0.655,0.943276,0.056724,66483.12
1774830881199,2026-03-30T00:34:41.199,btc-updown-15m-1774830600,1774831500,Down,14950080267091814648629348312648578837893192629270890535864656942760220614164,98320144586267452423381508451461032375886669702412152214861693903623550575181,0.35,0.36,319.25,17.0,0.01,0.64,0.65,17.0,319.25,0.01,0.355,0.645,0.050558,0.949442,66483.12
1774830882200,2026-03-30T00:34:42.200,btc-updown-15m-1774830600,1774831500,Down,14950080267091814648629348312648578837893192629270890535864656942760220614164,98320144586267452423381508451461032375886669702412152214861693903623550575181,0.34,0.35,167.92,45.0,0.01,0.65,0.66,45.0,167.92,0.01,0.345,0.655,0.211347,0.788653,66483.12
1774830883201,2026-03-30T00:34:43.201,btc-updown-15m-1774830600,1774831500,Down,14950080267091814648629348312648578837893192629270890535864656942760220614164,98320144586267452423381508451461032375886669702412152214861693903623550575181,0.34,0.35,119.7,45.0,0.01,0.65,0.66,45.0,119.7,0.01,0.345,0.655,0.273224,0.726776,66483.12
1774830884201,2026-03-30T00:34:44.201,btc-updown-15m-1774830600,1774831500,Down,14950080267091814648629348312648578837893192629270890535864656942760220614164,98320144586267452423381508451461032375886669702412152214861693903623550575181,0.37,0.39,20.0,322.0,0.02,0.61,0.63,322.0,20.0,0.02,0.38,0.62,0.94152,0.05848,66483.12
1774830885202,2026-03-30T00:34:45.202,btc-updown-15m-1774830600,1774831500,Down,14950080267091814648629348312648578837893192629270890535864656942760220614164,98320144586267452423381508451461032375886669702412152214861693903623550575181,0.36,0.38,38.0,48.0,0.02,0.62,0.64,48.0,38.0,0.02,0.37,0.63,0.55814,0.44186,66483.12
1774830886203,2026-03-30T00:34:46.203,btc-updown-15m-1774830600,1774831500,Down,14950080267091814648629348312648578837893192629270890535864656942760220614164,98320144586267452423381508451461032375886669702412152214861693903623550575181,0.36,0.37,582.75,14.68,0.01,0.63,0.64,14.68,582.75,0.01,0.365,0.635,0.024572,0.975428,66492.79
1774830887204,2026-03-30T00:34:47.204,btc-updown-15m-1774830600,1774831500,Down,14950080267091814648629348312648578837893192629270890535864656942760220614164,98320144586267452423381508451461032375886669702412152214861693903623550575181,0.36,0.37,582.75,14.68,0.01,0.63,0.64,14.68,582.75,0.01,0.365,0.635,0.024572,0.975428,66492.79
1774830888204,2026-03-30T00:34:48.204,btc-updown-15m-1774830600,1774831500,Down,14950080267091814648629348312648578837893192629270890535864656942760220614164,98320144586267452423381508451461032375886669702412152214861693903623550575181,0.36,0.37,582.75,14.68,0.01,0.63,0.64,14.68,582.75,0.01,0.365,0.635,0.024572,0.975428,66492.79
1774830889205,2026-03-30T00:34:49.205,btc-updown-15m-1774830600,1774831500,Down,14950080267091814648629348312648578837893192629270890535864656942760220614164,98320144586267452423381508451461032375886669702412152214861693903623550575181,0.34,0.35,77.5,379.5,0.01,0.65,0.66,379.5,77.5,0.01,0.345,0.655,0.830416,0.169584,66486.81
1774830890206,2026-03-30T00:34:50.206,btc-updown-15m-1774830600,1774831500,Down,14950080267091814648629348312648578837893192629270890535864656942760220614164,98320144586267452423381508451461032375886669702412152214861693903623550575181,0.37,0.38,15.97,324.84,0.01,0.62,0.63,324.84,15.97,0.01,0.375,0.625,0.953141,0.046859,66486.81
1774830891206,2026-03-30T00:34:51.206,btc-updown-15m-1774830600,1774831500,Down,14950080267091814648629348312648578837893192629270890535864656942760220614164,98320144586267452423381508451461032375886669702412152214861693903623550575181,0.37,0.38,15.97,324.84,0.01,0.62,0.63,324.84,15.97,0.01,0.375,0.625,0.953141,0.046859,66486.81
1774830892207,2026-03-30T00:34:52.207,btc-updown-15m-1774830600,1774831500,Down,14950080267091814648629348312648578837893192629270890535864656942760220614164,98320144586267452423381508451461032375886669702412152214861693903623550575181,0.36,0.38,1306.5,278.0,0.02,0.62,0.64,278.0,1306.5,0.02,0.37,0.63,0.17545,0.82455,66497.59
1774830893207,2026-03-30T00:34:53.207,btc-updown-15m-1774830600,1774831500,Down,14950080267091814648629348312648578837893192629270890535864656942760220614164,98320144586267452423381508451461032375886669702412152214861693903623550575181,0.36,0.37,222.0,540.31,0.01,0.63,0.64,540.31,222.0,0.01,0.365,0.635,0.70878,0.29122,66497.59
1774830894208,2026-03-30T00:34:54.208,btc-updown-15m-1774830600,1774831500,Down,14950080267091814648629348312648578837893192629270890535864656942760220614164,98320144586267452423381508451461032375886669702412152214861693903623550575181,0.36,0.37,222.0,540.31,0.01,0.63,0.64,540.31,222.0,0.01,0.365,0.635,0.70878,0.29122,66497.59
1774830895209,2026-03-30T00:34:55.209,btc-updown-15m-1774830600,1774831500,Down,14950080267091814648629348312648578837893192629270890535864656942760220614164,98320144586267452423381508451461032375886669702412152214861693903623550575181,0.36,0.37,222.0,540.31,0.01,0.63,0.64,540.31,222.0,0.01,0.365,0.635,0.70878,0.29122,66498.35
1774830896209,2026-03-30T00:34:56.209,btc-updown-15m-1774830600,1774831500,Down,14950080267091814648629348312648578837893192629270890535864656942760220614164,98320144586267452423381508451461032375886669702412152214861693903623550575181,0.36,0.37,222.0,540.31,0.01,0.63,0.64,540.31,222.0,0.01,0.365,0.635,0.70878,0.29122,66498.35
1774830897210,2026-03-30T00:34:57.210,btc-updown-15m-1774830600,1774831500,Down,14950080267091814648629348312648578837893192629270890535864656942760220614164,98320144586267452423381508451461032375886669702412152214861693903623550575181,0.39,0.41,120.0,317.0,0.02,0.59,0.61,317.0,120.0,0.02,0.4,0.6,0.7254,0.2746,66498.35
1774830898211,2026-03-30T00:34:58.211,btc-updown-15m-1774830600,1774831500,Down,14950080267091814648629348312648578837893192629270890535864656942760220614164,98320144586267452423381508451461032375886669702412152214861693903623550575181,0.37,0.4,289.5,102.0,0.03,0.6,0.63,102.0,289.5,0.03,0.385,0.615,0.260536,0.739464,66507.64
1774830899211,2026-03-30T00:34:59.211,btc-updown-15m-1774830600,1774831500,Down,14950080267091814648629348312648578837893192629270890535864656942760220614164,98320144586267452423381508451461032375886669702412152214861693903623550575181,0.38,0.39,101.0,44.46,0.01,0.61,0.62,20.26,121.0,0.01,0.385,0.615,0.305651,0.856577,66507.64
1774830900212,2026-03-30T00:35:00.212,btc-updown-15m-1774830600,1774831500,Down,14950080267091814648629348312648578837893192629270890535864656942760220614164,98320144586267452423381508451461032375886669702412152214861693903623550575181,0.38,0.39,121.0,30.02,0.01,0.61,0.62,30.02,121.0,0.01,0.385,0.615,0.198782,0.801218,66507.64
1774830901213,2026-03-30T00:35:01.213,btc-updown-15m-1774830600,1774831500,Down,14950080267091814648629348312648578837893192629270890535864656942760220614164,98320144586267452423381508451461032375886669702412152214861693903623550575181,0.37,0.39,302.49,12.17,0.02,0.61,0.63,12.17,302.49,0.02,0.38,0.62,0.038677,0.961323,66509.58
1774830902214,2026-03-30T00:35:02.214,btc-updown-15m-1774830600,1774831500,Down,14950080267091814648629348312648578837893192629270890535864656942760220614164,98320144586267452423381508451461032375886669702412152214861693903623550575181,0.39,0.4,57.5,356.81,0.01,0.6,0.61,356.81,57.5,0.01,0.395,0.605,0.861215,0.138785,66509.58
1774830903215,2026-03-30T00:35:03.215,btc-updown-15m-1774830600,1774831500,Down,14950080267091814648629348312648578837893192629270890535864656942760220614164,98320144586267452423381508451461032375886669702412152214861693903623550575181,0.36,0.37,78.5,40.43,0.01,0.63,0.64,40.43,78.5,0.01,0.365,0.635,0.339948,0.660052,66509.58
1774830904216,2026-03-30T00:35:04.216,btc-updown-15m-1774830600,1774831500,Down,14950080267091814648629348312648578837893192629270890535864656942760220614164,98320144586267452423381508451461032375886669702412152214861693903623550575181,0.36,0.37,208.75,20.36,0.01,0.63,0.64,20.36,208.75,0.01,0.365,0.635,0.088866,0.911134,66493.34
1774830905217,2026-03-30T00:35:05.217,btc-updown-15m-1774830600,1774831500,Down,14950080267091814648629348312648578837893192629270890535864656942760220614164,98320144586267452423381508451461032375886669702412152214861693903623550575181,0.34,0.35,417.49,20.0,0.01,0.65,0.66,20.0,417.49,0.01,0.345,0.655,0.045715,0.954285,66493.34
1774830906218,2026-03-30T00:35:06.218,btc-updown-15m-1774830600,1774831500,Down,14950080267091814648629348312648578837893192629270890535864656942760220614164,98320144586267452423381508451461032375886669702412152214861693903623550575181,0.34,0.35,94.0,37.69,0.01,0.65,0.66,37.69,94.0,0.01,0.345,0.655,0.286202,0.713798,66493.34
1774830907219,2026-03-30T00:35:07.219,btc-updown-15m-1774830600,1774831500,Down,14950080267091814648629348312648578837893192629270890535864656942760220614164,98320144586267452423381508451461032375886669702412152214861693903623550575181,0.33,0.35,33.64,457.57,0.02,0.65,0.67,457.57,33.64,0.02,0.34,0.66,0.931516,0.068484,66480.13
1774830908220,2026-03-30T00:35:08.220,btc-updown-15m-1774830600,1774831500,Down,14950080267091814648629348312648578837893192629270890535864656942760220614164,98320144586267452423381508451461032375886669702412152214861693903623550575181,0.34,0.35,46.14,220.42,0.01,0.65,0.66,220.42,46.14,0.01,0.345,0.655,0.826906,0.173094,66480.13
1774830909221,2026-03-30T00:35:09.221,btc-updown-15m-1774830600,1774831500,Down,14950080267091814648629348312648578837893192629270890535864656942760220614164,98320144586267452423381508451461032375886669702412152214861693903623550575181,0.35,0.36,98.06,245.76,0.01,0.64,0.65,245.76,98.06,0.01,0.355,0.645,0.714793,0.285207,66480.13
1774830910221,2026-03-30T00:35:10.221,btc-updown-15m-1774830600,1774831500,Down,14950080267091814648629348312648578837893192629270890535864656942760220614164,98320144586267452423381508451461032375886669702412152214861693903623550575181,0.34,0.35,72.2,152.85,0.01,0.65,0.66,152.85,72.2,0.01,0.345,0.655,0.679182,0.320818,66472.62
1774830911222,2026-03-30T00:35:11.222,btc-updown-15m-1774830600,1774831500,Down,14950080267091814648629348312648578837893192629270890535864656942760220614164,98320144586267452423381508451461032375886669702412152214861693903623550575181,0.33,0.34,228.5,311.57,0.01,0.66,0.67,311.57,228.5,0.01,0.335,0.665,0.576907,0.423093,66472.62
1774830912223,2026-03-30T00:35:12.223,btc-updown-15m-1774830600,1774831500,Down,14950080267091814648629348312648578837893192629270890535864656942760220614164,98320144586267452423381508451461032375886669702412152214861693903623550575181,0.33,0.34,228.5,311.57,0.01,0.66,0.67,311.57,228.5,0.01,0.335,0.665,0.576907,0.423093,66472.62
1774830913224,2026-03-30T00:35:13.224,btc-updown-15m-1774830600,1774831500,Down,14950080267091814648629348312648578837893192629270890535864656942760220614164,98320144586267452423381508451461032375886669702412152214861693903623550575181,0.33,0.34,228.5,311.57,0.01,0.66,0.67,311.57,228.5,0.01,0.335,0.665,0.576907,0.423093,66469.71
1774830914224,2026-03-30T00:35:14.224,btc-updown-15m-1774830600,1774831500,Down,14950080267091814648629348312648578837893192629270890535864656942760220614164,98320144586267452423381508451461032375886669702412152214861693903623550575181,0.31,0.33,50.0,313.5,0.02,0.67,0.69,313.5,50.0,0.02,0.32,0.68,0.862448,0.137552,66469.71
1774830915225,2026-03-30T00:35:15.225,btc-updown-15m-1774830600,1774831500,Down,14950080267091814648629348312648578837893192629270890535864656942760220614164,98320144586267452423381508451461032375886669702412152214861693903623550575181,0.31,0.32,273.43,40.0,0.01,0.68,0.69,40.0,273.43,0.01,0.315,0.685,0.12762,0.87238,66469.71
1774830916225,2026-03-30T00:35:16.225,btc-updown-15m-1774830600,1774831500,Down,14950080267091814648629348312648578837893192629270890535864656942760220614164,98320144586267452423381508451461032375886669702412152214861693903623550575181,0.31,0.32,249.43,35.0,0.01,0.68,0.69,35.0,249.43,0.01,0.315,0.685,0.123053,0.876947,66462.51
1774830917225,2026-03-30T00:35:17.225,btc-updown-15m-1774830600,1774831500,Down,14950080267091814648629348312648578837893192629270890535864656942760220614164,98320144586267452423381508451461032375886669702412152214861693903623550575181,0.31,0.32,352.23,5.0,0.01,0.68,0.69,5.0,352.23,0.01,0.315,0.685,0.013997,0.986003,66462.51
1774830918227,2026-03-30T00:35:18.227,btc-updown-15m-1774830600,1774831500,Down,14950080267091814648629348312648578837893192629270890535864656942760220614164,98320144586267452423381508451461032375886669702412152214861693903623550575181,0.3,0.32,155.44,407.5,0.02,0.68,0.7,407.5,155.44,0.02,0.31,0.69,0.723878,0.276122,66462.51
1774830919227,2026-03-30T00:35:19.227,btc-updown-15m-1774830600,1774831500,Down,14950080267091814648629348312648578837893192629270890535864656942760220614164,98320144586267452423381508451461032375886669702412152214861693903623550575181,0.3,0.31,95.5,21.85,0.01,0.69,0.7,21.85,95.5,0.01,0.305,0.695,0.186195,0.813805,66456.56
1774830920228,2026-03-30T00:35:20.228,btc-updown-15m-1774830600,1774831500,Down,14950080267091814648629348312648578837893192629270890535864656942760220614164,98320144586267452423381508451461032375886669702412152214861693903623550575181,0.28,0.29,38.0,242.5,0.01,0.71,0.72,242.5,38.0,0.01,0.285,0.715,0.864528,0.135472,66456.56
1774830921229,2026-03-30T00:35:21.229,btc-updown-15m-1774830600,1774831500,Down,14950080267091814648629348312648578837893192629270890535864656942760220614164,98320144586267452423381508451461032375886669702412152214861693903623550575181,0.26,0.28,205.29,515.34,0.02,0.72,0.74,515.34,205.29,0.02,0.27,0.73,0.715124,0.284876,66456.56
1774830922229,2026-03-30T00:35:22.229,btc-updown-15m-1774830600,1774831500,Down,14950080267091814648629348312648578837893192629270890535864656942760220614164,98320144586267452423381508451461032375886669702412152214861693903623550575181,0.25,0.27,280.75,328.92,0.02,0.73,0.75,328.92,280.75,0.02,0.26,0.74,0.539505,0.460495,66428.19
1774830923230,2026-03-30T00:35:23.230,btc-updown-15m-1774830600,1774831500,Down,14950080267091814648629348312648578837893192629270890535864656942760220614164,98320144586267452423381508451461032375886669702412152214861693903623550575181,0.25,0.26,128.08,188.12,0.01,0.74,0.75,188.12,128.08,0.01,0.255,0.745,0.59494,0.40506,66428.19
1774830924230,2026-03-30T00:35:24.230,btc-updown-15m-1774830600,1774831500,Down,14950080267091814648629348312648578837893192629270890535864656942760220614164,98320144586267452423381508451461032375886669702412152214861693903623550575181,0.25,0.26,450.83,9.05,0.01,0.74,0.75,9.05,450.83,0.01,0.255,0.745,0.019679,0.980321,66428.19
1774830925231,2026-03-30T00:35:25.231,btc-updown-15m-1774830600,1774831500,Down,14950080267091814648629348312648578837893192629270890535864656942760220614164,98320144586267452423381508451461032375886669702412152214861693903623550575181,0.23,0.24,82.83,421.4,0.01,0.76,0.77,421.4,82.83,0.01,0.235,0.765,0.83573,0.16427,66411.32
1774830926232,2026-03-30T00:35:26.232,btc-updown-15m-1774830600,1774831500,Down,14950080267091814648629348312648578837893192629270890535864656942760220614164,98320144586267452423381508451461032375886669702412152214861693903623550575181,0.24,0.25,116.5,179.4,0.01,0.75,0.76,179.4,116.5,0.01,0.245,0.755,0.606286,0.393714,66411.32
1774830927232,2026-03-30T00:35:27.232,btc-updown-15m-1774830600,1774831500,Down,14950080267091814648629348312648578837893192629270890535864656942760220614164,98320144586267452423381508451461032375886669702412152214861693903623550575181,0.24,0.26,107.0,55.0,0.02,0.74,0.76,55.0,107.0,0.02,0.25,0.75,0.339506,0.660494,66411.32
1774830928233,2026-03-30T00:35:28.233,btc-updown-15m-1774830600,1774831500,Down,14950080267091814648629348312648578837893192629270890535864656942760220614164,98320144586267452423381508451461032375886669702412152214861693903623550575181,0.24,0.25,35.0,287.65,0.01,0.75,0.76,287.65,35.0,0.01,0.245,0.755,0.891523,0.108477,66419.52
1774830929234,2026-03-30T00:35:29.234,btc-updown-15m-1774830600,1774831500,Down,14950080267091814648629348312648578837893192629270890535864656942760220614164,98320144586267452423381508451461032375886669702412152214861693903623550575181,0.25,0.26,159.59,293.0,0.01,0.74,0.75,293.0,159.59,0.01,0.255,0.745,0.647385,0.352615,66419.52
1774830930234,2026-03-30T00:35:30.234,btc-updown-15m-1774830600,1774831500,Down,14950080267091814648629348312648578837893192629270890535864656942760220614164,98320144586267452423381508451461032375886669702412152214861693903623550575181,0.25,0.27,260.52,250.0,0.02,0.73,0.75,250.0,260.52,0.02,0.26,0.74,0.489697,0.510303,66419.52
1774830931234,2026-03-30T00:35:31.234,btc-updown-15m-1774830600,1774831500,Down,14950080267091814648629348312648578837893192629270890535864656942760220614164,98320144586267452423381508451461032375886669702412152214861693903623550575181,0.27,0.28,111.0,3.15,0.01,0.72,0.73,3.15,111.0,0.01,0.275,0.725,0.027595,0.972405,66430.72
1774830932235,2026-03-30T00:35:32.235,btc-updown-15m-1774830600,1774831500,Down,14950080267091814648629348312648578837893192629270890535864656942760220614164,98320144586267452423381508451461032375886669702412152214861693903623550575181,0.27,0.28,134.85,264.0,0.01,0.72,0.73,264.0,134.85,0.01,0.275,0.725,0.661903,0.338097,66430.72
1774830933236,2026-03-30T00:35:33.236,btc-updown-15m-1774830600,1774831500,Down,14950080267091814648629348312648578837893192629270890535864656942760220614164,98320144586267452423381508451461032375886669702412152214861693903623550575181,0.27,0.28,134.85,264.0,0.01,0.72,0.73,264.0,134.85,0.01,0.275,0.725,0.661903,0.338097,66430.72
1774830934237,2026-03-30T00:35:34.237,btc-updown-15m-1774830600,1774831500,Down,14950080267091814648629348312648578837893192629270890535864656942760220614164,98320144586267452423381508451461032375886669702412152214861693903623550575181,0.25,0.26,97.81,223.0,0.01,0.74,0.75,223.0,97.81,0.01,0.255,0.745,0.695115,0.304885,66431.69
1774830935237,2026-03-30T00:35:35.237,btc-updown-15m-1774830600,1774831500,Down,14950080267091814648629348312648578837893192629270890535864656942760220614164,98320144586267452423381508451461032375886669702412152214861693903623550575181,0.26,0.27,5.0,434.64,0.01,0.73,0.74,434.64,5.0,0.01,0.265,0.735,0.988627,0.011373,66431.69
1774830936238,2026-03-30T00:35:36.238,btc-updown-15m-1774830600,1774831500,Down,14950080267091814648629348312648578837893192629270890535864656942760220614164,98320144586267452423381508451461032375886669702412152214861693903623550575181,0.26,0.27,204.86,1173.71,0.01,0.73,0.74,1173.71,204.86,0.01,0.265,0.735,0.851397,0.148603,66431.69
1774830937238,2026-03-30T00:35:37.238,btc-updown-15m-1774830600,1774831500,Down,14950080267091814648629348312648578837893192629270890535864656942760220614164,98320144586267452423381508451461032375886669702412152214861693903623550575181,0.26,0.27,101.15,1125.71,0.01,0.73,0.74,1125.71,101.15,0.01,0.265,0.735,0.917554,0.082446,66431.7
1774830938240,2026-03-30T00:35:38.240,btc-updown-15m-1774830600,1774831500,Down,14950080267091814648629348312648578837893192629270890535864656942760220614164,98320144586267452423381508451461032375886669702412152214861693903623550575181,0.26,0.27,101.15,1125.71,0.01,0.73,0.74,1125.71,101.15,0.01,0.265,0.735,0.917554,0.082446,66431.7
1774830939241,2026-03-30T00:35:39.241,btc-updown-15m-1774830600,1774831500,Down,14950080267091814648629348312648578837893192629270890535864656942760220614164,98320144586267452423381508451461032375886669702412152214861693903623550575181,0.3,0.31,210.0,14.49,0.01,0.69,0.7,90.0,194.96,0.01,0.305,0.695,0.064546,0.684166,66431.7
1774830940241,2026-03-30T00:35:40.241,btc-updown-15m-1774830600,1774831500,Down,14950080267091814648629348312648578837893192629270890535864656942760220614164,98320144586267452423381508451461032375886669702412152214861693903623550575181,0.28,0.29,50.37,81.0,0.01,0.71,0.72,81.0,50.37,0.01,0.285,0.715,0.616579,0.383421,66450.66
1774830941241,2026-03-30T00:35:41.241,btc-updown-15m-1774830600,1774831500,Down,14950080267091814648629348312648578837893192629270890535864656942760220614164,98320144586267452423381508451461032375886669702412152214861693903623550575181,0.28,0.29,50.37,81.0,0.01,0.69,0.7,117.57,40.0,0.01,0.285,0.695,0.616579,0.253855,66450.66
1774830942242,2026-03-30T00:35:42.242,btc-updown-15m-1774830600,1774831500,Down,14950080267091814648629348312648578837893192629270890535864656942760220614164,98320144586267452423381508451461032375886669702412152214861693903623550575181,0.3,0.31,66.0,285.07,0.01,0.69,0.7,285.07,66.0,0.01,0.305,0.695,0.812003,0.187997,66450.66
1774830943242,2026-03-30T00:35:43.242,btc-updown-15m-1774830600,1774831500,Down,14950080267091814648629348312648578837893192629270890535864656942760220614164,98320144586267452423381508451461032375886669702412152214861693903623550575181,0.3,0.31,20.0,86.57,0.01,0.69,0.7,86.57,20.0,0.01,0.305,0.695,0.81233,0.18767,66462.51
1774830944243,2026-03-30T00:35:44.243,btc-updown-15m-1774830600,1774831500,Down,14950080267091814648629348312648578837893192629270890535864656942760220614164,98320144586267452423381508451461032375886669702412152214861693903623550575181,0.3,0.31,7.89,30.0,0.01,0.69,0.7,30.0,7.89,0.01,0.305,0.695,0.791766,0.208234,66462.51
1774830945243,2026-03-30T00:35:45.243,btc-updown-15m-1774830600,1774831500,Down,14950080267091814648629348312648578837893192629270890535864656942760220614164,98320144586267452423381508451461032375886669702412152214861693903623550575181,0.31,0.33,74.4,690.92,0.02,0.67,0.69,690.92,74.4,0.02,0.32,0.68,0.902786,0.097214,66462.51
1774830946244,2026-03-30T00:35:46.244,btc-updown-15m-1774830600,1774831500,Down,14950080267091814648629348312648578837893192629270890535864656942760220614164,98320144586267452423381508451461032375886669702412152214861693903623550575181,0.33,0.34,297.5,49.0,0.01,0.66,0.67,49.0,297.5,0.01,0.335,0.665,0.141414,0.858586,66470.28
1774830947245,2026-03-30T00:35:47.245,btc-updown-15m-1774830600,1774831500,Down,14950080267091814648629348312648578837893192629270890535864656942760220614164,98320144586267452423381508451461032375886669702412152214861693903623550575181,0.33,0.34,65.29,31.93,0.01,0.66,0.67,31.93,65.29,0.01,0.335,0.665,0.32843,0.67157,66470.28
1774830948245,2026-03-30T00:35:48.245,btc-updown-15m-1774830600,1774831500,Down,14950080267091814648629348312648578837893192629270890535864656942760220614164,98320144586267452423381508451461032375886669702412152214861693903623550575181,0.34,0.35,247.5,89.4,0.01,0.65,0.66,89.4,247.5,0.01,0.345,0.655,0.265361,0.734639,66470.28
1774830949246,2026-03-30T00:35:49.246,btc-updown-15m-1774830600,1774831500,Down,14950080267091814648629348312648578837893192629270890535864656942760220614164,98320144586267452423381508451461032375886669702412152214861693903623550575181,0.34,0.35,252.5,111.86,0.01,0.65,0.66,111.86,252.5,0.01,0.345,0.655,0.307004,0.692996,66475.34
1774830950248,2026-03-30T00:35:50.248,btc-updown-15m-1774830600,1774831500,Down,14950080267091814648629348312648578837893192629270890535864656942760220614164,98320144586267452423381508451461032375886669702412152214861693903623550575181,0.34,0.35,1218.92,26.2,0.01,0.65,0.66,26.2,1218.92,0.01,0.345,0.655,0.021042,0.978958,66475.34
1774830951248,2026-03-30T00:35:51.248,btc-updown-15m-1774830600,1774831500,Down,14950080267091814648629348312648578837893192629270890535864656942760220614164,98320144586267452423381508451461032375886669702412152214861693903623550575181,0.32,0.34,34.5,867.5,0.02,0.66,0.68,867.5,34.5,0.02,0.33,0.67,0.961752,0.038248,66475.34
1774830952249,2026-03-30T00:35:52.249,btc-updown-15m-1774830600,1774831500,Down,14950080267091814648629348312648578837893192629270890535864656942760220614164,98320144586267452423381508451461032375886669702412152214861693903623550575181,0.31,0.33,32.5,1267.98,0.02,0.67,0.69,1267.98,32.5,0.02,0.32,0.68,0.975009,0.024991,66475.35
1774830953250,2026-03-30T00:35:53.250,btc-updown-15m-1774830600,1774831500,Down,14950080267091814648629348312648578837893192629270890535864656942760220614164,98320144586267452423381508451461032375886669702412152214861693903623550575181,0.33,0.34,4.0,575.19,0.01,0.66,0.67,575.19,4.0,0.01,0.335,0.665,0.993094,0.006906,66475.35
1774830954250,2026-03-30T00:35:54.250,btc-updown-15m-1774830600,1774831500,Down,14950080267091814648629348312648578837893192629270890535864656942760220614164,98320144586267452423381508451461032375886669702412152214861693903623550575181,0.34,0.36,503.0,75.0,0.02,0.64,0.66,75.0,503.0,0.02,0.35,0.65,0.129758,0.870242,66475.35
1774830955251,2026-03-30T00:35:55.251,btc-updown-15m-1774830600,1774831500,Down,14950080267091814648629348312648578837893192629270890535864656942760220614164,98320144586267452423381508451461032375886669702412152214861693903623550575181,0.34,0.35,15.0,79.5,0.01,0.65,0.66,79.5,15.0,0.01,0.345,0.655,0.84127,0.15873,66487.52
1774830956253,2026-03-30T00:35:56.253,btc-updown-15m-1774830600,1774831500,Down,14950080267091814648629348312648578837893192629270890535864656942760220614164,98320144586267452423381508451461032375886669702412152214861693903623550575181,0.34,0.35,15.0,79.5,0.01,0.65,0.66,79.5,15.0,0.01,0.345,0.655,0.84127,0.15873,66487.52
1774830957254,2026-03-30T00:35:57.254,btc-updown-15m-1774830600,1774831500,Down,14950080267091814648629348312648578837893192629270890535864656942760220614164,98320144586267452423381508451461032375886669702412152214861693903623550575181,0.36,0.37,11.41,1942.98,0.01,0.63,0.64,1942.98,11.41,0.01,0.365,0.635,0.994162,0.005838,66487.52
1774830958255,2026-03-30T00:35:58.255,btc-updown-15m-1774830600,1774831500,Down,14950080267091814648629348312648578837893192629270890535864656942760220614164,98320144586267452423381508451461032375886669702412152214861693903623550575181,0.37,0.38,39.0,25.0,0.01,0.62,0.63,25.0,39.0,0.01,0.375,0.625,0.390625,0.609375,66500.0
1774830959256,2026-03-30T00:35:59.256,btc-updown-15m-1774830600,1774831500,Down,14950080267091814648629348312648578837893192629270890535864656942760220614164,98320144586267452423381508451461032375886669702412152214861693903623550575181,0.35,0.38,1208.5,45.0,0.03,0.62,0.65,45.0,1208.5,0.03,0.365,0.635,0.035899,0.964101,66500.0
1774830960256,2026-03-30T00:36:00.256,btc-updown-15m-1774830600,1774831500,Down,14950080267091814648629348312648578837893192629270890535864656942760220614164,98320144586267452423381508451461032375886669702412152214861693903623550575181,0.37,0.38,235.36,25.0,0.01,0.62,0.63,25.0,235.36,0.01,0.375,0.625,0.096021,0.903979,66500.0
1774830961256,2026-03-30T00:36:01.256,btc-updown-15m-1774830600,1774831500,Down,14950080267091814648629348312648578837893192629270890535864656942760220614164,98320144586267452423381508451461032375886669702412152214861693903623550575181,0.36,0.38,43.5,20.0,0.02,0.62,0.64,20.0,43.5,0.02,0.37,0.63,0.314961,0.685039,66503.43
1774830962257,2026-03-30T00:36:02.257,btc-updown-15m-1774830600,1774831500,Down,14950080267091814648629348312648578837893192629270890535864656942760220614164,98320144586267452423381508451461032375886669702412152214861693903623550575181,0.37,0.4,1280.0,113.5,0.03,0.6,0.63,113.5,1280.0,0.03,0.385,0.615,0.08145,0.91855,66503.43
1774830963257,2026-03-30T00:36:03.257,btc-updown-15m-1774830600,1774831500,Down,14950080267091814648629348312648578837893192629270890535864656942760220614164,98320144586267452423381508451461032375886669702412152214861693903623550575181,0.38,0.39,179.0,120.5,0.01,0.61,0.62,120.5,179.0,0.01,0.385,0.615,0.402337,0.597663,66503.43
1774830964257,2026-03-30T00:36:04.257,btc-updown-15m-1774830600,1774831500,Down,14950080267091814648629348312648578837893192629270890535864656942760220614164,98320144586267452423381508451461032375886669702412152214861693903623550575181,0.37,0.4,370.0,529.34,0.03,0.6,0.63,529.34,370.0,0.03,0.385,0.615,0.588587,0.411413,66512.06
1774830965258,2026-03-30T00:36:05.258,btc-updown-15m-1774830600,1774831500,Down,14950080267091814648629348312648578837893192629270890535864656942760220614164,98320144586267452423381508451461032375886669702412152214861693903623550575181,0.37,0.38,169.0,66.88,0.01,0.62,0.63,66.88,169.0,0.01,0.375,0.625,0.283534,0.716466,66512.06
1774830966259,2026-03-30T00:36:06.259,btc-updown-15m-1774830600,1774831500,Down,14950080267091814648629348312648578837893192629270890535864656942760220614164,98320144586267452423381508451461032375886669702412152214861693903623550575181,0.39,0.4,217.27,167.4,0.01,0.6,0.61,167.4,217.27,0.01,0.395,0.605,0.435178,0.564822,66512.06
1774830967259,2026-03-30T00:36:07.259,btc-updown-15m-1774830600,1774831500,Down,14950080267091814648629348312648578837893192629270890535864656942760220614164,98320144586267452423381508451461032375886669702412152214861693903623550575181,0.38,0.4,1242.75,7.25,0.02,0.6,0.62,7.25,1242.75,0.02,0.39,0.61,0.0058,0.9942,66514.9
1774830968260,2026-03-30T00:36:08.260,btc-updown-15m-1774830600,1774831500,Down,14950080267091814648629348312648578837893192629270890535864656942760220614164,98320144586267452423381508451461032375886669702412152214861693903623550575181,0.38,0.39,47.0,34.91,0.01,0.61,0.62,34.91,47.0,0.01,0.385,0.615,0.426199,0.573801,66514.9
1774830969261,2026-03-30T00:36:09.261,btc-updown-15m-1774830600,1774831500,Down,14950080267091814648629348312648578837893192629270890535864656942760220614164,98320144586267452423381508451461032375886669702412152214861693903623550575181,0.35,0.36,24.85,72.5,0.01,0.64,0.65,72.5,24.85,0.01,0.355,0.645,0.744735,0.255265,66514.9
1774830970262,2026-03-30T00:36:10.262,btc-updown-15m-1774830600,1774831500,Down,14950080267091814648629348312648578837893192629270890535864656942760220614164,98320144586267452423381508451461032375886669702412152214861693903623550575181,0.35,0.36,257.07,110.36,0.01,0.64,0.65,110.36,257.07,0.01,0.355,0.645,0.300357,0.699643,66500.1
1774830971262,2026-03-30T00:36:11.262,btc-updown-15m-1774830600,1774831500,Down,14950080267091814648629348312648578837893192629270890535864656942760220614164,98320144586267452423381508451461032375886669702412152214861693903623550575181,0.35,0.38,526.0,159.36,0.03,0.62,0.65,159.36,526.0,0.03,0.365,0.635,0.23252,0.76748,66500.1
1774830972263,2026-03-30T00:36:12.263,btc-updown-15m-1774830600,1774831500,Down,14950080267091814648629348312648578837893192629270890535864656942760220614164,98320144586267452423381508451461032375886669702412152214861693903623550575181,0.36,0.38,377.5,17.5,0.02,0.62,0.64,17.5,377.5,0.02,0.37,0.63,0.044304,0.955696,66500.1
1774830973263,2026-03-30T00:36:13.263,btc-updown-15m-1774830600,1774831500,Down,14950080267091814648629348312648578837893192629270890535864656942760220614164,98320144586267452423381508451461032375886669702412152214861693903623550575181,0.36,0.38,377.5,17.5,0.02,0.62,0.64,17.5,377.5,0.02,0.37,0.63,0.044304,0.955696,66500.11
1774830974264,2026-03-30T00:36:14.264,btc-updown-15m-1774830600,1774831500,Down,14950080267091814648629348312648578837893192629270890535864656942760220614164,98320144586267452423381508451461032375886669702412152214861693903623550575181,0.34,0.37,1638.75,102.0,0.03,0.63,0.66,102.0,1638.75,0.03,0.355,0.645,0.058595,0.941405,66500.11
1774830975265,2026-03-30T00:36:15.265,btc-updown-15m-1774830600,1774831500,Down,14950080267091814648629348312648578837893192629270890535864656942760220614164,98320144586267452423381508451461032375886669702412152214861693903623550575181,0.34,0.35,184.81,3.01,0.01,0.65,0.66,3.01,184.81,0.01,0.345,0.655,0.016026,0.983974,66500.11
1774830976265,2026-03-30T00:36:16.265,btc-updown-15m-1774830600,1774831500,Down,14950080267091814648629348312648578837893192629270890535864656942760220614164,98320144586267452423381508451461032375886669702412152214861693903623550575181,0.33,0.34,89.05,37.5,0.01,0.66,0.67,37.5,89.05,0.01,0.335,0.665,0.296326,0.703674,66486.79
1774830977266,2026-03-30T00:36:17.266,btc-updown-15m-1774830600,1774831500,Down,14950080267091814648629348312648578837893192629270890535864656942760220614164,98320144586267452423381508451461032375886669702412152214861693903623550575181,0.33,0.34,57.05,25.0,0.01,0.66,0.67,25.0,57.05,0.01,0.335,0.665,0.304692,0.695308,66486.79
1774830978267,2026-03-30T00:36:18.267,btc-updown-15m-1774830600,1774831500,Down,14950080267091814648629348312648578837893192629270890535864656942760220614164,98320144586267452423381508451461032375886669702412152214861693903623550575181,0.35,0.36,42.72,46.31,0.01,0.64,0.65,46.31,42.72,0.01,0.355,0.645,0.520162,0.479838,66486.79
1774830979267,2026-03-30T00:36:19.267,btc-updown-15m-1774830600,1774831500,Down,14950080267091814648629348312648578837893192629270890535864656942760220614164,98320144586267452423381508451461032375886669702412152214861693903623550575181,0.37,0.38,80.36,89.0,0.01,0.62,0.63,89.0,80.36,0.01,0.375,0.625,0.525508,0.474492,66501.61
1774830980268,2026-03-30T00:36:20.268,btc-updown-15m-1774830600,1774831500,Down,14950080267091814648629348312648578837893192629270890535864656942760220614164,98320144586267452423381508451461032375886669702412152214861693903623550575181,0.39,0.41,23.69,90.0,0.02,0.59,0.61,90.0,23.69,0.02,0.4,0.6,0.791626,0.208374,66501.61
1774830981269,2026-03-30T00:36:21.269,btc-updown-15m-1774830600,1774831500,Down,14950080267091814648629348312648578837893192629270890535864656942760220614164,98320144586267452423381508451461032375886669702412152214861693903623550575181,0.41,0.42,38.05,397.5,0.01,0.58,0.59,397.5,38.05,0.01,0.415,0.585,0.912639,0.087361,66501.61
1774830982270,2026-03-30T00:36:22.270,btc-updown-15m-1774830600,1774831500,Down,14950080267091814648629348312648578837893192629270890535864656942760220614164,98320144586267452423381508451461032375886669702412152214861693903623550575181,0.44,0.45,3.66,216.25,0.01,0.55,0.56,216.25,3.66,0.01,0.445,0.555,0.983357,0.016643,66558.6
1774830983270,2026-03-30T00:36:23.270,btc-updown-15m-1774830600,1774831500,Down,14950080267091814648629348312648578837893192629270890535864656942760220614164,98320144586267452423381508451461032375886669702412152214861693903623550575181,0.46,0.48,11.84,196.07,0.02,0.52,0.54,196.07,11.84,0.02,0.47,0.53,0.943052,0.056948,66558.6
1774830984271,2026-03-30T00:36:24.271,btc-updown-15m-1774830600,1774831500,Down,14950080267091814648629348312648578837893192629270890535864656942760220614164,98320144586267452423381508451461032375886669702412152214861693903623550575181,0.46,0.47,84.53,20.0,0.01,0.53,0.54,20.0,84.53,0.01,0.465,0.535,0.191333,0.808667,66558.6
1774830985271,2026-03-30T00:36:25.271,btc-updown-15m-1774830600,1774831500,Down,14950080267091814648629348312648578837893192629270890535864656942760220614164,98320144586267452423381508451461032375886669702412152214861693903623550575181,0.45,0.46,1071.25,261.11,0.01,0.54,0.55,261.11,1071.25,0.01,0.455,0.545,0.195976,0.804024,66555.2
1774830986272,2026-03-30T00:36:26.272,btc-updown-15m-1774830600,1774831500,Down,14950080267091814648629348312648578837893192629270890535864656942760220614164,98320144586267452423381508451461032375886669702412152214861693903623550575181,0.45,0.46,348.75,136.63,0.01,0.54,0.55,136.63,348.75,0.01,0.455,0.545,0.281491,0.718509,66555.2
1774830987273,2026-03-30T00:36:27.273,btc-updown-15m-1774830600,1774831500,Down,14950080267091814648629348312648578837893192629270890535864656942760220614164,98320144586267452423381508451461032375886669702412152214861693903623550575181,0.43,0.44,165.45,311.0,0.01,0.56,0.57,311.0,165.45,0.01,0.435,0.565,0.652744,0.347256,66555.2
1774830988273,2026-03-30T00:36:28.273,btc-updown-15m-1774830600,1774831500,Down,14950080267091814648629348312648578837893192629270890535864656942760220614164,98320144586267452423381508451461032375886669702412152214861693903623550575181,0.44,0.46,1194.75,6.23,0.02,0.54,0.56,6.23,1194.75,0.02,0.45,0.55,0.005187,0.994813,66546.25
1774830989274,2026-03-30T00:36:29.274,btc-updown-15m-1774830600,1774831500,Down,14950080267091814648629348312648578837893192629270890535864656942760220614164,98320144586267452423381508451461032375886669702412152214861693903623550575181,0.44,0.46,1194.75,6.23,0.02,0.54,0.56,6.23,1194.75,0.02,0.45,0.55,0.005187,0.994813,66546.25
1774830990276,2026-03-30T00:36:30.276,btc-updown-15m-1774830600,1774831500,Down,14950080267091814648629348312648578837893192629270890535864656942760220614164,98320144586267452423381508451461032375886669702412152214861693903623550575181,0.43,0.45,959.5,211.0,0.02,0.55,0.57,211.0,959.5,0.02,0.44,0.56,0.180265,0.819735,66546.25
1774830991276,2026-03-30T00:36:31.276,btc-updown-15m-1774830600,1774831500,Down,14950080267091814648629348312648578837893192629270890535864656942760220614164,98320144586267452423381508451461032375886669702412152214861693903623550575181,0.43,0.44,37.5,226.0,0.01,0.56,0.57,226.0,37.5,0.01,0.435,0.565,0.857685,0.142315,66542.01
1774830992277,2026-03-30T00:36:32.277,btc-updown-15m-1774830600,1774831500,Down,14950080267091814648629348312648578837893192629270890535864656942760220614164,98320144586267452423381508451461032375886669702412152214861693903623550575181,0.45,0.46,209.19,83.0,0.01,0.54,0.55,83.0,209.19,0.01,0.455,0.545,0.284062,0.715938,66542.01
1774830993278,2026-03-30T00:36:33.278,btc-updown-15m-1774830600,1774831500,Down,14950080267091814648629348312648578837893192629270890535864656942760220614164,98320144586267452423381508451461032375886669702412152214861693903623550575181,0.41,0.42,171.35,23.0,0.01,0.58,0.59,23.0,171.35,0.01,0.415,0.585,0.118343,0.881657,66542.01
1774830994278,2026-03-30T00:36:34.278,btc-updown-15m-1774830600,1774831500,Down,14950080267091814648629348312648578837893192629270890535864656942760220614164,98320144586267452423381508451461032375886669702412152214861693903623550575181,0.41,0.42,71.5,23.0,0.01,0.58,0.59,23.0,71.5,0.01,0.415,0.585,0.243386,0.756614,66540.0
1774830995279,2026-03-30T00:36:35.279,btc-updown-15m-1774830600,1774831500,Down,14950080267091814648629348312648578837893192629270890535864656942760220614164,98320144586267452423381508451461032375886669702412152214861693903623550575181,0.41,0.42,71.5,23.0,0.01,0.58,0.59,23.0,71.5,0.01,0.415,0.585,0.243386,0.756614,66540.0
1774830996280,2026-03-30T00:36:36.280,btc-updown-15m-1774830600,1774831500,Down,14950080267091814648629348312648578837893192629270890535864656942760220614164,98320144586267452423381508451461032375886669702412152214861693903623550575181,0.4,0.41,87.5,59.82,0.01,0.59,0.6,59.82,87.5,0.01,0.405,0.595,0.406055,0.593945,66540.0
1774830997280,2026-03-30T00:36:37.280,btc-updown-15m-1774830600,1774831500,Down,14950080267091814648629348312648578837893192629270890535864656942760220614164,98320144586267452423381508451461032375886669702412152214861693903623550575181,0.36,0.39,244.42,1000.0,0.03,0.61,0.64,1000.0,244.42,0.03,0.375,0.625,0.803587,0.196413,66510.98
1774830998281,2026-03-30T00:36:38.281,btc-updown-15m-1774830600,1774831500,Down,14950080267091814648629348312648578837893192629270890535864656942760220614164,98320144586267452423381508451461032375886669702412152214861693903623550575181,0.34,0.35,105.86,75.0,0.01,0.65,0.66,75.0,105.86,0.01,0.345,0.655,0.414685,0.585315,66510.98
1774830999282,2026-03-30T00:36:39.282,btc-updown-15m-1774830600,1774831500,Down,14950080267091814648629348312648578837893192629270890535864656942760220614164,98320144586267452423381508451461032375886669702412152214861693903623550575181,0.34,0.35,100.5,1143.0,0.01,0.65,0.66,1143.0,100.5,0.01,0.345,0.655,0.91918,0.08082,66510.98
1774831000282,2026-03-30T00:36:40.282,btc-updown-15m-1774830600,1774831500,Down,14950080267091814648629348312648578837893192629270890535864656942760220614164,98320144586267452423381508451461032375886669702412152214861693903623550575181,0.35,0.36,186.5,1358.24,0.01,0.64,0.65,1358.24,186.5,0.01,0.355,0.645,0.879268,0.120732,66515.24
1774831001282,2026-03-30T00:36:41.282,btc-updown-15m-1774830600,1774831500,Down,14950080267091814648629348312648578837893192629270890535864656942760220614164,98320144586267452423381508451461032375886669702412152214861693903623550575181,0.37,0.38,28.47,32.0,0.01,0.62,0.63,32.0,28.47,0.01,0.375,0.625,0.529188,0.470812,66515.24
1774831002284,2026-03-30T00:36:42.284,btc-updown-15m-1774830600,1774831500,Down,14950080267091814648629348312648578837893192629270890535864656942760220614164,98320144586267452423381508451461032375886669702412152214861693903623550575181,0.36,0.37,141.25,102.0,0.01,0.63,0.64,102.0,141.25,0.01,0.365,0.635,0.419322,0.580678,66515.24
1774831003284,2026-03-30T00:36:43.284,btc-updown-15m-1774830600,1774831500,Down,14950080267091814648629348312648578837893192629270890535864656942760220614164,98320144586267452423381508451461032375886669702412152214861693903623550575181,0.36,0.37,120.75,95.0,0.01,0.63,0.64,95.0,120.75,0.01,0.365,0.635,0.440324,0.559676,66515.24
1774831004285,2026-03-30T00:36:44.285,btc-updown-15m-1774830600,1774831500,Down,14950080267091814648629348312648578837893192629270890535864656942760220614164,98320144586267452423381508451461032375886669702412152214861693903623550575181,0.36,0.37,120.75,95.0,0.01,0.63,0.64,95.0,120.75,0.01,0.365,0.635,0.440324,0.559676,66515.24
1774831005285,2026-03-30T00:36:45.285,btc-updown-15m-1774830600,1774831500,Down,14950080267091814648629348312648578837893192629270890535864656942760220614164,98320144586267452423381508451461032375886669702412152214861693903623550575181,0.37,0.39,144.0,1002.0,0.02,0.61,0.63,1002.0,144.0,0.02,0.38,0.62,0.874346,0.125654,66515.24
1774831006287,2026-03-30T00:36:46.287,btc-updown-15m-1774830600,1774831500,Down,14950080267091814648629348312648578837893192629270890535864656942760220614164,98320144586267452423381508451461032375886669702412152214861693903623550575181,0.39,0.41,390.0,138.16,0.02,0.59,0.61,138.16,390.0,0.02,0.4,0.6,0.261587,0.738413,66522.96
1774831007288,2026-03-30T00:36:47.288,btc-updown-15m-1774830600,1774831500,Down,14950080267091814648629348312648578837893192629270890535864656942760220614164,98320144586267452423381508451461032375886669702412152214861693903623550575181,0.4,0.42,210.03,90.0,0.02,0.58,0.6,90.0,210.03,0.02,0.41,0.59,0.29997,0.70003,66522.96
1774831008289,2026-03-30T00:36:48.289,btc-updown-15m-1774830600,1774831500,Down,14950080267091814648629348312648578837893192629270890535864656942760220614164,98320144586267452423381508451461032375886669702412152214861693903623550575181,0.42,0.43,259.5,16.0,0.01,0.57,0.58,16.0,259.5,0.01,0.425,0.575,0.058076,0.941924,66522.96
1774831009289,2026-03-30T00:36:49.289,btc-updown-15m-1774830600,1774831500,Down,14950080267091814648629348312648578837893192629270890535864656942760220614164,98320144586267452423381508451461032375886669702412152214861693903623550575181,0.42,0.43,2.52,82.48,0.01,0.57,0.58,82.48,2.52,0.01,0.425,0.575,0.970353,0.029647,66542.8
1774831010290,2026-03-30T00:36:50.290,btc-updown-15m-1774830600,1774831500,Down,14950080267091814648629348312648578837893192629270890535864656942760220614164,98320144586267452423381508451461032375886669702412152214861693903623550575181,0.44,0.45,336.47,35.0,0.01,0.55,0.56,35.0,336.47,0.01,0.445,0.555,0.09422,0.90578,66542.8
1774831011290,2026-03-30T00:36:51.290,btc-updown-15m-1774830600,1774831500,Down,14950080267091814648629348312648578837893192629270890535864656942760220614164,98320144586267452423381508451461032375886669702412152214861693903623550575181,0.44,0.45,318.49,35.0,0.01,0.55,0.56,35.0,318.49,0.01,0.445,0.555,0.099013,0.900987,66542.8
1774831012291,2026-03-30T00:36:52.291,btc-updown-15m-1774830600,1774831500,Down,14950080267091814648629348312648578837893192629270890535864656942760220614164,98320144586267452423381508451461032375886669702412152214861693903623550575181,0.4,0.42,254.52,314.5,0.02,0.58,0.6,314.5,254.52,0.02,0.41,0.59,0.552705,0.447295,66539.81
1774831013291,2026-03-30T00:36:53.291,btc-updown-15m-1774830600,1774831500,Down,14950080267091814648629348312648578837893192629270890535864656942760220614164,98320144586267452423381508451461032375886669702412152214861693903623550575181,0.4,0.42,254.52,314.5,0.02,0.58,0.6,314.5,254.52,0.02,0.41,0.59,0.552705,0.447295,66539.81
1774831014292,2026-03-30T00:36:54.292,btc-updown-15m-1774830600,1774831500,Down,14950080267091814648629348312648578837893192629270890535864656942760220614164,98320144586267452423381508451461032375886669702412152214861693903623550575181,0.4,0.42,53.15,216.0,0.02,0.58,0.6,216.0,53.15,0.02,0.41,0.59,0.802526,0.197474,66539.81
1774831015292,2026-03-30T00:36:55.292,btc-updown-15m-1774830600,1774831500,Down,14950080267091814648629348312648578837893192629270890535864656942760220614164,98320144586267452423381508451461032375886669702412152214861693903623550575181,0.4,0.42,53.15,216.0,0.02,0.58,0.6,216.0,53.15,0.02,0.41,0.59,0.802526,0.197474,66532.23
1774831016293,2026-03-30T00:36:56.293,btc-updown-15m-1774830600,1774831500,Down,14950080267091814648629348312648578837893192629270890535864656942760220614164,98320144586267452423381508451461032375886669702412152214861693903623550575181,0.4,0.42,53.15,216.0,0.02,0.58,0.6,216.0,53.15,0.02,0.41,0.59,0.802526,0.197474,66532.23
1774831017293,2026-03-30T00:36:57.293,btc-updown-15m-1774830600,1774831500,Down,14950080267091814648629348312648578837893192629270890535864656942760220614164,98320144586267452423381508451461032375886669702412152214861693903623550575181,0.39,0.4,13.8,55.0,0.01,0.6,0.61,55.0,13.8,0.01,0.395,0.605,0.799419,0.200581,66532.23
1774831018293,2026-03-30T00:36:58.293,btc-updown-15m-1774830600,1774831500,Down,14950080267091814648629348312648578837893192629270890535864656942760220614164,98320144586267452423381508451461032375886669702412152214861693903623550575181,0.38,0.39,6.19,403.5,0.01,0.61,0.62,403.5,6.19,0.01,0.385,0.615,0.984891,0.015109,66527.01
1774831019294,2026-03-30T00:36:59.294,btc-updown-15m-1774830600,1774831500,Down,14950080267091814648629348312648578837893192629270890535864656942760220614164,98320144586267452423381508451461032375886669702412152214861693903623550575181,0.41,0.42,17.5,172.5,0.01,0.58,0.59,172.5,17.5,0.01,0.415,0.585,0.907895,0.092105,66527.01
1774831020294,2026-03-30T00:37:00.294,btc-updown-15m-1774830600,1774831500,Down,14950080267091814648629348312648578837893192629270890535864656942760220614164,98320144586267452423381508451461032375886669702412152214861693903623550575181,0.37,0.38,51.0,1108.5,0.01,0.62,0.63,1108.5,51.0,0.01,0.375,0.625,0.956016,0.043984,66527.01
1774831021295,2026-03-30T00:37:01.295,btc-updown-15m-1774830600,1774831500,Down,14950080267091814648629348312648578837893192629270890535864656942760220614164,98320144586267452423381508451461032375886669702412152214861693903623550575181,0.38,0.39,61.06,66.5,0.01,0.61,0.62,66.5,61.06,0.01,0.385,0.615,0.521323,0.478677,66529.99
1774831022296,2026-03-30T00:37:02.296,btc-updown-15m-1774830600,1774831500,Down,14950080267091814648629348312648578837893192629270890535864656942760220614164,98320144586267452423381508451461032375886669702412152214861693903623550575181,0.4,0.41,7.89,37.0,0.01,0.59,0.6,37.0,7.89,0.01,0.405,0.595,0.824237,0.175763,66529.99
1774831023297,2026-03-30T00:37:03.297,btc-updown-15m-1774830600,1774831500,Down,14950080267091814648629348312648578837893192629270890535864656942760220614164,98320144586267452423381508451461032375886669702412152214861693903623550575181,0.4,0.41,7.89,37.0,0.01,0.59,0.6,37.0,7.89,0.01,0.405,0.595,0.824237,0.175763,66529.99
1774831024297,2026-03-30T00:37:04.297,btc-updown-15m-1774830600,1774831500,Down,14950080267091814648629348312648578837893192629270890535864656942760220614164,98320144586267452423381508451461032375886669702412152214861693903623550575181,0.4,0.41,7.89,37.0,0.01,0.59,0.6,37.0,7.89,0.01,0.405,0.595,0.824237,0.175763,66530.0
1774831025297,2026-03-30T00:37:05.297,btc-updown-15m-1774830600,1774831500,Down,14950080267091814648629348312648578837893192629270890535864656942760220614164,98320144586267452423381508451461032375886669702412152214861693903623550575181,0.4,0.41,102.89,20.33,0.01,0.59,0.6,20.33,102.89,0.01,0.405,0.595,0.164989,0.835011,66530.0
1774831026298,2026-03-30T00:37:06.298,btc-updown-15m-1774830600,1774831500,Down,14950080267091814648629348312648578837893192629270890535864656942760220614164,98320144586267452423381508451461032375886669702412152214861693903623550575181,0.4,0.41,102.89,20.33,0.01,0.59,0.6,20.33,102.89,0.01,0.405,0.595,0.164989,0.835011,66530.0
1774831027300,2026-03-30T00:37:07.300,btc-updown-15m-1774830600,1774831500,Down,14950080267091814648629348312648578837893192629270890535864656942760220614164,98320144586267452423381508451461032375886669702412152214861693903623550575181,0.38,0.4,19.84,1304.5,0.02,0.6,0.62,1304.5,19.84,0.02,0.39,0.61,0.985019,0.014981,66530.0
1774831028300,2026-03-30T00:37:08.300,btc-updown-15m-1774830600,1774831500,Down,14950080267091814648629348312648578837893192629270890535864656942760220614164,98320144586267452423381508451461032375886669702412152214861693903623550575181,0.38,0.4,19.84,1304.5,0.02,0.6,0.62,1304.5,19.84,0.02,0.39,0.61,0.985019,0.014981,66530.0
1774831029300,2026-03-30T00:37:09.300,btc-updown-15m-1774830600,1774831500,Down,14950080267091814648629348312648578837893192629270890535864656942760220614164,98320144586267452423381508451461032375886669702412152214861693903623550575181,0.43,0.46,955.19,150.5,0.03,0.54,0.57,150.5,955.19,0.03,0.445,0.555,0.136114,0.863886,66530.0
1774831030300,2026-03-30T00:37:10.300,btc-updown-15m-1774830600,1774831500,Down,14950080267091814648629348312648578837893192629270890535864656942760220614164,98320144586267452423381508451461032375886669702412152214861693903623550575181,0.43,0.45,46.0,50.23,0.02,0.55,0.57,50.23,46.0,0.02,0.44,0.56,0.521979,0.478021,66539.98
1774831031301,2026-03-30T00:37:11.301,btc-updown-15m-1774830600,1774831500,Down,14950080267091814648629348312648578837893192629270890535864656942760220614164,98320144586267452423381508451461032375886669702412152214861693903623550575181,0.44,0.45,189.0,24.22,0.01,0.55,0.56,24.22,189.0,0.01,0.445,0.555,0.113592,0.886408,66539.98
1774831032302,2026-03-30T00:37:12.302,btc-updown-15m-1774830600,1774831500,Down,14950080267091814648629348312648578837893192629270890535864656942760220614164,98320144586267452423381508451461032375886669702412152214861693903623550575181,0.39,0.41,1289.5,57.0,0.02,0.59,0.61,57.0,1289.5,0.02,0.4,0.6,0.042332,0.957668,66539.98
1774831033303,2026-03-30T00:37:13.303,btc-updown-15m-1774830600,1774831500,Down,14950080267091814648629348312648578837893192629270890535864656942760220614164,98320144586267452423381508451461032375886669702412152214861693903623550575181,0.39,0.4,82.5,449.5,0.01,0.6,0.61,449.5,82.5,0.01,0.395,0.605,0.844925,0.155075,66532.24
1774831034305,2026-03-30T00:37:14.305,btc-updown-15m-1774830600,1774831500,Down,14950080267091814648629348312648578837893192629270890535864656942760220614164,98320144586267452423381508451461032375886669702412152214861693903623550575181,0.39,0.4,62.5,428.1,0.01,0.6,0.61,428.1,62.5,0.01,0.395,0.605,0.872605,0.127395,66532.24
1774831035305,2026-03-30T00:37:15.305,btc-updown-15m-1774830600,1774831500,Down,14950080267091814648629348312648578837893192629270890535864656942760220614164,98320144586267452423381508451461032375886669702412152214861693903623550575181,0.39,0.4,62.5,428.1,0.01,0.6,0.61,428.1,62.5,0.01,0.395,0.605,0.872605,0.127395,66532.24
1774831036306,2026-03-30T00:37:16.306,btc-updown-15m-1774830600,1774831500,Down,14950080267091814648629348312648578837893192629270890535864656942760220614164,98320144586267452423381508451461032375886669702412152214861693903623550575181,0.39,0.4,62.5,418.45,0.01,0.6,0.61,418.45,62.5,0.01,0.395,0.605,0.870049,0.129951,66532.23
1774831037307,2026-03-30T00:37:17.307,btc-updown-15m-1774830600,1774831500,Down,14950080267091814648629348312648578837893192629270890535864656942760220614164,98320144586267452423381508451461032375886669702412152214861693903623550575181,0.39,0.4,62.5,418.45,0.01,0.6,0.61,418.45,62.5,0.01,0.395,0.605,0.870049,0.129951,66532.23
1774831038307,2026-03-30T00:37:18.307,btc-updown-15m-1774830600,1774831500,Down,14950080267091814648629348312648578837893192629270890535864656942760220614164,98320144586267452423381508451461032375886669702412152214861693903623550575181,0.38,0.39,102.88,9.0,0.01,0.61,0.62,9.0,102.88,0.01,0.385,0.615,0.080443,0.919557,66532.23
1774831039307,2026-03-30T00:37:19.307,btc-updown-15m-1774830600,1774831500,Down,14950080267091814648629348312648578837893192629270890535864656942760220614164,98320144586267452423381508451461032375886669702412152214861693903623550575181,0.35,0.36,18.22,447.07,0.01,0.64,0.65,447.07,18.22,0.01,0.355,0.645,0.960842,0.039158,66517.22
1774831040308,2026-03-30T00:37:20.308,btc-updown-15m-1774830600,1774831500,Down,14950080267091814648629348312648578837893192629270890535864656942760220614164,98320144586267452423381508451461032375886669702412152214861693903623550575181,0.33,0.34,38.21,153.5,0.01,0.66,0.67,153.5,38.21,0.01,0.335,0.665,0.800689,0.199311,66517.22
1774831041309,2026-03-30T00:37:21.309,btc-updown-15m-1774830600,1774831500,Down,14950080267091814648629348312648578837893192629270890535864656942760220614164,98320144586267452423381508451461032375886669702412152214861693903623550575181,0.33,0.34,140.25,165.0,0.01,0.66,0.67,165.0,140.25,0.01,0.335,0.665,0.540541,0.459459,66517.22
1774831042310,2026-03-30T00:37:22.310,btc-updown-15m-1774830600,1774831500,Down,14950080267091814648629348312648578837893192629270890535864656942760220614164,98320144586267452423381508451461032375886669702412152214861693903623550575181,0.33,0.34,140.25,160.0,0.01,0.66,0.67,160.0,140.25,0.01,0.335,0.665,0.532889,0.467111,66504.06
1774831043310,2026-03-30T00:37:23.310,btc-updown-15m-1774830600,1774831500,Down,14950080267091814648629348312648578837893192629270890535864656942760220614164,98320144586267452423381508451461032375886669702412152214861693903623550575181,0.33,0.37,69.0,1850.5,0.04,0.63,0.67,1850.5,69.0,0.04,0.35,0.65,0.964053,0.035947,66504.06
1774831044311,2026-03-30T00:37:24.311,btc-updown-15m-1774830600,1774831500,Down,14950080267091814648629348312648578837893192629270890535864656942760220614164,98320144586267452423381508451461032375886669702412152214861693903623550575181,0.36,0.37,14.72,99.01,0.01,0.63,0.64,99.01,14.72,0.01,0.365,0.635,0.870571,0.129429,66504.06
1774831045312,2026-03-30T00:37:25.312,btc-updown-15m-1774830600,1774831500,Down,14950080267091814648629348312648578837893192629270890535864656942760220614164,98320144586267452423381508451461032375886669702412152214861693903623550575181,0.37,0.38,48.0,568.5,0.01,0.62,0.63,568.5,48.0,0.01,0.375,0.625,0.922141,0.077859,66512.0
1774831046312,2026-03-30T00:37:26.312,btc-updown-15m-1774830600,1774831500,Down,14950080267091814648629348312648578837893192629270890535864656942760220614164,98320144586267452423381508451461032375886669702412152214861693903623550575181,0.37,0.38,48.0,17.5,0.01,0.62,0.63,17.5,48.0,0.01,0.375,0.625,0.267176,0.732824,66512.0
1774831047313,2026-03-30T00:37:27.313,btc-updown-15m-1774830600,1774831500,Down,14950080267091814648629348312648578837893192629270890535864656942760220614164,98320144586267452423381508451461032375886669702412152214861693903623550575181,0.39,0.4,44.02,32.96,0.01,0.6,0.61,32.96,44.02,0.01,0.395,0.605,0.428163,0.571837,66512.0
1774831048314,2026-03-30T00:37:28.314,btc-updown-15m-1774830600,1774831500,Down,14950080267091814648629348312648578837893192629270890535864656942760220614164,98320144586267452423381508451461032375886669702412152214861693903623550575181,0.4,0.41,13.0,81.95,0.01,0.59,0.6,81.95,13.0,0.01,0.405,0.595,0.863086,0.136914,66527.86
1774831049314,2026-03-30T00:37:29.314,btc-updown-15m-1774830600,1774831500,Down,14950080267091814648629348312648578837893192629270890535864656942760220614164,98320144586267452423381508451461032375886669702412152214861693903623550575181,0.4,0.41,13.0,81.95,0.01,0.59,0.6,81.95,13.0,0.01,0.405,0.595,0.863086,0.136914,66527.86
1774831050315,2026-03-30T00:37:30.315,btc-updown-15m-1774830600,1774831500,Down,14950080267091814648629348312648578837893192629270890535864656942760220614164,98320144586267452423381508451461032375886669702412152214861693903623550575181,0.39,0.42,1479.53,80.86,0.03,0.58,0.61,80.86,1479.53,0.03,0.405,0.595,0.05182,0.94818,66527.86
1774831051316,2026-03-30T00:37:31.316,btc-updown-15m-1774830600,1774831500,Down,14950080267091814648629348312648578837893192629270890535864656942760220614164,98320144586267452423381508451461032375886669702412152214861693903623550575181,0.39,0.42,1479.53,80.86,0.03,0.58,0.61,80.86,1479.53,0.03,0.405,0.595,0.05182,0.94818,66528.0
1774831052316,2026-03-30T00:37:32.316,btc-updown-15m-1774830600,1774831500,Down,14950080267091814648629348312648578837893192629270890535864656942760220614164,98320144586267452423381508451461032375886669702412152214861693903623550575181,0.36,0.38,401.04,195.0,0.02,0.62,0.64,195.0,401.04,0.02,0.37,0.63,0.327159,0.672841,66528.0
1774831053318,2026-03-30T00:37:33.318,btc-updown-15m-1774830600,1774831500,Down,14950080267091814648629348312648578837893192629270890535864656942760220614164,98320144586267452423381508451461032375886669702412152214861693903623550575181,0.36,0.38,401.04,195.0,0.02,0.62,0.64,195.0,401.04,0.02,0.37,0.63,0.327159,0.672841,66528.0
1774831054318,2026-03-30T00:37:34.318,btc-updown-15m-1774830600,1774831500,Down,14950080267091814648629348312648578837893192629270890535864656942760220614164,98320144586267452423381508451461032375886669702412152214861693903623550575181,0.36,0.38,401.04,195.0,0.02,0.62,0.64,195.0,401.04,0.02,0.37,0.63,0.327159,0.672841,66516.75
1774831055320,2026-03-30T00:37:35.320,btc-updown-15m-1774830600,1774831500,Down,14950080267091814648629348312648578837893192629270890535864656942760220614164,98320144586267452423381508451461032375886669702412152214861693903623550575181,0.36,0.37,155.36,22.0,0.01,0.63,0.64,22.0,155.36,0.01,0.365,0.635,0.124041,0.875959,66516.75
1774831056320,2026-03-30T00:37:36.320,btc-updown-15m-1774830600,1774831500,Down,14950080267091814648629348312648578837893192629270890535864656942760220614164,98320144586267452423381508451461032375886669702412152214861693903623550575181,0.36,0.37,98.33,22.0,0.01,0.63,0.64,22.0,98.33,0.01,0.365,0.635,0.182831,0.817169,66516.75
1774831057320,2026-03-30T00:37:37.320,btc-updown-15m-1774830600,1774831500,Down,14950080267091814648629348312648578837893192629270890535864656942760220614164,98320144586267452423381508451461032375886669702412152214861693903623550575181,0.36,0.37,98.33,22.0,0.01,0.63,0.64,22.0,98.33,0.01,0.365,0.635,0.182831,0.817169,66512.86
1774831058321,2026-03-30T00:37:38.321,btc-updown-15m-1774830600,1774831500,Down,14950080267091814648629348312648578837893192629270890535864656942760220614164,98320144586267452423381508451461032375886669702412152214861693903623550575181,0.34,0.35,18.93,1032.52,0.01,0.65,0.66,1032.52,18.93,0.01,0.345,0.655,0.981996,0.018004,66512.86
1774831059322,2026-03-30T00:37:39.322,btc-updown-15m-1774830600,1774831500,Down,14950080267091814648629348312648578837893192629270890535864656942760220614164,98320144586267452423381508451461032375886669702412152214861693903623550575181,0.33,0.35,550.5,173.0,0.02,0.65,0.67,173.0,550.5,0.02,0.34,0.66,0.239115,0.760885,66512.86
1774831060323,2026-03-30T00:37:40.323,btc-updown-15m-1774830600,1774831500,Down,14950080267091814648629348312648578837893192629270890535864656942760220614164,98320144586267452423381508451461032375886669702412152214861693903623550575181,0.33,0.34,203.15,155.0,0.01,0.66,0.67,155.0,203.15,0.01,0.335,0.665,0.43278,0.56722,66506.05
1774831061323,2026-03-30T00:37:41.323,btc-updown-15m-1774830600,1774831500,Down,14950080267091814648629348312648578837893192629270890535864656942760220614164,98320144586267452423381508451461032375886669702412152214861693903623550575181,0.33,0.34,203.15,155.0,0.01,0.66,0.67,155.0,203.15,0.01,0.335,0.665,0.43278,0.56722,66506.05
1774831062324,2026-03-30T00:37:42.324,btc-updown-15m-1774830600,1774831500,Down,14950080267091814648629348312648578837893192629270890535864656942760220614164,98320144586267452423381508451461032375886669702412152214861693903623550575181,0.31,0.32,145.0,1068.5,0.01,0.68,0.69,1068.5,145.0,0.01,0.315,0.685,0.880511,0.119489,66506.05
1774831063325,2026-03-30T00:37:43.325,btc-updown-15m-1774830600,1774831500,Down,14950080267091814648629348312648578837893192629270890535864656942760220614164,98320144586267452423381508451461032375886669702412152214861693903623550575181,0.31,0.32,126.0,1152.76,0.01,0.68,0.69,1152.76,126.0,0.01,0.315,0.685,0.901467,0.098533,66493.41
1774831064325,2026-03-30T00:37:44.325,btc-updown-15m-1774830600,1774831500,Down,14950080267091814648629348312648578837893192629270890535864656942760220614164,98320144586267452423381508451461032375886669702412152214861693903623550575181,0.31,0.32,126.0,1152.76,0.01,0.68,0.69,1152.76,126.0,0.01,0.315,0.685,0.901467,0.098533,66493.41
1774831065326,2026-03-30T00:37:45.326,btc-updown-15m-1774830600,1774831500,Down,14950080267091814648629348312648578837893192629270890535864656942760220614164,98320144586267452423381508451461032375886669702412152214861693903623550575181,0.3,0.31,74.0,1269.1,0.01,0.69,0.7,1269.1,74.0,0.01,0.305,0.695,0.944904,0.055096,66493.41
1774831066326,2026-03-30T00:37:46.326,btc-updown-15m-1774830600,1774831500,Down,14950080267091814648629348312648578837893192629270890535864656942760220614164,98320144586267452423381508451461032375886669702412152214861693903623550575181,0.3,0.31,74.0,1269.1,0.01,0.69,0.7,1269.1,74.0,0.01,0.305,0.695,0.944904,0.055096,66481.04
1774831067327,2026-03-30T00:37:47.327,btc-updown-15m-1774830600,1774831500,Down,14950080267091814648629348312648578837893192629270890535864656942760220614164,98320144586267452423381508451461032375886669702412152214861693903623550575181,0.28,0.29,166.5,1172.0,0.01,0.71,0.72,1172.0,166.5,0.01,0.285,0.715,0.875607,0.124393,66481.04
1774831068328,2026-03-30T00:37:48.328,btc-updown-15m-1774830600,1774831500,Down,14950080267091814648629348312648578837893192629270890535864656942760220614164,98320144586267452423381508451461032375886669702412152214861693903623550575181,0.26,0.27,271.0,25.0,0.01,0.73,0.74,25.0,271.0,0.01,0.265,0.735,0.084459,0.915541,66481.04
1774831069328,2026-03-30T00:37:49.328,btc-updown-15m-1774830600,1774831500,Down,14950080267091814648629348312648578837893192629270890535864656942760220614164,98320144586267452423381508451461032375886669702412152214861693903623550575181,0.23,0.24,1078.49,56.89,0.01,0.76,0.77,56.89,1078.49,0.01,0.235,0.765,0.050107,0.949893,66431.17
1774831070329,2026-03-30T00:37:50.329,btc-updown-15m-1774830600,1774831500,Down,14950080267091814648629348312648578837893192629270890535864656942760220614164,98320144586267452423381508451461032375886669702412152214861693903623550575181,0.21,0.22,34.0,1067.88,0.01,0.78,0.79,1067.88,34.0,0.01,0.215,0.785,0.969144,0.030856,66431.17
1774831071330,2026-03-30T00:37:51.330,btc-updown-15m-1774830600,1774831500,Down,14950080267091814648629348312648578837893192629270890535864656942760220614164,98320144586267452423381508451461032375886669702412152214861693903623550575181,0.22,0.24,12.91,1114.56,0.02,0.76,0.78,1114.56,12.91,0.02,0.23,0.77,0.98855,0.01145,66431.17
1774831072331,2026-03-30T00:37:52.331,btc-updown-15m-1774830600,1774831500,Down,14950080267091814648629348312648578837893192629270890535864656942760220614164,98320144586267452423381508451461032375886669702412152214861693903623550575181,0.22,0.23,68.2,8.58,0.01,0.77,0.78,8.58,68.2,0.01,0.225,0.775,0.111748,0.888252,66435.47
1774831073332,2026-03-30T00:37:53.332,btc-updown-15m-1774830600,1774831500,Down,14950080267091814648629348312648578837893192629270890535864656942760220614164,98320144586267452423381508451461032375886669702412152214861693903623550575181,0.23,0.24,56.83,29.44,0.01,0.76,0.77,29.44,56.83,0.01,0.235,0.765,0.341254,0.658746,66435.47
1774831074332,2026-03-30T00:37:54.332,btc-updown-15m-1774830600,1774831500,Down,14950080267091814648629348312648578837893192629270890535864656942760220614164,98320144586267452423381508451461032375886669702412152214861693903623550575181,0.21,0.24,160.58,1234.0,0.03,0.76,0.79,1234.0,160.58,0.03,0.225,0.775,0.884854,0.115146,66435.47
1774831075333,2026-03-30T00:37:55.333,btc-updown-15m-1774830600,1774831500,Down,14950080267091814648629348312648578837893192629270890535864656942760220614164,98320144586267452423381508451461032375886669702412152214861693903623550575181,0.18,0.19,11.51,1228.0,0.01,0.81,0.82,850.0,74.22,0.01,0.185,0.815,0.990714,0.080306,66397.65
1774831076333,2026-03-30T00:37:56.333,btc-updown-15m-1774830600,1774831500,Down,14950080267091814648629348312648578837893192629270890535864656942760220614164,98320144586267452423381508451461032375886669702412152214861693903623550575181,0.16,0.17,105.29,192.02,0.01,0.83,0.84,192.02,105.29,0.01,0.165,0.835,0.645858,0.354142,66397.65
1774831077334,2026-03-30T00:37:57.334,btc-updown-15m-1774830600,1774831500,Down,14950080267091814648629348312648578837893192629270890535864656942760220614164,98320144586267452423381508451461032375886669702412152214861693903623550575181,0.14,0.15,132.25,763.85,0.01,0.85,0.86,763.85,132.25,0.01,0.145,0.855,0.852416,0.147584,66397.65
1774831078334,2026-03-30T00:37:58.334,btc-updown-15m-1774830600,1774831500,Down,14950080267091814648629348312648578837893192629270890535864656942760220614164,98320144586267452423381508451461032375886669702412152214861693903623550575181,0.15,0.16,18.25,1222.0,0.01,0.84,0.85,1222.0,18.25,0.01,0.155,0.845,0.985285,0.014715,66382.01
1774831079335,2026-03-30T00:37:59.335,btc-updown-15m-1774830600,1774831500,Down,14950080267091814648629348312648578837893192629270890535864656942760220614164,98320144586267452423381508451461032375886669702412152214861693903623550575181,0.15,0.17,210.0,96.72,0.02,0.83,0.85,96.72,210.0,0.02,0.16,0.84,0.315336,0.684664,66382.01
1774831080335,2026-03-30T00:38:00.335,btc-updown-15m-1774830600,1774831500,Down,14950080267091814648629348312648578837893192629270890535864656942760220614164,98320144586267452423381508451461032375886669702412152214861693903623550575181,0.14,0.15,161.0,244.18,0.01,0.85,0.86,244.18,161.0,0.01,0.145,0.855,0.602646,0.397354,66382.01
1774831081335,2026-03-30T00:38:01.335,btc-updown-15m-1774830600,1774831500,Down,14950080267091814648629348312648578837893192629270890535864656942760220614164,98320144586267452423381508451461032375886669702412152214861693903623550575181,0.13,0.15,77.0,1355.0,0.02,0.85,0.87,1355.0,77.0,0.02,0.14,0.86,0.946229,0.053771,66369.05
1774831082335,2026-03-30T00:38:02.335,btc-updown-15m-1774830600,1774831500,Down,14950080267091814648629348312648578837893192629270890535864656942760220614164,98320144586267452423381508451461032375886669702412152214861693903623550575181,0.17,0.18,37.8,250.0,0.01,0.82,0.83,250.0,37.8,0.01,0.175,0.825,0.868659,0.131341,66369.05
1774831083335,2026-03-30T00:38:03.335,btc-updown-15m-1774830600,1774831500,Down,14950080267091814648629348312648578837893192629270890535864656942760220614164,98320144586267452423381508451461032375886669702412152214861693903623550575181,0.17,0.18,149.25,73.33,0.01,0.82,0.83,73.33,149.25,0.01,0.175,0.825,0.329455,0.670545,66369.05
1774831084336,2026-03-30T00:38:04.336,btc-updown-15m-1774830600,1774831500,Down,14950080267091814648629348312648578837893192629270890535864656942760220614164,98320144586267452423381508451461032375886669702412152214861693903623550575181,0.16,0.17,99.0,189.02,0.01,0.83,0.84,189.02,99.0,0.01,0.165,0.835,0.656274,0.343726,66392.09
1774831085337,2026-03-30T00:38:05.337,btc-updown-15m-1774830600,1774831500,Down,14950080267091814648629348312648578837893192629270890535864656942760220614164,98320144586267452423381508451461032375886669702412152214861693903623550575181,0.15,0.16,218.0,57.07,0.01,0.84,0.85,57.07,218.0,0.01,0.155,0.845,0.207474,0.792526,66392.09
1774831086337,2026-03-30T00:38:06.337,btc-updown-15m-1774830600,1774831500,Down,14950080267091814648629348312648578837893192629270890535864656942760220614164,98320144586267452423381508451461032375886669702412152214861693903623550575181,0.14,0.15,0.33,995.0,0.01,0.85,0.86,995.0,0.33,0.01,0.145,0.855,0.999668,0.000332,66392.09
1774831087337,2026-03-30T00:38:07.337,btc-updown-15m-1774830600,1774831500,Down,14950080267091814648629348312648578837893192629270890535864656942760220614164,98320144586267452423381508451461032375886669702412152214861693903623550575181,0.14,0.17,382.52,1020.94,0.03,0.83,0.86,1020.94,382.52,0.03,0.155,0.845,0.727445,0.272555,66374.37
1774831088338,2026-03-30T00:38:08.338,btc-updown-15m-1774830600,1774831500,Down,14950080267091814648629348312648578837893192629270890535864656942760220614164,98320144586267452423381508451461032375886669702412152214861693903623550575181,0.15,0.16,462.0,33.0,0.01,0.84,0.85,33.0,462.0,0.01,0.155,0.845,0.066667,0.933333,66374.37
1774831089338,2026-03-30T00:38:09.338,btc-updown-15m-1774830600,1774831500,Down,14950080267091814648629348312648578837893192629270890535864656942760220614164,98320144586267452423381508451461032375886669702412152214861693903623550575181,0.14,0.15,169.85,30.0,0.01,0.85,0.86,30.0,169.85,0.01,0.145,0.855,0.150113,0.849887,66374.37
1774831090340,2026-03-30T00:38:10.340,btc-updown-15m-1774830600,1774831500,Down,14950080267091814648629348312648578837893192629270890535864656942760220614164,98320144586267452423381508451461032375886669702412152214861693903623550575181,0.15,0.16,10.56,1207.7,0.01,0.84,0.85,1207.7,10.56,0.01,0.155,0.845,0.991332,0.008668,66381.99
1774831091340,2026-03-30T00:38:11.340,btc-updown-15m-1774830600,1774831500,Down,14950080267091814648629348312648578837893192629270890535864656942760220614164,98320144586267452423381508451461032375886669702412152214861693903623550575181,0.17,0.18,76.8,97.92,0.01,0.82,0.83,97.92,76.8,0.01,0.175,0.825,0.56044,0.43956,66381.99
1774831092341,2026-03-30T00:38:12.341,btc-updown-15m-1774830600,1774831500,Down,14950080267091814648629348312648578837893192629270890535864656942760220614164,98320144586267452423381508451461032375886669702412152214861693903623550575181,0.17,0.18,74.33,114.87,0.01,0.82,0.83,114.87,74.33,0.01,0.175,0.825,0.607135,0.392865,66381.99
1774831093341,2026-03-30T00:38:13.341,btc-updown-15m-1774830600,1774831500,Down,14950080267091814648629348312648578837893192629270890535864656942760220614164,98320144586267452423381508451461032375886669702412152214861693903623550575181,0.17,0.18,54.33,113.01,0.01,0.82,0.83,113.01,54.33,0.01,0.175,0.825,0.675332,0.324668,66392.68
1774831094342,2026-03-30T00:38:14.342,btc-updown-15m-1774830600,1774831500,Down,14950080267091814648629348312648578837893192629270890535864656942760220614164,98320144586267452423381508451461032375886669702412152214861693903623550575181,0.17,0.18,602.88,39.3,0.01,0.82,0.83,39.3,602.88,0.01,0.175,0.825,0.061198,0.938802,66392.68
1774831095342,2026-03-30T00:38:15.342,btc-updown-15m-1774830600,1774831500,Down,14950080267091814648629348312648578837893192629270890535864656942760220614164,98320144586267452423381508451461032375886669702412152214861693903623550575181,0.15,0.18,331.8,1398.5,0.03,0.82,0.85,1398.5,331.8,0.03,0.165,0.835,0.808241,0.191759,66392.68
1774831096343,2026-03-30T00:38:16.343,btc-updown-15m-1774830600,1774831500,Down,14950080267091814648629348312648578837893192629270890535864656942760220614164,98320144586267452423381508451461032375886669702412152214861693903623550575181,0.17,0.18,119.47,70.43,0.01,0.82,0.83,70.43,119.47,0.01,0.175,0.825,0.370879,0.629121,66392.27
1774831097343,2026-03-30T00:38:17.343,btc-updown-15m-1774830600,1774831500,Down,14950080267091814648629348312648578837893192629270890535864656942760220614164,98320144586267452423381508451461032375886669702412152214861693903623550575181,0.17,0.18,334.94,2.52,0.01,0.82,0.83,2.52,334.94,0.01,0.175,0.825,0.007468,0.992532,66392.27
1774831098344,2026-03-30T00:38:18.344,btc-updown-15m-1774830600,1774831500,Down,14950080267091814648629348312648578837893192629270890535864656942760220614164,98320144586267452423381508451461032375886669702412152214861693903623550575181,0.17,0.19,3.5,1226.02,0.02,0.81,0.83,1226.02,3.5,0.02,0.18,0.82,0.997153,0.002847,66392.27
1774831099344,2026-03-30T00:38:19.344,btc-updown-15m-1774830600,1774831500,Down,14950080267091814648629348312648578837893192629270890535864656942760220614164,98320144586267452423381508451461032375886669702412152214861693903623550575181,0.17,0.19,3.5,1226.02,0.02,0.81,0.83,1226.02,3.5,0.02,0.18,0.82,0.997153,0.002847,66415.01
1774831100344,2026-03-30T00:38:20.344,btc-updown-15m-1774830600,1774831500,Down,14950080267091814648629348312648578837893192629270890535864656942760220614164,98320144586267452423381508451461032375886669702412152214861693903623550575181,0.2,0.21,48.0,15.3,0.01,0.79,0.8,15.3,48.0,0.01,0.205,0.795,0.241706,0.758294,66415.01
1774831101344,2026-03-30T00:38:21.344,btc-updown-15m-1774830600,1774831500,Down,14950080267091814648629348312648578837893192629270890535864656942760220614164,98320144586267452423381508451461032375886669702412152214861693903623550575181,0.17,0.21,1571.96,94.0,0.04,0.79,0.83,94.0,1571.96,0.04,0.19,0.81,0.056424,0.943576,66415.01
1774831102346,2026-03-30T00:38:22.346,btc-updown-15m-1774830600,1774831500,Down,14950080267091814648629348312648578837893192629270890535864656942760220614164,98320144586267452423381508451461032375886669702412152214861693903623550575181,0.17,0.21,1571.96,94.0,0.04,0.79,0.83,94.0,1571.96,0.04,0.19,0.81,0.056424,0.943576,66401.33
1774831103346,2026-03-30T00:38:23.346,btc-updown-15m-1774830600,1774831500,Down,14950080267091814648629348312648578837893192629270890535864656942760220614164,98320144586267452423381508451461032375886669702412152214861693903623550575181,0.17,0.21,1571.96,94.0,0.04,0.79,0.83,94.0,1571.96,0.04,0.19,0.81,0.056424,0.943576,66401.33
1774831104347,2026-03-30T00:38:24.347,btc-updown-15m-1774830600,1774831500,Down,14950080267091814648629348312648578837893192629270890535864656942760220614164,98320144586267452423381508451461032375886669702412152214861693903623550575181,0.17,0.18,66.27,58.0,0.01,0.82,0.83,58.0,66.27,0.01,0.175,0.825,0.466726,0.533274,66401.33
1774831105348,2026-03-30T00:38:25.348,btc-updown-15m-1774830600,1774831500,Down,14950080267091814648629348312648578837893192629270890535864656942760220614164,98320144586267452423381508451461032375886669702412152214861693903623550575181,0.15,0.17,114.0,880.67,0.02,0.83,0.85,880.67,114.0,0.02,0.16,0.84,0.885389,0.114611,66390.74
1774831106349,2026-03-30T00:38:26.349,btc-updown-15m-1774830600,1774831500,Down,14950080267091814648629348312648578837893192629270890535864656942760220614164,98320144586267452423381508451461032375886669702412152214861693903623550575181,0.14,0.16,165.25,1139.01,0.02,0.84,0.86,1139.01,165.25,0.02,0.15,0.85,0.8733,0.1267,66390.74
1774831107349,2026-03-30T00:38:27.349,btc-updown-15m-1774830600,1774831500,Down,14950080267091814648629348312648578837893192629270890535864656942760220614164,98320144586267452423381508451461032375886669702412152214861693903623550575181,0.11,0.12,66.25,11.37,0.01,0.88,0.89,11.37,66.25,0.01,0.115,0.885,0.146483,0.853517,66390.74
1774831108350,2026-03-30T00:38:28.350,btc-updown-15m-1774830600,1774831500,Down,14950080267091814648629348312648578837893192629270890535864656942760220614164,98320144586267452423381508451461032375886669702412152214861693903623550575181,0.1,0.11,90.0,1886.46,0.01,0.89,0.9,1886.46,90.0,0.01,0.105,0.895,0.954464,0.045536,66346.76
1774831109351,2026-03-30T00:38:29.351,btc-updown-15m-1774830600,1774831500,Down,14950080267091814648629348312648578837893192629270890535864656942760220614164,98320144586267452423381508451461032375886669702412152214861693903623550575181,0.1,0.11,76.7,1620.77,0.01,0.89,0.9,1620.77,76.7,0.01,0.105,0.895,0.954815,0.045185,66346.76
1774831110351,2026-03-30T00:38:30.351,btc-updown-15m-1774830600,1774831500,Down,14950080267091814648629348312648578837893192629270890535864656942760220614164,98320144586267452423381508451461032375886669702412152214861693903623550575181,0.12,0.13,451.5,40.0,0.01,0.87,0.88,40.0,451.5,0.01,0.125,0.875,0.081384,0.918616,66346.76
1774831111352,2026-03-30T00:38:31.352,btc-updown-15m-1774830600,1774831500,Down,14950080267091814648629348312648578837893192629270890535864656942760220614164,98320144586267452423381508451461032375886669702412152214861693903623550575181,0.12,0.13,317.0,73.5,0.01,0.87,0.88,73.5,317.0,0.01,0.125,0.875,0.18822,0.81178,66350.24
1774831112353,2026-03-30T00:38:32.353,btc-updown-15m-1774830600,1774831500,Down,14950080267091814648629348312648578837893192629270890535864656942760220614164,98320144586267452423381508451461032375886669702412152214861693903623550575181,0.1,0.11,687.98,83.5,0.01,0.89,0.9,83.5,687.98,0.01,0.105,0.895,0.108234,0.891766,66350.24
1774831113353,2026-03-30T00:38:33.353,btc-updown-15m-1774830600,1774831500,Down,14950080267091814648629348312648578837893192629270890535864656942760220614164,98320144586267452423381508451461032375886669702412152214861693903623550575181,0.1,0.11,367.01,1432.84,0.01,0.89,0.9,1432.84,367.01,0.01,0.105,0.895,0.796089,0.203911,66350.24
1774831114354,2026-03-30T00:38:34.354,btc-updown-15m-1774830600,1774831500,Down,14950080267091814648629348312648578837893192629270890535864656942760220614164,98320144586267452423381508451461032375886669702412152214861693903623550575181,0.09,0.1,139.7,906.2,0.01,0.9,0.91,906.2,139.7,0.01,0.095,0.905,0.866431,0.133569,66342.26
1774831115355,2026-03-30T00:38:35.355,btc-updown-15m-1774830600,1774831500,Down,14950080267091814648629348312648578837893192629270890535864656942760220614164,98320144586267452423381508451461032375886669702412152214861693903623550575181,0.09,0.1,109.7,1195.08,0.01,0.9,0.91,1195.08,109.7,0.01,0.095,0.905,0.915925,0.084075,66342.26
1774831116355,2026-03-30T00:38:36.355,btc-updown-15m-1774830600,1774831500,Down,14950080267091814648629348312648578837893192629270890535864656942760220614164,98320144586267452423381508451461032375886669702412152214861693903623550575181,0.09,0.1,162.26,815.0,0.01,0.9,0.91,815.0,162.26,0.01,0.095,0.905,0.833964,0.166036,66342.26
1774831117356,2026-03-30T00:38:37.356,btc-updown-15m-1774830600,1774831500,Down,14950080267091814648629348312648578837893192629270890535864656942760220614164,98320144586267452423381508451461032375886669702412152214861693903623550575181,0.08,0.09,43.17,898.35,0.01,0.91,0.92,898.35,43.17,0.01,0.085,0.915,0.954149,0.045851,66326.84
1774831118357,2026-03-30T00:38:38.357,btc-updown-15m-1774830600,1774831500,Down,14950080267091814648629348312648578837893192629270890535864656942760220614164,98320144586267452423381508451461032375886669702412152214861693903623550575181,0.08,0.09,15.74,885.26,0.01,0.91,0.92,885.26,15.74,0.01,0.085,0.915,0.982531,0.017469,66326.84
1774831119357,2026-03-30T00:38:39.357,btc-updown-15m-1774830600,1774831500,Down,14950080267091814648629348312648578837893192629270890535864656942760220614164,98320144586267452423381508451461032375886669702412152214861693903623550575181,0.08,0.09,371.0,70.26,0.01,0.91,0.92,70.26,371.0,0.01,0.085,0.915,0.159226,0.840774,66326.84
1774831120358,2026-03-30T00:38:40.358,btc-updown-15m-1774830600,1774831500,Down,14950080267091814648629348312648578837893192629270890535864656942760220614164,98320144586267452423381508451461032375886669702412152214861693903623550575181,0.07,0.08,100.38,741.55,0.01,0.92,0.93,741.55,100.38,0.01,0.075,0.925,0.880774,0.119226,66303.21
1774831121359,2026-03-30T00:38:41.359,btc-updown-15m-1774830600,1774831500,Down,14950080267091814648629348312648578837893192629270890535864656942760220614164,98320144586267452423381508451461032375886669702412152214861693903623550575181,0.07,0.08,331.0,335.4,0.01,0.92,0.93,335.4,331.0,0.01,0.075,0.925,0.503301,0.496699,66303.21
1774831122360,2026-03-30T00:38:42.360,btc-updown-15m-1774830600,1774831500,Down,14950080267091814648629348312648578837893192629270890535864656942760220614164,98320144586267452423381508451461032375886669702412152214861693903623550575181,0.07,0.08,79.36,846.4,0.01,0.92,0.93,846.4,79.36,0.01,0.075,0.925,0.914276,0.085724,66303.21
1774831123361,2026-03-30T00:38:43.361,btc-updown-15m-1774830600,1774831500,Down,14950080267091814648629348312648578837893192629270890535864656942760220614164,98320144586267452423381508451461032375886669702412152214861693903623550575181,0.06,0.07,32.49,851.0,0.01,0.93,0.94,851.0,32.49,0.01,0.065,0.935,0.963225,0.036775,66292.34
1774831124361,2026-03-30T00:38:44.361,btc-updown-15m-1774830600,1774831500,Down,14950080267091814648629348312648578837893192629270890535864656942760220614164,98320144586267452423381508451461032375886669702412152214861693903623550575181,0.06,0.07,65.08,1725.0,0.01,0.93,0.94,1725.0,65.08,0.01,0.065,0.935,0.963644,0.036356,66292.34
1774831125362,2026-03-30T00:38:45.362,btc-updown-15m-1774830600,1774831500,Down,14950080267091814648629348312648578837893192629270890535864656942760220614164,98320144586267452423381508451461032375886669702412152214861693903623550575181,0.07,0.08,5.72,1966.92,0.01,0.92,0.93,1966.92,5.72,0.01,0.075,0.925,0.9971,0.0029,66292.34
1774831126362,2026-03-30T00:38:46.362,btc-updown-15m-1774830600,1774831500,Down,14950080267091814648629348312648578837893192629270890535864656942760220614164,98320144586267452423381508451461032375886669702412152214861693903623550575181,0.08,0.09,17.0,189.88,0.01,0.91,0.92,189.88,17.0,0.01,0.085,0.915,0.917827,0.082173,66318.0
1774831127363,2026-03-30T00:38:47.363,btc-updown-15m-1774830600,1774831500,Down,14950080267091814648629348312648578837893192629270890535864656942760220614164,98320144586267452423381508451461032375886669702412152214861693903623550575181,0.08,0.1,603.75,505.53,0.02,0.9,0.92,505.53,603.75,0.02,0.09,0.91,0.455728,0.544272,66318.0
1774831128363,2026-03-30T00:38:48.363,btc-updown-15m-1774830600,1774831500,Down,14950080267091814648629348312648578837893192629270890535864656942760220614164,98320144586267452423381508451461032375886669702412152214861693903623550575181,0.09,0.1,207.08,1105.0,0.01,0.9,0.91,1105.0,207.08,0.01,0.095,0.905,0.842174,0.157826,66318.0
1774831129364,2026-03-30T00:38:49.364,btc-updown-15m-1774830600,1774831500,Down,14950080267091814648629348312648578837893192629270890535864656942760220614164,98320144586267452423381508451461032375886669702412152214861693903623550575181,0.09,0.1,195.28,1083.54,0.01,0.9,0.91,1083.54,195.28,0.01,0.095,0.905,0.847297,0.152703,66326.29
1774831130366,2026-03-30T00:38:50.366,btc-updown-15m-1774830600,1774831500,Down,14950080267091814648629348312648578837893192629270890535864656942760220614164,98320144586267452423381508451461032375886669702412152214861693903623550575181,0.09,0.1,231.98,883.44,0.01,0.9,0.91,883.44,231.98,0.01,0.095,0.905,0.792025,0.207975,66326.29
1774831131367,2026-03-30T00:38:51.367,btc-updown-15m-1774830600,1774831500,Down,14950080267091814648629348312648578837893192629270890535864656942760220614164,98320144586267452423381508451461032375886669702412152214861693903623550575181,0.08,0.09,194.12,765.65,0.01,0.91,0.92,765.65,194.12,0.01,0.085,0.915,0.797743,0.202257,66326.29
1774831132368,2026-03-30T00:38:52.368,btc-updown-15m-1774830600,1774831500,Down,14950080267091814648629348312648578837893192629270890535864656942760220614164,98320144586267452423381508451461032375886669702412152214861693903623550575181,0.08,0.09,139.0,778.15,0.01,0.91,0.92,778.15,139.0,0.01,0.085,0.915,0.848444,0.151556,66326.29
1774831133369,2026-03-30T00:38:53.369,btc-updown-15m-1774830600,1774831500,Down,14950080267091814648629348312648578837893192629270890535864656942760220614164,98320144586267452423381508451461032375886669702412152214861693903623550575181,0.08,0.09,217.0,772.06,0.01,0.91,0.92,772.06,217.0,0.01,0.085,0.915,0.7806,0.2194,66326.29
1774831134369,2026-03-30T00:38:54.369,btc-updown-15m-1774830600,1774831500,Down,14950080267091814648629348312648578837893192629270890535864656942760220614164,98320144586267452423381508451461032375886669702412152214861693903623550575181,0.08,0.09,144.77,1016.06,0.01,0.91,0.92,1016.06,144.77,0.01,0.085,0.915,0.875288,0.124712,66326.29
1774831135370,2026-03-30T00:38:55.370,btc-updown-15m-1774830600,1774831500,Down,14950080267091814648629348312648578837893192629270890535864656942760220614164,98320144586267452423381508451461032375886669702412152214861693903623550575181,0.08,0.1,354.48,1199.51,0.02,0.9,0.92,1199.51,354.48,0.02,0.09,0.91,0.77189,0.22811,66326.29
1774831136371,2026-03-30T00:38:56.371,btc-updown-15m-1774830600,1774831500,Down,14950080267091814648629348312648578837893192629270890535864656942760220614164,98320144586267452423381508451461032375886669702412152214861693903623550575181,0.09,0.1,254.55,301.0,0.01,0.9,0.91,301.0,254.55,0.01,0.095,0.905,0.541805,0.458195,66326.29
1774831137371,2026-03-30T00:38:57.371,btc-updown-15m-1774830600,1774831500,Down,14950080267091814648629348312648578837893192629270890535864656942760220614164,98320144586267452423381508451461032375886669702412152214861693903623550575181,0.09,0.1,278.55,276.51,0.01,0.9,0.91,276.51,278.55,0.01,0.095,0.905,0.498162,0.501838,66326.29
1774831138372,2026-03-30T00:38:58.372,btc-updown-15m-1774830600,1774831500,Down,14950080267091814648629348312648578837893192629270890535864656942760220614164,98320144586267452423381508451461032375886669702412152214861693903623550575181,0.09,0.1,278.55,276.51,0.01,0.9,0.91,276.51,278.55,0.01,0.095,0.905,0.498162,0.501838,66326.3
1774831139372,2026-03-30T00:38:59.372,btc-updown-15m-1774830600,1774831500,Down,14950080267091814648629348312648578837893192629270890535864656942760220614164,98320144586267452423381508451461032375886669702412152214861693903623550575181,0.08,0.09,145.0,39.07,0.01,0.91,0.92,39.07,145.0,0.01,0.085,0.915,0.212256,0.787744,66326.3
1774831140372,2026-03-30T00:39:00.372,btc-updown-15m-1774830600,1774831500,Down,14950080267091814648629348312648578837893192629270890535864656942760220614164,98320144586267452423381508451461032375886669702412152214861693903623550575181,0.08,0.1,366.88,739.77,0.02,0.9,0.92,739.77,366.88,0.02,0.09,0.91,0.668477,0.331523,66326.3
1774831141373,2026-03-30T00:39:01.373,btc-updown-15m-1774830600,1774831500,Down,14950080267091814648629348312648578837893192629270890535864656942760220614164,98320144586267452423381508451461032375886669702412152214861693903623550575181,0.08,0.09,142.5,11.82,0.01,0.91,0.92,11.82,142.5,0.01,0.085,0.915,0.076594,0.923406,66326.29
1774831142374,2026-03-30T00:39:02.374,btc-updown-15m-1774830600,1774831500,Down,14950080267091814648629348312648578837893192629270890535864656942760220614164,98320144586267452423381508451461032375886669702412152214861693903623550575181,0.07,0.08,20.0,1494.55,0.01,0.92,0.93,1494.55,20.0,0.01,0.075,0.925,0.986795,0.013205,66326.29
1774831143375,2026-03-30T00:39:03.375,btc-updown-15m-1774830600,1774831500,Down,14950080267091814648629348312648578837893192629270890535864656942760220614164,98320144586267452423381508451461032375886669702412152214861693903623550575181,0.07,0.08,20.0,1494.55,0.01,0.92,0.93,1494.55,20.0,0.01,0.075,0.925,0.986795,0.013205,66326.29
1774831144377,2026-03-30T00:39:04.377,btc-updown-15m-1774830600,1774831500,Down,14950080267091814648629348312648578837893192629270890535864656942760220614164,98320144586267452423381508451461032375886669702412152214861693903623550575181,0.07,0.08,20.0,1494.55,0.01,0.92,0.93,1494.55,20.0,0.01,0.075,0.925,0.986795,0.013205,66326.31
1774831145377,2026-03-30T00:39:05.377,btc-updown-15m-1774830600,1774831500,Down,14950080267091814648629348312648578837893192629270890535864656942760220614164,98320144586267452423381508451461032375886669702412152214861693903623550575181,0.07,0.08,37.0,1475.2,0.01,0.92,0.93,1475.2,37.0,0.01,0.075,0.925,0.975532,0.024468,66326.31
1774831146378,2026-03-30T00:39:06.378,btc-updown-15m-1774830600,1774831500,Down,14950080267091814648629348312648578837893192629270890535864656942760220614164,98320144586267452423381508451461032375886669702412152214861693903623550575181,0.07,0.08,15.0,1475.2,0.01,0.92,0.93,1475.2,15.0,0.01,0.075,0.925,0.989934,0.010066,66326.31
1774831147379,2026-03-30T00:39:07.379,btc-updown-15m-1774830600,1774831500,Down,14950080267091814648629348312648578837893192629270890535864656942760220614164,98320144586267452423381508451461032375886669702412152214861693903623550575181,0.08,0.09,67.0,164.56,0.01,0.91,0.92,164.56,67.0,0.01,0.085,0.915,0.710658,0.289342,66330.88
1774831148379,2026-03-30T00:39:08.379,btc-updown-15m-1774830600,1774831500,Down,14950080267091814648629348312648578837893192629270890535864656942760220614164,98320144586267452423381508451461032375886669702412152214861693903623550575181,0.08,0.09,67.0,157.06,0.01,0.91,0.92,157.06,67.0,0.01,0.085,0.915,0.700973,0.299027,66330.88
1774831149380,2026-03-30T00:39:09.380,btc-updown-15m-1774830600,1774831500,Down,14950080267091814648629348312648578837893192629270890535864656942760220614164,98320144586267452423381508451461032375886669702412152214861693903623550575181,0.08,0.09,67.0,157.06,0.01,0.91,0.92,157.06,67.0,0.01,0.085,0.915,0.700973,0.299027,66330.88
1774831150381,2026-03-30T00:39:10.381,btc-updown-15m-1774830600,1774831500,Down,14950080267091814648629348312648578837893192629270890535864656942760220614164,98320144586267452423381508451461032375886669702412152214861693903623550575181,0.08,0.09,97.07,70.09,0.01,0.91,0.92,70.09,97.07,0.01,0.085,0.915,0.419299,0.580701,66337.64
1774831151382,2026-03-30T00:39:11.382,btc-updown-15m-1774830600,1774831500,Down,14950080267091814648629348312648578837893192629270890535864656942760220614164,98320144586267452423381508451461032375886669702412152214861693903623550575181,0.07,0.09,58.38,1580.2,0.02,0.91,0.93,1580.2,58.38,0.02,0.08,0.92,0.964372,0.035628,66337.64
1774831152382,2026-03-30T00:39:12.382,btc-updown-15m-1774830600,1774831500,Down,14950080267091814648629348312648578837893192629270890535864656942760220614164,98320144586267452423381508451461032375886669702412152214861693903623550575181,0.08,0.09,102.38,296.0,0.01,0.91,0.92,296.0,102.38,0.01,0.085,0.915,0.743009,0.256991,66337.64
1774831153383,2026-03-30T00:39:13.383,btc-updown-15m-1774830600,1774831500,Down,14950080267091814648629348312648578837893192629270890535864656942760220614164,98320144586267452423381508451461032375886669702412152214861693903623550575181,0.08,0.09,102.38,296.0,0.01,0.91,0.92,296.0,102.38,0.01,0.085,0.915,0.743009,0.256991,66337.64
1774831154383,2026-03-30T00:39:14.383,btc-updown-15m-1774830600,1774831500,Down,14950080267091814648629348312648578837893192629270890535864656942760220614164,98320144586267452423381508451461032375886669702412152214861693903623550575181,0.08,0.09,166.19,2.13,0.01,0.91,0.92,2.13,166.19,0.01,0.085,0.915,0.012654,0.987346,66337.64
1774831155384,2026-03-30T00:39:15.384,btc-updown-15m-1774830600,1774831500,Down,14950080267091814648629348312648578837893192629270890535864656942760220614164,98320144586267452423381508451461032375886669702412152214861693903623550575181,0.09,0.1,253.88,280.81,0.01,0.9,0.91,280.81,253.88,0.01,0.095,0.905,0.525183,0.474817,66337.64
1774831156386,2026-03-30T00:39:16.386,btc-updown-15m-1774830600,1774831500,Down,14950080267091814648629348312648578837893192629270890535864656942760220614164,98320144586267452423381508451461032375886669702412152214861693903623550575181,0.09,0.1,253.88,280.81,0.01,0.9,0.91,280.81,253.88,0.01,0.095,0.905,0.525183,0.474817,66346.74
1774831157386,2026-03-30T00:39:17.386,btc-updown-15m-1774830600,1774831500,Down,14950080267091814648629348312648578837893192629270890535864656942760220614164,98320144586267452423381508451461032375886669702412152214861693903623550575181,0.09,0.1,125.98,1426.81,0.01,0.9,0.91,2103.81,100.98,0.01,0.095,0.905,0.918869,0.0458,66346.74
1774831158387,2026-03-30T00:39:18.387,btc-updown-15m-1774830600,1774831500,Down,14950080267091814648629348312648578837893192629270890535864656942760220614164,98320144586267452423381508451461032375886669702412152214861693903623550575181,0.08,0.1,69.0,1528.13,0.02,0.9,0.92,1528.13,69.0,0.02,0.09,0.91,0.956798,0.043202,66346.74
1774831159387,2026-03-30T00:39:19.387,btc-updown-15m-1774830600,1774831500,Down,14950080267091814648629348312648578837893192629270890535864656942760220614164,98320144586267452423381508451461032375886669702412152214861693903623550575181,0.08,0.09,89.0,1685.88,0.01,0.91,0.92,1685.88,89.0,0.01,0.085,0.915,0.949856,0.050144,66356.0
1774831160388,2026-03-30T00:39:20.388,btc-updown-15m-1774830600,1774831500,Down,14950080267091814648629348312648578837893192629270890535864656942760220614164,98320144586267452423381508451461032375886669702412152214861693903623550575181,0.08,0.09,89.0,1685.88,0.01,0.91,0.92,1685.88,89.0,0.01,0.085,0.915,0.949856,0.050144,66356.0
1774831161388,2026-03-30T00:39:21.388,btc-updown-15m-1774830600,1774831500,Down,14950080267091814648629348312648578837893192629270890535864656942760220614164,98320144586267452423381508451461032375886669702412152214861693903623550575181,0.09,0.1,0.19,1521.5,0.01,0.9,0.91,1521.5,0.19,0.01,0.095,0.905,0.999875,0.000125,66356.0
1774831162389,2026-03-30T00:39:22.389,btc-updown-15m-1774830600,1774831500,Down,14950080267091814648629348312648578837893192629270890535864656942760220614164,98320144586267452423381508451461032375886669702412152214861693903623550575181,0.09,0.1,59.83,1521.5,0.01,0.9,0.91,1521.5,59.83,0.01,0.095,0.905,0.962165,0.037835,66360.38
1774831163390,2026-03-30T00:39:23.390,btc-updown-15m-1774830600,1774831500,Down,14950080267091814648629348312648578837893192629270890535864656942760220614164,98320144586267452423381508451461032375886669702412152214861693903623550575181,0.09,0.1,82.36,1320.4,0.01,0.9,0.91,1320.4,82.36,0.01,0.095,0.905,0.941287,0.058713,66360.38
1774831164390,2026-03-30T00:39:24.390,btc-updown-15m-1774830600,1774831500,Down,14950080267091814648629348312648578837893192629270890535864656942760220614164,98320144586267452423381508451461032375886669702412152214861693903623550575181,0.1,0.11,406.01,1360.14,0.01,0.89,0.9,1360.14,406.01,0.01,0.105,0.895,0.770116,0.229884,66360.38
1774831165390,2026-03-30T00:39:25.390,btc-updown-15m-1774830600,1774831500,Down,14950080267091814648629348312648578837893192629270890535864656942760220614164,98320144586267452423381508451461032375886669702412152214861693903623550575181,0.08,0.09,167.0,1145.88,0.01,0.91,0.92,1145.88,167.0,0.01,0.085,0.915,0.872799,0.127201,66354.95
1774831166391,2026-03-30T00:39:26.391,btc-updown-15m-1774830600,1774831500,Down,14950080267091814648629348312648578837893192629270890535864656942760220614164,98320144586267452423381508451461032375886669702412152214861693903623550575181,0.08,0.09,125.88,978.88,0.01,0.91,0.92,978.88,125.88,0.01,0.085,0.915,0.886057,0.113943,66354.95
1774831167392,2026-03-30T00:39:27.392,btc-updown-15m-1774830600,1774831500,Down,14950080267091814648629348312648578837893192629270890535864656942760220614164,98320144586267452423381508451461032375886669702412152214861693903623550575181,0.08,0.09,125.88,978.28,0.01,0.91,0.92,978.28,125.88,0.01,0.085,0.915,0.885995,0.114005,66354.95
1774831168393,2026-03-30T00:39:28.393,btc-updown-15m-1774830600,1774831500,Down,14950080267091814648629348312648578837893192629270890535864656942760220614164,98320144586267452423381508451461032375886669702412152214861693903623550575181,0.07,0.08,235.94,329.61,0.01,0.92,0.93,329.61,235.94,0.01,0.075,0.925,0.582813,0.417187,66333.63
1774831169394,2026-03-30T00:39:29.394,btc-updown-15m-1774830600,1774831500,Down,14950080267091814648629348312648578837893192629270890535864656942760220614164,98320144586267452423381508451461032375886669702412152214861693903623550575181,0.06,0.07,372.54,1062.9,0.01,0.93,0.94,1062.9,372.54,0.01,0.065,0.935,0.74047,0.25953,66333.63
1774831170396,2026-03-30T00:39:30.396,btc-updown-15m-1774830600,1774831500,Down,14950080267091814648629348312648578837893192629270890535864656942760220614164,98320144586267452423381508451461032375886669702412152214861693903623550575181,0.06,0.07,277.04,1059.9,0.01,0.93,0.94,1059.9,277.04,0.01,0.065,0.935,0.792781,0.207219,66333.63
1774831171397,2026-03-30T00:39:31.397,btc-updown-15m-1774830600,1774831500,Down,14950080267091814648629348312648578837893192629270890535864656942760220614164,98320144586267452423381508451461032375886669702412152214861693903623550575181,0.06,0.07,762.54,96.44,0.01,0.93,0.94,96.44,762.54,0.01,0.065,0.935,0.112273,0.887727,66308.0
1774831172397,2026-03-30T00:39:32.397,btc-updown-15m-1774830600,1774831500,Down,14950080267091814648629348312648578837893192629270890535864656942760220614164,98320144586267452423381508451461032375886669702412152214861693903623550575181,0.06,0.07,680.0,85.44,0.01,0.93,0.94,85.44,680.0,0.01,0.065,0.935,0.111622,0.888378,66308.0
1774831173399,2026-03-30T00:39:33.399,btc-updown-15m-1774830600,1774831500,Down,14950080267091814648629348312648578837893192629270890535864656942760220614164,98320144586267452423381508451461032375886669702412152214861693903623550575181,0.06,0.07,861.0,83.3,0.01,0.93,0.94,83.3,861.0,0.01,0.065,0.935,0.088213,0.911787,66308.0
1774831174400,2026-03-30T00:39:34.400,btc-updown-15m-1774830600,1774831500,Down,14950080267091814648629348312648578837893192629270890535864656942760220614164,98320144586267452423381508451461032375886669702412152214861693903623550575181,0.04,0.05,492.2,196.54,0.01,0.95,0.96,196.54,492.2,0.01,0.045,0.955,0.285362,0.714638,66263.77
1774831175402,2026-03-30T00:39:35.402,btc-updown-15m-1774830600,1774831500,Down,14950080267091814648629348312648578837893192629270890535864656942760220614164,98320144586267452423381508451461032375886669702412152214861693903623550575181,0.04,0.05,625.73,350.49,0.01,0.95,0.96,350.49,625.73,0.01,0.045,0.955,0.359028,0.640972,66263.77
1774831176402,2026-03-30T00:39:36.402,btc-updown-15m-1774830600,1774831500,Down,14950080267091814648629348312648578837893192629270890535864656942760220614164,98320144586267452423381508451461032375886669702412152214861693903623550575181,0.04,0.05,1739.17,10.85,0.01,0.95,0.96,10.85,1739.17,0.01,0.045,0.955,0.0062,0.9938,66263.77
1774831177403,2026-03-30T00:39:37.403,btc-updown-15m-1774830600,1774831500,Down,14950080267091814648629348312648578837893192629270890535864656942760220614164,98320144586267452423381508451461032375886669702412152214861693903623550575181,0.04,0.05,603.23,54.09,0.01,0.95,0.96,54.09,603.23,0.01,0.045,0.955,0.082289,0.917711,66271.6
1774831178404,2026-03-30T00:39:38.404,btc-updown-15m-1774830600,1774831500,Down,14950080267091814648629348312648578837893192629270890535864656942760220614164,98320144586267452423381508451461032375886669702412152214861693903623550575181,0.03,0.04,45.5,2014.53,0.01,0.96,0.97,2014.53,45.5,0.01,0.035,0.965,0.977913,0.022087,66271.6
1774831179404,2026-03-30T00:39:39.404,btc-updown-15m-1774830600,1774831500,Down,14950080267091814648629348312648578837893192629270890535864656942760220614164,98320144586267452423381508451461032375886669702412152214861693903623550575181,0.03,0.04,45.5,2014.53,0.01,0.96,0.97,2014.53,45.5,0.01,0.035,0.965,0.977913,0.022087,66271.6
1774831180405,2026-03-30T00:39:40.405,btc-updown-15m-1774830600,1774831500,Down,14950080267091814648629348312648578837893192629270890535864656942760220614164,98320144586267452423381508451461032375886669702412152214861693903623550575181,0.03,0.05,603.35,1719.44,0.02,0.95,0.97,1719.44,603.35,0.02,0.04,0.96,0.740248,0.259752,66258.99
1774831181405,2026-03-30T00:39:41.405,btc-updown-15m-1774830600,1774831500,Down,14950080267091814648629348312648578837893192629270890535864656942760220614164,98320144586267452423381508451461032375886669702412152214861693903623550575181,0.03,0.05,603.35,1719.44,0.02,0.95,0.97,1719.44,603.35,0.02,0.04,0.96,0.740248,0.259752,66258.99
1774831182406,2026-03-30T00:39:42.406,btc-updown-15m-1774830600,1774831500,Down,14950080267091814648629348312648578837893192629270890535864656942760220614164,98320144586267452423381508451461032375886669702412152214861693903623550575181,0.03,0.05,603.35,1719.44,0.02,0.95,0.97,1719.44,603.35,0.02,0.04,0.96,0.740248,0.259752,66258.99
1774831183407,2026-03-30T00:39:43.407,btc-updown-15m-1774830600,1774831500,Down,14950080267091814648629348312648578837893192629270890535864656942760220614164,98320144586267452423381508451461032375886669702412152214861693903623550575181,0.03,0.04,84.07,1514.47,0.01,0.96,0.97,1514.47,84.07,0.01,0.035,0.965,0.947408,0.052592,66262.2
1774831184409,2026-03-30T00:39:44.409,btc-updown-15m-1774830600,1774831500,Down,14950080267091814648629348312648578837893192629270890535864656942760220614164,98320144586267452423381508451461032375886669702412152214861693903623550575181,0.03,0.04,84.07,1509.47,0.01,0.96,0.97,1509.47,84.07,0.01,0.035,0.965,0.947243,0.052757,66262.2
1774831185410,2026-03-30T00:39:45.410,btc-updown-15m-1774830600,1774831500,Down,14950080267091814648629348312648578837893192629270890535864656942760220614164,98320144586267452423381508451461032375886669702412152214861693903623550575181,0.03,0.04,89.07,1504.47,0.01,0.96,0.97,1504.47,89.07,0.01,0.035,0.965,0.944106,0.055894,66262.2
1774831186410,2026-03-30T00:39:46.410,btc-updown-15m-1774830600,1774831500,Down,14950080267091814648629348312648578837893192629270890535864656942760220614164,98320144586267452423381508451461032375886669702412152214861693903623550575181,0.03,0.04,89.07,1504.47,0.01,0.96,0.97,1504.47,89.07,0.01,0.035,0.965,0.944106,0.055894,66260.21
1774831187410,2026-03-30T00:39:47.410,btc-updown-15m-1774830600,1774831500,Down,14950080267091814648629348312648578837893192629270890535864656942760220614164,98320144586267452423381508451461032375886669702412152214861693903623550575181,0.03,0.04,89.07,1504.47,0.01,0.96,0.97,1504.47,89.07,0.01,0.035,0.965,0.944106,0.055894,66260.21
1774831188411,2026-03-30T00:39:48.411,btc-updown-15m-1774830600,1774831500,Down,14950080267091814648629348312648578837893192629270890535864656942760220614164,98320144586267452423381508451461032375886669702412152214861693903623550575181,0.03,0.04,89.07,1504.47,0.01,0.96,0.97,1504.47,89.07,0.01,0.035,0.965,0.944106,0.055894,66260.21
1774831189411,2026-03-30T00:39:49.411,btc-updown-15m-1774830600,1774831500,Down,14950080267091814648629348312648578837893192629270890535864656942760220614164,98320144586267452423381508451461032375886669702412152214861693903623550575181,0.03,0.04,80.0,1504.47,0.01,0.96,0.97,1504.47,80.0,0.01,0.035,0.965,0.94951,0.05049,66260.2
1774831190412,2026-03-30T00:39:50.412,btc-updown-15m-1774830600,1774831500,Down,14950080267091814648629348312648578837893192629270890535864656942760220614164,98320144586267452423381508451461032375886669702412152214861693903623550575181,0.03,0.04,80.0,1504.47,0.01,0.96,0.97,1504.47,80.0,0.01,0.035,0.965,0.94951,0.05049,66260.2
1774831191413,2026-03-30T00:39:51.413,btc-updown-15m-1774830600,1774831500,Down,14950080267091814648629348312648578837893192629270890535864656942760220614164,98320144586267452423381508451461032375886669702412152214861693903623550575181,0.03,0.04,116.0,1502.45,0.01,0.96,0.97,1502.45,116.0,0.01,0.035,0.965,0.928326,0.071674,66260.2
1774831192414,2026-03-30T00:39:52.414,btc-updown-15m-1774830600,1774831500,Down,14950080267091814648629348312648578837893192629270890535864656942760220614164,98320144586267452423381508451461032375886669702412152214861693903623550575181,0.04,0.05,155.71,542.0,0.01,0.95,0.96,542.0,155.71,0.01,0.045,0.955,0.776827,0.223173,66292.11
1774831193415,2026-03-30T00:39:53.415,btc-updown-15m-1774830600,1774831500,Down,14950080267091814648629348312648578837893192629270890535864656942760220614164,98320144586267452423381508451461032375886669702412152214861693903623550575181,0.04,0.05,155.71,542.0,0.01,0.95,0.96,542.0,155.71,0.01,0.045,0.955,0.776827,0.223173,66292.11
1774831194415,2026-03-30T00:39:54.415,btc-updown-15m-1774830600,1774831500,Down,14950080267091814648629348312648578837893192629270890535864656942760220614164,98320144586267452423381508451461032375886669702412152214861693903623550575181,0.05,0.06,339.56,41.14,0.01,0.94,0.95,41.14,339.56,0.01,0.055,0.945,0.108064,0.891936,66292.11
1774831195416,2026-03-30T00:39:55.416,btc-updown-15m-1774830600,1774831500,Down,14950080267091814648629348312648578837893192629270890535864656942760220614164,98320144586267452423381508451461032375886669702412152214861693903623550575181,0.04,0.05,20.0,533.0,0.01,0.95,0.96,533.0,20.0,0.01,0.045,0.955,0.963834,0.036166,66292.12
1774831196417,2026-03-30T00:39:56.417,btc-updown-15m-1774830600,1774831500,Down,14950080267091814648629348312648578837893192629270890535864656942760220614164,98320144586267452423381508451461032375886669702412152214861693903623550575181,0.04,0.05,20.0,533.0,0.01,0.95,0.96,533.0,20.0,0.01,0.045,0.955,0.963834,0.036166,66292.12
1774831197418,2026-03-30T00:39:57.418,btc-updown-15m-1774830600,1774831500,Down,14950080267091814648629348312648578837893192629270890535864656942760220614164,98320144586267452423381508451461032375886669702412152214861693903623550575181,0.04,0.05,20.0,533.0,0.01,0.95,0.96,533.0,20.0,0.01,0.045,0.955,0.963834,0.036166,66292.12
1774831198418,2026-03-30T00:39:58.418,btc-updown-15m-1774830600,1774831500,Down,14950080267091814648629348312648578837893192629270890535864656942760220614164,98320144586267452423381508451461032375886669702412152214861693903623550575181,0.04,0.05,20.0,14.28,0.01,0.95,0.96,14.28,20.0,0.01,0.045,0.955,0.416569,0.583431,66285.48
1774831199420,2026-03-30T00:39:59.420,btc-updown-15m-1774830600,1774831500,Down,14950080267091814648629348312648578837893192629270890535864656942760220614164,98320144586267452423381508451461032375886669702412152214861693903623550575181,0.04,0.05,20.0,14.28,0.01,0.95,0.96,14.28,20.0,0.01,0.045,0.955,0.416569,0.583431,66285.48
1774831200420,2026-03-30T00:40:00.420,btc-updown-15m-1774830600,1774831500,Down,14950080267091814648629348312648578837893192629270890535864656942760220614164,98320144586267452423381508451461032375886669702412152214861693903623550575181,0.04,0.05,20.0,202.0,0.01,0.95,0.96,202.0,20.0,0.01,0.045,0.955,0.90991,0.09009,66285.48
1774831201422,2026-03-30T00:40:01.422,btc-updown-15m-1774830600,1774831500,Down,14950080267091814648629348312648578837893192629270890535864656942760220614164,98320144586267452423381508451461032375886669702412152214861693903623550575181,0.05,0.06,85.56,192.0,0.01,0.94,0.95,192.0,85.56,0.01,0.055,0.945,0.691742,0.308258,66311.39
1774831202423,2026-03-30T00:40:02.423,btc-updown-15m-1774830600,1774831500,Down,14950080267091814648629348312648578837893192629270890535864656942760220614164,98320144586267452423381508451461032375886669702412152214861693903623550575181,0.04,0.06,109.56,202.2,0.02,0.94,0.96,202.2,109.56,0.02,0.05,0.95,0.648576,0.351424,66311.39
1774831203423,2026-03-30T00:40:03.423,btc-updown-15m-1774830600,1774831500,Down,14950080267091814648629348312648578837893192629270890535864656942760220614164,98320144586267452423381508451461032375886669702412152214861693903623550575181,0.04,0.05,79.0,9.58,0.01,0.95,0.96,9.58,79.0,0.01,0.045,0.955,0.108151,0.891849,66311.39
1774831204423,2026-03-30T00:40:04.423,btc-updown-15m-1774830600,1774831500,Down,14950080267091814648629348312648578837893192629270890535864656942760220614164,98320144586267452423381508451461032375886669702412152214861693903623550575181,0.03,0.04,205.93,1622.41,0.01,0.96,0.97,1622.41,205.93,0.01,0.035,0.965,0.887368,0.112632,66300.14
1774831205425,2026-03-30T00:40:05.425,btc-updown-15m-1774830600,1774831500,Down,14950080267091814648629348312648578837893192629270890535864656942760220614164,98320144586267452423381508451461032375886669702412152214861693903623550575181,0.03,0.04,183.93,1141.49,0.01,0.96,0.97,1141.49,183.93,0.01,0.035,0.965,0.861229,0.138771,66300.14
1774831206426,2026-03-30T00:40:06.426,btc-updown-15m-1774830600,1774831500,Down,14950080267091814648629348312648578837893192629270890535864656942760220614164,98320144586267452423381508451461032375886669702412152214861693903623550575181,0.03,0.04,367.04,1338.38,0.01,0.96,0.97,1338.38,367.04,0.01,0.035,0.965,0.78478,0.21522,66300.14
1774831207426,2026-03-30T00:40:07.426,btc-updown-15m-1774830600,1774831500,Down,14950080267091814648629348312648578837893192629270890535864656942760220614164,98320144586267452423381508451461032375886669702412152214861693903623550575181,0.03,0.04,357.14,1136.38,0.01,0.96,0.97,1136.38,357.14,0.01,0.035,0.965,0.760874,0.239126,66300.13
1774831208427,2026-03-30T00:40:08.427,btc-updown-15m-1774830600,1774831500,Down,14950080267091814648629348312648578837893192629270890535864656942760220614164,98320144586267452423381508451461032375886669702412152214861693903623550575181,0.03,0.04,357.14,1136.38,0.01,0.96,0.97,1136.38,357.14,0.01,0.035,0.965,0.760874,0.239126,66300.13
1774831209427,2026-03-30T00:40:09.427,btc-updown-15m-1774830600,1774831500,Down,14950080267091814648629348312648578837893192629270890535864656942760220614164,98320144586267452423381508451461032375886669702412152214861693903623550575181,0.03,0.04,372.96,1678.77,0.01,0.96,0.97,1678.77,372.96,0.01,0.035,0.965,0.818222,0.181778,66300.13
1774831210428,2026-03-30T00:40:10.428,btc-updown-15m-1774830600,1774831500,Down,14950080267091814648629348312648578837893192629270890535864656942760220614164,98320144586267452423381508451461032375886669702412152214861693903623550575181,0.03,0.05,122.0,2342.47,0.02,0.95,0.97,2342.47,122.0,0.02,0.04,0.96,0.950496,0.049504,66299.04
1774831211428,2026-03-30T00:40:11.428,btc-updown-15m-1774830600,1774831500,Down,14950080267091814648629348312648578837893192629270890535864656942760220614164,98320144586267452423381508451461032375886669702412152214861693903623550575181,0.03,0.04,54.0,2103.77,0.01,0.96,0.97,2103.77,54.0,0.01,0.035,0.965,0.974974,0.025026,66299.04
1774831212429,2026-03-30T00:40:12.429,btc-updown-15m-1774830600,1774831500,Down,14950080267091814648629348312648578837893192629270890535864656942760220614164,98320144586267452423381508451461032375886669702412152214861693903623550575181,0.03,0.04,118.0,1101.62,0.01,0.96,0.97,1101.62,118.0,0.01,0.035,0.965,0.903249,0.096751,66299.04
1774831213430,2026-03-30T00:40:13.430,btc-updown-15m-1774830600,1774831500,Down,14950080267091814648629348312648578837893192629270890535864656942760220614164,98320144586267452423381508451461032375886669702412152214861693903623550575181,0.03,0.04,133.0,1049.02,0.01,0.96,0.97,1049.02,133.0,0.01,0.035,0.965,0.887481,0.112519,66293.75
1774831214430,2026-03-30T00:40:14.430,btc-updown-15m-1774830600,1774831500,Down,14950080267091814648629348312648578837893192629270890535864656942760220614164,98320144586267452423381508451461032375886669702412152214861693903623550575181,0.03,0.04,133.0,1049.02,0.01,0.96,0.97,1049.02,133.0,0.01,0.035,0.965,0.887481,0.112519,66293.75
1774831215431,2026-03-30T00:40:15.431,btc-updown-15m-1774830600,1774831500,Down,14950080267091814648629348312648578837893192629270890535864656942760220614164,98320144586267452423381508451461032375886669702412152214861693903623550575181,0.03,0.04,133.0,1049.02,0.01,0.96,0.97,1049.02,133.0,0.01,0.035,0.965,0.887481,0.112519,66293.75
1774831216432,2026-03-30T00:40:16.432,btc-updown-15m-1774830600,1774831500,Down,14950080267091814648629348312648578837893192629270890535864656942760220614164,98320144586267452423381508451461032375886669702412152214861693903623550575181,0.03,0.04,133.0,1049.02,0.01,0.96,0.97,1049.02,133.0,0.01,0.035,0.965,0.887481,0.112519,66288.33
1774831217433,2026-03-30T00:40:17.433,btc-updown-15m-1774830600,1774831500,Down,14950080267091814648629348312648578837893192629270890535864656942760220614164,98320144586267452423381508451461032375886669702412152214861693903623550575181,0.03,0.04,149.9,971.93,0.01,0.96,0.97,971.93,149.9,0.01,0.035,0.965,0.866379,0.133621,66288.33
1774831218433,2026-03-30T00:40:18.433,btc-updown-15m-1774830600,1774831500,Down,14950080267091814648629348312648578837893192629270890535864656942760220614164,98320144586267452423381508451461032375886669702412152214861693903623550575181,0.03,0.04,124.86,1830.99,0.01,0.96,0.97,1830.99,124.86,0.01,0.035,0.965,0.936161,0.063839,66288.33
1774831219434,2026-03-30T00:40:19.434,btc-updown-15m-1774830600,1774831500,Down,14950080267091814648629348312648578837893192629270890535864656942760220614164,98320144586267452423381508451461032375886669702412152214861693903623550575181,0.03,0.04,184.6,1010.99,0.01,0.96,0.97,1010.99,184.6,0.01,0.035,0.965,0.845599,0.154401,66293.65
1774831220434,2026-03-30T00:40:20.434,btc-updown-15m-1774830600,1774831500,Down,14950080267091814648629348312648578837893192629270890535864656942760220614164,98320144586267452423381508451461032375886669702412152214861693903623550575181,0.03,0.04,184.6,1010.99,0.01,0.96,0.97,1010.99,184.6,0.01,0.035,0.965,0.845599,0.154401,66293.65
1774831221435,2026-03-30T00:40:21.435,btc-updown-15m-1774830600,1774831500,Down,14950080267091814648629348312648578837893192629270890535864656942760220614164,98320144586267452423381508451461032375886669702412152214861693903623550575181,0.03,0.04,1532.38,383.51,0.01,0.96,0.97,383.51,1532.38,0.01,0.035,0.965,0.200173,0.799827,66293.65
1774831222436,2026-03-30T00:40:22.436,btc-updown-15m-1774830600,1774831500,Down,14950080267091814648629348312648578837893192629270890535864656942760220614164,98320144586267452423381508451461032375886669702412152214861693903623550575181,0.03,0.04,1666.38,270.78,0.01,0.96,0.97,270.78,1666.38,0.01,0.035,0.965,0.139782,0.860218,66260.37
1774831223436,2026-03-30T00:40:23.436,btc-updown-15m-1774830600,1774831500,Down,14950080267091814648629348312648578837893192629270890535864656942760220614164,98320144586267452423381508451461032375886669702412152214861693903623550575181,0.03,0.04,1694.38,106.78,0.01,0.96,0.97,106.78,1694.38,0.01,0.035,0.965,0.059284,0.940716,66260.37
1774831224437,2026-03-30T00:40:24.437,btc-updown-15m-1774830600,1774831500,Down,14950080267091814648629348312648578837893192629270890535864656942760220614164,98320144586267452423381508451461032375886669702412152214861693903623550575181,0.03,0.04,1563.38,94.78,0.01,0.96,0.97,94.78,1563.38,0.01,0.035,0.965,0.05716,0.94284,66260.37
1774831225437,2026-03-30T00:40:25.437,btc-updown-15m-1774830600,1774831500,Down,14950080267091814648629348312648578837893192629270890535864656942760220614164,98320144586267452423381508451461032375886669702412152214861693903623550575181,0.02,0.03,251.19,1885.22,0.01,0.97,0.98,1885.22,251.19,0.01,0.025,0.975,0.882424,0.117576,66282.18
1774831226438,2026-03-30T00:40:26.438,btc-updown-15m-1774830600,1774831500,Down,14950080267091814648629348312648578837893192629270890535864656942760220614164,98320144586267452423381508451461032375886669702412152214861693903623550575181,0.02,0.03,183.19,1782.47,0.01,0.97,0.98,1782.47,183.19,0.01,0.025,0.975,0.906805,0.093195,66282.18
1774831227439,2026-03-30T00:40:27.439,btc-updown-15m-1774830600,1774831500,Down,14950080267091814648629348312648578837893192629270890535864656942760220614164,98320144586267452423381508451461032375886669702412152214861693903623550575181,0.02,0.03,460.47,1648.47,0.01,0.97,0.98,1648.47,460.47,0.01,0.025,0.975,0.781658,0.218342,66282.18
1774831228440,2026-03-30T00:40:28.440,btc-updown-15m-1774830600,1774831500,Down,14950080267091814648629348312648578837893192629270890535864656942760220614164,98320144586267452423381508451461032375886669702412152214861693903623550575181,0.02,0.03,669.47,1548.47,0.01,0.97,0.98,1548.47,669.47,0.01,0.025,0.975,0.698157,0.301843,66270.96
1774831229441,2026-03-30T00:40:29.441,btc-updown-15m-1774830600,1774831500,Down,14950080267091814648629348312648578837893192629270890535864656942760220614164,98320144586267452423381508451461032375886669702412152214861693903623550575181,0.02,0.03,828.38,1265.22,0.01,0.97,0.98,1265.22,828.38,0.01,0.025,0.975,0.604327,0.395673,66270.96
1774831230442,2026-03-30T00:40:30.442,btc-updown-15m-1774830600,1774831500,Down,14950080267091814648629348312648578837893192629270890535864656942760220614164,98320144586267452423381508451461032375886669702412152214861693903623550575181,0.02,0.03,843.38,1165.22,0.01,0.97,0.98,1165.22,843.38,0.01,0.025,0.975,0.580116,0.419884,66270.96
1774831231443,2026-03-30T00:40:31.443,btc-updown-15m-1774830600,1774831500,Down,14950080267091814648629348312648578837893192629270890535864656942760220614164,98320144586267452423381508451461032375886669702412152214861693903623550575181,0.02,0.03,971.63,891.22,0.01,0.97,0.98,891.22,971.63,0.01,0.025,0.975,0.478417,0.521583,66266.0
1774831232444,2026-03-30T00:40:32.444,btc-updown-15m-1774830600,1774831500,Down,14950080267091814648629348312648578837893192629270890535864656942760220614164,98320144586267452423381508451461032375886669702412152214861693903623550575181,0.01,0.02,418.19,9797.06,0.01,0.98,0.99,9797.06,418.19,0.01,0.015,0.985,0.959062,0.040938,66266.0
1774831233444,2026-03-30T00:40:33.444,btc-updown-15m-1774830600,1774831500,Down,14950080267091814648629348312648578837893192629270890535864656942760220614164,98320144586267452423381508451461032375886669702412152214861693903623550575181,0.01,0.02,443.19,9857.06,0.01,0.98,0.99,9857.06,443.19,0.01,0.015,0.985,0.956973,0.043027,66266.0
1774831234444,2026-03-30T00:40:34.444,btc-updown-15m-1774830600,1774831500,Down,14950080267091814648629348312648578837893192629270890535864656942760220614164,98320144586267452423381508451461032375886669702412152214861693903623550575181,0.01,0.02,568.38,9747.06,0.01,0.98,0.99,9747.06,568.38,0.01,0.015,0.985,0.9449,0.0551,66267.0
1774831235445,2026-03-30T00:40:35.445,btc-updown-15m-1774830600,1774831500,Down,14950080267091814648629348312648578837893192629270890535864656942760220614164,98320144586267452423381508451461032375886669702412152214861693903623550575181,0.01,0.02,698.36,9647.06,0.01,0.98,0.99,9647.06,698.36,0.01,0.015,0.985,0.932496,0.067504,66267.0
1774831236446,2026-03-30T00:40:36.446,btc-updown-15m-1774830600,1774831500,Down,14950080267091814648629348312648578837893192629270890535864656942760220614164,98320144586267452423381508451461032375886669702412152214861693903623550575181,0.01,0.02,670.3,9862.56,0.01,0.98,0.99,9862.56,670.3,0.01,0.015,0.985,0.936361,0.063639,66267.0
1774831237447,2026-03-30T00:40:37.447,btc-updown-15m-1774830600,1774831500,Down,14950080267091814648629348312648578837893192629270890535864656942760220614164,98320144586267452423381508451461032375886669702412152214861693903623550575181,0.01,0.02,856.79,9760.56,0.01,0.98,0.99,9760.56,856.79,0.01,0.015,0.985,0.919303,0.080697,66268.49
1774831238448,2026-03-30T00:40:38.448,btc-updown-15m-1774830600,1774831500,Down,14950080267091814648629348312648578837893192629270890535864656942760220614164,98320144586267452423381508451461032375886669702412152214861693903623550575181,0.01,0.02,791.79,9660.56,0.01,0.98,0.99,9660.56,791.79,0.01,0.015,0.985,0.924248,0.075752,66268.49
1774831239448,2026-03-30T00:40:39.448,btc-updown-15m-1774830600,1774831500,Down,14950080267091814648629348312648578837893192629270890535864656942760220614164,98320144586267452423381508451461032375886669702412152214861693903623550575181,0.01,0.02,885.98,8845.54,0.01,0.98,0.99,8845.54,885.98,0.01,0.015,0.985,0.908958,0.091042,66268.49
1774831240449,2026-03-30T00:40:40.449,btc-updown-15m-1774830600,1774831500,Down,14950080267091814648629348312648578837893192629270890535864656942760220614164,98320144586267452423381508451461032375886669702412152214861693903623550575181,0.01,0.02,981.31,8739.01,0.01,0.98,0.99,8739.01,981.31,0.01,0.015,0.985,0.899046,0.100954,66266.4
1774831241450,2026-03-30T00:40:41.450,btc-updown-15m-1774830600,1774831500,Down,14950080267091814648629348312648578837893192629270890535864656942760220614164,98320144586267452423381508451461032375886669702412152214861693903623550575181,0.01,0.02,973.81,8738.5,0.01,0.98,0.99,8738.5,973.81,0.01,0.015,0.985,0.899734,0.100266,66266.4
1774831242451,2026-03-30T00:40:42.451,btc-updown-15m-1774830600,1774831500,Down,14950080267091814648629348312648578837893192629270890535864656942760220614164,98320144586267452423381508451461032375886669702412152214861693903623550575181,0.01,0.02,984.73,7623.4,0.01,0.98,0.99,7623.4,984.73,0.01,0.015,0.985,0.885605,0.114395,66266.4
1774831243452,2026-03-30T00:40:43.452,btc-updown-15m-1774830600,1774831500,Down,14950080267091814648629348312648578837893192629270890535864656942760220614164,98320144586267452423381508451461032375886669702412152214861693903623550575181,0.01,0.02,927.73,7725.4,0.01,0.98,0.99,7725.4,927.73,0.01,0.015,0.985,0.892787,0.107213,66300.78
1774831244453,2026-03-30T00:40:44.453,btc-updown-15m-1774830600,1774831500,Down,14950080267091814648629348312648578837893192629270890535864656942760220614164,98320144586267452423381508451461032375886669702412152214861693903623550575181,0.01,0.02,702.51,8009.9,0.01,0.98,0.99,8009.9,702.51,0.01,0.015,0.985,0.919367,0.080633,66300.78
1774831245453,2026-03-30T00:40:45.453,btc-updown-15m-1774830600,1774831500,Down,14950080267091814648629348312648578837893192629270890535864656942760220614164,98320144586267452423381508451461032375886669702412152214861693903623550575181,0.01,0.02,532.51,8550.9,0.01,0.98,0.99,8550.9,532.51,0.01,0.015,0.985,0.941376,0.058624,66300.78
1774831246454,2026-03-30T00:40:46.454,btc-updown-15m-1774830600,1774831500,Down,14950080267091814648629348312648578837893192629270890535864656942760220614164,98320144586267452423381508451461032375886669702412152214861693903623550575181,0.01,0.02,490.51,8168.9,0.01,0.98,0.99,8168.9,490.51,0.01,0.015,0.985,0.943355,0.056645,66304.74
1774831247456,2026-03-30T00:40:47.456,btc-updown-15m-1774830600,1774831500,Down,14950080267091814648629348312648578837893192629270890535864656942760220614164,98320144586267452423381508451461032375886669702412152214861693903623550575181,0.01,0.02,490.51,8068.4,0.01,0.98,0.99,8068.4,448.51,0.01,0.015,0.985,0.94269,0.052661,66304.74
1774831248457,2026-03-30T00:40:48.457,btc-updown-15m-1774830600,1774831500,Down,14950080267091814648629348312648578837893192629270890535864656942760220614164,98320144586267452423381508451461032375886669702412152214861693903623550575181,0.01,0.02,403.6,8003.4,0.01,0.98,0.99,8003.4,403.6,0.01,0.015,0.985,0.951992,0.048008,66304.74
1774831249458,2026-03-30T00:40:49.458,btc-updown-15m-1774830600,1774831500,Down,14950080267091814648629348312648578837893192629270890535864656942760220614164,98320144586267452423381508451461032375886669702412152214861693903623550575181,0.01,0.02,403.6,7852.4,0.01,0.98,0.99,7852.4,403.6,0.01,0.015,0.985,0.951114,0.048886,66304.74
1774831250460,2026-03-30T00:40:50.460,btc-updown-15m-1774830600,1774831500,Down,14950080267091814648629348312648578837893192629270890535864656942760220614164,98320144586267452423381508451461032375886669702412152214861693903623550575181,0.01,0.02,361.6,7752.4,0.01,0.98,0.99,7752.4,361.6,0.01,0.015,0.985,0.955435,0.044565,66304.74
1774831251461,2026-03-30T00:40:51.461,btc-updown-15m-1774830600,1774831500,Down,14950080267091814648629348312648578837893192629270890535864656942760220614164,98320144586267452423381508451461032375886669702412152214861693903623550575181,0.01,0.02,84.6,7974.4,0.01,0.98,0.99,7974.4,84.6,0.01,0.015,0.985,0.989502,0.010498,66304.74
1774831252462,2026-03-30T00:40:52.462,btc-updown-15m-1774830600,1774831500,Down,14950080267091814648629348312648578837893192629270890535864656942760220614164,98320144586267452423381508451461032375886669702412152214861693903623550575181,0.02,0.03,1100.06,754.3,0.01,0.97,0.98,754.3,1100.06,0.01,0.025,0.975,0.406771,0.593229,66312.07
1774831253463,2026-03-30T00:40:53.463,btc-updown-15m-1774830600,1774831500,Down,14950080267091814648629348312648578837893192629270890535864656942760220614164,98320144586267452423381508451461032375886669702412152214861693903623550575181,0.02,0.03,1100.06,754.3,0.01,0.97,0.98,754.3,1100.06,0.01,0.025,0.975,0.406771,0.593229,66312.07
1774831254464,2026-03-30T00:40:54.464,btc-updown-15m-1774830600,1774831500,Down,14950080267091814648629348312648578837893192629270890535864656942760220614164,98320144586267452423381508451461032375886669702412152214861693903623550575181,0.02,0.03,1100.06,805.57,0.01,0.97,0.98,805.57,1100.06,0.01,0.025,0.975,0.422732,0.577268,66312.07
1774831255466,2026-03-30T00:40:55.466,btc-updown-15m-1774830600,1774831500,Down,14950080267091814648629348312648578837893192629270890535864656942760220614164,98320144586267452423381508451461032375886669702412152214861693903623550575181,0.02,0.03,1066.72,705.57,0.01,0.97,0.98,705.57,1066.72,0.01,0.025,0.975,0.398112,0.601888,66319.58
1774831256466,2026-03-30T00:40:56.466,btc-updown-15m-1774830600,1774831500,Down,14950080267091814648629348312648578837893192629270890535864656942760220614164,98320144586267452423381508451461032375886669702412152214861693903623550575181,0.02,0.03,1054.22,641.37,0.01,0.97,0.98,641.37,1054.22,0.01,0.025,0.975,0.378258,0.621742,66319.58
1774831257468,2026-03-30T00:40:57.468,btc-updown-15m-1774830600,1774831500,Down,14950080267091814648629348312648578837893192629270890535864656942760220614164,98320144586267452423381508451461032375886669702412152214861693903623550575181,0.02,0.03,867.46,1473.37,0.01,0.97,0.98,1473.37,867.46,0.01,0.025,0.975,0.629422,0.370578,66319.58
1774831258468,2026-03-30T00:40:58.468,btc-updown-15m-1774830600,1774831500,Down,14950080267091814648629348312648578837893192629270890535864656942760220614164,98320144586267452423381508451461032375886669702412152214861693903623550575181,0.02,0.03,882.46,1460.84,0.01,0.97,0.98,1460.84,882.46,0.01,0.025,0.975,0.623411,0.376589,66325.25
1774831259469,2026-03-30T00:40:59.469,btc-updown-15m-1774830600,1774831500,Down,14950080267091814648629348312648578837893192629270890535864656942760220614164,98320144586267452423381508451461032375886669702412152214861693903623550575181,0.02,0.03,965.46,958.84,0.01,0.97,0.98,958.84,965.46,0.01,0.025,0.975,0.49828,0.50172,66325.25
1774831260470,2026-03-30T00:41:00.470,btc-updown-15m-1774830600,1774831500,Down,14950080267091814648629348312648578837893192629270890535864656942760220614164,98320144586267452423381508451461032375886669702412152214861693903623550575181,0.02,0.03,897.46,807.84,0.01,0.97,0.98,807.84,897.46,0.01,0.025,0.975,0.473723,0.526277,66325.25
1774831261470,2026-03-30T00:41:01.470,btc-updown-15m-1774830600,1774831500,Down,14950080267091814648629348312648578837893192629270890535864656942760220614164,98320144586267452423381508451461032375886669702412152214861693903623550575181,0.02,0.03,979.96,290.68,0.01,0.97,0.98,290.68,979.96,0.01,0.025,0.975,0.228767,0.771233,66321.01
1774831262471,2026-03-30T00:41:02.471,btc-updown-15m-1774830600,1774831500,Down,14950080267091814648629348312648578837893192629270890535864656942760220614164,98320144586267452423381508451461032375886669702412152214861693903623550575181,0.01,0.03,1183.96,6938.4,0.02,0.97,0.99,6938.4,1183.96,0.02,0.02,0.98,0.854234,0.145766,66321.01
1774831263473,2026-03-30T00:41:03.473,btc-updown-15m-1774830600,1774831500,Down,14950080267091814648629348312648578837893192629270890535864656942760220614164,98320144586267452423381508451461032375886669702412152214861693903623550575181,0.01,0.03,1183.96,6938.4,0.02,0.97,0.99,6938.4,1183.96,0.02,0.02,0.98,0.854234,0.145766,66321.01
1774831264474,2026-03-30T00:41:04.474,btc-updown-15m-1774830600,1774831500,Down,14950080267091814648629348312648578837893192629270890535864656942760220614164,98320144586267452423381508451461032375886669702412152214861693903623550575181,0.01,0.02,269.39,6105.1,0.01,0.98,0.99,6105.1,269.39,0.01,0.015,0.985,0.957739,0.042261,66300.0
1774831265475,2026-03-30T00:41:05.475,btc-updown-15m-1774830600,1774831500,Down,14950080267091814648629348312648578837893192629270890535864656942760220614164,98320144586267452423381508451461032375886669702412152214861693903623550575181,0.01,0.02,217.39,6250.35,0.01,0.98,0.99,6250.35,217.39,0.01,0.015,0.985,0.966389,0.033611,66300.0
1774831266476,2026-03-30T00:41:06.476,btc-updown-15m-1774830600,1774831500,Down,14950080267091814648629348312648578837893192629270890535864656942760220614164,98320144586267452423381508451461032375886669702412152214861693903623550575181,0.01,0.03,1381.25,5747.95,0.02,0.97,0.99,5747.95,1381.25,0.02,0.02,0.98,0.806255,0.193745,66300.0
1774831267477,2026-03-30T00:41:07.477,btc-updown-15m-1774830600,1774831500,Down,14950080267091814648629348312648578837893192629270890535864656942760220614164,98320144586267452423381508451461032375886669702412152214861693903623550575181,0.01,0.02,20.4,5574.61,0.01,0.98,0.99,5574.61,20.4,0.01,0.015,0.985,0.996354,0.003646,66300.18
1774831268478,2026-03-30T00:41:08.478,btc-updown-15m-1774830600,1774831500,Down,14950080267091814648629348312648578837893192629270890535864656942760220614164,98320144586267452423381508451461032375886669702412152214861693903623550575181,0.01,0.03,986.21,5578.75,0.02,0.97,0.99,5578.75,986.21,0.02,0.02,0.98,0.849777,0.150223,66300.18
1774831269479,2026-03-30T00:41:09.479,btc-updown-15m-1774830600,1774831500,Down,14950080267091814648629348312648578837893192629270890535864656942760220614164,98320144586267452423381508451461032375886669702412152214861693903623550575181,0.01,0.02,15.0,5307.45,0.01,0.98,0.99,5307.45,15.0,0.01,0.015,0.985,0.997182,0.002818,66300.18
1774831270480,2026-03-30T00:41:10.480,btc-updown-15m-1774830600,1774831500,Down,14950080267091814648629348312648578837893192629270890535864656942760220614164,98320144586267452423381508451461032375886669702412152214861693903623550575181,0.01,0.03,1066.91,5247.45,0.02,0.97,0.99,5247.45,1066.91,0.02,0.02,0.98,0.831034,0.168966,66303.63
1774831271481,2026-03-30T00:41:11.481,btc-updown-15m-1774830600,1774831500,Down,14950080267091814648629348312648578837893192629270890535864656942760220614164,98320144586267452423381508451461032375886669702412152214861693903623550575181,0.01,0.03,846.21,5501.66,0.02,0.97,0.99,5501.66,846.21,0.02,0.02,0.98,0.866694,0.133306,66303.63
1774831272481,2026-03-30T00:41:12.481,btc-updown-15m-1774830600,1774831500,Down,14950080267091814648629348312648578837893192629270890535864656942760220614164,98320144586267452423381508451461032375886669702412152214861693903623550575181,0.01,0.02,73.51,5111.36,0.01,0.98,0.99,5111.36,73.51,0.01,0.015,0.985,0.985822,0.014178,66303.63
1774831273482,2026-03-30T00:41:13.482,btc-updown-15m-1774830600,1774831500,Down,14950080267091814648629348312648578837893192629270890535864656942760220614164,98320144586267452423381508451461032375886669702412152214861693903623550575181,0.01,0.02,71.51,5800.34,0.01,0.98,0.99,5800.34,71.51,0.01,0.015,0.985,0.987822,0.012178,66301.29
1774831274482,2026-03-30T00:41:14.482,btc-updown-15m-1774830600,1774831500,Down,14950080267091814648629348312648578837893192629270890535864656942760220614164,98320144586267452423381508451461032375886669702412152214861693903623550575181,0.01,0.02,71.51,5800.34,0.01,0.98,0.99,5800.34,71.51,0.01,0.015,0.985,0.987822,0.012178,66301.29
1774831275483,2026-03-30T00:41:15.483,btc-updown-15m-1774830600,1774831500,Down,14950080267091814648629348312648578837893192629270890535864656942760220614164,98320144586267452423381508451461032375886669702412152214861693903623550575181,0.01,0.02,71.51,5800.34,0.01,0.98,0.99,5800.34,71.51,0.01,0.015,0.985,0.987822,0.012178,66301.29
1774831276483,2026-03-30T00:41:16.483,btc-updown-15m-1774830600,1774831500,Down,14950080267091814648629348312648578837893192629270890535864656942760220614164,98320144586267452423381508451461032375886669702412152214861693903623550575181,0.01,0.02,44.51,5056.34,0.01,0.98,0.99,5056.34,44.51,0.01,0.015,0.985,0.991274,0.008726,66301.31
1774831277484,2026-03-30T00:41:17.484,btc-updown-15m-1774830600,1774831500,Down,14950080267091814648629348312648578837893192629270890535864656942760220614164,98320144586267452423381508451461032375886669702412152214861693903623550575181,0.01,0.02,37.54,5054.56,0.01,0.98,0.99,5054.56,37.54,0.01,0.015,0.985,0.992628,0.007372,66301.31
1774831278484,2026-03-30T00:41:18.484,btc-updown-15m-1774830600,1774831500,Down,14950080267091814648629348312648578837893192629270890535864656942760220614164,98320144586267452423381508451461032375886669702412152214861693903623550575181,0.01,0.02,37.54,5054.56,0.01,0.98,0.99,5054.56,37.54,0.01,0.015,0.985,0.992628,0.007372,66301.31
1774831279485,2026-03-30T00:41:19.485,btc-updown-15m-1774830600,1774831500,Down,14950080267091814648629348312648578837893192629270890535864656942760220614164,98320144586267452423381508451461032375886669702412152214861693903623550575181,0.01,0.02,37.54,5054.56,0.01,0.98,0.99,5054.56,37.54,0.01,0.015,0.985,0.992628,0.007372,66266.41
1774831280486,2026-03-30T00:41:20.486,btc-updown-15m-1774830600,1774831500,Down,14950080267091814648629348312648578837893192629270890535864656942760220614164,98320144586267452423381508451461032375886669702412152214861693903623550575181,0.01,0.02,37.54,5054.56,0.01,0.98,0.99,5054.56,37.54,0.01,0.015,0.985,0.992628,0.007372,66266.41
1774831281487,2026-03-30T00:41:21.487,btc-updown-15m-1774830600,1774831500,Down,14950080267091814648629348312648578837893192629270890535864656942760220614164,98320144586267452423381508451461032375886669702412152214861693903623550575181,0.01,0.02,367.56,6607.76,0.01,0.98,0.99,6607.76,367.56,0.01,0.015,0.985,0.947306,0.052694,66266.41
1774831282487,2026-03-30T00:41:22.487,btc-updown-15m-1774830600,1774831500,Down,14950080267091814648629348312648578837893192629270890535864656942760220614164,98320144586267452423381508451461032375886669702412152214861693903623550575181,0.01,0.02,367.56,6574.5,0.01,0.98,0.99,6574.5,367.56,0.01,0.015,0.985,0.947053,0.052947,66264.01
1774831283490,2026-03-30T00:41:23.490,btc-updown-15m-1774830600,1774831500,Down,14950080267091814648629348312648578837893192629270890535864656942760220614164,98320144586267452423381508451461032375886669702412152214861693903623550575181,0.01,0.02,367.56,6574.5,0.01,0.98,0.99,6574.5,367.56,0.01,0.015,0.985,0.947053,0.052947,66264.01
1774831284490,2026-03-30T00:41:24.490,btc-updown-15m-1774830600,1774831500,Down,14950080267091814648629348312648578837893192629270890535864656942760220614164,98320144586267452423381508451461032375886669702412152214861693903623550575181,0.01,0.02,411.56,6564.39,0.01,0.98,0.99,6564.39,411.56,0.01,0.015,0.985,0.941003,0.058997,66264.01
1774831285490,2026-03-30T00:41:25.490,btc-updown-15m-1774830600,1774831500,Down,14950080267091814648629348312648578837893192629270890535864656942760220614164,98320144586267452423381508451461032375886669702412152214861693903623550575181,0.01,0.02,411.56,6564.39,0.01,0.98,0.99,6564.39,411.56,0.01,0.015,0.985,0.941003,0.058997,66250.0
1774831286491,2026-03-30T00:41:26.491,btc-updown-15m-1774830600,1774831500,Down,14950080267091814648629348312648578837893192629270890535864656942760220614164,98320144586267452423381508451461032375886669702412152214861693903623550575181,0.01,0.02,1872.56,199.09,0.01,0.98,0.99,199.09,1872.56,0.01,0.015,0.985,0.096102,0.903898,66250.0
1774831287492,2026-03-30T00:41:27.492,btc-updown-15m-1774830600,1774831500,Down,14950080267091814648629348312648578837893192629270890535864656942760220614164,98320144586267452423381508451461032375886669702412152214861693903623550575181,,0.02,1050.56,,,0.98,,,1050.56,,,,,,66250.0
1774831288493,2026-03-30T00:41:28.493,btc-updown-15m-1774830600,1774831500,Down,14950080267091814648629348312648578837893192629270890535864656942760220614164,98320144586267452423381508451461032375886669702412152214861693903623550575181,,0.01,323.42,,,0.99,,,323.42,,,,,,66245.36
1774831289494,2026-03-30T00:41:29.494,btc-updown-15m-1774830600,1774831500,Down,14950080267091814648629348312648578837893192629270890535864656942760220614164,98320144586267452423381508451461032375886669702412152214861693903623550575181,,0.01,322.32,,,0.99,,,322.32,,,,,,66245.36
1774831290495,2026-03-30T00:41:30.495,btc-updown-15m-1774830600,1774831500,Down,14950080267091814648629348312648578837893192629270890535864656942760220614164,98320144586267452423381508451461032375886669702412152214861693903623550575181,,0.01,186.84,,,0.99,,,186.84,,,,,,66245.36
1774831291496,2026-03-30T00:41:31.496,btc-updown-15m-1774830600,1774831500,Down,14950080267091814648629348312648578837893192629270890535864656942760220614164,98320144586267452423381508451461032375886669702412152214861693903623550575181,,0.01,81.6,,,0.99,,,81.6,,,,,,66240.01
1774831292497,2026-03-30T00:41:32.497,btc-updown-15m-1774830600,1774831500,Down,14950080267091814648629348312648578837893192629270890535864656942760220614164,98320144586267452423381508451461032375886669702412152214861693903623550575181,,0.01,81.6,,,0.99,,,81.6,,,,,,66240.01
1774831293498,2026-03-30T00:41:33.498,btc-updown-15m-1774830600,1774831500,Down,14950080267091814648629348312648578837893192629270890535864656942760220614164,98320144586267452423381508451461032375886669702412152214861693903623550575181,,0.02,1851.56,,,0.98,,,1851.56,,,,,,66240.01
1774831294498,2026-03-30T00:41:34.498,btc-updown-15m-1774830600,1774831500,Down,14950080267091814648629348312648578837893192629270890535864656942760220614164,98320144586267452423381508451461032375886669702412152214861693903623550575181,,0.02,1851.56,,,0.98,,,1851.56,,,,,,66240.01
1774831295499,2026-03-30T00:41:35.499,btc-updown-15m-1774830600,1774831500,Down,14950080267091814648629348312648578837893192629270890535864656942760220614164,98320144586267452423381508451461032375886669702412152214861693903623550575181,,0.02,1851.56,,,0.98,,,1851.56,,,,,,66240.01
1774831296500,2026-03-30T00:41:36.500,btc-updown-15m-1774830600,1774831500,Down,14950080267091814648629348312648578837893192629270890535864656942760220614164,98320144586267452423381508451461032375886669702412152214861693903623550575181,,0.02,1851.56,,,0.98,,,1851.56,,,,,,66240.01
1774831297500,2026-03-30T00:41:37.500,btc-updown-15m-1774830600,1774831500,Down,14950080267091814648629348312648578837893192629270890535864656942760220614164,98320144586267452423381508451461032375886669702412152214861693903623550575181,,0.01,99.63,,,0.99,,,99.63,,,,,,66208.0
1774831298501,2026-03-30T00:41:38.501,btc-updown-15m-1774830600,1774831500,Down,14950080267091814648629348312648578837893192629270890535864656942760220614164,98320144586267452423381508451461032375886669702412152214861693903623550575181,,0.01,99.63,,,0.99,,,99.63,,,,,,66208.0
1774831299501,2026-03-30T00:41:39.501,btc-updown-15m-1774830600,1774831500,Down,14950080267091814648629348312648578837893192629270890535864656942760220614164,98320144586267452423381508451461032375886669702412152214861693903623550575181,,0.01,99.63,,,0.99,,,99.63,,,,,,66208.0
1774831300502,2026-03-30T00:41:40.502,btc-updown-15m-1774830600,1774831500,Down,14950080267091814648629348312648578837893192629270890535864656942760220614164,98320144586267452423381508451461032375886669702412152214861693903623550575181,,0.01,99.63,,,0.99,,,99.63,,,,,,66203.23
1774831301503,2026-03-30T00:41:41.503,btc-updown-15m-1774830600,1774831500,Down,14950080267091814648629348312648578837893192629270890535864656942760220614164,98320144586267452423381508451461032375886669702412152214861693903623550575181,,0.01,99.63,,,0.99,,,99.63,,,,,,66203.23
1774831302504,2026-03-30T00:41:42.504,btc-updown-15m-1774830600,1774831500,Down,14950080267091814648629348312648578837893192629270890535864656942760220614164,98320144586267452423381508451461032375886669702412152214861693903623550575181,,0.01,99.63,,,0.99,,,99.63,,,,,,66203.23
1774831303504,2026-03-30T00:41:43.504,btc-updown-15m-1774830600,1774831500,Down,14950080267091814648629348312648578837893192629270890535864656942760220614164,98320144586267452423381508451461032375886669702412152214861693903623550575181,,0.01,99.63,,,0.99,,,99.63,,,,,,66205.0
1774831304505,2026-03-30T00:41:44.505,btc-updown-15m-1774830600,1774831500,Down,14950080267091814648629348312648578837893192629270890535864656942760220614164,98320144586267452423381508451461032375886669702412152214861693903623550575181,,0.01,99.63,,,0.99,,,99.63,,,,,,66205.0
1774831305507,2026-03-30T00:41:45.507,btc-updown-15m-1774830600,1774831500,Down,14950080267091814648629348312648578837893192629270890535864656942760220614164,98320144586267452423381508451461032375886669702412152214861693903623550575181,,0.01,99.63,,,0.99,,,99.63,,,,,,66205.0
1774831306508,2026-03-30T00:41:46.508,btc-updown-15m-1774830600,1774831500,Down,14950080267091814648629348312648578837893192629270890535864656942760220614164,98320144586267452423381508451461032375886669702412152214861693903623550575181,,0.01,99.63,,,0.99,,,99.63,,,,,,66193.81
1774831307510,2026-03-30T00:41:47.510,btc-updown-15m-1774830600,1774831500,Down,14950080267091814648629348312648578837893192629270890535864656942760220614164,98320144586267452423381508451461032375886669702412152214861693903623550575181,,0.01,99.63,,,0.99,,,99.63,,,,,,66193.81
1774831308511,2026-03-30T00:41:48.511,btc-updown-15m-1774830600,1774831500,Down,14950080267091814648629348312648578837893192629270890535864656942760220614164,98320144586267452423381508451461032375886669702412152214861693903623550575181,,0.01,4356.21,,,0.99,,,4356.21,,,,,,66193.81
1774831309512,2026-03-30T00:41:49.512,btc-updown-15m-1774830600,1774831500,Down,14950080267091814648629348312648578837893192629270890535864656942760220614164,98320144586267452423381508451461032375886669702412152214861693903623550575181,,0.01,4353.82,,,0.99,,,4353.82,,,,,,66199.34
1774831310514,2026-03-30T00:41:50.514,btc-updown-15m-1774830600,1774831500,Down,14950080267091814648629348312648578837893192629270890535864656942760220614164,98320144586267452423381508451461032375886669702412152214861693903623550575181,,0.01,4353.82,,,0.99,,,4353.82,,,,,,66199.34
1774831311514,2026-03-30T00:41:51.514,btc-updown-15m-1774830600,1774831500,Down,14950080267091814648629348312648578837893192629270890535864656942760220614164,98320144586267452423381508451461032375886669702412152214861693903623550575181,,0.01,4353.82,,,0.99,,,4353.82,,,,,,66199.34
1774831312516,2026-03-30T00:41:52.516,btc-updown-15m-1774830600,1774831500,Down,14950080267091814648629348312648578837893192629270890535864656942760220614164,98320144586267452423381508451461032375886669702412152214861693903623550575181,,0.01,4358.82,,,0.99,,,4358.82,,,,,,66192.73
1774831313517,2026-03-30T00:41:53.517,btc-updown-15m-1774830600,1774831500,Down,14950080267091814648629348312648578837893192629270890535864656942760220614164,98320144586267452423381508451461032375886669702412152214861693903623550575181,,0.01,4358.82,,,0.99,,,4358.82,,,,,,66192.73
1774831314517,2026-03-30T00:41:54.517,btc-updown-15m-1774830600,1774831500,Down,14950080267091814648629348312648578837893192629270890535864656942760220614164,98320144586267452423381508451461032375886669702412152214861693903623550575181,,0.01,4358.82,,,0.99,,,4358.82,,,,,,66192.73
1774831315519,2026-03-30T00:41:55.519,btc-updown-15m-1774830600,1774831500,Down,14950080267091814648629348312648578837893192629270890535864656942760220614164,98320144586267452423381508451461032375886669702412152214861693903623550575181,,0.01,4358.82,,,0.99,,,4358.82,,,,,,66207.06
1774831316519,2026-03-30T00:41:56.519,btc-updown-15m-1774830600,1774831500,Down,14950080267091814648629348312648578837893192629270890535864656942760220614164,98320144586267452423381508451461032375886669702412152214861693903623550575181,,0.01,4358.82,,,0.99,,,4358.82,,,,,,66207.06
1774831317521,2026-03-30T00:41:57.521,btc-updown-15m-1774830600,1774831500,Down,14950080267091814648629348312648578837893192629270890535864656942760220614164,98320144586267452423381508451461032375886669702412152214861693903623550575181,,0.01,4358.82,,,0.99,,,4358.82,,,,,,66207.06
1774831318521,2026-03-30T00:41:58.521,btc-updown-15m-1774830600,1774831500,Down,14950080267091814648629348312648578837893192629270890535864656942760220614164,98320144586267452423381508451461032375886669702412152214861693903623550575181,,0.01,4358.82,,,0.99,,,4358.82,,,,,,66241.62
1774831319523,2026-03-30T00:41:59.523,btc-updown-15m-1774830600,1774831500,Down,14950080267091814648629348312648578837893192629270890535864656942760220614164,98320144586267452423381508451461032375886669702412152214861693903623550575181,,0.01,4358.82,,,0.99,,,4358.82,,,,,,66241.62
1774831320524,2026-03-30T00:42:00.524,btc-updown-15m-1774830600,1774831500,Down,14950080267091814648629348312648578837893192629270890535864656942760220614164,98320144586267452423381508451461032375886669702412152214861693903623550575181,,0.01,4358.82,,,0.99,,,4358.82,,,,,,66241.62
1774831321525,2026-03-30T00:42:01.525,btc-updown-15m-1774830600,1774831500,Down,14950080267091814648629348312648578837893192629270890535864656942760220614164,98320144586267452423381508451461032375886669702412152214861693903623550575181,,0.01,4358.82,,,0.99,,,4358.82,,,,,,66239.42
1774831322526,2026-03-30T00:42:02.526,btc-updown-15m-1774830600,1774831500,Down,14950080267091814648629348312648578837893192629270890535864656942760220614164,98320144586267452423381508451461032375886669702412152214861693903623550575181,,0.01,4358.82,,,0.99,,,4358.82,,,,,,66239.42
1774831323527,2026-03-30T00:42:03.527,btc-updown-15m-1774830600,1774831500,Down,14950080267091814648629348312648578837893192629270890535864656942760220614164,98320144586267452423381508451461032375886669702412152214861693903623550575181,,0.01,4358.82,,,0.99,,,4358.82,,,,,,66239.42
1774831324528,2026-03-30T00:42:04.528,btc-updown-15m-1774830600,1774831500,Down,14950080267091814648629348312648578837893192629270890535864656942760220614164,98320144586267452423381508451461032375886669702412152214861693903623550575181,,0.01,7786.58,,,0.99,,,7786.58,,,,,,66239.01
1774831325529,2026-03-30T00:42:05.529,btc-updown-15m-1774830600,1774831500,Down,14950080267091814648629348312648578837893192629270890535864656942760220614164,98320144586267452423381508451461032375886669702412152214861693903623550575181,,0.01,7786.58,,,0.99,,,7786.58,,,,,,66239.01
1774831326529,2026-03-30T00:42:06.529,btc-updown-15m-1774830600,1774831500,Down,14950080267091814648629348312648578837893192629270890535864656942760220614164,98320144586267452423381508451461032375886669702412152214861693903623550575181,,0.01,7729.37,,,0.99,,,7729.37,,,,,,66239.01
1774831327530,2026-03-30T00:42:07.530,btc-updown-15m-1774830600,1774831500,Down,14950080267091814648629348312648578837893192629270890535864656942760220614164,98320144586267452423381508451461032375886669702412152214861693903623550575181,,0.01,7723.48,,,0.99,,,7723.48,,,,,,66268.71
1774831328531,2026-03-30T00:42:08.531,btc-updown-15m-1774830600,1774831500,Down,14950080267091814648629348312648578837893192629270890535864656942760220614164,98320144586267452423381508451461032375886669702412152214861693903623550575181,,0.01,7623.48,,,0.99,,,7623.48,,,,,,66268.71
1774831329531,2026-03-30T00:42:09.531,btc-updown-15m-1774830600,1774831500,Down,14950080267091814648629348312648578837893192629270890535864656942760220614164,98320144586267452423381508451461032375886669702412152214861693903623550575181,,0.01,6111.48,,,0.99,,,6111.48,,,,,,66268.71
1774831330532,2026-03-30T00:42:10.532,btc-updown-15m-1774830600,1774831500,Down,14950080267091814648629348312648578837893192629270890535864656942760220614164,98320144586267452423381508451461032375886669702412152214861693903623550575181,,0.01,6111.48,,,0.99,,,6111.48,,,,,,66278.09
1774831331533,2026-03-30T00:42:11.533,btc-updown-15m-1774830600,1774831500,Down,14950080267091814648629348312648578837893192629270890535864656942760220614164,98320144586267452423381508451461032375886669702412152214861693903623550575181,,0.01,6111.48,,,0.99,,,6111.48,,,,,,66278.09
1774831332534,2026-03-30T00:42:12.534,btc-updown-15m-1774830600,1774831500,Down,14950080267091814648629348312648578837893192629270890535864656942760220614164,98320144586267452423381508451461032375886669702412152214861693903623550575181,,0.01,6111.48,,,0.99,,,6111.48,,,,,,66278.09
1774831333535,2026-03-30T00:42:13.535,btc-updown-15m-1774830600,1774831500,Down,14950080267091814648629348312648578837893192629270890535864656942760220614164,98320144586267452423381508451461032375886669702412152214861693903623550575181,,0.01,6111.48,,,0.99,,,6111.48,,,,,,66281.38
1774831334535,2026-03-30T00:42:14.535,btc-updown-15m-1774830600,1774831500,Down,14950080267091814648629348312648578837893192629270890535864656942760220614164,98320144586267452423381508451461032375886669702412152214861693903623550575181,,0.01,5811.48,,,0.99,,,5811.48,,,,,,66281.38
1774831335536,2026-03-30T00:42:15.536,btc-updown-15m-1774830600,1774831500,Down,14950080267091814648629348312648578837893192629270890535864656942760220614164,98320144586267452423381508451461032375886669702412152214861693903623550575181,,0.01,5811.48,,,0.99,,,5811.48,,,,,,66281.38
1774831336537,2026-03-30T00:42:16.537,btc-updown-15m-1774830600,1774831500,Down,14950080267091814648629348312648578837893192629270890535864656942760220614164,98320144586267452423381508451461032375886669702412152214861693903623550575181,,0.01,5811.48,,,0.99,,,5811.48,,,,,,66279.54
1774831337538,2026-03-30T00:42:17.538,btc-updown-15m-1774830600,1774831500,Down,14950080267091814648629348312648578837893192629270890535864656942760220614164,98320144586267452423381508451461032375886669702412152214861693903623550575181,,0.01,4841.48,,,0.99,,,4841.48,,,,,,66279.54
1774831338540,2026-03-30T00:42:18.540,btc-updown-15m-1774830600,1774831500,Down,14950080267091814648629348312648578837893192629270890535864656942760220614164,98320144586267452423381508451461032375886669702412152214861693903623550575181,,0.01,4841.48,,,0.99,,,4841.48,,,,,,66279.54
1774831339541,2026-03-30T00:42:19.541,btc-updown-15m-1774830600,1774831500,Down,14950080267091814648629348312648578837893192629270890535864656942760220614164,98320144586267452423381508451461032375886669702412152214861693903623550575181,,0.01,4838.48,,,0.99,,,4838.48,,,,,,66284.86
1774831340541,2026-03-30T00:42:20.541,btc-updown-15m-1774830600,1774831500,Down,14950080267091814648629348312648578837893192629270890535864656942760220614164,98320144586267452423381508451461032375886669702412152214861693903623550575181,,0.01,4726.48,,,0.99,,,4726.48,,,,,,66284.86
1774831341543,2026-03-30T00:42:21.543,btc-updown-15m-1774830600,1774831500,Down,14950080267091814648629348312648578837893192629270890535864656942760220614164,98320144586267452423381508451461032375886669702412152214861693903623550575181,,0.01,4641.48,,,0.99,,,4641.48,,,,,,66284.86
1774831342544,2026-03-30T00:42:22.544,btc-updown-15m-1774830600,1774831500,Down,14950080267091814648629348312648578837893192629270890535864656942760220614164,98320144586267452423381508451461032375886669702412152214861693903623550575181,,0.01,4641.48,,,0.99,,,4641.48,,,,,,66278.1
1774831343544,2026-03-30T00:42:23.544,btc-updown-15m-1774830600,1774831500,Down,14950080267091814648629348312648578837893192629270890535864656942760220614164,98320144586267452423381508451461032375886669702412152214861693903623550575181,,0.01,4641.48,,,0.99,,,4641.48,,,,,,66278.1
1774831344545,2026-03-30T00:42:24.545,btc-updown-15m-1774830600,1774831500,Down,14950080267091814648629348312648578837893192629270890535864656942760220614164,98320144586267452423381508451461032375886669702412152214861693903623550575181,,0.01,4641.48,,,0.99,,,4641.48,,,,,,66278.1
1774831345546,2026-03-30T00:42:25.546,btc-updown-15m-1774830600,1774831500,Down,14950080267091814648629348312648578837893192629270890535864656942760220614164,98320144586267452423381508451461032375886669702412152214861693903623550575181,,0.01,4641.48,,,0.99,,,4641.48,,,,,,66278.09
1774831346546,2026-03-30T00:42:26.546,btc-updown-15m-1774830600,1774831500,Down,14950080267091814648629348312648578837893192629270890535864656942760220614164,98320144586267452423381508451461032375886669702412152214861693903623550575181,,0.01,4641.48,,,0.99,,,4641.48,,,,,,66278.09
1774831347547,2026-03-30T00:42:27.547,btc-updown-15m-1774830600,1774831500,Down,14950080267091814648629348312648578837893192629270890535864656942760220614164,98320144586267452423381508451461032375886669702412152214861693903623550575181,,0.01,4641.48,,,0.99,,,4641.48,,,,,,66278.09
1774831348547,2026-03-30T00:42:28.547,btc-updown-15m-1774830600,1774831500,Down,14950080267091814648629348312648578837893192629270890535864656942760220614164,98320144586267452423381508451461032375886669702412152214861693903623550575181,,0.01,5898.0,,,0.99,,,5898.0,,,,,,66261.28
1774831349548,2026-03-30T00:42:29.548,btc-updown-15m-1774830600,1774831500,Down,14950080267091814648629348312648578837893192629270890535864656942760220614164,98320144586267452423381508451461032375886669702412152214861693903623550575181,,0.01,5898.0,,,0.99,,,5898.0,,,,,,66261.28
1774831350549,2026-03-30T00:42:30.549,btc-updown-15m-1774830600,1774831500,Down,14950080267091814648629348312648578837893192629270890535864656942760220614164,98320144586267452423381508451461032375886669702412152214861693903623550575181,,0.01,5898.0,,,0.99,,,5898.0,,,,,,66261.28
1774831351550,2026-03-30T00:42:31.550,btc-updown-15m-1774830600,1774831500,Down,14950080267091814648629348312648578837893192629270890535864656942760220614164,98320144586267452423381508451461032375886669702412152214861693903623550575181,,0.01,5898.0,,,0.99,,,5898.0,,,,,,66260.36
1774831352551,2026-03-30T00:42:32.551,btc-updown-15m-1774830600,1774831500,Down,14950080267091814648629348312648578837893192629270890535864656942760220614164,98320144586267452423381508451461032375886669702412152214861693903623550575181,,0.01,5898.0,,,0.99,,,5898.0,,,,,,66260.36
1774831353552,2026-03-30T00:42:33.552,btc-updown-15m-1774830600,1774831500,Down,14950080267091814648629348312648578837893192629270890535864656942760220614164,98320144586267452423381508451461032375886669702412152214861693903623550575181,,0.01,5898.0,,,0.99,,,5898.0,,,,,,66260.36
1774831354553,2026-03-30T00:42:34.553,btc-updown-15m-1774830600,1774831500,Down,14950080267091814648629348312648578837893192629270890535864656942760220614164,98320144586267452423381508451461032375886669702412152214861693903623550575181,,0.01,5898.0,,,0.99,,,5898.0,,,,,,66274.99
1774831355554,2026-03-30T00:42:35.554,btc-updown-15m-1774830600,1774831500,Down,14950080267091814648629348312648578837893192629270890535864656942760220614164,98320144586267452423381508451461032375886669702412152214861693903623550575181,,0.01,5810.0,,,0.99,,,5810.0,,,,,,66274.99
1774831356555,2026-03-30T00:42:36.555,btc-updown-15m-1774830600,1774831500,Down,14950080267091814648629348312648578837893192629270890535864656942760220614164,98320144586267452423381508451461032375886669702412152214861693903623550575181,,0.01,5810.0,,,0.99,,,5810.0,,,,,,66274.99
1774831357557,2026-03-30T00:42:37.557,btc-updown-15m-1774830600,1774831500,Down,14950080267091814648629348312648578837893192629270890535864656942760220614164,98320144586267452423381508451461032375886669702412152214861693903623550575181,,0.01,5810.0,,,0.99,,,5810.0,,,,,,66269.59
1774831358557,2026-03-30T00:42:38.557,btc-updown-15m-1774830600,1774831500,Down,14950080267091814648629348312648578837893192629270890535864656942760220614164,98320144586267452423381508451461032375886669702412152214861693903623550575181,,0.01,5810.0,,,0.99,,,5810.0,,,,,,66269.59
1774831359558,2026-03-30T00:42:39.558,btc-updown-15m-1774830600,1774831500,Down,14950080267091814648629348312648578837893192629270890535864656942760220614164,98320144586267452423381508451461032375886669702412152214861693903623550575181,,0.01,5810.0,,,0.99,,,5810.0,,,,,,66269.59
1774831360559,2026-03-30T00:42:40.559,btc-updown-15m-1774830600,1774831500,Down,14950080267091814648629348312648578837893192629270890535864656942760220614164,98320144586267452423381508451461032375886669702412152214861693903623550575181,,0.01,5810.0,,,0.99,,,5810.0,,,,,,66252.91
1774831361559,2026-03-30T00:42:41.559,btc-updown-15m-1774830600,1774831500,Down,14950080267091814648629348312648578837893192629270890535864656942760220614164,98320144586267452423381508451461032375886669702412152214861693903623550575181,,0.01,5810.0,,,0.99,,,5810.0,,,,,,66252.91
1774831362560,2026-03-30T00:42:42.560,btc-updown-15m-1774830600,1774831500,Down,14950080267091814648629348312648578837893192629270890535864656942760220614164,98320144586267452423381508451461032375886669702412152214861693903623550575181,,0.01,5810.0,,,0.99,,,5810.0,,,,,,66252.91
1774831363560,2026-03-30T00:42:43.560,btc-updown-15m-1774830600,1774831500,Down,14950080267091814648629348312648578837893192629270890535864656942760220614164,98320144586267452423381508451461032375886669702412152214861693903623550575181,,0.01,6646.0,,,0.99,,,6646.0,,,,,,66246.12
1774831364561,2026-03-30T00:42:44.561,btc-updown-15m-1774830600,1774831500,Down,14950080267091814648629348312648578837893192629270890535864656942760220614164,98320144586267452423381508451461032375886669702412152214861693903623550575181,,0.01,6527.08,,,0.99,,,6527.08,,,,,,66246.12
1774831365562,2026-03-30T00:42:45.562,btc-updown-15m-1774830600,1774831500,Down,14950080267091814648629348312648578837893192629270890535864656942760220614164,98320144586267452423381508451461032375886669702412152214861693903623550575181,,0.01,6527.08,,,0.99,,,6527.08,,,,,,66246.12
1774831366563,2026-03-30T00:42:46.563,btc-updown-15m-1774830600,1774831500,Down,14950080267091814648629348312648578837893192629270890535864656942760220614164,98320144586267452423381508451461032375886669702412152214861693903623550575181,,0.01,6527.08,,,0.99,,,6527.08,,,,,,66242.0
1774831367563,2026-03-30T00:42:47.563,btc-updown-15m-1774830600,1774831500,Down,14950080267091814648629348312648578837893192629270890535864656942760220614164,98320144586267452423381508451461032375886669702412152214861693903623550575181,,0.01,6527.08,,,0.99,,,6527.08,,,,,,66242.0
1774831368565,2026-03-30T00:42:48.565,btc-updown-15m-1774830600,1774831500,Down,14950080267091814648629348312648578837893192629270890535864656942760220614164,98320144586267452423381508451461032375886669702412152214861693903623550575181,,0.01,6527.08,,,0.99,,,6527.08,,,,,,66242.0
1774831369565,2026-03-30T00:42:49.565,btc-updown-15m-1774830600,1774831500,Down,14950080267091814648629348312648578837893192629270890535864656942760220614164,98320144586267452423381508451461032375886669702412152214861693903623550575181,,0.01,6527.08,,,0.99,,,6527.08,,,,,,66238.22
1774831370566,2026-03-30T00:42:50.566,btc-updown-15m-1774830600,1774831500,Down,14950080267091814648629348312648578837893192629270890535864656942760220614164,98320144586267452423381508451461032375886669702412152214861693903623550575181,,0.01,6958.68,,,0.99,,,6958.68,,,,,,66238.22
1774831371566,2026-03-30T00:42:51.566,btc-updown-15m-1774830600,1774831500,Down,14950080267091814648629348312648578837893192629270890535864656942760220614164,98320144586267452423381508451461032375886669702412152214861693903623550575181,,0.01,6958.68,,,0.99,,,6958.68,,,,,,66238.22
1774831372567,2026-03-30T00:42:52.567,btc-updown-15m-1774830600,1774831500,Down,14950080267091814648629348312648578837893192629270890535864656942760220614164,98320144586267452423381508451461032375886669702412152214861693903623550575181,,0.01,6899.68,,,0.99,,,6899.68,,,,,,66238.21
1774831373568,2026-03-30T00:42:53.568,btc-updown-15m-1774830600,1774831500,Down,14950080267091814648629348312648578837893192629270890535864656942760220614164,98320144586267452423381508451461032375886669702412152214861693903623550575181,,0.01,6899.68,,,0.99,,,6899.68,,,,,,66238.21
1774831374568,2026-03-30T00:42:54.568,btc-updown-15m-1774830600,1774831500,Down,14950080267091814648629348312648578837893192629270890535864656942760220614164,98320144586267452423381508451461032375886669702412152214861693903623550575181,,0.01,6799.68,,,0.99,,,6799.68,,,,,,66238.21
1774831375568,2026-03-30T00:42:55.568,btc-updown-15m-1774830600,1774831500,Down,14950080267091814648629348312648578837893192629270890535864656942760220614164,98320144586267452423381508451461032375886669702412152214861693903623550575181,,0.01,6799.68,,,0.99,,,6799.68,,,,,,66238.22
1774831376569,2026-03-30T00:42:56.569,btc-updown-15m-1774830600,1774831500,Down,14950080267091814648629348312648578837893192629270890535864656942760220614164,98320144586267452423381508451461032375886669702412152214861693903623550575181,,0.01,6799.68,,,0.99,,,6799.68,,,,,,66238.22
1774831377569,2026-03-30T00:42:57.569,btc-updown-15m-1774830600,1774831500,Down,14950080267091814648629348312648578837893192629270890535864656942760220614164,98320144586267452423381508451461032375886669702412152214861693903623550575181,,0.01,6799.68,,,0.99,,,6799.68,,,,,,66238.22
1774831378569,2026-03-30T00:42:58.569,btc-updown-15m-1774830600,1774831500,Down,14950080267091814648629348312648578837893192629270890535864656942760220614164,98320144586267452423381508451461032375886669702412152214861693903623550575181,,0.01,6799.68,,,0.99,,,6799.68,,,,,,66253.69
1774831379571,2026-03-30T00:42:59.571,btc-updown-15m-1774830600,1774831500,Down,14950080267091814648629348312648578837893192629270890535864656942760220614164,98320144586267452423381508451461032375886669702412152214861693903623550575181,,0.01,6799.68,,,0.99,,,6799.68,,,,,,66253.69
1774831380571,2026-03-30T00:43:00.571,btc-updown-15m-1774830600,1774831500,Down,14950080267091814648629348312648578837893192629270890535864656942760220614164,98320144586267452423381508451461032375886669702412152214861693903623550575181,,0.01,6799.68,,,0.99,,,6799.68,,,,,,66253.69
1774831381571,2026-03-30T00:43:01.571,btc-updown-15m-1774830600,1774831500,Down,14950080267091814648629348312648578837893192629270890535864656942760220614164,98320144586267452423381508451461032375886669702412152214861693903623550575181,,0.01,6799.68,,,0.99,,,6799.68,,,,,,66265.01
1774831382572,2026-03-30T00:43:02.572,btc-updown-15m-1774830600,1774831500,Down,14950080267091814648629348312648578837893192629270890535864656942760220614164,98320144586267452423381508451461032375886669702412152214861693903623550575181,,0.01,6799.68,,,0.99,,,6799.68,,,,,,66265.01
1774831383572,2026-03-30T00:43:03.572,btc-updown-15m-1774830600,1774831500,Down,14950080267091814648629348312648578837893192629270890535864656942760220614164,98320144586267452423381508451461032375886669702412152214861693903623550575181,,0.01,6799.68,,,0.99,,,6799.68,,,,,,66265.01
1774831384573,2026-03-30T00:43:04.573,btc-updown-15m-1774830600,1774831500,Down,14950080267091814648629348312648578837893192629270890535864656942760220614164,98320144586267452423381508451461032375886669702412152214861693903623550575181,,0.01,12816.67,,,0.99,,,12816.67,,,,,,66248.9
1774831385575,2026-03-30T00:43:05.575,btc-updown-15m-1774830600,1774831500,Down,14950080267091814648629348312648578837893192629270890535864656942760220614164,98320144586267452423381508451461032375886669702412152214861693903623550575181,,0.01,12816.67,,,0.99,,,12816.67,,,,,,66248.9
1774831386577,2026-03-30T00:43:06.577,btc-updown-15m-1774830600,1774831500,Down,14950080267091814648629348312648578837893192629270890535864656942760220614164,98320144586267452423381508451461032375886669702412152214861693903623550575181,,0.01,12816.67,,,0.99,,,12816.67,,,,,,66248.9
1774831387578,2026-03-30T00:43:07.578,btc-updown-15m-1774830600,1774831500,Down,14950080267091814648629348312648578837893192629270890535864656942760220614164,98320144586267452423381508451461032375886669702412152214861693903623550575181,,0.01,12816.67,,,0.99,,,12816.67,,,,,,66261.5
1774831388579,2026-03-30T00:43:08.579,btc-updown-15m-1774830600,1774831500,Down,14950080267091814648629348312648578837893192629270890535864656942760220614164,98320144586267452423381508451461032375886669702412152214861693903623550575181,,0.01,12816.67,,,0.99,,,12816.67,,,,,,66261.5
1774831389580,2026-03-30T00:43:09.580,btc-updown-15m-1774830600,1774831500,Down,14950080267091814648629348312648578837893192629270890535864656942760220614164,98320144586267452423381508451461032375886669702412152214861693903623550575181,,0.01,12816.67,,,0.99,,,12816.67,,,,,,66261.5
1774831390581,2026-03-30T00:43:10.581,btc-updown-15m-1774830600,1774831500,Down,14950080267091814648629348312648578837893192629270890535864656942760220614164,98320144586267452423381508451461032375886669702412152214861693903623550575181,,0.01,12816.67,,,0.99,,,12816.67,,,,,,66271.32
1774831391581,2026-03-30T00:43:11.581,btc-updown-15m-1774830600,1774831500,Down,14950080267091814648629348312648578837893192629270890535864656942760220614164,98320144586267452423381508451461032375886669702412152214861693903623550575181,,0.01,12816.67,,,0.99,,,12816.67,,,,,,66271.32
1774831392582,2026-03-30T00:43:12.582,btc-updown-15m-1774830600,1774831500,Down,14950080267091814648629348312648578837893192629270890535864656942760220614164,98320144586267452423381508451461032375886669702412152214861693903623550575181,0.001,0.01,11571.17,1959.26,0.009,0.99,0.999,1959.26,11571.17,0.009,0.0055,0.9945,0.144804,0.855196,66271.32
1774831393584,2026-03-30T00:43:13.584,btc-updown-15m-1774830600,1774831500,Down,14950080267091814648629348312648578837893192629270890535864656942760220614164,98320144586267452423381508451461032375886669702412152214861693903623550575181,0.002,0.01,11507.17,155.0,0.008,0.99,0.998,155.0,11507.17,0.008,0.006,0.994,0.013291,0.986709,66280.34
1774831394584,2026-03-30T00:43:14.584,btc-updown-15m-1774830600,1774831500,Down,14950080267091814648629348312648578837893192629270890535864656942760220614164,98320144586267452423381508451461032375886669702412152214861693903623550575181,0.002,0.01,11600.17,158.99,0.008,0.99,0.998,158.99,11600.17,0.008,0.006,0.994,0.013521,0.986479,66280.34
1774831395586,2026-03-30T00:43:15.586,btc-updown-15m-1774830600,1774831500,Down,14950080267091814648629348312648578837893192629270890535864656942760220614164,98320144586267452423381508451461032375886669702412152214861693903623550575181,0.002,0.01,11600.17,158.99,0.008,0.99,0.998,158.99,11600.17,0.008,0.006,0.994,0.013521,0.986479,66280.34
1774831396587,2026-03-30T00:43:16.587,btc-updown-15m-1774830600,1774831500,Down,14950080267091814648629348312648578837893192629270890535864656942760220614164,98320144586267452423381508451461032375886669702412152214861693903623550575181,0.002,0.003,25.0,158.99,0.001,0.997,0.998,158.99,25.0,0.001,0.0025,0.9975,0.864123,0.135877,66276.99
1774831397587,2026-03-30T00:43:17.587,btc-updown-15m-1774830600,1774831500,Down,14950080267091814648629348312648578837893192629270890535864656942760220614164,98320144586267452423381508451461032375886669702412152214861693903623550575181,0.002,0.003,25.0,38.78,0.001,0.997,0.998,38.78,25.0,0.001,0.0025,0.9975,0.608028,0.391972,66276.99
1774831398588,2026-03-30T00:43:18.588,btc-updown-15m-1774830600,1774831500,Down,14950080267091814648629348312648578837893192629270890535864656942760220614164,98320144586267452423381508451461032375886669702412152214861693903623550575181,0.002,0.003,25.0,38.78,0.001,0.997,0.998,38.78,25.0,0.001,0.0025,0.9975,0.608028,0.391972,66276.99
1774831399589,2026-03-30T00:43:19.589,btc-updown-15m-1774830600,1774831500,Down,14950080267091814648629348312648578837893192629270890535864656942760220614164,98320144586267452423381508451461032375886669702412152214861693903623550575181,0.002,0.003,25.0,38.78,0.001,0.997,0.998,38.78,25.0,0.001,0.0025,0.9975,0.608028,0.391972,66278.22
1774831400591,2026-03-30T00:43:20.591,btc-updown-15m-1774830600,1774831500,Down,14950080267091814648629348312648578837893192629270890535864656942760220614164,98320144586267452423381508451461032375886669702412152214861693903623550575181,0.002,0.003,25.0,38.78,0.001,0.997,0.998,38.78,25.0,0.001,0.0025,0.9975,0.608028,0.391972,66278.22
1774831401591,2026-03-30T00:43:21.591,btc-updown-15m-1774830600,1774831500,Down,14950080267091814648629348312648578837893192629270890535864656942760220614164,98320144586267452423381508451461032375886669702412152214861693903623550575181,0.001,0.002,25.0,5142.26,0.001,0.998,0.999,5142.26,25.0,0.001,0.0015,0.9985,0.995162,0.004838,66278.22
1774831402592,2026-03-30T00:43:22.592,btc-updown-15m-1774830600,1774831500,Down,14950080267091814648629348312648578837893192629270890535864656942760220614164,98320144586267452423381508451461032375886669702412152214861693903623550575181,0.001,0.002,72.0,5142.26,0.001,0.998,0.999,5142.26,72.0,0.001,0.0015,0.9985,0.986192,0.013808,66282.52
1774831403592,2026-03-30T00:43:23.592,btc-updown-15m-1774830600,1774831500,Down,14950080267091814648629348312648578837893192629270890535864656942760220614164,98320144586267452423381508451461032375886669702412152214861693903623550575181,0.001,0.002,72.0,5134.09,0.001,0.998,0.999,5134.09,72.0,0.001,0.0015,0.9985,0.98617,0.01383,66282.52
1774831404593,2026-03-30T00:43:24.593,btc-updown-15m-1774830600,1774831500,Down,14950080267091814648629348312648578837893192629270890535864656942760220614164,98320144586267452423381508451461032375886669702412152214861693903623550575181,0.001,0.002,72.0,5064.02,0.001,0.998,0.999,5064.02,72.0,0.001,0.0015,0.9985,0.985981,0.014019,66282.52
1774831405594,2026-03-30T00:43:25.594,btc-updown-15m-1774830600,1774831500,Down,14950080267091814648629348312648578837893192629270890535864656942760220614164,98320144586267452423381508451461032375886669702412152214861693903623550575181,0.001,0.002,72.0,5064.02,0.001,0.998,0.999,5064.02,72.0,0.001,0.0015,0.9985,0.985981,0.014019,66271.34
1774831406595,2026-03-30T00:43:26.595,btc-updown-15m-1774830600,1774831500,Down,14950080267091814648629348312648578837893192629270890535864656942760220614164,98320144586267452423381508451461032375886669702412152214861693903623550575181,0.001,0.002,72.0,5064.02,0.001,0.998,0.999,5064.02,72.0,0.001,0.0015,0.9985,0.985981,0.014019,66271.34
1774831407595,2026-03-30T00:43:27.595,btc-updown-15m-1774830600,1774831500,Down,14950080267091814648629348312648578837893192629270890535864656942760220614164,98320144586267452423381508451461032375886669702412152214861693903623550575181,0.001,0.002,72.0,5064.02,0.001,0.998,0.999,5064.02,72.0,0.001,0.0015,0.9985,0.985981,0.014019,66271.34
1774831408596,2026-03-30T00:43:28.596,btc-updown-15m-1774830600,1774831500,Down,14950080267091814648629348312648578837893192629270890535864656942760220614164,98320144586267452423381508451461032375886669702412152214861693903623550575181,0.001,0.002,72.0,5388.13,0.001,0.998,0.999,5388.13,72.0,0.001,0.0015,0.9985,0.986814,0.013186,66271.33
1774831409597,2026-03-30T00:43:29.597,btc-updown-15m-1774830600,1774831500,Down,14950080267091814648629348312648578837893192629270890535864656942760220614164,98320144586267452423381508451461032375886669702412152214861693903623550575181,0.001,0.002,72.0,5388.13,0.001,0.998,0.999,5388.13,72.0,0.001,0.0015,0.9985,0.986814,0.013186,66271.33
1774831410598,2026-03-30T00:43:30.598,btc-updown-15m-1774830600,1774831500,Down,14950080267091814648629348312648578837893192629270890535864656942760220614164,98320144586267452423381508451461032375886669702412152214861693903623550575181,0.001,0.002,72.0,5388.13,0.001,0.998,0.999,5388.13,72.0,0.001,0.0015,0.9985,0.986814,0.013186,66271.33
1774831411599,2026-03-30T00:43:31.599,btc-updown-15m-1774830600,1774831500,Down,14950080267091814648629348312648578837893192629270890535864656942760220614164,98320144586267452423381508451461032375886669702412152214861693903623550575181,0.001,0.002,63.74,5388.13,0.001,0.998,0.999,5388.13,63.74,0.001,0.0015,0.9985,0.988309,0.011691,66284.73
1774831412599,2026-03-30T00:43:32.599,btc-updown-15m-1774830600,1774831500,Down,14950080267091814648629348312648578837893192629270890535864656942760220614164,98320144586267452423381508451461032375886669702412152214861693903623550575181,0.001,0.002,63.74,6180.34,0.001,0.998,0.999,6180.34,63.74,0.001,0.0015,0.9985,0.989792,0.010208,66284.73
1774831413600,2026-03-30T00:43:33.600,btc-updown-15m-1774830600,1774831500,Down,14950080267091814648629348312648578837893192629270890535864656942760220614164,98320144586267452423381508451461032375886669702412152214861693903623550575181,0.002,0.003,2927.98,330.0,0.001,0.997,0.998,330.0,2927.98,0.001,0.0025,0.9975,0.10129,0.89871,66284.73
1774831414601,2026-03-30T00:43:34.601,btc-updown-15m-1774830600,1774831500,Down,14950080267091814648629348312648578837893192629270890535864656942760220614164,98320144586267452423381508451461032375886669702412152214861693903623550575181,0.002,0.005,66.22,86.62,0.003,0.995,0.998,86.62,66.22,0.003,0.0035,0.9965,0.566736,0.433264,66300.42
1774831415601,2026-03-30T00:43:35.601,btc-updown-15m-1774830600,1774831500,Down,14950080267091814648629348312648578837893192629270890535864656942760220614164,98320144586267452423381508451461032375886669702412152214861693903623550575181,0.002,0.005,57.96,86.62,0.003,0.995,0.998,86.62,57.96,0.003,0.0035,0.9965,0.599115,0.400885,66300.42
1774831416601,2026-03-30T00:43:36.601,btc-updown-15m-1774830600,1774831500,Down,14950080267091814648629348312648578837893192629270890535864656942760220614164,98320144586267452423381508451461032375886669702412152214861693903623550575181,0.002,0.005,57.96,86.62,0.003,0.995,0.998,86.62,57.96,0.003,0.0035,0.9965,0.599115,0.400885,66300.42
1774831417602,2026-03-30T00:43:37.602,btc-updown-15m-1774830600,1774831500,Down,14950080267091814648629348312648578837893192629270890535864656942760220614164,98320144586267452423381508451461032375886669702412152214861693903623550575181,0.002,0.005,330.0,96.62,0.003,0.995,0.998,96.62,330.0,0.003,0.0035,0.9965,0.226478,0.773522,66296.89
1774831418603,2026-03-30T00:43:38.603,btc-updown-15m-1774830600,1774831500,Down,14950080267091814648629348312648578837893192629270890535864656942760220614164,98320144586267452423381508451461032375886669702412152214861693903623550575181,0.002,0.006,330.0,199.6,0.004,0.994,0.998,199.6,330.0,0.004,0.004,0.996,0.376888,0.623112,66296.89
1774831419604,2026-03-30T00:43:39.604,btc-updown-15m-1774830600,1774831500,Down,14950080267091814648629348312648578837893192629270890535864656942760220614164,98320144586267452423381508451461032375886669702412152214861693903623550575181,0.002,0.006,330.0,199.6,0.004,0.994,0.998,199.6,330.0,0.004,0.004,0.996,0.376888,0.623112,66296.89
1774831420604,2026-03-30T00:43:40.604,btc-updown-15m-1774830600,1774831500,Down,14950080267091814648629348312648578837893192629270890535864656942760220614164,98320144586267452423381508451461032375886669702412152214861693903623550575181,0.002,0.006,330.0,199.6,0.004,0.994,0.998,199.6,330.0,0.004,0.004,0.996,0.376888,0.623112,66296.9
1774831421605,2026-03-30T00:43:41.605,btc-updown-15m-1774830600,1774831500,Down,14950080267091814648629348312648578837893192629270890535864656942760220614164,98320144586267452423381508451461032375886669702412152214861693903623550575181,0.002,0.004,66.22,179.56,0.002,0.996,0.998,179.56,66.22,0.002,0.003,0.997,0.730572,0.269428,66296.9
1774831422606,2026-03-30T00:43:42.606,btc-updown-15m-1774830600,1774831500,Down,14950080267091814648629348312648578837893192629270890535864656942760220614164,98320144586267452423381508451461032375886669702412152214861693903623550575181,0.002,0.004,66.22,179.56,0.002,0.996,0.998,179.56,66.22,0.002,0.003,0.997,0.730572,0.269428,66296.9
1774831423607,2026-03-30T00:43:43.607,btc-updown-15m-1774830600,1774831500,Down,14950080267091814648629348312648578837893192629270890535864656942760220614164,98320144586267452423381508451461032375886669702412152214861693903623550575181,0.002,0.004,60.0,40.0,0.002,0.996,0.998,40.0,60.0,0.002,0.003,0.997,0.4,0.6,66300.99
1774831424608,2026-03-30T00:43:44.608,btc-updown-15m-1774830600,1774831500,Down,14950080267091814648629348312648578837893192629270890535864656942760220614164,98320144586267452423381508451461032375886669702412152214861693903623550575181,0.002,0.004,60.0,0.91,0.002,0.996,0.998,0.91,60.0,0.002,0.003,0.997,0.01494,0.98506,66300.99
1774831425609,2026-03-30T00:43:45.609,btc-updown-15m-1774830600,1774831500,Down,14950080267091814648629348312648578837893192629270890535864656942760220614164,98320144586267452423381508451461032375886669702412152214861693903623550575181,0.001,0.004,60.0,6164.24,0.003,0.996,0.999,6164.24,60.0,0.003,0.0025,0.9975,0.99036,0.00964,66300.99
1774831426610,2026-03-30T00:43:46.610,btc-updown-15m-1774830600,1774831500,Down,14950080267091814648629348312648578837893192629270890535864656942760220614164,98320144586267452423381508451461032375886669702412152214861693903623550575181,0.001,0.004,60.0,6144.24,0.003,0.996,0.999,6144.24,60.0,0.003,0.0025,0.9975,0.990329,0.009671,66298.23
1774831427610,2026-03-30T00:43:47.610,btc-updown-15m-1774830600,1774831500,Down,14950080267091814648629348312648578837893192629270890535864656942760220614164,98320144586267452423381508451461032375886669702412152214861693903623550575181,0.001,0.004,60.0,6144.24,0.003,0.996,0.999,6144.24,60.0,0.003,0.0025,0.9975,0.990329,0.009671,66298.23
1774831428611,2026-03-30T00:43:48.611,btc-updown-15m-1774830600,1774831500,Down,14950080267091814648629348312648578837893192629270890535864656942760220614164,98320144586267452423381508451461032375886669702412152214861693903623550575181,0.001,0.004,60.0,5895.71,0.003,0.996,0.999,5895.71,60.0,0.003,0.0025,0.9975,0.989926,0.010074,66298.23
1774831429612,2026-03-30T00:43:49.612,btc-updown-15m-1774830600,1774831500,Down,14950080267091814648629348312648578837893192629270890535864656942760220614164,98320144586267452423381508451461032375886669702412152214861693903623550575181,0.001,0.004,26.18,5895.71,0.003,0.996,0.999,5895.71,26.18,0.003,0.0025,0.9975,0.995579,0.004421,66303.39
1774831430613,2026-03-30T00:43:50.613,btc-updown-15m-1774830600,1774831500,Down,14950080267091814648629348312648578837893192629270890535864656942760220614164,98320144586267452423381508451461032375886669702412152214861693903623550575181,0.001,0.004,26.18,5691.13,0.003,0.996,0.999,5691.13,26.18,0.003,0.0025,0.9975,0.995421,0.004579,66303.39
1774831431613,2026-03-30T00:43:51.613,btc-updown-15m-1774830600,1774831500,Down,14950080267091814648629348312648578837893192629270890535864656942760220614164,98320144586267452423381508451461032375886669702412152214861693903623550575181,0.001,0.004,26.18,5691.13,0.003,0.996,0.999,5691.13,26.18,0.003,0.0025,0.9975,0.995421,0.004579,66303.39
1774831432614,2026-03-30T00:43:52.614,btc-updown-15m-1774830600,1774831500,Down,14950080267091814648629348312648578837893192629270890535864656942760220614164,98320144586267452423381508451461032375886669702412152214861693903623550575181,0.002,0.004,66.22,20.96,0.002,0.996,0.998,20.96,66.22,0.002,0.003,0.997,0.240422,0.759578,66314.0
1774831433614,2026-03-30T00:43:53.614,btc-updown-15m-1774830600,1774831500,Down,14950080267091814648629348312648578837893192629270890535864656942760220614164,98320144586267452423381508451461032375886669702412152214861693903623550575181,0.001,0.002,9.04,5691.13,0.001,0.998,0.999,5691.13,9.04,0.001,0.0015,0.9985,0.998414,0.001586,66314.0
1774831434614,2026-03-30T00:43:54.614,btc-updown-15m-1774830600,1774831500,Down,14950080267091814648629348312648578837893192629270890535864656942760220614164,98320144586267452423381508451461032375886669702412152214861693903623550575181,0.001,0.002,9.04,5691.13,0.001,0.998,0.999,5691.13,9.04,0.001,0.0015,0.9985,0.998414,0.001586,66314.0
1774831435615,2026-03-30T00:43:55.615,btc-updown-15m-1774830600,1774831500,Down,14950080267091814648629348312648578837893192629270890535864656942760220614164,98320144586267452423381508451461032375886669702412152214861693903623550575181,0.001,0.002,9.04,5691.13,0.001,0.998,0.999,5691.13,9.04,0.001,0.0015,0.9985,0.998414,0.001586,66315.48
1774831436616,2026-03-30T00:43:56.616,btc-updown-15m-1774830600,1774831500,Down,14950080267091814648629348312648578837893192629270890535864656942760220614164,98320144586267452423381508451461032375886669702412152214861693903623550575181,0.001,0.002,9.04,5606.04,0.001,0.998,0.999,5606.04,9.04,0.001,0.0015,0.9985,0.99839,0.00161,66315.48
1774831437616,2026-03-30T00:43:57.616,btc-updown-15m-1774830600,1774831500,Down,14950080267091814648629348312648578837893192629270890535864656942760220614164,98320144586267452423381508451461032375886669702412152214861693903623550575181,0.001,0.002,9.04,5606.04,0.001,0.998,0.999,5606.04,9.04,0.001,0.0015,0.9985,0.99839,0.00161,66315.48
1774831438617,2026-03-30T00:43:58.617,btc-updown-15m-1774830600,1774831500,Down,14950080267091814648629348312648578837893192629270890535864656942760220614164,98320144586267452423381508451461032375886669702412152214861693903623550575181,0.001,0.002,9.04,4804.02,0.001,0.998,0.999,4804.02,9.04,0.001,0.0015,0.9985,0.998122,0.001878,66308.92
1774831439619,2026-03-30T00:43:59.619,btc-updown-15m-1774830600,1774831500,Down,14950080267091814648629348312648578837893192629270890535864656942760220614164,98320144586267452423381508451461032375886669702412152214861693903623550575181,0.001,0.002,9.04,4804.02,0.001,0.998,0.999,4804.02,9.04,0.001,0.0015,0.9985,0.998122,0.001878,66308.92
1774831440620,2026-03-30T00:44:00.620,btc-updown-15m-1774830600,1774831500,Down,14950080267091814648629348312648578837893192629270890535864656942760220614164,98320144586267452423381508451461032375886669702412152214861693903623550575181,0.001,0.002,9.04,4799.02,0.001,0.998,0.999,4799.02,9.04,0.001,0.0015,0.9985,0.99812,0.00188,66308.92
1774831441621,2026-03-30T00:44:01.621,btc-updown-15m-1774830600,1774831500,Down,14950080267091814648629348312648578837893192629270890535864656942760220614164,98320144586267452423381508451461032375886669702412152214861693903623550575181,0.001,0.002,3046.59,4408.98,0.001,0.998,0.999,4408.98,3046.59,0.001,0.0015,0.9985,0.591367,0.408633,66302.01
1774831442621,2026-03-30T00:44:02.621,btc-updown-15m-1774830600,1774831500,Down,14950080267091814648629348312648578837893192629270890535864656942760220614164,98320144586267452423381508451461032375886669702412152214861693903623550575181,0.001,0.002,3046.59,4351.93,0.001,0.998,0.999,4351.93,3046.59,0.001,0.0015,0.9985,0.588216,0.411784,66302.01
1774831443622,2026-03-30T00:44:03.622,btc-updown-15m-1774830600,1774831500,Down,14950080267091814648629348312648578837893192629270890535864656942760220614164,98320144586267452423381508451461032375886669702412152214861693903623550575181,0.001,0.002,3066.59,4301.89,0.001,0.998,0.999,4301.89,3066.59,0.001,0.0015,0.9985,0.583823,0.416177,66302.01
1774831444623,2026-03-30T00:44:04.623,btc-updown-15m-1774830600,1774831500,Down,14950080267091814648629348312648578837893192629270890535864656942760220614164,98320144586267452423381508451461032375886669702412152214861693903623550575181,0.001,0.002,3066.59,4276.87,0.001,0.998,0.999,4276.87,3066.59,0.001,0.0015,0.9985,0.582405,0.417595,66293.92
1774831445624,2026-03-30T00:44:05.624,btc-updown-15m-1774830600,1774831500,Down,14950080267091814648629348312648578837893192629270890535864656942760220614164,98320144586267452423381508451461032375886669702412152214861693903623550575181,0.001,0.002,3066.59,4276.87,0.001,0.998,0.999,4276.87,3066.59,0.001,0.0015,0.9985,0.582405,0.417595,66293.92
1774831446625,2026-03-30T00:44:06.625,btc-updown-15m-1774830600,1774831500,Down,14950080267091814648629348312648578837893192629270890535864656942760220614164,98320144586267452423381508451461032375886669702412152214861693903623550575181,0.001,0.002,3066.59,4276.87,0.001,0.998,0.999,4276.87,3066.59,0.001,0.0015,0.9985,0.582405,0.417595,66293.92
1774831447626,2026-03-30T00:44:07.626,btc-updown-15m-1774830600,1774831500,Down,14950080267091814648629348312648578837893192629270890535864656942760220614164,98320144586267452423381508451461032375886669702412152214861693903623550575181,0.001,0.002,3066.59,4276.87,0.001,0.998,0.999,4276.87,3066.59,0.001,0.0015,0.9985,0.582405,0.417595,66291.73
1774831448627,2026-03-30T00:44:08.627,btc-updown-15m-1774830600,1774831500,Down,14950080267091814648629348312648578837893192629270890535864656942760220614164,98320144586267452423381508451461032375886669702412152214861693903623550575181,0.001,0.002,3287.02,4076.67,0.001,0.998,0.999,4076.67,3287.02,0.001,0.0015,0.9985,0.553618,0.446382,66291.73
1774831449627,2026-03-30T00:44:09.627,btc-updown-15m-1774830600,1774831500,Down,14950080267091814648629348312648578837893192629270890535864656942760220614164,98320144586267452423381508451461032375886669702412152214861693903623550575181,0.001,0.002,3287.02,3940.14,0.001,0.998,0.999,3940.14,3287.02,0.001,0.0015,0.9985,0.545185,0.454815,66291.73
1774831450628,2026-03-30T00:44:10.628,btc-updown-15m-1774830600,1774831500,Down,14950080267091814648629348312648578837893192629270890535864656942760220614164,98320144586267452423381508451461032375886669702412152214861693903623550575181,0.001,0.002,3287.02,840.63,0.001,0.998,0.999,840.63,3287.02,0.001,0.0015,0.9985,0.203658,0.796342,66281.11
1774831451629,2026-03-30T00:44:11.629,btc-updown-15m-1774830600,1774831500,Down,14950080267091814648629348312648578837893192629270890535864656942760220614164,98320144586267452423381508451461032375886669702412152214861693903623550575181,0.001,0.002,4941.32,15.62,0.001,0.998,0.999,15.62,4941.32,0.001,0.0015,0.9985,0.003151,0.996849,66281.11
1774831452629,2026-03-30T00:44:12.629,btc-updown-15m-1774830600,1774831500,Down,14950080267091814648629348312648578837893192629270890535864656942760220614164,98320144586267452423381508451461032375886669702412152214861693903623550575181,,0.001,94.38,,,0.999,,,94.38,,,,,,66281.11
1774831453630,2026-03-30T00:44:13.630,btc-updown-15m-1774830600,1774831500,Down,14950080267091814648629348312648578837893192629270890535864656942760220614164,98320144586267452423381508451461032375886669702412152214861693903623550575181,,0.001,94.38,,,0.999,,,94.38,,,,,,66281.11
1774831454632,2026-03-30T00:44:14.632,btc-updown-15m-1774830600,1774831500,Down,14950080267091814648629348312648578837893192629270890535864656942760220614164,98320144586267452423381508451461032375886669702412152214861693903623550575181,,0.001,94.38,,,0.999,,,94.38,,,,,,66281.11
1774831455633,2026-03-30T00:44:15.633,btc-updown-15m-1774830600,1774831500,Down,14950080267091814648629348312648578837893192629270890535864656942760220614164,98320144586267452423381508451461032375886669702412152214861693903623550575181,,0.001,94.38,,,0.999,,,94.38,,,,,,66281.11
1774831456634,2026-03-30T00:44:16.634,btc-updown-15m-1774830600,1774831500,Down,14950080267091814648629348312648578837893192629270890535864656942760220614164,98320144586267452423381508451461032375886669702412152214861693903623550575181,,0.001,94.38,,,0.999,,,94.38,,,,,,66303.39
1774831457635,2026-03-30T00:44:17.635,btc-updown-15m-1774830600,1774831500,Down,14950080267091814648629348312648578837893192629270890535864656942760220614164,98320144586267452423381508451461032375886669702412152214861693903623550575181,,0.001,94.38,,,0.999,,,94.38,,,,,,66303.39
1774831458636,2026-03-30T00:44:18.636,btc-updown-15m-1774830600,1774831500,Down,14950080267091814648629348312648578837893192629270890535864656942760220614164,98320144586267452423381508451461032375886669702412152214861693903623550575181,,0.001,94.38,,,0.999,,,94.38,,,,,,66303.39
1774831459637,2026-03-30T00:44:19.637,btc-updown-15m-1774830600,1774831500,Down,14950080267091814648629348312648578837893192629270890535864656942760220614164,98320144586267452423381508451461032375886669702412152214861693903623550575181,,0.001,94.38,,,0.999,,,94.38,,,,,,66303.39
1774831460638,2026-03-30T00:44:20.638,btc-updown-15m-1774830600,1774831500,Down,14950080267091814648629348312648578837893192629270890535864656942760220614164,98320144586267452423381508451461032375886669702412152214861693903623550575181,,0.001,94.38,,,0.999,,,94.38,,,,,,66303.39
1774831461639,2026-03-30T00:44:21.639,btc-updown-15m-1774830600,1774831500,Down,14950080267091814648629348312648578837893192629270890535864656942760220614164,98320144586267452423381508451461032375886669702412152214861693903623550575181,,0.001,94.38,,,0.999,,,94.38,,,,,,66303.39
1774831462640,2026-03-30T00:44:22.640,btc-updown-15m-1774830600,1774831500,Down,14950080267091814648629348312648578837893192629270890535864656942760220614164,98320144586267452423381508451461032375886669702412152214861693903623550575181,,0.001,94.38,,,0.999,,,94.38,,,,,,66303.38
1774831463640,2026-03-30T00:44:23.640,btc-updown-15m-1774830600,1774831500,Down,14950080267091814648629348312648578837893192629270890535864656942760220614164,98320144586267452423381508451461032375886669702412152214861693903623550575181,,0.001,94.38,,,0.999,,,94.38,,,,,,66303.38
1774831464641,2026-03-30T00:44:24.641,btc-updown-15m-1774830600,1774831500,Down,14950080267091814648629348312648578837893192629270890535864656942760220614164,98320144586267452423381508451461032375886669702412152214861693903623550575181,,0.001,94.38,,,0.999,,,94.38,,,,,,66303.38
1774831465643,2026-03-30T00:44:25.643,btc-updown-15m-1774830600,1774831500,Down,14950080267091814648629348312648578837893192629270890535864656942760220614164,98320144586267452423381508451461032375886669702412152214861693903623550575181,,0.001,155.47,,,0.999,,,155.47,,,,,,66298.01
1774831466643,2026-03-30T00:44:26.643,btc-updown-15m-1774830600,1774831500,Down,14950080267091814648629348312648578837893192629270890535864656942760220614164,98320144586267452423381508451461032375886669702412152214861693903623550575181,,0.001,152.47,,,0.999,,,152.47,,,,,,66298.01
1774831467644,2026-03-30T00:44:27.644,btc-updown-15m-1774830600,1774831500,Down,14950080267091814648629348312648578837893192629270890535864656942760220614164,98320144586267452423381508451461032375886669702412152214861693903623550575181,,0.001,152.47,,,0.999,,,152.47,,,,,,66298.01
1774831468644,2026-03-30T00:44:28.644,btc-updown-15m-1774830600,1774831500,Down,14950080267091814648629348312648578837893192629270890535864656942760220614164,98320144586267452423381508451461032375886669702412152214861693903623550575181,,0.001,152.47,,,0.999,,,152.47,,,,,,66321.18
1774831469645,2026-03-30T00:44:29.645,btc-updown-15m-1774830600,1774831500,Down,14950080267091814648629348312648578837893192629270890535864656942760220614164,98320144586267452423381508451461032375886669702412152214861693903623550575181,,0.001,152.47,,,0.999,,,152.47,,,,,,66321.18
1774831470646,2026-03-30T00:44:30.646,btc-updown-15m-1774830600,1774831500,Down,14950080267091814648629348312648578837893192629270890535864656942760220614164,98320144586267452423381508451461032375886669702412152214861693903623550575181,,0.001,152.47,,,0.999,,,152.47,,,,,,66321.18
1774831471647,2026-03-30T00:44:31.647,btc-updown-15m-1774830600,1774831500,Down,14950080267091814648629348312648578837893192629270890535864656942760220614164,98320144586267452423381508451461032375886669702412152214861693903623550575181,,0.001,15792.22,,,0.999,,,15792.22,,,,,,66336.32
1774831472647,2026-03-30T00:44:32.647,btc-updown-15m-1774830600,1774831500,Down,14950080267091814648629348312648578837893192629270890535864656942760220614164,98320144586267452423381508451461032375886669702412152214861693903623550575181,,0.001,15792.22,,,0.999,,,15792.22,,,,,,66336.32
1774831473648,2026-03-30T00:44:33.648,btc-updown-15m-1774830600,1774831500,Down,14950080267091814648629348312648578837893192629270890535864656942760220614164,98320144586267452423381508451461032375886669702412152214861693903623550575181,,0.001,15792.22,,,0.999,,,15792.22,,,,,,66336.32
1774831474649,2026-03-30T00:44:34.649,btc-updown-15m-1774830600,1774831500,Down,14950080267091814648629348312648578837893192629270890535864656942760220614164,98320144586267452423381508451461032375886669702412152214861693903623550575181,,0.001,15792.22,,,0.999,,,15792.22,,,,,,66336.33
1774831475650,2026-03-30T00:44:35.650,btc-updown-15m-1774830600,1774831500,Down,14950080267091814648629348312648578837893192629270890535864656942760220614164,98320144586267452423381508451461032375886669702412152214861693903623550575181,,0.001,15792.22,,,0.999,,,15792.22,,,,,,66336.33
1774831476650,2026-03-30T00:44:36.650,btc-updown-15m-1774830600,1774831500,Down,14950080267091814648629348312648578837893192629270890535864656942760220614164,98320144586267452423381508451461032375886669702412152214861693903623550575181,,0.001,15736.5,,,0.999,,,15736.5,,,,,,66336.33
1774831477652,2026-03-30T00:44:37.652,btc-updown-15m-1774830600,1774831500,Down,14950080267091814648629348312648578837893192629270890535864656942760220614164,98320144586267452423381508451461032375886669702412152214861693903623550575181,,0.001,15736.5,,,0.999,,,15736.5,,,,,,66336.33
1774831478653,2026-03-30T00:44:38.653,btc-updown-15m-1774830600,1774831500,Down,14950080267091814648629348312648578837893192629270890535864656942760220614164,98320144586267452423381508451461032375886669702412152214861693903623550575181,,0.001,15736.5,,,0.999,,,15736.5,,,,,,66336.33
1774831479654,2026-03-30T00:44:39.654,btc-updown-15m-1774830600,1774831500,Down,14950080267091814648629348312648578837893192629270890535864656942760220614164,98320144586267452423381508451461032375886669702412152214861693903623550575181,,0.001,15736.5,,,0.999,,,15736.5,,,,,,66336.33
1774831480655,2026-03-30T00:44:40.655,btc-updown-15m-1774830600,1774831500,Down,14950080267091814648629348312648578837893192629270890535864656942760220614164,98320144586267452423381508451461032375886669702412152214861693903623550575181,,0.001,15736.5,,,0.999,,,15736.5,,,,,,66329.01
1774831481655,2026-03-30T00:44:41.655,btc-updown-15m-1774830600,1774831500,Down,14950080267091814648629348312648578837893192629270890535864656942760220614164,98320144586267452423381508451461032375886669702412152214861693903623550575181,,0.001,15736.5,,,0.999,,,15736.5,,,,,,66329.01
1774831482657,2026-03-30T00:44:42.657,btc-updown-15m-1774830600,1774831500,Down,14950080267091814648629348312648578837893192629270890535864656942760220614164,98320144586267452423381508451461032375886669702412152214861693903623550575181,,0.001,15736.5,,,0.999,,,15736.5,,,,,,66329.01
1774831483659,2026-03-30T00:44:43.659,btc-updown-15m-1774830600,1774831500,Down,14950080267091814648629348312648578837893192629270890535864656942760220614164,98320144586267452423381508451461032375886669702412152214861693903623550575181,,0.001,15736.5,,,0.999,,,15736.5,,,,,,66333.95
1774831484659,2026-03-30T00:44:44.659,btc-updown-15m-1774830600,1774831500,Down,14950080267091814648629348312648578837893192629270890535864656942760220614164,98320144586267452423381508451461032375886669702412152214861693903623550575181,,0.001,15736.5,,,0.999,,,15736.5,,,,,,66333.95
1774831485659,2026-03-30T00:44:45.659,btc-updown-15m-1774830600,1774831500,Down,14950080267091814648629348312648578837893192629270890535864656942760220614164,98320144586267452423381508451461032375886669702412152214861693903623550575181,,0.001,15736.5,,,0.999,,,15736.5,,,,,,66333.95
1774831486659,2026-03-30T00:44:46.659,btc-updown-15m-1774830600,1774831500,Down,14950080267091814648629348312648578837893192629270890535864656942760220614164,98320144586267452423381508451461032375886669702412152214861693903623550575181,,0.001,15736.5,,,0.999,,,15736.5,,,,,,66333.94
1774831487660,2026-03-30T00:44:47.660,btc-updown-15m-1774830600,1774831500,Down,14950080267091814648629348312648578837893192629270890535864656942760220614164,98320144586267452423381508451461032375886669702412152214861693903623550575181,,0.001,15736.5,,,0.999,,,15736.5,,,,,,66333.94
1774831488661,2026-03-30T00:44:48.661,btc-updown-15m-1774830600,1774831500,Down,14950080267091814648629348312648578837893192629270890535864656942760220614164,98320144586267452423381508451461032375886669702412152214861693903623550575181,,0.001,15736.5,,,0.999,,,15736.5,,,,,,66333.94
1774831489662,2026-03-30T00:44:49.662,btc-updown-15m-1774830600,1774831500,Down,14950080267091814648629348312648578837893192629270890535864656942760220614164,98320144586267452423381508451461032375886669702412152214861693903623550575181,,0.001,18817.93,,,0.999,,,18817.93,,,,,,66333.94
1774831490664,2026-03-30T00:44:50.664,btc-updown-15m-1774830600,1774831500,Down,14950080267091814648629348312648578837893192629270890535864656942760220614164,98320144586267452423381508451461032375886669702412152214861693903623550575181,,0.001,18817.93,,,0.999,,,18817.93,,,,,,66333.94
1774831491666,2026-03-30T00:44:51.666,btc-updown-15m-1774830600,1774831500,Down,14950080267091814648629348312648578837893192629270890535864656942760220614164,98320144586267452423381508451461032375886669702412152214861693903623550575181,,0.001,18817.93,,,0.999,,,18817.93,,,,,,66333.94
1774831492667,2026-03-30T00:44:52.667,btc-updown-15m-1774830600,1774831500,Down,14950080267091814648629348312648578837893192629270890535864656942760220614164,98320144586267452423381508451461032375886669702412152214861693903623550575181,,0.001,18817.93,,,0.999,,,18817.93,,,,,,66329.79
1774831493668,2026-03-30T00:44:53.668,btc-updown-15m-1774830600,1774831500,Down,14950080267091814648629348312648578837893192629270890535864656942760220614164,98320144586267452423381508451461032375886669702412152214861693903623550575181,,0.001,18817.93,,,0.999,,,18817.93,,,,,,66329.79
1774831494668,2026-03-30T00:44:54.668,btc-updown-15m-1774830600,1774831500,Down,14950080267091814648629348312648578837893192629270890535864656942760220614164,98320144586267452423381508451461032375886669702412152214861693903623550575181,,0.001,18817.93,,,0.999,,,18817.93,,,,,,66329.79
1774831495669,2026-03-30T00:44:55.669,btc-updown-15m-1774830600,1774831500,Down,14950080267091814648629348312648578837893192629270890535864656942760220614164,98320144586267452423381508451461032375886669702412152214861693903623550575181,,0.001,18817.93,,,0.999,,,18817.93,,,,,,66328.64
1774831496670,2026-03-30T00:44:56.670,btc-updown-15m-1774830600,1774831500,Down,14950080267091814648629348312648578837893192629270890535864656942760220614164,98320144586267452423381508451461032375886669702412152214861693903623550575181,,0.001,18817.93,,,0.999,,,18817.93,,,,,,66328.64
1774831497670,2026-03-30T00:44:57.670,btc-updown-15m-1774830600,1774831500,Down,14950080267091814648629348312648578837893192629270890535864656942760220614164,98320144586267452423381508451461032375886669702412152214861693903623550575181,,0.001,19273.69,,,0.999,,,19273.69,,,,,,66328.64
1774831498671,2026-03-30T00:44:58.671,btc-updown-15m-1774830600,1774831500,Down,14950080267091814648629348312648578837893192629270890535864656942760220614164,98320144586267452423381508451461032375886669702412152214861693903623550575181,,0.001,19273.69,,,0.999,,,19273.69,,,,,,66328.64
1774831499671,2026-03-30T00:44:59.671,btc-updown-15m-1774830600,1774831500,Down,14950080267091814648629348312648578837893192629270890535864656942760220614164,98320144586267452423381508451461032375886669702412152214861693903623550575181,,0.001,19273.69,,,0.999,,,19273.69,,,,,,66328.64
1774831500672,2026-03-30T00:45:00.672,btc-updown-15m-1774830600,1774831500,Down,14950080267091814648629348312648578837893192629270890535864656942760220614164,98320144586267452423381508451461032375886669702412152214861693903623550575181,,0.001,55970.07,,,0.999,,,55970.07,,,,,,66328.64
