ts_ms,timestamp,window_slug,window_end_ts,outcome,yes_token_id,no_token_id,yes_bid,yes_ask,yes_ask_size,yes_bid_size,yes_spread,no_bid,no_ask,no_ask_size,no_bid_size,no_spread,yes_mid,no_mid,yes_imbalance,no_imbalance,btc_price
1775952000564,2026-04-12T00:00:00.564,btc-updown-15m-1775951100,1775952000,Down,83951409098815136895827551788076871698340141113955364943057631785692034769318,78936994078535874169062444761585085962509120607580966396205813720036663170353,,0.01,85081.15,,,0.99,,,85081.15,,,,,,73043.17
1775952000564,2026-04-12T00:00:00.564,btc-updown-15m-1775952000,1775952900,Down,107564673209849850141584667341867895188475599634660777491187760159712519821674,14139639654822827924164629792196511566788433773635708227257990474054258395551,0.57,0.59,15.06,335.19,0.02,0.41,0.43,335.19,15.06,0.02,0.58,0.42,0.957002,0.042998,73043.17
1775952001564,2026-04-12T00:00:01.564,btc-updown-15m-1775952000,1775952900,Down,107564673209849850141584667341867895188475599634660777491187760159712519821674,14139639654822827924164629792196511566788433773635708227257990474054258395551,0.57,0.58,100.0,208.17,0.01,0.42,0.43,208.17,100.0,0.01,0.575,0.425,0.675504,0.324496,73043.17
1775952002565,2026-04-12T00:00:02.565,btc-updown-15m-1775952000,1775952900,Down,107564673209849850141584667341867895188475599634660777491187760159712519821674,14139639654822827924164629792196511566788433773635708227257990474054258395551,0.57,0.58,139.82,133.75,0.01,0.42,0.43,133.75,139.82,0.01,0.575,0.425,0.488906,0.511094,73043.17
1775952003565,2026-04-12T00:00:03.565,btc-updown-15m-1775952000,1775952900,Down,107564673209849850141584667341867895188475599634660777491187760159712519821674,14139639654822827924164629792196511566788433773635708227257990474054258395551,0.57,0.58,146.59,126.77,0.01,0.42,0.43,126.77,146.59,0.01,0.575,0.425,0.463747,0.536253,73043.17
1775952004566,2026-04-12T00:00:04.566,btc-updown-15m-1775952000,1775952900,Down,107564673209849850141584667341867895188475599634660777491187760159712519821674,14139639654822827924164629792196511566788433773635708227257990474054258395551,0.55,0.57,148.24,922.11,0.02,0.43,0.45,922.11,148.24,0.02,0.56,0.44,0.861503,0.138497,73043.17
1775952005568,2026-04-12T00:00:05.568,btc-updown-15m-1775952000,1775952900,Down,107564673209849850141584667341867895188475599634660777491187760159712519821674,14139639654822827924164629792196511566788433773635708227257990474054258395551,0.55,0.56,131.08,922.11,0.01,0.44,0.45,922.11,131.08,0.01,0.555,0.445,0.87554,0.12446,73043.17
1775952006569,2026-04-12T00:00:06.569,btc-updown-15m-1775952000,1775952900,Down,107564673209849850141584667341867895188475599634660777491187760159712519821674,14139639654822827924164629792196511566788433773635708227257990474054258395551,0.55,0.56,181.08,901.08,0.01,0.44,0.45,901.08,181.08,0.01,0.555,0.445,0.832668,0.167332,73043.17
1775952007569,2026-04-12T00:00:07.569,btc-updown-15m-1775952000,1775952900,Down,107564673209849850141584667341867895188475599634660777491187760159712519821674,14139639654822827924164629792196511566788433773635708227257990474054258395551,0.56,0.57,146.38,40.0,0.01,0.43,0.44,40.0,146.38,0.01,0.565,0.435,0.214615,0.785385,73037.74
1775952008572,2026-04-12T00:00:08.572,btc-updown-15m-1775952000,1775952900,Down,107564673209849850141584667341867895188475599634660777491187760159712519821674,14139639654822827924164629792196511566788433773635708227257990474054258395551,0.55,0.56,64.0,437.36,0.01,0.44,0.45,437.36,64.0,0.01,0.555,0.445,0.872347,0.127653,73037.74
1775952009573,2026-04-12T00:00:09.573,btc-updown-15m-1775952000,1775952900,Down,107564673209849850141584667341867895188475599634660777491187760159712519821674,14139639654822827924164629792196511566788433773635708227257990474054258395551,0.54,0.56,204.0,167.23,0.02,0.44,0.46,167.23,204.0,0.02,0.55,0.45,0.450475,0.549525,73037.74
1775952010574,2026-04-12T00:00:10.574,btc-updown-15m-1775952000,1775952900,Down,107564673209849850141584667341867895188475599634660777491187760159712519821674,14139639654822827924164629792196511566788433773635708227257990474054258395551,0.53,0.54,11.5,302.26,0.01,0.46,0.47,302.26,90.94,0.01,0.535,0.465,0.963348,0.231282,73037.74
1775952011575,2026-04-12T00:00:11.575,btc-updown-15m-1775952000,1775952900,Down,107564673209849850141584667341867895188475599634660777491187760159712519821674,14139639654822827924164629792196511566788433773635708227257990474054258395551,0.53,0.54,435.01,276.26,0.01,0.46,0.47,276.26,435.01,0.01,0.535,0.465,0.388404,0.611596,73037.74
1775952012576,2026-04-12T00:00:12.576,btc-updown-15m-1775952000,1775952900,Down,107564673209849850141584667341867895188475599634660777491187760159712519821674,14139639654822827924164629792196511566788433773635708227257990474054258395551,0.53,0.54,417.84,248.76,0.01,0.46,0.47,248.76,417.84,0.01,0.535,0.465,0.373177,0.626823,73037.74
1775952013577,2026-04-12T00:00:13.577,btc-updown-15m-1775952000,1775952900,Down,107564673209849850141584667341867895188475599634660777491187760159712519821674,14139639654822827924164629792196511566788433773635708227257990474054258395551,0.52,0.53,466.0,246.99,0.01,0.47,0.48,246.99,466.0,0.01,0.525,0.475,0.346414,0.653586,73036.94
1775952014578,2026-04-12T00:00:14.578,btc-updown-15m-1775952000,1775952900,Down,107564673209849850141584667341867895188475599634660777491187760159712519821674,14139639654822827924164629792196511566788433773635708227257990474054258395551,0.51,0.52,9.97,234.65,0.01,0.48,0.49,234.65,9.97,0.01,0.515,0.485,0.959243,0.040757,73036.94
1775952015579,2026-04-12T00:00:15.579,btc-updown-15m-1775952000,1775952900,Down,107564673209849850141584667341867895188475599634660777491187760159712519821674,14139639654822827924164629792196511566788433773635708227257990474054258395551,0.5,0.51,110.5,155.73,0.01,0.49,0.5,155.73,110.5,0.01,0.505,0.495,0.584945,0.415055,73036.94
1775952016579,2026-04-12T00:00:16.579,btc-updown-15m-1775952000,1775952900,Down,107564673209849850141584667341867895188475599634660777491187760159712519821674,14139639654822827924164629792196511566788433773635708227257990474054258395551,0.5,0.51,212.5,12.59,0.01,0.49,0.5,12.59,212.5,0.01,0.505,0.495,0.055933,0.944067,73026.94
1775952017579,2026-04-12T00:00:17.579,btc-updown-15m-1775952000,1775952900,Down,107564673209849850141584667341867895188475599634660777491187760159712519821674,14139639654822827924164629792196511566788433773635708227257990474054258395551,0.5,0.51,502.5,7.47,0.01,0.49,0.5,7.47,502.5,0.01,0.505,0.495,0.014648,0.985352,73026.94
1775952018580,2026-04-12T00:00:18.580,btc-updown-15m-1775952000,1775952900,Down,107564673209849850141584667341867895188475599634660777491187760159712519821674,14139639654822827924164629792196511566788433773635708227257990474054258395551,0.5,0.51,497.51,7.47,0.01,0.49,0.5,7.47,497.51,0.01,0.505,0.495,0.014793,0.985207,73026.94
1775952019581,2026-04-12T00:00:19.581,btc-updown-15m-1775952000,1775952900,Down,107564673209849850141584667341867895188475599634660777491187760159712519821674,14139639654822827924164629792196511566788433773635708227257990474054258395551,0.5,0.51,399.47,43.07,0.01,0.49,0.5,43.07,399.47,0.01,0.505,0.495,0.097325,0.902675,73026.94
1775952020582,2026-04-12T00:00:20.582,btc-updown-15m-1775952000,1775952900,Down,107564673209849850141584667341867895188475599634660777491187760159712519821674,14139639654822827924164629792196511566788433773635708227257990474054258395551,0.5,0.51,399.47,43.07,0.01,0.49,0.5,43.07,399.47,0.01,0.505,0.495,0.097325,0.902675,73026.94
1775952021583,2026-04-12T00:00:21.583,btc-updown-15m-1775952000,1775952900,Down,107564673209849850141584667341867895188475599634660777491187760159712519821674,14139639654822827924164629792196511566788433773635708227257990474054258395551,0.5,0.51,526.47,17.0,0.01,0.49,0.5,17.0,526.47,0.01,0.505,0.495,0.03128,0.96872,73026.94
1775952022584,2026-04-12T00:00:22.584,btc-updown-15m-1775952000,1775952900,Down,107564673209849850141584667341867895188475599634660777491187760159712519821674,14139639654822827924164629792196511566788433773635708227257990474054258395551,0.47,0.49,50.0,8.32,0.02,0.51,0.53,8.32,50.0,0.02,0.48,0.52,0.142661,0.857339,73023.33
1775952023584,2026-04-12T00:00:23.584,btc-updown-15m-1775952000,1775952900,Down,107564673209849850141584667341867895188475599634660777491187760159712519821674,14139639654822827924164629792196511566788433773635708227257990474054258395551,0.45,0.46,15.92,24.11,0.01,0.54,0.55,24.11,15.92,0.01,0.455,0.545,0.602298,0.397702,73023.33
1775952024584,2026-04-12T00:00:24.584,btc-updown-15m-1775952000,1775952900,Down,107564673209849850141584667341867895188475599634660777491187760159712519821674,14139639654822827924164629792196511566788433773635708227257990474054258395551,0.44,0.45,82.0,97.46,0.01,0.55,0.56,97.46,82.0,0.01,0.445,0.555,0.543074,0.456926,73023.33
1775952025585,2026-04-12T00:00:25.585,btc-updown-15m-1775952000,1775952900,Down,107564673209849850141584667341867895188475599634660777491187760159712519821674,14139639654822827924164629792196511566788433773635708227257990474054258395551,0.44,0.45,54.61,80.0,0.01,0.55,0.56,80.0,54.61,0.01,0.445,0.555,0.594309,0.405691,73017.84
1775952026586,2026-04-12T00:00:26.586,btc-updown-15m-1775952000,1775952900,Down,107564673209849850141584667341867895188475599634660777491187760159712519821674,14139639654822827924164629792196511566788433773635708227257990474054258395551,0.44,0.45,54.61,100.0,0.01,0.55,0.56,100.0,54.61,0.01,0.445,0.555,0.646789,0.353211,73017.84
1775952027586,2026-04-12T00:00:27.586,btc-updown-15m-1775952000,1775952900,Down,107564673209849850141584667341867895188475599634660777491187760159712519821674,14139639654822827924164629792196511566788433773635708227257990474054258395551,0.44,0.45,46.45,75.0,0.01,0.55,0.56,75.0,46.45,0.01,0.445,0.555,0.617538,0.382462,73017.84
1775952028587,2026-04-12T00:00:28.587,btc-updown-15m-1775952000,1775952900,Down,107564673209849850141584667341867895188475599634660777491187760159712519821674,14139639654822827924164629792196511566788433773635708227257990474054258395551,0.44,0.45,46.81,75.0,0.01,0.55,0.56,75.0,46.81,0.01,0.445,0.555,0.615713,0.384287,73017.84
1775952029588,2026-04-12T00:00:29.588,btc-updown-15m-1775952000,1775952900,Down,107564673209849850141584667341867895188475599634660777491187760159712519821674,14139639654822827924164629792196511566788433773635708227257990474054258395551,0.44,0.45,46.81,75.0,0.01,0.55,0.56,75.0,46.81,0.01,0.445,0.555,0.615713,0.384287,73017.84
1775952030589,2026-04-12T00:00:30.589,btc-updown-15m-1775952000,1775952900,Down,107564673209849850141584667341867895188475599634660777491187760159712519821674,14139639654822827924164629792196511566788433773635708227257990474054258395551,0.44,0.45,51.81,55.0,0.01,0.55,0.56,55.0,51.81,0.01,0.445,0.555,0.514933,0.485067,73017.84
1775952031590,2026-04-12T00:00:31.590,btc-updown-15m-1775952000,1775952900,Down,107564673209849850141584667341867895188475599634660777491187760159712519821674,14139639654822827924164629792196511566788433773635708227257990474054258395551,0.39,0.44,673.0,329.04,0.05,0.56,0.61,329.04,673.0,0.05,0.415,0.585,0.32837,0.67163,73017.84
1775952032591,2026-04-12T00:00:32.591,btc-updown-15m-1775952000,1775952900,Down,107564673209849850141584667341867895188475599634660777491187760159712519821674,14139639654822827924164629792196511566788433773635708227257990474054258395551,0.39,0.4,137.94,358.91,0.01,0.6,0.61,358.91,137.94,0.01,0.395,0.605,0.722371,0.277629,73017.84
1775952033592,2026-04-12T00:00:33.592,btc-updown-15m-1775952000,1775952900,Down,107564673209849850141584667341867895188475599634660777491187760159712519821674,14139639654822827924164629792196511566788433773635708227257990474054258395551,0.39,0.4,88.91,276.21,0.01,0.6,0.61,276.21,88.91,0.01,0.395,0.605,0.756491,0.243509,73017.84
1775952034593,2026-04-12T00:00:34.593,btc-updown-15m-1775952000,1775952900,Down,107564673209849850141584667341867895188475599634660777491187760159712519821674,14139639654822827924164629792196511566788433773635708227257990474054258395551,0.39,0.4,83.91,625.29,0.01,0.6,0.61,625.29,83.91,0.01,0.395,0.605,0.881684,0.118316,73011.81
1775952035593,2026-04-12T00:00:35.593,btc-updown-15m-1775952000,1775952900,Down,107564673209849850141584667341867895188475599634660777491187760159712519821674,14139639654822827924164629792196511566788433773635708227257990474054258395551,0.39,0.4,83.91,663.5,0.01,0.6,0.61,663.5,83.91,0.01,0.395,0.605,0.887732,0.112268,73011.81
1775952036594,2026-04-12T00:00:36.594,btc-updown-15m-1775952000,1775952900,Down,107564673209849850141584667341867895188475599634660777491187760159712519821674,14139639654822827924164629792196511566788433773635708227257990474054258395551,0.39,0.4,83.91,663.5,0.01,0.6,0.61,663.5,83.91,0.01,0.395,0.605,0.887732,0.112268,73011.81
1775952037594,2026-04-12T00:00:37.594,btc-updown-15m-1775952000,1775952900,Down,107564673209849850141584667341867895188475599634660777491187760159712519821674,14139639654822827924164629792196511566788433773635708227257990474054258395551,0.39,0.4,98.91,593.5,0.01,0.6,0.61,593.5,98.91,0.01,0.395,0.605,0.857151,0.142849,73011.81
1775952038596,2026-04-12T00:00:38.596,btc-updown-15m-1775952000,1775952900,Down,107564673209849850141584667341867895188475599634660777491187760159712519821674,14139639654822827924164629792196511566788433773635708227257990474054258395551,0.39,0.41,41.89,550.0,0.02,0.59,0.61,550.0,41.89,0.02,0.4,0.6,0.929227,0.070773,73011.81
1775952039596,2026-04-12T00:00:39.596,btc-updown-15m-1775952000,1775952900,Down,107564673209849850141584667341867895188475599634660777491187760159712519821674,14139639654822827924164629792196511566788433773635708227257990474054258395551,0.41,0.43,100.0,535.0,0.02,0.57,0.59,535.0,100.0,0.02,0.42,0.58,0.84252,0.15748,73011.81
1775952040597,2026-04-12T00:00:40.597,btc-updown-15m-1775952000,1775952900,Down,107564673209849850141584667341867895188475599634660777491187760159712519821674,14139639654822827924164629792196511566788433773635708227257990474054258395551,0.42,0.43,201.01,505.0,0.01,0.57,0.58,505.0,201.01,0.01,0.425,0.575,0.715287,0.284713,73019.12
1775952041598,2026-04-12T00:00:41.598,btc-updown-15m-1775952000,1775952900,Down,107564673209849850141584667341867895188475599634660777491187760159712519821674,14139639654822827924164629792196511566788433773635708227257990474054258395551,0.42,0.43,191.49,530.0,0.01,0.57,0.58,530.0,191.49,0.01,0.425,0.575,0.734591,0.265409,73019.12
1775952042598,2026-04-12T00:00:42.598,btc-updown-15m-1775952000,1775952900,Down,107564673209849850141584667341867895188475599634660777491187760159712519821674,14139639654822827924164629792196511566788433773635708227257990474054258395551,0.42,0.43,166.23,530.0,0.01,0.57,0.58,530.0,166.23,0.01,0.425,0.575,0.761243,0.238757,73019.12
1775952043599,2026-04-12T00:00:43.599,btc-updown-15m-1775952000,1775952900,Down,107564673209849850141584667341867895188475599634660777491187760159712519821674,14139639654822827924164629792196511566788433773635708227257990474054258395551,0.42,0.43,177.23,462.27,0.01,0.57,0.58,462.27,177.23,0.01,0.425,0.575,0.722862,0.277138,73019.12
1775952044601,2026-04-12T00:00:44.601,btc-updown-15m-1775952000,1775952900,Down,107564673209849850141584667341867895188475599634660777491187760159712519821674,14139639654822827924164629792196511566788433773635708227257990474054258395551,0.42,0.43,174.43,462.27,0.01,0.57,0.58,462.27,174.43,0.01,0.425,0.575,0.726041,0.273959,73019.12
1775952045602,2026-04-12T00:00:45.602,btc-updown-15m-1775952000,1775952900,Down,107564673209849850141584667341867895188475599634660777491187760159712519821674,14139639654822827924164629792196511566788433773635708227257990474054258395551,0.42,0.43,166.2,61.37,0.01,0.57,0.58,61.37,166.2,0.01,0.425,0.575,0.269675,0.730325,73019.12
1775952046602,2026-04-12T00:00:46.602,btc-updown-15m-1775952000,1775952900,Down,107564673209849850141584667341867895188475599634660777491187760159712519821674,14139639654822827924164629792196511566788433773635708227257990474054258395551,0.41,0.43,583.05,7.0,0.02,0.57,0.59,7.0,583.05,0.02,0.42,0.58,0.011863,0.988137,73016.06
1775952047603,2026-04-12T00:00:47.603,btc-updown-15m-1775952000,1775952900,Down,107564673209849850141584667341867895188475599634660777491187760159712519821674,14139639654822827924164629792196511566788433773635708227257990474054258395551,0.39,0.41,247.0,137.28,0.02,0.59,0.61,137.28,247.0,0.02,0.4,0.6,0.35724,0.64276,73016.06
1775952048604,2026-04-12T00:00:48.604,btc-updown-15m-1775952000,1775952900,Down,107564673209849850141584667341867895188475599634660777491187760159712519821674,14139639654822827924164629792196511566788433773635708227257990474054258395551,0.43,0.44,137.0,13189.95,0.01,0.56,0.57,13189.95,137.0,0.01,0.435,0.565,0.98972,0.01028,73016.06
1775952049604,2026-04-12T00:00:49.604,btc-updown-15m-1775952000,1775952900,Down,107564673209849850141584667341867895188475599634660777491187760159712519821674,14139639654822827924164629792196511566788433773635708227257990474054258395551,0.43,0.44,278.68,13163.16,0.01,0.56,0.57,13163.16,278.68,0.01,0.435,0.565,0.979268,0.020732,73016.06
1775952050605,2026-04-12T00:00:50.605,btc-updown-15m-1775952000,1775952900,Down,107564673209849850141584667341867895188475599634660777491187760159712519821674,14139639654822827924164629792196511566788433773635708227257990474054258395551,0.43,0.44,278.68,13163.16,0.01,0.56,0.57,13163.16,278.68,0.01,0.435,0.565,0.979268,0.020732,73016.06
1775952051606,2026-04-12T00:00:51.606,btc-updown-15m-1775952000,1775952900,Down,107564673209849850141584667341867895188475599634660777491187760159712519821674,14139639654822827924164629792196511566788433773635708227257990474054258395551,0.43,0.44,283.68,13123.68,0.01,0.56,0.57,13123.68,283.68,0.01,0.435,0.565,0.978841,0.021159,73016.06
1775952052607,2026-04-12T00:00:52.607,btc-updown-15m-1775952000,1775952900,Down,107564673209849850141584667341867895188475599634660777491187760159712519821674,14139639654822827924164629792196511566788433773635708227257990474054258395551,0.43,0.44,662.86,13085.52,0.01,0.56,0.57,13085.52,662.86,0.01,0.435,0.565,0.951786,0.048214,73016.06
1775952053608,2026-04-12T00:00:53.608,btc-updown-15m-1775952000,1775952900,Down,107564673209849850141584667341867895188475599634660777491187760159712519821674,14139639654822827924164629792196511566788433773635708227257990474054258395551,0.43,0.44,642.86,13075.47,0.01,0.56,0.57,13075.47,642.86,0.01,0.435,0.565,0.953139,0.046861,73016.06
1775952054609,2026-04-12T00:00:54.609,btc-updown-15m-1775952000,1775952900,Down,107564673209849850141584667341867895188475599634660777491187760159712519821674,14139639654822827924164629792196511566788433773635708227257990474054258395551,0.43,0.44,642.86,13075.47,0.01,0.56,0.57,13075.47,642.86,0.01,0.435,0.565,0.953139,0.046861,73016.06
1775952055610,2026-04-12T00:00:55.610,btc-updown-15m-1775952000,1775952900,Down,107564673209849850141584667341867895188475599634660777491187760159712519821674,14139639654822827924164629792196511566788433773635708227257990474054258395551,0.43,0.84,39.74,12709.32,0.41,0.16,0.57,12709.32,39.74,0.41,0.635,0.365,0.996883,0.003117,73016.05
1775952056611,2026-04-12T00:00:56.611,btc-updown-15m-1775952000,1775952900,Down,107564673209849850141584667341867895188475599634660777491187760159712519821674,14139639654822827924164629792196511566788433773635708227257990474054258395551,0.45,0.46,197.25,72.0,0.01,0.54,0.55,72.0,197.25,0.01,0.455,0.545,0.267409,0.732591,73016.05
1775952057611,2026-04-12T00:00:57.611,btc-updown-15m-1775952000,1775952900,Down,107564673209849850141584667341867895188475599634660777491187760159712519821674,14139639654822827924164629792196511566788433773635708227257990474054258395551,0.43,0.45,10.0,12750.38,0.02,0.55,0.57,12750.38,10.0,0.02,0.44,0.56,0.999216,0.000784,73016.05
1775952058612,2026-04-12T00:00:58.612,btc-updown-15m-1775952000,1775952900,Down,107564673209849850141584667341867895188475599634660777491187760159712519821674,14139639654822827924164629792196511566788433773635708227257990474054258395551,0.43,0.44,37.97,12705.09,0.01,0.56,0.57,12705.09,37.97,0.01,0.435,0.565,0.99702,0.00298,73016.06
1775952059612,2026-04-12T00:00:59.612,btc-updown-15m-1775952000,1775952900,Down,107564673209849850141584667341867895188475599634660777491187760159712519821674,14139639654822827924164629792196511566788433773635708227257990474054258395551,0.43,0.44,2.08,12713.84,0.01,0.56,0.57,12713.84,2.08,0.01,0.435,0.565,0.999836,0.000164,73016.06
1775952060612,2026-04-12T00:01:00.612,btc-updown-15m-1775952000,1775952900,Down,107564673209849850141584667341867895188475599634660777491187760159712519821674,14139639654822827924164629792196511566788433773635708227257990474054258395551,0.43,0.44,2.08,12614.08,0.01,0.56,0.57,12614.08,2.08,0.01,0.435,0.565,0.999835,0.000165,73016.06
1775952061613,2026-04-12T00:01:01.613,btc-updown-15m-1775952000,1775952900,Down,107564673209849850141584667341867895188475599634660777491187760159712519821674,14139639654822827924164629792196511566788433773635708227257990474054258395551,0.43,0.46,86.89,13037.08,0.03,0.54,0.57,13037.08,86.89,0.03,0.445,0.555,0.993379,0.006621,73016.06
1775952062614,2026-04-12T00:01:02.614,btc-updown-15m-1775952000,1775952900,Down,107564673209849850141584667341867895188475599634660777491187760159712519821674,14139639654822827924164629792196511566788433773635708227257990474054258395551,0.43,0.44,135.9,12556.33,0.01,0.56,0.57,12556.33,135.9,0.01,0.435,0.565,0.989293,0.010707,73016.06
1775952063614,2026-04-12T00:01:03.614,btc-updown-15m-1775952000,1775952900,Down,107564673209849850141584667341867895188475599634660777491187760159712519821674,14139639654822827924164629792196511566788433773635708227257990474054258395551,0.43,0.44,154.4,12552.06,0.01,0.56,0.57,12552.06,154.4,0.01,0.435,0.565,0.987849,0.012151,73016.06
1775952064615,2026-04-12T00:01:04.615,btc-updown-15m-1775952000,1775952900,Down,107564673209849850141584667341867895188475599634660777491187760159712519821674,14139639654822827924164629792196511566788433773635708227257990474054258395551,0.43,0.44,152.12,12552.06,0.01,0.56,0.57,12552.06,152.12,0.01,0.435,0.565,0.988026,0.011974,73016.05
1775952065616,2026-04-12T00:01:05.616,btc-updown-15m-1775952000,1775952900,Down,107564673209849850141584667341867895188475599634660777491187760159712519821674,14139639654822827924164629792196511566788433773635708227257990474054258395551,0.43,0.44,65.3,12505.49,0.01,0.56,0.57,12505.49,65.3,0.01,0.435,0.565,0.994805,0.005195,73016.05
1775952066616,2026-04-12T00:01:06.616,btc-updown-15m-1775952000,1775952900,Down,107564673209849850141584667341867895188475599634660777491187760159712519821674,14139639654822827924164629792196511566788433773635708227257990474054258395551,0.43,0.44,75.3,13012.34,0.01,0.56,0.57,13012.34,75.3,0.01,0.435,0.565,0.994246,0.005754,73016.05
1775952067616,2026-04-12T00:01:07.616,btc-updown-15m-1775952000,1775952900,Down,107564673209849850141584667341867895188475599634660777491187760159712519821674,14139639654822827924164629792196511566788433773635708227257990474054258395551,0.43,0.44,36.0,12962.21,0.01,0.56,0.57,12962.21,36.0,0.01,0.435,0.565,0.99723,0.00277,73016.05
1775952068618,2026-04-12T00:01:08.618,btc-updown-15m-1775952000,1775952900,Down,107564673209849850141584667341867895188475599634660777491187760159712519821674,14139639654822827924164629792196511566788433773635708227257990474054258395551,0.43,0.44,24.0,12894.71,0.01,0.56,0.57,12894.71,24.0,0.01,0.435,0.565,0.998142,0.001858,73016.05
1775952069618,2026-04-12T00:01:09.618,btc-updown-15m-1775952000,1775952900,Down,107564673209849850141584667341867895188475599634660777491187760159712519821674,14139639654822827924164629792196511566788433773635708227257990474054258395551,0.45,0.46,21.0,143.45,0.01,0.54,0.55,143.45,21.0,0.01,0.455,0.545,0.872302,0.127698,73016.05
1775952070619,2026-04-12T00:01:10.619,btc-updown-15m-1775952000,1775952900,Down,107564673209849850141584667341867895188475599634660777491187760159712519821674,14139639654822827924164629792196511566788433773635708227257990474054258395551,0.45,0.47,145.43,33.25,0.02,0.53,0.55,33.25,145.43,0.02,0.46,0.54,0.186087,0.813913,73016.05
1775952071620,2026-04-12T00:01:11.620,btc-updown-15m-1775952000,1775952900,Down,107564673209849850141584667341867895188475599634660777491187760159712519821674,14139639654822827924164629792196511566788433773635708227257990474054258395551,0.45,0.47,180.43,69.25,0.02,0.53,0.55,69.25,180.43,0.02,0.46,0.54,0.277355,0.722645,73016.05
1775952072621,2026-04-12T00:01:12.621,btc-updown-15m-1775952000,1775952900,Down,107564673209849850141584667341867895188475599634660777491187760159712519821674,14139639654822827924164629792196511566788433773635708227257990474054258395551,0.44,0.46,40.51,424.27,0.02,0.54,0.56,424.27,40.51,0.02,0.45,0.55,0.91284,0.08716,73016.05
1775952073622,2026-04-12T00:01:13.622,btc-updown-15m-1775952000,1775952900,Down,107564673209849850141584667341867895188475599634660777491187760159712519821674,14139639654822827924164629792196511566788433773635708227257990474054258395551,0.44,0.45,11.0,429.27,0.01,0.55,0.56,429.27,11.0,0.01,0.445,0.555,0.975015,0.024985,73016.05
1775952074623,2026-04-12T00:01:14.623,btc-updown-15m-1775952000,1775952900,Down,107564673209849850141584667341867895188475599634660777491187760159712519821674,14139639654822827924164629792196511566788433773635708227257990474054258395551,0.44,0.46,8.3,408.27,0.02,0.54,0.56,408.27,8.3,0.02,0.45,0.55,0.980075,0.019925,73016.05
1775952075623,2026-04-12T00:01:15.623,btc-updown-15m-1775952000,1775952900,Down,107564673209849850141584667341867895188475599634660777491187760159712519821674,14139639654822827924164629792196511566788433773635708227257990474054258395551,0.44,0.45,4.64,412.91,0.01,0.55,0.56,412.91,4.64,0.01,0.445,0.555,0.988888,0.011112,73016.05
1775952076624,2026-04-12T00:01:16.624,btc-updown-15m-1775952000,1775952900,Down,107564673209849850141584667341867895188475599634660777491187760159712519821674,14139639654822827924164629792196511566788433773635708227257990474054258395551,0.44,0.46,93.17,68.71,0.02,0.54,0.56,68.71,93.17,0.02,0.45,0.55,0.42445,0.57555,73016.05
1775952077624,2026-04-12T00:01:17.624,btc-updown-15m-1775952000,1775952900,Down,107564673209849850141584667341867895188475599634660777491187760159712519821674,14139639654822827924164629792196511566788433773635708227257990474054258395551,0.45,0.46,13.35,76.93,0.01,0.54,0.55,76.93,13.35,0.01,0.455,0.545,0.852127,0.147873,73016.05
1775952078625,2026-04-12T00:01:18.625,btc-updown-15m-1775952000,1775952900,Down,107564673209849850141584667341867895188475599634660777491187760159712519821674,14139639654822827924164629792196511566788433773635708227257990474054258395551,0.45,0.47,34.43,594.76,0.02,0.53,0.55,594.76,34.43,0.02,0.46,0.54,0.945279,0.054721,73016.05
1775952079626,2026-04-12T00:01:19.626,btc-updown-15m-1775952000,1775952900,Down,107564673209849850141584667341867895188475599634660777491187760159712519821674,14139639654822827924164629792196511566788433773635708227257990474054258395551,0.46,0.47,60.43,580.38,0.01,0.53,0.54,580.38,60.43,0.01,0.465,0.535,0.905697,0.094303,73016.06
1775952080627,2026-04-12T00:01:20.627,btc-updown-15m-1775952000,1775952900,Down,107564673209849850141584667341867895188475599634660777491187760159712519821674,14139639654822827924164629792196511566788433773635708227257990474054258395551,0.46,0.47,78.3,353.19,0.01,0.53,0.54,353.19,78.3,0.01,0.465,0.535,0.818536,0.181464,73016.06
1775952081627,2026-04-12T00:01:21.627,btc-updown-15m-1775952000,1775952900,Down,107564673209849850141584667341867895188475599634660777491187760159712519821674,14139639654822827924164629792196511566788433773635708227257990474054258395551,0.45,0.46,97.83,8.98,0.01,0.54,0.55,8.98,97.83,0.01,0.455,0.545,0.084075,0.915925,73016.06
1775952082628,2026-04-12T00:01:22.628,btc-updown-15m-1775952000,1775952900,Down,107564673209849850141584667341867895188475599634660777491187760159712519821674,14139639654822827924164629792196511566788433773635708227257990474054258395551,0.46,0.47,12.18,32.68,0.01,0.53,0.54,32.68,12.18,0.01,0.465,0.535,0.728489,0.271511,73016.06
1775952083629,2026-04-12T00:01:23.629,btc-updown-15m-1775952000,1775952900,Down,107564673209849850141584667341867895188475599634660777491187760159712519821674,14139639654822827924164629792196511566788433773635708227257990474054258395551,0.44,0.45,64.03,143.0,0.01,0.55,0.56,143.0,64.03,0.01,0.445,0.555,0.690721,0.309279,73016.06
1775952084630,2026-04-12T00:01:24.630,btc-updown-15m-1775952000,1775952900,Down,107564673209849850141584667341867895188475599634660777491187760159712519821674,14139639654822827924164629792196511566788433773635708227257990474054258395551,0.44,0.45,84.03,96.7,0.01,0.55,0.56,96.7,84.03,0.01,0.445,0.555,0.535052,0.464948,73016.06
1775952085630,2026-04-12T00:01:25.630,btc-updown-15m-1775952000,1775952900,Down,107564673209849850141584667341867895188475599634660777491187760159712519821674,14139639654822827924164629792196511566788433773635708227257990474054258395551,0.44,0.45,84.03,66.96,0.01,0.55,0.56,66.96,84.03,0.01,0.445,0.555,0.443473,0.556527,73016.05
1775952086631,2026-04-12T00:01:26.631,btc-updown-15m-1775952000,1775952900,Down,107564673209849850141584667341867895188475599634660777491187760159712519821674,14139639654822827924164629792196511566788433773635708227257990474054258395551,0.44,0.45,157.36,75.0,0.01,0.55,0.56,75.0,157.36,0.01,0.445,0.555,0.322775,0.677225,73016.05
1775952087632,2026-04-12T00:01:27.632,btc-updown-15m-1775952000,1775952900,Down,107564673209849850141584667341867895188475599634660777491187760159712519821674,14139639654822827924164629792196511566788433773635708227257990474054258395551,0.44,0.45,157.36,7.85,0.01,0.55,0.56,7.85,157.36,0.01,0.445,0.555,0.047515,0.952485,73016.05
1775952088633,2026-04-12T00:01:28.633,btc-updown-15m-1775952000,1775952900,Down,107564673209849850141584667341867895188475599634660777491187760159712519821674,14139639654822827924164629792196511566788433773635708227257990474054258395551,0.44,0.45,156.96,10.17,0.01,0.55,0.56,10.17,156.96,0.01,0.445,0.555,0.060851,0.939149,73016.06
1775952089634,2026-04-12T00:01:29.634,btc-updown-15m-1775952000,1775952900,Down,107564673209849850141584667341867895188475599634660777491187760159712519821674,14139639654822827924164629792196511566788433773635708227257990474054258395551,0.44,0.45,156.96,10.17,0.01,0.55,0.56,10.17,156.96,0.01,0.445,0.555,0.060851,0.939149,73016.06
1775952090634,2026-04-12T00:01:30.634,btc-updown-15m-1775952000,1775952900,Down,107564673209849850141584667341867895188475599634660777491187760159712519821674,14139639654822827924164629792196511566788433773635708227257990474054258395551,0.43,0.44,22.9,12257.26,0.01,0.56,0.57,12257.26,22.9,0.01,0.435,0.565,0.998135,0.001865,73016.06
1775952091635,2026-04-12T00:01:31.635,btc-updown-15m-1775952000,1775952900,Down,107564673209849850141584667341867895188475599634660777491187760159712519821674,14139639654822827924164629792196511566788433773635708227257990474054258395551,0.43,0.44,22.9,12263.26,0.01,0.56,0.57,12263.26,22.9,0.01,0.435,0.565,0.998136,0.001864,73016.06
1775952092636,2026-04-12T00:01:32.636,btc-updown-15m-1775952000,1775952900,Down,107564673209849850141584667341867895188475599634660777491187760159712519821674,14139639654822827924164629792196511566788433773635708227257990474054258395551,0.43,0.44,176.9,12260.62,0.01,0.56,0.57,12260.62,176.9,0.01,0.435,0.565,0.985777,0.014223,73016.06
1775952093637,2026-04-12T00:01:33.637,btc-updown-15m-1775952000,1775952900,Down,107564673209849850141584667341867895188475599634660777491187760159712519821674,14139639654822827924164629792196511566788433773635708227257990474054258395551,0.43,0.44,170.52,12260.35,0.01,0.56,0.57,12260.35,170.52,0.01,0.435,0.565,0.986283,0.013717,73016.06
1775952094638,2026-04-12T00:01:34.638,btc-updown-15m-1775952000,1775952900,Down,107564673209849850141584667341867895188475599634660777491187760159712519821674,14139639654822827924164629792196511566788433773635708227257990474054258395551,0.43,0.44,43.5,12222.97,0.01,0.56,0.57,12222.97,43.5,0.01,0.435,0.565,0.996454,0.003546,73016.06
1775952095639,2026-04-12T00:01:35.639,btc-updown-15m-1775952000,1775952900,Down,107564673209849850141584667341867895188475599634660777491187760159712519821674,14139639654822827924164629792196511566788433773635708227257990474054258395551,0.43,0.44,28.4,12222.97,0.01,0.56,0.57,12222.97,28.4,0.01,0.435,0.565,0.997682,0.002318,73016.06
1775952096640,2026-04-12T00:01:36.640,btc-updown-15m-1775952000,1775952900,Down,107564673209849850141584667341867895188475599634660777491187760159712519821674,14139639654822827924164629792196511566788433773635708227257990474054258395551,0.43,0.44,26.56,12217.7,0.01,0.56,0.57,12217.7,26.56,0.01,0.435,0.565,0.997831,0.002169,73016.06
1775952097640,2026-04-12T00:01:37.640,btc-updown-15m-1775952000,1775952900,Down,107564673209849850141584667341867895188475599634660777491187760159712519821674,14139639654822827924164629792196511566788433773635708227257990474054258395551,0.43,0.44,65.4,12269.43,0.01,0.56,0.57,12269.43,65.4,0.01,0.435,0.565,0.994698,0.005302,73016.05
1775952098641,2026-04-12T00:01:38.641,btc-updown-15m-1775952000,1775952900,Down,107564673209849850141584667341867895188475599634660777491187760159712519821674,14139639654822827924164629792196511566788433773635708227257990474054258395551,0.43,0.44,65.4,12269.43,0.01,0.56,0.57,12269.43,65.4,0.01,0.435,0.565,0.994698,0.005302,73016.05
1775952099642,2026-04-12T00:01:39.642,btc-updown-15m-1775952000,1775952900,Down,107564673209849850141584667341867895188475599634660777491187760159712519821674,14139639654822827924164629792196511566788433773635708227257990474054258395551,0.43,0.44,654.01,11906.91,0.01,0.56,0.57,11906.91,654.01,0.01,0.435,0.565,0.947933,0.052067,73016.05
1775952100643,2026-04-12T00:01:40.643,btc-updown-15m-1775952000,1775952900,Down,107564673209849850141584667341867895188475599634660777491187760159712519821674,14139639654822827924164629792196511566788433773635708227257990474054258395551,0.43,0.44,650.05,11859.91,0.01,0.56,0.57,11859.91,650.05,0.01,0.435,0.565,0.948037,0.051963,73013.86
1775952101645,2026-04-12T00:01:41.645,btc-updown-15m-1775952000,1775952900,Down,107564673209849850141584667341867895188475599634660777491187760159712519821674,14139639654822827924164629792196511566788433773635708227257990474054258395551,0.43,0.44,635.05,11849.91,0.01,0.56,0.57,11849.91,635.05,0.01,0.435,0.565,0.949135,0.050865,73013.86
1775952102646,2026-04-12T00:01:42.646,btc-updown-15m-1775952000,1775952900,Down,107564673209849850141584667341867895188475599634660777491187760159712519821674,14139639654822827924164629792196511566788433773635708227257990474054258395551,0.43,0.44,635.05,11845.51,0.01,0.56,0.57,11845.51,635.05,0.01,0.435,0.565,0.949117,0.050883,73013.86
1775952103646,2026-04-12T00:01:43.646,btc-updown-15m-1775952000,1775952900,Down,107564673209849850141584667341867895188475599634660777491187760159712519821674,14139639654822827924164629792196511566788433773635708227257990474054258395551,0.43,0.44,507.05,11801.63,0.01,0.56,0.57,11801.63,507.05,0.01,0.435,0.565,0.958805,0.041195,73009.46
1775952104647,2026-04-12T00:01:44.647,btc-updown-15m-1775952000,1775952900,Down,107564673209849850141584667341867895188475599634660777491187760159712519821674,14139639654822827924164629792196511566788433773635708227257990474054258395551,0.43,0.44,407.05,11588.92,0.01,0.56,0.57,11588.92,407.05,0.01,0.435,0.565,0.966068,0.033932,73009.46
1775952105648,2026-04-12T00:01:45.648,btc-updown-15m-1775952000,1775952900,Down,107564673209849850141584667341867895188475599634660777491187760159712519821674,14139639654822827924164629792196511566788433773635708227257990474054258395551,0.43,0.44,400.05,11552.26,0.01,0.56,0.57,11555.74,420.05,0.01,0.435,0.565,0.966529,0.035075,73009.46
1775952106649,2026-04-12T00:01:46.649,btc-updown-15m-1775952000,1775952900,Down,107564673209849850141584667341867895188475599634660777491187760159712519821674,14139639654822827924164629792196511566788433773635708227257990474054258395551,0.43,0.44,397.77,11680.11,0.01,0.56,0.57,11680.11,397.77,0.01,0.435,0.565,0.967066,0.032934,73009.45
1775952107650,2026-04-12T00:01:47.650,btc-updown-15m-1775952000,1775952900,Down,107564673209849850141584667341867895188475599634660777491187760159712519821674,14139639654822827924164629792196511566788433773635708227257990474054258395551,0.43,0.44,402.95,11617.26,0.01,0.56,0.57,11617.26,402.95,0.01,0.435,0.565,0.966477,0.033523,73009.45
1775952108651,2026-04-12T00:01:48.651,btc-updown-15m-1775952000,1775952900,Down,107564673209849850141584667341867895188475599634660777491187760159712519821674,14139639654822827924164629792196511566788433773635708227257990474054258395551,0.43,0.44,422.95,11521.85,0.01,0.56,0.57,11521.85,422.95,0.01,0.435,0.565,0.964591,0.035409,73009.45
1775952109651,2026-04-12T00:01:49.651,btc-updown-15m-1775952000,1775952900,Down,107564673209849850141584667341867895188475599634660777491187760159712519821674,14139639654822827924164629792196511566788433773635708227257990474054258395551,0.43,0.44,422.95,11521.85,0.01,0.56,0.57,11521.85,422.95,0.01,0.435,0.565,0.964591,0.035409,73009.46
1775952110652,2026-04-12T00:01:50.652,btc-updown-15m-1775952000,1775952900,Down,107564673209849850141584667341867895188475599634660777491187760159712519821674,14139639654822827924164629792196511566788433773635708227257990474054258395551,0.43,0.44,437.95,11451.85,0.01,0.56,0.57,11451.85,437.95,0.01,0.435,0.565,0.963166,0.036834,73009.46
1775952111652,2026-04-12T00:01:51.652,btc-updown-15m-1775952000,1775952900,Down,107564673209849850141584667341867895188475599634660777491187760159712519821674,14139639654822827924164629792196511566788433773635708227257990474054258395551,0.43,0.44,437.95,11451.85,0.01,0.56,0.57,11451.85,437.95,0.01,0.435,0.565,0.963166,0.036834,73009.46
1775952112653,2026-04-12T00:01:52.653,btc-updown-15m-1775952000,1775952900,Down,107564673209849850141584667341867895188475599634660777491187760159712519821674,14139639654822827924164629792196511566788433773635708227257990474054258395551,0.44,0.45,38.0,169.0,0.01,0.55,0.56,169.0,38.0,0.01,0.445,0.555,0.816425,0.183575,73009.46
1775952113655,2026-04-12T00:01:53.655,btc-updown-15m-1775952000,1775952900,Down,107564673209849850141584667341867895188475599634660777491187760159712519821674,14139639654822827924164629792196511566788433773635708227257990474054258395551,0.44,0.45,43.0,3.92,0.01,0.55,0.56,3.92,43.0,0.01,0.445,0.555,0.083546,0.916454,73009.46
1775952114657,2026-04-12T00:01:54.657,btc-updown-15m-1775952000,1775952900,Down,107564673209849850141584667341867895188475599634660777491187760159712519821674,14139639654822827924164629792196511566788433773635708227257990474054258395551,0.44,0.45,41.0,69.71,0.01,0.55,0.56,69.71,41.0,0.01,0.445,0.555,0.629663,0.370337,73009.46
1775952115658,2026-04-12T00:01:55.658,btc-updown-15m-1775952000,1775952900,Down,107564673209849850141584667341867895188475599634660777491187760159712519821674,14139639654822827924164629792196511566788433773635708227257990474054258395551,0.45,0.46,26.0,22.14,0.01,0.54,0.55,22.14,26.0,0.01,0.455,0.545,0.459909,0.540091,73009.46
1775952116660,2026-04-12T00:01:56.660,btc-updown-15m-1775952000,1775952900,Down,107564673209849850141584667341867895188475599634660777491187760159712519821674,14139639654822827924164629792196511566788433773635708227257990474054258395551,0.44,0.46,46.0,138.34,0.02,0.54,0.56,138.34,46.0,0.02,0.45,0.55,0.750461,0.249539,73009.46
1775952117661,2026-04-12T00:01:57.661,btc-updown-15m-1775952000,1775952900,Down,107564673209849850141584667341867895188475599634660777491187760159712519821674,14139639654822827924164629792196511566788433773635708227257990474054258395551,0.44,0.45,147.0,97.64,0.01,0.55,0.56,97.64,147.0,0.01,0.445,0.555,0.399117,0.600883,73009.46
1775952118661,2026-04-12T00:01:58.661,btc-updown-15m-1775952000,1775952900,Down,107564673209849850141584667341867895188475599634660777491187760159712519821674,14139639654822827924164629792196511566788433773635708227257990474054258395551,0.44,0.45,200.57,9.63,0.01,0.55,0.56,9.63,200.57,0.01,0.445,0.555,0.045814,0.954186,73009.46
1775952119663,2026-04-12T00:01:59.663,btc-updown-15m-1775952000,1775952900,Down,107564673209849850141584667341867895188475599634660777491187760159712519821674,14139639654822827924164629792196511566788433773635708227257990474054258395551,0.44,0.45,200.57,9.63,0.01,0.55,0.56,9.63,200.57,0.01,0.445,0.555,0.045814,0.954186,73009.46
1775952120663,2026-04-12T00:02:00.663,btc-updown-15m-1775952000,1775952900,Down,107564673209849850141584667341867895188475599634660777491187760159712519821674,14139639654822827924164629792196511566788433773635708227257990474054258395551,0.43,0.45,200.57,11489.6,0.02,0.55,0.57,11489.6,200.57,0.02,0.44,0.56,0.982843,0.017157,73009.46
1775952121663,2026-04-12T00:02:01.663,btc-updown-15m-1775952000,1775952900,Down,107564673209849850141584667341867895188475599634660777491187760159712519821674,14139639654822827924164629792196511566788433773635708227257990474054258395551,0.43,0.44,285.0,11570.6,0.01,0.56,0.57,11570.6,285.0,0.01,0.435,0.565,0.975961,0.024039,73009.46
1775952122664,2026-04-12T00:02:02.664,btc-updown-15m-1775952000,1775952900,Down,107564673209849850141584667341867895188475599634660777491187760159712519821674,14139639654822827924164629792196511566788433773635708227257990474054258395551,0.43,0.44,285.0,11545.6,0.01,0.56,0.57,11545.6,285.0,0.01,0.435,0.565,0.97591,0.02409,73009.46
1775952123665,2026-04-12T00:02:03.665,btc-updown-15m-1775952000,1775952900,Down,107564673209849850141584667341867895188475599634660777491187760159712519821674,14139639654822827924164629792196511566788433773635708227257990474054258395551,0.43,0.44,285.0,11445.75,0.01,0.56,0.57,11445.75,285.0,0.01,0.435,0.565,0.975705,0.024295,73009.46
1775952124666,2026-04-12T00:02:04.666,btc-updown-15m-1775952000,1775952900,Down,107564673209849850141584667341867895188475599634660777491187760159712519821674,14139639654822827924164629792196511566788433773635708227257990474054258395551,0.65,0.66,26.0,18.0,0.01,0.34,0.35,18.0,26.0,0.01,0.655,0.345,0.409091,0.590909,73009.46
1775952125667,2026-04-12T00:02:05.667,btc-updown-15m-1775952000,1775952900,Down,107564673209849850141584667341867895188475599634660777491187760159712519821674,14139639654822827924164629792196511566788433773635708227257990474054258395551,0.45,0.46,10.0,66.58,0.01,0.54,0.55,66.58,10.0,0.01,0.455,0.545,0.869418,0.130582,73009.46
1775952126668,2026-04-12T00:02:06.668,btc-updown-15m-1775952000,1775952900,Down,107564673209849850141584667341867895188475599634660777491187760159712519821674,14139639654822827924164629792196511566788433773635708227257990474054258395551,0.48,0.49,305.21,0.55,0.01,0.51,0.52,0.55,305.21,0.01,0.485,0.515,0.001799,0.998201,73009.46
1775952127669,2026-04-12T00:02:07.669,btc-updown-15m-1775952000,1775952900,Down,107564673209849850141584667341867895188475599634660777491187760159712519821674,14139639654822827924164629792196511566788433773635708227257990474054258395551,0.45,0.48,59.36,174.73,0.03,0.52,0.55,174.73,59.36,0.03,0.465,0.535,0.746422,0.253578,73009.45
1775952128669,2026-04-12T00:02:08.669,btc-updown-15m-1775952000,1775952900,Down,107564673209849850141584667341867895188475599634660777491187760159712519821674,14139639654822827924164629792196511566788433773635708227257990474054258395551,0.44,0.47,476.61,93.03,0.03,0.53,0.56,93.03,476.61,0.03,0.455,0.545,0.163314,0.836686,73009.45
1775952129670,2026-04-12T00:02:09.670,btc-updown-15m-1775952000,1775952900,Down,107564673209849850141584667341867895188475599634660777491187760159712519821674,14139639654822827924164629792196511566788433773635708227257990474054258395551,0.44,0.47,476.61,93.03,0.03,0.53,0.56,93.03,476.61,0.03,0.455,0.545,0.163314,0.836686,73009.45
1775952130671,2026-04-12T00:02:10.671,btc-updown-15m-1775952000,1775952900,Down,107564673209849850141584667341867895188475599634660777491187760159712519821674,14139639654822827924164629792196511566788433773635708227257990474054258395551,0.44,0.46,169.71,72.67,0.02,0.54,0.56,72.67,169.71,0.02,0.45,0.55,0.299818,0.700182,73009.45
1775952131672,2026-04-12T00:02:11.672,btc-updown-15m-1775952000,1775952900,Down,107564673209849850141584667341867895188475599634660777491187760159712519821674,14139639654822827924164629792196511566788433773635708227257990474054258395551,0.43,0.44,879.4,11214.91,0.01,0.56,0.57,11214.91,879.4,0.01,0.435,0.565,0.927288,0.072712,73009.45
1775952132673,2026-04-12T00:02:12.673,btc-updown-15m-1775952000,1775952900,Down,107564673209849850141584667341867895188475599634660777491187760159712519821674,14139639654822827924164629792196511566788433773635708227257990474054258395551,0.43,0.44,668.3,8093.38,0.01,0.56,0.57,8093.38,668.3,0.01,0.435,0.565,0.923725,0.076275,73009.45
1775952133673,2026-04-12T00:02:13.673,btc-updown-15m-1775952000,1775952900,Down,107564673209849850141584667341867895188475599634660777491187760159712519821674,14139639654822827924164629792196511566788433773635708227257990474054258395551,0.43,0.44,332.3,7702.98,0.01,0.56,0.57,7702.98,332.3,0.01,0.435,0.565,0.958645,0.041355,72983.31
1775952134675,2026-04-12T00:02:14.675,btc-updown-15m-1775952000,1775952900,Down,107564673209849850141584667341867895188475599634660777491187760159712519821674,14139639654822827924164629792196511566788433773635708227257990474054258395551,0.43,0.44,195.3,6163.52,0.01,0.56,0.57,6163.52,195.3,0.01,0.435,0.565,0.969287,0.030713,72983.31
1775952135676,2026-04-12T00:02:15.676,btc-updown-15m-1775952000,1775952900,Down,107564673209849850141584667341867895188475599634660777491187760159712519821674,14139639654822827924164629792196511566788433773635708227257990474054258395551,0.43,0.44,207.13,6070.26,0.01,0.56,0.57,6070.26,207.13,0.01,0.435,0.565,0.967004,0.032996,72983.31
1775952136676,2026-04-12T00:02:16.676,btc-updown-15m-1775952000,1775952900,Down,107564673209849850141584667341867895188475599634660777491187760159712519821674,14139639654822827924164629792196511566788433773635708227257990474054258395551,0.43,0.44,235.13,5977.88,0.01,0.56,0.57,5977.88,235.13,0.01,0.435,0.565,0.962155,0.037845,72993.81
1775952137677,2026-04-12T00:02:17.677,btc-updown-15m-1775952000,1775952900,Down,107564673209849850141584667341867895188475599634660777491187760159712519821674,14139639654822827924164629792196511566788433773635708227257990474054258395551,0.43,0.44,105.13,5797.13,0.01,0.56,0.57,5797.13,105.13,0.01,0.435,0.565,0.982188,0.017812,72993.81
1775952138678,2026-04-12T00:02:18.678,btc-updown-15m-1775952000,1775952900,Down,107564673209849850141584667341867895188475599634660777491187760159712519821674,14139639654822827924164629792196511566788433773635708227257990474054258395551,0.43,0.44,116.29,5768.55,0.01,0.56,0.57,5768.55,116.29,0.01,0.435,0.565,0.980239,0.019761,72993.81
1775952139679,2026-04-12T00:02:19.679,btc-updown-15m-1775952000,1775952900,Down,107564673209849850141584667341867895188475599634660777491187760159712519821674,14139639654822827924164629792196511566788433773635708227257990474054258395551,0.43,0.44,148.59,5138.44,0.01,0.56,0.57,5138.44,148.59,0.01,0.435,0.565,0.971895,0.028105,72993.82
1775952140679,2026-04-12T00:02:20.679,btc-updown-15m-1775952000,1775952900,Down,107564673209849850141584667341867895188475599634660777491187760159712519821674,14139639654822827924164629792196511566788433773635708227257990474054258395551,0.43,0.44,153.59,4975.56,0.01,0.56,0.57,4975.56,153.59,0.01,0.435,0.565,0.970055,0.029945,72993.82
1775952141680,2026-04-12T00:02:21.680,btc-updown-15m-1775952000,1775952900,Down,107564673209849850141584667341867895188475599634660777491187760159712519821674,14139639654822827924164629792196511566788433773635708227257990474054258395551,0.43,0.44,153.59,4851.64,0.01,0.56,0.57,4851.64,153.59,0.01,0.435,0.565,0.969314,0.030686,72993.82
1775952142680,2026-04-12T00:02:22.680,btc-updown-15m-1775952000,1775952900,Down,107564673209849850141584667341867895188475599634660777491187760159712519821674,14139639654822827924164629792196511566788433773635708227257990474054258395551,0.43,0.44,207.43,4562.29,0.01,0.56,0.57,4562.29,207.43,0.01,0.435,0.565,0.956511,0.043489,72986.67
1775952143681,2026-04-12T00:02:23.681,btc-updown-15m-1775952000,1775952900,Down,107564673209849850141584667341867895188475599634660777491187760159712519821674,14139639654822827924164629792196511566788433773635708227257990474054258395551,0.43,0.44,187.43,4454.19,0.01,0.56,0.57,4454.19,187.43,0.01,0.435,0.565,0.95962,0.04038,72986.67
1775952144682,2026-04-12T00:02:24.682,btc-updown-15m-1775952000,1775952900,Down,107564673209849850141584667341867895188475599634660777491187760159712519821674,14139639654822827924164629792196511566788433773635708227257990474054258395551,0.43,0.44,192.43,4330.31,0.01,0.56,0.57,4330.31,192.43,0.01,0.435,0.565,0.957453,0.042547,72986.67
1775952145683,2026-04-12T00:02:25.683,btc-updown-15m-1775952000,1775952900,Down,107564673209849850141584667341867895188475599634660777491187760159712519821674,14139639654822827924164629792196511566788433773635708227257990474054258395551,0.43,0.44,62.0,4281.34,0.01,0.56,0.57,4281.34,62.0,0.01,0.435,0.565,0.985725,0.014275,72978.24
1775952146683,2026-04-12T00:02:26.683,btc-updown-15m-1775952000,1775952900,Down,107564673209849850141584667341867895188475599634660777491187760159712519821674,14139639654822827924164629792196511566788433773635708227257990474054258395551,0.43,0.44,14.68,4220.0,0.01,0.56,0.57,4220.0,14.68,0.01,0.435,0.565,0.996533,0.003467,72978.24
1775952147684,2026-04-12T00:02:27.684,btc-updown-15m-1775952000,1775952900,Down,107564673209849850141584667341867895188475599634660777491187760159712519821674,14139639654822827924164629792196511566788433773635708227257990474054258395551,0.43,0.44,155.54,3819.17,0.01,0.56,0.57,3819.17,155.54,0.01,0.435,0.565,0.960868,0.039132,72978.24
1775952148685,2026-04-12T00:02:28.685,btc-updown-15m-1775952000,1775952900,Down,107564673209849850141584667341867895188475599634660777491187760159712519821674,14139639654822827924164629792196511566788433773635708227257990474054258395551,0.43,0.44,119.16,3619.03,0.01,0.56,0.57,3619.03,119.16,0.01,0.435,0.565,0.968124,0.031876,72972.07
1775952149685,2026-04-12T00:02:29.685,btc-updown-15m-1775952000,1775952900,Down,107564673209849850141584667341867895188475599634660777491187760159712519821674,14139639654822827924164629792196511566788433773635708227257990474054258395551,0.43,0.44,57.71,3539.48,0.01,0.56,0.57,3539.48,57.71,0.01,0.435,0.565,0.983957,0.016043,72972.07
1775952150686,2026-04-12T00:02:30.686,btc-updown-15m-1775952000,1775952900,Down,107564673209849850141584667341867895188475599634660777491187760159712519821674,14139639654822827924164629792196511566788433773635708227257990474054258395551,0.43,0.44,78.01,3409.1,0.01,0.56,0.57,3409.1,78.01,0.01,0.435,0.565,0.977629,0.022371,72972.07
1775952151687,2026-04-12T00:02:31.687,btc-updown-15m-1775952000,1775952900,Down,107564673209849850141584667341867895188475599634660777491187760159712519821674,14139639654822827924164629792196511566788433773635708227257990474054258395551,0.43,0.44,146.63,3376.19,0.01,0.56,0.57,3376.19,146.63,0.01,0.435,0.565,0.958377,0.041623,72972.07
1775952152688,2026-04-12T00:02:32.688,btc-updown-15m-1775952000,1775952900,Down,107564673209849850141584667341867895188475599634660777491187760159712519821674,14139639654822827924164629792196511566788433773635708227257990474054258395551,0.43,0.44,242.63,3224.8,0.01,0.56,0.57,3224.8,242.63,0.01,0.435,0.565,0.930026,0.069974,72972.07
1775952153689,2026-04-12T00:02:33.689,btc-updown-15m-1775952000,1775952900,Down,107564673209849850141584667341867895188475599634660777491187760159712519821674,14139639654822827924164629792196511566788433773635708227257990474054258395551,0.43,0.44,195.21,2764.06,0.01,0.56,0.57,2764.06,195.21,0.01,0.435,0.565,0.934034,0.065966,72972.07
1775952154690,2026-04-12T00:02:34.690,btc-updown-15m-1775952000,1775952900,Down,107564673209849850141584667341867895188475599634660777491187760159712519821674,14139639654822827924164629792196511566788433773635708227257990474054258395551,0.43,0.45,251.55,2655.11,0.02,0.55,0.57,2655.11,251.55,0.02,0.44,0.56,0.913457,0.086543,72971.82
1775952155690,2026-04-12T00:02:35.690,btc-updown-15m-1775952000,1775952900,Down,107564673209849850141584667341867895188475599634660777491187760159712519821674,14139639654822827924164629792196511566788433773635708227257990474054258395551,0.43,0.44,50.2,2473.04,0.01,0.56,0.57,2473.04,50.2,0.01,0.435,0.565,0.980105,0.019895,72971.82
1775952156690,2026-04-12T00:02:36.690,btc-updown-15m-1775952000,1775952900,Down,107564673209849850141584667341867895188475599634660777491187760159712519821674,14139639654822827924164629792196511566788433773635708227257990474054258395551,0.43,0.44,181.29,2229.16,0.01,0.56,0.57,2229.16,181.29,0.01,0.435,0.565,0.92479,0.07521,72971.82
1775952157691,2026-04-12T00:02:37.691,btc-updown-15m-1775952000,1775952900,Down,107564673209849850141584667341867895188475599634660777491187760159712519821674,14139639654822827924164629792196511566788433773635708227257990474054258395551,0.43,0.44,181.29,1795.01,0.01,0.56,0.57,1795.01,181.29,0.01,0.435,0.565,0.908268,0.091732,72971.0
1775952158692,2026-04-12T00:02:38.692,btc-updown-15m-1775952000,1775952900,Down,107564673209849850141584667341867895188475599634660777491187760159712519821674,14139639654822827924164629792196511566788433773635708227257990474054258395551,0.43,0.44,299.12,1475.79,0.01,0.56,0.57,1475.79,299.12,0.01,0.435,0.565,0.831473,0.168527,72971.0
1775952159694,2026-04-12T00:02:39.694,btc-updown-15m-1775952000,1775952900,Down,107564673209849850141584667341867895188475599634660777491187760159712519821674,14139639654822827924164629792196511566788433773635708227257990474054258395551,0.43,0.44,313.04,1109.37,0.01,0.56,0.57,1109.37,313.04,0.01,0.435,0.565,0.779923,0.220077,72971.0
1775952160695,2026-04-12T00:02:40.695,btc-updown-15m-1775952000,1775952900,Down,107564673209849850141584667341867895188475599634660777491187760159712519821674,14139639654822827924164629792196511566788433773635708227257990474054258395551,0.43,0.44,365.04,778.85,0.01,0.56,0.57,778.85,365.04,0.01,0.435,0.565,0.680878,0.319122,72962.67
1775952161696,2026-04-12T00:02:41.696,btc-updown-15m-1775952000,1775952900,Down,107564673209849850141584667341867895188475599634660777491187760159712519821674,14139639654822827924164629792196511566788433773635708227257990474054258395551,0.43,0.44,423.6,560.08,0.01,0.56,0.57,560.08,423.6,0.01,0.435,0.565,0.569372,0.430628,72962.67
1775952162696,2026-04-12T00:02:42.696,btc-updown-15m-1775952000,1775952900,Down,107564673209849850141584667341867895188475599634660777491187760159712519821674,14139639654822827924164629792196511566788433773635708227257990474054258395551,0.43,0.44,381.82,261.29,0.01,0.56,0.57,261.29,381.82,0.01,0.435,0.565,0.406291,0.593709,72962.67
1775952163698,2026-04-12T00:02:43.698,btc-updown-15m-1775952000,1775952900,Down,107564673209849850141584667341867895188475599634660777491187760159712519821674,14139639654822827924164629792196511566788433773635708227257990474054258395551,0.43,0.44,375.82,223.48,0.01,0.56,0.57,223.48,375.82,0.01,0.435,0.565,0.372902,0.627098,72962.66
1775952164699,2026-04-12T00:02:44.699,btc-updown-15m-1775952000,1775952900,Down,107564673209849850141584667341867895188475599634660777491187760159712519821674,14139639654822827924164629792196511566788433773635708227257990474054258395551,0.4,0.43,12.72,168.0,0.03,0.57,0.6,168.0,12.72,0.03,0.415,0.585,0.929615,0.070385,72962.66
1775952165700,2026-04-12T00:02:45.700,btc-updown-15m-1775952000,1775952900,Down,107564673209849850141584667341867895188475599634660777491187760159712519821674,14139639654822827924164629792196511566788433773635708227257990474054258395551,0.41,0.42,281.82,8.39,0.01,0.58,0.59,8.39,281.82,0.01,0.415,0.585,0.02891,0.97109,72962.66
1775952166700,2026-04-12T00:02:46.700,btc-updown-15m-1775952000,1775952900,Down,107564673209849850141584667341867895188475599634660777491187760159712519821674,14139639654822827924164629792196511566788433773635708227257990474054258395551,0.4,0.41,321.66,144.44,0.01,0.59,0.6,144.44,321.66,0.01,0.405,0.595,0.309891,0.690109,72961.06
1775952167702,2026-04-12T00:02:47.702,btc-updown-15m-1775952000,1775952900,Down,107564673209849850141584667341867895188475599634660777491187760159712519821674,14139639654822827924164629792196511566788433773635708227257990474054258395551,0.39,0.4,96.48,71.81,0.01,0.6,0.61,71.81,96.48,0.01,0.395,0.605,0.426704,0.573296,72961.06
1775952168702,2026-04-12T00:02:48.702,btc-updown-15m-1775952000,1775952900,Down,107564673209849850141584667341867895188475599634660777491187760159712519821674,14139639654822827924164629792196511566788433773635708227257990474054258395551,0.39,0.4,165.35,163.25,0.01,0.6,0.61,163.25,165.35,0.01,0.395,0.605,0.496805,0.503195,72961.06
1775952169703,2026-04-12T00:02:49.703,btc-updown-15m-1775952000,1775952900,Down,107564673209849850141584667341867895188475599634660777491187760159712519821674,14139639654822827924164629792196511566788433773635708227257990474054258395551,0.39,0.4,175.27,148.5,0.01,0.6,0.61,148.5,175.27,0.01,0.395,0.605,0.458659,0.541341,72961.07
1775952170705,2026-04-12T00:02:50.705,btc-updown-15m-1775952000,1775952900,Down,107564673209849850141584667341867895188475599634660777491187760159712519821674,14139639654822827924164629792196511566788433773635708227257990474054258395551,0.39,0.4,170.27,115.71,0.01,0.6,0.61,115.71,170.27,0.01,0.395,0.605,0.404609,0.595391,72961.07
1775952171705,2026-04-12T00:02:51.705,btc-updown-15m-1775952000,1775952900,Down,107564673209849850141584667341867895188475599634660777491187760159712519821674,14139639654822827924164629792196511566788433773635708227257990474054258395551,0.39,0.4,171.15,75.04,0.01,0.6,0.61,75.04,171.15,0.01,0.395,0.605,0.304805,0.695195,72961.07
1775952172706,2026-04-12T00:02:52.706,btc-updown-15m-1775952000,1775952900,Down,107564673209849850141584667341867895188475599634660777491187760159712519821674,14139639654822827924164629792196511566788433773635708227257990474054258395551,0.39,0.4,171.15,80.04,0.01,0.6,0.61,80.04,171.15,0.01,0.395,0.605,0.318643,0.681357,72958.52
1775952173706,2026-04-12T00:02:53.706,btc-updown-15m-1775952000,1775952900,Down,107564673209849850141584667341867895188475599634660777491187760159712519821674,14139639654822827924164629792196511566788433773635708227257990474054258395551,0.39,0.4,120.51,48.81,0.01,0.6,0.61,48.81,120.51,0.01,0.395,0.605,0.288271,0.711729,72958.52
1775952174708,2026-04-12T00:02:54.708,btc-updown-15m-1775952000,1775952900,Down,107564673209849850141584667341867895188475599634660777491187760159712519821674,14139639654822827924164629792196511566788433773635708227257990474054258395551,0.39,0.4,125.51,52.03,0.01,0.6,0.61,52.03,125.51,0.01,0.395,0.605,0.293061,0.706939,72958.52
1775952175708,2026-04-12T00:02:55.708,btc-updown-15m-1775952000,1775952900,Down,107564673209849850141584667341867895188475599634660777491187760159712519821674,14139639654822827924164629792196511566788433773635708227257990474054258395551,0.42,0.44,40.1,86.4,0.02,0.56,0.58,86.4,40.1,0.02,0.43,0.57,0.683004,0.316996,72980.5
1775952176709,2026-04-12T00:02:56.709,btc-updown-15m-1775952000,1775952900,Down,107564673209849850141584667341867895188475599634660777491187760159712519821674,14139639654822827924164629792196511566788433773635708227257990474054258395551,0.48,0.49,738.79,79.14,0.01,0.51,0.52,79.14,738.79,0.01,0.485,0.515,0.096756,0.903244,72980.5
1775952177709,2026-04-12T00:02:57.709,btc-updown-15m-1775952000,1775952900,Down,107564673209849850141584667341867895188475599634660777491187760159712519821674,14139639654822827924164629792196511566788433773635708227257990474054258395551,0.48,0.49,761.23,24.34,0.01,0.51,0.52,24.34,761.23,0.01,0.485,0.515,0.030984,0.969016,72980.5
1775952178710,2026-04-12T00:02:58.710,btc-updown-15m-1775952000,1775952900,Down,107564673209849850141584667341867895188475599634660777491187760159712519821674,14139639654822827924164629792196511566788433773635708227257990474054258395551,0.39,0.42,35.0,2.94,0.03,0.58,0.61,2.94,35.0,0.03,0.405,0.595,0.077491,0.922509,72970.35
1775952179713,2026-04-12T00:02:59.713,btc-updown-15m-1775952000,1775952900,Down,107564673209849850141584667341867895188475599634660777491187760159712519821674,14139639654822827924164629792196511566788433773635708227257990474054258395551,0.38,0.41,45.0,51.22,0.03,0.59,0.62,51.22,45.0,0.03,0.395,0.605,0.532322,0.467678,72970.35
1775952180713,2026-04-12T00:03:00.713,btc-updown-15m-1775952000,1775952900,Down,107564673209849850141584667341867895188475599634660777491187760159712519821674,14139639654822827924164629792196511566788433773635708227257990474054258395551,0.39,0.4,194.09,60.01,0.01,0.6,0.61,60.01,194.09,0.01,0.395,0.605,0.236167,0.763833,72970.35
1775952181714,2026-04-12T00:03:01.714,btc-updown-15m-1775952000,1775952900,Down,107564673209849850141584667341867895188475599634660777491187760159712519821674,14139639654822827924164629792196511566788433773635708227257990474054258395551,0.37,0.4,160.09,45.88,0.03,0.6,0.63,45.88,160.09,0.03,0.385,0.615,0.222751,0.777249,72970.34
1775952182715,2026-04-12T00:03:02.715,btc-updown-15m-1775952000,1775952900,Down,107564673209849850141584667341867895188475599634660777491187760159712519821674,14139639654822827924164629792196511566788433773635708227257990474054258395551,0.37,0.4,88.24,166.45,0.03,0.6,0.63,166.45,88.24,0.03,0.385,0.615,0.65354,0.34646,72970.34
1775952183715,2026-04-12T00:03:03.715,btc-updown-15m-1775952000,1775952900,Down,107564673209849850141584667341867895188475599634660777491187760159712519821674,14139639654822827924164629792196511566788433773635708227257990474054258395551,0.39,0.4,102.4,6.8,0.01,0.6,0.61,6.8,102.4,0.01,0.395,0.605,0.062271,0.937729,72970.34
1775952184716,2026-04-12T00:03:04.716,btc-updown-15m-1775952000,1775952900,Down,107564673209849850141584667341867895188475599634660777491187760159712519821674,14139639654822827924164629792196511566788433773635708227257990474054258395551,0.38,0.39,228.21,6.93,0.01,0.61,0.62,6.93,228.21,0.01,0.385,0.615,0.029472,0.970528,72970.34
1775952185717,2026-04-12T00:03:05.717,btc-updown-15m-1775952000,1775952900,Down,107564673209849850141584667341867895188475599634660777491187760159712519821674,14139639654822827924164629792196511566788433773635708227257990474054258395551,0.37,0.39,228.21,176.45,0.02,0.61,0.63,176.45,228.21,0.02,0.38,0.62,0.436045,0.563955,72970.34
1775952186718,2026-04-12T00:03:06.718,btc-updown-15m-1775952000,1775952900,Down,107564673209849850141584667341867895188475599634660777491187760159712519821674,14139639654822827924164629792196511566788433773635708227257990474054258395551,0.37,0.39,243.21,15.0,0.02,0.61,0.63,15.0,243.21,0.02,0.38,0.62,0.058092,0.941908,72970.34
1775952187719,2026-04-12T00:03:07.719,btc-updown-15m-1775952000,1775952900,Down,107564673209849850141584667341867895188475599634660777491187760159712519821674,14139639654822827924164629792196511566788433773635708227257990474054258395551,0.36,0.37,132.14,17.59,0.01,0.63,0.64,12.59,152.14,0.01,0.365,0.635,0.117478,0.923572,72970.35
1775952188719,2026-04-12T00:03:08.719,btc-updown-15m-1775952000,1775952900,Down,107564673209849850141584667341867895188475599634660777491187760159712519821674,14139639654822827924164629792196511566788433773635708227257990474054258395551,0.34,0.35,69.88,152.26,0.01,0.65,0.66,152.26,69.88,0.01,0.345,0.655,0.685424,0.314576,72970.35
1775952189720,2026-04-12T00:03:09.720,btc-updown-15m-1775952000,1775952900,Down,107564673209849850141584667341867895188475599634660777491187760159712519821674,14139639654822827924164629792196511566788433773635708227257990474054258395551,0.32,0.35,169.26,79.82,0.03,0.65,0.68,79.82,169.26,0.03,0.335,0.665,0.320459,0.679541,72970.35
1775952190721,2026-04-12T00:03:10.721,btc-updown-15m-1775952000,1775952900,Down,107564673209849850141584667341867895188475599634660777491187760159712519821674,14139639654822827924164629792196511566788433773635708227257990474054258395551,0.29,0.3,99.0,130.29,0.01,0.7,0.71,130.29,99.0,0.01,0.295,0.705,0.568232,0.431768,72967.54
1775952191721,2026-04-12T00:03:11.721,btc-updown-15m-1775952000,1775952900,Down,107564673209849850141584667341867895188475599634660777491187760159712519821674,14139639654822827924164629792196511566788433773635708227257990474054258395551,0.29,0.3,114.54,135.29,0.01,0.7,0.71,135.29,114.54,0.01,0.295,0.705,0.541528,0.458472,72967.54
1775952192722,2026-04-12T00:03:12.722,btc-updown-15m-1775952000,1775952900,Down,107564673209849850141584667341867895188475599634660777491187760159712519821674,14139639654822827924164629792196511566788433773635708227257990474054258395551,0.29,0.3,89.56,83.27,0.01,0.7,0.71,83.27,89.56,0.01,0.295,0.705,0.481803,0.518197,72967.54
1775952193722,2026-04-12T00:03:13.722,btc-updown-15m-1775952000,1775952900,Down,107564673209849850141584667341867895188475599634660777491187760159712519821674,14139639654822827924164629792196511566788433773635708227257990474054258395551,0.28,0.3,224.34,8.25,0.02,0.7,0.72,8.25,224.34,0.02,0.29,0.71,0.03547,0.96453,72960.0
1775952194723,2026-04-12T00:03:14.723,btc-updown-15m-1775952000,1775952900,Down,107564673209849850141584667341867895188475599634660777491187760159712519821674,14139639654822827924164629792196511566788433773635708227257990474054258395551,0.26,0.27,124.75,158.51,0.01,0.73,0.74,158.51,124.75,0.01,0.265,0.735,0.559592,0.440408,72960.0
1775952195725,2026-04-12T00:03:15.725,btc-updown-15m-1775952000,1775952900,Down,107564673209849850141584667341867895188475599634660777491187760159712519821674,14139639654822827924164629792196511566788433773635708227257990474054258395551,0.26,0.27,104.98,126.02,0.01,0.73,0.74,126.02,104.98,0.01,0.265,0.735,0.545541,0.454459,72960.0
1775952196725,2026-04-12T00:03:16.725,btc-updown-15m-1775952000,1775952900,Down,107564673209849850141584667341867895188475599634660777491187760159712519821674,14139639654822827924164629792196511566788433773635708227257990474054258395551,0.26,0.27,30.0,78.13,0.01,0.73,0.74,78.13,30.0,0.01,0.265,0.735,0.722556,0.277444,72958.52
1775952197726,2026-04-12T00:03:17.726,btc-updown-15m-1775952000,1775952900,Down,107564673209849850141584667341867895188475599634660777491187760159712519821674,14139639654822827924164629792196511566788433773635708227257990474054258395551,0.26,0.27,5.0,127.96,0.01,0.73,0.74,127.96,5.0,0.01,0.265,0.735,0.962395,0.037605,72958.52
1775952198727,2026-04-12T00:03:18.727,btc-updown-15m-1775952000,1775952900,Down,107564673209849850141584667341867895188475599634660777491187760159712519821674,14139639654822827924164629792196511566788433773635708227257990474054258395551,0.26,0.27,114.93,72.02,0.01,0.73,0.74,72.02,114.93,0.01,0.265,0.735,0.385237,0.614763,72958.52
1775952199727,2026-04-12T00:03:19.727,btc-updown-15m-1775952000,1775952900,Down,107564673209849850141584667341867895188475599634660777491187760159712519821674,14139639654822827924164629792196511566788433773635708227257990474054258395551,0.26,0.27,113.26,81.02,0.01,0.73,0.74,81.02,113.26,0.01,0.265,0.735,0.417027,0.582973,72958.51
1775952200727,2026-04-12T00:03:20.727,btc-updown-15m-1775952000,1775952900,Down,107564673209849850141584667341867895188475599634660777491187760159712519821674,14139639654822827924164629792196511566788433773635708227257990474054258395551,0.26,0.27,113.26,65.09,0.01,0.73,0.74,65.09,113.26,0.01,0.265,0.735,0.364957,0.635043,72958.51
1775952201728,2026-04-12T00:03:21.728,btc-updown-15m-1775952000,1775952900,Down,107564673209849850141584667341867895188475599634660777491187760159712519821674,14139639654822827924164629792196511566788433773635708227257990474054258395551,0.26,0.27,39.2,0.94,0.01,0.73,0.74,0.94,39.2,0.01,0.265,0.735,0.023418,0.976582,72958.51
1775952202728,2026-04-12T00:03:22.728,btc-updown-15m-1775952000,1775952900,Down,107564673209849850141584667341867895188475599634660777491187760159712519821674,14139639654822827924164629792196511566788433773635708227257990474054258395551,0.25,0.26,6.0,211.08,0.01,0.74,0.75,211.08,6.0,0.01,0.255,0.745,0.97236,0.02764,72958.52
1775952203729,2026-04-12T00:03:23.729,btc-updown-15m-1775952000,1775952900,Down,107564673209849850141584667341867895188475599634660777491187760159712519821674,14139639654822827924164629792196511566788433773635708227257990474054258395551,0.25,0.26,133.44,144.68,0.01,0.74,0.75,144.68,133.44,0.01,0.255,0.745,0.520207,0.479793,72958.52
1775952204730,2026-04-12T00:03:24.730,btc-updown-15m-1775952000,1775952900,Down,107564673209849850141584667341867895188475599634660777491187760159712519821674,14139639654822827924164629792196511566788433773635708227257990474054258395551,0.25,0.26,106.84,134.68,0.01,0.74,0.75,134.68,106.84,0.01,0.255,0.745,0.557635,0.442365,72958.52
1775952205730,2026-04-12T00:03:25.730,btc-updown-15m-1775952000,1775952900,Down,107564673209849850141584667341867895188475599634660777491187760159712519821674,14139639654822827924164629792196511566788433773635708227257990474054258395551,0.25,0.26,106.17,149.7,0.01,0.74,0.75,149.7,106.17,0.01,0.255,0.745,0.585063,0.414937,72958.52
1775952206730,2026-04-12T00:03:26.730,btc-updown-15m-1775952000,1775952900,Down,107564673209849850141584667341867895188475599634660777491187760159712519821674,14139639654822827924164629792196511566788433773635708227257990474054258395551,0.25,0.26,106.17,147.06,0.01,0.74,0.75,147.06,106.17,0.01,0.255,0.745,0.580737,0.419263,72958.52
1775952207731,2026-04-12T00:03:27.731,btc-updown-15m-1775952000,1775952900,Down,107564673209849850141584667341867895188475599634660777491187760159712519821674,14139639654822827924164629792196511566788433773635708227257990474054258395551,0.25,0.26,128.29,115.59,0.01,0.74,0.75,115.59,128.29,0.01,0.255,0.745,0.473963,0.526037,72958.52
1775952208732,2026-04-12T00:03:28.732,btc-updown-15m-1775952000,1775952900,Down,107564673209849850141584667341867895188475599634660777491187760159712519821674,14139639654822827924164629792196511566788433773635708227257990474054258395551,0.25,0.26,128.29,132.0,0.01,0.74,0.75,132.0,128.29,0.01,0.255,0.745,0.507127,0.492873,72958.52
1775952209733,2026-04-12T00:03:29.733,btc-updown-15m-1775952000,1775952900,Down,107564673209849850141584667341867895188475599634660777491187760159712519821674,14139639654822827924164629792196511566788433773635708227257990474054258395551,0.25,0.26,163.29,52.34,0.01,0.74,0.75,52.34,163.29,0.01,0.255,0.745,0.242731,0.757269,72958.52
1775952210733,2026-04-12T00:03:30.733,btc-updown-15m-1775952000,1775952900,Down,107564673209849850141584667341867895188475599634660777491187760159712519821674,14139639654822827924164629792196511566788433773635708227257990474054258395551,0.25,0.26,131.75,18.91,0.01,0.74,0.75,18.91,131.75,0.01,0.255,0.745,0.125514,0.874486,72958.52
1775952211735,2026-04-12T00:03:31.735,btc-updown-15m-1775952000,1775952900,Down,107564673209849850141584667341867895188475599634660777491187760159712519821674,14139639654822827924164629792196511566788433773635708227257990474054258395551,0.24,0.25,140.61,3.68,0.01,0.75,0.76,3.68,140.61,0.01,0.245,0.755,0.025504,0.974496,72950.32
1775952212735,2026-04-12T00:03:32.735,btc-updown-15m-1775952000,1775952900,Down,107564673209849850141584667341867895188475599634660777491187760159712519821674,14139639654822827924164629792196511566788433773635708227257990474054258395551,0.23,0.24,27.0,248.43,0.01,0.76,0.77,248.43,27.0,0.01,0.235,0.765,0.901971,0.098029,72950.32
1775952213736,2026-04-12T00:03:33.736,btc-updown-15m-1775952000,1775952900,Down,107564673209849850141584667341867895188475599634660777491187760159712519821674,14139639654822827924164629792196511566788433773635708227257990474054258395551,0.23,0.24,109.2,230.48,0.01,0.76,0.77,230.48,109.2,0.01,0.235,0.765,0.678521,0.321479,72950.32
1775952214736,2026-04-12T00:03:34.736,btc-updown-15m-1775952000,1775952900,Down,107564673209849850141584667341867895188475599634660777491187760159712519821674,14139639654822827924164629792196511566788433773635708227257990474054258395551,0.23,0.24,109.2,226.47,0.01,0.76,0.77,226.47,109.2,0.01,0.235,0.765,0.67468,0.32532,72950.32
1775952215737,2026-04-12T00:03:35.737,btc-updown-15m-1775952000,1775952900,Down,107564673209849850141584667341867895188475599634660777491187760159712519821674,14139639654822827924164629792196511566788433773635708227257990474054258395551,0.23,0.24,109.2,112.76,0.01,0.76,0.77,112.76,109.2,0.01,0.235,0.765,0.508019,0.491981,72950.32
1775952216738,2026-04-12T00:03:36.738,btc-updown-15m-1775952000,1775952900,Down,107564673209849850141584667341867895188475599634660777491187760159712519821674,14139639654822827924164629792196511566788433773635708227257990474054258395551,0.23,0.24,109.2,112.76,0.01,0.76,0.77,112.76,109.2,0.01,0.235,0.765,0.508019,0.491981,72950.32
1775952217739,2026-04-12T00:03:37.739,btc-updown-15m-1775952000,1775952900,Down,107564673209849850141584667341867895188475599634660777491187760159712519821674,14139639654822827924164629792196511566788433773635708227257990474054258395551,0.22,0.24,109.2,115.0,0.02,0.76,0.78,115.0,109.2,0.02,0.23,0.77,0.512935,0.487065,72950.32
1775952218739,2026-04-12T00:03:38.739,btc-updown-15m-1775952000,1775952900,Down,107564673209849850141584667341867895188475599634660777491187760159712519821674,14139639654822827924164629792196511566788433773635708227257990474054258395551,0.22,0.24,109.2,115.0,0.02,0.76,0.78,115.0,109.2,0.02,0.23,0.77,0.512935,0.487065,72950.32
1775952219740,2026-04-12T00:03:39.740,btc-updown-15m-1775952000,1775952900,Down,107564673209849850141584667341867895188475599634660777491187760159712519821674,14139639654822827924164629792196511566788433773635708227257990474054258395551,0.22,0.23,109.68,115.0,0.01,0.77,0.78,115.0,109.68,0.01,0.225,0.775,0.511839,0.488161,72950.32
1775952220740,2026-04-12T00:03:40.740,btc-updown-15m-1775952000,1775952900,Down,107564673209849850141584667341867895188475599634660777491187760159712519821674,14139639654822827924164629792196511566788433773635708227257990474054258395551,0.21,0.22,187.86,84.17,0.01,0.78,0.79,84.17,187.86,0.01,0.215,0.785,0.309414,0.690586,72948.79
1775952221741,2026-04-12T00:03:41.741,btc-updown-15m-1775952000,1775952900,Down,107564673209849850141584667341867895188475599634660777491187760159712519821674,14139639654822827924164629792196511566788433773635708227257990474054258395551,0.21,0.22,177.86,59.92,0.01,0.78,0.79,59.92,177.86,0.01,0.215,0.785,0.251998,0.748002,72948.79
1775952222742,2026-04-12T00:03:42.742,btc-updown-15m-1775952000,1775952900,Down,107564673209849850141584667341867895188475599634660777491187760159712519821674,14139639654822827924164629792196511566788433773635708227257990474054258395551,0.21,0.22,177.86,59.92,0.01,0.78,0.79,59.92,177.86,0.01,0.215,0.785,0.251998,0.748002,72948.79
1775952223743,2026-04-12T00:03:43.743,btc-updown-15m-1775952000,1775952900,Down,107564673209849850141584667341867895188475599634660777491187760159712519821674,14139639654822827924164629792196511566788433773635708227257990474054258395551,0.2,0.21,50.0,154.42,0.01,0.79,0.8,154.42,50.0,0.01,0.205,0.795,0.755406,0.244594,72939.03
1775952224743,2026-04-12T00:03:44.743,btc-updown-15m-1775952000,1775952900,Down,107564673209849850141584667341867895188475599634660777491187760159712519821674,14139639654822827924164629792196511566788433773635708227257990474054258395551,0.2,0.21,117.69,119.75,0.01,0.79,0.8,119.75,117.69,0.01,0.205,0.795,0.504338,0.495662,72939.03
1775952225744,2026-04-12T00:03:45.744,btc-updown-15m-1775952000,1775952900,Down,107564673209849850141584667341867895188475599634660777491187760159712519821674,14139639654822827924164629792196511566788433773635708227257990474054258395551,0.2,0.21,117.69,119.75,0.01,0.79,0.8,119.75,117.69,0.01,0.205,0.795,0.504338,0.495662,72939.03
1775952226745,2026-04-12T00:03:46.745,btc-updown-15m-1775952000,1775952900,Down,107564673209849850141584667341867895188475599634660777491187760159712519821674,14139639654822827924164629792196511566788433773635708227257990474054258395551,0.2,0.21,142.69,83.0,0.01,0.79,0.8,83.0,142.69,0.01,0.205,0.795,0.367761,0.632239,72963.04
1775952227746,2026-04-12T00:03:47.746,btc-updown-15m-1775952000,1775952900,Down,107564673209849850141584667341867895188475599634660777491187760159712519821674,14139639654822827924164629792196511566788433773635708227257990474054258395551,0.29,0.3,99.38,25.25,0.01,0.7,0.71,25.25,99.38,0.01,0.295,0.705,0.2026,0.7974,72963.04
1775952228746,2026-04-12T00:03:48.746,btc-updown-15m-1775952000,1775952900,Down,107564673209849850141584667341867895188475599634660777491187760159712519821674,14139639654822827924164629792196511566788433773635708227257990474054258395551,0.29,0.3,182.67,298.15,0.01,0.7,0.71,298.15,182.67,0.01,0.295,0.705,0.620087,0.379913,72963.04
1775952229747,2026-04-12T00:03:49.747,btc-updown-15m-1775952000,1775952900,Down,107564673209849850141584667341867895188475599634660777491187760159712519821674,14139639654822827924164629792196511566788433773635708227257990474054258395551,0.29,0.3,207.67,0.77,0.01,0.7,0.71,0.77,207.67,0.01,0.295,0.705,0.003694,0.996306,72965.37
1775952230747,2026-04-12T00:03:50.747,btc-updown-15m-1775952000,1775952900,Down,107564673209849850141584667341867895188475599634660777491187760159712519821674,14139639654822827924164629792196511566788433773635708227257990474054258395551,0.29,0.3,214.67,32.95,0.01,0.7,0.71,32.95,214.67,0.01,0.295,0.705,0.133067,0.866933,72965.37
1775952231749,2026-04-12T00:03:51.749,btc-updown-15m-1775952000,1775952900,Down,107564673209849850141584667341867895188475599634660777491187760159712519821674,14139639654822827924164629792196511566788433773635708227257990474054258395551,0.29,0.3,209.67,18.98,0.01,0.7,0.71,18.98,209.67,0.01,0.295,0.705,0.083009,0.916991,72965.37
1775952232749,2026-04-12T00:03:52.749,btc-updown-15m-1775952000,1775952900,Down,107564673209849850141584667341867895188475599634660777491187760159712519821674,14139639654822827924164629792196511566788433773635708227257990474054258395551,0.29,0.3,209.67,18.98,0.01,0.7,0.71,18.98,209.67,0.01,0.295,0.705,0.083009,0.916991,72965.36
1775952233751,2026-04-12T00:03:53.751,btc-updown-15m-1775952000,1775952900,Down,107564673209849850141584667341867895188475599634660777491187760159712519821674,14139639654822827924164629792196511566788433773635708227257990474054258395551,0.28,0.29,81.27,30.25,0.01,0.71,0.72,30.25,81.27,0.01,0.285,0.715,0.271252,0.728748,72965.36
1775952234752,2026-04-12T00:03:54.752,btc-updown-15m-1775952000,1775952900,Down,107564673209849850141584667341867895188475599634660777491187760159712519821674,14139639654822827924164629792196511566788433773635708227257990474054258395551,0.28,0.29,74.9,428.25,0.01,0.71,0.72,428.25,74.9,0.01,0.285,0.715,0.851138,0.148862,72965.36
1775952235753,2026-04-12T00:03:55.753,btc-updown-15m-1775952000,1775952900,Down,107564673209849850141584667341867895188475599634660777491187760159712519821674,14139639654822827924164629792196511566788433773635708227257990474054258395551,0.28,0.29,0.9,425.0,0.01,0.71,0.72,425.0,0.9,0.01,0.285,0.715,0.997887,0.002113,72969.06
1775952236753,2026-04-12T00:03:56.753,btc-updown-15m-1775952000,1775952900,Down,107564673209849850141584667341867895188475599634660777491187760159712519821674,14139639654822827924164629792196511566788433773635708227257990474054258395551,0.29,0.3,17.09,12.21,0.01,0.7,0.71,12.21,17.09,0.01,0.295,0.705,0.416724,0.583276,72969.06
1775952237754,2026-04-12T00:03:57.754,btc-updown-15m-1775952000,1775952900,Down,107564673209849850141584667341867895188475599634660777491187760159712519821674,14139639654822827924164629792196511566788433773635708227257990474054258395551,0.32,0.34,4.58,29.65,0.02,0.66,0.68,29.65,4.58,0.02,0.33,0.67,0.866199,0.133801,72969.06
1775952238754,2026-04-12T00:03:58.754,btc-updown-15m-1775952000,1775952900,Down,107564673209849850141584667341867895188475599634660777491187760159712519821674,14139639654822827924164629792196511566788433773635708227257990474054258395551,0.23,0.28,75.0,15.27,0.05,0.72,0.77,15.27,75.0,0.05,0.255,0.745,0.169159,0.830841,72940.0
1775952239754,2026-04-12T00:03:59.754,btc-updown-15m-1775952000,1775952900,Down,107564673209849850141584667341867895188475599634660777491187760159712519821674,14139639654822827924164629792196511566788433773635708227257990474054258395551,0.21,0.22,80.71,117.46,0.01,0.78,0.79,117.46,80.71,0.01,0.215,0.785,0.592723,0.407277,72940.0
1775952240755,2026-04-12T00:04:00.755,btc-updown-15m-1775952000,1775952900,Down,107564673209849850141584667341867895188475599634660777491187760159712519821674,14139639654822827924164629792196511566788433773635708227257990474054258395551,0.24,0.27,5.0,74.0,0.03,0.73,0.76,74.0,5.0,0.03,0.255,0.745,0.936709,0.063291,72940.0
1775952241755,2026-04-12T00:04:01.755,btc-updown-15m-1775952000,1775952900,Down,107564673209849850141584667341867895188475599634660777491187760159712519821674,14139639654822827924164629792196511566788433773635708227257990474054258395551,0.24,0.26,227.0,620.53,0.02,0.74,0.76,620.53,227.0,0.02,0.25,0.75,0.732163,0.267837,72958.76
1775952242755,2026-04-12T00:04:02.755,btc-updown-15m-1775952000,1775952900,Down,107564673209849850141584667341867895188475599634660777491187760159712519821674,14139639654822827924164629792196511566788433773635708227257990474054258395551,0.25,0.26,469.73,384.32,0.01,0.74,0.75,379.32,429.73,0.01,0.255,0.745,0.449997,0.531154,72958.76
1775952243756,2026-04-12T00:04:03.756,btc-updown-15m-1775952000,1775952900,Down,107564673209849850141584667341867895188475599634660777491187760159712519821674,14139639654822827924164629792196511566788433773635708227257990474054258395551,0.25,0.26,469.73,389.32,0.01,0.74,0.75,389.32,469.73,0.01,0.255,0.745,0.453198,0.546802,72958.76
1775952244757,2026-04-12T00:04:04.757,btc-updown-15m-1775952000,1775952900,Down,107564673209849850141584667341867895188475599634660777491187760159712519821674,14139639654822827924164629792196511566788433773635708227257990474054258395551,0.24,0.26,509.73,290.49,0.02,0.74,0.76,290.49,509.73,0.02,0.25,0.75,0.363013,0.636987,72958.76
1775952245757,2026-04-12T00:04:05.757,btc-updown-15m-1775952000,1775952900,Down,107564673209849850141584667341867895188475599634660777491187760159712519821674,14139639654822827924164629792196511566788433773635708227257990474054258395551,0.24,0.25,143.57,307.49,0.01,0.75,0.76,307.49,143.57,0.01,0.245,0.755,0.681705,0.318295,72958.76
1775952246757,2026-04-12T00:04:06.757,btc-updown-15m-1775952000,1775952900,Down,107564673209849850141584667341867895188475599634660777491187760159712519821674,14139639654822827924164629792196511566788433773635708227257990474054258395551,0.24,0.25,298.57,307.49,0.01,0.75,0.76,307.49,298.57,0.01,0.245,0.755,0.507359,0.492641,72958.76
1775952247758,2026-04-12T00:04:07.758,btc-updown-15m-1775952000,1775952900,Down,107564673209849850141584667341867895188475599634660777491187760159712519821674,14139639654822827924164629792196511566788433773635708227257990474054258395551,0.24,0.25,258.57,344.41,0.01,0.75,0.76,344.41,258.57,0.01,0.245,0.755,0.57118,0.42882,72958.75
1775952248758,2026-04-12T00:04:08.758,btc-updown-15m-1775952000,1775952900,Down,107564673209849850141584667341867895188475599634660777491187760159712519821674,14139639654822827924164629792196511566788433773635708227257990474054258395551,0.24,0.25,243.57,350.35,0.01,0.75,0.76,350.35,243.57,0.01,0.245,0.755,0.589894,0.410106,72958.75
1775952249759,2026-04-12T00:04:09.759,btc-updown-15m-1775952000,1775952900,Down,107564673209849850141584667341867895188475599634660777491187760159712519821674,14139639654822827924164629792196511566788433773635708227257990474054258395551,0.24,0.25,284.06,258.58,0.01,0.75,0.76,258.58,284.06,0.01,0.245,0.755,0.476522,0.523478,72958.75
1775952250760,2026-04-12T00:04:10.760,btc-updown-15m-1775952000,1775952900,Down,107564673209849850141584667341867895188475599634660777491187760159712519821674,14139639654822827924164629792196511566788433773635708227257990474054258395551,0.24,0.25,270.24,216.68,0.01,0.75,0.76,216.68,270.24,0.01,0.245,0.755,0.445001,0.554999,72958.75
1775952251760,2026-04-12T00:04:11.760,btc-updown-15m-1775952000,1775952900,Down,107564673209849850141584667341867895188475599634660777491187760159712519821674,14139639654822827924164629792196511566788433773635708227257990474054258395551,0.24,0.25,290.24,22.35,0.01,0.75,0.76,22.35,290.24,0.01,0.245,0.755,0.071499,0.928501,72958.75
1775952252761,2026-04-12T00:04:12.761,btc-updown-15m-1775952000,1775952900,Down,107564673209849850141584667341867895188475599634660777491187760159712519821674,14139639654822827924164629792196511566788433773635708227257990474054258395551,0.23,0.24,187.0,418.3,0.01,0.76,0.77,418.3,187.0,0.01,0.235,0.765,0.691062,0.308938,72958.75
1775952253762,2026-04-12T00:04:13.762,btc-updown-15m-1775952000,1775952900,Down,107564673209849850141584667341867895188475599634660777491187760159712519821674,14139639654822827924164629792196511566788433773635708227257990474054258395551,0.23,0.24,268.14,416.81,0.01,0.76,0.77,416.81,268.14,0.01,0.235,0.765,0.608526,0.391474,72958.78
1775952254763,2026-04-12T00:04:14.763,btc-updown-15m-1775952000,1775952900,Down,107564673209849850141584667341867895188475599634660777491187760159712519821674,14139639654822827924164629792196511566788433773635708227257990474054258395551,0.24,0.25,27.97,89.62,0.01,0.75,0.76,89.62,27.97,0.01,0.245,0.755,0.76214,0.23786,72958.78
1775952255764,2026-04-12T00:04:15.764,btc-updown-15m-1775952000,1775952900,Down,107564673209849850141584667341867895188475599634660777491187760159712519821674,14139639654822827924164629792196511566788433773635708227257990474054258395551,0.25,0.26,133.71,130.58,0.01,0.74,0.75,130.58,133.71,0.01,0.255,0.745,0.494078,0.505922,72958.78
1775952256764,2026-04-12T00:04:16.764,btc-updown-15m-1775952000,1775952900,Down,107564673209849850141584667341867895188475599634660777491187760159712519821674,14139639654822827924164629792196511566788433773635708227257990474054258395551,0.19,0.2,154.53,35.56,0.01,0.8,0.81,35.56,154.53,0.01,0.195,0.805,0.187069,0.812931,72946.86
1775952257766,2026-04-12T00:04:17.766,btc-updown-15m-1775952000,1775952900,Down,107564673209849850141584667341867895188475599634660777491187760159712519821674,14139639654822827924164629792196511566788433773635708227257990474054258395551,0.19,0.2,51.23,435.11,0.01,0.8,0.81,435.11,51.23,0.01,0.195,0.805,0.894662,0.105338,72946.86
1775952258767,2026-04-12T00:04:18.767,btc-updown-15m-1775952000,1775952900,Down,107564673209849850141584667341867895188475599634660777491187760159712519821674,14139639654822827924164629792196511566788433773635708227257990474054258395551,0.2,0.21,99.14,119.65,0.01,0.79,0.8,119.65,99.14,0.01,0.205,0.795,0.546871,0.453129,72946.86
1775952259767,2026-04-12T00:04:19.767,btc-updown-15m-1775952000,1775952900,Down,107564673209849850141584667341867895188475599634660777491187760159712519821674,14139639654822827924164629792196511566788433773635708227257990474054258395551,0.2,0.21,5.0,545.34,0.01,0.79,0.8,545.34,5.0,0.01,0.205,0.795,0.990915,0.009085,72946.86
1775952260768,2026-04-12T00:04:20.768,btc-updown-15m-1775952000,1775952900,Down,107564673209849850141584667341867895188475599634660777491187760159712519821674,14139639654822827924164629792196511566788433773635708227257990474054258395551,0.2,0.21,10.0,134.46,0.01,0.79,0.8,134.46,10.0,0.01,0.205,0.795,0.930777,0.069223,72946.86
1775952261768,2026-04-12T00:04:21.768,btc-updown-15m-1775952000,1775952900,Down,107564673209849850141584667341867895188475599634660777491187760159712519821674,14139639654822827924164629792196511566788433773635708227257990474054258395551,0.2,0.21,84.34,8.12,0.01,0.79,0.8,8.12,84.34,0.01,0.205,0.795,0.087822,0.912178,72946.86
1775952262768,2026-04-12T00:04:22.768,btc-updown-15m-1775952000,1775952900,Down,107564673209849850141584667341867895188475599634660777491187760159712519821674,14139639654822827924164629792196511566788433773635708227257990474054258395551,0.2,0.22,198.99,27.73,0.02,0.78,0.8,27.73,198.99,0.02,0.21,0.79,0.122309,0.877691,72946.86
1775952263768,2026-04-12T00:04:23.768,btc-updown-15m-1775952000,1775952900,Down,107564673209849850141584667341867895188475599634660777491187760159712519821674,14139639654822827924164629792196511566788433773635708227257990474054258395551,0.25,0.26,45.0,609.16,0.01,0.74,0.75,609.16,45.0,0.01,0.255,0.745,0.931209,0.068791,72946.86
1775952264769,2026-04-12T00:04:24.769,btc-updown-15m-1775952000,1775952900,Down,107564673209849850141584667341867895188475599634660777491187760159712519821674,14139639654822827924164629792196511566788433773635708227257990474054258395551,0.25,0.26,199.45,591.61,0.01,0.74,0.75,591.61,199.45,0.01,0.255,0.745,0.74787,0.25213,72946.86
1775952265772,2026-04-12T00:04:25.772,btc-updown-15m-1775952000,1775952900,Down,107564673209849850141584667341867895188475599634660777491187760159712519821674,14139639654822827924164629792196511566788433773635708227257990474054258395551,0.25,0.26,194.45,574.94,0.01,0.74,0.75,574.94,194.45,0.01,0.255,0.745,0.747267,0.252733,72946.9
1775952266772,2026-04-12T00:04:26.772,btc-updown-15m-1775952000,1775952900,Down,107564673209849850141584667341867895188475599634660777491187760159712519821674,14139639654822827924164629792196511566788433773635708227257990474054258395551,0.25,0.26,106.45,533.94,0.01,0.74,0.75,533.94,106.45,0.01,0.255,0.745,0.833773,0.166227,72946.9
1775952267773,2026-04-12T00:04:27.773,btc-updown-15m-1775952000,1775952900,Down,107564673209849850141584667341867895188475599634660777491187760159712519821674,14139639654822827924164629792196511566788433773635708227257990474054258395551,0.26,0.27,10.0,38.68,0.01,0.73,0.74,38.68,10.0,0.01,0.265,0.735,0.794577,0.205423,72946.9
1775952268773,2026-04-12T00:04:28.773,btc-updown-15m-1775952000,1775952900,Down,107564673209849850141584667341867895188475599634660777491187760159712519821674,14139639654822827924164629792196511566788433773635708227257990474054258395551,0.26,0.27,65.0,26.68,0.01,0.73,0.74,26.68,65.0,0.01,0.265,0.735,0.291012,0.708988,72946.9
1775952269774,2026-04-12T00:04:29.774,btc-updown-15m-1775952000,1775952900,Down,107564673209849850141584667341867895188475599634660777491187760159712519821674,14139639654822827924164629792196511566788433773635708227257990474054258395551,0.26,0.27,80.0,0.98,0.01,0.73,0.74,0.98,80.0,0.01,0.265,0.735,0.012102,0.987898,72946.9
1775952270774,2026-04-12T00:04:30.774,btc-updown-15m-1775952000,1775952900,Down,107564673209849850141584667341867895188475599634660777491187760159712519821674,14139639654822827924164629792196511566788433773635708227257990474054258395551,0.25,0.26,60.0,471.27,0.01,0.74,0.75,471.27,60.0,0.01,0.255,0.745,0.887063,0.112937,72946.9
1775952271775,2026-04-12T00:04:31.775,btc-updown-15m-1775952000,1775952900,Down,107564673209849850141584667341867895188475599634660777491187760159712519821674,14139639654822827924164629792196511566788433773635708227257990474054258395551,0.25,0.26,163.42,414.27,0.01,0.74,0.75,414.27,163.42,0.01,0.255,0.745,0.717115,0.282885,72946.9
1775952272775,2026-04-12T00:04:32.775,btc-updown-15m-1775952000,1775952900,Down,107564673209849850141584667341867895188475599634660777491187760159712519821674,14139639654822827924164629792196511566788433773635708227257990474054258395551,0.25,0.26,168.58,396.27,0.01,0.74,0.75,396.27,168.58,0.01,0.255,0.745,0.701549,0.298451,72946.9
1775952273776,2026-04-12T00:04:33.776,btc-updown-15m-1775952000,1775952900,Down,107564673209849850141584667341867895188475599634660777491187760159712519821674,14139639654822827924164629792196511566788433773635708227257990474054258395551,0.25,0.26,163.58,386.27,0.01,0.74,0.75,386.27,163.58,0.01,0.255,0.745,0.702501,0.297499,72946.9
1775952274778,2026-04-12T00:04:34.778,btc-updown-15m-1775952000,1775952900,Down,107564673209849850141584667341867895188475599634660777491187760159712519821674,14139639654822827924164629792196511566788433773635708227257990474054258395551,0.25,0.26,315.58,271.74,0.01,0.74,0.75,271.74,315.58,0.01,0.255,0.745,0.462678,0.537322,72942.01
1775952275779,2026-04-12T00:04:35.779,btc-updown-15m-1775952000,1775952900,Down,107564673209849850141584667341867895188475599634660777491187760159712519821674,14139639654822827924164629792196511566788433773635708227257990474054258395551,0.25,0.26,248.58,271.74,0.01,0.74,0.75,271.74,248.58,0.01,0.255,0.745,0.522256,0.477744,72942.01
1775952276780,2026-04-12T00:04:36.780,btc-updown-15m-1775952000,1775952900,Down,107564673209849850141584667341867895188475599634660777491187760159712519821674,14139639654822827924164629792196511566788433773635708227257990474054258395551,0.25,0.26,321.58,217.28,0.01,0.74,0.75,217.28,321.58,0.01,0.255,0.745,0.403222,0.596778,72942.01
1775952277780,2026-04-12T00:04:37.780,btc-updown-15m-1775952000,1775952900,Down,107564673209849850141584667341867895188475599634660777491187760159712519821674,14139639654822827924164629792196511566788433773635708227257990474054258395551,0.14,0.15,8.0,33.88,0.01,0.85,0.86,33.88,8.0,0.01,0.145,0.855,0.808978,0.191022,72918.45
1775952278781,2026-04-12T00:04:38.781,btc-updown-15m-1775952000,1775952900,Down,107564673209849850141584667341867895188475599634660777491187760159712519821674,14139639654822827924164629792196511566788433773635708227257990474054258395551,0.16,0.17,8.0,137.0,0.01,0.83,0.84,137.0,8.0,0.01,0.165,0.835,0.944828,0.055172,72918.45
1775952279782,2026-04-12T00:04:39.782,btc-updown-15m-1775952000,1775952900,Down,107564673209849850141584667341867895188475599634660777491187760159712519821674,14139639654822827924164629792196511566788433773635708227257990474054258395551,0.18,0.19,102.47,378.39,0.01,0.81,0.82,378.39,102.47,0.01,0.185,0.815,0.786903,0.213097,72918.45
1775952280782,2026-04-12T00:04:40.782,btc-updown-15m-1775952000,1775952900,Down,107564673209849850141584667341867895188475599634660777491187760159712519821674,14139639654822827924164629792196511566788433773635708227257990474054258395551,0.19,0.2,83.17,311.64,0.01,0.8,0.81,311.64,83.17,0.01,0.195,0.805,0.789342,0.210658,72925.74
1775952281783,2026-04-12T00:04:41.783,btc-updown-15m-1775952000,1775952900,Down,107564673209849850141584667341867895188475599634660777491187760159712519821674,14139639654822827924164629792196511566788433773635708227257990474054258395551,0.19,0.2,83.17,296.64,0.01,0.8,0.81,296.64,83.17,0.01,0.195,0.805,0.781022,0.218978,72925.74
1775952282784,2026-04-12T00:04:42.784,btc-updown-15m-1775952000,1775952900,Down,107564673209849850141584667341867895188475599634660777491187760159712519821674,14139639654822827924164629792196511566788433773635708227257990474054258395551,0.19,0.2,17.0,309.99,0.01,0.8,0.81,309.99,17.0,0.01,0.195,0.805,0.948011,0.051989,72925.74
1775952283784,2026-04-12T00:04:43.784,btc-updown-15m-1775952000,1775952900,Down,107564673209849850141584667341867895188475599634660777491187760159712519821674,14139639654822827924164629792196511566788433773635708227257990474054258395551,0.19,0.2,27.0,310.99,0.01,0.8,0.81,310.99,27.0,0.01,0.195,0.805,0.920116,0.079884,72925.73
1775952284785,2026-04-12T00:04:44.785,btc-updown-15m-1775952000,1775952900,Down,107564673209849850141584667341867895188475599634660777491187760159712519821674,14139639654822827924164629792196511566788433773635708227257990474054258395551,0.19,0.2,27.0,310.99,0.01,0.8,0.81,310.99,27.0,0.01,0.195,0.805,0.920116,0.079884,72925.73
1775952285787,2026-04-12T00:04:45.787,btc-updown-15m-1775952000,1775952900,Down,107564673209849850141584667341867895188475599634660777491187760159712519821674,14139639654822827924164629792196511566788433773635708227257990474054258395551,0.19,0.2,27.0,310.99,0.01,0.8,0.81,310.99,27.0,0.01,0.195,0.805,0.920116,0.079884,72925.73
1775952286789,2026-04-12T00:04:46.789,btc-updown-15m-1775952000,1775952900,Down,107564673209849850141584667341867895188475599634660777491187760159712519821674,14139639654822827924164629792196511566788433773635708227257990474054258395551,0.19,0.2,49.19,196.99,0.01,0.8,0.81,196.99,49.19,0.01,0.195,0.805,0.800187,0.199813,72925.74
1775952287789,2026-04-12T00:04:47.789,btc-updown-15m-1775952000,1775952900,Down,107564673209849850141584667341867895188475599634660777491187760159712519821674,14139639654822827924164629792196511566788433773635708227257990474054258395551,0.16,0.17,25.0,2.25,0.01,0.83,0.84,2.25,25.0,0.01,0.165,0.835,0.082569,0.917431,72925.74
1775952288789,2026-04-12T00:04:48.789,btc-updown-15m-1775952000,1775952900,Down,107564673209849850141584667341867895188475599634660777491187760159712519821674,14139639654822827924164629792196511566788433773635708227257990474054258395551,0.1,0.11,552.17,59.38,0.01,0.89,0.9,59.38,552.17,0.01,0.105,0.895,0.097098,0.902902,72925.74
1775952289790,2026-04-12T00:04:49.790,btc-updown-15m-1775952000,1775952900,Down,107564673209849850141584667341867895188475599634660777491187760159712519821674,14139639654822827924164629792196511566788433773635708227257990474054258395551,0.1,0.11,143.23,246.06,0.01,0.89,0.9,246.06,143.23,0.01,0.105,0.895,0.632074,0.367926,72887.42
1775952290790,2026-04-12T00:04:50.790,btc-updown-15m-1775952000,1775952900,Down,107564673209849850141584667341867895188475599634660777491187760159712519821674,14139639654822827924164629792196511566788433773635708227257990474054258395551,0.12,0.13,31.19,211.4,0.01,0.87,0.88,211.4,31.19,0.01,0.125,0.875,0.871429,0.128571,72887.42
1775952291790,2026-04-12T00:04:51.790,btc-updown-15m-1775952000,1775952900,Down,107564673209849850141584667341867895188475599634660777491187760159712519821674,14139639654822827924164629792196511566788433773635708227257990474054258395551,0.13,0.14,85.03,140.66,0.01,0.86,0.87,140.66,85.03,0.01,0.135,0.865,0.623244,0.376756,72887.42
1775952292791,2026-04-12T00:04:52.791,btc-updown-15m-1775952000,1775952900,Down,107564673209849850141584667341867895188475599634660777491187760159712519821674,14139639654822827924164629792196511566788433773635708227257990474054258395551,0.13,0.15,185.68,298.82,0.02,0.85,0.87,298.82,185.68,0.02,0.14,0.86,0.61676,0.38324,72894.55
1775952293792,2026-04-12T00:04:53.792,btc-updown-15m-1775952000,1775952900,Down,107564673209849850141584667341867895188475599634660777491187760159712519821674,14139639654822827924164629792196511566788433773635708227257990474054258395551,0.13,0.14,20.0,292.67,0.01,0.86,0.87,292.67,20.0,0.01,0.135,0.865,0.936035,0.063965,72894.55
1775952294793,2026-04-12T00:04:54.793,btc-updown-15m-1775952000,1775952900,Down,107564673209849850141584667341867895188475599634660777491187760159712519821674,14139639654822827924164629792196511566788433773635708227257990474054258395551,0.14,0.15,144.32,202.49,0.01,0.85,0.86,202.49,144.32,0.01,0.145,0.855,0.583864,0.416136,72894.55
1775952295794,2026-04-12T00:04:55.794,btc-updown-15m-1775952000,1775952900,Down,107564673209849850141584667341867895188475599634660777491187760159712519821674,14139639654822827924164629792196511566788433773635708227257990474054258395551,0.14,0.15,134.32,188.69,0.01,0.85,0.86,188.69,134.32,0.01,0.145,0.855,0.584161,0.415839,72900.77
1775952296794,2026-04-12T00:04:56.794,btc-updown-15m-1775952000,1775952900,Down,107564673209849850141584667341867895188475599634660777491187760159712519821674,14139639654822827924164629792196511566788433773635708227257990474054258395551,0.14,0.15,120.98,173.47,0.01,0.85,0.86,173.47,120.98,0.01,0.145,0.855,0.589132,0.410868,72900.77
1775952297795,2026-04-12T00:04:57.795,btc-updown-15m-1775952000,1775952900,Down,107564673209849850141584667341867895188475599634660777491187760159712519821674,14139639654822827924164629792196511566788433773635708227257990474054258395551,0.14,0.16,19.93,147.69,0.02,0.84,0.86,147.69,19.93,0.02,0.15,0.85,0.8811,0.1189,72900.77
1775952298796,2026-04-12T00:04:58.796,btc-updown-15m-1775952000,1775952900,Down,107564673209849850141584667341867895188475599634660777491187760159712519821674,14139639654822827924164629792196511566788433773635708227257990474054258395551,0.15,0.16,167.03,64.36,0.01,0.84,0.85,64.36,167.03,0.01,0.155,0.845,0.278145,0.721855,72900.76
1775952299797,2026-04-12T00:04:59.797,btc-updown-15m-1775952000,1775952900,Down,107564673209849850141584667341867895188475599634660777491187760159712519821674,14139639654822827924164629792196511566788433773635708227257990474054258395551,0.15,0.16,167.03,58.64,0.01,0.84,0.85,58.64,160.8,0.01,0.155,0.845,0.259848,0.732774,72900.76
1775952300797,2026-04-12T00:05:00.797,btc-updown-15m-1775952000,1775952900,Down,107564673209849850141584667341867895188475599634660777491187760159712519821674,14139639654822827924164629792196511566788433773635708227257990474054258395551,0.15,0.16,139.85,0.69,0.01,0.84,0.85,0.69,139.85,0.01,0.155,0.845,0.00491,0.99509,72900.76
1775952301799,2026-04-12T00:05:01.799,btc-updown-15m-1775952000,1775952900,Down,107564673209849850141584667341867895188475599634660777491187760159712519821674,14139639654822827924164629792196511566788433773635708227257990474054258395551,0.15,0.16,150.24,10.56,0.01,0.84,0.85,10.56,150.24,0.01,0.155,0.845,0.065672,0.934328,72900.77
1775952302799,2026-04-12T00:05:02.799,btc-updown-15m-1775952000,1775952900,Down,107564673209849850141584667341867895188475599634660777491187760159712519821674,14139639654822827924164629792196511566788433773635708227257990474054258395551,0.14,0.15,10.0,131.69,0.01,0.85,0.86,142.68,122.2,0.01,0.145,0.855,0.929423,0.461341,72900.77
1775952303800,2026-04-12T00:05:03.800,btc-updown-15m-1775952000,1775952900,Down,107564673209849850141584667341867895188475599634660777491187760159712519821674,14139639654822827924164629792196511566788433773635708227257990474054258395551,0.14,0.15,115.31,121.4,0.01,0.85,0.86,121.4,115.31,0.01,0.145,0.855,0.512864,0.487136,72900.77
1775952304800,2026-04-12T00:05:04.800,btc-updown-15m-1775952000,1775952900,Down,107564673209849850141584667341867895188475599634660777491187760159712519821674,14139639654822827924164629792196511566788433773635708227257990474054258395551,0.17,0.18,69.77,137.58,0.01,0.82,0.83,137.58,69.77,0.01,0.175,0.825,0.663516,0.336484,72915.27
1775952305800,2026-04-12T00:05:05.800,btc-updown-15m-1775952000,1775952900,Down,107564673209849850141584667341867895188475599634660777491187760159712519821674,14139639654822827924164629792196511566788433773635708227257990474054258395551,0.17,0.18,144.18,100.59,0.01,0.82,0.83,100.59,144.18,0.01,0.175,0.825,0.410957,0.589043,72915.27
1775952306801,2026-04-12T00:05:06.801,btc-updown-15m-1775952000,1775952900,Down,107564673209849850141584667341867895188475599634660777491187760159712519821674,14139639654822827924164629792196511566788433773635708227257990474054258395551,0.15,0.18,181.68,166.06,0.03,0.82,0.85,166.06,181.68,0.03,0.165,0.835,0.477541,0.522459,72915.27
1775952307801,2026-04-12T00:05:07.801,btc-updown-15m-1775952000,1775952900,Down,107564673209849850141584667341867895188475599634660777491187760159712519821674,14139639654822827924164629792196511566788433773635708227257990474054258395551,0.17,0.18,126.84,157.39,0.01,0.82,0.83,157.39,126.84,0.01,0.175,0.825,0.553742,0.446258,72921.28
1775952308801,2026-04-12T00:05:08.801,btc-updown-15m-1775952000,1775952900,Down,107564673209849850141584667341867895188475599634660777491187760159712519821674,14139639654822827924164629792196511566788433773635708227257990474054258395551,0.17,0.18,116.46,144.11,0.01,0.82,0.83,144.11,116.46,0.01,0.175,0.825,0.553057,0.446943,72921.28
1775952309802,2026-04-12T00:05:09.802,btc-updown-15m-1775952000,1775952900,Down,107564673209849850141584667341867895188475599634660777491187760159712519821674,14139639654822827924164629792196511566788433773635708227257990474054258395551,0.17,0.18,70.0,157.9,0.01,0.82,0.83,157.9,70.0,0.01,0.175,0.825,0.692848,0.307152,72921.28
1775952310802,2026-04-12T00:05:10.802,btc-updown-15m-1775952000,1775952900,Down,107564673209849850141584667341867895188475599634660777491187760159712519821674,14139639654822827924164629792196511566788433773635708227257990474054258395551,0.17,0.18,100.6,213.5,0.01,0.82,0.83,213.5,100.6,0.01,0.175,0.825,0.67972,0.32028,72927.35
1775952311802,2026-04-12T00:05:11.802,btc-updown-15m-1775952000,1775952900,Down,107564673209849850141584667341867895188475599634660777491187760159712519821674,14139639654822827924164629792196511566788433773635708227257990474054258395551,0.17,0.19,5.0,175.84,0.02,0.81,0.83,175.84,5.0,0.02,0.18,0.82,0.972351,0.027649,72927.35
1775952312803,2026-04-12T00:05:12.803,btc-updown-15m-1775952000,1775952900,Down,107564673209849850141584667341867895188475599634660777491187760159712519821674,14139639654822827924164629792196511566788433773635708227257990474054258395551,0.18,0.19,201.04,130.98,0.01,0.81,0.82,130.98,201.04,0.01,0.185,0.815,0.394494,0.605506,72927.35
1775952313804,2026-04-12T00:05:13.804,btc-updown-15m-1775952000,1775952900,Down,107564673209849850141584667341867895188475599634660777491187760159712519821674,14139639654822827924164629792196511566788433773635708227257990474054258395551,0.18,0.19,127.19,183.65,0.01,0.81,0.82,183.65,127.19,0.01,0.185,0.815,0.590818,0.409182,72927.35
1775952314805,2026-04-12T00:05:14.805,btc-updown-15m-1775952000,1775952900,Down,107564673209849850141584667341867895188475599634660777491187760159712519821674,14139639654822827924164629792196511566788433773635708227257990474054258395551,0.18,0.19,109.99,161.01,0.01,0.81,0.82,161.01,109.99,0.01,0.185,0.815,0.594133,0.405867,72927.35
1775952315807,2026-04-12T00:05:15.807,btc-updown-15m-1775952000,1775952900,Down,107564673209849850141584667341867895188475599634660777491187760159712519821674,14139639654822827924164629792196511566788433773635708227257990474054258395551,0.18,0.19,12.59,324.96,0.01,0.81,0.82,324.96,12.59,0.01,0.185,0.815,0.962702,0.037298,72927.35
1775952316807,2026-04-12T00:05:16.807,btc-updown-15m-1775952000,1775952900,Down,107564673209849850141584667341867895188475599634660777491187760159712519821674,14139639654822827924164629792196511566788433773635708227257990474054258395551,0.19,0.2,103.15,198.33,0.01,0.8,0.81,198.33,103.15,0.01,0.195,0.805,0.657855,0.342145,72938.74
1775952317808,2026-04-12T00:05:17.808,btc-updown-15m-1775952000,1775952900,Down,107564673209849850141584667341867895188475599634660777491187760159712519821674,14139639654822827924164629792196511566788433773635708227257990474054258395551,0.19,0.2,108.15,200.61,0.01,0.8,0.81,200.61,108.15,0.01,0.195,0.805,0.649728,0.350272,72938.74
1775952318808,2026-04-12T00:05:18.808,btc-updown-15m-1775952000,1775952900,Down,107564673209849850141584667341867895188475599634660777491187760159712519821674,14139639654822827924164629792196511566788433773635708227257990474054258395551,0.19,0.2,108.15,200.61,0.01,0.8,0.81,200.61,108.15,0.01,0.195,0.805,0.649728,0.350272,72938.74
1775952319810,2026-04-12T00:05:19.810,btc-updown-15m-1775952000,1775952900,Down,107564673209849850141584667341867895188475599634660777491187760159712519821674,14139639654822827924164629792196511566788433773635708227257990474054258395551,0.19,0.2,113.81,217.61,0.01,0.8,0.81,217.61,113.81,0.01,0.195,0.805,0.656599,0.343401,72938.74
1775952320810,2026-04-12T00:05:20.810,btc-updown-15m-1775952000,1775952900,Down,107564673209849850141584667341867895188475599634660777491187760159712519821674,14139639654822827924164629792196511566788433773635708227257990474054258395551,0.19,0.2,92.78,288.61,0.01,0.8,0.81,288.61,92.78,0.01,0.195,0.805,0.756732,0.243268,72938.74
1775952321812,2026-04-12T00:05:21.812,btc-updown-15m-1775952000,1775952900,Down,107564673209849850141584667341867895188475599634660777491187760159712519821674,14139639654822827924164629792196511566788433773635708227257990474054258395551,0.2,0.21,15.0,172.5,0.01,0.79,0.8,172.5,15.0,0.01,0.205,0.795,0.92,0.08,72938.74
1775952322813,2026-04-12T00:05:22.813,btc-updown-15m-1775952000,1775952900,Down,107564673209849850141584667341867895188475599634660777491187760159712519821674,14139639654822827924164629792196511566788433773635708227257990474054258395551,0.2,0.21,5.0,223.0,0.01,0.79,0.8,223.0,5.0,0.01,0.205,0.795,0.97807,0.02193,72941.28
1775952323814,2026-04-12T00:05:23.814,btc-updown-15m-1775952000,1775952900,Down,107564673209849850141584667341867895188475599634660777491187760159712519821674,14139639654822827924164629792196511566788433773635708227257990474054258395551,0.21,0.22,198.67,138.73,0.01,0.78,0.79,138.73,198.67,0.01,0.215,0.785,0.411174,0.588826,72941.28
1775952324816,2026-04-12T00:05:24.816,btc-updown-15m-1775952000,1775952900,Down,107564673209849850141584667341867895188475599634660777491187760159712519821674,14139639654822827924164629792196511566788433773635708227257990474054258395551,0.21,0.22,203.67,132.27,0.01,0.78,0.79,132.27,203.67,0.01,0.215,0.785,0.393731,0.606269,72941.28
1775952325817,2026-04-12T00:05:25.817,btc-updown-15m-1775952000,1775952900,Down,107564673209849850141584667341867895188475599634660777491187760159712519821674,14139639654822827924164629792196511566788433773635708227257990474054258395551,0.21,0.22,181.67,159.87,0.01,0.78,0.79,159.87,181.67,0.01,0.215,0.785,0.468086,0.531914,72943.17
1775952326818,2026-04-12T00:05:26.818,btc-updown-15m-1775952000,1775952900,Down,107564673209849850141584667341867895188475599634660777491187760159712519821674,14139639654822827924164629792196511566788433773635708227257990474054258395551,0.21,0.22,98.0,168.47,0.01,0.78,0.79,168.47,98.0,0.01,0.215,0.785,0.632229,0.367771,72943.17
1775952327818,2026-04-12T00:05:27.818,btc-updown-15m-1775952000,1775952900,Down,107564673209849850141584667341867895188475599634660777491187760159712519821674,14139639654822827924164629792196511566788433773635708227257990474054258395551,0.21,0.22,92.5,228.74,0.01,0.78,0.79,228.74,92.5,0.01,0.215,0.785,0.712053,0.287947,72943.17
1775952328819,2026-04-12T00:05:28.819,btc-updown-15m-1775952000,1775952900,Down,107564673209849850141584667341867895188475599634660777491187760159712519821674,14139639654822827924164629792196511566788433773635708227257990474054258395551,0.21,0.22,82.5,243.74,0.01,0.78,0.79,243.74,82.5,0.01,0.215,0.785,0.747119,0.252881,72949.26
1775952329820,2026-04-12T00:05:29.820,btc-updown-15m-1775952000,1775952900,Down,107564673209849850141584667341867895188475599634660777491187760159712519821674,14139639654822827924164629792196511566788433773635708227257990474054258395551,0.21,0.22,82.5,288.51,0.01,0.78,0.79,288.51,82.5,0.01,0.215,0.785,0.777634,0.222366,72949.26
1775952330821,2026-04-12T00:05:30.821,btc-updown-15m-1775952000,1775952900,Down,107564673209849850141584667341867895188475599634660777491187760159712519821674,14139639654822827924164629792196511566788433773635708227257990474054258395551,0.21,0.23,10.99,288.51,0.02,0.77,0.79,288.51,10.99,0.02,0.22,0.78,0.963306,0.036694,72949.26
1775952331822,2026-04-12T00:05:31.822,btc-updown-15m-1775952000,1775952900,Down,107564673209849850141584667341867895188475599634660777491187760159712519821674,14139639654822827924164629792196511566788433773635708227257990474054258395551,0.23,0.24,381.0,200.61,0.01,0.76,0.77,200.61,381.0,0.01,0.235,0.765,0.344922,0.655078,72949.26
1775952332822,2026-04-12T00:05:32.822,btc-updown-15m-1775952000,1775952900,Down,107564673209849850141584667341867895188475599634660777491187760159712519821674,14139639654822827924164629792196511566788433773635708227257990474054258395551,0.23,0.24,479.0,255.42,0.01,0.76,0.77,255.42,479.0,0.01,0.235,0.765,0.347785,0.652215,72949.26
1775952333823,2026-04-12T00:05:33.823,btc-updown-15m-1775952000,1775952900,Down,107564673209849850141584667341867895188475599634660777491187760159712519821674,14139639654822827924164629792196511566788433773635708227257990474054258395551,0.23,0.24,499.14,223.41,0.01,0.76,0.77,223.41,499.14,0.01,0.235,0.765,0.309197,0.690803,72949.26
1775952334825,2026-04-12T00:05:34.825,btc-updown-15m-1775952000,1775952900,Down,107564673209849850141584667341867895188475599634660777491187760159712519821674,14139639654822827924164629792196511566788433773635708227257990474054258395551,0.23,0.24,468.14,197.71,0.01,0.76,0.77,197.71,468.14,0.01,0.235,0.765,0.296929,0.703071,72954.98
1775952335826,2026-04-12T00:05:35.826,btc-updown-15m-1775952000,1775952900,Down,107564673209849850141584667341867895188475599634660777491187760159712519821674,14139639654822827924164629792196511566788433773635708227257990474054258395551,0.23,0.24,468.14,197.71,0.01,0.76,0.77,197.71,468.14,0.01,0.235,0.765,0.296929,0.703071,72954.98
1775952336827,2026-04-12T00:05:36.827,btc-updown-15m-1775952000,1775952900,Down,107564673209849850141584667341867895188475599634660777491187760159712519821674,14139639654822827924164629792196511566788433773635708227257990474054258395551,0.22,0.23,5.0,178.58,0.01,0.77,0.78,178.58,5.0,0.01,0.225,0.775,0.972764,0.027236,72954.98
1775952337827,2026-04-12T00:05:37.827,btc-updown-15m-1775952000,1775952900,Down,107564673209849850141584667341867895188475599634660777491187760159712519821674,14139639654822827924164629792196511566788433773635708227257990474054258395551,0.22,0.23,435.0,183.13,0.01,0.77,0.78,183.13,435.0,0.01,0.225,0.775,0.296265,0.703735,72942.22
1775952338828,2026-04-12T00:05:38.828,btc-updown-15m-1775952000,1775952900,Down,107564673209849850141584667341867895188475599634660777491187760159712519821674,14139639654822827924164629792196511566788433773635708227257990474054258395551,0.19,0.2,40.0,134.03,0.01,0.8,0.81,134.03,40.0,0.01,0.195,0.805,0.770155,0.229845,72942.22
1775952339829,2026-04-12T00:05:39.829,btc-updown-15m-1775952000,1775952900,Down,107564673209849850141584667341867895188475599634660777491187760159712519821674,14139639654822827924164629792196511566788433773635708227257990474054258395551,0.19,0.2,232.19,110.12,0.01,0.8,0.81,110.12,232.19,0.01,0.195,0.805,0.321697,0.678303,72942.22
1775952340830,2026-04-12T00:05:40.830,btc-updown-15m-1775952000,1775952900,Down,107564673209849850141584667341867895188475599634660777491187760159712519821674,14139639654822827924164629792196511566788433773635708227257990474054258395551,0.19,0.2,232.19,110.12,0.01,0.8,0.81,110.12,232.19,0.01,0.195,0.805,0.321697,0.678303,72938.01
1775952341831,2026-04-12T00:05:41.831,btc-updown-15m-1775952000,1775952900,Down,107564673209849850141584667341867895188475599634660777491187760159712519821674,14139639654822827924164629792196511566788433773635708227257990474054258395551,0.19,0.2,232.19,110.12,0.01,0.8,0.81,110.12,232.19,0.01,0.195,0.805,0.321697,0.678303,72938.01
1775952342832,2026-04-12T00:05:42.832,btc-updown-15m-1775952000,1775952900,Down,107564673209849850141584667341867895188475599634660777491187760159712519821674,14139639654822827924164629792196511566788433773635708227257990474054258395551,0.19,0.2,232.19,110.12,0.01,0.8,0.81,110.12,232.19,0.01,0.195,0.805,0.321697,0.678303,72938.01
1775952343832,2026-04-12T00:05:43.832,btc-updown-15m-1775952000,1775952900,Down,107564673209849850141584667341867895188475599634660777491187760159712519821674,14139639654822827924164629792196511566788433773635708227257990474054258395551,0.19,0.2,169.0,110.22,0.01,0.8,0.81,110.22,169.0,0.01,0.195,0.805,0.394742,0.605258,72938.01
1775952344834,2026-04-12T00:05:44.834,btc-updown-15m-1775952000,1775952900,Down,107564673209849850141584667341867895188475599634660777491187760159712519821674,14139639654822827924164629792196511566788433773635708227257990474054258395551,0.19,0.2,155.89,216.66,0.01,0.8,0.81,216.66,155.89,0.01,0.195,0.805,0.58156,0.41844,72938.01
1775952345835,2026-04-12T00:05:45.835,btc-updown-15m-1775952000,1775952900,Down,107564673209849850141584667341867895188475599634660777491187760159712519821674,14139639654822827924164629792196511566788433773635708227257990474054258395551,0.19,0.2,155.89,216.66,0.01,0.8,0.81,216.66,155.89,0.01,0.195,0.805,0.58156,0.41844,72938.01
1775952346837,2026-04-12T00:05:46.837,btc-updown-15m-1775952000,1775952900,Down,107564673209849850141584667341867895188475599634660777491187760159712519821674,14139639654822827924164629792196511566788433773635708227257990474054258395551,0.19,0.2,155.89,216.66,0.01,0.8,0.81,216.66,155.89,0.01,0.195,0.805,0.58156,0.41844,72938.0
1775952347837,2026-04-12T00:05:47.837,btc-updown-15m-1775952000,1775952900,Down,107564673209849850141584667341867895188475599634660777491187760159712519821674,14139639654822827924164629792196511566788433773635708227257990474054258395551,0.19,0.2,155.89,216.66,0.01,0.8,0.81,216.66,155.89,0.01,0.195,0.805,0.58156,0.41844,72938.0
1775952348838,2026-04-12T00:05:48.838,btc-updown-15m-1775952000,1775952900,Down,107564673209849850141584667341867895188475599634660777491187760159712519821674,14139639654822827924164629792196511566788433773635708227257990474054258395551,0.19,0.2,134.89,209.66,0.01,0.8,0.81,209.66,134.89,0.01,0.195,0.805,0.608504,0.391496,72938.0
1775952349839,2026-04-12T00:05:49.839,btc-updown-15m-1775952000,1775952900,Down,107564673209849850141584667341867895188475599634660777491187760159712519821674,14139639654822827924164629792196511566788433773635708227257990474054258395551,0.19,0.2,134.89,209.66,0.01,0.8,0.81,209.66,134.89,0.01,0.195,0.805,0.608504,0.391496,72938.01
1775952350839,2026-04-12T00:05:50.839,btc-updown-15m-1775952000,1775952900,Down,107564673209849850141584667341867895188475599634660777491187760159712519821674,14139639654822827924164629792196511566788433773635708227257990474054258395551,0.19,0.2,134.89,209.66,0.01,0.8,0.81,209.66,134.89,0.01,0.195,0.805,0.608504,0.391496,72938.01
1775952351840,2026-04-12T00:05:51.840,btc-updown-15m-1775952000,1775952900,Down,107564673209849850141584667341867895188475599634660777491187760159712519821674,14139639654822827924164629792196511566788433773635708227257990474054258395551,0.19,0.2,147.02,100.66,0.01,0.8,0.81,100.66,147.02,0.01,0.195,0.805,0.406411,0.593589,72938.01
1775952352841,2026-04-12T00:05:52.841,btc-updown-15m-1775952000,1775952900,Down,107564673209849850141584667341867895188475599634660777491187760159712519821674,14139639654822827924164629792196511566788433773635708227257990474054258395551,0.19,0.2,132.02,128.16,0.01,0.8,0.81,128.16,132.02,0.01,0.195,0.805,0.492582,0.507418,72938.01
1775952353842,2026-04-12T00:05:53.842,btc-updown-15m-1775952000,1775952900,Down,107564673209849850141584667341867895188475599634660777491187760159712519821674,14139639654822827924164629792196511566788433773635708227257990474054258395551,0.19,0.2,132.02,128.16,0.01,0.8,0.81,128.16,132.02,0.01,0.195,0.805,0.492582,0.507418,72938.01
1775952354843,2026-04-12T00:05:54.843,btc-updown-15m-1775952000,1775952900,Down,107564673209849850141584667341867895188475599634660777491187760159712519821674,14139639654822827924164629792196511566788433773635708227257990474054258395551,0.19,0.2,132.02,128.16,0.01,0.8,0.81,128.16,132.02,0.01,0.195,0.805,0.492582,0.507418,72938.01
1775952355844,2026-04-12T00:05:55.844,btc-updown-15m-1775952000,1775952900,Down,107564673209849850141584667341867895188475599634660777491187760159712519821674,14139639654822827924164629792196511566788433773635708227257990474054258395551,0.19,0.2,151.02,35.0,0.01,0.8,0.81,35.0,151.02,0.01,0.195,0.805,0.188152,0.811848,72938.0
1775952356844,2026-04-12T00:05:56.844,btc-updown-15m-1775952000,1775952900,Down,107564673209849850141584667341867895188475599634660777491187760159712519821674,14139639654822827924164629792196511566788433773635708227257990474054258395551,0.19,0.2,151.02,35.0,0.01,0.8,0.81,35.0,151.02,0.01,0.195,0.805,0.188152,0.811848,72938.0
1775952357845,2026-04-12T00:05:57.845,btc-updown-15m-1775952000,1775952900,Down,107564673209849850141584667341867895188475599634660777491187760159712519821674,14139639654822827924164629792196511566788433773635708227257990474054258395551,0.17,0.18,27.0,11.0,0.01,0.82,0.83,11.0,27.0,0.01,0.175,0.825,0.289474,0.710526,72938.0
1775952358846,2026-04-12T00:05:58.846,btc-updown-15m-1775952000,1775952900,Down,107564673209849850141584667341867895188475599634660777491187760159712519821674,14139639654822827924164629792196511566788433773635708227257990474054258395551,0.17,0.18,27.0,11.0,0.01,0.82,0.83,11.0,27.0,0.01,0.175,0.825,0.289474,0.710526,72926.75
1775952359847,2026-04-12T00:05:59.847,btc-updown-15m-1775952000,1775952900,Down,107564673209849850141584667341867895188475599634660777491187760159712519821674,14139639654822827924164629792196511566788433773635708227257990474054258395551,0.16,0.17,216.63,117.15,0.01,0.83,0.84,117.15,216.63,0.01,0.165,0.835,0.35098,0.64902,72926.75
1775952360847,2026-04-12T00:06:00.847,btc-updown-15m-1775952000,1775952900,Down,107564673209849850141584667341867895188475599634660777491187760159712519821674,14139639654822827924164629792196511566788433773635708227257990474054258395551,0.16,0.17,212.98,146.15,0.01,0.83,0.84,146.15,212.98,0.01,0.165,0.835,0.406956,0.593044,72926.75
1775952361849,2026-04-12T00:06:01.849,btc-updown-15m-1775952000,1775952900,Down,107564673209849850141584667341867895188475599634660777491187760159712519821674,14139639654822827924164629792196511566788433773635708227257990474054258395551,0.19,0.2,153.0,43.8,0.01,0.8,0.81,43.8,153.0,0.01,0.195,0.805,0.222561,0.777439,72926.76
1775952362850,2026-04-12T00:06:02.850,btc-updown-15m-1775952000,1775952900,Down,107564673209849850141584667341867895188475599634660777491187760159712519821674,14139639654822827924164629792196511566788433773635708227257990474054258395551,0.19,0.2,163.42,121.22,0.01,0.8,0.81,121.22,163.42,0.01,0.195,0.805,0.425871,0.574129,72926.76
1775952363850,2026-04-12T00:06:03.850,btc-updown-15m-1775952000,1775952900,Down,107564673209849850141584667341867895188475599634660777491187760159712519821674,14139639654822827924164629792196511566788433773635708227257990474054258395551,0.19,0.2,163.42,121.22,0.01,0.8,0.81,121.22,163.42,0.01,0.195,0.805,0.425871,0.574129,72926.76
1775952364850,2026-04-12T00:06:04.850,btc-updown-15m-1775952000,1775952900,Down,107564673209849850141584667341867895188475599634660777491187760159712519821674,14139639654822827924164629792196511566788433773635708227257990474054258395551,0.19,0.2,84.42,140.95,0.01,0.8,0.81,140.95,84.42,0.01,0.195,0.805,0.625416,0.374584,72948.21
1775952365851,2026-04-12T00:06:05.851,btc-updown-15m-1775952000,1775952900,Down,107564673209849850141584667341867895188475599634660777491187760159712519821674,14139639654822827924164629792196511566788433773635708227257990474054258395551,0.22,0.24,50.83,143.96,0.02,0.76,0.78,143.96,50.83,0.02,0.23,0.77,0.739052,0.260948,72948.21
1775952366852,2026-04-12T00:06:06.852,btc-updown-15m-1775952000,1775952900,Down,107564673209849850141584667341867895188475599634660777491187760159712519821674,14139639654822827924164629792196511566788433773635708227257990474054258395551,0.23,0.24,157.55,100.94,0.01,0.76,0.77,100.94,157.55,0.01,0.235,0.765,0.390499,0.609501,72948.21
1775952367853,2026-04-12T00:06:07.853,btc-updown-15m-1775952000,1775952900,Down,107564673209849850141584667341867895188475599634660777491187760159712519821674,14139639654822827924164629792196511566788433773635708227257990474054258395551,0.23,0.24,66.25,263.64,0.01,0.76,0.77,263.64,66.25,0.01,0.235,0.765,0.799175,0.200825,72953.5
1775952368854,2026-04-12T00:06:08.854,btc-updown-15m-1775952000,1775952900,Down,107564673209849850141584667341867895188475599634660777491187760159712519821674,14139639654822827924164629792196511566788433773635708227257990474054258395551,0.23,0.24,78.25,245.45,0.01,0.76,0.77,245.45,78.25,0.01,0.235,0.765,0.758264,0.241736,72953.5
1775952369855,2026-04-12T00:06:09.855,btc-updown-15m-1775952000,1775952900,Down,107564673209849850141584667341867895188475599634660777491187760159712519821674,14139639654822827924164629792196511566788433773635708227257990474054258395551,0.23,0.24,39.43,138.43,0.01,0.76,0.77,138.43,39.43,0.01,0.235,0.765,0.778309,0.221691,72953.5
1775952370857,2026-04-12T00:06:10.857,btc-updown-15m-1775952000,1775952900,Down,107564673209849850141584667341867895188475599634660777491187760159712519821674,14139639654822827924164629792196511566788433773635708227257990474054258395551,0.23,0.24,57.53,117.45,0.01,0.76,0.77,117.45,57.53,0.01,0.235,0.765,0.67122,0.32878,72958.76
1775952371858,2026-04-12T00:06:11.858,btc-updown-15m-1775952000,1775952900,Down,107564673209849850141584667341867895188475599634660777491187760159712519821674,14139639654822827924164629792196511566788433773635708227257990474054258395551,0.23,0.24,51.28,107.45,0.01,0.76,0.77,107.45,51.28,0.01,0.235,0.765,0.676936,0.323064,72958.76
1775952372859,2026-04-12T00:06:12.859,btc-updown-15m-1775952000,1775952900,Down,107564673209849850141584667341867895188475599634660777491187760159712519821674,14139639654822827924164629792196511566788433773635708227257990474054258395551,0.23,0.24,189.28,1.1,0.01,0.76,0.77,1.1,189.28,0.01,0.235,0.765,0.005778,0.994222,72958.76
1775952373860,2026-04-12T00:06:13.860,btc-updown-15m-1775952000,1775952900,Down,107564673209849850141584667341867895188475599634660777491187760159712519821674,14139639654822827924164629792196511566788433773635708227257990474054258395551,0.22,0.23,69.42,84.85,0.01,0.77,0.78,84.85,69.42,0.01,0.225,0.775,0.55001,0.44999,72957.19
1775952374860,2026-04-12T00:06:14.860,btc-updown-15m-1775952000,1775952900,Down,107564673209849850141584667341867895188475599634660777491187760159712519821674,14139639654822827924164629792196511566788433773635708227257990474054258395551,0.22,0.23,39.42,117.44,0.01,0.77,0.78,117.44,39.42,0.01,0.225,0.775,0.748693,0.251307,72957.19
1775952375861,2026-04-12T00:06:15.861,btc-updown-15m-1775952000,1775952900,Down,107564673209849850141584667341867895188475599634660777491187760159712519821674,14139639654822827924164629792196511566788433773635708227257990474054258395551,0.22,0.23,35.07,120.49,0.01,0.77,0.78,120.49,35.07,0.01,0.225,0.775,0.774556,0.225444,72957.19
1775952376862,2026-04-12T00:06:16.862,btc-updown-15m-1775952000,1775952900,Down,107564673209849850141584667341867895188475599634660777491187760159712519821674,14139639654822827924164629792196511566788433773635708227257990474054258395551,0.22,0.23,20.37,43.75,0.01,0.77,0.78,43.75,20.37,0.01,0.225,0.775,0.682314,0.317686,72953.62
1775952377864,2026-04-12T00:06:17.864,btc-updown-15m-1775952000,1775952900,Down,107564673209849850141584667341867895188475599634660777491187760159712519821674,14139639654822827924164629792196511566788433773635708227257990474054258395551,0.22,0.24,94.46,86.25,0.02,0.76,0.78,86.25,94.46,0.02,0.23,0.77,0.477284,0.522716,72953.62
1775952378865,2026-04-12T00:06:18.865,btc-updown-15m-1775952000,1775952900,Down,107564673209849850141584667341867895188475599634660777491187760159712519821674,14139639654822827924164629792196511566788433773635708227257990474054258395551,0.23,0.24,123.28,139.0,0.01,0.76,0.77,139.0,123.28,0.01,0.235,0.765,0.529968,0.470032,72953.62
1775952379866,2026-04-12T00:06:19.866,btc-updown-15m-1775952000,1775952900,Down,107564673209849850141584667341867895188475599634660777491187760159712519821674,14139639654822827924164629792196511566788433773635708227257990474054258395551,0.25,0.26,83.5,19.0,0.01,0.74,0.75,19.0,83.5,0.01,0.255,0.745,0.185366,0.814634,72957.2
1775952380868,2026-04-12T00:06:20.868,btc-updown-15m-1775952000,1775952900,Down,107564673209849850141584667341867895188475599634660777491187760159712519821674,14139639654822827924164629792196511566788433773635708227257990474054258395551,0.24,0.25,40.0,164.68,0.01,0.75,0.76,164.68,40.0,0.01,0.245,0.755,0.804573,0.195427,72957.2
1775952381869,2026-04-12T00:06:21.869,btc-updown-15m-1775952000,1775952900,Down,107564673209849850141584667341867895188475599634660777491187760159712519821674,14139639654822827924164629792196511566788433773635708227257990474054258395551,0.24,0.25,40.0,176.23,0.01,0.75,0.76,176.23,40.0,0.01,0.245,0.755,0.815012,0.184988,72957.2
1775952382870,2026-04-12T00:06:22.870,btc-updown-15m-1775952000,1775952900,Down,107564673209849850141584667341867895188475599634660777491187760159712519821674,14139639654822827924164629792196511566788433773635708227257990474054258395551,0.24,0.26,186.5,170.29,0.02,0.74,0.76,170.29,186.5,0.02,0.25,0.75,0.477284,0.522716,72957.2
1775952383871,2026-04-12T00:06:23.871,btc-updown-15m-1775952000,1775952900,Down,107564673209849850141584667341867895188475599634660777491187760159712519821674,14139639654822827924164629792196511566788433773635708227257990474054258395551,0.24,0.26,186.5,170.29,0.02,0.74,0.76,170.29,186.5,0.02,0.25,0.75,0.477284,0.522716,72957.2
1775952384871,2026-04-12T00:06:24.871,btc-updown-15m-1775952000,1775952900,Down,107564673209849850141584667341867895188475599634660777491187760159712519821674,14139639654822827924164629792196511566788433773635708227257990474054258395551,0.24,0.26,186.5,170.29,0.02,0.74,0.76,170.29,186.5,0.02,0.25,0.75,0.477284,0.522716,72957.2
1775952385871,2026-04-12T00:06:25.871,btc-updown-15m-1775952000,1775952900,Down,107564673209849850141584667341867895188475599634660777491187760159712519821674,14139639654822827924164629792196511566788433773635708227257990474054258395551,0.28,0.3,111.84,50.0,0.02,0.7,0.72,50.0,111.84,0.02,0.29,0.71,0.308947,0.691053,72973.77
1775952386872,2026-04-12T00:06:26.872,btc-updown-15m-1775952000,1775952900,Down,107564673209849850141584667341867895188475599634660777491187760159712519821674,14139639654822827924164629792196511566788433773635708227257990474054258395551,0.29,0.3,274.84,15.99,0.01,0.7,0.71,15.99,274.84,0.01,0.295,0.705,0.054981,0.945019,72973.77
1775952387873,2026-04-12T00:06:27.873,btc-updown-15m-1775952000,1775952900,Down,107564673209849850141584667341867895188475599634660777491187760159712519821674,14139639654822827924164629792196511566788433773635708227257990474054258395551,0.27,0.29,118.22,46.43,0.02,0.71,0.73,46.43,118.22,0.02,0.28,0.72,0.281992,0.718008,72973.77
1775952388874,2026-04-12T00:06:28.874,btc-updown-15m-1775952000,1775952900,Down,107564673209849850141584667341867895188475599634660777491187760159712519821674,14139639654822827924164629792196511566788433773635708227257990474054258395551,0.27,0.29,118.22,46.43,0.02,0.71,0.73,46.43,118.22,0.02,0.28,0.72,0.281992,0.718008,72973.77
1775952389874,2026-04-12T00:06:29.874,btc-updown-15m-1775952000,1775952900,Down,107564673209849850141584667341867895188475599634660777491187760159712519821674,14139639654822827924164629792196511566788433773635708227257990474054258395551,0.27,0.29,118.22,46.43,0.02,0.71,0.73,46.43,118.22,0.02,0.28,0.72,0.281992,0.718008,72973.77
1775952390875,2026-04-12T00:06:30.875,btc-updown-15m-1775952000,1775952900,Down,107564673209849850141584667341867895188475599634660777491187760159712519821674,14139639654822827924164629792196511566788433773635708227257990474054258395551,0.28,0.29,221.5,33.6,0.01,0.71,0.72,33.6,221.5,0.01,0.285,0.715,0.131713,0.868287,72973.77
1775952391875,2026-04-12T00:06:31.875,btc-updown-15m-1775952000,1775952900,Down,107564673209849850141584667341867895188475599634660777491187760159712519821674,14139639654822827924164629792196511566788433773635708227257990474054258395551,0.27,0.29,186.5,95.43,0.02,0.71,0.73,95.43,186.5,0.02,0.28,0.72,0.338488,0.661512,72973.77
1775952392875,2026-04-12T00:06:32.875,btc-updown-15m-1775952000,1775952900,Down,107564673209849850141584667341867895188475599634660777491187760159712519821674,14139639654822827924164629792196511566788433773635708227257990474054258395551,0.26,0.27,7.33,123.5,0.01,0.73,0.74,123.5,7.33,0.01,0.265,0.735,0.943973,0.056027,72973.77
1775952393876,2026-04-12T00:06:33.876,btc-updown-15m-1775952000,1775952900,Down,107564673209849850141584667341867895188475599634660777491187760159712519821674,14139639654822827924164629792196511566788433773635708227257990474054258395551,0.26,0.27,19.3,151.59,0.01,0.73,0.74,151.59,19.3,0.01,0.265,0.735,0.887062,0.112938,72973.77
1775952394876,2026-04-12T00:06:34.876,btc-updown-15m-1775952000,1775952900,Down,107564673209849850141584667341867895188475599634660777491187760159712519821674,14139639654822827924164629792196511566788433773635708227257990474054258395551,0.26,0.27,19.3,151.59,0.01,0.73,0.74,151.59,19.3,0.01,0.265,0.735,0.887062,0.112938,72967.99
1775952395878,2026-04-12T00:06:35.878,btc-updown-15m-1775952000,1775952900,Down,107564673209849850141584667341867895188475599634660777491187760159712519821674,14139639654822827924164629792196511566788433773635708227257990474054258395551,0.24,0.25,131.91,60.3,0.01,0.75,0.76,60.3,131.91,0.01,0.245,0.755,0.313719,0.686281,72967.99
1775952396879,2026-04-12T00:06:36.879,btc-updown-15m-1775952000,1775952900,Down,107564673209849850141584667341867895188475599634660777491187760159712519821674,14139639654822827924164629792196511566788433773635708227257990474054258395551,0.25,0.27,127.99,60.8,0.02,0.73,0.75,60.8,127.99,0.02,0.26,0.74,0.322051,0.677949,72967.99
1775952397880,2026-04-12T00:06:37.880,btc-updown-15m-1775952000,1775952900,Down,107564673209849850141584667341867895188475599634660777491187760159712519821674,14139639654822827924164629792196511566788433773635708227257990474054258395551,0.25,0.27,179.28,55.59,0.02,0.73,0.75,55.59,179.28,0.02,0.26,0.74,0.236684,0.763316,72968.0
1775952398881,2026-04-12T00:06:38.881,btc-updown-15m-1775952000,1775952900,Down,107564673209849850141584667341867895188475599634660777491187760159712519821674,14139639654822827924164629792196511566788433773635708227257990474054258395551,0.25,0.26,17.99,91.92,0.01,0.74,0.75,91.92,17.99,0.01,0.255,0.745,0.836321,0.163679,72968.0
1775952399882,2026-04-12T00:06:39.882,btc-updown-15m-1775952000,1775952900,Down,107564673209849850141584667341867895188475599634660777491187760159712519821674,14139639654822827924164629792196511566788433773635708227257990474054258395551,0.27,0.28,13.63,82.97,0.01,0.72,0.73,82.97,13.63,0.01,0.275,0.725,0.858903,0.141097,72968.0
1775952400883,2026-04-12T00:06:40.883,btc-updown-15m-1775952000,1775952900,Down,107564673209849850141584667341867895188475599634660777491187760159712519821674,14139639654822827924164629792196511566788433773635708227257990474054258395551,0.27,0.28,13.63,68.46,0.01,0.72,0.73,68.46,13.63,0.01,0.275,0.725,0.833963,0.166037,72968.0
1775952401884,2026-04-12T00:06:41.884,btc-updown-15m-1775952000,1775952900,Down,107564673209849850141584667341867895188475599634660777491187760159712519821674,14139639654822827924164629792196511566788433773635708227257990474054258395551,0.27,0.28,33.63,38.33,0.01,0.72,0.73,38.33,33.63,0.01,0.275,0.725,0.532657,0.467343,72968.0
1775952402884,2026-04-12T00:06:42.884,btc-updown-15m-1775952000,1775952900,Down,107564673209849850141584667341867895188475599634660777491187760159712519821674,14139639654822827924164629792196511566788433773635708227257990474054258395551,0.26,0.27,14.18,191.84,0.01,0.73,0.74,191.84,14.18,0.01,0.265,0.735,0.931172,0.068828,72968.0
1775952403885,2026-04-12T00:06:43.885,btc-updown-15m-1775952000,1775952900,Down,107564673209849850141584667341867895188475599634660777491187760159712519821674,14139639654822827924164629792196511566788433773635708227257990474054258395551,0.27,0.29,53.1,45.0,0.02,0.71,0.73,45.0,53.1,0.02,0.28,0.72,0.458716,0.541284,72971.99
1775952404885,2026-04-12T00:06:44.885,btc-updown-15m-1775952000,1775952900,Down,107564673209849850141584667341867895188475599634660777491187760159712519821674,14139639654822827924164629792196511566788433773635708227257990474054258395551,0.27,0.29,93.1,12.39,0.02,0.71,0.73,12.39,93.1,0.02,0.28,0.72,0.117452,0.882548,72971.99
1775952405886,2026-04-12T00:06:45.886,btc-updown-15m-1775952000,1775952900,Down,107564673209849850141584667341867895188475599634660777491187760159712519821674,14139639654822827924164629792196511566788433773635708227257990474054258395551,0.27,0.29,93.1,12.39,0.02,0.71,0.73,12.39,93.1,0.02,0.28,0.72,0.117452,0.882548,72971.99
1775952406887,2026-04-12T00:06:46.887,btc-updown-15m-1775952000,1775952900,Down,107564673209849850141584667341867895188475599634660777491187760159712519821674,14139639654822827924164629792196511566788433773635708227257990474054258395551,0.26,0.27,62.18,219.5,0.01,0.73,0.74,219.5,62.18,0.01,0.265,0.735,0.779253,0.220747,72972.0
1775952407888,2026-04-12T00:06:47.888,btc-updown-15m-1775952000,1775952900,Down,107564673209849850141584667341867895188475599634660777491187760159712519821674,14139639654822827924164629792196511566788433773635708227257990474054258395551,0.26,0.27,62.18,219.5,0.01,0.73,0.74,219.5,62.18,0.01,0.265,0.735,0.779253,0.220747,72972.0
1775952408889,2026-04-12T00:06:48.889,btc-updown-15m-1775952000,1775952900,Down,107564673209849850141584667341867895188475599634660777491187760159712519821674,14139639654822827924164629792196511566788433773635708227257990474054258395551,0.26,0.27,64.0,89.08,0.01,0.73,0.74,89.08,64.0,0.01,0.265,0.735,0.581918,0.418082,72972.0
1775952409889,2026-04-12T00:06:49.889,btc-updown-15m-1775952000,1775952900,Down,107564673209849850141584667341867895188475599634660777491187760159712519821674,14139639654822827924164629792196511566788433773635708227257990474054258395551,0.28,0.29,5.0,153.41,0.01,0.71,0.72,153.41,5.0,0.01,0.285,0.715,0.968436,0.031564,72991.68
1775952410889,2026-04-12T00:06:50.889,btc-updown-15m-1775952000,1775952900,Down,107564673209849850141584667341867895188475599634660777491187760159712519821674,14139639654822827924164629792196511566788433773635708227257990474054258395551,0.35,0.36,0.43,31.46,0.01,0.64,0.65,31.46,0.43,0.01,0.355,0.645,0.986516,0.013484,72991.68
1775952411889,2026-04-12T00:06:51.889,btc-updown-15m-1775952000,1775952900,Down,107564673209849850141584667341867895188475599634660777491187760159712519821674,14139639654822827924164629792196511566788433773635708227257990474054258395551,0.34,0.35,50.5,13.91,0.01,0.65,0.66,13.91,50.5,0.01,0.345,0.655,0.21596,0.78404,72991.68
1775952412890,2026-04-12T00:06:52.890,btc-updown-15m-1775952000,1775952900,Down,107564673209849850141584667341867895188475599634660777491187760159712519821674,14139639654822827924164629792196511566788433773635708227257990474054258395551,0.33,0.35,89.28,176.86,0.02,0.65,0.67,176.86,89.28,0.02,0.34,0.66,0.664537,0.335463,72991.68
1775952413891,2026-04-12T00:06:53.891,btc-updown-15m-1775952000,1775952900,Down,107564673209849850141584667341867895188475599634660777491187760159712519821674,14139639654822827924164629792196511566788433773635708227257990474054258395551,0.33,0.34,98.12,227.21,0.01,0.66,0.67,227.21,98.12,0.01,0.335,0.665,0.698399,0.301601,72991.68
1775952414892,2026-04-12T00:06:54.892,btc-updown-15m-1775952000,1775952900,Down,107564673209849850141584667341867895188475599634660777491187760159712519821674,14139639654822827924164629792196511566788433773635708227257990474054258395551,0.34,0.35,11.25,207.6,0.01,0.65,0.66,207.6,11.25,0.01,0.345,0.655,0.948595,0.051405,72991.68
1775952415892,2026-04-12T00:06:55.892,btc-updown-15m-1775952000,1775952900,Down,107564673209849850141584667341867895188475599634660777491187760159712519821674,14139639654822827924164629792196511566788433773635708227257990474054258395551,0.34,0.35,11.25,207.6,0.01,0.65,0.66,207.6,11.25,0.01,0.345,0.655,0.948595,0.051405,73000.0
1775952416894,2026-04-12T00:06:56.894,btc-updown-15m-1775952000,1775952900,Down,107564673209849850141584667341867895188475599634660777491187760159712519821674,14139639654822827924164629792196511566788433773635708227257990474054258395551,0.34,0.35,11.25,207.6,0.01,0.65,0.66,207.6,11.25,0.01,0.345,0.655,0.948595,0.051405,73000.0
1775952417895,2026-04-12T00:06:57.895,btc-updown-15m-1775952000,1775952900,Down,107564673209849850141584667341867895188475599634660777491187760159712519821674,14139639654822827924164629792196511566788433773635708227257990474054258395551,0.34,0.35,63.76,106.61,0.01,0.65,0.66,106.61,63.76,0.01,0.345,0.655,0.625756,0.374244,73000.0
1775952418896,2026-04-12T00:06:58.896,btc-updown-15m-1775952000,1775952900,Down,107564673209849850141584667341867895188475599634660777491187760159712519821674,14139639654822827924164629792196511566788433773635708227257990474054258395551,0.34,0.35,63.76,99.61,0.01,0.65,0.66,99.61,63.76,0.01,0.345,0.655,0.60972,0.39028,73000.0
1775952419896,2026-04-12T00:06:59.896,btc-updown-15m-1775952000,1775952900,Down,107564673209849850141584667341867895188475599634660777491187760159712519821674,14139639654822827924164629792196511566788433773635708227257990474054258395551,0.34,0.35,63.76,132.69,0.01,0.65,0.66,132.69,63.76,0.01,0.345,0.655,0.675439,0.324561,73000.0
1775952420896,2026-04-12T00:07:00.896,btc-updown-15m-1775952000,1775952900,Down,107564673209849850141584667341867895188475599634660777491187760159712519821674,14139639654822827924164629792196511566788433773635708227257990474054258395551,0.34,0.35,63.76,114.25,0.01,0.65,0.66,114.25,63.76,0.01,0.345,0.655,0.641818,0.358182,73000.0
1775952421897,2026-04-12T00:07:01.897,btc-updown-15m-1775952000,1775952900,Down,107564673209849850141584667341867895188475599634660777491187760159712519821674,14139639654822827924164629792196511566788433773635708227257990474054258395551,0.34,0.35,17.86,93.03,0.01,0.65,0.66,93.03,17.86,0.01,0.345,0.655,0.838939,0.161061,73000.0
1775952422897,2026-04-12T00:07:02.897,btc-updown-15m-1775952000,1775952900,Down,107564673209849850141584667341867895188475599634660777491187760159712519821674,14139639654822827924164629792196511566788433773635708227257990474054258395551,0.34,0.35,52.14,115.53,0.01,0.65,0.66,115.53,52.14,0.01,0.345,0.655,0.689032,0.310968,73000.0
1775952423898,2026-04-12T00:07:03.898,btc-updown-15m-1775952000,1775952900,Down,107564673209849850141584667341867895188475599634660777491187760159712519821674,14139639654822827924164629792196511566788433773635708227257990474054258395551,0.34,0.35,52.14,115.53,0.01,0.65,0.66,115.53,52.14,0.01,0.345,0.655,0.689032,0.310968,73000.0
1775952424899,2026-04-12T00:07:04.899,btc-updown-15m-1775952000,1775952900,Down,107564673209849850141584667341867895188475599634660777491187760159712519821674,14139639654822827924164629792196511566788433773635708227257990474054258395551,0.34,0.35,52.14,115.53,0.01,0.65,0.66,115.53,52.14,0.01,0.345,0.655,0.689032,0.310968,73000.0
1775952425899,2026-04-12T00:07:05.899,btc-updown-15m-1775952000,1775952900,Down,107564673209849850141584667341867895188475599634660777491187760159712519821674,14139639654822827924164629792196511566788433773635708227257990474054258395551,0.34,0.35,49.28,98.03,0.01,0.65,0.66,98.03,49.28,0.01,0.345,0.655,0.665467,0.334533,73000.0
1775952426900,2026-04-12T00:07:06.900,btc-updown-15m-1775952000,1775952900,Down,107564673209849850141584667341867895188475599634660777491187760159712519821674,14139639654822827924164629792196511566788433773635708227257990474054258395551,0.28,0.29,19.65,130.5,0.01,0.71,0.72,130.5,19.65,0.01,0.285,0.715,0.869131,0.130869,73000.0
1775952427901,2026-04-12T00:07:07.901,btc-updown-15m-1775952000,1775952900,Down,107564673209849850141584667341867895188475599634660777491187760159712519821674,14139639654822827924164629792196511566788433773635708227257990474054258395551,0.28,0.29,29.65,67.29,0.01,0.71,0.72,67.29,29.65,0.01,0.285,0.715,0.694141,0.305859,72984.69
1775952428901,2026-04-12T00:07:08.901,btc-updown-15m-1775952000,1775952900,Down,107564673209849850141584667341867895188475599634660777491187760159712519821674,14139639654822827924164629792196511566788433773635708227257990474054258395551,0.32,0.33,13.6,181.0,0.01,0.67,0.68,181.0,13.6,0.01,0.325,0.675,0.930113,0.069887,72984.69
1775952429902,2026-04-12T00:07:09.902,btc-updown-15m-1775952000,1775952900,Down,107564673209849850141584667341867895188475599634660777491187760159712519821674,14139639654822827924164629792196511566788433773635708227257990474054258395551,0.33,0.34,69.1,61.0,0.01,0.66,0.67,61.0,69.1,0.01,0.335,0.665,0.46887,0.53113,72984.69
1775952430903,2026-04-12T00:07:10.903,btc-updown-15m-1775952000,1775952900,Down,107564673209849850141584667341867895188475599634660777491187760159712519821674,14139639654822827924164629792196511566788433773635708227257990474054258395551,0.32,0.33,19.01,121.81,0.01,0.67,0.68,121.81,19.01,0.01,0.325,0.675,0.865005,0.134995,72991.44
1775952431903,2026-04-12T00:07:11.903,btc-updown-15m-1775952000,1775952900,Down,107564673209849850141584667341867895188475599634660777491187760159712519821674,14139639654822827924164629792196511566788433773635708227257990474054258395551,0.33,0.34,14.97,24.41,0.01,0.66,0.67,24.41,14.97,0.01,0.335,0.665,0.619858,0.380142,72991.44
1775952432904,2026-04-12T00:07:12.904,btc-updown-15m-1775952000,1775952900,Down,107564673209849850141584667341867895188475599634660777491187760159712519821674,14139639654822827924164629792196511566788433773635708227257990474054258395551,0.33,0.34,117.5,16.99,0.01,0.66,0.67,16.99,117.5,0.01,0.335,0.665,0.126329,0.873671,72991.44
1775952433905,2026-04-12T00:07:13.905,btc-updown-15m-1775952000,1775952900,Down,107564673209849850141584667341867895188475599634660777491187760159712519821674,14139639654822827924164629792196511566788433773635708227257990474054258395551,0.33,0.34,117.5,16.99,0.01,0.66,0.67,16.99,117.5,0.01,0.335,0.665,0.126329,0.873671,72991.45
1775952434906,2026-04-12T00:07:14.906,btc-updown-15m-1775952000,1775952900,Down,107564673209849850141584667341867895188475599634660777491187760159712519821674,14139639654822827924164629792196511566788433773635708227257990474054258395551,0.34,0.35,50.0,69.75,0.01,0.65,0.66,69.75,50.0,0.01,0.345,0.655,0.582463,0.417537,72991.45
1775952435906,2026-04-12T00:07:15.906,btc-updown-15m-1775952000,1775952900,Down,107564673209849850141584667341867895188475599634660777491187760159712519821674,14139639654822827924164629792196511566788433773635708227257990474054258395551,0.36,0.37,178.86,40.18,0.01,0.63,0.64,40.18,178.86,0.01,0.365,0.635,0.183437,0.816563,72991.45
1775952436907,2026-04-12T00:07:16.907,btc-updown-15m-1775952000,1775952900,Down,107564673209849850141584667341867895188475599634660777491187760159712519821674,14139639654822827924164629792196511566788433773635708227257990474054258395551,0.35,0.36,90.68,36.3,0.01,0.64,0.65,36.3,90.68,0.01,0.355,0.645,0.285872,0.714128,72996.48
1775952437908,2026-04-12T00:07:17.908,btc-updown-15m-1775952000,1775952900,Down,107564673209849850141584667341867895188475599634660777491187760159712519821674,14139639654822827924164629792196511566788433773635708227257990474054258395551,0.33,0.35,114.0,221.03,0.02,0.65,0.67,221.03,114.0,0.02,0.34,0.66,0.659732,0.340268,72996.48
1775952438909,2026-04-12T00:07:18.909,btc-updown-15m-1775952000,1775952900,Down,107564673209849850141584667341867895188475599634660777491187760159712519821674,14139639654822827924164629792196511566788433773635708227257990474054258395551,0.33,0.35,114.0,221.03,0.02,0.65,0.67,221.03,114.0,0.02,0.34,0.66,0.659732,0.340268,72996.48
1775952439910,2026-04-12T00:07:19.910,btc-updown-15m-1775952000,1775952900,Down,107564673209849850141584667341867895188475599634660777491187760159712519821674,14139639654822827924164629792196511566788433773635708227257990474054258395551,0.33,0.34,76.0,102.13,0.01,0.66,0.67,102.13,76.0,0.01,0.335,0.665,0.573345,0.426655,72996.47
1775952440911,2026-04-12T00:07:20.911,btc-updown-15m-1775952000,1775952900,Down,107564673209849850141584667341867895188475599634660777491187760159712519821674,14139639654822827924164629792196511566788433773635708227257990474054258395551,0.33,0.34,70.0,94.02,0.01,0.66,0.67,94.02,70.0,0.01,0.335,0.665,0.573223,0.426777,72996.47
1775952441912,2026-04-12T00:07:21.912,btc-updown-15m-1775952000,1775952900,Down,107564673209849850141584667341867895188475599634660777491187760159712519821674,14139639654822827924164629792196511566788433773635708227257990474054258395551,0.32,0.33,97.0,49.24,0.01,0.67,0.68,49.24,97.0,0.01,0.325,0.675,0.336707,0.663293,72996.47
1775952442912,2026-04-12T00:07:22.912,btc-updown-15m-1775952000,1775952900,Down,107564673209849850141584667341867895188475599634660777491187760159712519821674,14139639654822827924164629792196511566788433773635708227257990474054258395551,0.32,0.33,63.0,99.91,0.01,0.67,0.68,99.91,63.0,0.01,0.325,0.675,0.613283,0.386717,72996.48
1775952443913,2026-04-12T00:07:23.913,btc-updown-15m-1775952000,1775952900,Down,107564673209849850141584667341867895188475599634660777491187760159712519821674,14139639654822827924164629792196511566788433773635708227257990474054258395551,0.32,0.33,63.0,99.91,0.01,0.67,0.68,99.91,63.0,0.01,0.325,0.675,0.613283,0.386717,72996.48
1775952444913,2026-04-12T00:07:24.913,btc-updown-15m-1775952000,1775952900,Down,107564673209849850141584667341867895188475599634660777491187760159712519821674,14139639654822827924164629792196511566788433773635708227257990474054258395551,0.32,0.33,73.0,83.32,0.01,0.67,0.68,83.32,73.0,0.01,0.325,0.675,0.533009,0.466991,72996.48
1775952445914,2026-04-12T00:07:25.914,btc-updown-15m-1775952000,1775952900,Down,107564673209849850141584667341867895188475599634660777491187760159712519821674,14139639654822827924164629792196511566788433773635708227257990474054258395551,0.29,0.31,178.0,87.24,0.02,0.69,0.71,87.24,178.0,0.02,0.3,0.7,0.32891,0.67109,72991.45
1775952446915,2026-04-12T00:07:26.915,btc-updown-15m-1775952000,1775952900,Down,107564673209849850141584667341867895188475599634660777491187760159712519821674,14139639654822827924164629792196511566788433773635708227257990474054258395551,0.29,0.31,178.0,87.24,0.02,0.69,0.71,87.24,178.0,0.02,0.3,0.7,0.32891,0.67109,72991.45
1775952447915,2026-04-12T00:07:27.915,btc-updown-15m-1775952000,1775952900,Down,107564673209849850141584667341867895188475599634660777491187760159712519821674,14139639654822827924164629792196511566788433773635708227257990474054258395551,0.29,0.3,89.0,75.78,0.01,0.7,0.71,75.78,89.0,0.01,0.295,0.705,0.459886,0.540114,72991.45
1775952448916,2026-04-12T00:07:28.916,btc-updown-15m-1775952000,1775952900,Down,107564673209849850141584667341867895188475599634660777491187760159712519821674,14139639654822827924164629792196511566788433773635708227257990474054258395551,0.29,0.3,89.0,75.78,0.01,0.7,0.71,75.78,89.0,0.01,0.295,0.705,0.459886,0.540114,72991.46
1775952449917,2026-04-12T00:07:29.917,btc-updown-15m-1775952000,1775952900,Down,107564673209849850141584667341867895188475599634660777491187760159712519821674,14139639654822827924164629792196511566788433773635708227257990474054258395551,0.29,0.3,72.5,61.0,0.01,0.7,0.71,61.0,72.5,0.01,0.295,0.705,0.456929,0.543071,72991.46
1775952450918,2026-04-12T00:07:30.918,btc-updown-15m-1775952000,1775952900,Down,107564673209849850141584667341867895188475599634660777491187760159712519821674,14139639654822827924164629792196511566788433773635708227257990474054258395551,0.27,0.28,78.18,56.07,0.01,0.72,0.73,56.07,78.18,0.01,0.275,0.725,0.417654,0.582346,72991.46
1775952451918,2026-04-12T00:07:31.918,btc-updown-15m-1775952000,1775952900,Down,107564673209849850141584667341867895188475599634660777491187760159712519821674,14139639654822827924164629792196511566788433773635708227257990474054258395551,0.27,0.28,12.89,47.47,0.01,0.72,0.73,47.47,12.89,0.01,0.275,0.725,0.786448,0.213552,72985.46
1775952452919,2026-04-12T00:07:32.919,btc-updown-15m-1775952000,1775952900,Down,107564673209849850141584667341867895188475599634660777491187760159712519821674,14139639654822827924164629792196511566788433773635708227257990474054258395551,0.27,0.28,12.89,50.57,0.01,0.72,0.73,50.57,12.89,0.01,0.275,0.725,0.79688,0.20312,72985.46
1775952453920,2026-04-12T00:07:33.920,btc-updown-15m-1775952000,1775952900,Down,107564673209849850141584667341867895188475599634660777491187760159712519821674,14139639654822827924164629792196511566788433773635708227257990474054258395551,0.27,0.28,1.1,31.39,0.01,0.72,0.73,31.39,1.1,0.01,0.275,0.725,0.966143,0.033857,72985.46
1775952454920,2026-04-12T00:07:34.920,btc-updown-15m-1775952000,1775952900,Down,107564673209849850141584667341867895188475599634660777491187760159712519821674,14139639654822827924164629792196511566788433773635708227257990474054258395551,0.27,0.28,75.0,12.36,0.01,0.72,0.73,12.36,75.0,0.01,0.275,0.725,0.141484,0.858516,73012.89
1775952455920,2026-04-12T00:07:35.920,btc-updown-15m-1775952000,1775952900,Down,107564673209849850141584667341867895188475599634660777491187760159712519821674,14139639654822827924164629792196511566788433773635708227257990474054258395551,0.4,0.41,26.87,112.0,0.01,0.59,0.6,112.0,26.87,0.01,0.405,0.595,0.80651,0.19349,73012.89
1775952456921,2026-04-12T00:07:36.921,btc-updown-15m-1775952000,1775952900,Down,107564673209849850141584667341867895188475599634660777491187760159712519821674,14139639654822827924164629792196511566788433773635708227257990474054258395551,0.39,0.4,53.0,31.7,0.01,0.6,0.61,31.7,53.0,0.01,0.395,0.605,0.374262,0.625738,73012.89
1775952457922,2026-04-12T00:07:37.922,btc-updown-15m-1775952000,1775952900,Down,107564673209849850141584667341867895188475599634660777491187760159712519821674,14139639654822827924164629792196511566788433773635708227257990474054258395551,0.39,0.4,65.5,10.0,0.01,0.6,0.61,10.0,65.5,0.01,0.395,0.605,0.13245,0.86755,73012.89
1775952458923,2026-04-12T00:07:38.923,btc-updown-15m-1775952000,1775952900,Down,107564673209849850141584667341867895188475599634660777491187760159712519821674,14139639654822827924164629792196511566788433773635708227257990474054258395551,0.33,0.35,130.5,142.24,0.02,0.65,0.67,142.24,130.5,0.02,0.34,0.66,0.521522,0.478478,73012.89
1775952459924,2026-04-12T00:07:39.924,btc-updown-15m-1775952000,1775952900,Down,107564673209849850141584667341867895188475599634660777491187760159712519821674,14139639654822827924164629792196511566788433773635708227257990474054258395551,0.33,0.34,76.0,103.27,0.01,0.66,0.67,103.27,76.0,0.01,0.335,0.665,0.576058,0.423942,73012.89
1775952460926,2026-04-12T00:07:40.926,btc-updown-15m-1775952000,1775952900,Down,107564673209849850141584667341867895188475599634660777491187760159712519821674,14139639654822827924164629792196511566788433773635708227257990474054258395551,0.33,0.34,19.08,247.27,0.01,0.66,0.67,247.27,19.08,0.01,0.335,0.665,0.928365,0.071635,73005.59
1775952461926,2026-04-12T00:07:41.926,btc-updown-15m-1775952000,1775952900,Down,107564673209849850141584667341867895188475599634660777491187760159712519821674,14139639654822827924164629792196511566788433773635708227257990474054258395551,0.35,0.37,21.0,1.1,0.02,0.63,0.65,1.1,21.0,0.02,0.36,0.64,0.049774,0.950226,73005.59
1775952462927,2026-04-12T00:07:42.927,btc-updown-15m-1775952000,1775952900,Down,107564673209849850141584667341867895188475599634660777491187760159712519821674,14139639654822827924164629792196511566788433773635708227257990474054258395551,0.42,0.43,18.72,48.55,0.01,0.57,0.58,48.55,18.72,0.01,0.425,0.575,0.721718,0.278282,73005.59
1775952463928,2026-04-12T00:07:43.928,btc-updown-15m-1775952000,1775952900,Down,107564673209849850141584667341867895188475599634660777491187760159712519821674,14139639654822827924164629792196511566788433773635708227257990474054258395551,0.42,0.44,27.0,142.9,0.02,0.56,0.58,142.9,27.0,0.02,0.43,0.57,0.841083,0.158917,73016.06
1775952464928,2026-04-12T00:07:44.928,btc-updown-15m-1775952000,1775952900,Down,107564673209849850141584667341867895188475599634660777491187760159712519821674,14139639654822827924164629792196511566788433773635708227257990474054258395551,0.43,0.44,42.68,153.0,0.01,0.56,0.57,153.0,42.68,0.01,0.435,0.565,0.781889,0.218111,73016.06
1775952465929,2026-04-12T00:07:45.929,btc-updown-15m-1775952000,1775952900,Down,107564673209849850141584667341867895188475599634660777491187760159712519821674,14139639654822827924164629792196511566788433773635708227257990474054258395551,0.43,0.44,42.68,153.0,0.01,0.56,0.57,153.0,42.68,0.01,0.435,0.565,0.781889,0.218111,73016.06
1775952466930,2026-04-12T00:07:46.930,btc-updown-15m-1775952000,1775952900,Down,107564673209849850141584667341867895188475599634660777491187760159712519821674,14139639654822827924164629792196511566788433773635708227257990474054258395551,0.44,0.46,116.45,92.29,0.02,0.54,0.56,92.29,116.45,0.02,0.45,0.55,0.442129,0.557871,73030.65
1775952467930,2026-04-12T00:07:47.930,btc-updown-15m-1775952000,1775952900,Down,107564673209849850141584667341867895188475599634660777491187760159712519821674,14139639654822827924164629792196511566788433773635708227257990474054258395551,0.44,0.46,131.45,81.68,0.02,0.54,0.56,81.68,131.45,0.02,0.45,0.55,0.38324,0.61676,73030.65
1775952468932,2026-04-12T00:07:48.932,btc-updown-15m-1775952000,1775952900,Down,107564673209849850141584667341867895188475599634660777491187760159712519821674,14139639654822827924164629792196511566788433773635708227257990474054258395551,0.45,0.46,122.89,1.02,0.01,0.54,0.55,1.02,122.89,0.01,0.455,0.545,0.008232,0.991768,73030.65
1775952469932,2026-04-12T00:07:49.932,btc-updown-15m-1775952000,1775952900,Down,107564673209849850141584667341867895188475599634660777491187760159712519821674,14139639654822827924164629792196511566788433773635708227257990474054258395551,0.45,0.46,47.8,58.0,0.01,0.54,0.55,58.0,47.8,0.01,0.455,0.545,0.548204,0.451796,73030.65
1775952470934,2026-04-12T00:07:50.934,btc-updown-15m-1775952000,1775952900,Down,107564673209849850141584667341867895188475599634660777491187760159712519821674,14139639654822827924164629792196511566788433773635708227257990474054258395551,0.45,0.46,2.05,230.86,0.01,0.54,0.55,230.86,2.05,0.01,0.455,0.545,0.991198,0.008802,73030.65
1775952471935,2026-04-12T00:07:51.935,btc-updown-15m-1775952000,1775952900,Down,107564673209849850141584667341867895188475599634660777491187760159712519821674,14139639654822827924164629792196511566788433773635708227257990474054258395551,0.46,0.47,7.87,113.59,0.01,0.53,0.54,113.59,7.87,0.01,0.465,0.535,0.935205,0.064795,73030.65
1775952472936,2026-04-12T00:07:52.936,btc-updown-15m-1775952000,1775952900,Down,107564673209849850141584667341867895188475599634660777491187760159712519821674,14139639654822827924164629792196511566788433773635708227257990474054258395551,0.47,0.48,79.5,55.15,0.01,0.52,0.53,55.15,79.5,0.01,0.475,0.525,0.40958,0.59042,73030.66
1775952473936,2026-04-12T00:07:53.936,btc-updown-15m-1775952000,1775952900,Down,107564673209849850141584667341867895188475599634660777491187760159712519821674,14139639654822827924164629792196511566788433773635708227257990474054258395551,0.49,0.51,21.0,10.0,0.02,0.49,0.51,10.0,21.0,0.02,0.5,0.5,0.322581,0.677419,73030.66
1775952474937,2026-04-12T00:07:54.937,btc-updown-15m-1775952000,1775952900,Down,107564673209849850141584667341867895188475599634660777491187760159712519821674,14139639654822827924164629792196511566788433773635708227257990474054258395551,0.5,0.52,126.03,99.0,0.02,0.48,0.5,99.0,126.03,0.02,0.51,0.49,0.439941,0.560059,73030.66
1775952475938,2026-04-12T00:07:55.938,btc-updown-15m-1775952000,1775952900,Down,107564673209849850141584667341867895188475599634660777491187760159712519821674,14139639654822827924164629792196511566788433773635708227257990474054258395551,0.51,0.52,101.26,64.99,0.01,0.48,0.49,59.99,138.9,0.01,0.515,0.485,0.390917,0.698376,73032.89
1775952476939,2026-04-12T00:07:56.939,btc-updown-15m-1775952000,1775952900,Down,107564673209849850141584667341867895188475599634660777491187760159712519821674,14139639654822827924164629792196511566788433773635708227257990474054258395551,0.51,0.52,104.9,5.84,0.01,0.48,0.49,5.84,104.9,0.01,0.515,0.485,0.052736,0.947264,73032.89
1775952477940,2026-04-12T00:07:57.940,btc-updown-15m-1775952000,1775952900,Down,107564673209849850141584667341867895188475599634660777491187760159712519821674,14139639654822827924164629792196511566788433773635708227257990474054258395551,0.5,0.52,67.94,170.1,0.02,0.48,0.5,170.1,67.94,0.02,0.51,0.49,0.714586,0.285414,73032.89
1775952478941,2026-04-12T00:07:58.941,btc-updown-15m-1775952000,1775952900,Down,107564673209849850141584667341867895188475599634660777491187760159712519821674,14139639654822827924164629792196511566788433773635708227257990474054258395551,0.51,0.52,131.12,15.0,0.01,0.48,0.49,15.0,131.12,0.01,0.515,0.485,0.102655,0.897345,73032.89
1775952479942,2026-04-12T00:07:59.942,btc-updown-15m-1775952000,1775952900,Down,107564673209849850141584667341867895188475599634660777491187760159712519821674,14139639654822827924164629792196511566788433773635708227257990474054258395551,0.51,0.52,136.12,3.87,0.01,0.48,0.49,3.87,136.12,0.01,0.515,0.485,0.027645,0.972355,73032.89
1775952480942,2026-04-12T00:08:00.942,btc-updown-15m-1775952000,1775952900,Down,107564673209849850141584667341867895188475599634660777491187760159712519821674,14139639654822827924164629792196511566788433773635708227257990474054258395551,0.51,0.52,136.12,3.87,0.01,0.48,0.49,3.87,136.12,0.01,0.515,0.485,0.027645,0.972355,73032.89
1775952481943,2026-04-12T00:08:01.943,btc-updown-15m-1775952000,1775952900,Down,107564673209849850141584667341867895188475599634660777491187760159712519821674,14139639654822827924164629792196511566788433773635708227257990474054258395551,0.34,0.48,50.0,64.29,0.14,0.52,0.66,64.29,50.0,0.14,0.41,0.59,0.562516,0.437484,72994.25
1775952482944,2026-04-12T00:08:02.944,btc-updown-15m-1775952000,1775952900,Down,107564673209849850141584667341867895188475599634660777491187760159712519821674,14139639654822827924164629792196511566788433773635708227257990474054258395551,0.34,0.45,10.0,29.29,0.11,0.55,0.66,29.29,10.0,0.11,0.395,0.605,0.745482,0.254518,72994.25
1775952483944,2026-04-12T00:08:03.944,btc-updown-15m-1775952000,1775952900,Down,107564673209849850141584667341867895188475599634660777491187760159712519821674,14139639654822827924164629792196511566788433773635708227257990474054258395551,0.39,0.43,50.27,14.78,0.04,0.57,0.61,14.78,50.27,0.04,0.41,0.59,0.22721,0.77279,72994.25
1775952484945,2026-04-12T00:08:04.945,btc-updown-15m-1775952000,1775952900,Down,107564673209849850141584667341867895188475599634660777491187760159712519821674,14139639654822827924164629792196511566788433773635708227257990474054258395551,0.38,0.4,14.49,154.84,0.02,0.6,0.62,154.84,14.49,0.02,0.39,0.61,0.914427,0.085573,73005.89
1775952485946,2026-04-12T00:08:05.946,btc-updown-15m-1775952000,1775952900,Down,107564673209849850141584667341867895188475599634660777491187760159712519821674,14139639654822827924164629792196511566788433773635708227257990474054258395551,0.39,0.41,22.95,95.5,0.02,0.59,0.61,95.5,22.95,0.02,0.4,0.6,0.806247,0.193753,73005.89
1775952486947,2026-04-12T00:08:06.947,btc-updown-15m-1775952000,1775952900,Down,107564673209849850141584667341867895188475599634660777491187760159712519821674,14139639654822827924164629792196511566788433773635708227257990474054258395551,0.39,0.4,5.0,107.22,0.01,0.6,0.61,107.22,5.0,0.01,0.395,0.605,0.955445,0.044555,73005.89
1775952487947,2026-04-12T00:08:07.947,btc-updown-15m-1775952000,1775952900,Down,107564673209849850141584667341867895188475599634660777491187760159712519821674,14139639654822827924164629792196511566788433773635708227257990474054258395551,0.39,0.4,10.0,102.22,0.01,0.6,0.61,102.22,10.0,0.01,0.395,0.605,0.910889,0.089111,73010.94
1775952488948,2026-04-12T00:08:08.948,btc-updown-15m-1775952000,1775952900,Down,107564673209849850141584667341867895188475599634660777491187760159712519821674,14139639654822827924164629792196511566788433773635708227257990474054258395551,0.41,0.43,58.82,43.5,0.02,0.57,0.59,43.5,58.82,0.02,0.42,0.58,0.425137,0.574863,73010.94
1775952489949,2026-04-12T00:08:09.949,btc-updown-15m-1775952000,1775952900,Down,107564673209849850141584667341867895188475599634660777491187760159712519821674,14139639654822827924164629792196511566788433773635708227257990474054258395551,0.42,0.43,12.12,223.5,0.01,0.57,0.58,223.5,12.12,0.01,0.425,0.575,0.948561,0.051439,73010.94
1775952490949,2026-04-12T00:08:10.949,btc-updown-15m-1775952000,1775952900,Down,107564673209849850141584667341867895188475599634660777491187760159712519821674,14139639654822827924164629792196511566788433773635708227257990474054258395551,0.42,0.44,47.12,221.5,0.02,0.56,0.58,221.5,47.12,0.02,0.43,0.57,0.824585,0.175415,73010.94
1775952491949,2026-04-12T00:08:11.949,btc-updown-15m-1775952000,1775952900,Down,107564673209849850141584667341867895188475599634660777491187760159712519821674,14139639654822827924164629792196511566788433773635708227257990474054258395551,0.38,0.4,159.0,22.36,0.02,0.6,0.62,22.36,159.0,0.02,0.39,0.61,0.123291,0.876709,73010.94
1775952492950,2026-04-12T00:08:12.950,btc-updown-15m-1775952000,1775952900,Down,107564673209849850141584667341867895188475599634660777491187760159712519821674,14139639654822827924164629792196511566788433773635708227257990474054258395551,0.38,0.39,60.0,4.83,0.01,0.61,0.62,4.83,60.0,0.01,0.385,0.615,0.074503,0.925497,73010.94
1775952493951,2026-04-12T00:08:13.951,btc-updown-15m-1775952000,1775952900,Down,107564673209849850141584667341867895188475599634660777491187760159712519821674,14139639654822827924164629792196511566788433773635708227257990474054258395551,0.37,0.38,50.0,140.5,0.01,0.62,0.63,140.5,50.0,0.01,0.375,0.625,0.737533,0.262467,73003.66
1775952494952,2026-04-12T00:08:14.952,btc-updown-15m-1775952000,1775952900,Down,107564673209849850141584667341867895188475599634660777491187760159712519821674,14139639654822827924164629792196511566788433773635708227257990474054258395551,0.37,0.38,50.0,140.5,0.01,0.62,0.63,140.5,50.0,0.01,0.375,0.625,0.737533,0.262467,73003.66
1775952495953,2026-04-12T00:08:15.953,btc-updown-15m-1775952000,1775952900,Down,107564673209849850141584667341867895188475599634660777491187760159712519821674,14139639654822827924164629792196511566788433773635708227257990474054258395551,0.37,0.38,50.0,140.5,0.01,0.62,0.63,140.5,50.0,0.01,0.375,0.625,0.737533,0.262467,73003.66
1775952496954,2026-04-12T00:08:16.954,btc-updown-15m-1775952000,1775952900,Down,107564673209849850141584667341867895188475599634660777491187760159712519821674,14139639654822827924164629792196511566788433773635708227257990474054258395551,0.37,0.38,50.0,140.5,0.01,0.62,0.63,140.5,50.0,0.01,0.375,0.625,0.737533,0.262467,73003.65
1775952497954,2026-04-12T00:08:17.954,btc-updown-15m-1775952000,1775952900,Down,107564673209849850141584667341867895188475599634660777491187760159712519821674,14139639654822827924164629792196511566788433773635708227257990474054258395551,0.37,0.38,50.0,140.5,0.01,0.62,0.63,140.5,50.0,0.01,0.375,0.625,0.737533,0.262467,73003.65
1775952498955,2026-04-12T00:08:18.955,btc-updown-15m-1775952000,1775952900,Down,107564673209849850141584667341867895188475599634660777491187760159712519821674,14139639654822827924164629792196511566788433773635708227257990474054258395551,0.38,0.39,19.27,196.0,0.01,0.61,0.62,196.0,19.27,0.01,0.385,0.615,0.910485,0.089515,73003.65
1775952499955,2026-04-12T00:08:19.955,btc-updown-15m-1775952000,1775952900,Down,107564673209849850141584667341867895188475599634660777491187760159712519821674,14139639654822827924164629792196511566788433773635708227257990474054258395551,0.39,0.4,21.21,113.0,0.01,0.6,0.61,113.0,21.21,0.01,0.395,0.605,0.841964,0.158036,73007.54
1775952500956,2026-04-12T00:08:20.956,btc-updown-15m-1775952000,1775952900,Down,107564673209849850141584667341867895188475599634660777491187760159712519821674,14139639654822827924164629792196511566788433773635708227257990474054258395551,0.39,0.4,21.21,113.0,0.01,0.6,0.61,113.0,21.21,0.01,0.395,0.605,0.841964,0.158036,73007.54
1775952501957,2026-04-12T00:08:21.957,btc-updown-15m-1775952000,1775952900,Down,107564673209849850141584667341867895188475599634660777491187760159712519821674,14139639654822827924164629792196511566788433773635708227257990474054258395551,0.39,0.4,21.21,113.0,0.01,0.6,0.61,113.0,21.21,0.01,0.395,0.605,0.841964,0.158036,73007.54
1775952502958,2026-04-12T00:08:22.958,btc-updown-15m-1775952000,1775952900,Down,107564673209849850141584667341867895188475599634660777491187760159712519821674,14139639654822827924164629792196511566788433773635708227257990474054258395551,0.45,0.46,287.04,48.18,0.01,0.54,0.55,48.18,287.04,0.01,0.455,0.545,0.143727,0.856273,73019.15
1775952503960,2026-04-12T00:08:23.960,btc-updown-15m-1775952000,1775952900,Down,107564673209849850141584667341867895188475599634660777491187760159712519821674,14139639654822827924164629792196511566788433773635708227257990474054258395551,0.45,0.46,42.54,152.18,0.01,0.54,0.55,152.18,42.54,0.01,0.455,0.545,0.781532,0.218468,73019.15
1775952504962,2026-04-12T00:08:24.962,btc-updown-15m-1775952000,1775952900,Down,107564673209849850141584667341867895188475599634660777491187760159712519821674,14139639654822827924164629792196511566788433773635708227257990474054258395551,0.48,0.99,450.8,87.0,0.51,0.01,0.52,87.0,450.8,0.51,0.735,0.265,0.16177,0.83823,73019.15
1775952505962,2026-04-12T00:08:25.962,btc-updown-15m-1775952000,1775952900,Down,107564673209849850141584667341867895188475599634660777491187760159712519821674,14139639654822827924164629792196511566788433773635708227257990474054258395551,0.5,0.51,307.47,180.0,0.01,0.49,0.5,180.0,307.47,0.01,0.505,0.495,0.369253,0.630747,73026.76
1775952506963,2026-04-12T00:08:26.963,btc-updown-15m-1775952000,1775952900,Down,107564673209849850141584667341867895188475599634660777491187760159712519821674,14139639654822827924164629792196511566788433773635708227257990474054258395551,0.5,0.51,246.47,149.0,0.01,0.49,0.5,149.0,246.47,0.01,0.505,0.495,0.376767,0.623233,73026.76
1775952507964,2026-04-12T00:08:27.964,btc-updown-15m-1775952000,1775952900,Down,107564673209849850141584667341867895188475599634660777491187760159712519821674,14139639654822827924164629792196511566788433773635708227257990474054258395551,0.5,0.51,168.78,182.6,0.01,0.49,0.5,182.6,168.78,0.01,0.505,0.495,0.519665,0.480335,73026.76
1775952508964,2026-04-12T00:08:28.964,btc-updown-15m-1775952000,1775952900,Down,107564673209849850141584667341867895188475599634660777491187760159712519821674,14139639654822827924164629792196511566788433773635708227257990474054258395551,0.49,0.51,245.88,56.64,0.02,0.49,0.51,56.64,245.88,0.02,0.5,0.5,0.187227,0.812773,73026.76
1775952509965,2026-04-12T00:08:29.965,btc-updown-15m-1775952000,1775952900,Down,107564673209849850141584667341867895188475599634660777491187760159712519821674,14139639654822827924164629792196511566788433773635708227257990474054258395551,0.49,0.51,245.88,56.64,0.02,0.49,0.51,56.64,245.88,0.02,0.5,0.5,0.187227,0.812773,73026.76
1775952510966,2026-04-12T00:08:30.966,btc-updown-15m-1775952000,1775952900,Down,107564673209849850141584667341867895188475599634660777491187760159712519821674,14139639654822827924164629792196511566788433773635708227257990474054258395551,0.48,0.5,36.0,174.2,0.02,0.5,0.52,174.2,36.0,0.02,0.49,0.51,0.828735,0.171265,73026.76
1775952511967,2026-04-12T00:08:31.967,btc-updown-15m-1775952000,1775952900,Down,107564673209849850141584667341867895188475599634660777491187760159712519821674,14139639654822827924164629792196511566788433773635708227257990474054258395551,0.49,0.5,58.5,32.45,0.01,0.5,0.51,32.45,58.5,0.01,0.495,0.505,0.356789,0.643211,73026.76
1775952512968,2026-04-12T00:08:32.968,btc-updown-15m-1775952000,1775952900,Down,107564673209849850141584667341867895188475599634660777491187760159712519821674,14139639654822827924164629792196511566788433773635708227257990474054258395551,0.49,0.5,58.5,32.45,0.01,0.5,0.51,32.45,58.5,0.01,0.495,0.505,0.356789,0.643211,73026.76
1775952513969,2026-04-12T00:08:33.969,btc-updown-15m-1775952000,1775952900,Down,107564673209849850141584667341867895188475599634660777491187760159712519821674,14139639654822827924164629792196511566788433773635708227257990474054258395551,0.49,0.51,2.5,223.45,0.02,0.49,0.51,223.45,2.5,0.02,0.5,0.5,0.988936,0.011064,73026.76
1775952514970,2026-04-12T00:08:34.970,btc-updown-15m-1775952000,1775952900,Down,107564673209849850141584667341867895188475599634660777491187760159712519821674,14139639654822827924164629792196511566788433773635708227257990474054258395551,0.5,0.51,18.21,55.0,0.01,0.49,0.5,55.0,18.21,0.01,0.505,0.495,0.751263,0.248737,73026.76
1775952515970,2026-04-12T00:08:35.970,btc-updown-15m-1775952000,1775952900,Down,107564673209849850141584667341867895188475599634660777491187760159712519821674,14139639654822827924164629792196511566788433773635708227257990474054258395551,0.5,0.51,18.21,55.0,0.01,0.49,0.5,55.0,18.21,0.01,0.505,0.495,0.751263,0.248737,73026.76
1775952516970,2026-04-12T00:08:36.970,btc-updown-15m-1775952000,1775952900,Down,107564673209849850141584667341867895188475599634660777491187760159712519821674,14139639654822827924164629792196511566788433773635708227257990474054258395551,0.5,0.51,18.21,55.0,0.01,0.49,0.5,55.0,18.21,0.01,0.505,0.495,0.751263,0.248737,73026.76
1775952517971,2026-04-12T00:08:37.971,btc-updown-15m-1775952000,1775952900,Down,107564673209849850141584667341867895188475599634660777491187760159712519821674,14139639654822827924164629792196511566788433773635708227257990474054258395551,0.5,0.51,39.0,51.0,0.01,0.49,0.5,51.0,39.0,0.01,0.505,0.495,0.566667,0.433333,73026.75
1775952518972,2026-04-12T00:08:38.972,btc-updown-15m-1775952000,1775952900,Down,107564673209849850141584667341867895188475599634660777491187760159712519821674,14139639654822827924164629792196511566788433773635708227257990474054258395551,0.49,0.52,182.57,165.4,0.03,0.48,0.51,165.4,182.57,0.03,0.505,0.495,0.475328,0.524672,73026.75
1775952519973,2026-04-12T00:08:39.973,btc-updown-15m-1775952000,1775952900,Down,107564673209849850141584667341867895188475599634660777491187760159712519821674,14139639654822827924164629792196511566788433773635708227257990474054258395551,0.49,0.52,231.57,67.0,0.03,0.48,0.51,67.0,231.57,0.03,0.505,0.495,0.224403,0.775597,73026.75
1775952520974,2026-04-12T00:08:40.974,btc-updown-15m-1775952000,1775952900,Down,107564673209849850141584667341867895188475599634660777491187760159712519821674,14139639654822827924164629792196511566788433773635708227257990474054258395551,0.49,0.52,231.57,67.0,0.03,0.48,0.51,67.0,231.57,0.03,0.505,0.495,0.224403,0.775597,73026.76
1775952521974,2026-04-12T00:08:41.974,btc-updown-15m-1775952000,1775952900,Down,107564673209849850141584667341867895188475599634660777491187760159712519821674,14139639654822827924164629792196511566788433773635708227257990474054258395551,0.49,0.5,50.0,61.11,0.01,0.5,0.51,61.11,50.0,0.01,0.495,0.505,0.549995,0.450005,73026.76
1775952522976,2026-04-12T00:08:42.976,btc-updown-15m-1775952000,1775952900,Down,107564673209849850141584667341867895188475599634660777491187760159712519821674,14139639654822827924164629792196511566788433773635708227257990474054258395551,0.49,0.5,50.0,61.11,0.01,0.5,0.51,61.11,50.0,0.01,0.495,0.505,0.549995,0.450005,73026.76
1775952523976,2026-04-12T00:08:43.976,btc-updown-15m-1775952000,1775952900,Down,107564673209849850141584667341867895188475599634660777491187760159712519821674,14139639654822827924164629792196511566788433773635708227257990474054258395551,0.49,0.5,50.0,23.07,0.01,0.5,0.51,23.07,50.0,0.01,0.495,0.505,0.315725,0.684275,73026.76
1775952524978,2026-04-12T00:08:44.978,btc-updown-15m-1775952000,1775952900,Down,107564673209849850141584667341867895188475599634660777491187760159712519821674,14139639654822827924164629792196511566788433773635708227257990474054258395551,0.49,0.5,50.0,23.07,0.01,0.5,0.51,23.07,50.0,0.01,0.495,0.505,0.315725,0.684275,73026.76
1775952525978,2026-04-12T00:08:45.978,btc-updown-15m-1775952000,1775952900,Down,107564673209849850141584667341867895188475599634660777491187760159712519821674,14139639654822827924164629792196511566788433773635708227257990474054258395551,0.49,0.5,39.0,59.5,0.01,0.5,0.51,59.5,39.0,0.01,0.495,0.505,0.604061,0.395939,73026.76
1775952526979,2026-04-12T00:08:46.979,btc-updown-15m-1775952000,1775952900,Down,107564673209849850141584667341867895188475599634660777491187760159712519821674,14139639654822827924164629792196511566788433773635708227257990474054258395551,0.49,0.5,39.0,29.67,0.01,0.5,0.51,29.67,39.0,0.01,0.495,0.505,0.432066,0.567934,73026.75
1775952527980,2026-04-12T00:08:47.980,btc-updown-15m-1775952000,1775952900,Down,107564673209849850141584667341867895188475599634660777491187760159712519821674,14139639654822827924164629792196511566788433773635708227257990474054258395551,0.49,0.5,63.0,4.53,0.01,0.5,0.51,4.53,63.0,0.01,0.495,0.505,0.067081,0.932919,73026.75
1775952528980,2026-04-12T00:08:48.980,btc-updown-15m-1775952000,1775952900,Down,107564673209849850141584667341867895188475599634660777491187760159712519821674,14139639654822827924164629792196511566788433773635708227257990474054258395551,0.49,0.5,81.0,27.03,0.01,0.5,0.51,27.03,81.0,0.01,0.495,0.505,0.250208,0.749792,73026.75
1775952529981,2026-04-12T00:08:49.981,btc-updown-15m-1775952000,1775952900,Down,107564673209849850141584667341867895188475599634660777491187760159712519821674,14139639654822827924164629792196511566788433773635708227257990474054258395551,0.44,0.46,96.0,14.33,0.02,0.54,0.56,14.33,96.0,0.02,0.45,0.55,0.129883,0.870117,73026.75
1775952530982,2026-04-12T00:08:50.982,btc-updown-15m-1775952000,1775952900,Down,107564673209849850141584667341867895188475599634660777491187760159712519821674,14139639654822827924164629792196511566788433773635708227257990474054258395551,0.44,0.45,26.0,12.0,0.01,0.55,0.56,12.0,26.0,0.01,0.445,0.555,0.315789,0.684211,73026.75
1775952531983,2026-04-12T00:08:51.983,btc-updown-15m-1775952000,1775952900,Down,107564673209849850141584667341867895188475599634660777491187760159712519821674,14139639654822827924164629792196511566788433773635708227257990474054258395551,0.44,0.45,26.0,12.0,0.01,0.55,0.56,12.0,26.0,0.01,0.445,0.555,0.315789,0.684211,73026.75
1775952532984,2026-04-12T00:08:52.984,btc-updown-15m-1775952000,1775952900,Down,107564673209849850141584667341867895188475599634660777491187760159712519821674,14139639654822827924164629792196511566788433773635708227257990474054258395551,0.45,0.47,45.0,79.5,0.02,0.53,0.55,79.5,45.0,0.02,0.46,0.54,0.638554,0.361446,73026.75
1775952533984,2026-04-12T00:08:53.984,btc-updown-15m-1775952000,1775952900,Down,107564673209849850141584667341867895188475599634660777491187760159712519821674,14139639654822827924164629792196511566788433773635708227257990474054258395551,0.45,0.46,163.51,29.42,0.01,0.54,0.55,29.42,163.51,0.01,0.455,0.545,0.152491,0.847509,73026.75
1775952534985,2026-04-12T00:08:54.985,btc-updown-15m-1775952000,1775952900,Down,107564673209849850141584667341867895188475599634660777491187760159712519821674,14139639654822827924164629792196511566788433773635708227257990474054258395551,0.44,0.46,111.75,34.5,0.02,0.54,0.56,34.5,111.75,0.02,0.45,0.55,0.235897,0.764103,73026.75
1775952535987,2026-04-12T00:08:55.987,btc-updown-15m-1775952000,1775952900,Down,107564673209849850141584667341867895188475599634660777491187760159712519821674,14139639654822827924164629792196511566788433773635708227257990474054258395551,0.45,0.46,50.87,12.0,0.01,0.54,0.55,12.0,50.87,0.01,0.455,0.545,0.19087,0.80913,73026.75
1775952536987,2026-04-12T00:08:56.987,btc-updown-15m-1775952000,1775952900,Down,107564673209849850141584667341867895188475599634660777491187760159712519821674,14139639654822827924164629792196511566788433773635708227257990474054258395551,0.45,0.46,140.34,22.0,0.01,0.54,0.55,22.0,140.34,0.01,0.455,0.545,0.135518,0.864482,73026.75
1775952537988,2026-04-12T00:08:57.988,btc-updown-15m-1775952000,1775952900,Down,107564673209849850141584667341867895188475599634660777491187760159712519821674,14139639654822827924164629792196511566788433773635708227257990474054258395551,0.45,0.46,140.34,22.0,0.01,0.54,0.55,22.0,140.34,0.01,0.455,0.545,0.135518,0.864482,73026.75
1775952538988,2026-04-12T00:08:58.988,btc-updown-15m-1775952000,1775952900,Down,107564673209849850141584667341867895188475599634660777491187760159712519821674,14139639654822827924164629792196511566788433773635708227257990474054258395551,0.45,0.46,140.34,22.0,0.01,0.54,0.55,22.0,140.34,0.01,0.455,0.545,0.135518,0.864482,73026.76
1775952539989,2026-04-12T00:08:59.989,btc-updown-15m-1775952000,1775952900,Down,107564673209849850141584667341867895188475599634660777491187760159712519821674,14139639654822827924164629792196511566788433773635708227257990474054258395551,0.45,0.46,115.0,163.42,0.01,0.54,0.55,163.42,115.0,0.01,0.455,0.545,0.586955,0.413045,73026.76
1775952540990,2026-04-12T00:09:00.990,btc-updown-15m-1775952000,1775952900,Down,107564673209849850141584667341867895188475599634660777491187760159712519821674,14139639654822827924164629792196511566788433773635708227257990474054258395551,0.44,0.46,213.0,17.0,0.02,0.54,0.56,17.0,213.0,0.02,0.45,0.55,0.073913,0.926087,73026.76
1775952541992,2026-04-12T00:09:01.992,btc-updown-15m-1775952000,1775952900,Down,107564673209849850141584667341867895188475599634660777491187760159712519821674,14139639654822827924164629792196511566788433773635708227257990474054258395551,0.44,0.46,213.0,1.28,0.02,0.54,0.56,1.28,213.0,0.02,0.45,0.55,0.005973,0.994027,73014.14
1775952542993,2026-04-12T00:09:02.993,btc-updown-15m-1775952000,1775952900,Down,107564673209849850141584667341867895188475599634660777491187760159712519821674,14139639654822827924164629792196511566788433773635708227257990474054258395551,0.32,0.39,250.62,107.38,0.07,0.61,0.68,107.38,250.62,0.07,0.355,0.645,0.299944,0.700056,73014.14
1775952543994,2026-04-12T00:09:03.994,btc-updown-15m-1775952000,1775952900,Down,107564673209849850141584667341867895188475599634660777491187760159712519821674,14139639654822827924164629792196511566788433773635708227257990474054258395551,0.33,0.34,111.29,12.62,0.01,0.66,0.67,12.62,111.29,0.01,0.335,0.665,0.101848,0.898152,73014.14
1775952544994,2026-04-12T00:09:04.994,btc-updown-15m-1775952000,1775952900,Down,107564673209849850141584667341867895188475599634660777491187760159712519821674,14139639654822827924164629792196511566788433773635708227257990474054258395551,0.33,0.34,109.16,22.62,0.01,0.66,0.67,22.62,109.16,0.01,0.335,0.665,0.17165,0.82835,73007.53
1775952545995,2026-04-12T00:09:05.995,btc-updown-15m-1775952000,1775952900,Down,107564673209849850141584667341867895188475599634660777491187760159712519821674,14139639654822827924164629792196511566788433773635708227257990474054258395551,0.33,0.34,95.0,14.42,0.01,0.66,0.67,14.42,95.0,0.01,0.335,0.665,0.131786,0.868214,73007.53
1775952546996,2026-04-12T00:09:06.996,btc-updown-15m-1775952000,1775952900,Down,107564673209849850141584667341867895188475599634660777491187760159712519821674,14139639654822827924164629792196511566788433773635708227257990474054258395551,0.33,0.34,95.0,14.42,0.01,0.66,0.67,14.42,95.0,0.01,0.335,0.665,0.131786,0.868214,73007.53
1775952547998,2026-04-12T00:09:07.998,btc-updown-15m-1775952000,1775952900,Down,107564673209849850141584667341867895188475599634660777491187760159712519821674,14139639654822827924164629792196511566788433773635708227257990474054258395551,0.32,0.33,111.9,4.99,0.01,0.67,0.68,4.99,111.9,0.01,0.325,0.675,0.04269,0.95731,73007.53
1775952548999,2026-04-12T00:09:08.999,btc-updown-15m-1775952000,1775952900,Down,107564673209849850141584667341867895188475599634660777491187760159712519821674,14139639654822827924164629792196511566788433773635708227257990474054258395551,0.31,0.32,120.0,98.6,0.01,0.68,0.69,98.6,120.0,0.01,0.315,0.685,0.451052,0.548948,73007.53
1775952549999,2026-04-12T00:09:09.999,btc-updown-15m-1775952000,1775952900,Down,107564673209849850141584667341867895188475599634660777491187760159712519821674,14139639654822827924164629792196511566788433773635708227257990474054258395551,0.31,0.32,101.87,21.6,0.01,0.68,0.69,21.6,101.87,0.01,0.315,0.685,0.174941,0.825059,73007.53
1775952551000,2026-04-12T00:09:11.000,btc-updown-15m-1775952000,1775952900,Down,107564673209849850141584667341867895188475599634660777491187760159712519821674,14139639654822827924164629792196511566788433773635708227257990474054258395551,0.31,0.32,101.87,81.66,0.01,0.68,0.69,81.66,101.87,0.01,0.315,0.685,0.444941,0.555059,73007.53
1775952552002,2026-04-12T00:09:12.002,btc-updown-15m-1775952000,1775952900,Down,107564673209849850141584667341867895188475599634660777491187760159712519821674,14139639654822827924164629792196511566788433773635708227257990474054258395551,0.31,0.32,96.87,61.6,0.01,0.68,0.69,61.6,96.87,0.01,0.315,0.685,0.388717,0.611283,73007.53
1775952553003,2026-04-12T00:09:13.003,btc-updown-15m-1775952000,1775952900,Down,107564673209849850141584667341867895188475599634660777491187760159712519821674,14139639654822827924164629792196511566788433773635708227257990474054258395551,0.31,0.32,96.87,72.8,0.01,0.68,0.69,72.8,96.87,0.01,0.315,0.685,0.429068,0.570932,73007.53
1775952554004,2026-04-12T00:09:14.004,btc-updown-15m-1775952000,1775952900,Down,107564673209849850141584667341867895188475599634660777491187760159712519821674,14139639654822827924164629792196511566788433773635708227257990474054258395551,0.31,0.32,124.92,70.71,0.01,0.68,0.69,70.71,124.92,0.01,0.315,0.685,0.361448,0.638552,73007.54
1775952555004,2026-04-12T00:09:15.004,btc-updown-15m-1775952000,1775952900,Down,107564673209849850141584667341867895188475599634660777491187760159712519821674,14139639654822827924164629792196511566788433773635708227257990474054258395551,0.31,0.32,123.32,70.71,0.01,0.68,0.69,70.71,123.32,0.01,0.315,0.685,0.364428,0.635572,73007.54
1775952556004,2026-04-12T00:09:16.004,btc-updown-15m-1775952000,1775952900,Down,107564673209849850141584667341867895188475599634660777491187760159712519821674,14139639654822827924164629792196511566788433773635708227257990474054258395551,0.31,0.32,116.76,50.42,0.01,0.68,0.69,50.42,116.76,0.01,0.315,0.685,0.301591,0.698409,73007.54
1775952557006,2026-04-12T00:09:17.006,btc-updown-15m-1775952000,1775952900,Down,107564673209849850141584667341867895188475599634660777491187760159712519821674,14139639654822827924164629792196511566788433773635708227257990474054258395551,0.31,0.32,110.99,21.43,0.01,0.68,0.69,21.43,110.99,0.01,0.315,0.685,0.161834,0.838166,73007.54
1775952558006,2026-04-12T00:09:18.006,btc-updown-15m-1775952000,1775952900,Down,107564673209849850141584667341867895188475599634660777491187760159712519821674,14139639654822827924164629792196511566788433773635708227257990474054258395551,0.31,0.32,85.63,21.43,0.01,0.68,0.69,21.43,85.63,0.01,0.315,0.685,0.200168,0.799832,73007.54
1775952559007,2026-04-12T00:09:19.007,btc-updown-15m-1775952000,1775952900,Down,107564673209849850141584667341867895188475599634660777491187760159712519821674,14139639654822827924164629792196511566788433773635708227257990474054258395551,0.31,0.32,71.63,1.14,0.01,0.68,0.69,1.14,71.63,0.01,0.315,0.685,0.015666,0.984334,73007.54
1775952560008,2026-04-12T00:09:20.008,btc-updown-15m-1775952000,1775952900,Down,107564673209849850141584667341867895188475599634660777491187760159712519821674,14139639654822827924164629792196511566788433773635708227257990474054258395551,0.31,0.32,61.63,10.0,0.01,0.68,0.69,10.0,61.63,0.01,0.315,0.685,0.139606,0.860394,73006.99
1775952561008,2026-04-12T00:09:21.008,btc-updown-15m-1775952000,1775952900,Down,107564673209849850141584667341867895188475599634660777491187760159712519821674,14139639654822827924164629792196511566788433773635708227257990474054258395551,0.3,0.32,75.63,138.06,0.02,0.68,0.7,138.06,75.63,0.02,0.31,0.69,0.646076,0.353924,73006.99
1775952562009,2026-04-12T00:09:22.009,btc-updown-15m-1775952000,1775952900,Down,107564673209849850141584667341867895188475599634660777491187760159712519821674,14139639654822827924164629792196511566788433773635708227257990474054258395551,0.3,0.31,165.29,2.03,0.01,0.69,0.7,2.03,165.29,0.01,0.305,0.695,0.012132,0.987868,73006.99
1775952563009,2026-04-12T00:09:23.009,btc-updown-15m-1775952000,1775952900,Down,107564673209849850141584667341867895188475599634660777491187760159712519821674,14139639654822827924164629792196511566788433773635708227257990474054258395551,0.28,0.29,7.78,143.0,0.01,0.71,0.72,143.0,7.78,0.01,0.285,0.715,0.948402,0.051598,73003.13
1775952564010,2026-04-12T00:09:24.010,btc-updown-15m-1775952000,1775952900,Down,107564673209849850141584667341867895188475599634660777491187760159712519821674,14139639654822827924164629792196511566788433773635708227257990474054258395551,0.28,0.29,232.5,133.0,0.01,0.71,0.72,133.0,232.5,0.01,0.285,0.715,0.363885,0.636115,73003.13
1775952565010,2026-04-12T00:09:25.010,btc-updown-15m-1775952000,1775952900,Down,107564673209849850141584667341867895188475599634660777491187760159712519821674,14139639654822827924164629792196511566788433773635708227257990474054258395551,0.27,0.28,212.0,136.2,0.01,0.72,0.73,136.2,212.0,0.01,0.275,0.725,0.391155,0.608845,73003.13
1775952566011,2026-04-12T00:09:26.011,btc-updown-15m-1775952000,1775952900,Down,107564673209849850141584667341867895188475599634660777491187760159712519821674,14139639654822827924164629792196511566788433773635708227257990474054258395551,0.27,0.29,118.09,123.0,0.02,0.72,0.73,118.0,3.0,0.01,0.28,0.725,0.510183,0.024793,73002.0
1775952567011,2026-04-12T00:09:27.011,btc-updown-15m-1775952000,1775952900,Down,107564673209849850141584667341867895188475599634660777491187760159712519821674,14139639654822827924164629792196511566788433773635708227257990474054258395551,0.27,0.29,118.09,98.0,0.02,0.71,0.73,98.0,118.09,0.02,0.28,0.72,0.453515,0.546485,73002.0
1775952568012,2026-04-12T00:09:28.012,btc-updown-15m-1775952000,1775952900,Down,107564673209849850141584667341867895188475599634660777491187760159712519821674,14139639654822827924164629792196511566788433773635708227257990474054258395551,0.27,0.28,21.28,9.86,0.01,0.72,0.73,9.86,21.28,0.01,0.275,0.725,0.316635,0.683365,73002.0
1775952569012,2026-04-12T00:09:29.012,btc-updown-15m-1775952000,1775952900,Down,107564673209849850141584667341867895188475599634660777491187760159712519821674,14139639654822827924164629792196511566788433773635708227257990474054258395551,0.26,0.28,106.32,200.0,0.02,0.72,0.74,200.0,106.32,0.02,0.27,0.73,0.652912,0.347088,73002.0
1775952570013,2026-04-12T00:09:30.013,btc-updown-15m-1775952000,1775952900,Down,107564673209849850141584667341867895188475599634660777491187760159712519821674,14139639654822827924164629792196511566788433773635708227257990474054258395551,0.27,0.29,236.09,89.14,0.02,0.71,0.73,89.14,236.09,0.02,0.28,0.72,0.274083,0.725917,73002.0
1775952571013,2026-04-12T00:09:31.013,btc-updown-15m-1775952000,1775952900,Down,107564673209849850141584667341867895188475599634660777491187760159712519821674,14139639654822827924164629792196511566788433773635708227257990474054258395551,0.27,0.28,117.0,84.96,0.01,0.72,0.73,84.96,117.0,0.01,0.275,0.725,0.420677,0.579323,73002.0
1775952572014,2026-04-12T00:09:32.014,btc-updown-15m-1775952000,1775952900,Down,107564673209849850141584667341867895188475599634660777491187760159712519821674,14139639654822827924164629792196511566788433773635708227257990474054258395551,0.26,0.27,149.54,42.0,0.01,0.73,0.74,42.0,149.54,0.01,0.265,0.735,0.219275,0.780725,73002.0
1775952573014,2026-04-12T00:09:33.014,btc-updown-15m-1775952000,1775952900,Down,107564673209849850141584667341867895188475599634660777491187760159712519821674,14139639654822827924164629792196511566788433773635708227257990474054258395551,0.26,0.27,146.2,37.0,0.01,0.73,0.74,37.0,146.2,0.01,0.265,0.735,0.201965,0.798035,73002.0
1775952574015,2026-04-12T00:09:34.015,btc-updown-15m-1775952000,1775952900,Down,107564673209849850141584667341867895188475599634660777491187760159712519821674,14139639654822827924164629792196511566788433773635708227257990474054258395551,0.26,0.27,49.84,107.0,0.01,0.73,0.74,107.0,49.84,0.01,0.265,0.735,0.682224,0.317776,73002.0
1775952575016,2026-04-12T00:09:35.016,btc-updown-15m-1775952000,1775952900,Down,107564673209849850141584667341867895188475599634660777491187760159712519821674,14139639654822827924164629792196511566788433773635708227257990474054258395551,0.26,0.28,131.89,260.0,0.02,0.72,0.74,260.0,131.89,0.02,0.27,0.73,0.663451,0.336549,73002.0
1775952576017,2026-04-12T00:09:36.017,btc-updown-15m-1775952000,1775952900,Down,107564673209849850141584667341867895188475599634660777491187760159712519821674,14139639654822827924164629792196511566788433773635708227257990474054258395551,0.26,0.28,131.89,260.0,0.02,0.72,0.74,260.0,131.89,0.02,0.27,0.73,0.663451,0.336549,73002.0
1775952577018,2026-04-12T00:09:37.018,btc-updown-15m-1775952000,1775952900,Down,107564673209849850141584667341867895188475599634660777491187760159712519821674,14139639654822827924164629792196511566788433773635708227257990474054258395551,0.26,0.27,125.0,71.0,0.01,0.73,0.74,71.0,125.0,0.01,0.265,0.735,0.362245,0.637755,73002.0
1775952578019,2026-04-12T00:09:38.019,btc-updown-15m-1775952000,1775952900,Down,107564673209849850141584667341867895188475599634660777491187760159712519821674,14139639654822827924164629792196511566788433773635708227257990474054258395551,0.2,0.21,131.88,58.0,0.01,0.79,0.8,58.0,131.88,0.01,0.205,0.795,0.305456,0.694544,72995.21
1775952579019,2026-04-12T00:09:39.019,btc-updown-15m-1775952000,1775952900,Down,107564673209849850141584667341867895188475599634660777491187760159712519821674,14139639654822827924164629792196511566788433773635708227257990474054258395551,0.23,0.25,138.68,140.0,0.02,0.75,0.77,140.0,138.68,0.02,0.24,0.76,0.502368,0.497632,72995.21
1775952580019,2026-04-12T00:09:40.019,btc-updown-15m-1775952000,1775952900,Down,107564673209849850141584667341867895188475599634660777491187760159712519821674,14139639654822827924164629792196511566788433773635708227257990474054258395551,0.25,0.26,14.84,100.0,0.01,0.74,0.75,100.0,14.84,0.01,0.255,0.745,0.870777,0.129223,72995.21
1775952581021,2026-04-12T00:09:41.021,btc-updown-15m-1775952000,1775952900,Down,107564673209849850141584667341867895188475599634660777491187760159712519821674,14139639654822827924164629792196511566788433773635708227257990474054258395551,0.25,0.26,7.6,184.43,0.01,0.74,0.75,184.43,7.6,0.01,0.255,0.745,0.960423,0.039577,73001.26
1775952582021,2026-04-12T00:09:42.021,btc-updown-15m-1775952000,1775952900,Down,107564673209849850141584667341867895188475599634660777491187760159712519821674,14139639654822827924164629792196511566788433773635708227257990474054258395551,0.27,0.28,50.65,123.24,0.01,0.72,0.73,123.24,50.65,0.01,0.275,0.725,0.708724,0.291276,73001.26
1775952583021,2026-04-12T00:09:43.021,btc-updown-15m-1775952000,1775952900,Down,107564673209849850141584667341867895188475599634660777491187760159712519821674,14139639654822827924164629792196511566788433773635708227257990474054258395551,0.27,0.29,17.0,85.3,0.02,0.71,0.73,85.3,17.0,0.02,0.28,0.72,0.833822,0.166178,73001.26
1775952584022,2026-04-12T00:09:44.022,btc-updown-15m-1775952000,1775952900,Down,107564673209849850141584667341867895188475599634660777491187760159712519821674,14139639654822827924164629792196511566788433773635708227257990474054258395551,0.27,0.28,34.0,37.42,0.01,0.72,0.73,37.42,34.0,0.01,0.275,0.725,0.523943,0.476057,73009.17
1775952585022,2026-04-12T00:09:45.022,btc-updown-15m-1775952000,1775952900,Down,107564673209849850141584667341867895188475599634660777491187760159712519821674,14139639654822827924164629792196511566788433773635708227257990474054258395551,0.27,0.28,34.0,54.99,0.01,0.72,0.73,54.99,34.0,0.01,0.275,0.725,0.617935,0.382065,73009.17
1775952586023,2026-04-12T00:09:46.023,btc-updown-15m-1775952000,1775952900,Down,107564673209849850141584667341867895188475599634660777491187760159712519821674,14139639654822827924164629792196511566788433773635708227257990474054258395551,0.27,0.28,62.0,78.19,0.01,0.72,0.73,78.19,62.0,0.01,0.275,0.725,0.557743,0.442257,73009.17
1775952587024,2026-04-12T00:09:47.024,btc-updown-15m-1775952000,1775952900,Down,107564673209849850141584667341867895188475599634660777491187760159712519821674,14139639654822827924164629792196511566788433773635708227257990474054258395551,0.27,0.28,76.0,59.01,0.01,0.72,0.73,59.01,76.0,0.01,0.275,0.725,0.437079,0.562921,73009.16
1775952588024,2026-04-12T00:09:48.024,btc-updown-15m-1775952000,1775952900,Down,107564673209849850141584667341867895188475599634660777491187760159712519821674,14139639654822827924164629792196511566788433773635708227257990474054258395551,0.27,0.28,76.0,59.01,0.01,0.72,0.73,59.01,76.0,0.01,0.275,0.725,0.437079,0.562921,73009.16
1775952589025,2026-04-12T00:09:49.025,btc-updown-15m-1775952000,1775952900,Down,107564673209849850141584667341867895188475599634660777491187760159712519821674,14139639654822827924164629792196511566788433773635708227257990474054258395551,0.27,0.28,23.28,116.22,0.01,0.72,0.73,116.22,23.28,0.01,0.275,0.725,0.833118,0.166882,73009.16
1775952590026,2026-04-12T00:09:50.026,btc-updown-15m-1775952000,1775952900,Down,107564673209849850141584667341867895188475599634660777491187760159712519821674,14139639654822827924164629792196511566788433773635708227257990474054258395551,0.27,0.28,2.23,97.04,0.01,0.72,0.73,97.04,2.23,0.01,0.275,0.725,0.977536,0.022464,73009.17
1775952591027,2026-04-12T00:09:51.027,btc-updown-15m-1775952000,1775952900,Down,107564673209849850141584667341867895188475599634660777491187760159712519821674,14139639654822827924164629792196511566788433773635708227257990474054258395551,0.27,0.29,193.41,97.04,0.02,0.71,0.73,97.04,193.41,0.02,0.28,0.72,0.334102,0.665898,73009.17
1775952592028,2026-04-12T00:09:52.028,btc-updown-15m-1775952000,1775952900,Down,107564673209849850141584667341867895188475599634660777491187760159712519821674,14139639654822827924164629792196511566788433773635708227257990474054258395551,0.28,0.29,186.5,48.58,0.01,0.71,0.72,48.58,186.5,0.01,0.285,0.715,0.206653,0.793347,73009.17
1775952593029,2026-04-12T00:09:53.029,btc-updown-15m-1775952000,1775952900,Down,107564673209849850141584667341867895188475599634660777491187760159712519821674,14139639654822827924164629792196511566788433773635708227257990474054258395551,0.28,0.29,186.5,48.58,0.01,0.71,0.72,48.58,186.5,0.01,0.285,0.715,0.206653,0.793347,73009.16
1775952594030,2026-04-12T00:09:54.030,btc-updown-15m-1775952000,1775952900,Down,107564673209849850141584667341867895188475599634660777491187760159712519821674,14139639654822827924164629792196511566788433773635708227257990474054258395551,0.28,0.29,177.25,73.95,0.01,0.71,0.72,73.95,177.25,0.01,0.285,0.715,0.294387,0.705613,73009.16
1775952595031,2026-04-12T00:09:55.031,btc-updown-15m-1775952000,1775952900,Down,107564673209849850141584667341867895188475599634660777491187760159712519821674,14139639654822827924164629792196511566788433773635708227257990474054258395551,0.29,0.3,81.72,65.0,0.01,0.7,0.71,65.0,81.72,0.01,0.295,0.705,0.443021,0.556979,73009.16
1775952596032,2026-04-12T00:09:56.032,btc-updown-15m-1775952000,1775952900,Down,107564673209849850141584667341867895188475599634660777491187760159712519821674,14139639654822827924164629792196511566788433773635708227257990474054258395551,0.29,0.3,81.72,65.0,0.01,0.7,0.71,65.0,81.72,0.01,0.295,0.705,0.443021,0.556979,73009.16
1775952597033,2026-04-12T00:09:57.033,btc-updown-15m-1775952000,1775952900,Down,107564673209849850141584667341867895188475599634660777491187760159712519821674,14139639654822827924164629792196511566788433773635708227257990474054258395551,0.29,0.3,87.05,158.66,0.01,0.7,0.71,158.66,87.05,0.01,0.295,0.705,0.645721,0.354279,73009.16
1775952598034,2026-04-12T00:09:58.034,btc-updown-15m-1775952000,1775952900,Down,107564673209849850141584667341867895188475599634660777491187760159712519821674,14139639654822827924164629792196511566788433773635708227257990474054258395551,0.29,0.3,72.78,174.92,0.01,0.7,0.71,174.92,72.78,0.01,0.295,0.705,0.706177,0.293823,73009.16
1775952599034,2026-04-12T00:09:59.034,btc-updown-15m-1775952000,1775952900,Down,107564673209849850141584667341867895188475599634660777491187760159712519821674,14139639654822827924164629792196511566788433773635708227257990474054258395551,0.29,0.3,71.88,131.33,0.01,0.7,0.71,131.33,71.88,0.01,0.295,0.705,0.646277,0.353723,73009.17
1775952600035,2026-04-12T00:10:00.035,btc-updown-15m-1775952000,1775952900,Down,107564673209849850141584667341867895188475599634660777491187760159712519821674,14139639654822827924164629792196511566788433773635708227257990474054258395551,0.25,0.27,108.5,56.21,0.02,0.73,0.75,56.21,108.5,0.02,0.26,0.74,0.341266,0.658734,73009.17
1775952601036,2026-04-12T00:10:01.036,btc-updown-15m-1775952000,1775952900,Down,107564673209849850141584667341867895188475599634660777491187760159712519821674,14139639654822827924164629792196511566788433773635708227257990474054258395551,0.24,0.25,42.56,80.87,0.01,0.75,0.76,80.87,42.56,0.01,0.245,0.755,0.655189,0.344811,73009.17
1775952602037,2026-04-12T00:10:02.037,btc-updown-15m-1775952000,1775952900,Down,107564673209849850141584667341867895188475599634660777491187760159712519821674,14139639654822827924164629792196511566788433773635708227257990474054258395551,0.23,0.24,89.81,125.96,0.01,0.76,0.77,125.96,89.81,0.01,0.235,0.765,0.58377,0.41623,73003.53
1775952603038,2026-04-12T00:10:03.038,btc-updown-15m-1775952000,1775952900,Down,107564673209849850141584667341867895188475599634660777491187760159712519821674,14139639654822827924164629792196511566788433773635708227257990474054258395551,0.24,0.3,30.7,27.0,0.06,0.7,0.76,27.0,30.7,0.06,0.27,0.73,0.467938,0.532062,73003.53
1775952604039,2026-04-12T00:10:04.039,btc-updown-15m-1775952000,1775952900,Down,107564673209849850141584667341867895188475599634660777491187760159712519821674,14139639654822827924164629792196511566788433773635708227257990474054258395551,0.25,0.27,160.5,128.86,0.02,0.73,0.75,128.86,160.5,0.02,0.26,0.74,0.445328,0.554672,73003.53
1775952605040,2026-04-12T00:10:05.040,btc-updown-15m-1775952000,1775952900,Down,107564673209849850141584667341867895188475599634660777491187760159712519821674,14139639654822827924164629792196511566788433773635708227257990474054258395551,0.25,0.27,160.5,128.86,0.02,0.73,0.75,128.86,160.5,0.02,0.26,0.74,0.445328,0.554672,73003.54
1775952606040,2026-04-12T00:10:06.040,btc-updown-15m-1775952000,1775952900,Down,107564673209849850141584667341867895188475599634660777491187760159712519821674,14139639654822827924164629792196511566788433773635708227257990474054258395551,0.25,0.26,151.26,145.86,0.01,0.74,0.75,145.86,151.26,0.01,0.255,0.745,0.490913,0.509087,73003.54
1775952607041,2026-04-12T00:10:07.041,btc-updown-15m-1775952000,1775952900,Down,107564673209849850141584667341867895188475599634660777491187760159712519821674,14139639654822827924164629792196511566788433773635708227257990474054258395551,0.25,0.26,151.26,145.86,0.01,0.74,0.75,145.86,151.26,0.01,0.255,0.745,0.490913,0.509087,73003.54
1775952608041,2026-04-12T00:10:08.041,btc-updown-15m-1775952000,1775952900,Down,107564673209849850141584667341867895188475599634660777491187760159712519821674,14139639654822827924164629792196511566788433773635708227257990474054258395551,0.23,0.26,61.7,70.96,0.03,0.74,0.77,70.96,61.7,0.03,0.245,0.755,0.534901,0.465099,73003.54
1775952609041,2026-04-12T00:10:09.041,btc-updown-15m-1775952000,1775952900,Down,107564673209849850141584667341867895188475599634660777491187760159712519821674,14139639654822827924164629792196511566788433773635708227257990474054258395551,0.28,0.3,301.56,23.57,0.02,0.7,0.72,23.57,301.56,0.02,0.29,0.71,0.072494,0.927506,73003.54
1775952610043,2026-04-12T00:10:10.043,btc-updown-15m-1775952000,1775952900,Down,107564673209849850141584667341867895188475599634660777491187760159712519821674,14139639654822827924164629792196511566788433773635708227257990474054258395551,0.29,0.3,71.65,62.5,0.01,0.7,0.71,62.5,71.65,0.01,0.295,0.705,0.465896,0.534104,73003.54
1775952611044,2026-04-12T00:10:11.044,btc-updown-15m-1775952000,1775952900,Down,107564673209849850141584667341867895188475599634660777491187760159712519821674,14139639654822827924164629792196511566788433773635708227257990474054258395551,0.29,0.3,78.75,47.68,0.01,0.7,0.71,47.68,78.75,0.01,0.295,0.705,0.377126,0.622874,73008.48
1775952612045,2026-04-12T00:10:12.045,btc-updown-15m-1775952000,1775952900,Down,107564673209849850141584667341867895188475599634660777491187760159712519821674,14139639654822827924164629792196511566788433773635708227257990474054258395551,0.29,0.3,78.75,56.73,0.01,0.7,0.71,56.73,78.75,0.01,0.295,0.705,0.418733,0.581267,73008.48
1775952613046,2026-04-12T00:10:13.046,btc-updown-15m-1775952000,1775952900,Down,107564673209849850141584667341867895188475599634660777491187760159712519821674,14139639654822827924164629792196511566788433773635708227257990474054258395551,0.29,0.3,78.75,56.73,0.01,0.7,0.71,56.73,78.75,0.01,0.295,0.705,0.418733,0.581267,73008.48
1775952614046,2026-04-12T00:10:14.046,btc-updown-15m-1775952000,1775952900,Down,107564673209849850141584667341867895188475599634660777491187760159712519821674,14139639654822827924164629792196511566788433773635708227257990474054258395551,0.29,0.3,83.75,17.92,0.01,0.7,0.71,17.92,83.75,0.01,0.295,0.705,0.176257,0.823743,73008.49
1775952615047,2026-04-12T00:10:15.047,btc-updown-15m-1775952000,1775952900,Down,107564673209849850141584667341867895188475599634660777491187760159712519821674,14139639654822827924164629792196511566788433773635708227257990474054258395551,0.29,0.3,83.75,17.92,0.01,0.7,0.71,17.92,83.75,0.01,0.295,0.705,0.176257,0.823743,73008.49
1775952616048,2026-04-12T00:10:16.048,btc-updown-15m-1775952000,1775952900,Down,107564673209849850141584667341867895188475599634660777491187760159712519821674,14139639654822827924164629792196511566788433773635708227257990474054258395551,0.29,0.3,226.75,37.96,0.01,0.7,0.71,37.96,226.75,0.01,0.295,0.705,0.143402,0.856598,73008.49
1775952617049,2026-04-12T00:10:17.049,btc-updown-15m-1775952000,1775952900,Down,107564673209849850141584667341867895188475599634660777491187760159712519821674,14139639654822827924164629792196511566788433773635708227257990474054258395551,0.28,0.29,174.59,32.78,0.01,0.71,0.72,32.78,174.59,0.01,0.285,0.715,0.158075,0.841925,73008.48
1775952618049,2026-04-12T00:10:18.049,btc-updown-15m-1775952000,1775952900,Down,107564673209849850141584667341867895188475599634660777491187760159712519821674,14139639654822827924164629792196511566788433773635708227257990474054258395551,0.27,0.28,66.6,128.0,0.01,0.72,0.73,128.0,66.6,0.01,0.275,0.725,0.65776,0.34224,73008.48
1775952619051,2026-04-12T00:10:19.051,btc-updown-15m-1775952000,1775952900,Down,107564673209849850141584667341867895188475599634660777491187760159712519821674,14139639654822827924164629792196511566788433773635708227257990474054258395551,0.27,0.28,26.77,128.0,0.01,0.72,0.73,128.0,26.77,0.01,0.275,0.725,0.827034,0.172966,73008.48
1775952620052,2026-04-12T00:10:20.052,btc-updown-15m-1775952000,1775952900,Down,107564673209849850141584667341867895188475599634660777491187760159712519821674,14139639654822827924164629792196511566788433773635708227257990474054258395551,0.27,0.28,56.77,10.82,0.01,0.72,0.73,10.82,56.77,0.01,0.275,0.725,0.160083,0.839917,73008.48
1775952621052,2026-04-12T00:10:21.052,btc-updown-15m-1775952000,1775952900,Down,107564673209849850141584667341867895188475599634660777491187760159712519821674,14139639654822827924164629792196511566788433773635708227257990474054258395551,0.27,0.28,56.77,10.82,0.01,0.72,0.73,10.82,56.77,0.01,0.275,0.725,0.160083,0.839917,73008.48
1775952622054,2026-04-12T00:10:22.054,btc-updown-15m-1775952000,1775952900,Down,107564673209849850141584667341867895188475599634660777491187760159712519821674,14139639654822827924164629792196511566788433773635708227257990474054258395551,0.27,0.28,56.77,10.82,0.01,0.72,0.73,10.82,56.77,0.01,0.275,0.725,0.160083,0.839917,73008.48
1775952623054,2026-04-12T00:10:23.054,btc-updown-15m-1775952000,1775952900,Down,107564673209849850141584667341867895188475599634660777491187760159712519821674,14139639654822827924164629792196511566788433773635708227257990474054258395551,0.27,0.28,46.77,31.46,0.01,0.72,0.73,31.46,46.77,0.01,0.275,0.725,0.402148,0.597852,73008.49
1775952624055,2026-04-12T00:10:24.055,btc-updown-15m-1775952000,1775952900,Down,107564673209849850141584667341867895188475599634660777491187760159712519821674,14139639654822827924164629792196511566788433773635708227257990474054258395551,0.27,0.28,46.77,31.46,0.01,0.72,0.73,31.46,46.77,0.01,0.275,0.725,0.402148,0.597852,73008.49
1775952625056,2026-04-12T00:10:25.056,btc-updown-15m-1775952000,1775952900,Down,107564673209849850141584667341867895188475599634660777491187760159712519821674,14139639654822827924164629792196511566788433773635708227257990474054258395551,0.27,0.28,46.77,31.46,0.01,0.72,0.73,31.46,46.77,0.01,0.275,0.725,0.402148,0.597852,73008.49
1775952626057,2026-04-12T00:10:26.057,btc-updown-15m-1775952000,1775952900,Down,107564673209849850141584667341867895188475599634660777491187760159712519821674,14139639654822827924164629792196511566788433773635708227257990474054258395551,0.27,0.28,66.77,10.25,0.01,0.72,0.73,10.25,66.77,0.01,0.275,0.725,0.133082,0.866918,73008.49
1775952627058,2026-04-12T00:10:27.058,btc-updown-15m-1775952000,1775952900,Down,107564673209849850141584667341867895188475599634660777491187760159712519821674,14139639654822827924164629792196511566788433773635708227257990474054258395551,0.27,0.28,69.39,21.85,0.01,0.72,0.73,21.85,69.39,0.01,0.275,0.725,0.239478,0.760522,73008.49
1775952628059,2026-04-12T00:10:28.059,btc-updown-15m-1775952000,1775952900,Down,107564673209849850141584667341867895188475599634660777491187760159712519821674,14139639654822827924164629792196511566788433773635708227257990474054258395551,0.27,0.28,66.49,21.85,0.01,0.72,0.73,21.85,66.49,0.01,0.275,0.725,0.24734,0.75266,73008.49
1775952629060,2026-04-12T00:10:29.060,btc-updown-15m-1775952000,1775952900,Down,107564673209849850141584667341867895188475599634660777491187760159712519821674,14139639654822827924164629792196511566788433773635708227257990474054258395551,0.27,0.28,60.45,24.78,0.01,0.72,0.73,24.78,60.45,0.01,0.275,0.725,0.290743,0.709257,73008.48
1775952630061,2026-04-12T00:10:30.061,btc-updown-15m-1775952000,1775952900,Down,107564673209849850141584667341867895188475599634660777491187760159712519821674,14139639654822827924164629792196511566788433773635708227257990474054258395551,0.27,0.28,87.45,24.78,0.01,0.72,0.73,24.78,87.45,0.01,0.275,0.725,0.220797,0.779203,73008.48
1775952631062,2026-04-12T00:10:31.062,btc-updown-15m-1775952000,1775952900,Down,107564673209849850141584667341867895188475599634660777491187760159712519821674,14139639654822827924164629792196511566788433773635708227257990474054258395551,0.27,0.28,163.04,5.6,0.01,0.72,0.73,5.6,163.04,0.01,0.275,0.725,0.033207,0.966793,73008.48
1775952632063,2026-04-12T00:10:32.063,btc-updown-15m-1775952000,1775952900,Down,107564673209849850141584667341867895188475599634660777491187760159712519821674,14139639654822827924164629792196511566788433773635708227257990474054258395551,0.23,0.25,17.0,140.66,0.02,0.75,0.77,140.66,17.0,0.02,0.24,0.76,0.892173,0.107827,73008.48
1775952633064,2026-04-12T00:10:33.064,btc-updown-15m-1775952000,1775952900,Down,107564673209849850141584667341867895188475599634660777491187760159712519821674,14139639654822827924164629792196511566788433773635708227257990474054258395551,0.24,0.25,4.24,510.77,0.01,0.75,0.76,510.77,4.24,0.01,0.245,0.755,0.991767,0.008233,73008.48
1775952634065,2026-04-12T00:10:34.065,btc-updown-15m-1775952000,1775952900,Down,107564673209849850141584667341867895188475599634660777491187760159712519821674,14139639654822827924164629792196511566788433773635708227257990474054258395551,0.24,0.25,4.24,510.77,0.01,0.75,0.76,510.77,4.24,0.01,0.245,0.755,0.991767,0.008233,73008.48
1775952635066,2026-04-12T00:10:35.066,btc-updown-15m-1775952000,1775952900,Down,107564673209849850141584667341867895188475599634660777491187760159712519821674,14139639654822827924164629792196511566788433773635708227257990474054258395551,0.24,0.25,4.24,510.77,0.01,0.75,0.76,510.77,4.24,0.01,0.245,0.755,0.991767,0.008233,73008.49
1775952636067,2026-04-12T00:10:36.067,btc-updown-15m-1775952000,1775952900,Down,107564673209849850141584667341867895188475599634660777491187760159712519821674,14139639654822827924164629792196511566788433773635708227257990474054258395551,0.24,0.25,10.0,636.34,0.01,0.75,0.76,636.34,10.0,0.01,0.245,0.755,0.984528,0.015472,73008.49
1775952637067,2026-04-12T00:10:37.067,btc-updown-15m-1775952000,1775952900,Down,107564673209849850141584667341867895188475599634660777491187760159712519821674,14139639654822827924164629792196511566788433773635708227257990474054258395551,0.24,0.25,10.0,675.31,0.01,0.75,0.76,675.31,10.0,0.01,0.245,0.755,0.985408,0.014592,73008.49
1775952638068,2026-04-12T00:10:38.068,btc-updown-15m-1775952000,1775952900,Down,107564673209849850141584667341867895188475599634660777491187760159712519821674,14139639654822827924164629792196511566788433773635708227257990474054258395551,0.25,0.26,8.92,84.65,0.01,0.74,0.75,84.65,8.92,0.01,0.255,0.745,0.90467,0.09533,73008.49
1775952639068,2026-04-12T00:10:39.068,btc-updown-15m-1775952000,1775952900,Down,107564673209849850141584667341867895188475599634660777491187760159712519821674,14139639654822827924164629792196511566788433773635708227257990474054258395551,0.25,0.26,8.92,118.31,0.01,0.74,0.75,118.31,8.92,0.01,0.255,0.745,0.929891,0.070109,73008.49
1775952640069,2026-04-12T00:10:40.069,btc-updown-15m-1775952000,1775952900,Down,107564673209849850141584667341867895188475599634660777491187760159712519821674,14139639654822827924164629792196511566788433773635708227257990474054258395551,0.25,0.26,13.55,156.64,0.01,0.74,0.75,156.64,13.55,0.01,0.255,0.745,0.920383,0.079617,73008.49
1775952641070,2026-04-12T00:10:41.070,btc-updown-15m-1775952000,1775952900,Down,107564673209849850141584667341867895188475599634660777491187760159712519821674,14139639654822827924164629792196511566788433773635708227257990474054258395551,0.25,0.26,4.25,156.64,0.01,0.74,0.75,156.64,4.25,0.01,0.255,0.745,0.973584,0.026416,73008.49
1775952642070,2026-04-12T00:10:42.070,btc-updown-15m-1775952000,1775952900,Down,107564673209849850141584667341867895188475599634660777491187760159712519821674,14139639654822827924164629792196511566788433773635708227257990474054258395551,0.25,0.26,13.92,126.64,0.01,0.74,0.75,126.64,13.92,0.01,0.255,0.745,0.900968,0.099032,73008.49
1775952643071,2026-04-12T00:10:43.071,btc-updown-15m-1775952000,1775952900,Down,107564673209849850141584667341867895188475599634660777491187760159712519821674,14139639654822827924164629792196511566788433773635708227257990474054258395551,0.25,0.26,5.47,126.64,0.01,0.74,0.75,126.64,5.47,0.01,0.255,0.745,0.958595,0.041405,73008.49
1775952644072,2026-04-12T00:10:44.072,btc-updown-15m-1775952000,1775952900,Down,107564673209849850141584667341867895188475599634660777491187760159712519821674,14139639654822827924164629792196511566788433773635708227257990474054258395551,0.25,0.26,1.62,76.0,0.01,0.74,0.75,76.0,1.62,0.01,0.255,0.745,0.979129,0.020871,73008.49
1775952645072,2026-04-12T00:10:45.072,btc-updown-15m-1775952000,1775952900,Down,107564673209849850141584667341867895188475599634660777491187760159712519821674,14139639654822827924164629792196511566788433773635708227257990474054258395551,0.25,0.26,28.92,58.9,0.01,0.74,0.75,58.9,28.92,0.01,0.255,0.745,0.67069,0.32931,73008.49
1775952646073,2026-04-12T00:10:46.073,btc-updown-15m-1775952000,1775952900,Down,107564673209849850141584667341867895188475599634660777491187760159712519821674,14139639654822827924164629792196511566788433773635708227257990474054258395551,0.25,0.26,39.06,57.56,0.01,0.74,0.75,57.56,39.06,0.01,0.255,0.745,0.595736,0.404264,73008.49
1775952647074,2026-04-12T00:10:47.074,btc-updown-15m-1775952000,1775952900,Down,107564673209849850141584667341867895188475599634660777491187760159712519821674,14139639654822827924164629792196511566788433773635708227257990474054258395551,0.25,0.26,20.14,66.86,0.01,0.74,0.75,66.86,20.14,0.01,0.255,0.745,0.768506,0.231494,73008.49
1775952648074,2026-04-12T00:10:48.074,btc-updown-15m-1775952000,1775952900,Down,107564673209849850141584667341867895188475599634660777491187760159712519821674,14139639654822827924164629792196511566788433773635708227257990474054258395551,0.25,0.26,20.14,66.86,0.01,0.74,0.75,66.86,20.14,0.01,0.255,0.745,0.768506,0.231494,73008.49
1775952649075,2026-04-12T00:10:49.075,btc-updown-15m-1775952000,1775952900,Down,107564673209849850141584667341867895188475599634660777491187760159712519821674,14139639654822827924164629792196511566788433773635708227257990474054258395551,0.25,0.26,20.14,66.86,0.01,0.74,0.75,66.86,20.14,0.01,0.255,0.745,0.768506,0.231494,73008.49
1775952650075,2026-04-12T00:10:50.075,btc-updown-15m-1775952000,1775952900,Down,107564673209849850141584667341867895188475599634660777491187760159712519821674,14139639654822827924164629792196511566788433773635708227257990474054258395551,0.25,0.26,118.14,72.93,0.01,0.74,0.75,72.93,118.14,0.01,0.255,0.745,0.381693,0.618307,73008.48
1775952651075,2026-04-12T00:10:51.075,btc-updown-15m-1775952000,1775952900,Down,107564673209849850141584667341867895188475599634660777491187760159712519821674,14139639654822827924164629792196511566788433773635708227257990474054258395551,0.25,0.26,99.53,82.93,0.01,0.74,0.75,82.93,99.53,0.01,0.255,0.745,0.454511,0.545489,73008.48
1775952652076,2026-04-12T00:10:52.076,btc-updown-15m-1775952000,1775952900,Down,107564673209849850141584667341867895188475599634660777491187760159712519821674,14139639654822827924164629792196511566788433773635708227257990474054258395551,0.31,0.32,17.24,90.0,0.01,0.68,0.69,90.0,17.24,0.01,0.315,0.685,0.839239,0.160761,73008.48
1775952653077,2026-04-12T00:10:53.077,btc-updown-15m-1775952000,1775952900,Down,107564673209849850141584667341867895188475599634660777491187760159712519821674,14139639654822827924164629792196511566788433773635708227257990474054258395551,0.31,0.32,17.47,192.07,0.01,0.68,0.69,192.07,17.47,0.01,0.315,0.685,0.916627,0.083373,73018.14
1775952654078,2026-04-12T00:10:54.078,btc-updown-15m-1775952000,1775952900,Down,107564673209849850141584667341867895188475599634660777491187760159712519821674,14139639654822827924164629792196511566788433773635708227257990474054258395551,0.31,0.32,17.47,192.07,0.01,0.68,0.69,192.07,17.47,0.01,0.315,0.685,0.916627,0.083373,73018.14
1775952655079,2026-04-12T00:10:55.079,btc-updown-15m-1775952000,1775952900,Down,107564673209849850141584667341867895188475599634660777491187760159712519821674,14139639654822827924164629792196511566788433773635708227257990474054258395551,0.55,0.63,20.52,114.37,0.08,0.37,0.45,114.37,20.52,0.08,0.59,0.41,0.847876,0.152124,73018.14
1775952656080,2026-04-12T00:10:56.080,btc-updown-15m-1775952000,1775952900,Down,107564673209849850141584667341867895188475599634660777491187760159712519821674,14139639654822827924164629792196511566788433773635708227257990474054258395551,0.53,0.54,17.5,191.63,0.01,0.46,0.47,191.63,17.5,0.01,0.535,0.465,0.91632,0.08368,73055.95
1775952657080,2026-04-12T00:10:57.080,btc-updown-15m-1775952000,1775952900,Down,107564673209849850141584667341867895188475599634660777491187760159712519821674,14139639654822827924164629792196511566788433773635708227257990474054258395551,0.54,0.56,143.0,170.0,0.02,0.44,0.46,170.0,143.0,0.02,0.55,0.45,0.543131,0.456869,73055.95
1775952658082,2026-04-12T00:10:58.082,btc-updown-15m-1775952000,1775952900,Down,107564673209849850141584667341867895188475599634660777491187760159712519821674,14139639654822827924164629792196511566788433773635708227257990474054258395551,0.54,0.56,8.1,157.0,0.02,0.44,0.46,157.0,8.1,0.02,0.55,0.45,0.950939,0.049061,73055.95
1775952659082,2026-04-12T00:10:59.082,btc-updown-15m-1775952000,1775952900,Down,107564673209849850141584667341867895188475599634660777491187760159712519821674,14139639654822827924164629792196511566788433773635708227257990474054258395551,0.55,0.63,42.24,148.72,0.08,0.37,0.45,148.72,42.24,0.08,0.59,0.41,0.778802,0.221198,73055.94
1775952660083,2026-04-12T00:11:00.083,btc-updown-15m-1775952000,1775952900,Down,107564673209849850141584667341867895188475599634660777491187760159712519821674,14139639654822827924164629792196511566788433773635708227257990474054258395551,0.54,0.55,35.0,0.29,0.01,0.45,0.46,0.29,35.0,0.01,0.545,0.455,0.008218,0.991782,73055.94
1775952661083,2026-04-12T00:11:01.083,btc-updown-15m-1775952000,1775952900,Down,107564673209849850141584667341867895188475599634660777491187760159712519821674,14139639654822827924164629792196511566788433773635708227257990474054258395551,0.54,0.58,221.56,5.0,0.04,0.42,0.46,5.0,221.56,0.04,0.56,0.44,0.022069,0.977931,73055.94
1775952662084,2026-04-12T00:11:02.084,btc-updown-15m-1775952000,1775952900,Down,107564673209849850141584667341867895188475599634660777491187760159712519821674,14139639654822827924164629792196511566788433773635708227257990474054258395551,0.43,0.44,135.0,43.51,0.01,0.56,0.57,43.51,135.0,0.01,0.435,0.565,0.24374,0.75626,73032.17
1775952663085,2026-04-12T00:11:03.085,btc-updown-15m-1775952000,1775952900,Down,107564673209849850141584667341867895188475599634660777491187760159712519821674,14139639654822827924164629792196511566788433773635708227257990474054258395551,0.39,0.41,202.25,40.0,0.02,0.59,0.61,40.0,202.25,0.02,0.4,0.6,0.165119,0.834881,73032.17
1775952664085,2026-04-12T00:11:04.085,btc-updown-15m-1775952000,1775952900,Down,107564673209849850141584667341867895188475599634660777491187760159712519821674,14139639654822827924164629792196511566788433773635708227257990474054258395551,0.4,0.41,218.17,14.8,0.01,0.59,0.6,14.8,218.17,0.01,0.405,0.595,0.063527,0.936473,73032.17
1775952665085,2026-04-12T00:11:05.085,btc-updown-15m-1775952000,1775952900,Down,107564673209849850141584667341867895188475599634660777491187760159712519821674,14139639654822827924164629792196511566788433773635708227257990474054258395551,0.4,0.41,218.17,9.8,0.01,0.59,0.6,9.8,218.17,0.01,0.405,0.595,0.042988,0.957012,73026.01
1775952666086,2026-04-12T00:11:06.086,btc-updown-15m-1775952000,1775952900,Down,107564673209849850141584667341867895188475599634660777491187760159712519821674,14139639654822827924164629792196511566788433773635708227257990474054258395551,0.4,0.41,218.17,9.8,0.01,0.59,0.6,9.8,218.17,0.01,0.405,0.595,0.042988,0.957012,73026.01
1775952667087,2026-04-12T00:11:07.087,btc-updown-15m-1775952000,1775952900,Down,107564673209849850141584667341867895188475599634660777491187760159712519821674,14139639654822827924164629792196511566788433773635708227257990474054258395551,0.4,0.41,218.17,9.8,0.01,0.59,0.6,9.8,218.17,0.01,0.405,0.595,0.042988,0.957012,73026.01
1775952668088,2026-04-12T00:11:08.088,btc-updown-15m-1775952000,1775952900,Down,107564673209849850141584667341867895188475599634660777491187760159712519821674,14139639654822827924164629792196511566788433773635708227257990474054258395551,0.38,0.4,285.5,39.65,0.02,0.6,0.62,39.65,285.5,0.02,0.39,0.61,0.121944,0.878056,73026.0
1775952669089,2026-04-12T00:11:09.089,btc-updown-15m-1775952000,1775952900,Down,107564673209849850141584667341867895188475599634660777491187760159712519821674,14139639654822827924164629792196511566788433773635708227257990474054258395551,0.39,0.4,308.0,50.48,0.01,0.6,0.61,50.48,308.0,0.01,0.395,0.605,0.140817,0.859183,73026.0
1775952670091,2026-04-12T00:11:10.091,btc-updown-15m-1775952000,1775952900,Down,107564673209849850141584667341867895188475599634660777491187760159712519821674,14139639654822827924164629792196511566788433773635708227257990474054258395551,0.39,0.4,167.12,45.0,0.01,0.6,0.61,45.0,167.12,0.01,0.395,0.605,0.212144,0.787856,73026.0
1775952671091,2026-04-12T00:11:11.091,btc-updown-15m-1775952000,1775952900,Down,107564673209849850141584667341867895188475599634660777491187760159712519821674,14139639654822827924164629792196511566788433773635708227257990474054258395551,0.39,0.4,169.9,98.51,0.01,0.6,0.61,98.51,169.9,0.01,0.395,0.605,0.367013,0.632987,73026.0
1775952672092,2026-04-12T00:11:12.092,btc-updown-15m-1775952000,1775952900,Down,107564673209849850141584667341867895188475599634660777491187760159712519821674,14139639654822827924164629792196511566788433773635708227257990474054258395551,0.39,0.4,187.4,103.51,0.01,0.6,0.61,103.51,187.4,0.01,0.395,0.605,0.355815,0.644185,73026.0
1775952673093,2026-04-12T00:11:13.093,btc-updown-15m-1775952000,1775952900,Down,107564673209849850141584667341867895188475599634660777491187760159712519821674,14139639654822827924164629792196511566788433773635708227257990474054258395551,0.39,0.41,54.0,363.01,0.02,0.59,0.61,363.01,54.0,0.02,0.4,0.6,0.870507,0.129493,73026.0
1775952674093,2026-04-12T00:11:14.093,btc-updown-15m-1775952000,1775952900,Down,107564673209849850141584667341867895188475599634660777491187760159712519821674,14139639654822827924164629792196511566788433773635708227257990474054258395551,0.46,0.47,2.87,35.0,0.01,0.53,0.54,35.0,2.87,0.01,0.465,0.535,0.924214,0.075786,73034.35
1775952675094,2026-04-12T00:11:15.094,btc-updown-15m-1775952000,1775952900,Down,107564673209849850141584667341867895188475599634660777491187760159712519821674,14139639654822827924164629792196511566788433773635708227257990474054258395551,0.47,0.49,6.69,425.0,0.02,0.51,0.53,425.0,6.69,0.02,0.48,0.52,0.984503,0.015497,73034.35
1775952676094,2026-04-12T00:11:16.094,btc-updown-15m-1775952000,1775952900,Down,107564673209849850141584667341867895188475599634660777491187760159712519821674,14139639654822827924164629792196511566788433773635708227257990474054258395551,0.56,0.59,18.94,26.0,0.03,0.41,0.44,26.0,18.94,0.03,0.575,0.425,0.578549,0.421451,73034.35
1775952677095,2026-04-12T00:11:17.095,btc-updown-15m-1775952000,1775952900,Down,107564673209849850141584667341867895188475599634660777491187760159712519821674,14139639654822827924164629792196511566788433773635708227257990474054258395551,0.6,0.61,5.39,5.0,0.01,0.39,0.4,5.0,5.39,0.01,0.605,0.395,0.481232,0.518768,73044.61
1775952678095,2026-04-12T00:11:18.095,btc-updown-15m-1775952000,1775952900,Down,107564673209849850141584667341867895188475599634660777491187760159712519821674,14139639654822827924164629792196511566788433773635708227257990474054258395551,0.63,0.67,39.16,8.2,0.04,0.33,0.37,8.2,39.16,0.04,0.65,0.35,0.173142,0.826858,73044.61
1775952679095,2026-04-12T00:11:19.095,btc-updown-15m-1775952000,1775952900,Down,107564673209849850141584667341867895188475599634660777491187760159712519821674,14139639654822827924164629792196511566788433773635708227257990474054258395551,0.65,0.66,28.35,26.0,0.01,0.34,0.35,26.0,28.35,0.01,0.655,0.345,0.478381,0.521619,73044.61
1775952680096,2026-04-12T00:11:20.096,btc-updown-15m-1775952000,1775952900,Down,107564673209849850141584667341867895188475599634660777491187760159712519821674,14139639654822827924164629792196511566788433773635708227257990474054258395551,0.59,0.62,41.0,3.0,0.03,0.38,0.41,3.0,41.0,0.03,0.605,0.395,0.068182,0.931818,73053.04
1775952681097,2026-04-12T00:11:21.097,btc-updown-15m-1775952000,1775952900,Down,107564673209849850141584667341867895188475599634660777491187760159712519821674,14139639654822827924164629792196511566788433773635708227257990474054258395551,0.61,0.62,80.06,12.43,0.01,0.38,0.39,12.43,80.06,0.01,0.615,0.385,0.134393,0.865607,73053.04
1775952682098,2026-04-12T00:11:22.098,btc-updown-15m-1775952000,1775952900,Down,107564673209849850141584667341867895188475599634660777491187760159712519821674,14139639654822827924164629792196511566788433773635708227257990474054258395551,0.64,0.66,17.43,49.59,0.02,0.34,0.36,49.59,17.43,0.02,0.65,0.35,0.739928,0.260072,73053.04
1775952683098,2026-04-12T00:11:23.098,btc-updown-15m-1775952000,1775952900,Down,107564673209849850141584667341867895188475599634660777491187760159712519821674,14139639654822827924164629792196511566788433773635708227257990474054258395551,0.64,0.67,45.0,147.03,0.03,0.33,0.36,147.03,45.0,0.03,0.655,0.345,0.765662,0.234338,73068.95
1775952684099,2026-04-12T00:11:24.099,btc-updown-15m-1775952000,1775952900,Down,107564673209849850141584667341867895188475599634660777491187760159712519821674,14139639654822827924164629792196511566788433773635708227257990474054258395551,0.82,0.83,52.0,5.0,0.01,0.17,0.18,5.0,52.0,0.01,0.825,0.175,0.087719,0.912281,73068.95
1775952685099,2026-04-12T00:11:25.099,btc-updown-15m-1775952000,1775952900,Down,107564673209849850141584667341867895188475599634660777491187760159712519821674,14139639654822827924164629792196511566788433773635708227257990474054258395551,0.79,0.8,151.0,35.23,0.01,0.2,0.21,35.23,151.0,0.01,0.795,0.205,0.189175,0.810825,73068.95
1775952686100,2026-04-12T00:11:26.100,btc-updown-15m-1775952000,1775952900,Down,107564673209849850141584667341867895188475599634660777491187760159712519821674,14139639654822827924164629792196511566788433773635708227257990474054258395551,0.82,0.83,5.0,88.64,0.01,0.17,0.18,88.64,5.0,0.01,0.825,0.175,0.946604,0.053396,73068.95
1775952687101,2026-04-12T00:11:27.101,btc-updown-15m-1775952000,1775952900,Down,107564673209849850141584667341867895188475599634660777491187760159712519821674,14139639654822827924164629792196511566788433773635708227257990474054258395551,0.8,0.81,42.0,18.39,0.01,0.19,0.2,18.39,42.0,0.01,0.805,0.195,0.304521,0.695479,73068.95
1775952688103,2026-04-12T00:11:28.103,btc-updown-15m-1775952000,1775952900,Down,107564673209849850141584667341867895188475599634660777491187760159712519821674,14139639654822827924164629792196511566788433773635708227257990474054258395551,0.8,0.81,55.88,297.97,0.01,0.19,0.2,297.97,55.88,0.01,0.805,0.195,0.84208,0.15792,73068.95
1775952689104,2026-04-12T00:11:29.104,btc-updown-15m-1775952000,1775952900,Down,107564673209849850141584667341867895188475599634660777491187760159712519821674,14139639654822827924164629792196511566788433773635708227257990474054258395551,0.8,0.81,66.88,185.09,0.01,0.19,0.2,185.09,66.88,0.01,0.805,0.195,0.734572,0.265428,73068.96
1775952690104,2026-04-12T00:11:30.104,btc-updown-15m-1775952000,1775952900,Down,107564673209849850141584667341867895188475599634660777491187760159712519821674,14139639654822827924164629792196511566788433773635708227257990474054258395551,0.8,0.81,15.88,272.09,0.01,0.19,0.2,272.09,15.88,0.01,0.805,0.195,0.944855,0.055145,73068.96
1775952691104,2026-04-12T00:11:31.104,btc-updown-15m-1775952000,1775952900,Down,107564673209849850141584667341867895188475599634660777491187760159712519821674,14139639654822827924164629792196511566788433773635708227257990474054258395551,0.83,0.86,61.0,148.0,0.03,0.14,0.17,148.0,61.0,0.03,0.845,0.155,0.708134,0.291866,73068.96
1775952692105,2026-04-12T00:11:32.105,btc-updown-15m-1775952000,1775952900,Down,107564673209849850141584667341867895188475599634660777491187760159712519821674,14139639654822827924164629792196511566788433773635708227257990474054258395551,0.8,0.82,88.0,242.09,0.02,0.18,0.2,242.09,88.0,0.02,0.81,0.19,0.733406,0.266594,73070.58
1775952693106,2026-04-12T00:11:33.106,btc-updown-15m-1775952000,1775952900,Down,107564673209849850141584667341867895188475599634660777491187760159712519821674,14139639654822827924164629792196511566788433773635708227257990474054258395551,0.8,0.81,41.98,267.09,0.01,0.19,0.2,267.09,41.98,0.01,0.805,0.195,0.864173,0.135827,73070.58
1775952694106,2026-04-12T00:11:34.106,btc-updown-15m-1775952000,1775952900,Down,107564673209849850141584667341867895188475599634660777491187760159712519821674,14139639654822827924164629792196511566788433773635708227257990474054258395551,0.8,0.83,10.0,185.34,0.03,0.17,0.2,185.34,10.0,0.03,0.815,0.185,0.948807,0.051193,73070.58
1775952695107,2026-04-12T00:11:35.107,btc-updown-15m-1775952000,1775952900,Down,107564673209849850141584667341867895188475599634660777491187760159712519821674,14139639654822827924164629792196511566788433773635708227257990474054258395551,0.82,0.84,56.0,3.33,0.02,0.16,0.18,3.33,56.0,0.02,0.83,0.17,0.056127,0.943873,73070.59
1775952696108,2026-04-12T00:11:36.108,btc-updown-15m-1775952000,1775952900,Down,107564673209849850141584667341867895188475599634660777491187760159712519821674,14139639654822827924164629792196511566788433773635708227257990474054258395551,0.8,0.81,77.14,135.0,0.01,0.19,0.2,135.0,77.14,0.01,0.805,0.195,0.636372,0.363628,73070.59
1775952697109,2026-04-12T00:11:37.109,btc-updown-15m-1775952000,1775952900,Down,107564673209849850141584667341867895188475599634660777491187760159712519821674,14139639654822827924164629792196511566788433773635708227257990474054258395551,0.8,0.81,105.5,30.0,0.01,0.19,0.2,30.0,105.5,0.01,0.805,0.195,0.221402,0.778598,73070.59
1775952698110,2026-04-12T00:11:38.110,btc-updown-15m-1775952000,1775952900,Down,107564673209849850141584667341867895188475599634660777491187760159712519821674,14139639654822827924164629792196511566788433773635708227257990474054258395551,0.79,0.8,21.5,113.0,0.01,0.2,0.21,113.0,21.5,0.01,0.795,0.205,0.840149,0.159851,73070.58
1775952699111,2026-04-12T00:11:39.111,btc-updown-15m-1775952000,1775952900,Down,107564673209849850141584667341867895188475599634660777491187760159712519821674,14139639654822827924164629792196511566788433773635708227257990474054258395551,0.79,0.8,50.52,113.0,0.01,0.2,0.21,113.0,50.52,0.01,0.795,0.205,0.691047,0.308953,73070.58
1775952700111,2026-04-12T00:11:40.111,btc-updown-15m-1775952000,1775952900,Down,107564673209849850141584667341867895188475599634660777491187760159712519821674,14139639654822827924164629792196511566788433773635708227257990474054258395551,0.77,0.78,30.0,141.54,0.01,0.22,0.23,141.54,30.0,0.01,0.775,0.225,0.825114,0.174886,73070.58
1775952701112,2026-04-12T00:11:41.112,btc-updown-15m-1775952000,1775952900,Down,107564673209849850141584667341867895188475599634660777491187760159712519821674,14139639654822827924164629792196511566788433773635708227257990474054258395551,0.78,0.79,28.7,193.0,0.01,0.21,0.22,193.0,28.7,0.01,0.785,0.215,0.870546,0.129454,73070.59
1775952702112,2026-04-12T00:11:42.112,btc-updown-15m-1775952000,1775952900,Down,107564673209849850141584667341867895188475599634660777491187760159712519821674,14139639654822827924164629792196511566788433773635708227257990474054258395551,0.78,0.79,28.7,180.27,0.01,0.21,0.22,180.27,28.7,0.01,0.785,0.215,0.86266,0.13734,73070.59
1775952703113,2026-04-12T00:11:43.113,btc-updown-15m-1775952000,1775952900,Down,107564673209849850141584667341867895188475599634660777491187760159712519821674,14139639654822827924164629792196511566788433773635708227257990474054258395551,0.78,0.79,28.7,180.27,0.01,0.21,0.22,180.27,28.7,0.01,0.785,0.215,0.86266,0.13734,73070.59
1775952704114,2026-04-12T00:11:44.114,btc-updown-15m-1775952000,1775952900,Down,107564673209849850141584667341867895188475599634660777491187760159712519821674,14139639654822827924164629792196511566788433773635708227257990474054258395551,0.78,0.79,125.07,221.31,0.01,0.21,0.22,221.31,125.07,0.01,0.785,0.215,0.638923,0.361077,73070.59
1775952705115,2026-04-12T00:11:45.115,btc-updown-15m-1775952000,1775952900,Down,107564673209849850141584667341867895188475599634660777491187760159712519821674,14139639654822827924164629792196511566788433773635708227257990474054258395551,0.78,0.79,110.0,207.67,0.01,0.21,0.22,207.67,110.0,0.01,0.785,0.215,0.653729,0.346271,73070.59
1775952706116,2026-04-12T00:11:46.116,btc-updown-15m-1775952000,1775952900,Down,107564673209849850141584667341867895188475599634660777491187760159712519821674,14139639654822827924164629792196511566788433773635708227257990474054258395551,0.78,0.79,95.0,349.17,0.01,0.21,0.22,349.17,95.0,0.01,0.785,0.215,0.786118,0.213882,73070.59
1775952707117,2026-04-12T00:11:47.117,btc-updown-15m-1775952000,1775952900,Down,107564673209849850141584667341867895188475599634660777491187760159712519821674,14139639654822827924164629792196511566788433773635708227257990474054258395551,0.78,0.79,25.28,344.17,0.01,0.21,0.22,344.17,25.28,0.01,0.785,0.215,0.931574,0.068426,73071.32
1775952708118,2026-04-12T00:11:48.118,btc-updown-15m-1775952000,1775952900,Down,107564673209849850141584667341867895188475599634660777491187760159712519821674,14139639654822827924164629792196511566788433773635708227257990474054258395551,0.78,0.8,48.59,354.17,0.02,0.2,0.22,354.17,48.59,0.02,0.79,0.21,0.879357,0.120643,73071.32
1775952709119,2026-04-12T00:11:49.119,btc-updown-15m-1775952000,1775952900,Down,107564673209849850141584667341867895188475599634660777491187760159712519821674,14139639654822827924164629792196511566788433773635708227257990474054258395551,0.79,0.8,6.09,129.17,0.01,0.2,0.21,129.17,6.09,0.01,0.795,0.205,0.954976,0.045024,73071.32
1775952710120,2026-04-12T00:11:50.120,btc-updown-15m-1775952000,1775952900,Down,107564673209849850141584667341867895188475599634660777491187760159712519821674,14139639654822827924164629792196511566788433773635708227257990474054258395551,0.79,0.8,90.23,93.79,0.01,0.2,0.21,93.79,90.23,0.01,0.795,0.205,0.509673,0.490327,73071.33
1775952711121,2026-04-12T00:11:51.121,btc-updown-15m-1775952000,1775952900,Down,107564673209849850141584667341867895188475599634660777491187760159712519821674,14139639654822827924164629792196511566788433773635708227257990474054258395551,0.79,0.8,90.23,78.79,0.01,0.2,0.21,78.79,90.23,0.01,0.795,0.205,0.466158,0.533842,73071.33
1775952712122,2026-04-12T00:11:52.122,btc-updown-15m-1775952000,1775952900,Down,107564673209849850141584667341867895188475599634660777491187760159712519821674,14139639654822827924164629792196511566788433773635708227257990474054258395551,0.79,0.8,72.73,83.79,0.01,0.2,0.21,83.79,72.73,0.01,0.795,0.205,0.535331,0.464669,73071.33
1775952713124,2026-04-12T00:11:53.124,btc-updown-15m-1775952000,1775952900,Down,107564673209849850141584667341867895188475599634660777491187760159712519821674,14139639654822827924164629792196511566788433773635708227257990474054258395551,0.77,0.78,163.0,87.22,0.01,0.22,0.23,87.22,163.0,0.01,0.775,0.225,0.348573,0.651427,73071.33
1775952714125,2026-04-12T00:11:54.125,btc-updown-15m-1775952000,1775952900,Down,107564673209849850141584667341867895188475599634660777491187760159712519821674,14139639654822827924164629792196511566788433773635708227257990474054258395551,0.77,0.78,259.38,48.0,0.01,0.22,0.23,48.0,259.38,0.01,0.775,0.225,0.156159,0.843841,73071.33
1775952715125,2026-04-12T00:11:55.125,btc-updown-15m-1775952000,1775952900,Down,107564673209849850141584667341867895188475599634660777491187760159712519821674,14139639654822827924164629792196511566788433773635708227257990474054258395551,0.75,0.77,259.0,138.0,0.02,0.23,0.25,138.0,259.0,0.02,0.76,0.24,0.347607,0.652393,73071.33
1775952716125,2026-04-12T00:11:56.125,btc-updown-15m-1775952000,1775952900,Down,107564673209849850141584667341867895188475599634660777491187760159712519821674,14139639654822827924164629792196511566788433773635708227257990474054258395551,0.3,0.33,10.15,7.67,0.03,0.67,0.7,7.67,10.15,0.03,0.315,0.685,0.430415,0.569585,73028.03
1775952717126,2026-04-12T00:11:57.126,btc-updown-15m-1775952000,1775952900,Down,107564673209849850141584667341867895188475599634660777491187760159712519821674,14139639654822827924164629792196511566788433773635708227257990474054258395551,0.42,0.43,40.55,32.77,0.01,0.57,0.58,32.77,40.55,0.01,0.425,0.575,0.446945,0.553055,73028.03
1775952718127,2026-04-12T00:11:58.127,btc-updown-15m-1775952000,1775952900,Down,107564673209849850141584667341867895188475599634660777491187760159712519821674,14139639654822827924164629792196511566788433773635708227257990474054258395551,0.42,0.43,23.6,5.0,0.01,0.57,0.58,5.0,23.6,0.01,0.425,0.575,0.174825,0.825175,73028.03
1775952719127,2026-04-12T00:11:59.127,btc-updown-15m-1775952000,1775952900,Down,107564673209849850141584667341867895188475599634660777491187760159712519821674,14139639654822827924164629792196511566788433773635708227257990474054258395551,0.42,0.43,28.94,94.6,0.01,0.57,0.58,94.6,28.94,0.01,0.425,0.575,0.765744,0.234256,73026.9
1775952720128,2026-04-12T00:12:00.128,btc-updown-15m-1775952000,1775952900,Down,107564673209849850141584667341867895188475599634660777491187760159712519821674,14139639654822827924164629792196511566788433773635708227257990474054258395551,0.42,0.43,28.94,126.32,0.01,0.57,0.58,126.32,28.94,0.01,0.425,0.575,0.813603,0.186397,73026.9
1775952721129,2026-04-12T00:12:01.129,btc-updown-15m-1775952000,1775952900,Down,107564673209849850141584667341867895188475599634660777491187760159712519821674,14139639654822827924164629792196511566788433773635708227257990474054258395551,0.42,0.43,178.94,43.46,0.01,0.57,0.58,43.46,178.94,0.01,0.425,0.575,0.195414,0.804586,73026.9
1775952722130,2026-04-12T00:12:02.130,btc-updown-15m-1775952000,1775952900,Down,107564673209849850141584667341867895188475599634660777491187760159712519821674,14139639654822827924164629792196511566788433773635708227257990474054258395551,0.43,0.44,208.58,19.48,0.01,0.56,0.57,19.48,208.58,0.01,0.435,0.565,0.085416,0.914584,73033.13
1775952723131,2026-04-12T00:12:03.131,btc-updown-15m-1775952000,1775952900,Down,107564673209849850141584667341867895188475599634660777491187760159712519821674,14139639654822827924164629792196511566788433773635708227257990474054258395551,0.43,0.44,159.29,29.48,0.01,0.56,0.57,29.48,159.29,0.01,0.435,0.565,0.156169,0.843831,73033.13
1775952724132,2026-04-12T00:12:04.132,btc-updown-15m-1775952000,1775952900,Down,107564673209849850141584667341867895188475599634660777491187760159712519821674,14139639654822827924164629792196511566788433773635708227257990474054258395551,0.43,0.44,163.0,33.46,0.01,0.56,0.57,33.46,163.0,0.01,0.435,0.565,0.170315,0.829685,73033.13
1775952725133,2026-04-12T00:12:05.133,btc-updown-15m-1775952000,1775952900,Down,107564673209849850141584667341867895188475599634660777491187760159712519821674,14139639654822827924164629792196511566788433773635708227257990474054258395551,0.42,0.43,7.91,199.0,0.01,0.57,0.58,199.0,7.91,0.01,0.425,0.575,0.961771,0.038229,73033.14
1775952726135,2026-04-12T00:12:06.135,btc-updown-15m-1775952000,1775952900,Down,107564673209849850141584667341867895188475599634660777491187760159712519821674,14139639654822827924164629792196511566788433773635708227257990474054258395551,0.42,0.43,58.49,159.64,0.01,0.57,0.58,159.64,58.49,0.01,0.425,0.575,0.731857,0.268143,73033.14
1775952727136,2026-04-12T00:12:07.136,btc-updown-15m-1775952000,1775952900,Down,107564673209849850141584667341867895188475599634660777491187760159712519821674,14139639654822827924164629792196511566788433773635708227257990474054258395551,0.42,0.43,58.49,134.08,0.01,0.57,0.58,134.08,58.49,0.01,0.425,0.575,0.696266,0.303734,73033.14
1775952728137,2026-04-12T00:12:08.137,btc-updown-15m-1775952000,1775952900,Down,107564673209849850141584667341867895188475599634660777491187760159712519821674,14139639654822827924164629792196511566788433773635708227257990474054258395551,0.42,0.43,51.32,170.97,0.01,0.57,0.58,170.97,51.32,0.01,0.425,0.575,0.76913,0.23087,73033.13
1775952729138,2026-04-12T00:12:09.138,btc-updown-15m-1775952000,1775952900,Down,107564673209849850141584667341867895188475599634660777491187760159712519821674,14139639654822827924164629792196511566788433773635708227257990474054258395551,0.42,0.43,66.32,0.46,0.01,0.57,0.58,0.46,66.32,0.01,0.425,0.575,0.006888,0.993112,73033.13
1775952730139,2026-04-12T00:12:10.139,btc-updown-15m-1775952000,1775952900,Down,107564673209849850141584667341867895188475599634660777491187760159712519821674,14139639654822827924164629792196511566788433773635708227257990474054258395551,0.42,0.43,49.77,26.37,0.01,0.57,0.58,26.37,49.77,0.01,0.425,0.575,0.346336,0.653664,73033.13
1775952731140,2026-04-12T00:12:11.140,btc-updown-15m-1775952000,1775952900,Down,107564673209849850141584667341867895188475599634660777491187760159712519821674,14139639654822827924164629792196511566788433773635708227257990474054258395551,0.41,0.43,54.98,316.8,0.02,0.57,0.59,316.8,54.98,0.02,0.42,0.58,0.852117,0.147883,73033.14
1775952732141,2026-04-12T00:12:12.141,btc-updown-15m-1775952000,1775952900,Down,107564673209849850141584667341867895188475599634660777491187760159712519821674,14139639654822827924164629792196511566788433773635708227257990474054258395551,0.41,0.43,61.48,248.6,0.02,0.57,0.59,248.6,61.48,0.02,0.42,0.58,0.801729,0.198271,73033.14
1775952733141,2026-04-12T00:12:13.141,btc-updown-15m-1775952000,1775952900,Down,107564673209849850141584667341867895188475599634660777491187760159712519821674,14139639654822827924164629792196511566788433773635708227257990474054258395551,0.42,0.43,59.15,5.0,0.01,0.57,0.58,5.0,59.15,0.01,0.425,0.575,0.077942,0.922058,73033.14
1775952734142,2026-04-12T00:12:14.142,btc-updown-15m-1775952000,1775952900,Down,107564673209849850141584667341867895188475599634660777491187760159712519821674,14139639654822827924164629792196511566788433773635708227257990474054258395551,0.42,0.43,59.15,5.0,0.01,0.57,0.58,5.0,59.15,0.01,0.425,0.575,0.077942,0.922058,73033.14
1775952735143,2026-04-12T00:12:15.143,btc-updown-15m-1775952000,1775952900,Down,107564673209849850141584667341867895188475599634660777491187760159712519821674,14139639654822827924164629792196511566788433773635708227257990474054258395551,0.41,0.42,22.09,221.96,0.01,0.58,0.59,221.96,22.09,0.01,0.415,0.585,0.909486,0.090514,73033.14
1775952736144,2026-04-12T00:12:16.144,btc-updown-15m-1775952000,1775952900,Down,107564673209849850141584667341867895188475599634660777491187760159712519821674,14139639654822827924164629792196511566788433773635708227257990474054258395551,0.41,0.42,22.09,221.96,0.01,0.58,0.59,221.96,22.09,0.01,0.415,0.585,0.909486,0.090514,73033.14
1775952737145,2026-04-12T00:12:17.145,btc-updown-15m-1775952000,1775952900,Down,107564673209849850141584667341867895188475599634660777491187760159712519821674,14139639654822827924164629792196511566788433773635708227257990474054258395551,0.41,0.42,22.09,221.96,0.01,0.58,0.59,221.96,22.09,0.01,0.415,0.585,0.909486,0.090514,73033.14
1775952738147,2026-04-12T00:12:18.147,btc-updown-15m-1775952000,1775952900,Down,107564673209849850141584667341867895188475599634660777491187760159712519821674,14139639654822827924164629792196511566788433773635708227257990474054258395551,0.41,0.42,25.0,179.46,0.01,0.58,0.59,179.46,25.0,0.01,0.415,0.585,0.877727,0.122273,73033.14
1775952739148,2026-04-12T00:12:19.148,btc-updown-15m-1775952000,1775952900,Down,107564673209849850141584667341867895188475599634660777491187760159712519821674,14139639654822827924164629792196511566788433773635708227257990474054258395551,0.41,0.42,46.29,188.91,0.01,0.58,0.59,188.91,46.29,0.01,0.415,0.585,0.803189,0.196811,73033.14
1775952740149,2026-04-12T00:12:20.149,btc-updown-15m-1775952000,1775952900,Down,107564673209849850141584667341867895188475599634660777491187760159712519821674,14139639654822827924164629792196511566788433773635708227257990474054258395551,0.41,0.42,46.29,188.91,0.01,0.58,0.59,188.91,46.29,0.01,0.415,0.585,0.803189,0.196811,73033.14
1775952741150,2026-04-12T00:12:21.150,btc-updown-15m-1775952000,1775952900,Down,107564673209849850141584667341867895188475599634660777491187760159712519821674,14139639654822827924164629792196511566788433773635708227257990474054258395551,0.41,0.42,41.29,188.91,0.01,0.58,0.59,188.91,41.29,0.01,0.415,0.585,0.820634,0.179366,73033.14
1775952742151,2026-04-12T00:12:22.151,btc-updown-15m-1775952000,1775952900,Down,107564673209849850141584667341867895188475599634660777491187760159712519821674,14139639654822827924164629792196511566788433773635708227257990474054258395551,0.42,0.43,21.31,21.0,0.01,0.57,0.58,21.0,21.31,0.01,0.425,0.575,0.496337,0.503663,73033.14
1775952743151,2026-04-12T00:12:23.151,btc-updown-15m-1775952000,1775952900,Down,107564673209849850141584667341867895188475599634660777491187760159712519821674,14139639654822827924164629792196511566788433773635708227257990474054258395551,0.42,0.47,80.0,254.5,0.05,0.53,0.58,254.5,80.0,0.05,0.445,0.555,0.760837,0.239163,73033.14
1775952744152,2026-04-12T00:12:24.152,btc-updown-15m-1775952000,1775952900,Down,107564673209849850141584667341867895188475599634660777491187760159712519821674,14139639654822827924164629792196511566788433773635708227257990474054258395551,0.43,0.47,33.62,189.0,0.04,0.53,0.57,189.0,33.62,0.04,0.45,0.55,0.84898,0.15102,73033.14
1775952745152,2026-04-12T00:12:25.152,btc-updown-15m-1775952000,1775952900,Down,107564673209849850141584667341867895188475599634660777491187760159712519821674,14139639654822827924164629792196511566788433773635708227257990474054258395551,0.44,0.46,6.5,211.0,0.02,0.54,0.56,211.0,6.5,0.02,0.45,0.55,0.970115,0.029885,73033.14
1775952746153,2026-04-12T00:12:26.153,btc-updown-15m-1775952000,1775952900,Down,107564673209849850141584667341867895188475599634660777491187760159712519821674,14139639654822827924164629792196511566788433773635708227257990474054258395551,0.47,0.49,105.0,164.22,0.02,0.51,0.53,164.22,105.0,0.02,0.48,0.52,0.609984,0.390016,73033.13
1775952747154,2026-04-12T00:12:27.154,btc-updown-15m-1775952000,1775952900,Down,107564673209849850141584667341867895188475599634660777491187760159712519821674,14139639654822827924164629792196511566788433773635708227257990474054258395551,0.47,0.49,105.0,164.22,0.02,0.51,0.53,164.22,105.0,0.02,0.48,0.52,0.609984,0.390016,73033.13
1775952748155,2026-04-12T00:12:28.155,btc-updown-15m-1775952000,1775952900,Down,107564673209849850141584667341867895188475599634660777491187760159712519821674,14139639654822827924164629792196511566788433773635708227257990474054258395551,0.49,0.5,72.45,81.06,0.01,0.5,0.51,81.06,72.45,0.01,0.495,0.505,0.528044,0.471956,73033.13
1775952749156,2026-04-12T00:12:29.156,btc-updown-15m-1775952000,1775952900,Down,107564673209849850141584667341867895188475599634660777491187760159712519821674,14139639654822827924164629792196511566788433773635708227257990474054258395551,0.48,0.5,72.45,25.0,0.02,0.5,0.52,25.0,72.45,0.02,0.49,0.51,0.256542,0.743458,73033.13
1775952750156,2026-04-12T00:12:30.156,btc-updown-15m-1775952000,1775952900,Down,107564673209849850141584667341867895188475599634660777491187760159712519821674,14139639654822827924164629792196511566788433773635708227257990474054258395551,0.48,0.49,61.8,143.76,0.01,0.51,0.52,143.76,61.8,0.01,0.485,0.515,0.699358,0.300642,73033.13
1775952751157,2026-04-12T00:12:31.157,btc-updown-15m-1775952000,1775952900,Down,107564673209849850141584667341867895188475599634660777491187760159712519821674,14139639654822827924164629792196511566788433773635708227257990474054258395551,0.38,0.41,88.7,109.5,0.03,0.59,0.62,109.5,88.7,0.03,0.395,0.605,0.552472,0.447528,73033.13
1775952752159,2026-04-12T00:12:32.159,btc-updown-15m-1775952000,1775952900,Down,107564673209849850141584667341867895188475599634660777491187760159712519821674,14139639654822827924164629792196511566788433773635708227257990474054258395551,0.38,0.4,5.0,167.5,0.02,0.6,0.62,167.5,5.0,0.02,0.39,0.61,0.971014,0.028986,73026.91
1775952753160,2026-04-12T00:12:33.160,btc-updown-15m-1775952000,1775952900,Down,107564673209849850141584667341867895188475599634660777491187760159712519821674,14139639654822827924164629792196511566788433773635708227257990474054258395551,0.39,0.41,21.0,83.73,0.02,0.59,0.61,83.73,21.0,0.02,0.4,0.6,0.799484,0.200516,73026.91
1775952754160,2026-04-12T00:12:34.160,btc-updown-15m-1775952000,1775952900,Down,107564673209849850141584667341867895188475599634660777491187760159712519821674,14139639654822827924164629792196511566788433773635708227257990474054258395551,0.41,0.43,93.0,60.0,0.02,0.57,0.59,60.0,93.0,0.02,0.42,0.58,0.392157,0.607843,73026.91
1775952755160,2026-04-12T00:12:35.160,btc-updown-15m-1775952000,1775952900,Down,107564673209849850141584667341867895188475599634660777491187760159712519821674,14139639654822827924164629792196511566788433773635708227257990474054258395551,0.42,0.43,80.0,103.0,0.01,0.57,0.58,103.0,80.0,0.01,0.425,0.575,0.562842,0.437158,73026.91
1775952756161,2026-04-12T00:12:36.161,btc-updown-15m-1775952000,1775952900,Down,107564673209849850141584667341867895188475599634660777491187760159712519821674,14139639654822827924164629792196511566788433773635708227257990474054258395551,0.46,0.47,66.83,47.94,0.01,0.53,0.54,47.94,66.83,0.01,0.465,0.535,0.417705,0.582295,73026.91
1775952757161,2026-04-12T00:12:37.161,btc-updown-15m-1775952000,1775952900,Down,107564673209849850141584667341867895188475599634660777491187760159712519821674,14139639654822827924164629792196511566788433773635708227257990474054258395551,0.46,0.47,173.13,18.45,0.01,0.53,0.54,18.45,173.13,0.01,0.465,0.535,0.096304,0.903696,73026.91
1775952758161,2026-04-12T00:12:38.161,btc-updown-15m-1775952000,1775952900,Down,107564673209849850141584667341867895188475599634660777491187760159712519821674,14139639654822827924164629792196511566788433773635708227257990474054258395551,0.29,0.3,8.0,40.0,0.01,0.7,0.71,40.0,8.0,0.01,0.295,0.705,0.833333,0.166667,73016.75
1775952759162,2026-04-12T00:12:39.162,btc-updown-15m-1775952000,1775952900,Down,107564673209849850141584667341867895188475599634660777491187760159712519821674,14139639654822827924164629792196511566788433773635708227257990474054258395551,0.27,0.29,12.38,131.0,0.02,0.71,0.73,131.0,12.38,0.02,0.28,0.72,0.913656,0.086344,73016.75
1775952760163,2026-04-12T00:12:40.163,btc-updown-15m-1775952000,1775952900,Down,107564673209849850141584667341867895188475599634660777491187760159712519821674,14139639654822827924164629792196511566788433773635708227257990474054258395551,0.29,0.31,80.88,103.59,0.02,0.69,0.71,103.59,80.88,0.02,0.3,0.7,0.561555,0.438445,73016.75
1775952761163,2026-04-12T00:12:41.163,btc-updown-15m-1775952000,1775952900,Down,107564673209849850141584667341867895188475599634660777491187760159712519821674,14139639654822827924164629792196511566788433773635708227257990474054258395551,0.33,0.34,11.11,89.31,0.01,0.66,0.67,89.31,11.11,0.01,0.335,0.665,0.889365,0.110635,73016.74
1775952762164,2026-04-12T00:12:42.164,btc-updown-15m-1775952000,1775952900,Down,107564673209849850141584667341867895188475599634660777491187760159712519821674,14139639654822827924164629792196511566788433773635708227257990474054258395551,0.33,0.34,9.82,89.31,0.01,0.66,0.67,89.31,9.82,0.01,0.335,0.665,0.900938,0.099062,73016.74
1775952763164,2026-04-12T00:12:43.164,btc-updown-15m-1775952000,1775952900,Down,107564673209849850141584667341867895188475599634660777491187760159712519821674,14139639654822827924164629792196511566788433773635708227257990474054258395551,0.33,0.35,133.5,60.94,0.02,0.65,0.67,60.94,133.5,0.02,0.34,0.66,0.313413,0.686587,73016.74
1775952764165,2026-04-12T00:12:44.165,btc-updown-15m-1775952000,1775952900,Down,107564673209849850141584667341867895188475599634660777491187760159712519821674,14139639654822827924164629792196511566788433773635708227257990474054258395551,0.34,0.35,173.5,10.0,0.01,0.65,0.66,10.0,173.5,0.01,0.345,0.655,0.054496,0.945504,73016.74
1775952765166,2026-04-12T00:12:45.166,btc-updown-15m-1775952000,1775952900,Down,107564673209849850141584667341867895188475599634660777491187760159712519821674,14139639654822827924164629792196511566788433773635708227257990474054258395551,0.32,0.34,11.22,165.5,0.02,0.66,0.68,165.5,11.22,0.02,0.33,0.67,0.93651,0.06349,73016.74
1775952766167,2026-04-12T00:12:46.167,btc-updown-15m-1775952000,1775952900,Down,107564673209849850141584667341867895188475599634660777491187760159712519821674,14139639654822827924164629792196511566788433773635708227257990474054258395551,0.32,0.34,11.22,165.5,0.02,0.66,0.68,165.5,11.22,0.02,0.33,0.67,0.93651,0.06349,73016.74
1775952767168,2026-04-12T00:12:47.168,btc-updown-15m-1775952000,1775952900,Down,107564673209849850141584667341867895188475599634660777491187760159712519821674,14139639654822827924164629792196511566788433773635708227257990474054258395551,0.32,0.34,11.22,165.5,0.02,0.66,0.68,165.5,11.22,0.02,0.33,0.67,0.93651,0.06349,73016.74
1775952768169,2026-04-12T00:12:48.169,btc-updown-15m-1775952000,1775952900,Down,107564673209849850141584667341867895188475599634660777491187760159712519821674,14139639654822827924164629792196511566788433773635708227257990474054258395551,0.34,0.35,158.5,64.1,0.01,0.65,0.66,64.1,158.5,0.01,0.345,0.655,0.28796,0.71204,73016.74
1775952769169,2026-04-12T00:12:49.169,btc-updown-15m-1775952000,1775952900,Down,107564673209849850141584667341867895188475599634660777491187760159712519821674,14139639654822827924164629792196511566788433773635708227257990474054258395551,0.34,0.35,261.5,17.5,0.01,0.65,0.66,17.5,261.5,0.01,0.345,0.655,0.062724,0.937276,73016.74
1775952770170,2026-04-12T00:12:50.170,btc-updown-15m-1775952000,1775952900,Down,107564673209849850141584667341867895188475599634660777491187760159712519821674,14139639654822827924164629792196511566788433773635708227257990474054258395551,0.34,0.35,261.5,17.5,0.01,0.65,0.66,17.5,261.5,0.01,0.345,0.655,0.062724,0.937276,73016.75
1775952771170,2026-04-12T00:12:51.170,btc-updown-15m-1775952000,1775952900,Down,107564673209849850141584667341867895188475599634660777491187760159712519821674,14139639654822827924164629792196511566788433773635708227257990474054258395551,0.32,0.33,15.9,10.0,0.01,0.67,0.68,10.0,15.9,0.01,0.325,0.675,0.3861,0.6139,73016.75
1775952772171,2026-04-12T00:12:52.171,btc-updown-15m-1775952000,1775952900,Down,107564673209849850141584667341867895188475599634660777491187760159712519821674,14139639654822827924164629792196511566788433773635708227257990474054258395551,0.31,0.33,66.67,77.5,0.02,0.67,0.69,77.5,66.67,0.02,0.32,0.68,0.53756,0.46244,73016.75
1775952773172,2026-04-12T00:12:53.172,btc-updown-15m-1775952000,1775952900,Down,107564673209849850141584667341867895188475599634660777491187760159712519821674,14139639654822827924164629792196511566788433773635708227257990474054258395551,0.32,0.33,68.27,16.71,0.01,0.67,0.68,16.71,68.27,0.01,0.325,0.675,0.196635,0.803365,73016.75
1775952774172,2026-04-12T00:12:54.172,btc-updown-15m-1775952000,1775952900,Down,107564673209849850141584667341867895188475599634660777491187760159712519821674,14139639654822827924164629792196511566788433773635708227257990474054258395551,0.31,0.33,88.27,74.21,0.02,0.67,0.69,74.21,88.27,0.02,0.32,0.68,0.456733,0.543267,73016.75
1775952775174,2026-04-12T00:12:55.174,btc-updown-15m-1775952000,1775952900,Down,107564673209849850141584667341867895188475599634660777491187760159712519821674,14139639654822827924164629792196511566788433773635708227257990474054258395551,0.33,0.34,41.0,7.29,0.01,0.66,0.67,7.29,41.0,0.01,0.335,0.665,0.150963,0.849037,73016.75
1775952776174,2026-04-12T00:12:56.174,btc-updown-15m-1775952000,1775952900,Down,107564673209849850141584667341867895188475599634660777491187760159712519821674,14139639654822827924164629792196511566788433773635708227257990474054258395551,0.31,0.33,129.02,140.5,0.02,0.67,0.69,140.5,129.02,0.02,0.32,0.68,0.521297,0.478703,73016.75
1775952777175,2026-04-12T00:12:57.175,btc-updown-15m-1775952000,1775952900,Down,107564673209849850141584667341867895188475599634660777491187760159712519821674,14139639654822827924164629792196511566788433773635708227257990474054258395551,0.33,0.34,47.9,89.96,0.01,0.66,0.67,89.96,47.9,0.01,0.335,0.665,0.652546,0.347454,73016.75
1775952778175,2026-04-12T00:12:58.175,btc-updown-15m-1775952000,1775952900,Down,107564673209849850141584667341867895188475599634660777491187760159712519821674,14139639654822827924164629792196511566788433773635708227257990474054258395551,0.33,0.34,47.9,89.96,0.01,0.66,0.67,89.96,47.9,0.01,0.335,0.665,0.652546,0.347454,73016.75
1775952779176,2026-04-12T00:12:59.176,btc-updown-15m-1775952000,1775952900,Down,107564673209849850141584667341867895188475599634660777491187760159712519821674,14139639654822827924164629792196511566788433773635708227257990474054258395551,0.33,0.34,42.9,161.06,0.01,0.66,0.67,161.06,42.9,0.01,0.335,0.665,0.789665,0.210335,73021.55
1775952780176,2026-04-12T00:13:00.176,btc-updown-15m-1775952000,1775952900,Down,107564673209849850141584667341867895188475599634660777491187760159712519821674,14139639654822827924164629792196511566788433773635708227257990474054258395551,0.33,0.34,79.48,146.06,0.01,0.66,0.67,146.06,79.48,0.01,0.335,0.665,0.647601,0.352399,73021.55
1775952781178,2026-04-12T00:13:01.178,btc-updown-15m-1775952000,1775952900,Down,107564673209849850141584667341867895188475599634660777491187760159712519821674,14139639654822827924164629792196511566788433773635708227257990474054258395551,0.33,0.34,54.48,152.06,0.01,0.66,0.67,152.06,54.48,0.01,0.335,0.665,0.736225,0.263775,73021.55
1775952782178,2026-04-12T00:13:02.178,btc-updown-15m-1775952000,1775952900,Down,107564673209849850141584667341867895188475599634660777491187760159712519821674,14139639654822827924164629792196511566788433773635708227257990474054258395551,0.31,0.32,166.87,10.33,0.01,0.68,0.69,10.33,166.87,0.01,0.315,0.685,0.058296,0.941704,73021.55
1775952783179,2026-04-12T00:13:03.179,btc-updown-15m-1775952000,1775952900,Down,107564673209849850141584667341867895188475599634660777491187760159712519821674,14139639654822827924164629792196511566788433773635708227257990474054258395551,0.27,0.31,27.51,30.0,0.04,0.69,0.73,30.0,27.51,0.04,0.29,0.71,0.521648,0.478352,73021.55
1775952784180,2026-04-12T00:13:04.180,btc-updown-15m-1775952000,1775952900,Down,107564673209849850141584667341867895188475599634660777491187760159712519821674,14139639654822827924164629792196511566788433773635708227257990474054258395551,0.28,0.3,30.0,4.6,0.02,0.7,0.72,4.6,30.0,0.02,0.29,0.71,0.132948,0.867052,73021.55
1775952785180,2026-04-12T00:13:05.180,btc-updown-15m-1775952000,1775952900,Down,107564673209849850141584667341867895188475599634660777491187760159712519821674,14139639654822827924164629792196511566788433773635708227257990474054258395551,0.23,0.24,15.0,40.94,0.01,0.76,0.77,40.94,15.0,0.01,0.235,0.765,0.731856,0.268144,73007.74
1775952786182,2026-04-12T00:13:06.182,btc-updown-15m-1775952000,1775952900,Down,107564673209849850141584667341867895188475599634660777491187760159712519821674,14139639654822827924164629792196511566788433773635708227257990474054258395551,0.23,0.24,85.83,53.76,0.01,0.76,0.77,53.76,85.83,0.01,0.235,0.765,0.385128,0.614872,73007.74
1775952787182,2026-04-12T00:13:07.182,btc-updown-15m-1775952000,1775952900,Down,107564673209849850141584667341867895188475599634660777491187760159712519821674,14139639654822827924164629792196511566788433773635708227257990474054258395551,0.24,0.26,85.0,14.03,0.02,0.74,0.76,14.03,85.0,0.02,0.25,0.75,0.141674,0.858326,73007.74
1775952788183,2026-04-12T00:13:08.183,btc-updown-15m-1775952000,1775952900,Down,107564673209849850141584667341867895188475599634660777491187760159712519821674,14139639654822827924164629792196511566788433773635708227257990474054258395551,0.26,0.28,87.43,15.57,0.02,0.72,0.74,15.57,87.43,0.02,0.27,0.73,0.151165,0.848835,73011.35
1775952789184,2026-04-12T00:13:09.184,btc-updown-15m-1775952000,1775952900,Down,107564673209849850141584667341867895188475599634660777491187760159712519821674,14139639654822827924164629792196511566788433773635708227257990474054258395551,0.26,0.27,92.0,36.64,0.01,0.73,0.74,36.64,92.0,0.01,0.265,0.735,0.284826,0.715174,73011.35
1775952790185,2026-04-12T00:13:10.185,btc-updown-15m-1775952000,1775952900,Down,107564673209849850141584667341867895188475599634660777491187760159712519821674,14139639654822827924164629792196511566788433773635708227257990474054258395551,0.23,0.24,8.43,77.46,0.01,0.76,0.77,77.46,8.43,0.01,0.235,0.765,0.901851,0.098149,73011.35
1775952791185,2026-04-12T00:13:11.185,btc-updown-15m-1775952000,1775952900,Down,107564673209849850141584667341867895188475599634660777491187760159712519821674,14139639654822827924164629792196511566788433773635708227257990474054258395551,0.22,0.24,63.43,109.26,0.02,0.76,0.78,109.26,63.43,0.02,0.23,0.77,0.632694,0.367306,73011.36
1775952792186,2026-04-12T00:13:12.186,btc-updown-15m-1775952000,1775952900,Down,107564673209849850141584667341867895188475599634660777491187760159712519821674,14139639654822827924164629792196511566788433773635708227257990474054258395551,0.23,0.24,51.72,8.5,0.01,0.76,0.77,8.5,51.72,0.01,0.235,0.765,0.141149,0.858851,73011.36
1775952793187,2026-04-12T00:13:13.187,btc-updown-15m-1775952000,1775952900,Down,107564673209849850141584667341867895188475599634660777491187760159712519821674,14139639654822827924164629792196511566788433773635708227257990474054258395551,0.22,0.26,161.92,222.26,0.04,0.74,0.78,222.26,161.92,0.04,0.24,0.76,0.578531,0.421469,73011.36
1775952794188,2026-04-12T00:13:14.188,btc-updown-15m-1775952000,1775952900,Down,107564673209849850141584667341867895188475599634660777491187760159712519821674,14139639654822827924164629792196511566788433773635708227257990474054258395551,0.23,0.25,45.28,45.0,0.02,0.75,0.77,45.0,45.28,0.02,0.24,0.76,0.498449,0.501551,73011.36
1775952795190,2026-04-12T00:13:15.190,btc-updown-15m-1775952000,1775952900,Down,107564673209849850141584667341867895188475599634660777491187760159712519821674,14139639654822827924164629792196511566788433773635708227257990474054258395551,0.23,0.24,33.84,20.0,0.01,0.76,0.77,20.0,33.84,0.01,0.235,0.765,0.371471,0.628529,73011.36
1775952796190,2026-04-12T00:13:16.190,btc-updown-15m-1775952000,1775952900,Down,107564673209849850141584667341867895188475599634660777491187760159712519821674,14139639654822827924164629792196511566788433773635708227257990474054258395551,0.22,0.25,38.28,144.83,0.03,0.75,0.78,144.83,38.28,0.03,0.235,0.765,0.790945,0.209055,73011.36
1775952797191,2026-04-12T00:13:17.191,btc-updown-15m-1775952000,1775952900,Down,107564673209849850141584667341867895188475599634660777491187760159712519821674,14139639654822827924164629792196511566788433773635708227257990474054258395551,0.22,0.23,1.0,102.8,0.01,0.77,0.78,102.8,1.0,0.01,0.225,0.775,0.990366,0.009634,73011.35
1775952798191,2026-04-12T00:13:18.191,btc-updown-15m-1775952000,1775952900,Down,107564673209849850141584667341867895188475599634660777491187760159712519821674,14139639654822827924164629792196511566788433773635708227257990474054258395551,0.22,0.24,47.14,125.3,0.02,0.76,0.78,125.3,47.14,0.02,0.23,0.77,0.72663,0.27337,73011.35
1775952799192,2026-04-12T00:13:19.192,btc-updown-15m-1775952000,1775952900,Down,107564673209849850141584667341867895188475599634660777491187760159712519821674,14139639654822827924164629792196511566788433773635708227257990474054258395551,0.23,0.24,47.14,34.91,0.01,0.76,0.77,34.91,47.14,0.01,0.235,0.765,0.425472,0.574528,73011.35
1775952800192,2026-04-12T00:13:20.192,btc-updown-15m-1775952000,1775952900,Down,107564673209849850141584667341867895188475599634660777491187760159712519821674,14139639654822827924164629792196511566788433773635708227257990474054258395551,0.2,0.21,5.0,77.0,0.01,0.79,0.8,70.0,15.57,0.01,0.205,0.795,0.939024,0.181956,73011.36
1775952801193,2026-04-12T00:13:21.193,btc-updown-15m-1775952000,1775952900,Down,107564673209849850141584667341867895188475599634660777491187760159712519821674,14139639654822827924164629792196511566788433773635708227257990474054258395551,0.2,0.21,17.73,52.55,0.01,0.79,0.8,52.55,17.73,0.01,0.205,0.795,0.747723,0.252277,73011.36
1775952802195,2026-04-12T00:13:22.195,btc-updown-15m-1775952000,1775952900,Down,107564673209849850141584667341867895188475599634660777491187760159712519821674,14139639654822827924164629792196511566788433773635708227257990474054258395551,0.2,0.21,17.73,67.8,0.01,0.79,0.8,67.8,17.73,0.01,0.205,0.795,0.792704,0.207296,73011.36
1775952803197,2026-04-12T00:13:23.197,btc-updown-15m-1775952000,1775952900,Down,107564673209849850141584667341867895188475599634660777491187760159712519821674,14139639654822827924164629792196511566788433773635708227257990474054258395551,0.2,0.23,9.27,86.0,0.03,0.77,0.8,86.0,9.27,0.03,0.215,0.785,0.902698,0.097302,73007.7
1775952804198,2026-04-12T00:13:24.198,btc-updown-15m-1775952000,1775952900,Down,107564673209849850141584667341867895188475599634660777491187760159712519821674,14139639654822827924164629792196511566788433773635708227257990474054258395551,0.15,0.17,5.0,117.57,0.02,0.83,0.85,117.57,5.0,0.02,0.16,0.84,0.959207,0.040793,73007.7
1775952805199,2026-04-12T00:13:25.199,btc-updown-15m-1775952000,1775952900,Down,107564673209849850141584667341867895188475599634660777491187760159712519821674,14139639654822827924164629792196511566788433773635708227257990474054258395551,0.16,0.17,97.64,11.64,0.01,0.83,0.84,11.64,97.64,0.01,0.165,0.835,0.106515,0.893485,73007.7
1775952806200,2026-04-12T00:13:26.200,btc-updown-15m-1775952000,1775952900,Down,107564673209849850141584667341867895188475599634660777491187760159712519821674,14139639654822827924164629792196511566788433773635708227257990474054258395551,0.16,0.17,89.11,26.64,0.01,0.83,0.84,26.64,89.11,0.01,0.165,0.835,0.230151,0.769849,73007.56
1775952807201,2026-04-12T00:13:27.201,btc-updown-15m-1775952000,1775952900,Down,107564673209849850141584667341867895188475599634660777491187760159712519821674,14139639654822827924164629792196511566788433773635708227257990474054258395551,0.15,0.17,94.99,45.58,0.02,0.83,0.85,45.58,94.99,0.02,0.16,0.84,0.324251,0.675749,73007.56
1775952808202,2026-04-12T00:13:28.202,btc-updown-15m-1775952000,1775952900,Down,107564673209849850141584667341867895188475599634660777491187760159712519821674,14139639654822827924164629792196511566788433773635708227257990474054258395551,0.16,0.17,98.99,10.71,0.01,0.83,0.84,10.71,98.99,0.01,0.165,0.835,0.09763,0.90237,73007.56
1775952809202,2026-04-12T00:13:29.202,btc-updown-15m-1775952000,1775952900,Down,107564673209849850141584667341867895188475599634660777491187760159712519821674,14139639654822827924164629792196511566788433773635708227257990474054258395551,0.15,0.17,75.0,159.4,0.02,0.83,0.85,159.4,75.0,0.02,0.16,0.84,0.680034,0.319966,73007.56
1775952810203,2026-04-12T00:13:30.203,btc-updown-15m-1775952000,1775952900,Down,107564673209849850141584667341867895188475599634660777491187760159712519821674,14139639654822827924164629792196511566788433773635708227257990474054258395551,0.15,0.17,115.0,146.28,0.02,0.83,0.85,146.28,115.0,0.02,0.16,0.84,0.559859,0.440141,73007.56
1775952811204,2026-04-12T00:13:31.204,btc-updown-15m-1775952000,1775952900,Down,107564673209849850141584667341867895188475599634660777491187760159712519821674,14139639654822827924164629792196511566788433773635708227257990474054258395551,0.17,0.18,61.0,10.0,0.01,0.82,0.83,10.0,61.0,0.01,0.175,0.825,0.140845,0.859155,73007.56
1775952812205,2026-04-12T00:13:32.205,btc-updown-15m-1775952000,1775952900,Down,107564673209849850141584667341867895188475599634660777491187760159712519821674,14139639654822827924164629792196511566788433773635708227257990474054258395551,0.17,0.18,231.97,5.0,0.01,0.82,0.83,5.0,231.97,0.01,0.175,0.825,0.0211,0.9789,73007.56
1775952813206,2026-04-12T00:13:33.206,btc-updown-15m-1775952000,1775952900,Down,107564673209849850141584667341867895188475599634660777491187760159712519821674,14139639654822827924164629792196511566788433773635708227257990474054258395551,0.17,0.18,209.17,5.0,0.01,0.82,0.83,5.0,209.17,0.01,0.175,0.825,0.023346,0.976654,73007.56
1775952814206,2026-04-12T00:13:34.206,btc-updown-15m-1775952000,1775952900,Down,107564673209849850141584667341867895188475599634660777491187760159712519821674,14139639654822827924164629792196511566788433773635708227257990474054258395551,0.16,0.17,109.0,5.0,0.01,0.83,0.84,5.0,109.0,0.01,0.165,0.835,0.04386,0.95614,73007.56
1775952815207,2026-04-12T00:13:35.207,btc-updown-15m-1775952000,1775952900,Down,107564673209849850141584667341867895188475599634660777491187760159712519821674,14139639654822827924164629792196511566788433773635708227257990474054258395551,0.16,0.17,128.66,10.0,0.01,0.83,0.84,10.0,128.66,0.01,0.165,0.835,0.072119,0.927881,73007.55
1775952816208,2026-04-12T00:13:36.208,btc-updown-15m-1775952000,1775952900,Down,107564673209849850141584667341867895188475599634660777491187760159712519821674,14139639654822827924164629792196511566788433773635708227257990474054258395551,0.16,0.17,167.77,5.0,0.01,0.83,0.84,5.0,167.77,0.01,0.165,0.835,0.02894,0.97106,73007.55
1775952817208,2026-04-12T00:13:37.208,btc-updown-15m-1775952000,1775952900,Down,107564673209849850141584667341867895188475599634660777491187760159712519821674,14139639654822827924164629792196511566788433773635708227257990474054258395551,0.16,0.17,167.77,5.0,0.01,0.83,0.84,5.0,167.77,0.01,0.165,0.835,0.02894,0.97106,73007.55
1775952818210,2026-04-12T00:13:38.210,btc-updown-15m-1775952000,1775952900,Down,107564673209849850141584667341867895188475599634660777491187760159712519821674,14139639654822827924164629792196511566788433773635708227257990474054258395551,0.14,0.15,5.0,196.34,0.01,0.85,0.86,196.34,5.0,0.01,0.145,0.855,0.975166,0.024834,73007.56
1775952819210,2026-04-12T00:13:39.210,btc-updown-15m-1775952000,1775952900,Down,107564673209849850141584667341867895188475599634660777491187760159712519821674,14139639654822827924164629792196511566788433773635708227257990474054258395551,0.14,0.16,135.74,175.0,0.02,0.84,0.86,175.0,135.74,0.02,0.15,0.85,0.563172,0.436828,73007.56
1775952820211,2026-04-12T00:13:40.211,btc-updown-15m-1775952000,1775952900,Down,107564673209849850141584667341867895188475599634660777491187760159712519821674,14139639654822827924164629792196511566788433773635708227257990474054258395551,0.14,0.15,7.98,103.0,0.01,0.85,0.86,103.0,7.98,0.01,0.145,0.855,0.928095,0.071905,73007.56
1775952821212,2026-04-12T00:13:41.212,btc-updown-15m-1775952000,1775952900,Down,107564673209849850141584667341867895188475599634660777491187760159712519821674,14139639654822827924164629792196511566788433773635708227257990474054258395551,0.14,0.15,117.98,64.49,0.01,0.85,0.86,64.49,117.98,0.01,0.145,0.855,0.353428,0.646572,73007.56
1775952822212,2026-04-12T00:13:42.212,btc-updown-15m-1775952000,1775952900,Down,107564673209849850141584667341867895188475599634660777491187760159712519821674,14139639654822827924164629792196511566788433773635708227257990474054258395551,0.14,0.15,117.98,64.49,0.01,0.85,0.86,64.49,117.98,0.01,0.145,0.855,0.353428,0.646572,73007.56
1775952823212,2026-04-12T00:13:43.212,btc-updown-15m-1775952000,1775952900,Down,107564673209849850141584667341867895188475599634660777491187760159712519821674,14139639654822827924164629792196511566788433773635708227257990474054258395551,0.13,0.14,283.76,5.0,0.01,0.86,0.87,5.0,283.76,0.01,0.135,0.865,0.017315,0.982685,73007.56
1775952824213,2026-04-12T00:13:44.213,btc-updown-15m-1775952000,1775952900,Down,107564673209849850141584667341867895188475599634660777491187760159712519821674,14139639654822827924164629792196511566788433773635708227257990474054258395551,0.12,0.14,283.76,81.86,0.02,0.86,0.88,81.86,283.76,0.02,0.13,0.87,0.223894,0.776106,73003.7
1775952825213,2026-04-12T00:13:45.213,btc-updown-15m-1775952000,1775952900,Down,107564673209849850141584667341867895188475599634660777491187760159712519821674,14139639654822827924164629792196511566788433773635708227257990474054258395551,0.11,0.13,221.0,140.84,0.02,0.87,0.89,140.84,221.0,0.02,0.12,0.88,0.389233,0.610767,73003.7
1775952826213,2026-04-12T00:13:46.213,btc-updown-15m-1775952000,1775952900,Down,107564673209849850141584667341867895188475599634660777491187760159712519821674,14139639654822827924164629792196511566788433773635708227257990474054258395551,0.11,0.13,221.0,140.84,0.02,0.87,0.89,140.84,221.0,0.02,0.12,0.88,0.389233,0.610767,73003.7
1775952827214,2026-04-12T00:13:47.214,btc-updown-15m-1775952000,1775952900,Down,107564673209849850141584667341867895188475599634660777491187760159712519821674,14139639654822827924164629792196511566788433773635708227257990474054258395551,0.11,0.12,122.15,110.0,0.01,0.88,0.89,110.0,122.15,0.01,0.115,0.885,0.473832,0.526168,73003.69
1775952828214,2026-04-12T00:13:48.214,btc-updown-15m-1775952000,1775952900,Down,107564673209849850141584667341867895188475599634660777491187760159712519821674,14139639654822827924164629792196511566788433773635708227257990474054258395551,0.11,0.12,144.04,78.0,0.01,0.88,0.89,78.0,144.04,0.01,0.115,0.885,0.351288,0.648712,73003.69
1775952829216,2026-04-12T00:13:49.216,btc-updown-15m-1775952000,1775952900,Down,107564673209849850141584667341867895188475599634660777491187760159712519821674,14139639654822827924164629792196511566788433773635708227257990474054258395551,0.11,0.12,150.62,78.0,0.01,0.88,0.89,78.0,150.62,0.01,0.115,0.885,0.341177,0.658823,73003.69
1775952830217,2026-04-12T00:13:50.217,btc-updown-15m-1775952000,1775952900,Down,107564673209849850141584667341867895188475599634660777491187760159712519821674,14139639654822827924164629792196511566788433773635708227257990474054258395551,0.11,0.12,48.87,69.03,0.01,0.88,0.89,69.03,48.87,0.01,0.115,0.885,0.585496,0.414504,73003.7
1775952831217,2026-04-12T00:13:51.217,btc-updown-15m-1775952000,1775952900,Down,107564673209849850141584667341867895188475599634660777491187760159712519821674,14139639654822827924164629792196511566788433773635708227257990474054258395551,0.11,0.12,193.26,51.1,0.01,0.88,0.89,51.1,193.26,0.01,0.115,0.885,0.209118,0.790882,73003.7
1775952832219,2026-04-12T00:13:52.219,btc-updown-15m-1775952000,1775952900,Down,107564673209849850141584667341867895188475599634660777491187760159712519821674,14139639654822827924164629792196511566788433773635708227257990474054258395551,0.11,0.12,169.99,44.35,0.01,0.88,0.89,44.35,169.99,0.01,0.115,0.885,0.206914,0.793086,73003.7
1775952833219,2026-04-12T00:13:53.219,btc-updown-15m-1775952000,1775952900,Down,107564673209849850141584667341867895188475599634660777491187760159712519821674,14139639654822827924164629792196511566788433773635708227257990474054258395551,0.1,0.11,289.75,103.0,0.01,0.89,0.9,103.0,289.75,0.01,0.105,0.895,0.262253,0.737747,73003.7
1775952834220,2026-04-12T00:13:54.220,btc-updown-15m-1775952000,1775952900,Down,107564673209849850141584667341867895188475599634660777491187760159712519821674,14139639654822827924164629792196511566788433773635708227257990474054258395551,0.1,0.11,289.75,103.0,0.01,0.89,0.9,103.0,289.75,0.01,0.105,0.895,0.262253,0.737747,73003.7
1775952835221,2026-04-12T00:13:55.221,btc-updown-15m-1775952000,1775952900,Down,107564673209849850141584667341867895188475599634660777491187760159712519821674,14139639654822827924164629792196511566788433773635708227257990474054258395551,0.09,0.1,152.0,110.57,0.01,0.9,0.91,110.57,152.0,0.01,0.095,0.905,0.421107,0.578893,73003.7
1775952836222,2026-04-12T00:13:56.222,btc-updown-15m-1775952000,1775952900,Down,107564673209849850141584667341867895188475599634660777491187760159712519821674,14139639654822827924164629792196511566788433773635708227257990474054258395551,0.09,0.1,132.0,98.0,0.01,0.9,0.91,98.0,132.0,0.01,0.095,0.905,0.426087,0.573913,73003.69
1775952837223,2026-04-12T00:13:57.223,btc-updown-15m-1775952000,1775952900,Down,107564673209849850141584667341867895188475599634660777491187760159712519821674,14139639654822827924164629792196511566788433773635708227257990474054258395551,0.09,0.1,132.0,98.0,0.01,0.9,0.91,98.0,132.0,0.01,0.095,0.905,0.426087,0.573913,73003.69
1775952838223,2026-04-12T00:13:58.223,btc-updown-15m-1775952000,1775952900,Down,107564673209849850141584667341867895188475599634660777491187760159712519821674,14139639654822827924164629792196511566788433773635708227257990474054258395551,0.08,0.1,133.91,274.55,0.02,0.9,0.92,274.55,133.91,0.02,0.09,0.91,0.672159,0.327841,73003.69
1775952839224,2026-04-12T00:13:59.224,btc-updown-15m-1775952000,1775952900,Down,107564673209849850141584667341867895188475599634660777491187760159712519821674,14139639654822827924164629792196511566788433773635708227257990474054258395551,0.08,0.09,166.0,285.12,0.01,0.91,0.92,285.12,166.0,0.01,0.085,0.915,0.632027,0.367973,73003.7
1775952840225,2026-04-12T00:14:00.225,btc-updown-15m-1775952000,1775952900,Down,107564673209849850141584667341867895188475599634660777491187760159712519821674,14139639654822827924164629792196511566788433773635708227257990474054258395551,0.08,0.09,74.31,261.51,0.01,0.91,0.92,261.51,74.31,0.01,0.085,0.915,0.778721,0.221279,73003.7
1775952841226,2026-04-12T00:14:01.226,btc-updown-15m-1775952000,1775952900,Down,107564673209849850141584667341867895188475599634660777491187760159712519821674,14139639654822827924164629792196511566788433773635708227257990474054258395551,0.08,0.09,95.33,180.24,0.01,0.91,0.92,180.24,95.33,0.01,0.085,0.915,0.654062,0.345938,73003.7
1775952842226,2026-04-12T00:14:02.226,btc-updown-15m-1775952000,1775952900,Down,107564673209849850141584667341867895188475599634660777491187760159712519821674,14139639654822827924164629792196511566788433773635708227257990474054258395551,0.08,0.09,56.33,163.24,0.01,0.91,0.92,163.24,56.33,0.01,0.085,0.915,0.743453,0.256547,73003.7
1775952843227,2026-04-12T00:14:03.227,btc-updown-15m-1775952000,1775952900,Down,107564673209849850141584667341867895188475599634660777491187760159712519821674,14139639654822827924164629792196511566788433773635708227257990474054258395551,0.08,0.09,61.33,156.24,0.01,0.91,0.92,156.24,61.33,0.01,0.085,0.915,0.718114,0.281886,73003.7
1775952844227,2026-04-12T00:14:04.227,btc-updown-15m-1775952000,1775952900,Down,107564673209849850141584667341867895188475599634660777491187760159712519821674,14139639654822827924164629792196511566788433773635708227257990474054258395551,0.08,0.09,61.33,156.24,0.01,0.91,0.92,156.24,61.33,0.01,0.085,0.915,0.718114,0.281886,73003.7
1775952845227,2026-04-12T00:14:05.227,btc-updown-15m-1775952000,1775952900,Down,107564673209849850141584667341867895188475599634660777491187760159712519821674,14139639654822827924164629792196511566788433773635708227257990474054258395551,0.08,0.09,61.33,156.24,0.01,0.91,0.92,156.24,61.33,0.01,0.085,0.915,0.718114,0.281886,72994.25
1775952846228,2026-04-12T00:14:06.228,btc-updown-15m-1775952000,1775952900,Down,107564673209849850141584667341867895188475599634660777491187760159712519821674,14139639654822827924164629792196511566788433773635708227257990474054258395551,0.04,0.06,92.83,84.13,0.02,0.94,0.96,84.13,92.83,0.02,0.05,0.95,0.475418,0.524582,72994.25
1775952847228,2026-04-12T00:14:07.228,btc-updown-15m-1775952000,1775952900,Down,107564673209849850141584667341867895188475599634660777491187760159712519821674,14139639654822827924164629792196511566788433773635708227257990474054258395551,0.04,0.06,140.61,83.04,0.02,0.94,0.96,83.04,140.61,0.02,0.05,0.95,0.371294,0.628706,72994.25
1775952848229,2026-04-12T00:14:08.229,btc-updown-15m-1775952000,1775952900,Down,107564673209849850141584667341867895188475599634660777491187760159712519821674,14139639654822827924164629792196511566788433773635708227257990474054258395551,0.04,0.06,267.17,55.04,0.02,0.94,0.96,55.04,267.17,0.02,0.05,0.95,0.17082,0.82918,72990.02
1775952849229,2026-04-12T00:14:09.229,btc-updown-15m-1775952000,1775952900,Down,107564673209849850141584667341867895188475599634660777491187760159712519821674,14139639654822827924164629792196511566788433773635708227257990474054258395551,0.03,0.05,121.21,134.22,0.02,0.95,0.97,134.22,121.21,0.02,0.04,0.96,0.525467,0.474533,72990.02
1775952850230,2026-04-12T00:14:10.230,btc-updown-15m-1775952000,1775952900,Down,107564673209849850141584667341867895188475599634660777491187760159712519821674,14139639654822827924164629792196511566788433773635708227257990474054258395551,0.03,0.04,144.19,89.03,0.01,0.96,0.97,89.03,144.19,0.01,0.035,0.965,0.381743,0.618257,72990.02
1775952851231,2026-04-12T00:14:11.231,btc-updown-15m-1775952000,1775952900,Down,107564673209849850141584667341867895188475599634660777491187760159712519821674,14139639654822827924164629792196511566788433773635708227257990474054258395551,0.03,0.04,140.78,43.96,0.01,0.96,0.97,43.96,140.78,0.01,0.035,0.965,0.237956,0.762044,72985.87
1775952852231,2026-04-12T00:14:12.231,btc-updown-15m-1775952000,1775952900,Down,107564673209849850141584667341867895188475599634660777491187760159712519821674,14139639654822827924164629792196511566788433773635708227257990474054258395551,0.01,0.03,190.29,1052.48,0.02,0.97,0.99,1052.48,190.29,0.02,0.02,0.98,0.846882,0.153118,72985.87
1775952853232,2026-04-12T00:14:13.232,btc-updown-15m-1775952000,1775952900,Down,107564673209849850141584667341867895188475599634660777491187760159712519821674,14139639654822827924164629792196511566788433773635708227257990474054258395551,0.01,0.02,213.0,792.45,0.01,0.98,0.99,792.45,213.0,0.01,0.015,0.985,0.788155,0.211845,72985.87
1775952854232,2026-04-12T00:14:14.232,btc-updown-15m-1775952000,1775952900,Down,107564673209849850141584667341867895188475599634660777491187760159712519821674,14139639654822827924164629792196511566788433773635708227257990474054258395551,0.01,0.02,174.28,700.43,0.01,0.98,0.99,700.43,174.28,0.01,0.015,0.985,0.800757,0.199243,72969.47
1775952855233,2026-04-12T00:14:15.233,btc-updown-15m-1775952000,1775952900,Down,107564673209849850141584667341867895188475599634660777491187760159712519821674,14139639654822827924164629792196511566788433773635708227257990474054258395551,0.01,0.02,220.36,795.26,0.01,0.98,0.99,795.26,220.36,0.01,0.015,0.985,0.783029,0.216971,72969.47
1775952856234,2026-04-12T00:14:16.234,btc-updown-15m-1775952000,1775952900,Down,107564673209849850141584667341867895188475599634660777491187760159712519821674,14139639654822827924164629792196511566788433773635708227257990474054258395551,0.01,0.02,162.37,853.22,0.01,0.98,0.99,853.22,162.37,0.01,0.015,0.985,0.840122,0.159878,72969.47
1775952857235,2026-04-12T00:14:17.235,btc-updown-15m-1775952000,1775952900,Down,107564673209849850141584667341867895188475599634660777491187760159712519821674,14139639654822827924164629792196511566788433773635708227257990474054258395551,0.01,0.02,25.83,903.22,0.01,0.98,0.99,903.22,25.83,0.01,0.015,0.985,0.972197,0.027803,72969.47
1775952858235,2026-04-12T00:14:18.235,btc-updown-15m-1775952000,1775952900,Down,107564673209849850141584667341867895188475599634660777491187760159712519821674,14139639654822827924164629792196511566788433773635708227257990474054258395551,0.03,0.04,336.9,16.9,0.01,0.96,0.97,16.9,336.9,0.01,0.035,0.965,0.047767,0.952233,72969.47
1775952859235,2026-04-12T00:14:19.235,btc-updown-15m-1775952000,1775952900,Down,107564673209849850141584667341867895188475599634660777491187760159712519821674,14139639654822827924164629792196511566788433773635708227257990474054258395551,0.01,0.04,393.55,922.2,0.03,0.96,0.99,922.2,393.55,0.03,0.025,0.975,0.700893,0.299107,72969.47
1775952860238,2026-04-12T00:14:20.238,btc-updown-15m-1775952000,1775952900,Down,107564673209849850141584667341867895188475599634660777491187760159712519821674,14139639654822827924164629792196511566788433773635708227257990474054258395551,,0.01,1421.77,,,0.99,,,1421.77,,,,,,72969.46
1775952861239,2026-04-12T00:14:21.239,btc-updown-15m-1775952000,1775952900,Down,107564673209849850141584667341867895188475599634660777491187760159712519821674,14139639654822827924164629792196511566788433773635708227257990474054258395551,,0.01,1421.77,,,0.99,,,1421.77,,,,,,72969.46
1775952862240,2026-04-12T00:14:22.240,btc-updown-15m-1775952000,1775952900,Down,107564673209849850141584667341867895188475599634660777491187760159712519821674,14139639654822827924164629792196511566788433773635708227257990474054258395551,,0.01,1352.44,,,0.99,,,1352.44,,,,,,72969.46
1775952863240,2026-04-12T00:14:23.240,btc-updown-15m-1775952000,1775952900,Down,107564673209849850141584667341867895188475599634660777491187760159712519821674,14139639654822827924164629792196511566788433773635708227257990474054258395551,,0.01,1352.44,,,0.99,,,1352.44,,,,,,72979.69
1775952864241,2026-04-12T00:14:24.241,btc-updown-15m-1775952000,1775952900,Down,107564673209849850141584667341867895188475599634660777491187760159712519821674,14139639654822827924164629792196511566788433773635708227257990474054258395551,,0.01,197.47,,,0.99,,,197.47,,,,,,72979.69
1775952865242,2026-04-12T00:14:25.242,btc-updown-15m-1775952000,1775952900,Down,107564673209849850141584667341867895188475599634660777491187760159712519821674,14139639654822827924164629792196511566788433773635708227257990474054258395551,,0.01,107.57,,,0.99,,,107.57,,,,,,72979.69
1775952866243,2026-04-12T00:14:26.243,btc-updown-15m-1775952000,1775952900,Down,107564673209849850141584667341867895188475599634660777491187760159712519821674,14139639654822827924164629792196511566788433773635708227257990474054258395551,,0.01,106.57,,,0.99,,,106.57,,,,,,72979.69
1775952867244,2026-04-12T00:14:27.244,btc-updown-15m-1775952000,1775952900,Down,107564673209849850141584667341867895188475599634660777491187760159712519821674,14139639654822827924164629792196511566788433773635708227257990474054258395551,,0.01,69.57,,,0.99,,,69.57,,,,,,72979.69
1775952868245,2026-04-12T00:14:28.245,btc-updown-15m-1775952000,1775952900,Down,107564673209849850141584667341867895188475599634660777491187760159712519821674,14139639654822827924164629792196511566788433773635708227257990474054258395551,,0.01,69.57,,,0.99,,,69.57,,,,,,72979.69
1775952869246,2026-04-12T00:14:29.246,btc-updown-15m-1775952000,1775952900,Down,107564673209849850141584667341867895188475599634660777491187760159712519821674,14139639654822827924164629792196511566788433773635708227257990474054258395551,,0.01,69.57,,,0.99,,,69.57,,,,,,72979.68
1775952870247,2026-04-12T00:14:30.247,btc-updown-15m-1775952000,1775952900,Down,107564673209849850141584667341867895188475599634660777491187760159712519821674,14139639654822827924164629792196511566788433773635708227257990474054258395551,,0.01,69.57,,,0.99,,,69.57,,,,,,72979.68
1775952871248,2026-04-12T00:14:31.248,btc-updown-15m-1775952000,1775952900,Down,107564673209849850141584667341867895188475599634660777491187760159712519821674,14139639654822827924164629792196511566788433773635708227257990474054258395551,,0.01,69.57,,,0.99,,,69.57,,,,,,72979.68
1775952872249,2026-04-12T00:14:32.249,btc-updown-15m-1775952000,1775952900,Down,107564673209849850141584667341867895188475599634660777491187760159712519821674,14139639654822827924164629792196511566788433773635708227257990474054258395551,,0.02,141.86,,,0.98,,,141.86,,,,,,72979.68
1775952873250,2026-04-12T00:14:33.250,btc-updown-15m-1775952000,1775952900,Down,107564673209849850141584667341867895188475599634660777491187760159712519821674,14139639654822827924164629792196511566788433773635708227257990474054258395551,,0.02,141.86,,,0.98,,,141.86,,,,,,72979.68
1775952874251,2026-04-12T00:14:34.251,btc-updown-15m-1775952000,1775952900,Down,107564673209849850141584667341867895188475599634660777491187760159712519821674,14139639654822827924164629792196511566788433773635708227257990474054258395551,,0.02,141.86,,,0.98,,,141.86,,,,,,72979.68
1775952875252,2026-04-12T00:14:35.252,btc-updown-15m-1775952000,1775952900,Down,107564673209849850141584667341867895188475599634660777491187760159712519821674,14139639654822827924164629792196511566788433773635708227257990474054258395551,,0.01,64.4,,,0.99,,,64.4,,,,,,72987.47
1775952876253,2026-04-12T00:14:36.253,btc-updown-15m-1775952000,1775952900,Down,107564673209849850141584667341867895188475599634660777491187760159712519821674,14139639654822827924164629792196511566788433773635708227257990474054258395551,,0.01,0.54,,,0.99,,,0.54,,,,,,72987.47
1775952877254,2026-04-12T00:14:37.254,btc-updown-15m-1775952000,1775952900,Down,107564673209849850141584667341867895188475599634660777491187760159712519821674,14139639654822827924164629792196511566788433773635708227257990474054258395551,,0.02,88.39,,,0.98,,,88.39,,,,,,72987.47
1775952878254,2026-04-12T00:14:38.254,btc-updown-15m-1775952000,1775952900,Down,107564673209849850141584667341867895188475599634660777491187760159712519821674,14139639654822827924164629792196511566788433773635708227257990474054258395551,0.02,0.03,193.83,65.85,0.01,0.97,0.98,65.85,193.83,0.01,0.025,0.975,0.253581,0.746419,72997.5
1775952879255,2026-04-12T00:14:39.255,btc-updown-15m-1775952000,1775952900,Down,107564673209849850141584667341867895188475599634660777491187760159712519821674,14139639654822827924164629792196511566788433773635708227257990474054258395551,0.02,0.03,125.43,49.39,0.01,0.97,0.98,49.39,125.43,0.01,0.025,0.975,0.282519,0.717481,72997.5
1775952880256,2026-04-12T00:14:40.256,btc-updown-15m-1775952000,1775952900,Down,107564673209849850141584667341867895188475599634660777491187760159712519821674,14139639654822827924164629792196511566788433773635708227257990474054258395551,0.02,0.03,43.82,44.29,0.01,0.97,0.98,44.29,43.82,0.01,0.025,0.975,0.502667,0.497333,72997.5
1775952881257,2026-04-12T00:14:41.257,btc-updown-15m-1775952000,1775952900,Down,107564673209849850141584667341867895188475599634660777491187760159712519821674,14139639654822827924164629792196511566788433773635708227257990474054258395551,0.02,0.03,160.39,19.69,0.01,0.97,0.98,19.69,160.39,0.01,0.025,0.975,0.10934,0.89066,73003.69
1775952882257,2026-04-12T00:14:42.257,btc-updown-15m-1775952000,1775952900,Down,107564673209849850141584667341867895188475599634660777491187760159712519821674,14139639654822827924164629792196511566788433773635708227257990474054258395551,0.01,0.02,4.88,147.54,0.01,0.98,0.99,147.54,4.88,0.01,0.015,0.985,0.967983,0.032017,73003.69
1775952883258,2026-04-12T00:14:43.258,btc-updown-15m-1775952000,1775952900,Down,107564673209849850141584667341867895188475599634660777491187760159712519821674,14139639654822827924164629792196511566788433773635708227257990474054258395551,0.01,0.02,4.88,147.54,0.01,0.98,0.99,147.54,4.88,0.01,0.015,0.985,0.967983,0.032017,73003.69
1775952884259,2026-04-12T00:14:44.259,btc-updown-15m-1775952000,1775952900,Down,107564673209849850141584667341867895188475599634660777491187760159712519821674,14139639654822827924164629792196511566788433773635708227257990474054258395551,0.01,0.02,10.0,131.38,0.01,0.98,0.99,131.38,10.0,0.01,0.015,0.985,0.929269,0.070731,73003.69
1775952885260,2026-04-12T00:14:45.260,btc-updown-15m-1775952000,1775952900,Down,107564673209849850141584667341867895188475599634660777491187760159712519821674,14139639654822827924164629792196511566788433773635708227257990474054258395551,0.01,0.02,10.0,101.07,0.01,0.98,0.99,101.07,10.0,0.01,0.015,0.985,0.909967,0.090033,73003.69
1775952886262,2026-04-12T00:14:46.262,btc-updown-15m-1775952000,1775952900,Down,107564673209849850141584667341867895188475599634660777491187760159712519821674,14139639654822827924164629792196511566788433773635708227257990474054258395551,0.01,0.02,25.0,78.11,0.01,0.98,0.99,78.11,25.0,0.01,0.015,0.985,0.75754,0.24246,73003.69
1775952887264,2026-04-12T00:14:47.264,btc-updown-15m-1775952000,1775952900,Down,107564673209849850141584667341867895188475599634660777491187760159712519821674,14139639654822827924164629792196511566788433773635708227257990474054258395551,0.01,0.02,37.0,137.06,0.01,0.98,0.99,137.06,37.0,0.01,0.015,0.985,0.78743,0.21257,73003.69
1775952888264,2026-04-12T00:14:48.264,btc-updown-15m-1775952000,1775952900,Down,107564673209849850141584667341867895188475599634660777491187760159712519821674,14139639654822827924164629792196511566788433773635708227257990474054258395551,0.01,0.02,35.89,137.06,0.01,0.98,0.99,137.06,35.89,0.01,0.015,0.985,0.792483,0.207517,73003.69
1775952889265,2026-04-12T00:14:49.265,btc-updown-15m-1775952000,1775952900,Down,107564673209849850141584667341867895188475599634660777491187760159712519821674,14139639654822827924164629792196511566788433773635708227257990474054258395551,0.01,0.02,35.89,133.0,0.01,0.98,0.99,133.0,35.89,0.01,0.015,0.985,0.787495,0.212505,73003.69
1775952890266,2026-04-12T00:14:50.266,btc-updown-15m-1775952000,1775952900,Down,107564673209849850141584667341867895188475599634660777491187760159712519821674,14139639654822827924164629792196511566788433773635708227257990474054258395551,0.01,0.02,35.89,35.6,0.01,0.98,0.99,35.6,35.89,0.01,0.015,0.985,0.497972,0.502028,73003.69
1775952891267,2026-04-12T00:14:51.267,btc-updown-15m-1775952000,1775952900,Down,107564673209849850141584667341867895188475599634660777491187760159712519821674,14139639654822827924164629792196511566788433773635708227257990474054258395551,,0.01,1391.43,,,0.99,,,1391.43,,,,,,73003.69
1775952892268,2026-04-12T00:14:52.268,btc-updown-15m-1775952000,1775952900,Down,107564673209849850141584667341867895188475599634660777491187760159712519821674,14139639654822827924164629792196511566788433773635708227257990474054258395551,,0.01,1391.43,,,0.99,,,1391.43,,,,,,73003.69
1775952893268,2026-04-12T00:14:53.268,btc-updown-15m-1775952000,1775952900,Down,107564673209849850141584667341867895188475599634660777491187760159712519821674,14139639654822827924164629792196511566788433773635708227257990474054258395551,,0.01,1391.43,,,0.99,,,1391.43,,,,,,73003.69
1775952894269,2026-04-12T00:14:54.269,btc-updown-15m-1775952000,1775952900,Down,107564673209849850141584667341867895188475599634660777491187760159712519821674,14139639654822827924164629792196511566788433773635708227257990474054258395551,,0.01,1391.43,,,0.99,,,1391.43,,,,,,73003.69
1775952895269,2026-04-12T00:14:55.269,btc-updown-15m-1775952000,1775952900,Down,107564673209849850141584667341867895188475599634660777491187760159712519821674,14139639654822827924164629792196511566788433773635708227257990474054258395551,,0.01,1391.43,,,0.99,,,1391.43,,,,,,73003.69
1775952896269,2026-04-12T00:14:56.269,btc-updown-15m-1775952000,1775952900,Down,107564673209849850141584667341867895188475599634660777491187760159712519821674,14139639654822827924164629792196511566788433773635708227257990474054258395551,,0.01,261.53,,,0.99,,,261.53,,,,,,73015.0
1775952897270,2026-04-12T00:14:57.270,btc-updown-15m-1775952000,1775952900,Down,107564673209849850141584667341867895188475599634660777491187760159712519821674,14139639654822827924164629792196511566788433773635708227257990474054258395551,,0.01,261.53,,,0.99,,,261.53,,,,,,73015.0
1775952898271,2026-04-12T00:14:58.271,btc-updown-15m-1775952000,1775952900,Down,107564673209849850141584667341867895188475599634660777491187760159712519821674,14139639654822827924164629792196511566788433773635708227257990474054258395551,,0.01,261.53,,,0.99,,,261.53,,,,,,73015.0
1775952899271,2026-04-12T00:14:59.271,btc-updown-15m-1775952000,1775952900,Down,107564673209849850141584667341867895188475599634660777491187760159712519821674,14139639654822827924164629792196511566788433773635708227257990474054258395551,,0.01,261.53,,,0.99,,,261.53,,,,,,73015.01
1775952900272,2026-04-12T00:15:00.272,btc-updown-15m-1775952000,1775952900,Down,107564673209849850141584667341867895188475599634660777491187760159712519821674,14139639654822827924164629792196511566788433773635708227257990474054258395551,,0.01,261.53,,,0.99,,,261.53,,,,,,73015.01
1775952900272,2026-04-12T00:15:00.272,btc-updown-15m-1775952900,1775953800,Up,75382482427414520525305754099365116099976700289541099671794772733232173913023,34400672126260490653062896037098083926239042304486278032979930681633237080757,0.57,0.58,18.41,375.72,0.01,0.42,0.43,375.72,18.41,0.01,0.575,0.425,0.95329,0.04671,73015.01
1775952901272,2026-04-12T00:15:01.272,btc-updown-15m-1775952900,1775953800,Up,75382482427414520525305754099365116099976700289541099671794772733232173913023,34400672126260490653062896037098083926239042304486278032979930681633237080757,0.57,0.61,5.0,152.58,0.04,0.39,0.43,152.58,5.0,0.04,0.59,0.41,0.96827,0.03173,73015.01
1775952902273,2026-04-12T00:15:02.273,btc-updown-15m-1775952900,1775953800,Up,75382482427414520525305754099365116099976700289541099671794772733232173913023,34400672126260490653062896037098083926239042304486278032979930681633237080757,0.56,0.57,0.33,1314.0,0.01,0.43,0.44,1314.0,0.33,0.01,0.565,0.435,0.999749,0.000251,72992.69
1775952903274,2026-04-12T00:15:03.274,btc-updown-15m-1775952900,1775953800,Up,75382482427414520525305754099365116099976700289541099671794772733232173913023,34400672126260490653062896037098083926239042304486278032979930681633237080757,0.56,0.57,13.97,1005.39,0.01,0.43,0.44,1005.39,7.97,0.01,0.565,0.435,0.986295,0.007865,72992.69
1775952904275,2026-04-12T00:15:04.275,btc-updown-15m-1775952900,1775953800,Up,75382482427414520525305754099365116099976700289541099671794772733232173913023,34400672126260490653062896037098083926239042304486278032979930681633237080757,0.58,0.59,51.73,14.2,0.01,0.41,0.42,14.2,51.73,0.01,0.585,0.415,0.21538,0.78462,72992.69
1775952905275,2026-04-12T00:15:05.275,btc-updown-15m-1775952900,1775953800,Up,75382482427414520525305754099365116099976700289541099671794772733232173913023,34400672126260490653062896037098083926239042304486278032979930681633237080757,0.59,0.6,197.5,216.03,0.01,0.4,0.41,216.03,197.5,0.01,0.595,0.405,0.522405,0.477595,73003.66
1775952906275,2026-04-12T00:15:06.275,btc-updown-15m-1775952900,1775953800,Up,75382482427414520525305754099365116099976700289541099671794772733232173913023,34400672126260490653062896037098083926239042304486278032979930681633237080757,0.59,0.6,13.33,191.03,0.01,0.4,0.41,191.03,13.33,0.01,0.595,0.405,0.934772,0.065228,73003.66
1775952907276,2026-04-12T00:15:07.276,btc-updown-15m-1775952900,1775953800,Up,75382482427414520525305754099365116099976700289541099671794772733232173913023,34400672126260490653062896037098083926239042304486278032979930681633237080757,0.6,0.61,36.45,55.1,0.01,0.39,0.4,55.1,36.45,0.01,0.605,0.395,0.601857,0.398143,73003.66
1775952908277,2026-04-12T00:15:08.277,btc-updown-15m-1775952900,1775953800,Up,75382482427414520525305754099365116099976700289541099671794772733232173913023,34400672126260490653062896037098083926239042304486278032979930681633237080757,0.6,0.62,51.75,30.71,0.02,0.38,0.4,30.71,51.75,0.02,0.61,0.39,0.372423,0.627577,73003.66
1775952909278,2026-04-12T00:15:09.278,btc-updown-15m-1775952900,1775953800,Up,75382482427414520525305754099365116099976700289541099671794772733232173913023,34400672126260490653062896037098083926239042304486278032979930681633237080757,0.6,0.61,62.0,26.92,0.01,0.39,0.4,26.92,62.0,0.01,0.605,0.395,0.302744,0.697256,73003.66
1775952910278,2026-04-12T00:15:10.278,btc-updown-15m-1775952900,1775953800,Up,75382482427414520525305754099365116099976700289541099671794772733232173913023,34400672126260490653062896037098083926239042304486278032979930681633237080757,0.58,0.59,34.85,162.35,0.01,0.41,0.42,162.35,34.85,0.01,0.585,0.415,0.823276,0.176724,73003.66
1775952911279,2026-04-12T00:15:11.279,btc-updown-15m-1775952900,1775953800,Up,75382482427414520525305754099365116099976700289541099671794772733232173913023,34400672126260490653062896037098083926239042304486278032979930681633237080757,0.58,0.59,41.06,211.74,0.01,0.41,0.42,211.74,41.06,0.01,0.585,0.415,0.837579,0.162421,72984.66
1775952912279,2026-04-12T00:15:12.279,btc-updown-15m-1775952900,1775953800,Up,75382482427414520525305754099365116099976700289541099671794772733232173913023,34400672126260490653062896037098083926239042304486278032979930681633237080757,0.56,0.57,220.43,898.89,0.01,0.43,0.44,898.89,220.43,0.01,0.565,0.435,0.803068,0.196932,72984.66
1775952913280,2026-04-12T00:15:13.280,btc-updown-15m-1775952900,1775953800,Up,75382482427414520525305754099365116099976700289541099671794772733232173913023,34400672126260490653062896037098083926239042304486278032979930681633237080757,0.56,0.57,381.3,581.9,0.01,0.43,0.44,581.9,381.3,0.01,0.565,0.435,0.604132,0.395868,72984.66
1775952914281,2026-04-12T00:15:14.281,btc-updown-15m-1775952900,1775953800,Up,75382482427414520525305754099365116099976700289541099671794772733232173913023,34400672126260490653062896037098083926239042304486278032979930681633237080757,0.56,0.57,360.11,82.55,0.01,0.43,0.44,82.55,360.11,0.01,0.565,0.435,0.186486,0.813514,72974.08
1775952915281,2026-04-12T00:15:15.281,btc-updown-15m-1775952900,1775953800,Up,75382482427414520525305754099365116099976700289541099671794772733232173913023,34400672126260490653062896037098083926239042304486278032979930681633237080757,0.56,0.57,360.11,69.27,0.01,0.43,0.44,69.27,360.11,0.01,0.565,0.435,0.161326,0.838674,72974.08
1775952916282,2026-04-12T00:15:16.282,btc-updown-15m-1775952900,1775953800,Up,75382482427414520525305754099365116099976700289541099671794772733232173913023,34400672126260490653062896037098083926239042304486278032979930681633237080757,0.55,0.56,423.17,642.47,0.01,0.44,0.45,642.47,423.17,0.01,0.555,0.445,0.602896,0.397104,72974.08
1775952917283,2026-04-12T00:15:17.283,btc-updown-15m-1775952900,1775953800,Up,75382482427414520525305754099365116099976700289541099671794772733232173913023,34400672126260490653062896037098083926239042304486278032979930681633237080757,0.55,0.56,423.17,268.47,0.01,0.44,0.45,268.47,423.17,0.01,0.555,0.445,0.388164,0.611836,72974.09
1775952918284,2026-04-12T00:15:18.284,btc-updown-15m-1775952900,1775953800,Up,75382482427414520525305754099365116099976700289541099671794772733232173913023,34400672126260490653062896037098083926239042304486278032979930681633237080757,0.55,0.56,433.17,241.8,0.01,0.44,0.45,241.8,433.17,0.01,0.555,0.445,0.358238,0.641762,72974.09
1775952919285,2026-04-12T00:15:19.285,btc-updown-15m-1775952900,1775953800,Up,75382482427414520525305754099365116099976700289541099671794772733232173913023,34400672126260490653062896037098083926239042304486278032979930681633237080757,0.55,0.56,438.17,214.8,0.01,0.44,0.45,214.8,438.17,0.01,0.555,0.445,0.328958,0.671042,72974.09
1775952920286,2026-04-12T00:15:20.286,btc-updown-15m-1775952900,1775953800,Up,75382482427414520525305754099365116099976700289541099671794772733232173913023,34400672126260490653062896037098083926239042304486278032979930681633237080757,0.55,0.56,507.34,207.8,0.01,0.44,0.45,207.8,507.34,0.01,0.555,0.445,0.290572,0.709428,72974.08
1775952921287,2026-04-12T00:15:21.287,btc-updown-15m-1775952900,1775953800,Up,75382482427414520525305754099365116099976700289541099671794772733232173913023,34400672126260490653062896037098083926239042304486278032979930681633237080757,0.55,0.56,505.55,172.8,0.01,0.44,0.45,172.8,505.55,0.01,0.555,0.445,0.254736,0.745264,72974.08
1775952922288,2026-04-12T00:15:22.288,btc-updown-15m-1775952900,1775953800,Up,75382482427414520525305754099365116099976700289541099671794772733232173913023,34400672126260490653062896037098083926239042304486278032979930681633237080757,0.55,0.56,466.76,340.52,0.01,0.44,0.45,340.52,466.76,0.01,0.555,0.445,0.421812,0.578188,72974.08
1775952923288,2026-04-12T00:15:23.288,btc-updown-15m-1775952900,1775953800,Up,75382482427414520525305754099365116099976700289541099671794772733232173913023,34400672126260490653062896037098083926239042304486278032979930681633237080757,0.54,0.55,352.08,56.36,0.01,0.45,0.46,56.36,352.08,0.01,0.545,0.455,0.137988,0.862012,72974.08
1775952924289,2026-04-12T00:15:24.289,btc-updown-15m-1775952900,1775953800,Up,75382482427414520525305754099365116099976700289541099671794772733232173913023,34400672126260490653062896037098083926239042304486278032979930681633237080757,0.54,0.55,352.08,56.36,0.01,0.45,0.46,56.36,352.08,0.01,0.545,0.455,0.137988,0.862012,72974.08
1775952925290,2026-04-12T00:15:25.290,btc-updown-15m-1775952900,1775953800,Up,75382482427414520525305754099365116099976700289541099671794772733232173913023,34400672126260490653062896037098083926239042304486278032979930681633237080757,0.54,0.55,447.82,66.57,0.01,0.45,0.46,66.57,447.82,0.01,0.545,0.455,0.129415,0.870585,72974.08
1775952926291,2026-04-12T00:15:26.291,btc-updown-15m-1775952900,1775953800,Up,75382482427414520525305754099365116099976700289541099671794772733232173913023,34400672126260490653062896037098083926239042304486278032979930681633237080757,0.51,0.54,275.0,83.8,0.03,0.46,0.49,83.8,275.0,0.03,0.525,0.475,0.233556,0.766444,72974.01
1775952927293,2026-04-12T00:15:27.293,btc-updown-15m-1775952900,1775953800,Up,75382482427414520525305754099365116099976700289541099671794772733232173913023,34400672126260490653062896037098083926239042304486278032979930681633237080757,0.51,0.52,265.31,65.63,0.01,0.48,0.49,65.63,265.31,0.01,0.515,0.485,0.198314,0.801686,72974.01
1775952928293,2026-04-12T00:15:28.293,btc-updown-15m-1775952900,1775953800,Up,75382482427414520525305754099365116099976700289541099671794772733232173913023,34400672126260490653062896037098083926239042304486278032979930681633237080757,0.51,0.52,273.26,18.87,0.01,0.48,0.49,18.87,273.26,0.01,0.515,0.485,0.064595,0.935405,72974.01
1775952929294,2026-04-12T00:15:29.294,btc-updown-15m-1775952900,1775953800,Up,75382482427414520525305754099365116099976700289541099671794772733232173913023,34400672126260490653062896037098083926239042304486278032979930681633237080757,0.51,0.52,264.59,68.87,0.01,0.48,0.49,68.87,264.59,0.01,0.515,0.485,0.206532,0.793468,72974.01
1775952930295,2026-04-12T00:15:30.295,btc-updown-15m-1775952900,1775953800,Up,75382482427414520525305754099365116099976700289541099671794772733232173913023,34400672126260490653062896037098083926239042304486278032979930681633237080757,0.51,0.52,260.0,68.36,0.01,0.48,0.49,68.36,260.0,0.01,0.515,0.485,0.208186,0.791814,72974.01
1775952931295,2026-04-12T00:15:31.295,btc-updown-15m-1775952900,1775953800,Up,75382482427414520525305754099365116099976700289541099671794772733232173913023,34400672126260490653062896037098083926239042304486278032979930681633237080757,0.51,0.52,270.0,48.36,0.01,0.48,0.49,48.36,270.0,0.01,0.515,0.485,0.151904,0.848096,72974.01
1775952932296,2026-04-12T00:15:32.296,btc-updown-15m-1775952900,1775953800,Up,75382482427414520525305754099365116099976700289541099671794772733232173913023,34400672126260490653062896037098083926239042304486278032979930681633237080757,0.51,0.52,404.31,48.78,0.01,0.48,0.49,48.78,404.31,0.01,0.515,0.485,0.107661,0.892339,72974.0
1775952933297,2026-04-12T00:15:33.297,btc-updown-15m-1775952900,1775953800,Up,75382482427414520525305754099365116099976700289541099671794772733232173913023,34400672126260490653062896037098083926239042304486278032979930681633237080757,0.51,0.52,404.31,48.78,0.01,0.48,0.49,48.78,404.31,0.01,0.515,0.485,0.107661,0.892339,72974.0
1775952934298,2026-04-12T00:15:34.298,btc-updown-15m-1775952900,1775953800,Up,75382482427414520525305754099365116099976700289541099671794772733232173913023,34400672126260490653062896037098083926239042304486278032979930681633237080757,0.51,0.52,404.31,48.78,0.01,0.48,0.49,48.78,404.31,0.01,0.515,0.485,0.107661,0.892339,72974.0
1775952935298,2026-04-12T00:15:35.298,btc-updown-15m-1775952900,1775953800,Up,75382482427414520525305754099365116099976700289541099671794772733232173913023,34400672126260490653062896037098083926239042304486278032979930681633237080757,0.51,0.52,347.61,75.9,0.01,0.48,0.49,75.9,347.61,0.01,0.515,0.485,0.179217,0.820783,72974.01
1775952936299,2026-04-12T00:15:36.299,btc-updown-15m-1775952900,1775953800,Up,75382482427414520525305754099365116099976700289541099671794772733232173913023,34400672126260490653062896037098083926239042304486278032979930681633237080757,0.05,0.52,347.61,10596.63,0.47,0.48,0.95,10596.63,347.61,0.47,0.285,0.715,0.968238,0.031762,72974.01
1775952937299,2026-04-12T00:15:37.299,btc-updown-15m-1775952900,1775953800,Up,75382482427414520525305754099365116099976700289541099671794772733232173913023,34400672126260490653062896037098083926239042304486278032979930681633237080757,0.47,0.48,628.49,78.0,0.01,0.52,0.53,78.0,628.49,0.01,0.475,0.525,0.110405,0.889595,72974.01
1775952938301,2026-04-12T00:15:38.301,btc-updown-15m-1775952900,1775953800,Up,75382482427414520525305754099365116099976700289541099671794772733232173913023,34400672126260490653062896037098083926239042304486278032979930681633237080757,0.47,0.48,646.98,61.99,0.01,0.52,0.53,61.99,646.98,0.01,0.475,0.525,0.087437,0.912563,72974.01
1775952939302,2026-04-12T00:15:39.302,btc-updown-15m-1775952900,1775953800,Up,75382482427414520525305754099365116099976700289541099671794772733232173913023,34400672126260490653062896037098083926239042304486278032979930681633237080757,0.47,0.48,652.08,18.8,0.01,0.52,0.53,18.8,652.08,0.01,0.475,0.525,0.028023,0.971977,72974.01
1775952940303,2026-04-12T00:15:40.303,btc-updown-15m-1775952900,1775953800,Up,75382482427414520525305754099365116099976700289541099671794772733232173913023,34400672126260490653062896037098083926239042304486278032979930681633237080757,0.47,0.48,677.08,18.8,0.01,0.52,0.53,18.8,677.08,0.01,0.475,0.525,0.027016,0.972984,72974.01
1775952941304,2026-04-12T00:15:41.304,btc-updown-15m-1775952900,1775953800,Up,75382482427414520525305754099365116099976700289541099671794772733232173913023,34400672126260490653062896037098083926239042304486278032979930681633237080757,0.47,0.48,677.08,18.8,0.01,0.52,0.53,18.8,677.08,0.01,0.475,0.525,0.027016,0.972984,72974.01
1775952942304,2026-04-12T00:15:42.304,btc-updown-15m-1775952900,1775953800,Up,75382482427414520525305754099365116099976700289541099671794772733232173913023,34400672126260490653062896037098083926239042304486278032979930681633237080757,0.47,0.48,677.08,17.93,0.01,0.52,0.53,17.93,677.08,0.01,0.475,0.525,0.025798,0.974202,72974.01
1775952943305,2026-04-12T00:15:43.305,btc-updown-15m-1775952900,1775953800,Up,75382482427414520525305754099365116099976700289541099671794772733232173913023,34400672126260490653062896037098083926239042304486278032979930681633237080757,0.47,0.48,677.08,17.93,0.01,0.52,0.53,17.93,677.08,0.01,0.475,0.525,0.025798,0.974202,72974.01
1775952944306,2026-04-12T00:15:44.306,btc-updown-15m-1775952900,1775953800,Up,75382482427414520525305754099365116099976700289541099671794772733232173913023,34400672126260490653062896037098083926239042304486278032979930681633237080757,0.47,0.48,572.91,10.0,0.01,0.52,0.53,10.0,572.91,0.01,0.475,0.525,0.017155,0.982845,72974.0
1775952945306,2026-04-12T00:15:45.306,btc-updown-15m-1775952900,1775953800,Up,75382482427414520525305754099365116099976700289541099671794772733232173913023,34400672126260490653062896037098083926239042304486278032979930681633237080757,0.47,0.48,562.91,10.0,0.01,0.52,0.53,10.0,562.91,0.01,0.475,0.525,0.017455,0.982545,72974.0
1775952946307,2026-04-12T00:15:46.307,btc-updown-15m-1775952900,1775953800,Up,75382482427414520525305754099365116099976700289541099671794772733232173913023,34400672126260490653062896037098083926239042304486278032979930681633237080757,0.47,0.48,394.8,60.0,0.01,0.52,0.53,60.0,394.8,0.01,0.475,0.525,0.131926,0.868074,72974.0
1775952947307,2026-04-12T00:15:47.307,btc-updown-15m-1775952900,1775953800,Up,75382482427414520525305754099365116099976700289541099671794772733232173913023,34400672126260490653062896037098083926239042304486278032979930681633237080757,0.47,0.9,16.88,20.0,0.43,0.1,0.53,20.0,16.88,0.43,0.685,0.315,0.542299,0.457701,72974.0
1775952948308,2026-04-12T00:15:48.308,btc-updown-15m-1775952900,1775953800,Up,75382482427414520525305754099365116099976700289541099671794772733232173913023,34400672126260490653062896037098083926239042304486278032979930681633237080757,0.48,0.49,269.0,43.6,0.01,0.51,0.52,43.6,269.0,0.01,0.485,0.515,0.139475,0.860525,72974.0
1775952949309,2026-04-12T00:15:49.309,btc-updown-15m-1775952900,1775953800,Up,75382482427414520525305754099365116099976700289541099671794772733232173913023,34400672126260490653062896037098083926239042304486278032979930681633237080757,0.46,0.47,127.39,18.42,0.01,0.53,0.54,18.42,127.39,0.01,0.465,0.535,0.126329,0.873671,72974.0
1775952950311,2026-04-12T00:15:50.311,btc-updown-15m-1775952900,1775953800,Up,75382482427414520525305754099365116099976700289541099671794772733232173913023,34400672126260490653062896037098083926239042304486278032979930681633237080757,0.46,0.47,142.39,28.42,0.01,0.53,0.54,28.42,142.39,0.01,0.465,0.535,0.166384,0.833616,72974.01
1775952951311,2026-04-12T00:15:51.311,btc-updown-15m-1775952900,1775953800,Up,75382482427414520525305754099365116099976700289541099671794772733232173913023,34400672126260490653062896037098083926239042304486278032979930681633237080757,0.46,0.47,142.39,28.42,0.01,0.53,0.54,28.42,142.39,0.01,0.465,0.535,0.166384,0.833616,72974.01
1775952952312,2026-04-12T00:15:52.312,btc-updown-15m-1775952900,1775953800,Up,75382482427414520525305754099365116099976700289541099671794772733232173913023,34400672126260490653062896037098083926239042304486278032979930681633237080757,0.45,0.47,274.19,97.17,0.02,0.53,0.55,97.17,274.19,0.02,0.46,0.54,0.26166,0.73834,72974.01
1775952953313,2026-04-12T00:15:53.313,btc-updown-15m-1775952900,1775953800,Up,75382482427414520525305754099365116099976700289541099671794772733232173913023,34400672126260490653062896037098083926239042304486278032979930681633237080757,0.45,0.46,130.9,82.17,0.01,0.54,0.55,82.17,130.9,0.01,0.455,0.545,0.385648,0.614352,72971.81
1775952954315,2026-04-12T00:15:54.315,btc-updown-15m-1775952900,1775953800,Up,75382482427414520525305754099365116099976700289541099671794772733232173913023,34400672126260490653062896037098083926239042304486278032979930681633237080757,0.45,0.46,248.72,30.5,0.01,0.54,0.55,30.5,248.72,0.01,0.455,0.545,0.109233,0.890767,72971.81
1775952955316,2026-04-12T00:15:55.316,btc-updown-15m-1775952900,1775953800,Up,75382482427414520525305754099365116099976700289541099671794772733232173913023,34400672126260490653062896037098083926239042304486278032979930681633237080757,0.45,0.46,233.72,23.5,0.01,0.54,0.55,23.5,233.72,0.01,0.455,0.545,0.091361,0.908639,72971.81
1775952956317,2026-04-12T00:15:56.317,btc-updown-15m-1775952900,1775953800,Up,75382482427414520525305754099365116099976700289541099671794772733232173913023,34400672126260490653062896037098083926239042304486278032979930681633237080757,0.41,0.42,312.98,0.01,0.01,0.58,0.59,0.01,312.98,0.01,0.415,0.585,3.2e-05,0.999968,72959.85
1775952957317,2026-04-12T00:15:57.317,btc-updown-15m-1775952900,1775953800,Up,75382482427414520525305754099365116099976700289541099671794772733232173913023,34400672126260490653062896037098083926239042304486278032979930681633237080757,0.4,0.41,129.75,28.4,0.01,0.59,0.6,28.4,129.75,0.01,0.405,0.595,0.179576,0.820424,72959.85
1775952958317,2026-04-12T00:15:58.317,btc-updown-15m-1775952900,1775953800,Up,75382482427414520525305754099365116099976700289541099671794772733232173913023,34400672126260490653062896037098083926239042304486278032979930681633237080757,0.4,0.41,231.86,76.53,0.01,0.59,0.6,76.53,231.86,0.01,0.405,0.595,0.24816,0.75184,72959.85
1775952959318,2026-04-12T00:15:59.318,btc-updown-15m-1775952900,1775953800,Up,75382482427414520525305754099365116099976700289541099671794772733232173913023,34400672126260490653062896037098083926239042304486278032979930681633237080757,0.4,0.41,225.67,106.53,0.01,0.59,0.6,106.53,225.67,0.01,0.405,0.595,0.32068,0.67932,72959.85
1775952960319,2026-04-12T00:16:00.319,btc-updown-15m-1775952900,1775953800,Up,75382482427414520525305754099365116099976700289541099671794772733232173913023,34400672126260490653062896037098083926239042304486278032979930681633237080757,0.4,0.41,196.45,85.53,0.01,0.59,0.6,85.53,196.45,0.01,0.405,0.595,0.303319,0.696681,72959.85
1775952961320,2026-04-12T00:16:01.320,btc-updown-15m-1775952900,1775953800,Up,75382482427414520525305754099365116099976700289541099671794772733232173913023,34400672126260490653062896037098083926239042304486278032979930681633237080757,0.4,0.41,206.45,66.03,0.01,0.59,0.6,66.03,206.45,0.01,0.405,0.595,0.24233,0.75767,72959.85
1775952962320,2026-04-12T00:16:02.320,btc-updown-15m-1775952900,1775953800,Up,75382482427414520525305754099365116099976700289541099671794772733232173913023,34400672126260490653062896037098083926239042304486278032979930681633237080757,0.4,0.41,206.45,66.03,0.01,0.59,0.6,66.03,206.45,0.01,0.405,0.595,0.24233,0.75767,72959.85
1775952963321,2026-04-12T00:16:03.321,btc-updown-15m-1775952900,1775953800,Up,75382482427414520525305754099365116099976700289541099671794772733232173913023,34400672126260490653062896037098083926239042304486278032979930681633237080757,0.4,0.41,195.32,80.96,0.01,0.59,0.6,80.96,195.32,0.01,0.405,0.595,0.293036,0.706964,72959.85
1775952964323,2026-04-12T00:16:04.323,btc-updown-15m-1775952900,1775953800,Up,75382482427414520525305754099365116099976700289541099671794772733232173913023,34400672126260490653062896037098083926239042304486278032979930681633237080757,0.4,0.41,144.32,28.56,0.01,0.59,0.6,28.56,144.32,0.01,0.405,0.595,0.165201,0.834799,72959.85
1775952965323,2026-04-12T00:16:05.323,btc-updown-15m-1775952900,1775953800,Up,75382482427414520525305754099365116099976700289541099671794772733232173913023,34400672126260490653062896037098083926239042304486278032979930681633237080757,0.4,0.41,36.44,82.56,0.01,0.59,0.6,82.56,36.44,0.01,0.405,0.595,0.693782,0.306218,72959.86
1775952966323,2026-04-12T00:16:06.323,btc-updown-15m-1775952900,1775953800,Up,75382482427414520525305754099365116099976700289541099671794772733232173913023,34400672126260490653062896037098083926239042304486278032979930681633237080757,0.4,0.41,71.04,32.56,0.01,0.59,0.6,32.56,71.04,0.01,0.405,0.595,0.314286,0.685714,72959.86
1775952967324,2026-04-12T00:16:07.324,btc-updown-15m-1775952900,1775953800,Up,75382482427414520525305754099365116099976700289541099671794772733232173913023,34400672126260490653062896037098083926239042304486278032979930681633237080757,0.4,0.41,21.21,0.27,0.01,0.59,0.6,0.27,21.21,0.01,0.405,0.595,0.01257,0.98743,72959.86
1775952968325,2026-04-12T00:16:08.325,btc-updown-15m-1775952900,1775953800,Up,75382482427414520525305754099365116099976700289541099671794772733232173913023,34400672126260490653062896037098083926239042304486278032979930681633237080757,0.39,0.4,77.5,15.95,0.01,0.6,0.61,15.95,77.5,0.01,0.395,0.605,0.17068,0.82932,72959.86
1775952969326,2026-04-12T00:16:09.326,btc-updown-15m-1775952900,1775953800,Up,75382482427414520525305754099365116099976700289541099671794772733232173913023,34400672126260490653062896037098083926239042304486278032979930681633237080757,0.39,0.4,49.3,11.48,0.01,0.6,0.61,11.48,49.3,0.01,0.395,0.605,0.188878,0.811122,72959.86
1775952970326,2026-04-12T00:16:10.326,btc-updown-15m-1775952900,1775953800,Up,75382482427414520525305754099365116099976700289541099671794772733232173913023,34400672126260490653062896037098083926239042304486278032979930681633237080757,0.38,0.4,54.3,53.7,0.02,0.6,0.62,53.7,54.3,0.02,0.39,0.61,0.497222,0.502778,72959.86
1775952971327,2026-04-12T00:16:11.327,btc-updown-15m-1775952900,1775953800,Up,75382482427414520525305754099365116099976700289541099671794772733232173913023,34400672126260490653062896037098083926239042304486278032979930681633237080757,0.38,0.4,40.62,69.2,0.02,0.6,0.62,69.2,40.62,0.02,0.39,0.61,0.630122,0.369878,72959.85
1775952972328,2026-04-12T00:16:12.328,btc-updown-15m-1775952900,1775953800,Up,75382482427414520525305754099365116099976700289541099671794772733232173913023,34400672126260490653062896037098083926239042304486278032979930681633237080757,0.39,0.4,55.62,37.0,0.01,0.6,0.61,37.0,55.62,0.01,0.395,0.605,0.399482,0.600518,72959.85
1775952973328,2026-04-12T00:16:13.328,btc-updown-15m-1775952900,1775953800,Up,75382482427414520525305754099365116099976700289541099671794772733232173913023,34400672126260490653062896037098083926239042304486278032979930681633237080757,0.38,0.4,80.62,65.1,0.02,0.6,0.62,65.1,80.62,0.02,0.39,0.61,0.446747,0.553253,72959.85
1775952974329,2026-04-12T00:16:14.329,btc-updown-15m-1775952900,1775953800,Up,75382482427414520525305754099365116099976700289541099671794772733232173913023,34400672126260490653062896037098083926239042304486278032979930681633237080757,0.38,0.39,75.0,20.17,0.01,0.61,0.62,20.17,75.0,0.01,0.385,0.615,0.211937,0.788063,72959.85
1775952975329,2026-04-12T00:16:15.329,btc-updown-15m-1775952900,1775953800,Up,75382482427414520525305754099365116099976700289541099671794772733232173913023,34400672126260490653062896037098083926239042304486278032979930681633237080757,0.37,0.39,75.64,20.02,0.02,0.61,0.63,20.02,75.64,0.02,0.38,0.62,0.209283,0.790717,72959.85
1775952976330,2026-04-12T00:16:16.330,btc-updown-15m-1775952900,1775953800,Up,75382482427414520525305754099365116099976700289541099671794772733232173913023,34400672126260490653062896037098083926239042304486278032979930681633237080757,0.38,0.39,154.28,10.0,0.01,0.61,0.62,10.0,154.28,0.01,0.385,0.615,0.060872,0.939128,72959.85
1775952977331,2026-04-12T00:16:17.331,btc-updown-15m-1775952900,1775953800,Up,75382482427414520525305754099365116099976700289541099671794772733232173913023,34400672126260490653062896037098083926239042304486278032979930681633237080757,0.36,0.39,161.71,81.07,0.03,0.61,0.64,81.07,161.71,0.03,0.375,0.625,0.333924,0.666076,72959.86
1775952978332,2026-04-12T00:16:18.332,btc-updown-15m-1775952900,1775953800,Up,75382482427414520525305754099365116099976700289541099671794772733232173913023,34400672126260490653062896037098083926239042304486278032979930681633237080757,0.36,0.39,171.71,71.07,0.03,0.61,0.64,71.07,171.71,0.03,0.375,0.625,0.292734,0.707266,72959.86
1775952979332,2026-04-12T00:16:19.332,btc-updown-15m-1775952900,1775953800,Up,75382482427414520525305754099365116099976700289541099671794772733232173913023,34400672126260490653062896037098083926239042304486278032979930681633237080757,0.38,0.39,0.79,116.0,0.01,0.61,0.62,116.0,0.79,0.01,0.385,0.615,0.993236,0.006764,72959.86
1775952980333,2026-04-12T00:16:20.333,btc-updown-15m-1775952900,1775953800,Up,75382482427414520525305754099365116099976700289541099671794772733232173913023,34400672126260490653062896037098083926239042304486278032979930681633237080757,0.38,0.39,12.43,55.0,0.01,0.61,0.62,55.0,12.43,0.01,0.385,0.615,0.815661,0.184339,72963.39
1775952981334,2026-04-12T00:16:21.334,btc-updown-15m-1775952900,1775953800,Up,75382482427414520525305754099365116099976700289541099671794772733232173913023,34400672126260490653062896037098083926239042304486278032979930681633237080757,0.38,0.39,12.43,55.0,0.01,0.61,0.62,55.0,12.43,0.01,0.385,0.615,0.815661,0.184339,72963.39
1775952982335,2026-04-12T00:16:22.335,btc-updown-15m-1775952900,1775953800,Up,75382482427414520525305754099365116099976700289541099671794772733232173913023,34400672126260490653062896037098083926239042304486278032979930681633237080757,0.38,0.39,152.14,30.0,0.01,0.61,0.62,30.0,152.14,0.01,0.385,0.615,0.164708,0.835292,72963.39
1775952983336,2026-04-12T00:16:23.336,btc-updown-15m-1775952900,1775953800,Up,75382482427414520525305754099365116099976700289541099671794772733232173913023,34400672126260490653062896037098083926239042304486278032979930681633237080757,0.36,0.37,153.0,10.0,0.01,0.63,0.64,10.0,153.0,0.01,0.365,0.635,0.06135,0.93865,72963.39
1775952984337,2026-04-12T00:16:24.337,btc-updown-15m-1775952900,1775953800,Up,75382482427414520525305754099365116099976700289541099671794772733232173913023,34400672126260490653062896037098083926239042304486278032979930681633237080757,0.38,0.39,65.0,62.72,0.01,0.61,0.62,62.72,65.0,0.01,0.385,0.615,0.491074,0.508926,72963.39
1775952985339,2026-04-12T00:16:25.339,btc-updown-15m-1775952900,1775953800,Up,75382482427414520525305754099365116099976700289541099671794772733232173913023,34400672126260490653062896037098083926239042304486278032979930681633237080757,0.37,0.38,43.8,123.0,0.01,0.62,0.63,123.0,43.8,0.01,0.375,0.625,0.73741,0.26259,72963.39
1775952986340,2026-04-12T00:16:26.340,btc-updown-15m-1775952900,1775953800,Up,75382482427414520525305754099365116099976700289541099671794772733232173913023,34400672126260490653062896037098083926239042304486278032979930681633237080757,0.36,0.38,158.0,7.97,0.02,0.62,0.64,7.97,158.0,0.02,0.37,0.63,0.048021,0.951979,72963.38
1775952987341,2026-04-12T00:16:27.341,btc-updown-15m-1775952900,1775953800,Up,75382482427414520525305754099365116099976700289541099671794772733232173913023,34400672126260490653062896037098083926239042304486278032979930681633237080757,0.33,0.34,46.92,14.66,0.01,0.66,0.67,14.66,46.92,0.01,0.335,0.665,0.238064,0.761936,72963.38
1775952988342,2026-04-12T00:16:28.342,btc-updown-15m-1775952900,1775953800,Up,75382482427414520525305754099365116099976700289541099671794772733232173913023,34400672126260490653062896037098083926239042304486278032979930681633237080757,0.33,0.34,47.04,29.66,0.01,0.66,0.67,29.66,47.04,0.01,0.335,0.665,0.386701,0.613299,72963.38
1775952989343,2026-04-12T00:16:29.343,btc-updown-15m-1775952900,1775953800,Up,75382482427414520525305754099365116099976700289541099671794772733232173913023,34400672126260490653062896037098083926239042304486278032979930681633237080757,0.33,0.34,47.04,41.66,0.01,0.66,0.67,41.66,47.04,0.01,0.335,0.665,0.469673,0.530327,72952.6
1775952990344,2026-04-12T00:16:30.344,btc-updown-15m-1775952900,1775953800,Up,75382482427414520525305754099365116099976700289541099671794772733232173913023,34400672126260490653062896037098083926239042304486278032979930681633237080757,0.33,0.34,68.6,10.53,0.01,0.66,0.67,10.53,68.6,0.01,0.335,0.665,0.133072,0.866928,72952.6
1775952991345,2026-04-12T00:16:31.345,btc-updown-15m-1775952900,1775953800,Up,75382482427414520525305754099365116099976700289541099671794772733232173913023,34400672126260490653062896037098083926239042304486278032979930681633237080757,0.33,0.34,68.6,10.53,0.01,0.66,0.67,10.53,68.6,0.01,0.335,0.665,0.133072,0.866928,72952.6
1775952992345,2026-04-12T00:16:32.345,btc-updown-15m-1775952900,1775953800,Up,75382482427414520525305754099365116099976700289541099671794772733232173913023,34400672126260490653062896037098083926239042304486278032979930681633237080757,0.33,0.34,68.6,8.0,0.01,0.66,0.67,8.0,68.6,0.01,0.335,0.665,0.104439,0.895561,72952.6
1775952993346,2026-04-12T00:16:33.346,btc-updown-15m-1775952900,1775953800,Up,75382482427414520525305754099365116099976700289541099671794772733232173913023,34400672126260490653062896037098083926239042304486278032979930681633237080757,0.33,0.34,68.6,8.0,0.01,0.66,0.67,8.0,68.6,0.01,0.335,0.665,0.104439,0.895561,72952.6
1775952994347,2026-04-12T00:16:34.347,btc-updown-15m-1775952900,1775953800,Up,75382482427414520525305754099365116099976700289541099671794772733232173913023,34400672126260490653062896037098083926239042304486278032979930681633237080757,0.33,0.34,68.6,8.0,0.01,0.66,0.67,8.0,68.6,0.01,0.335,0.665,0.104439,0.895561,72952.6
1775952995348,2026-04-12T00:16:35.348,btc-updown-15m-1775952900,1775953800,Up,75382482427414520525305754099365116099976700289541099671794772733232173913023,34400672126260490653062896037098083926239042304486278032979930681633237080757,0.37,0.38,172.04,45.0,0.01,0.62,0.63,45.0,172.04,0.01,0.375,0.625,0.207335,0.792665,72963.27
1775952996348,2026-04-12T00:16:36.348,btc-updown-15m-1775952900,1775953800,Up,75382482427414520525305754099365116099976700289541099671794772733232173913023,34400672126260490653062896037098083926239042304486278032979930681633237080757,0.37,0.38,172.04,45.0,0.01,0.62,0.63,45.0,172.04,0.01,0.375,0.625,0.207335,0.792665,72963.27
1775952997349,2026-04-12T00:16:37.349,btc-updown-15m-1775952900,1775953800,Up,75382482427414520525305754099365116099976700289541099671794772733232173913023,34400672126260490653062896037098083926239042304486278032979930681633237080757,0.37,0.39,56.19,79.82,0.02,0.61,0.63,79.82,56.19,0.02,0.38,0.62,0.586869,0.413131,72963.27
1775952998349,2026-04-12T00:16:38.349,btc-updown-15m-1775952900,1775953800,Up,75382482427414520525305754099365116099976700289541099671794772733232173913023,34400672126260490653062896037098083926239042304486278032979930681633237080757,0.37,0.38,81.0,42.66,0.01,0.62,0.63,42.66,81.0,0.01,0.375,0.625,0.344978,0.655022,72963.27
1775952999350,2026-04-12T00:16:39.350,btc-updown-15m-1775952900,1775953800,Up,75382482427414520525305754099365116099976700289541099671794772733232173913023,34400672126260490653062896037098083926239042304486278032979930681633237080757,0.37,0.38,81.0,42.66,0.01,0.62,0.63,42.66,81.0,0.01,0.375,0.625,0.344978,0.655022,72963.27
1775953000351,2026-04-12T00:16:40.351,btc-updown-15m-1775952900,1775953800,Up,75382482427414520525305754099365116099976700289541099671794772733232173913023,34400672126260490653062896037098083926239042304486278032979930681633237080757,0.37,0.38,81.0,42.66,0.01,0.62,0.63,42.66,81.0,0.01,0.375,0.625,0.344978,0.655022,72963.27
1775953001352,2026-04-12T00:16:41.352,btc-updown-15m-1775952900,1775953800,Up,75382482427414520525305754099365116099976700289541099671794772733232173913023,34400672126260490653062896037098083926239042304486278032979930681633237080757,0.37,0.38,31.44,98.66,0.01,0.62,0.63,98.66,31.44,0.01,0.375,0.625,0.75834,0.24166,72963.27
1775953002353,2026-04-12T00:16:42.353,btc-updown-15m-1775952900,1775953800,Up,75382482427414520525305754099365116099976700289541099671794772733232173913023,34400672126260490653062896037098083926239042304486278032979930681633237080757,0.36,0.38,26.44,240.35,0.02,0.62,0.64,240.35,26.44,0.02,0.37,0.63,0.900896,0.099104,72963.27
1775953003354,2026-04-12T00:16:43.354,btc-updown-15m-1775952900,1775953800,Up,75382482427414520525305754099365116099976700289541099671794772733232173913023,34400672126260490653062896037098083926239042304486278032979930681633237080757,0.36,0.37,63.0,231.43,0.01,0.63,0.64,231.43,63.0,0.01,0.365,0.635,0.786027,0.213973,72963.27
1775953004354,2026-04-12T00:16:44.354,btc-updown-15m-1775952900,1775953800,Up,75382482427414520525305754099365116099976700289541099671794772733232173913023,34400672126260490653062896037098083926239042304486278032979930681633237080757,0.36,0.37,63.0,231.43,0.01,0.63,0.64,231.43,63.0,0.01,0.365,0.635,0.786027,0.213973,72963.27
1775953005355,2026-04-12T00:16:45.355,btc-updown-15m-1775952900,1775953800,Up,75382482427414520525305754099365116099976700289541099671794772733232173913023,34400672126260490653062896037098083926239042304486278032979930681633237080757,0.36,0.37,166.0,25.31,0.01,0.63,0.64,25.31,166.0,0.01,0.365,0.635,0.132298,0.867702,72963.27
1775953006356,2026-04-12T00:16:46.356,btc-updown-15m-1775952900,1775953800,Up,75382482427414520525305754099365116099976700289541099671794772733232173913023,34400672126260490653062896037098083926239042304486278032979930681633237080757,0.35,0.36,60.0,151.61,0.01,0.64,0.65,151.61,60.0,0.01,0.355,0.645,0.71646,0.28354,72963.27
1775953007356,2026-04-12T00:16:47.356,btc-updown-15m-1775952900,1775953800,Up,75382482427414520525305754099365116099976700289541099671794772733232173913023,34400672126260490653062896037098083926239042304486278032979930681633237080757,0.33,0.36,243.5,19.9,0.03,0.64,0.67,19.9,243.5,0.03,0.345,0.655,0.07555,0.92445,72950.01
1775953008357,2026-04-12T00:16:48.357,btc-updown-15m-1775952900,1775953800,Up,75382482427414520525305754099365116099976700289541099671794772733232173913023,34400672126260490653062896037098083926239042304486278032979930681633237080757,0.33,0.34,99.12,8.12,0.01,0.66,0.67,8.12,99.12,0.01,0.335,0.665,0.075718,0.924282,72950.01
1775953009358,2026-04-12T00:16:49.358,btc-updown-15m-1775952900,1775953800,Up,75382482427414520525305754099365116099976700289541099671794772733232173913023,34400672126260490653062896037098083926239042304486278032979930681633237080757,0.32,0.33,45.21,186.0,0.01,0.67,0.68,186.0,45.21,0.01,0.325,0.675,0.804463,0.195537,72950.01
1775953010360,2026-04-12T00:16:50.360,btc-updown-15m-1775952900,1775953800,Up,75382482427414520525305754099365116099976700289541099671794772733232173913023,34400672126260490653062896037098083926239042304486278032979930681633237080757,0.33,0.34,15.0,159.76,0.01,0.66,0.67,159.76,15.0,0.01,0.335,0.665,0.914168,0.085832,72950.01
1775953011360,2026-04-12T00:16:51.360,btc-updown-15m-1775952900,1775953800,Up,75382482427414520525305754099365116099976700289541099671794772733232173913023,34400672126260490653062896037098083926239042304486278032979930681633237080757,0.33,0.34,32.05,166.3,0.01,0.66,0.67,166.3,32.05,0.01,0.335,0.665,0.838417,0.161583,72950.01
1775953012361,2026-04-12T00:16:52.361,btc-updown-15m-1775952900,1775953800,Up,75382482427414520525305754099365116099976700289541099671794772733232173913023,34400672126260490653062896037098083926239042304486278032979930681633237080757,0.33,0.34,93.0,76.28,0.01,0.66,0.67,76.28,93.0,0.01,0.335,0.665,0.450614,0.549386,72950.01
1775953013362,2026-04-12T00:16:53.362,btc-updown-15m-1775952900,1775953800,Up,75382482427414520525305754099365116099976700289541099671794772733232173913023,34400672126260490653062896037098083926239042304486278032979930681633237080757,0.33,0.34,63.58,114.04,0.01,0.66,0.67,114.04,63.58,0.01,0.335,0.665,0.642045,0.357955,72950.0
1775953014364,2026-04-12T00:16:54.364,btc-updown-15m-1775952900,1775953800,Up,75382482427414520525305754099365116099976700289541099671794772733232173913023,34400672126260490653062896037098083926239042304486278032979930681633237080757,0.33,0.34,63.58,73.27,0.01,0.66,0.67,73.27,63.58,0.01,0.335,0.665,0.535404,0.464596,72950.0
1775953015364,2026-04-12T00:16:55.364,btc-updown-15m-1775952900,1775953800,Up,75382482427414520525305754099365116099976700289541099671794772733232173913023,34400672126260490653062896037098083926239042304486278032979930681633237080757,0.33,0.34,60.63,93.27,0.01,0.66,0.67,93.27,60.63,0.01,0.335,0.665,0.606043,0.393957,72950.0
1775953016365,2026-04-12T00:16:56.365,btc-updown-15m-1775952900,1775953800,Up,75382482427414520525305754099365116099976700289541099671794772733232173913023,34400672126260490653062896037098083926239042304486278032979930681633237080757,0.33,0.34,80.63,248.54,0.01,0.66,0.67,248.54,80.63,0.01,0.335,0.665,0.755051,0.244949,72950.01
1775953017366,2026-04-12T00:16:57.366,btc-updown-15m-1775952900,1775953800,Up,75382482427414520525305754099365116099976700289541099671794772733232173913023,34400672126260490653062896037098083926239042304486278032979930681633237080757,0.33,0.34,80.63,248.54,0.01,0.66,0.67,248.54,80.63,0.01,0.335,0.665,0.755051,0.244949,72950.01
1775953018367,2026-04-12T00:16:58.367,btc-updown-15m-1775952900,1775953800,Up,75382482427414520525305754099365116099976700289541099671794772733232173913023,34400672126260490653062896037098083926239042304486278032979930681633237080757,0.33,0.35,291.64,689.54,0.02,0.65,0.67,689.54,291.64,0.02,0.34,0.66,0.702766,0.297234,72950.01
1775953019368,2026-04-12T00:16:59.368,btc-updown-15m-1775952900,1775953800,Up,75382482427414520525305754099365116099976700289541099671794772733232173913023,34400672126260490653062896037098083926239042304486278032979930681633237080757,0.34,0.35,128.34,495.0,0.01,0.65,0.66,495.0,128.34,0.01,0.345,0.655,0.794109,0.205891,72956.87
1775953020369,2026-04-12T00:17:00.369,btc-updown-15m-1775952900,1775953800,Up,75382482427414520525305754099365116099976700289541099671794772733232173913023,34400672126260490653062896037098083926239042304486278032979930681633237080757,0.36,0.37,27.29,453.43,0.01,0.63,0.64,453.43,27.29,0.01,0.365,0.635,0.943231,0.056769,72956.87
1775953021369,2026-04-12T00:17:01.369,btc-updown-15m-1775952900,1775953800,Up,75382482427414520525305754099365116099976700289541099671794772733232173913023,34400672126260490653062896037098083926239042304486278032979930681633237080757,0.38,0.39,73.81,113.38,0.01,0.61,0.62,113.38,73.81,0.01,0.385,0.615,0.605695,0.394305,72956.87
1775953022370,2026-04-12T00:17:02.370,btc-updown-15m-1775952900,1775953800,Up,75382482427414520525305754099365116099976700289541099671794772733232173913023,34400672126260490653062896037098083926239042304486278032979930681633237080757,0.38,0.39,32.58,10.0,0.01,0.61,0.62,10.0,32.58,0.01,0.385,0.615,0.234852,0.765148,72961.73
1775953023371,2026-04-12T00:17:03.371,btc-updown-15m-1775952900,1775953800,Up,75382482427414520525305754099365116099976700289541099671794772733232173913023,34400672126260490653062896037098083926239042304486278032979930681633237080757,0.37,0.39,55.08,370.0,0.02,0.61,0.63,370.0,55.08,0.02,0.38,0.62,0.870424,0.129576,72961.73
1775953024372,2026-04-12T00:17:04.372,btc-updown-15m-1775952900,1775953800,Up,75382482427414520525305754099365116099976700289541099671794772733232173913023,34400672126260490653062896037098083926239042304486278032979930681633237080757,0.37,0.38,108.91,360.0,0.01,0.62,0.63,360.0,108.91,0.01,0.375,0.625,0.767738,0.232262,72961.73
1775953025372,2026-04-12T00:17:05.372,btc-updown-15m-1775952900,1775953800,Up,75382482427414520525305754099365116099976700289541099671794772733232173913023,34400672126260490653062896037098083926239042304486278032979930681633237080757,0.39,0.4,70.06,356.0,0.01,0.6,0.61,356.0,70.06,0.01,0.395,0.605,0.835563,0.164437,72969.32
1775953026373,2026-04-12T00:17:06.373,btc-updown-15m-1775952900,1775953800,Up,75382482427414520525305754099365116099976700289541099671794772733232173913023,34400672126260490653062896037098083926239042304486278032979930681633237080757,0.39,0.4,75.06,318.54,0.01,0.6,0.61,318.54,75.06,0.01,0.395,0.605,0.809299,0.190701,72969.32
1775953027373,2026-04-12T00:17:07.373,btc-updown-15m-1775952900,1775953800,Up,75382482427414520525305754099365116099976700289541099671794772733232173913023,34400672126260490653062896037098083926239042304486278032979930681633237080757,0.37,0.38,95.5,4.97,0.01,0.62,0.63,4.97,95.5,0.01,0.375,0.625,0.049468,0.950532,72969.32
1775953028373,2026-04-12T00:17:08.373,btc-updown-15m-1775952900,1775953800,Up,75382482427414520525305754099365116099976700289541099671794772733232173913023,34400672126260490653062896037098083926239042304486278032979930681633237080757,0.37,0.38,95.5,4.97,0.01,0.62,0.63,4.97,95.5,0.01,0.375,0.625,0.049468,0.950532,72962.04
1775953029373,2026-04-12T00:17:09.373,btc-updown-15m-1775952900,1775953800,Up,75382482427414520525305754099365116099976700289541099671794772733232173913023,34400672126260490653062896037098083926239042304486278032979930681633237080757,0.36,0.38,170.5,478.0,0.02,0.62,0.64,478.0,170.5,0.02,0.37,0.63,0.737086,0.262914,72962.04
1775953030374,2026-04-12T00:17:10.374,btc-updown-15m-1775952900,1775953800,Up,75382482427414520525305754099365116099976700289541099671794772733232173913023,34400672126260490653062896037098083926239042304486278032979930681633237080757,0.48,0.5,38.37,40.0,0.02,0.5,0.52,40.0,38.37,0.02,0.49,0.51,0.510399,0.489601,72962.04
1775953031375,2026-04-12T00:17:11.375,btc-updown-15m-1775952900,1775953800,Up,75382482427414520525305754099365116099976700289541099671794772733232173913023,34400672126260490653062896037098083926239042304486278032979930681633237080757,0.48,0.5,5.06,70.0,0.02,0.5,0.52,70.0,5.06,0.02,0.49,0.51,0.932587,0.067413,72996.23
1775953032375,2026-04-12T00:17:12.375,btc-updown-15m-1775952900,1775953800,Up,75382482427414520525305754099365116099976700289541099671794772733232173913023,34400672126260490653062896037098083926239042304486278032979930681633237080757,0.44,0.45,70.0,70.52,0.01,0.55,0.56,57.1,123.0,0.01,0.445,0.555,0.50185,0.682954,72996.23
1775953033375,2026-04-12T00:17:13.375,btc-updown-15m-1775952900,1775953800,Up,75382482427414520525305754099365116099976700289541099671794772733232173913023,34400672126260490653062896037098083926239042304486278032979930681633237080757,0.41,0.43,118.0,345.0,0.02,0.57,0.59,345.0,118.0,0.02,0.42,0.58,0.74514,0.25486,72996.23
1775953034376,2026-04-12T00:17:14.376,btc-updown-15m-1775952900,1775953800,Up,75382482427414520525305754099365116099976700289541099671794772733232173913023,34400672126260490653062896037098083926239042304486278032979930681633237080757,0.41,0.42,138.0,335.67,0.01,0.58,0.59,335.67,138.0,0.01,0.415,0.585,0.708658,0.291342,72975.42
1775953035376,2026-04-12T00:17:15.376,btc-updown-15m-1775952900,1775953800,Up,75382482427414520525305754099365116099976700289541099671794772733232173913023,34400672126260490653062896037098083926239042304486278032979930681633237080757,0.41,0.42,93.0,325.67,0.01,0.58,0.59,325.67,93.0,0.01,0.415,0.585,0.777868,0.222132,72975.42
1775953036377,2026-04-12T00:17:16.377,btc-updown-15m-1775952900,1775953800,Up,75382482427414520525305754099365116099976700289541099671794772733232173913023,34400672126260490653062896037098083926239042304486278032979930681633237080757,0.41,0.42,2.61,320.67,0.01,0.58,0.59,320.67,2.61,0.01,0.415,0.585,0.991927,0.008073,72975.42
1775953037378,2026-04-12T00:17:17.378,btc-updown-15m-1775952900,1775953800,Up,75382482427414520525305754099365116099976700289541099671794772733232173913023,34400672126260490653062896037098083926239042304486278032979930681633237080757,0.41,0.42,68.14,40.0,0.01,0.58,0.59,40.0,68.14,0.01,0.415,0.585,0.369891,0.630109,72975.43
1775953038380,2026-04-12T00:17:18.380,btc-updown-15m-1775952900,1775953800,Up,75382482427414520525305754099365116099976700289541099671794772733232173913023,34400672126260490653062896037098083926239042304486278032979930681633237080757,0.4,0.41,38.0,483.0,0.01,0.59,0.6,483.0,38.0,0.01,0.405,0.595,0.927063,0.072937,72975.43
1775953039381,2026-04-12T00:17:19.381,btc-updown-15m-1775952900,1775953800,Up,75382482427414520525305754099365116099976700289541099671794772733232173913023,34400672126260490653062896037098083926239042304486278032979930681633237080757,0.4,0.41,7.0,438.0,0.01,0.59,0.6,438.0,7.0,0.01,0.405,0.595,0.98427,0.01573,72975.43
1775953040382,2026-04-12T00:17:20.382,btc-updown-15m-1775952900,1775953800,Up,75382482427414520525305754099365116099976700289541099671794772733232173913023,34400672126260490653062896037098083926239042304486278032979930681633237080757,0.4,0.42,77.92,430.5,0.02,0.58,0.6,430.5,77.92,0.02,0.41,0.59,0.846741,0.153259,72975.42
1775953041383,2026-04-12T00:17:21.383,btc-updown-15m-1775952900,1775953800,Up,75382482427414520525305754099365116099976700289541099671794772733232173913023,34400672126260490653062896037098083926239042304486278032979930681633237080757,0.4,0.42,77.92,430.5,0.02,0.58,0.6,430.5,77.92,0.02,0.41,0.59,0.846741,0.153259,72975.42
1775953042386,2026-04-12T00:17:22.386,btc-updown-15m-1775952900,1775953800,Up,75382482427414520525305754099365116099976700289541099671794772733232173913023,34400672126260490653062896037098083926239042304486278032979930681633237080757,0.4,0.42,69.55,435.5,0.02,0.58,0.6,435.5,69.55,0.02,0.41,0.59,0.862291,0.137709,72975.42
1775953043386,2026-04-12T00:17:23.386,btc-updown-15m-1775952900,1775953800,Up,75382482427414520525305754099365116099976700289541099671794772733232173913023,34400672126260490653062896037098083926239042304486278032979930681633237080757,0.4,0.41,58.56,440.5,0.01,0.59,0.6,440.5,58.56,0.01,0.405,0.595,0.882659,0.117341,72970.62
1775953044388,2026-04-12T00:17:24.388,btc-updown-15m-1775952900,1775953800,Up,75382482427414520525305754099365116099976700289541099671794772733232173913023,34400672126260490653062896037098083926239042304486278032979930681633237080757,0.4,0.41,36.0,436.81,0.01,0.59,0.6,436.81,36.0,0.01,0.405,0.595,0.923859,0.076141,72970.62
1775953045389,2026-04-12T00:17:25.389,btc-updown-15m-1775952900,1775953800,Up,75382482427414520525305754099365116099976700289541099671794772733232173913023,34400672126260490653062896037098083926239042304486278032979930681633237080757,0.4,0.41,6.0,537.71,0.01,0.59,0.6,537.71,6.0,0.01,0.405,0.595,0.988965,0.011035,72970.62
1775953046391,2026-04-12T00:17:26.391,btc-updown-15m-1775952900,1775953800,Up,75382482427414520525305754099365116099976700289541099671794772733232173913023,34400672126260490653062896037098083926239042304486278032979930681633237080757,0.4,0.41,3.56,550.71,0.01,0.59,0.6,550.71,3.56,0.01,0.405,0.595,0.993577,0.006423,72970.63
1775953047392,2026-04-12T00:17:27.392,btc-updown-15m-1775952900,1775953800,Up,75382482427414520525305754099365116099976700289541099671794772733232173913023,34400672126260490653062896037098083926239042304486278032979930681633237080757,0.4,0.41,3.56,550.71,0.01,0.59,0.6,550.71,3.56,0.01,0.405,0.595,0.993577,0.006423,72970.63
1775953048392,2026-04-12T00:17:28.392,btc-updown-15m-1775952900,1775953800,Up,75382482427414520525305754099365116099976700289541099671794772733232173913023,34400672126260490653062896037098083926239042304486278032979930681633237080757,0.4,0.42,94.52,540.71,0.02,0.58,0.6,540.71,94.52,0.02,0.41,0.59,0.851204,0.148796,72970.63
1775953049393,2026-04-12T00:17:29.393,btc-updown-15m-1775952900,1775953800,Up,75382482427414520525305754099365116099976700289541099671794772733232173913023,34400672126260490653062896037098083926239042304486278032979930681633237080757,0.4,0.42,72.02,546.54,0.02,0.58,0.6,546.54,72.02,0.02,0.41,0.59,0.883568,0.116432,72975.72
1775953050394,2026-04-12T00:17:30.394,btc-updown-15m-1775952900,1775953800,Up,75382482427414520525305754099365116099976700289541099671794772733232173913023,34400672126260490653062896037098083926239042304486278032979930681633237080757,0.41,0.42,12.0,322.91,0.01,0.58,0.59,322.91,12.0,0.01,0.415,0.585,0.964169,0.035831,72975.72
1775953051394,2026-04-12T00:17:31.394,btc-updown-15m-1775952900,1775953800,Up,75382482427414520525305754099365116099976700289541099671794772733232173913023,34400672126260490653062896037098083926239042304486278032979930681633237080757,0.41,0.42,12.0,322.91,0.01,0.58,0.59,322.91,12.0,0.01,0.415,0.585,0.964169,0.035831,72975.72
1775953052396,2026-04-12T00:17:32.396,btc-updown-15m-1775952900,1775953800,Up,75382482427414520525305754099365116099976700289541099671794772733232173913023,34400672126260490653062896037098083926239042304486278032979930681633237080757,0.41,0.42,8.42,354.45,0.01,0.58,0.59,354.45,8.42,0.01,0.415,0.585,0.976796,0.023204,72975.73
1775953053396,2026-04-12T00:17:33.396,btc-updown-15m-1775952900,1775953800,Up,75382482427414520525305754099365116099976700289541099671794772733232173913023,34400672126260490653062896037098083926239042304486278032979930681633237080757,0.41,0.42,3.42,354.45,0.01,0.58,0.59,354.45,3.42,0.01,0.415,0.585,0.990443,0.009557,72975.73
1775953054397,2026-04-12T00:17:34.397,btc-updown-15m-1775952900,1775953800,Up,75382482427414520525305754099365116099976700289541099671794772733232173913023,34400672126260490653062896037098083926239042304486278032979930681633237080757,0.42,0.43,37.5,20.0,0.01,0.57,0.58,20.0,37.5,0.01,0.425,0.575,0.347826,0.652174,72975.73
1775953055398,2026-04-12T00:17:35.398,btc-updown-15m-1775952900,1775953800,Up,75382482427414520525305754099365116099976700289541099671794772733232173913023,34400672126260490653062896037098083926239042304486278032979930681633237080757,0.42,0.43,30.0,5.0,0.01,0.57,0.58,5.0,30.0,0.01,0.425,0.575,0.142857,0.857143,72975.72
1775953056399,2026-04-12T00:17:36.399,btc-updown-15m-1775952900,1775953800,Up,75382482427414520525305754099365116099976700289541099671794772733232173913023,34400672126260490653062896037098083926239042304486278032979930681633237080757,0.42,0.43,17.0,46.0,0.01,0.57,0.58,46.0,17.0,0.01,0.425,0.575,0.730159,0.269841,72975.72
1775953057400,2026-04-12T00:17:37.400,btc-updown-15m-1775952900,1775953800,Up,75382482427414520525305754099365116099976700289541099671794772733232173913023,34400672126260490653062896037098083926239042304486278032979930681633237080757,0.42,0.43,17.0,46.0,0.01,0.57,0.58,46.0,17.0,0.01,0.425,0.575,0.730159,0.269841,72975.72
1775953058401,2026-04-12T00:17:38.401,btc-updown-15m-1775952900,1775953800,Up,75382482427414520525305754099365116099976700289541099671794772733232173913023,34400672126260490653062896037098083926239042304486278032979930681633237080757,0.42,0.43,10.02,86.0,0.01,0.57,0.58,86.0,10.02,0.01,0.425,0.575,0.895647,0.104353,72975.73
1775953059402,2026-04-12T00:17:39.402,btc-updown-15m-1775952900,1775953800,Up,75382482427414520525305754099365116099976700289541099671794772733232173913023,34400672126260490653062896037098083926239042304486278032979930681633237080757,0.42,0.43,13.88,91.0,0.01,0.57,0.58,91.0,13.88,0.01,0.425,0.575,0.867658,0.132342,72975.73
1775953060403,2026-04-12T00:17:40.403,btc-updown-15m-1775952900,1775953800,Up,75382482427414520525305754099365116099976700289541099671794772733232173913023,34400672126260490653062896037098083926239042304486278032979930681633237080757,0.42,0.43,13.88,91.0,0.01,0.57,0.58,91.0,13.88,0.01,0.425,0.575,0.867658,0.132342,72975.73
1775953061403,2026-04-12T00:17:41.403,btc-updown-15m-1775952900,1775953800,Up,75382482427414520525305754099365116099976700289541099671794772733232173913023,34400672126260490653062896037098083926239042304486278032979930681633237080757,0.42,0.43,37.0,74.82,0.01,0.57,0.58,74.82,37.0,0.01,0.425,0.575,0.669111,0.330889,72975.73
1775953062404,2026-04-12T00:17:42.404,btc-updown-15m-1775952900,1775953800,Up,75382482427414520525305754099365116099976700289541099671794772733232173913023,34400672126260490653062896037098083926239042304486278032979930681633237080757,0.36,0.37,25.0,26.78,0.01,0.63,0.64,26.78,25.0,0.01,0.365,0.635,0.517188,0.482812,72975.73
1775953063405,2026-04-12T00:17:43.405,btc-updown-15m-1775952900,1775953800,Up,75382482427414520525305754099365116099976700289541099671794772733232173913023,34400672126260490653062896037098083926239042304486278032979930681633237080757,0.36,0.37,201.0,2.3,0.01,0.63,0.64,2.3,201.0,0.01,0.365,0.635,0.011313,0.988687,72975.73
1775953064406,2026-04-12T00:17:44.406,btc-updown-15m-1775952900,1775953800,Up,75382482427414520525305754099365116099976700289541099671794772733232173913023,34400672126260490653062896037098083926239042304486278032979930681633237080757,0.36,0.37,58.29,55.5,0.01,0.63,0.64,55.5,58.29,0.01,0.365,0.635,0.487741,0.512259,72957.66
1775953065407,2026-04-12T00:17:45.407,btc-updown-15m-1775952900,1775953800,Up,75382482427414520525305754099365116099976700289541099671794772733232173913023,34400672126260490653062896037098083926239042304486278032979930681633237080757,0.36,0.37,39.0,118.5,0.01,0.63,0.64,118.5,39.0,0.01,0.365,0.635,0.752381,0.247619,72957.66
1775953066408,2026-04-12T00:17:46.408,btc-updown-15m-1775952900,1775953800,Up,75382482427414520525305754099365116099976700289541099671794772733232173913023,34400672126260490653062896037098083926239042304486278032979930681633237080757,0.36,0.37,39.0,78.44,0.01,0.63,0.64,78.44,39.0,0.01,0.365,0.635,0.667916,0.332084,72957.66
1775953067408,2026-04-12T00:17:47.408,btc-updown-15m-1775952900,1775953800,Up,75382482427414520525305754099365116099976700289541099671794772733232173913023,34400672126260490653062896037098083926239042304486278032979930681633237080757,0.36,0.37,39.0,190.52,0.01,0.63,0.64,190.52,39.0,0.01,0.365,0.635,0.83008,0.16992,72957.66
1775953068410,2026-04-12T00:17:48.410,btc-updown-15m-1775952900,1775953800,Up,75382482427414520525305754099365116099976700289541099671794772733232173913023,34400672126260490653062896037098083926239042304486278032979930681633237080757,0.36,0.37,39.0,190.52,0.01,0.63,0.64,190.52,39.0,0.01,0.365,0.635,0.83008,0.16992,72957.66
1775953069410,2026-04-12T00:17:49.410,btc-updown-15m-1775952900,1775953800,Up,75382482427414520525305754099365116099976700289541099671794772733232173913023,34400672126260490653062896037098083926239042304486278032979930681633237080757,0.36,0.37,33.18,250.52,0.01,0.63,0.64,250.52,33.18,0.01,0.365,0.635,0.883045,0.116955,72957.66
1775953070411,2026-04-12T00:17:50.411,btc-updown-15m-1775952900,1775953800,Up,75382482427414520525305754099365116099976700289541099671794772733232173913023,34400672126260490653062896037098083926239042304486278032979930681633237080757,0.38,0.39,115.66,34.12,0.01,0.61,0.62,34.12,115.66,0.01,0.385,0.615,0.227801,0.772199,72957.65
1775953071412,2026-04-12T00:17:51.412,btc-updown-15m-1775952900,1775953800,Up,75382482427414520525305754099365116099976700289541099671794772733232173913023,34400672126260490653062896037098083926239042304486278032979930681633237080757,0.38,0.39,115.66,34.12,0.01,0.61,0.62,34.12,115.66,0.01,0.385,0.615,0.227801,0.772199,72957.65
1775953072412,2026-04-12T00:17:52.412,btc-updown-15m-1775952900,1775953800,Up,75382482427414520525305754099365116099976700289541099671794772733232173913023,34400672126260490653062896037098083926239042304486278032979930681633237080757,0.38,0.39,94.72,35.32,0.01,0.61,0.62,35.32,94.72,0.01,0.385,0.615,0.271609,0.728391,72957.65
1775953073413,2026-04-12T00:17:53.413,btc-updown-15m-1775952900,1775953800,Up,75382482427414520525305754099365116099976700289541099671794772733232173913023,34400672126260490653062896037098083926239042304486278032979930681633237080757,0.38,0.39,109.72,28.93,0.01,0.61,0.62,28.93,109.72,0.01,0.385,0.615,0.208655,0.791345,72957.66
1775953074413,2026-04-12T00:17:54.413,btc-updown-15m-1775952900,1775953800,Up,75382482427414520525305754099365116099976700289541099671794772733232173913023,34400672126260490653062896037098083926239042304486278032979930681633237080757,0.38,0.39,109.72,28.93,0.01,0.61,0.62,28.93,109.72,0.01,0.385,0.615,0.208655,0.791345,72957.66
1775953075413,2026-04-12T00:17:55.413,btc-updown-15m-1775952900,1775953800,Up,75382482427414520525305754099365116099976700289541099671794772733232173913023,34400672126260490653062896037098083926239042304486278032979930681633237080757,0.38,0.39,109.72,28.93,0.01,0.61,0.62,28.93,109.72,0.01,0.385,0.615,0.208655,0.791345,72957.66
1775953076414,2026-04-12T00:17:56.414,btc-updown-15m-1775952900,1775953800,Up,75382482427414520525305754099365116099976700289541099671794772733232173913023,34400672126260490653062896037098083926239042304486278032979930681633237080757,0.4,0.42,40.84,193.45,0.02,0.58,0.6,193.45,40.84,0.02,0.41,0.59,0.825686,0.174314,72970.64
1775953077415,2026-04-12T00:17:57.415,btc-updown-15m-1775952900,1775953800,Up,75382482427414520525305754099365116099976700289541099671794772733232173913023,34400672126260490653062896037098083926239042304486278032979930681633237080757,0.41,0.42,2.77,41.06,0.01,0.58,0.59,41.06,2.77,0.01,0.415,0.585,0.936801,0.063199,72970.64
1775953078416,2026-04-12T00:17:58.416,btc-updown-15m-1775952900,1775953800,Up,75382482427414520525305754099365116099976700289541099671794772733232173913023,34400672126260490653062896037098083926239042304486278032979930681633237080757,0.41,0.42,7.61,56.06,0.01,0.58,0.59,56.06,7.61,0.01,0.415,0.585,0.880477,0.119523,72970.64
1775953079417,2026-04-12T00:17:59.417,btc-updown-15m-1775952900,1775953800,Up,75382482427414520525305754099365116099976700289541099671794772733232173913023,34400672126260490653062896037098083926239042304486278032979930681633237080757,0.41,0.42,7.61,56.06,0.01,0.58,0.59,56.06,7.61,0.01,0.415,0.585,0.880477,0.119523,72970.65
1775953080417,2026-04-12T00:18:00.417,btc-updown-15m-1775952900,1775953800,Up,75382482427414520525305754099365116099976700289541099671794772733232173913023,34400672126260490653062896037098083926239042304486278032979930681633237080757,0.41,0.42,5.22,227.06,0.01,0.58,0.59,227.06,5.22,0.01,0.415,0.585,0.977527,0.022473,72970.65
1775953081417,2026-04-12T00:18:01.417,btc-updown-15m-1775952900,1775953800,Up,75382482427414520525305754099365116099976700289541099671794772733232173913023,34400672126260490653062896037098083926239042304486278032979930681633237080757,0.41,0.42,34.31,142.6,0.01,0.58,0.59,142.6,34.31,0.01,0.415,0.585,0.80606,0.19394,72970.65
1775953082418,2026-04-12T00:18:02.418,btc-updown-15m-1775952900,1775953800,Up,75382482427414520525305754099365116099976700289541099671794772733232173913023,34400672126260490653062896037098083926239042304486278032979930681633237080757,0.41,0.42,47.4,113.19,0.01,0.58,0.59,113.19,47.4,0.01,0.415,0.585,0.704838,0.295162,72970.65
1775953083418,2026-04-12T00:18:03.418,btc-updown-15m-1775952900,1775953800,Up,75382482427414520525305754099365116099976700289541099671794772733232173913023,34400672126260490653062896037098083926239042304486278032979930681633237080757,0.41,0.42,52.4,108.1,0.01,0.58,0.59,108.1,52.4,0.01,0.415,0.585,0.67352,0.32648,72970.65
1775953084419,2026-04-12T00:18:04.419,btc-updown-15m-1775952900,1775953800,Up,75382482427414520525305754099365116099976700289541099671794772733232173913023,34400672126260490653062896037098083926239042304486278032979930681633237080757,0.41,0.42,15.0,130.0,0.01,0.58,0.59,130.0,15.0,0.01,0.415,0.585,0.896552,0.103448,72970.65
1775953085420,2026-04-12T00:18:05.420,btc-updown-15m-1775952900,1775953800,Up,75382482427414520525305754099365116099976700289541099671794772733232173913023,34400672126260490653062896037098083926239042304486278032979930681633237080757,0.41,0.42,89.5,55.0,0.01,0.58,0.59,55.0,89.5,0.01,0.415,0.585,0.380623,0.619377,72970.65
1775953086421,2026-04-12T00:18:06.421,btc-updown-15m-1775952900,1775953800,Up,75382482427414520525305754099365116099976700289541099671794772733232173913023,34400672126260490653062896037098083926239042304486278032979930681633237080757,0.41,0.42,48.0,65.0,0.01,0.58,0.59,65.0,48.0,0.01,0.415,0.585,0.575221,0.424779,72970.65
1775953087422,2026-04-12T00:18:07.422,btc-updown-15m-1775952900,1775953800,Up,75382482427414520525305754099365116099976700289541099671794772733232173913023,34400672126260490653062896037098083926239042304486278032979930681633237080757,0.41,0.42,48.0,65.0,0.01,0.58,0.59,65.0,48.0,0.01,0.415,0.585,0.575221,0.424779,72970.65
1775953088422,2026-04-12T00:18:08.422,btc-updown-15m-1775952900,1775953800,Up,75382482427414520525305754099365116099976700289541099671794772733232173913023,34400672126260490653062896037098083926239042304486278032979930681633237080757,0.37,0.38,89.99,15.52,0.01,0.62,0.63,15.52,89.99,0.01,0.375,0.625,0.147095,0.852905,72964.5
1775953089424,2026-04-12T00:18:09.424,btc-updown-15m-1775952900,1775953800,Up,75382482427414520525305754099365116099976700289541099671794772733232173913023,34400672126260490653062896037098083926239042304486278032979930681633237080757,0.37,0.38,89.99,15.52,0.01,0.62,0.63,15.52,89.99,0.01,0.375,0.625,0.147095,0.852905,72964.5
1775953090425,2026-04-12T00:18:10.425,btc-updown-15m-1775952900,1775953800,Up,75382482427414520525305754099365116099976700289541099671794772733232173913023,34400672126260490653062896037098083926239042304486278032979930681633237080757,0.37,0.38,89.99,15.52,0.01,0.62,0.63,15.52,89.99,0.01,0.375,0.625,0.147095,0.852905,72964.5
1775953091425,2026-04-12T00:18:11.425,btc-updown-15m-1775952900,1775953800,Up,75382482427414520525305754099365116099976700289541099671794772733232173913023,34400672126260490653062896037098083926239042304486278032979930681633237080757,0.37,0.38,109.99,63.43,0.01,0.62,0.63,63.43,109.99,0.01,0.375,0.625,0.365759,0.634241,72964.0
1775953092426,2026-04-12T00:18:12.426,btc-updown-15m-1775952900,1775953800,Up,75382482427414520525305754099365116099976700289541099671794772733232173913023,34400672126260490653062896037098083926239042304486278032979930681633237080757,0.37,0.38,109.99,45.17,0.01,0.62,0.63,45.17,109.99,0.01,0.375,0.625,0.291119,0.708881,72964.0
1775953093426,2026-04-12T00:18:13.426,btc-updown-15m-1775952900,1775953800,Up,75382482427414520525305754099365116099976700289541099671794772733232173913023,34400672126260490653062896037098083926239042304486278032979930681633237080757,0.37,0.38,109.99,45.17,0.01,0.62,0.63,45.17,109.99,0.01,0.375,0.625,0.291119,0.708881,72964.0
1775953094427,2026-04-12T00:18:14.427,btc-updown-15m-1775952900,1775953800,Up,75382482427414520525305754099365116099976700289541099671794772733232173913023,34400672126260490653062896037098083926239042304486278032979930681633237080757,0.34,0.35,67.99,9.42,0.01,0.65,0.66,9.42,67.99,0.01,0.345,0.655,0.12169,0.87831,72950.0
1775953095427,2026-04-12T00:18:15.427,btc-updown-15m-1775952900,1775953800,Up,75382482427414520525305754099365116099976700289541099671794772733232173913023,34400672126260490653062896037098083926239042304486278032979930681633237080757,0.34,0.35,67.99,9.42,0.01,0.65,0.66,9.42,67.99,0.01,0.345,0.655,0.12169,0.87831,72950.0
1775953096428,2026-04-12T00:18:16.428,btc-updown-15m-1775952900,1775953800,Up,75382482427414520525305754099365116099976700289541099671794772733232173913023,34400672126260490653062896037098083926239042304486278032979930681633237080757,0.33,0.34,17.58,110.5,0.01,0.66,0.67,110.5,17.58,0.01,0.335,0.665,0.862742,0.137258,72950.0
1775953097428,2026-04-12T00:18:17.428,btc-updown-15m-1775952900,1775953800,Up,75382482427414520525305754099365116099976700289541099671794772733232173913023,34400672126260490653062896037098083926239042304486278032979930681633237080757,0.33,0.34,17.58,110.5,0.01,0.66,0.67,110.5,17.58,0.01,0.335,0.665,0.862742,0.137258,72950.01
1775953098429,2026-04-12T00:18:18.429,btc-updown-15m-1775952900,1775953800,Up,75382482427414520525305754099365116099976700289541099671794772733232173913023,34400672126260490653062896037098083926239042304486278032979930681633237080757,0.33,0.34,80.57,106.17,0.01,0.66,0.67,106.17,80.57,0.01,0.335,0.665,0.568545,0.431455,72950.01
1775953099429,2026-04-12T00:18:19.429,btc-updown-15m-1775952900,1775953800,Up,75382482427414520525305754099365116099976700289541099671794772733232173913023,34400672126260490653062896037098083926239042304486278032979930681633237080757,0.33,0.34,77.62,106.17,0.01,0.66,0.67,106.17,77.62,0.01,0.335,0.665,0.57767,0.42233,72950.01
1775953100430,2026-04-12T00:18:20.430,btc-updown-15m-1775952900,1775953800,Up,75382482427414520525305754099365116099976700289541099671794772733232173913023,34400672126260490653062896037098083926239042304486278032979930681633237080757,0.33,0.34,77.62,106.17,0.01,0.66,0.67,106.17,77.62,0.01,0.335,0.665,0.57767,0.42233,72950.0
1775953101430,2026-04-12T00:18:21.430,btc-updown-15m-1775952900,1775953800,Up,75382482427414520525305754099365116099976700289541099671794772733232173913023,34400672126260490653062896037098083926239042304486278032979930681633237080757,0.33,0.34,96.62,118.7,0.01,0.66,0.67,118.7,96.62,0.01,0.335,0.665,0.551273,0.448727,72950.0
1775953102431,2026-04-12T00:18:22.431,btc-updown-15m-1775952900,1775953800,Up,75382482427414520525305754099365116099976700289541099671794772733232173913023,34400672126260490653062896037098083926239042304486278032979930681633237080757,0.33,0.34,58.63,151.23,0.01,0.66,0.67,151.23,58.63,0.01,0.335,0.665,0.720623,0.279377,72950.0
1775953103431,2026-04-12T00:18:23.431,btc-updown-15m-1775952900,1775953800,Up,75382482427414520525305754099365116099976700289541099671794772733232173913023,34400672126260490653062896037098083926239042304486278032979930681633237080757,0.33,0.34,53.63,140.23,0.01,0.66,0.67,140.23,53.63,0.01,0.335,0.665,0.723357,0.276643,72950.01
1775953104432,2026-04-12T00:18:24.432,btc-updown-15m-1775952900,1775953800,Up,75382482427414520525305754099365116099976700289541099671794772733232173913023,34400672126260490653062896037098083926239042304486278032979930681633237080757,0.33,0.34,49.63,128.83,0.01,0.66,0.67,128.83,49.63,0.01,0.335,0.665,0.721898,0.278102,72950.01
1775953105433,2026-04-12T00:18:25.433,btc-updown-15m-1775952900,1775953800,Up,75382482427414520525305754099365116099976700289541099671794772733232173913023,34400672126260490653062896037098083926239042304486278032979930681633237080757,0.35,0.36,180.58,140.36,0.01,0.64,0.65,140.36,180.58,0.01,0.355,0.645,0.43734,0.56266,72950.01
1775953106433,2026-04-12T00:18:26.433,btc-updown-15m-1775952900,1775953800,Up,75382482427414520525305754099365116099976700289541099671794772733232173913023,34400672126260490653062896037098083926239042304486278032979930681633237080757,0.35,0.36,222.58,10.42,0.01,0.64,0.65,10.42,222.58,0.01,0.355,0.645,0.044721,0.955279,72950.01
1775953107434,2026-04-12T00:18:27.434,btc-updown-15m-1775952900,1775953800,Up,75382482427414520525305754099365116099976700289541099671794772733232173913023,34400672126260490653062896037098083926239042304486278032979930681633237080757,0.34,0.35,139.5,18.0,0.01,0.65,0.66,6.88,217.5,0.01,0.345,0.655,0.114286,0.969338,72950.01
1775953108435,2026-04-12T00:18:28.435,btc-updown-15m-1775952900,1775953800,Up,75382482427414520525305754099365116099976700289541099671794772733232173913023,34400672126260490653062896037098083926239042304486278032979930681633237080757,0.34,0.35,217.5,6.88,0.01,0.65,0.66,6.88,217.5,0.01,0.345,0.655,0.030662,0.969338,72950.01
1775953109436,2026-04-12T00:18:29.436,btc-updown-15m-1775952900,1775953800,Up,75382482427414520525305754099365116099976700289541099671794772733232173913023,34400672126260490653062896037098083926239042304486278032979930681633237080757,0.34,0.35,282.0,6.88,0.01,0.65,0.66,6.88,282.0,0.01,0.345,0.655,0.023816,0.976184,72950.01
1775953110437,2026-04-12T00:18:30.437,btc-updown-15m-1775952900,1775953800,Up,75382482427414520525305754099365116099976700289541099671794772733232173913023,34400672126260490653062896037098083926239042304486278032979930681633237080757,0.34,0.35,282.0,6.88,0.01,0.65,0.66,6.88,282.0,0.01,0.345,0.655,0.023816,0.976184,72950.01
1775953111438,2026-04-12T00:18:31.438,btc-updown-15m-1775952900,1775953800,Up,75382482427414520525305754099365116099976700289541099671794772733232173913023,34400672126260490653062896037098083926239042304486278032979930681633237080757,0.31,0.33,203.5,82.17,0.02,0.67,0.69,82.17,203.5,0.02,0.32,0.68,0.28764,0.71236,72950.01
1775953112439,2026-04-12T00:18:32.439,btc-updown-15m-1775952900,1775953800,Up,75382482427414520525305754099365116099976700289541099671794772733232173913023,34400672126260490653062896037098083926239042304486278032979930681633237080757,0.31,0.33,224.4,82.17,0.02,0.67,0.69,82.17,224.4,0.02,0.32,0.68,0.26803,0.73197,72948.33
1775953113439,2026-04-12T00:18:33.439,btc-updown-15m-1775952900,1775953800,Up,75382482427414520525305754099365116099976700289541099671794772733232173913023,34400672126260490653062896037098083926239042304486278032979930681633237080757,0.31,0.32,85.0,67.6,0.01,0.68,0.69,67.6,85.0,0.01,0.315,0.685,0.442988,0.557012,72948.33
1775953114440,2026-04-12T00:18:34.440,btc-updown-15m-1775952900,1775953800,Up,75382482427414520525305754099365116099976700289541099671794772733232173913023,34400672126260490653062896037098083926239042304486278032979930681633237080757,0.31,0.32,70.0,62.6,0.01,0.68,0.69,62.6,70.0,0.01,0.315,0.685,0.472097,0.527903,72948.33
1775953115441,2026-04-12T00:18:35.441,btc-updown-15m-1775952900,1775953800,Up,75382482427414520525305754099365116099976700289541099671794772733232173913023,34400672126260490653062896037098083926239042304486278032979930681633237080757,0.31,0.32,70.0,55.35,0.01,0.68,0.69,55.35,70.0,0.01,0.315,0.685,0.441564,0.558436,72948.33
1775953116442,2026-04-12T00:18:36.442,btc-updown-15m-1775952900,1775953800,Up,75382482427414520525305754099365116099976700289541099671794772733232173913023,34400672126260490653062896037098083926239042304486278032979930681633237080757,0.31,0.32,70.0,55.35,0.01,0.68,0.69,55.35,70.0,0.01,0.315,0.685,0.441564,0.558436,72948.33
1775953117443,2026-04-12T00:18:37.443,btc-updown-15m-1775952900,1775953800,Up,75382482427414520525305754099365116099976700289541099671794772733232173913023,34400672126260490653062896037098083926239042304486278032979930681633237080757,0.31,0.32,70.0,55.35,0.01,0.68,0.69,55.35,70.0,0.01,0.315,0.685,0.441564,0.558436,72948.33
1775953118443,2026-04-12T00:18:38.443,btc-updown-15m-1775952900,1775953800,Up,75382482427414520525305754099365116099976700289541099671794772733232173913023,34400672126260490653062896037098083926239042304486278032979930681633237080757,0.31,0.32,80.0,42.3,0.01,0.68,0.69,42.3,80.0,0.01,0.315,0.685,0.345871,0.654129,72948.34
1775953119444,2026-04-12T00:18:39.444,btc-updown-15m-1775952900,1775953800,Up,75382482427414520525305754099365116099976700289541099671794772733232173913023,34400672126260490653062896037098083926239042304486278032979930681633237080757,0.31,0.32,80.0,42.3,0.01,0.68,0.69,42.3,80.0,0.01,0.315,0.685,0.345871,0.654129,72948.34
1775953120445,2026-04-12T00:18:40.445,btc-updown-15m-1775952900,1775953800,Up,75382482427414520525305754099365116099976700289541099671794772733232173913023,34400672126260490653062896037098083926239042304486278032979930681633237080757,0.28,0.29,115.0,182.05,0.01,0.71,0.72,182.05,115.0,0.01,0.285,0.715,0.61286,0.38714,72948.34
1775953121446,2026-04-12T00:18:41.446,btc-updown-15m-1775952900,1775953800,Up,75382482427414520525305754099365116099976700289541099671794772733232173913023,34400672126260490653062896037098083926239042304486278032979930681633237080757,0.28,0.29,65.0,155.32,0.01,0.71,0.72,155.32,65.0,0.01,0.285,0.715,0.704975,0.295025,72941.16
1775953122447,2026-04-12T00:18:42.447,btc-updown-15m-1775952900,1775953800,Up,75382482427414520525305754099365116099976700289541099671794772733232173913023,34400672126260490653062896037098083926239042304486278032979930681633237080757,0.28,0.29,61.55,155.32,0.01,0.71,0.72,155.32,61.55,0.01,0.285,0.715,0.716189,0.283811,72941.16
1775953123447,2026-04-12T00:18:43.447,btc-updown-15m-1775952900,1775953800,Up,75382482427414520525305754099365116099976700289541099671794772733232173913023,34400672126260490653062896037098083926239042304486278032979930681633237080757,0.29,0.3,74.22,42.0,0.01,0.7,0.71,42.0,74.22,0.01,0.295,0.705,0.361384,0.638616,72941.16
1775953124449,2026-04-12T00:18:44.449,btc-updown-15m-1775952900,1775953800,Up,75382482427414520525305754099365116099976700289541099671794772733232173913023,34400672126260490653062896037098083926239042304486278032979930681633237080757,0.29,0.3,40.88,82.0,0.01,0.7,0.71,82.0,40.88,0.01,0.295,0.705,0.667318,0.332682,72941.16
1775953125450,2026-04-12T00:18:45.450,btc-updown-15m-1775952900,1775953800,Up,75382482427414520525305754099365116099976700289541099671794772733232173913023,34400672126260490653062896037098083926239042304486278032979930681633237080757,0.29,0.3,94.88,54.88,0.01,0.7,0.71,54.88,94.88,0.01,0.295,0.705,0.366453,0.633547,72941.16
1775953126451,2026-04-12T00:18:46.451,btc-updown-15m-1775952900,1775953800,Up,75382482427414520525305754099365116099976700289541099671794772733232173913023,34400672126260490653062896037098083926239042304486278032979930681633237080757,0.29,0.3,91.54,54.88,0.01,0.7,0.71,54.88,91.54,0.01,0.295,0.705,0.374812,0.625188,72941.16
1775953127452,2026-04-12T00:18:47.452,btc-updown-15m-1775952900,1775953800,Up,75382482427414520525305754099365116099976700289541099671794772733232173913023,34400672126260490653062896037098083926239042304486278032979930681633237080757,0.29,0.3,91.54,54.88,0.01,0.7,0.71,54.88,91.54,0.01,0.295,0.705,0.374812,0.625188,72940.22
1775953128453,2026-04-12T00:18:48.453,btc-updown-15m-1775952900,1775953800,Up,75382482427414520525305754099365116099976700289541099671794772733232173913023,34400672126260490653062896037098083926239042304486278032979930681633237080757,0.29,0.3,111.61,37.88,0.01,0.7,0.71,37.88,111.61,0.01,0.295,0.705,0.253395,0.746605,72940.22
1775953129453,2026-04-12T00:18:49.453,btc-updown-15m-1775952900,1775953800,Up,75382482427414520525305754099365116099976700289541099671794772733232173913023,34400672126260490653062896037098083926239042304486278032979930681633237080757,0.29,0.3,111.61,37.88,0.01,0.7,0.71,37.88,111.61,0.01,0.295,0.705,0.253395,0.746605,72940.22
1775953130454,2026-04-12T00:18:50.454,btc-updown-15m-1775952900,1775953800,Up,75382482427414520525305754099365116099976700289541099671794772733232173913023,34400672126260490653062896037098083926239042304486278032979930681633237080757,0.29,0.3,111.61,37.88,0.01,0.7,0.71,37.88,111.61,0.01,0.295,0.705,0.253395,0.746605,72940.21
1775953131455,2026-04-12T00:18:51.455,btc-updown-15m-1775952900,1775953800,Up,75382482427414520525305754099365116099976700289541099671794772733232173913023,34400672126260490653062896037098083926239042304486278032979930681633237080757,0.29,0.3,76.61,37.88,0.01,0.7,0.71,37.88,76.61,0.01,0.295,0.705,0.330859,0.669141,72940.21
1775953132456,2026-04-12T00:18:52.456,btc-updown-15m-1775952900,1775953800,Up,75382482427414520525305754099365116099976700289541099671794772733232173913023,34400672126260490653062896037098083926239042304486278032979930681633237080757,0.29,0.31,138.66,66.99,0.02,0.69,0.71,66.99,138.66,0.02,0.3,0.7,0.325748,0.674252,72940.21
1775953133458,2026-04-12T00:18:53.458,btc-updown-15m-1775952900,1775953800,Up,75382482427414520525305754099365116099976700289541099671794772733232173913023,34400672126260490653062896037098083926239042304486278032979930681633237080757,0.29,0.31,138.66,66.99,0.02,0.69,0.71,66.99,138.66,0.02,0.3,0.7,0.325748,0.674252,72940.22
1775953134458,2026-04-12T00:18:54.458,btc-updown-15m-1775952900,1775953800,Up,75382482427414520525305754099365116099976700289541099671794772733232173913023,34400672126260490653062896037098083926239042304486278032979930681633237080757,0.31,0.32,90.5,18.0,0.01,0.68,0.69,18.0,90.5,0.01,0.315,0.685,0.165899,0.834101,72940.22
1775953135459,2026-04-12T00:18:55.459,btc-updown-15m-1775952900,1775953800,Up,75382482427414520525305754099365116099976700289541099671794772733232173913023,34400672126260490653062896037098083926239042304486278032979930681633237080757,0.31,0.32,68.0,40.73,0.01,0.68,0.69,40.73,68.0,0.01,0.315,0.685,0.374598,0.625402,72940.22
1775953136460,2026-04-12T00:18:56.460,btc-updown-15m-1775952900,1775953800,Up,75382482427414520525305754099365116099976700289541099671794772733232173913023,34400672126260490653062896037098083926239042304486278032979930681633237080757,0.31,0.32,286.0,29.14,0.01,0.68,0.69,29.14,286.0,0.01,0.315,0.685,0.092467,0.907533,72940.73
1775953137461,2026-04-12T00:18:57.461,btc-updown-15m-1775952900,1775953800,Up,75382482427414520525305754099365116099976700289541099671794772733232173913023,34400672126260490653062896037098083926239042304486278032979930681633237080757,0.31,0.32,286.0,16.48,0.01,0.68,0.69,16.48,286.0,0.01,0.315,0.685,0.054483,0.945517,72940.73
1775953138462,2026-04-12T00:18:58.462,btc-updown-15m-1775952900,1775953800,Up,75382482427414520525305754099365116099976700289541099671794772733232173913023,34400672126260490653062896037098083926239042304486278032979930681633237080757,0.31,0.32,286.0,16.48,0.01,0.68,0.69,16.48,286.0,0.01,0.315,0.685,0.054483,0.945517,72940.73
1775953139463,2026-04-12T00:18:59.463,btc-updown-15m-1775952900,1775953800,Up,75382482427414520525305754099365116099976700289541099671794772733232173913023,34400672126260490653062896037098083926239042304486278032979930681633237080757,0.31,0.32,203.0,41.24,0.01,0.68,0.69,41.24,203.0,0.01,0.315,0.685,0.16885,0.83115,72940.74
1775953140463,2026-04-12T00:19:00.463,btc-updown-15m-1775952900,1775953800,Up,75382482427414520525305754099365116099976700289541099671794772733232173913023,34400672126260490653062896037098083926239042304486278032979930681633237080757,0.31,0.32,203.0,41.24,0.01,0.68,0.69,41.24,203.0,0.01,0.315,0.685,0.16885,0.83115,72940.74
1775953141464,2026-04-12T00:19:01.464,btc-updown-15m-1775952900,1775953800,Up,75382482427414520525305754099365116099976700289541099671794772733232173913023,34400672126260490653062896037098083926239042304486278032979930681633237080757,0.3,0.31,35.0,180.64,0.01,0.69,0.7,180.64,35.0,0.01,0.305,0.695,0.837692,0.162308,72940.74
1775953142465,2026-04-12T00:19:02.465,btc-updown-15m-1775952900,1775953800,Up,75382482427414520525305754099365116099976700289541099671794772733232173913023,34400672126260490653062896037098083926239042304486278032979930681633237080757,0.3,0.31,219.36,82.5,0.01,0.69,0.7,82.5,219.36,0.01,0.305,0.695,0.273306,0.726694,72940.74
1775953143465,2026-04-12T00:19:03.465,btc-updown-15m-1775952900,1775953800,Up,75382482427414520525305754099365116099976700289541099671794772733232173913023,34400672126260490653062896037098083926239042304486278032979930681633237080757,0.3,0.31,221.0,69.93,0.01,0.69,0.7,69.93,221.0,0.01,0.305,0.695,0.240367,0.759633,72940.74
1775953144466,2026-04-12T00:19:04.466,btc-updown-15m-1775952900,1775953800,Up,75382482427414520525305754099365116099976700289541099671794772733232173913023,34400672126260490653062896037098083926239042304486278032979930681633237080757,0.3,0.31,216.16,80.0,0.01,0.69,0.7,80.0,216.16,0.01,0.305,0.695,0.270124,0.729876,72940.74
1775953145466,2026-04-12T00:19:05.466,btc-updown-15m-1775952900,1775953800,Up,75382482427414520525305754099365116099976700289541099671794772733232173913023,34400672126260490653062896037098083926239042304486278032979930681633237080757,0.3,0.31,205.84,170.86,0.01,0.69,0.7,170.86,205.84,0.01,0.305,0.695,0.45357,0.54643,72940.74
1775953146467,2026-04-12T00:19:06.467,btc-updown-15m-1775952900,1775953800,Up,75382482427414520525305754099365116099976700289541099671794772733232173913023,34400672126260490653062896037098083926239042304486278032979930681633237080757,0.29,0.31,225.84,184.5,0.02,0.69,0.71,184.5,225.84,0.02,0.3,0.7,0.449627,0.550373,72940.74
1775953147467,2026-04-12T00:19:07.467,btc-updown-15m-1775952900,1775953800,Up,75382482427414520525305754099365116099976700289541099671794772733232173913023,34400672126260490653062896037098083926239042304486278032979930681633237080757,0.29,0.31,225.84,180.27,0.02,0.69,0.71,180.27,225.84,0.02,0.3,0.7,0.443895,0.556105,72940.74
1775953148468,2026-04-12T00:19:08.468,btc-updown-15m-1775952900,1775953800,Up,75382482427414520525305754099365116099976700289541099671794772733232173913023,34400672126260490653062896037098083926239042304486278032979930681633237080757,0.29,0.31,225.84,180.27,0.02,0.69,0.71,180.27,225.84,0.02,0.3,0.7,0.443895,0.556105,72940.74
1775953149468,2026-04-12T00:19:09.468,btc-updown-15m-1775952900,1775953800,Up,75382482427414520525305754099365116099976700289541099671794772733232173913023,34400672126260490653062896037098083926239042304486278032979930681633237080757,0.27,0.28,145.0,63.49,0.01,0.72,0.73,63.49,145.0,0.01,0.275,0.725,0.304523,0.695477,72940.74
1775953150469,2026-04-12T00:19:10.469,btc-updown-15m-1775952900,1775953800,Up,75382482427414520525305754099365116099976700289541099671794772733232173913023,34400672126260490653062896037098083926239042304486278032979930681633237080757,0.26,0.27,49.44,179.01,0.01,0.73,0.74,179.01,49.44,0.01,0.265,0.735,0.783585,0.216415,72940.74
1775953151470,2026-04-12T00:19:11.470,btc-updown-15m-1775952900,1775953800,Up,75382482427414520525305754099365116099976700289541099671794772733232173913023,34400672126260490653062896037098083926239042304486278032979930681633237080757,0.26,0.27,40.0,185.81,0.01,0.73,0.74,185.81,40.0,0.01,0.265,0.735,0.82286,0.17714,72933.78
1775953152470,2026-04-12T00:19:12.470,btc-updown-15m-1775952900,1775953800,Up,75382482427414520525305754099365116099976700289541099671794772733232173913023,34400672126260490653062896037098083926239042304486278032979930681633237080757,0.26,0.27,45.0,206.37,0.01,0.73,0.74,206.37,45.0,0.01,0.265,0.735,0.820981,0.179019,72933.78
1775953153471,2026-04-12T00:19:13.471,btc-updown-15m-1775952900,1775953800,Up,75382482427414520525305754099365116099976700289541099671794772733232173913023,34400672126260490653062896037098083926239042304486278032979930681633237080757,0.26,0.27,30.21,206.37,0.01,0.73,0.74,206.37,30.21,0.01,0.265,0.735,0.872305,0.127695,72933.78
1775953154471,2026-04-12T00:19:14.471,btc-updown-15m-1775952900,1775953800,Up,75382482427414520525305754099365116099976700289541099671794772733232173913023,34400672126260490653062896037098083926239042304486278032979930681633237080757,0.26,0.27,25.21,29.21,0.01,0.73,0.74,29.21,25.21,0.01,0.265,0.735,0.536751,0.463249,72933.79
1775953155472,2026-04-12T00:19:15.472,btc-updown-15m-1775952900,1775953800,Up,75382482427414520525305754099365116099976700289541099671794772733232173913023,34400672126260490653062896037098083926239042304486278032979930681633237080757,0.26,0.27,65.21,58.0,0.01,0.73,0.74,58.0,65.21,0.01,0.265,0.735,0.470741,0.529259,72933.79
1775953156472,2026-04-12T00:19:16.472,btc-updown-15m-1775952900,1775953800,Up,75382482427414520525305754099365116099976700289541099671794772733232173913023,34400672126260490653062896037098083926239042304486278032979930681633237080757,0.26,0.28,69.6,51.24,0.02,0.72,0.74,51.24,69.6,0.02,0.27,0.73,0.424032,0.575968,72933.79
1775953157472,2026-04-12T00:19:17.472,btc-updown-15m-1775952900,1775953800,Up,75382482427414520525305754099365116099976700289541099671794772733232173913023,34400672126260490653062896037098083926239042304486278032979930681633237080757,0.26,0.28,69.6,51.24,0.02,0.72,0.74,51.24,69.6,0.02,0.27,0.73,0.424032,0.575968,72933.79
1775953158473,2026-04-12T00:19:18.473,btc-updown-15m-1775952900,1775953800,Up,75382482427414520525305754099365116099976700289541099671794772733232173913023,34400672126260490653062896037098083926239042304486278032979930681633237080757,0.26,0.28,69.6,51.24,0.02,0.72,0.74,51.24,69.6,0.02,0.27,0.73,0.424032,0.575968,72933.79
1775953159474,2026-04-12T00:19:19.474,btc-updown-15m-1775952900,1775953800,Up,75382482427414520525305754099365116099976700289541099671794772733232173913023,34400672126260490653062896037098083926239042304486278032979930681633237080757,0.29,0.3,23.83,14.0,0.01,0.7,0.71,14.0,23.83,0.01,0.295,0.705,0.370077,0.629923,72933.79
1775953160474,2026-04-12T00:19:20.474,btc-updown-15m-1775952900,1775953800,Up,75382482427414520525305754099365116099976700289541099671794772733232173913023,34400672126260490653062896037098083926239042304486278032979930681633237080757,0.29,0.3,35.35,46.0,0.01,0.7,0.71,46.0,35.35,0.01,0.295,0.705,0.565458,0.434542,72940.73
1775953161475,2026-04-12T00:19:21.475,btc-updown-15m-1775952900,1775953800,Up,75382482427414520525305754099365116099976700289541099671794772733232173913023,34400672126260490653062896037098083926239042304486278032979930681633237080757,0.29,0.3,5.68,46.0,0.01,0.7,0.71,46.0,5.68,0.01,0.295,0.705,0.890093,0.109907,72940.73
1775953162476,2026-04-12T00:19:22.476,btc-updown-15m-1775952900,1775953800,Up,75382482427414520525305754099365116099976700289541099671794772733232173913023,34400672126260490653062896037098083926239042304486278032979930681633237080757,0.29,0.3,12.0,66.0,0.01,0.7,0.71,66.0,12.0,0.01,0.295,0.705,0.846154,0.153846,72940.73
1775953163476,2026-04-12T00:19:23.476,btc-updown-15m-1775952900,1775953800,Up,75382482427414520525305754099365116099976700289541099671794772733232173913023,34400672126260490653062896037098083926239042304486278032979930681633237080757,0.29,0.3,12.0,66.0,0.01,0.7,0.71,66.0,12.0,0.01,0.295,0.705,0.846154,0.153846,72940.74
1775953164477,2026-04-12T00:19:24.477,btc-updown-15m-1775952900,1775953800,Up,75382482427414520525305754099365116099976700289541099671794772733232173913023,34400672126260490653062896037098083926239042304486278032979930681633237080757,0.29,0.3,12.0,66.0,0.01,0.7,0.71,66.0,12.0,0.01,0.295,0.705,0.846154,0.153846,72940.74
1775953165478,2026-04-12T00:19:25.478,btc-updown-15m-1775952900,1775953800,Up,75382482427414520525305754099365116099976700289541099671794772733232173913023,34400672126260490653062896037098083926239042304486278032979930681633237080757,0.29,0.3,129.5,16.28,0.01,0.7,0.71,16.28,129.5,0.01,0.295,0.705,0.111675,0.888325,72940.74
1775953166478,2026-04-12T00:19:26.478,btc-updown-15m-1775952900,1775953800,Up,75382482427414520525305754099365116099976700289541099671794772733232173913023,34400672126260490653062896037098083926239042304486278032979930681633237080757,0.29,0.3,5.0,237.05,0.01,0.7,0.71,237.05,5.0,0.01,0.295,0.705,0.979343,0.020657,72940.74
1775953167479,2026-04-12T00:19:27.479,btc-updown-15m-1775952900,1775953800,Up,75382482427414520525305754099365116099976700289541099671794772733232173913023,34400672126260490653062896037098083926239042304486278032979930681633237080757,0.29,0.3,5.0,237.05,0.01,0.7,0.71,237.05,5.0,0.01,0.295,0.705,0.979343,0.020657,72940.74
1775953168480,2026-04-12T00:19:28.480,btc-updown-15m-1775952900,1775953800,Up,75382482427414520525305754099365116099976700289541099671794772733232173913023,34400672126260490653062896037098083926239042304486278032979930681633237080757,0.29,0.3,0.86,205.33,0.01,0.7,0.71,205.33,0.86,0.01,0.295,0.705,0.995829,0.004171,72940.74
1775953169481,2026-04-12T00:19:29.481,btc-updown-15m-1775952900,1775953800,Up,75382482427414520525305754099365116099976700289541099671794772733232173913023,34400672126260490653062896037098083926239042304486278032979930681633237080757,0.29,0.3,0.86,205.33,0.01,0.7,0.71,205.33,0.86,0.01,0.295,0.705,0.995829,0.004171,72940.74
1775953170482,2026-04-12T00:19:30.482,btc-updown-15m-1775952900,1775953800,Up,75382482427414520525305754099365116099976700289541099671794772733232173913023,34400672126260490653062896037098083926239042304486278032979930681633237080757,0.29,0.3,0.86,205.33,0.01,0.7,0.71,205.33,0.86,0.01,0.295,0.705,0.995829,0.004171,72940.74
1775953171484,2026-04-12T00:19:31.484,btc-updown-15m-1775952900,1775953800,Up,75382482427414520525305754099365116099976700289541099671794772733232173913023,34400672126260490653062896037098083926239042304486278032979930681633237080757,0.29,0.3,59.66,170.61,0.01,0.7,0.71,170.61,59.66,0.01,0.295,0.705,0.740913,0.259087,72940.74
1775953172485,2026-04-12T00:19:32.485,btc-updown-15m-1775952900,1775953800,Up,75382482427414520525305754099365116099976700289541099671794772733232173913023,34400672126260490653062896037098083926239042304486278032979930681633237080757,0.29,0.3,78.72,65.0,0.01,0.7,0.71,65.0,78.72,0.01,0.295,0.705,0.452268,0.547732,72940.73
1775953173485,2026-04-12T00:19:33.485,btc-updown-15m-1775952900,1775953800,Up,75382482427414520525305754099365116099976700289541099671794772733232173913023,34400672126260490653062896037098083926239042304486278032979930681633237080757,0.29,0.3,42.88,62.0,0.01,0.7,0.71,62.0,42.88,0.01,0.295,0.705,0.591152,0.408848,72940.73
1775953174486,2026-04-12T00:19:34.486,btc-updown-15m-1775952900,1775953800,Up,75382482427414520525305754099365116099976700289541099671794772733232173913023,34400672126260490653062896037098083926239042304486278032979930681633237080757,0.29,0.3,38.0,102.28,0.01,0.7,0.71,102.28,38.0,0.01,0.295,0.705,0.729113,0.270887,72940.73
1775953175486,2026-04-12T00:19:35.486,btc-updown-15m-1775952900,1775953800,Up,75382482427414520525305754099365116099976700289541099671794772733232173913023,34400672126260490653062896037098083926239042304486278032979930681633237080757,0.29,0.3,11.33,75.0,0.01,0.7,0.71,75.0,11.33,0.01,0.295,0.705,0.868759,0.131241,72940.74
1775953176487,2026-04-12T00:19:36.487,btc-updown-15m-1775952900,1775953800,Up,75382482427414520525305754099365116099976700289541099671794772733232173913023,34400672126260490653062896037098083926239042304486278032979930681633237080757,0.29,0.3,27.0,96.21,0.01,0.7,0.71,96.21,27.0,0.01,0.295,0.705,0.780862,0.219138,72940.74
1775953177487,2026-04-12T00:19:37.487,btc-updown-15m-1775952900,1775953800,Up,75382482427414520525305754099365116099976700289541099671794772733232173913023,34400672126260490653062896037098083926239042304486278032979930681633237080757,0.29,0.3,42.0,52.66,0.01,0.7,0.71,52.66,42.0,0.01,0.295,0.705,0.556307,0.443693,72940.74
1775953178488,2026-04-12T00:19:38.488,btc-updown-15m-1775952900,1775953800,Up,75382482427414520525305754099365116099976700289541099671794772733232173913023,34400672126260490653062896037098083926239042304486278032979930681633237080757,0.29,0.3,42.0,21.25,0.01,0.7,0.71,21.25,42.0,0.01,0.295,0.705,0.335968,0.664032,72940.73
1775953179488,2026-04-12T00:19:39.488,btc-updown-15m-1775952900,1775953800,Up,75382482427414520525305754099365116099976700289541099671794772733232173913023,34400672126260490653062896037098083926239042304486278032979930681633237080757,0.28,0.3,42.0,213.5,0.02,0.7,0.72,213.5,42.0,0.02,0.29,0.71,0.835616,0.164384,72940.73
1775953180488,2026-04-12T00:19:40.488,btc-updown-15m-1775952900,1775953800,Up,75382482427414520525305754099365116099976700289541099671794772733232173913023,34400672126260490653062896037098083926239042304486278032979930681633237080757,0.28,0.3,42.0,213.5,0.02,0.7,0.72,213.5,42.0,0.02,0.29,0.71,0.835616,0.164384,72940.73
1775953181489,2026-04-12T00:19:41.489,btc-updown-15m-1775952900,1775953800,Up,75382482427414520525305754099365116099976700289541099671794772733232173913023,34400672126260490653062896037098083926239042304486278032979930681633237080757,0.29,0.32,32.93,253.5,0.03,0.68,0.71,253.5,32.93,0.03,0.305,0.695,0.885033,0.114967,72945.99
1775953182490,2026-04-12T00:19:42.490,btc-updown-15m-1775952900,1775953800,Up,75382482427414520525305754099365116099976700289541099671794772733232173913023,34400672126260490653062896037098083926239042304486278032979930681633237080757,0.3,0.32,87.43,86.0,0.02,0.68,0.7,86.0,87.43,0.02,0.31,0.69,0.495877,0.504123,72945.99
1775953183491,2026-04-12T00:19:43.491,btc-updown-15m-1775952900,1775953800,Up,75382482427414520525305754099365116099976700289541099671794772733232173913023,34400672126260490653062896037098083926239042304486278032979930681633237080757,0.3,0.31,47.77,66.9,0.01,0.69,0.7,66.9,47.77,0.01,0.305,0.695,0.583413,0.416587,72945.99
1775953184492,2026-04-12T00:19:44.492,btc-updown-15m-1775952900,1775953800,Up,75382482427414520525305754099365116099976700289541099671794772733232173913023,34400672126260490653062896037098083926239042304486278032979930681633237080757,0.3,0.31,75.27,41.9,0.01,0.69,0.7,41.9,75.27,0.01,0.305,0.695,0.3576,0.6424,72946.0
1775953185493,2026-04-12T00:19:45.493,btc-updown-15m-1775952900,1775953800,Up,75382482427414520525305754099365116099976700289541099671794772733232173913023,34400672126260490653062896037098083926239042304486278032979930681633237080757,0.3,0.31,75.27,41.9,0.01,0.69,0.7,41.9,75.27,0.01,0.305,0.695,0.3576,0.6424,72946.0
1775953186495,2026-04-12T00:19:46.495,btc-updown-15m-1775952900,1775953800,Up,75382482427414520525305754099365116099976700289541099671794772733232173913023,34400672126260490653062896037098083926239042304486278032979930681633237080757,0.3,0.31,4.59,20.0,0.01,0.69,0.7,20.0,4.59,0.01,0.305,0.695,0.813339,0.186661,72946.0
1775953187495,2026-04-12T00:19:47.495,btc-updown-15m-1775952900,1775953800,Up,75382482427414520525305754099365116099976700289541099671794772733232173913023,34400672126260490653062896037098083926239042304486278032979930681633237080757,0.31,0.32,6.75,28.71,0.01,0.68,0.69,28.71,6.75,0.01,0.315,0.685,0.809645,0.190355,72946.0
1775953188497,2026-04-12T00:19:48.497,btc-updown-15m-1775952900,1775953800,Up,75382482427414520525305754099365116099976700289541099671794772733232173913023,34400672126260490653062896037098083926239042304486278032979930681633237080757,0.31,0.32,81.25,24.75,0.01,0.68,0.69,24.75,81.25,0.01,0.315,0.685,0.233491,0.766509,72946.0
1775953189498,2026-04-12T00:19:49.498,btc-updown-15m-1775952900,1775953800,Up,75382482427414520525305754099365116099976700289541099671794772733232173913023,34400672126260490653062896037098083926239042304486278032979930681633237080757,0.31,0.32,81.25,24.75,0.01,0.68,0.69,24.75,81.25,0.01,0.315,0.685,0.233491,0.766509,72946.0
1775953190499,2026-04-12T00:19:50.499,btc-updown-15m-1775952900,1775953800,Up,75382482427414520525305754099365116099976700289541099671794772733232173913023,34400672126260490653062896037098083926239042304486278032979930681633237080757,0.31,0.32,81.25,7.1,0.01,0.68,0.69,7.1,81.25,0.01,0.315,0.685,0.080362,0.919638,72946.0
1775953191500,2026-04-12T00:19:51.500,btc-updown-15m-1775952900,1775953800,Up,75382482427414520525305754099365116099976700289541099671794772733232173913023,34400672126260490653062896037098083926239042304486278032979930681633237080757,0.31,0.32,78.12,31.1,0.01,0.68,0.69,31.1,78.12,0.01,0.315,0.685,0.284746,0.715254,72946.0
1775953192500,2026-04-12T00:19:52.500,btc-updown-15m-1775952900,1775953800,Up,75382482427414520525305754099365116099976700289541099671794772733232173913023,34400672126260490653062896037098083926239042304486278032979930681633237080757,0.31,0.32,83.12,12.11,0.01,0.68,0.69,12.11,83.12,0.01,0.315,0.685,0.127166,0.872834,72946.0
1775953193501,2026-04-12T00:19:53.501,btc-updown-15m-1775952900,1775953800,Up,75382482427414520525305754099365116099976700289541099671794772733232173913023,34400672126260490653062896037098083926239042304486278032979930681633237080757,0.29,0.32,349.5,5.0,0.03,0.68,0.71,5.0,349.5,0.03,0.305,0.695,0.014104,0.985896,72945.61
1775953194502,2026-04-12T00:19:54.502,btc-updown-15m-1775952900,1775953800,Up,75382482427414520525305754099365116099976700289541099671794772733232173913023,34400672126260490653062896037098083926239042304486278032979930681633237080757,0.29,0.3,25.12,86.81,0.01,0.7,0.71,86.81,25.12,0.01,0.295,0.705,0.775574,0.224426,72945.61
1775953195502,2026-04-12T00:19:55.502,btc-updown-15m-1775952900,1775953800,Up,75382482427414520525305754099365116099976700289541099671794772733232173913023,34400672126260490653062896037098083926239042304486278032979930681633237080757,0.29,0.3,25.12,86.81,0.01,0.7,0.71,86.81,25.12,0.01,0.295,0.705,0.775574,0.224426,72945.61
1775953196503,2026-04-12T00:19:56.503,btc-updown-15m-1775952900,1775953800,Up,75382482427414520525305754099365116099976700289541099671794772733232173913023,34400672126260490653062896037098083926239042304486278032979930681633237080757,0.35,0.37,23.82,58.49,0.02,0.63,0.65,58.49,23.82,0.02,0.36,0.64,0.710606,0.289394,72963.51
1775953197503,2026-04-12T00:19:57.503,btc-updown-15m-1775952900,1775953800,Up,75382482427414520525305754099365116099976700289541099671794772733232173913023,34400672126260490653062896037098083926239042304486278032979930681633237080757,0.35,0.37,23.82,58.49,0.02,0.63,0.65,58.49,23.82,0.02,0.36,0.64,0.710606,0.289394,72963.51
1775953198503,2026-04-12T00:19:58.503,btc-updown-15m-1775952900,1775953800,Up,75382482427414520525305754099365116099976700289541099671794772733232173913023,34400672126260490653062896037098083926239042304486278032979930681633237080757,0.36,0.37,5.87,78.64,0.01,0.63,0.64,78.64,5.87,0.01,0.365,0.635,0.930541,0.069459,72963.51
1775953199504,2026-04-12T00:19:59.504,btc-updown-15m-1775952900,1775953800,Up,75382482427414520525305754099365116099976700289541099671794772733232173913023,34400672126260490653062896037098083926239042304486278032979930681633237080757,0.36,0.38,75.5,73.95,0.02,0.62,0.64,73.95,75.5,0.02,0.37,0.63,0.494814,0.505186,72975.43
1775953200506,2026-04-12T00:20:00.506,btc-updown-15m-1775952900,1775953800,Up,75382482427414520525305754099365116099976700289541099671794772733232173913023,34400672126260490653062896037098083926239042304486278032979930681633237080757,0.41,0.42,39.42,61.3,0.01,0.58,0.59,61.3,39.42,0.01,0.415,0.585,0.608618,0.391382,72975.43
1775953201507,2026-04-12T00:20:01.507,btc-updown-15m-1775952900,1775953800,Up,75382482427414520525305754099365116099976700289541099671794772733232173913023,34400672126260490653062896037098083926239042304486278032979930681633237080757,0.41,0.42,39.42,61.3,0.01,0.58,0.59,61.3,39.42,0.01,0.415,0.585,0.608618,0.391382,72975.43
1775953202508,2026-04-12T00:20:02.508,btc-updown-15m-1775952900,1775953800,Up,75382482427414520525305754099365116099976700289541099671794772733232173913023,34400672126260490653062896037098083926239042304486278032979930681633237080757,0.43,0.44,39.63,82.24,0.01,0.56,0.57,82.24,39.63,0.01,0.435,0.565,0.674817,0.325183,72979.74
1775953203509,2026-04-12T00:20:03.509,btc-updown-15m-1775952900,1775953800,Up,75382482427414520525305754099365116099976700289541099671794772733232173913023,34400672126260490653062896037098083926239042304486278032979930681633237080757,0.43,0.45,111.0,47.01,0.02,0.55,0.57,47.01,111.0,0.02,0.44,0.56,0.297513,0.702487,72979.74
1775953204510,2026-04-12T00:20:04.510,btc-updown-15m-1775952900,1775953800,Up,75382482427414520525305754099365116099976700289541099671794772733232173913023,34400672126260490653062896037098083926239042304486278032979930681633237080757,0.45,0.47,57.2,60.28,0.02,0.53,0.55,60.28,57.2,0.02,0.46,0.54,0.513109,0.486891,72979.74
1775953205511,2026-04-12T00:20:05.511,btc-updown-15m-1775952900,1775953800,Up,75382482427414520525305754099365116099976700289541099671794772733232173913023,34400672126260490653062896037098083926239042304486278032979930681633237080757,0.47,0.48,19.2,52.0,0.01,0.52,0.53,52.0,19.2,0.01,0.475,0.525,0.730337,0.269663,72988.93
1775953206512,2026-04-12T00:20:06.512,btc-updown-15m-1775952900,1775953800,Up,75382482427414520525305754099365116099976700289541099671794772733232173913023,34400672126260490653062896037098083926239042304486278032979930681633237080757,0.46,0.47,94.39,46.18,0.01,0.53,0.54,46.18,94.39,0.01,0.465,0.535,0.32852,0.67148,72988.93
1775953207512,2026-04-12T00:20:07.512,btc-updown-15m-1775952900,1775953800,Up,75382482427414520525305754099365116099976700289541099671794772733232173913023,34400672126260490653062896037098083926239042304486278032979930681633237080757,0.46,0.47,129.39,10.29,0.01,0.53,0.54,10.29,129.39,0.01,0.465,0.535,0.073668,0.926332,72988.93
1775953208513,2026-04-12T00:20:08.513,btc-updown-15m-1775952900,1775953800,Up,75382482427414520525305754099365116099976700289541099671794772733232173913023,34400672126260490653062896037098083926239042304486278032979930681633237080757,0.45,0.47,129.39,138.28,0.02,0.53,0.55,138.28,129.39,0.02,0.46,0.54,0.516606,0.483394,72988.93
1775953209515,2026-04-12T00:20:09.515,btc-updown-15m-1775952900,1775953800,Up,75382482427414520525305754099365116099976700289541099671794772733232173913023,34400672126260490653062896037098083926239042304486278032979930681633237080757,0.45,0.46,45.0,142.02,0.01,0.54,0.55,142.02,45.0,0.01,0.455,0.545,0.759384,0.240616,72988.93
1775953210516,2026-04-12T00:20:10.516,btc-updown-15m-1775952900,1775953800,Up,75382482427414520525305754099365116099976700289541099671794772733232173913023,34400672126260490653062896037098083926239042304486278032979930681633237080757,0.45,0.47,119.43,227.93,0.02,0.53,0.55,227.93,119.43,0.02,0.46,0.54,0.656178,0.343822,72988.93
1775953211517,2026-04-12T00:20:11.517,btc-updown-15m-1775952900,1775953800,Up,75382482427414520525305754099365116099976700289541099671794772733232173913023,34400672126260490653062896037098083926239042304486278032979930681633237080757,0.45,0.47,116.87,227.93,0.02,0.53,0.55,227.93,116.87,0.02,0.46,0.54,0.66105,0.33895,72988.92
1775953212518,2026-04-12T00:20:12.518,btc-updown-15m-1775952900,1775953800,Up,75382482427414520525305754099365116099976700289541099671794772733232173913023,34400672126260490653062896037098083926239042304486278032979930681633237080757,0.45,0.47,116.87,227.93,0.02,0.53,0.55,227.93,116.87,0.02,0.46,0.54,0.66105,0.33895,72988.92
1775953213519,2026-04-12T00:20:13.519,btc-updown-15m-1775952900,1775953800,Up,75382482427414520525305754099365116099976700289541099671794772733232173913023,34400672126260490653062896037098083926239042304486278032979930681633237080757,0.45,0.47,89.2,230.58,0.02,0.53,0.55,230.58,89.2,0.02,0.46,0.54,0.721058,0.278942,72988.92
1775953214519,2026-04-12T00:20:14.519,btc-updown-15m-1775952900,1775953800,Up,75382482427414520525305754099365116099976700289541099671794772733232173913023,34400672126260490653062896037098083926239042304486278032979930681633237080757,0.45,0.47,89.2,230.58,0.02,0.53,0.55,230.58,89.2,0.02,0.46,0.54,0.721058,0.278942,72988.93
1775953215520,2026-04-12T00:20:15.520,btc-updown-15m-1775952900,1775953800,Up,75382482427414520525305754099365116099976700289541099671794772733232173913023,34400672126260490653062896037098083926239042304486278032979930681633237080757,0.45,0.47,89.2,230.58,0.02,0.53,0.55,230.58,89.2,0.02,0.46,0.54,0.721058,0.278942,72988.93
1775953216521,2026-04-12T00:20:16.521,btc-updown-15m-1775952900,1775953800,Up,75382482427414520525305754099365116099976700289541099671794772733232173913023,34400672126260490653062896037098083926239042304486278032979930681633237080757,0.45,0.47,89.2,230.58,0.02,0.53,0.55,230.58,89.2,0.02,0.46,0.54,0.721058,0.278942,72988.93
1775953217521,2026-04-12T00:20:17.521,btc-updown-15m-1775952900,1775953800,Up,75382482427414520525305754099365116099976700289541099671794772733232173913023,34400672126260490653062896037098083926239042304486278032979930681633237080757,0.46,0.47,142.2,80.64,0.01,0.53,0.54,80.64,142.2,0.01,0.465,0.535,0.361874,0.638126,72988.92
1775953218522,2026-04-12T00:20:18.522,btc-updown-15m-1775952900,1775953800,Up,75382482427414520525305754099365116099976700289541099671794772733232173913023,34400672126260490653062896037098083926239042304486278032979930681633237080757,0.46,0.47,142.2,80.64,0.01,0.53,0.54,80.64,142.2,0.01,0.465,0.535,0.361874,0.638126,72988.92
1775953219523,2026-04-12T00:20:19.523,btc-updown-15m-1775952900,1775953800,Up,75382482427414520525305754099365116099976700289541099671794772733232173913023,34400672126260490653062896037098083926239042304486278032979930681633237080757,0.46,0.47,142.2,80.64,0.01,0.53,0.54,80.64,142.2,0.01,0.465,0.535,0.361874,0.638126,72988.92
1775953220524,2026-04-12T00:20:20.524,btc-updown-15m-1775952900,1775953800,Up,75382482427414520525305754099365116099976700289541099671794772733232173913023,34400672126260490653062896037098083926239042304486278032979930681633237080757,0.46,0.47,44.2,71.78,0.01,0.53,0.54,71.78,44.2,0.01,0.465,0.535,0.6189,0.3811,72988.92
1775953221525,2026-04-12T00:20:21.525,btc-updown-15m-1775952900,1775953800,Up,75382482427414520525305754099365116099976700289541099671794772733232173913023,34400672126260490653062896037098083926239042304486278032979930681633237080757,0.46,0.47,44.2,79.0,0.01,0.53,0.54,79.0,44.2,0.01,0.465,0.535,0.641234,0.358766,72988.92
1775953222526,2026-04-12T00:20:22.526,btc-updown-15m-1775952900,1775953800,Up,75382482427414520525305754099365116099976700289541099671794772733232173913023,34400672126260490653062896037098083926239042304486278032979930681633237080757,0.46,0.47,44.2,79.0,0.01,0.53,0.54,79.0,44.2,0.01,0.465,0.535,0.641234,0.358766,72988.92
1775953223526,2026-04-12T00:20:23.526,btc-updown-15m-1775952900,1775953800,Up,75382482427414520525305754099365116099976700289541099671794772733232173913023,34400672126260490653062896037098083926239042304486278032979930681633237080757,0.46,0.47,74.2,26.48,0.01,0.53,0.54,26.48,74.2,0.01,0.465,0.535,0.263012,0.736988,72988.93
1775953224527,2026-04-12T00:20:24.527,btc-updown-15m-1775952900,1775953800,Up,75382482427414520525305754099365116099976700289541099671794772733232173913023,34400672126260490653062896037098083926239042304486278032979930681633237080757,0.46,0.47,44.2,199.41,0.01,0.53,0.54,199.41,44.2,0.01,0.465,0.535,0.818562,0.181438,72988.93
1775953225528,2026-04-12T00:20:25.528,btc-updown-15m-1775952900,1775953800,Up,75382482427414520525305754099365116099976700289541099671794772733232173913023,34400672126260490653062896037098083926239042304486278032979930681633237080757,0.46,0.47,11.2,160.7,0.01,0.53,0.54,160.7,11.2,0.01,0.465,0.535,0.934846,0.065154,72988.93
1775953226530,2026-04-12T00:20:26.530,btc-updown-15m-1775952900,1775953800,Up,75382482427414520525305754099365116099976700289541099671794772733232173913023,34400672126260490653062896037098083926239042304486278032979930681633237080757,0.51,0.52,19.7,63.0,0.01,0.48,0.49,63.0,19.7,0.01,0.515,0.485,0.76179,0.23821,73008.35
1775953227531,2026-04-12T00:20:27.531,btc-updown-15m-1775952900,1775953800,Up,75382482427414520525305754099365116099976700289541099671794772733232173913023,34400672126260490653062896037098083926239042304486278032979930681633237080757,0.56,0.59,6.96,261.62,0.03,0.41,0.44,261.62,6.96,0.03,0.575,0.425,0.974086,0.025914,73008.35
1775953228532,2026-04-12T00:20:28.532,btc-updown-15m-1775952900,1775953800,Up,75382482427414520525305754099365116099976700289541099671794772733232173913023,34400672126260490653062896037098083926239042304486278032979930681633237080757,0.59,0.6,182.5,23.18,0.01,0.4,0.41,23.18,182.5,0.01,0.595,0.405,0.112699,0.887301,73008.35
1775953229532,2026-04-12T00:20:29.532,btc-updown-15m-1775952900,1775953800,Up,75382482427414520525305754099365116099976700289541099671794772733232173913023,34400672126260490653062896037098083926239042304486278032979930681633237080757,0.59,0.6,203.86,14.57,0.01,0.4,0.41,14.57,203.86,0.01,0.595,0.405,0.066703,0.933297,73016.17
1775953230533,2026-04-12T00:20:30.533,btc-updown-15m-1775952900,1775953800,Up,75382482427414520525305754099365116099976700289541099671794772733232173913023,34400672126260490653062896037098083926239042304486278032979930681633237080757,0.59,0.6,188.86,45.14,0.01,0.4,0.41,45.14,188.86,0.01,0.595,0.405,0.192906,0.807094,73016.17
1775953231534,2026-04-12T00:20:31.534,btc-updown-15m-1775952900,1775953800,Up,75382482427414520525305754099365116099976700289541099671794772733232173913023,34400672126260490653062896037098083926239042304486278032979930681633237080757,0.43,0.47,28.22,73.0,0.04,0.53,0.57,73.0,28.22,0.04,0.45,0.55,0.721201,0.278799,73016.17
1775953232535,2026-04-12T00:20:32.535,btc-updown-15m-1775952900,1775953800,Up,75382482427414520525305754099365116099976700289541099671794772733232173913023,34400672126260490653062896037098083926239042304486278032979930681633237080757,0.43,0.45,143.08,215.5,0.02,0.55,0.57,215.5,143.08,0.02,0.44,0.56,0.600982,0.399018,72986.01
1775953233536,2026-04-12T00:20:33.536,btc-updown-15m-1775952900,1775953800,Up,75382482427414520525305754099365116099976700289541099671794772733232173913023,34400672126260490653062896037098083926239042304486278032979930681633237080757,0.44,0.45,5.0,7.5,0.01,0.55,0.56,7.5,5.0,0.01,0.445,0.555,0.6,0.4,72986.01
1775953234537,2026-04-12T00:20:34.537,btc-updown-15m-1775952900,1775953800,Up,75382482427414520525305754099365116099976700289541099671794772733232173913023,34400672126260490653062896037098083926239042304486278032979930681633237080757,0.44,0.46,100.0,52.0,0.02,0.54,0.56,52.0,100.0,0.02,0.45,0.55,0.342105,0.657895,72986.01
1775953235537,2026-04-12T00:20:35.537,btc-updown-15m-1775952900,1775953800,Up,75382482427414520525305754099365116099976700289541099671794772733232173913023,34400672126260490653062896037098083926239042304486278032979930681633237080757,0.45,0.46,198.0,10.0,0.01,0.54,0.55,10.0,198.0,0.01,0.455,0.545,0.048077,0.951923,72986.01
1775953236538,2026-04-12T00:20:36.538,btc-updown-15m-1775952900,1775953800,Up,75382482427414520525305754099365116099976700289541099671794772733232173913023,34400672126260490653062896037098083926239042304486278032979930681633237080757,0.45,0.46,95.0,73.61,0.01,0.54,0.55,73.61,95.0,0.01,0.455,0.545,0.43657,0.56343,72986.01
1775953237539,2026-04-12T00:20:37.539,btc-updown-15m-1775952900,1775953800,Up,75382482427414520525305754099365116099976700289541099671794772733232173913023,34400672126260490653062896037098083926239042304486278032979930681633237080757,0.45,0.46,110.0,73.24,0.01,0.54,0.55,73.24,110.0,0.01,0.455,0.545,0.399694,0.600306,72986.01
1775953238540,2026-04-12T00:20:38.540,btc-updown-15m-1775952900,1775953800,Up,75382482427414520525305754099365116099976700289541099671794772733232173913023,34400672126260490653062896037098083926239042304486278032979930681633237080757,0.45,0.46,45.0,129.5,0.01,0.54,0.55,129.5,45.0,0.01,0.455,0.545,0.74212,0.25788,72986.01
1775953239540,2026-04-12T00:20:39.540,btc-updown-15m-1775952900,1775953800,Up,75382482427414520525305754099365116099976700289541099671794772733232173913023,34400672126260490653062896037098083926239042304486278032979930681633237080757,0.45,0.46,70.0,124.83,0.01,0.54,0.55,124.83,70.0,0.01,0.455,0.545,0.640712,0.359288,72986.01
1775953240541,2026-04-12T00:20:40.541,btc-updown-15m-1775952900,1775953800,Up,75382482427414520525305754099365116099976700289541099671794772733232173913023,34400672126260490653062896037098083926239042304486278032979930681633237080757,0.45,0.46,168.0,45.69,0.01,0.54,0.55,45.69,168.0,0.01,0.455,0.545,0.213814,0.786186,72986.01
1775953241542,2026-04-12T00:20:41.542,btc-updown-15m-1775952900,1775953800,Up,75382482427414520525305754099365116099976700289541099671794772733232173913023,34400672126260490653062896037098083926239042304486278032979930681633237080757,0.45,0.46,168.0,45.69,0.01,0.54,0.55,45.69,168.0,0.01,0.455,0.545,0.213814,0.786186,72986.01
1775953242542,2026-04-12T00:20:42.542,btc-updown-15m-1775952900,1775953800,Up,75382482427414520525305754099365116099976700289541099671794772733232173913023,34400672126260490653062896037098083926239042304486278032979930681633237080757,0.45,0.46,228.0,23.59,0.01,0.54,0.55,23.59,228.0,0.01,0.455,0.545,0.093764,0.906236,72986.01
1775953243543,2026-04-12T00:20:43.543,btc-updown-15m-1775952900,1775953800,Up,75382482427414520525305754099365116099976700289541099671794772733232173913023,34400672126260490653062896037098083926239042304486278032979930681633237080757,0.47,0.49,140.34,94.27,0.02,0.51,0.53,94.27,140.34,0.02,0.48,0.52,0.401816,0.598184,72986.01
1775953244543,2026-04-12T00:20:44.543,btc-updown-15m-1775952900,1775953800,Up,75382482427414520525305754099365116099976700289541099671794772733232173913023,34400672126260490653062896037098083926239042304486278032979930681633237080757,0.47,0.48,13.75,45.11,0.01,0.52,0.53,45.11,13.75,0.01,0.475,0.525,0.766395,0.233605,72993.29
1775953245544,2026-04-12T00:20:45.544,btc-updown-15m-1775952900,1775953800,Up,75382482427414520525305754099365116099976700289541099671794772733232173913023,34400672126260490653062896037098083926239042304486278032979930681633237080757,0.47,0.48,3.75,45.11,0.01,0.52,0.53,45.11,3.75,0.01,0.475,0.525,0.92325,0.07675,72993.29
1775953246546,2026-04-12T00:20:46.546,btc-updown-15m-1775952900,1775953800,Up,75382482427414520525305754099365116099976700289541099671794772733232173913023,34400672126260490653062896037098083926239042304486278032979930681633237080757,0.48,0.5,80.5,98.0,0.02,0.5,0.52,98.0,80.5,0.02,0.49,0.51,0.54902,0.45098,72993.29
1775953247546,2026-04-12T00:20:47.546,btc-updown-15m-1775952900,1775953800,Up,75382482427414520525305754099365116099976700289541099671794772733232173913023,34400672126260490653062896037098083926239042304486278032979930681633237080757,0.48,0.49,10.0,31.9,0.01,0.51,0.52,31.9,10.0,0.01,0.485,0.515,0.761337,0.238663,72993.29
1775953248547,2026-04-12T00:20:48.547,btc-updown-15m-1775952900,1775953800,Up,75382482427414520525305754099365116099976700289541099671794772733232173913023,34400672126260490653062896037098083926239042304486278032979930681633237080757,0.48,0.49,65.0,34.01,0.01,0.51,0.52,34.01,65.0,0.01,0.485,0.515,0.343501,0.656499,72993.29
1775953249548,2026-04-12T00:20:49.548,btc-updown-15m-1775952900,1775953800,Up,75382482427414520525305754099365116099976700289541099671794772733232173913023,34400672126260490653062896037098083926239042304486278032979930681633237080757,0.48,0.49,65.0,34.01,0.01,0.51,0.52,34.01,65.0,0.01,0.485,0.515,0.343501,0.656499,72993.29
1775953250549,2026-04-12T00:20:50.549,btc-updown-15m-1775952900,1775953800,Up,75382482427414520525305754099365116099976700289541099671794772733232173913023,34400672126260490653062896037098083926239042304486278032979930681633237080757,0.51,0.52,13.85,56.93,0.01,0.48,0.49,56.93,13.85,0.01,0.515,0.485,0.804323,0.195677,72999.99
1775953251550,2026-04-12T00:20:51.550,btc-updown-15m-1775952900,1775953800,Up,75382482427414520525305754099365116099976700289541099671794772733232173913023,34400672126260490653062896037098083926239042304486278032979930681633237080757,0.51,0.52,50.0,56.93,0.01,0.48,0.49,56.93,50.0,0.01,0.515,0.485,0.532404,0.467596,72999.99
1775953252551,2026-04-12T00:20:52.551,btc-updown-15m-1775952900,1775953800,Up,75382482427414520525305754099365116099976700289541099671794772733232173913023,34400672126260490653062896037098083926239042304486278032979930681633237080757,0.54,0.55,10.0,36.02,0.01,0.45,0.46,36.02,10.0,0.01,0.545,0.455,0.782703,0.217297,72999.99
1775953253551,2026-04-12T00:20:53.551,btc-updown-15m-1775952900,1775953800,Up,75382482427414520525305754099365116099976700289541099671794772733232173913023,34400672126260490653062896037098083926239042304486278032979930681633237080757,0.57,0.58,12.55,7.72,0.01,0.42,0.43,7.72,12.55,0.01,0.575,0.425,0.380858,0.619142,73012.65
1775953254551,2026-04-12T00:20:54.551,btc-updown-15m-1775952900,1775953800,Up,75382482427414520525305754099365116099976700289541099671794772733232173913023,34400672126260490653062896037098083926239042304486278032979930681633237080757,0.57,0.58,168.41,58.55,0.01,0.42,0.43,58.55,168.41,0.01,0.575,0.425,0.257975,0.742025,73012.65
1775953255552,2026-04-12T00:20:55.552,btc-updown-15m-1775952900,1775953800,Up,75382482427414520525305754099365116099976700289541099671794772733232173913023,34400672126260490653062896037098083926239042304486278032979930681633237080757,0.57,0.58,168.41,58.55,0.01,0.42,0.43,58.55,168.41,0.01,0.575,0.425,0.257975,0.742025,73012.65
1775953256553,2026-04-12T00:20:56.553,btc-updown-15m-1775952900,1775953800,Up,75382482427414520525305754099365116099976700289541099671794772733232173913023,34400672126260490653062896037098083926239042304486278032979930681633237080757,0.56,0.58,77.61,49.73,0.02,0.42,0.44,49.73,77.61,0.02,0.57,0.43,0.390529,0.609471,73012.65
1775953257553,2026-04-12T00:20:57.553,btc-updown-15m-1775952900,1775953800,Up,75382482427414520525305754099365116099976700289541099671794772733232173913023,34400672126260490653062896037098083926239042304486278032979930681633237080757,0.56,0.58,119.63,37.77,0.02,0.42,0.44,37.77,119.63,0.02,0.57,0.43,0.239962,0.760038,73012.65
1775953258554,2026-04-12T00:20:58.554,btc-updown-15m-1775952900,1775953800,Up,75382482427414520525305754099365116099976700289541099671794772733232173913023,34400672126260490653062896037098083926239042304486278032979930681633237080757,0.56,0.58,102.04,37.77,0.02,0.42,0.44,37.77,102.04,0.02,0.57,0.43,0.270152,0.729848,73012.65
1775953259555,2026-04-12T00:20:59.555,btc-updown-15m-1775952900,1775953800,Up,75382482427414520525305754099365116099976700289541099671794772733232173913023,34400672126260490653062896037098083926239042304486278032979930681633237080757,0.57,0.58,20.0,25.0,0.01,0.42,0.43,25.0,20.0,0.01,0.575,0.425,0.555556,0.444444,73012.66
1775953260556,2026-04-12T00:21:00.556,btc-updown-15m-1775952900,1775953800,Up,75382482427414520525305754099365116099976700289541099671794772733232173913023,34400672126260490653062896037098083926239042304486278032979930681633237080757,0.57,0.58,5.0,209.86,0.01,0.42,0.43,209.86,5.0,0.01,0.575,0.425,0.976729,0.023271,73012.66
1775953261556,2026-04-12T00:21:01.556,btc-updown-15m-1775952900,1775953800,Up,75382482427414520525305754099365116099976700289541099671794772733232173913023,34400672126260490653062896037098083926239042304486278032979930681633237080757,0.59,0.6,212.0,24.47,0.01,0.4,0.41,24.47,212.0,0.01,0.595,0.405,0.10348,0.89652,73012.66
1775953262557,2026-04-12T00:21:02.557,btc-updown-15m-1775952900,1775953800,Up,75382482427414520525305754099365116099976700289541099671794772733232173913023,34400672126260490653062896037098083926239042304486278032979930681633237080757,0.58,0.6,235.0,67.5,0.02,0.4,0.42,67.5,235.0,0.02,0.59,0.41,0.22314,0.77686,73019.83
1775953263557,2026-04-12T00:21:03.557,btc-updown-15m-1775952900,1775953800,Up,75382482427414520525305754099365116099976700289541099671794772733232173913023,34400672126260490653062896037098083926239042304486278032979930681633237080757,0.58,0.59,209.21,45.0,0.01,0.41,0.42,45.0,209.21,0.01,0.585,0.415,0.177019,0.822981,73019.83
1775953264558,2026-04-12T00:21:04.558,btc-updown-15m-1775952900,1775953800,Up,75382482427414520525305754099365116099976700289541099671794772733232173913023,34400672126260490653062896037098083926239042304486278032979930681633237080757,0.58,0.59,209.21,45.0,0.01,0.41,0.42,45.0,209.21,0.01,0.585,0.415,0.177019,0.822981,73019.83
1775953265559,2026-04-12T00:21:05.559,btc-updown-15m-1775952900,1775953800,Up,75382482427414520525305754099365116099976700289541099671794772733232173913023,34400672126260490653062896037098083926239042304486278032979930681633237080757,0.58,0.59,196.06,5.0,0.01,0.41,0.42,5.0,196.06,0.01,0.585,0.415,0.024868,0.975132,73016.68
1775953266559,2026-04-12T00:21:06.559,btc-updown-15m-1775952900,1775953800,Up,75382482427414520525305754099365116099976700289541099671794772733232173913023,34400672126260490653062896037098083926239042304486278032979930681633237080757,0.52,0.53,74.89,42.5,0.01,0.47,0.48,95.5,172.43,0.01,0.525,0.475,0.362041,0.643564,73016.68
1775953267561,2026-04-12T00:21:07.561,btc-updown-15m-1775952900,1775953800,Up,75382482427414520525305754099365116099976700289541099671794772733232173913023,34400672126260490653062896037098083926239042304486278032979930681633237080757,0.52,0.53,172.43,95.5,0.01,0.47,0.48,95.5,172.43,0.01,0.525,0.475,0.356436,0.643564,73016.68
1775953268561,2026-04-12T00:21:08.561,btc-updown-15m-1775952900,1775953800,Up,75382482427414520525305754099365116099976700289541099671794772733232173913023,34400672126260490653062896037098083926239042304486278032979930681633237080757,0.52,0.53,204.54,68.76,0.01,0.47,0.48,68.76,204.54,0.01,0.525,0.475,0.251592,0.748408,73006.01
1775953269562,2026-04-12T00:21:09.562,btc-updown-15m-1775952900,1775953800,Up,75382482427414520525305754099365116099976700289541099671794772733232173913023,34400672126260490653062896037098083926239042304486278032979930681633237080757,0.52,0.53,157.9,101.76,0.01,0.47,0.48,101.76,157.9,0.01,0.525,0.475,0.391897,0.608103,73006.01
1775953270563,2026-04-12T00:21:10.563,btc-updown-15m-1775952900,1775953800,Up,75382482427414520525305754099365116099976700289541099671794772733232173913023,34400672126260490653062896037098083926239042304486278032979930681633237080757,0.52,0.53,157.9,101.76,0.01,0.47,0.48,101.76,157.9,0.01,0.525,0.475,0.391897,0.608103,73006.01
1775953271563,2026-04-12T00:21:11.563,btc-updown-15m-1775952900,1775953800,Up,75382482427414520525305754099365116099976700289541099671794772733232173913023,34400672126260490653062896037098083926239042304486278032979930681633237080757,0.52,0.53,157.9,101.76,0.01,0.47,0.48,101.76,157.9,0.01,0.525,0.475,0.391897,0.608103,73006.01
1775953272564,2026-04-12T00:21:12.564,btc-updown-15m-1775952900,1775953800,Up,75382482427414520525305754099365116099976700289541099671794772733232173913023,34400672126260490653062896037098083926239042304486278032979930681633237080757,0.56,0.58,56.1,54.0,0.02,0.42,0.44,54.0,56.1,0.02,0.57,0.43,0.490463,0.509537,73006.01
1775953273565,2026-04-12T00:21:13.565,btc-updown-15m-1775952900,1775953800,Up,75382482427414520525305754099365116099976700289541099671794772733232173913023,34400672126260490653062896037098083926239042304486278032979930681633237080757,0.56,0.58,81.69,20.0,0.02,0.42,0.44,20.0,81.69,0.02,0.57,0.43,0.196676,0.803324,73006.01
1775953274566,2026-04-12T00:21:14.566,btc-updown-15m-1775952900,1775953800,Up,75382482427414520525305754099365116099976700289541099671794772733232173913023,34400672126260490653062896037098083926239042304486278032979930681633237080757,0.56,0.57,13.24,20.0,0.01,0.43,0.44,20.0,13.24,0.01,0.565,0.435,0.601685,0.398315,73009.22
1775953275567,2026-04-12T00:21:15.567,btc-updown-15m-1775952900,1775953800,Up,75382482427414520525305754099365116099976700289541099671794772733232173913023,34400672126260490653062896037098083926239042304486278032979930681633237080757,0.56,0.57,10.0,9.88,0.01,0.43,0.44,9.88,10.0,0.01,0.565,0.435,0.496982,0.503018,73009.22
1775953276567,2026-04-12T00:21:16.567,btc-updown-15m-1775952900,1775953800,Up,75382482427414520525305754099365116099976700289541099671794772733232173913023,34400672126260490653062896037098083926239042304486278032979930681633237080757,0.55,0.58,232.29,138.27,0.03,0.42,0.45,138.27,232.29,0.03,0.565,0.435,0.373138,0.626862,73009.22
1775953277568,2026-04-12T00:21:17.568,btc-updown-15m-1775952900,1775953800,Up,75382482427414520525305754099365116099976700289541099671794772733232173913023,34400672126260490653062896037098083926239042304486278032979930681633237080757,0.55,0.58,222.29,64.07,0.03,0.42,0.45,64.07,222.29,0.03,0.565,0.435,0.223739,0.776261,73009.22
1775953278568,2026-04-12T00:21:18.568,btc-updown-15m-1775952900,1775953800,Up,75382482427414520525305754099365116099976700289541099671794772733232173913023,34400672126260490653062896037098083926239042304486278032979930681633237080757,0.55,0.58,222.29,64.07,0.03,0.42,0.45,64.07,222.29,0.03,0.565,0.435,0.223739,0.776261,73009.22
1775953279569,2026-04-12T00:21:19.569,btc-updown-15m-1775952900,1775953800,Up,75382482427414520525305754099365116099976700289541099671794772733232173913023,34400672126260490653062896037098083926239042304486278032979930681633237080757,0.58,0.59,24.39,30.0,0.01,0.41,0.42,30.0,24.39,0.01,0.585,0.415,0.551572,0.448428,73009.22
1775953280570,2026-04-12T00:21:20.570,btc-updown-15m-1775952900,1775953800,Up,75382482427414520525305754099365116099976700289541099671794772733232173913023,34400672126260490653062896037098083926239042304486278032979930681633237080757,0.58,0.59,24.39,30.0,0.01,0.41,0.42,30.0,24.39,0.01,0.585,0.415,0.551572,0.448428,73014.82
1775953281571,2026-04-12T00:21:21.571,btc-updown-15m-1775952900,1775953800,Up,75382482427414520525305754099365116099976700289541099671794772733232173913023,34400672126260490653062896037098083926239042304486278032979930681633237080757,0.52,0.54,82.0,13.29,0.02,0.46,0.48,13.29,82.0,0.02,0.53,0.47,0.139469,0.860531,73014.82
1775953282572,2026-04-12T00:21:22.572,btc-updown-15m-1775952900,1775953800,Up,75382482427414520525305754099365116099976700289541099671794772733232173913023,34400672126260490653062896037098083926239042304486278032979930681633237080757,0.52,0.53,158.0,50.29,0.01,0.47,0.48,50.29,158.0,0.01,0.525,0.475,0.241442,0.758558,73014.82
1775953283572,2026-04-12T00:21:23.572,btc-updown-15m-1775952900,1775953800,Up,75382482427414520525305754099365116099976700289541099671794772733232173913023,34400672126260490653062896037098083926239042304486278032979930681633237080757,0.52,0.53,188.0,41.72,0.01,0.47,0.48,41.72,188.0,0.01,0.525,0.475,0.181612,0.818388,73000.01
1775953284573,2026-04-12T00:21:24.573,btc-updown-15m-1775952900,1775953800,Up,75382482427414520525305754099365116099976700289541099671794772733232173913023,34400672126260490653062896037098083926239042304486278032979930681633237080757,0.52,0.53,188.0,41.72,0.01,0.47,0.48,41.72,188.0,0.01,0.525,0.475,0.181612,0.818388,73000.01
1775953285573,2026-04-12T00:21:25.573,btc-updown-15m-1775952900,1775953800,Up,75382482427414520525305754099365116099976700289541099671794772733232173913023,34400672126260490653062896037098083926239042304486278032979930681633237080757,0.51,0.52,4.23,141.41,0.01,0.48,0.49,141.41,4.23,0.01,0.515,0.485,0.970956,0.029044,73000.01
1775953286575,2026-04-12T00:21:26.575,btc-updown-15m-1775952900,1775953800,Up,75382482427414520525305754099365116099976700289541099671794772733232173913023,34400672126260490653062896037098083926239042304486278032979930681633237080757,0.51,0.52,4.23,141.41,0.01,0.48,0.49,141.41,4.23,0.01,0.515,0.485,0.970956,0.029044,73000.0
1775953287577,2026-04-12T00:21:27.577,btc-updown-15m-1775952900,1775953800,Up,75382482427414520525305754099365116099976700289541099671794772733232173913023,34400672126260490653062896037098083926239042304486278032979930681633237080757,0.51,0.52,4.23,141.41,0.01,0.48,0.49,141.41,4.23,0.01,0.515,0.485,0.970956,0.029044,73000.0
1775953288577,2026-04-12T00:21:28.577,btc-updown-15m-1775952900,1775953800,Up,75382482427414520525305754099365116099976700289541099671794772733232173913023,34400672126260490653062896037098083926239042304486278032979930681633237080757,0.51,0.52,4.23,141.41,0.01,0.48,0.49,141.41,4.23,0.01,0.515,0.485,0.970956,0.029044,73000.0
1775953289578,2026-04-12T00:21:29.578,btc-updown-15m-1775952900,1775953800,Up,75382482427414520525305754099365116099976700289541099671794772733232173913023,34400672126260490653062896037098083926239042304486278032979930681633237080757,0.51,0.52,66.23,55.97,0.01,0.48,0.49,55.97,66.23,0.01,0.515,0.485,0.45802,0.54198,73000.01
1775953290578,2026-04-12T00:21:30.578,btc-updown-15m-1775952900,1775953800,Up,75382482427414520525305754099365116099976700289541099671794772733232173913023,34400672126260490653062896037098083926239042304486278032979930681633237080757,0.57,0.59,8.27,85.5,0.02,0.42,0.43,101.71,15.0,0.01,0.58,0.425,0.911805,0.128524,73000.01
1775953291579,2026-04-12T00:21:31.579,btc-updown-15m-1775952900,1775953800,Up,75382482427414520525305754099365116099976700289541099671794772733232173913023,34400672126260490653062896037098083926239042304486278032979930681633237080757,0.59,0.61,49.0,110.5,0.02,0.39,0.41,110.5,49.0,0.02,0.6,0.4,0.69279,0.30721,73000.01
1775953292580,2026-04-12T00:21:32.580,btc-updown-15m-1775952900,1775953800,Up,75382482427414520525305754099365116099976700289541099671794772733232173913023,34400672126260490653062896037098083926239042304486278032979930681633237080757,0.59,0.61,24.0,100.5,0.02,0.39,0.41,100.5,24.0,0.02,0.6,0.4,0.807229,0.192771,73018.33
1775953293580,2026-04-12T00:21:33.580,btc-updown-15m-1775952900,1775953800,Up,75382482427414520525305754099365116099976700289541099671794772733232173913023,34400672126260490653062896037098083926239042304486278032979930681633237080757,0.59,0.61,24.0,100.5,0.02,0.39,0.41,100.5,24.0,0.02,0.6,0.4,0.807229,0.192771,73018.33
1775953294581,2026-04-12T00:21:34.581,btc-updown-15m-1775952900,1775953800,Up,75382482427414520525305754099365116099976700289541099671794772733232173913023,34400672126260490653062896037098083926239042304486278032979930681633237080757,0.59,0.6,10.0,10.0,0.01,0.4,0.41,10.0,10.0,0.01,0.595,0.405,0.5,0.5,73018.33
1775953295582,2026-04-12T00:21:35.582,btc-updown-15m-1775952900,1775953800,Up,75382482427414520525305754099365116099976700289541099671794772733232173913023,34400672126260490653062896037098083926239042304486278032979930681633237080757,0.59,0.6,15.0,42.56,0.01,0.4,0.41,42.56,15.0,0.01,0.595,0.405,0.739402,0.260598,73018.33
1775953296583,2026-04-12T00:21:36.583,btc-updown-15m-1775952900,1775953800,Up,75382482427414520525305754099365116099976700289541099671794772733232173913023,34400672126260490653062896037098083926239042304486278032979930681633237080757,0.59,0.6,15.0,42.56,0.01,0.4,0.41,42.56,15.0,0.01,0.595,0.405,0.739402,0.260598,73018.33
1775953297584,2026-04-12T00:21:37.584,btc-updown-15m-1775952900,1775953800,Up,75382482427414520525305754099365116099976700289541099671794772733232173913023,34400672126260490653062896037098083926239042304486278032979930681633237080757,0.59,0.61,22.57,203.73,0.02,0.39,0.41,218.73,8.36,0.02,0.6,0.4,0.900265,0.036814,73018.33
1775953298585,2026-04-12T00:21:38.585,btc-updown-15m-1775952900,1775953800,Up,75382482427414520525305754099365116099976700289541099671794772733232173913023,34400672126260490653062896037098083926239042304486278032979930681633237080757,0.6,0.62,45.0,105.5,0.02,0.38,0.4,105.5,45.0,0.02,0.61,0.39,0.700997,0.299003,73019.99
1775953299585,2026-04-12T00:21:39.585,btc-updown-15m-1775952900,1775953800,Up,75382482427414520525305754099365116099976700289541099671794772733232173913023,34400672126260490653062896037098083926239042304486278032979930681633237080757,0.61,0.62,40.0,261.74,0.01,0.38,0.39,261.74,40.0,0.01,0.615,0.385,0.867436,0.132564,73019.99
1775953300586,2026-04-12T00:21:40.586,btc-updown-15m-1775952900,1775953800,Up,75382482427414520525305754099365116099976700289541099671794772733232173913023,34400672126260490653062896037098083926239042304486278032979930681633237080757,0.62,0.63,45.0,62.19,0.01,0.37,0.38,62.19,45.0,0.01,0.625,0.375,0.580185,0.419815,73019.99
1775953301586,2026-04-12T00:21:41.586,btc-updown-15m-1775952900,1775953800,Up,75382482427414520525305754099365116099976700289541099671794772733232173913023,34400672126260490653062896037098083926239042304486278032979930681633237080757,0.62,0.63,25.0,134.93,0.01,0.37,0.38,134.93,25.0,0.01,0.625,0.375,0.843682,0.156318,73025.01
1775953302587,2026-04-12T00:21:42.587,btc-updown-15m-1775952900,1775953800,Up,75382482427414520525305754099365116099976700289541099671794772733232173913023,34400672126260490653062896037098083926239042304486278032979930681633237080757,0.62,0.63,80.0,103.96,0.01,0.37,0.38,103.96,80.0,0.01,0.625,0.375,0.565123,0.434877,73025.01
1775953303587,2026-04-12T00:21:43.587,btc-updown-15m-1775952900,1775953800,Up,75382482427414520525305754099365116099976700289541099671794772733232173913023,34400672126260490653062896037098083926239042304486278032979930681633237080757,0.62,0.63,76.24,100.84,0.01,0.37,0.38,120.84,23.47,0.01,0.625,0.375,0.56946,0.162636,73025.01
1775953304588,2026-04-12T00:21:44.588,btc-updown-15m-1775952900,1775953800,Up,75382482427414520525305754099365116099976700289541099671794772733232173913023,34400672126260490653062896037098083926239042304486278032979930681633237080757,0.62,0.63,28.47,113.8,0.01,0.37,0.38,113.8,28.47,0.01,0.625,0.375,0.799888,0.200112,73025.01
1775953305588,2026-04-12T00:21:45.588,btc-updown-15m-1775952900,1775953800,Up,75382482427414520525305754099365116099976700289541099671794772733232173913023,34400672126260490653062896037098083926239042304486278032979930681633237080757,0.62,0.63,23.47,245.14,0.01,0.37,0.38,245.14,23.47,0.01,0.625,0.375,0.912624,0.087376,73025.01
1775953306589,2026-04-12T00:21:46.589,btc-updown-15m-1775952900,1775953800,Up,75382482427414520525305754099365116099976700289541099671794772733232173913023,34400672126260490653062896037098083926239042304486278032979930681633237080757,0.62,0.63,0.23,159.56,0.01,0.37,0.38,159.56,0.23,0.01,0.625,0.375,0.998561,0.001439,73025.01
1775953307590,2026-04-12T00:21:47.590,btc-updown-15m-1775952900,1775953800,Up,75382482427414520525305754099365116099976700289541099671794772733232173913023,34400672126260490653062896037098083926239042304486278032979930681633237080757,0.62,0.63,0.23,159.56,0.01,0.37,0.38,159.56,0.23,0.01,0.625,0.375,0.998561,0.001439,73026.14
1775953308591,2026-04-12T00:21:48.591,btc-updown-15m-1775952900,1775953800,Up,75382482427414520525305754099365116099976700289541099671794772733232173913023,34400672126260490653062896037098083926239042304486278032979930681633237080757,0.62,0.63,0.23,159.56,0.01,0.37,0.38,159.56,0.23,0.01,0.625,0.375,0.998561,0.001439,73026.14
1775953309592,2026-04-12T00:21:49.592,btc-updown-15m-1775952900,1775953800,Up,75382482427414520525305754099365116099976700289541099671794772733232173913023,34400672126260490653062896037098083926239042304486278032979930681633237080757,0.62,0.63,0.23,155.25,0.01,0.37,0.38,155.25,0.23,0.01,0.625,0.375,0.998521,0.001479,73026.14
1775953310592,2026-04-12T00:21:50.592,btc-updown-15m-1775952900,1775953800,Up,75382482427414520525305754099365116099976700289541099671794772733232173913023,34400672126260490653062896037098083926239042304486278032979930681633237080757,0.62,0.63,0.23,460.38,0.01,0.37,0.38,460.38,0.23,0.01,0.625,0.375,0.999501,0.000499,73033.13
1775953311593,2026-04-12T00:21:51.593,btc-updown-15m-1775952900,1775953800,Up,75382482427414520525305754099365116099976700289541099671794772733232173913023,34400672126260490653062896037098083926239042304486278032979930681633237080757,0.66,0.68,45.77,19.99,0.02,0.32,0.34,19.99,45.77,0.02,0.67,0.33,0.303984,0.696016,73033.13
1775953312594,2026-04-12T00:21:52.594,btc-updown-15m-1775952900,1775953800,Up,75382482427414520525305754099365116099976700289541099671794772733232173913023,34400672126260490653062896037098083926239042304486278032979930681633237080757,0.68,0.69,132.75,40.7,0.01,0.31,0.32,40.7,132.75,0.01,0.685,0.315,0.23465,0.76535,73033.13
1775953313594,2026-04-12T00:21:53.594,btc-updown-15m-1775952900,1775953800,Up,75382482427414520525305754099365116099976700289541099671794772733232173913023,34400672126260490653062896037098083926239042304486278032979930681633237080757,0.68,0.69,132.75,40.7,0.01,0.31,0.32,40.7,132.75,0.01,0.685,0.315,0.23465,0.76535,73033.14
1775953314595,2026-04-12T00:21:54.595,btc-updown-15m-1775952900,1775953800,Up,75382482427414520525305754099365116099976700289541099671794772733232173913023,34400672126260490653062896037098083926239042304486278032979930681633237080757,0.68,0.69,63.54,50.0,0.01,0.31,0.32,50.0,63.54,0.01,0.685,0.315,0.440373,0.559627,73033.14
1775953315596,2026-04-12T00:21:55.596,btc-updown-15m-1775952900,1775953800,Up,75382482427414520525305754099365116099976700289541099671794772733232173913023,34400672126260490653062896037098083926239042304486278032979930681633237080757,0.69,0.7,50.17,93.87,0.01,0.3,0.31,93.87,50.17,0.01,0.695,0.305,0.651694,0.348306,73033.14
1775953316596,2026-04-12T00:21:56.596,btc-updown-15m-1775952900,1775953800,Up,75382482427414520525305754099365116099976700289541099671794772733232173913023,34400672126260490653062896037098083926239042304486278032979930681633237080757,0.7,0.71,308.12,41.69,0.01,0.29,0.3,41.69,308.12,0.01,0.705,0.295,0.119179,0.880821,73040.44
1775953317598,2026-04-12T00:21:57.598,btc-updown-15m-1775952900,1775953800,Up,75382482427414520525305754099365116099976700289541099671794772733232173913023,34400672126260490653062896037098083926239042304486278032979930681633237080757,0.69,0.71,100.39,721.27,0.02,0.29,0.31,721.27,100.39,0.02,0.7,0.3,0.877821,0.122179,73040.44
1775953318599,2026-04-12T00:21:58.599,btc-updown-15m-1775952900,1775953800,Up,75382482427414520525305754099365116099976700289541099671794772733232173913023,34400672126260490653062896037098083926239042304486278032979930681633237080757,0.7,0.71,12.16,273.5,0.01,0.29,0.3,273.5,12.16,0.01,0.705,0.295,0.957432,0.042568,73040.44
1775953319600,2026-04-12T00:21:59.600,btc-updown-15m-1775952900,1775953800,Up,75382482427414520525305754099365116099976700289541099671794772733232173913023,34400672126260490653062896037098083926239042304486278032979930681633237080757,0.7,0.71,7.16,81.41,0.01,0.29,0.3,81.41,7.16,0.01,0.705,0.295,0.91916,0.08084,73040.45
1775953320601,2026-04-12T00:22:00.601,btc-updown-15m-1775952900,1775953800,Up,75382482427414520525305754099365116099976700289541099671794772733232173913023,34400672126260490653062896037098083926239042304486278032979930681633237080757,0.7,0.72,4.92,267.91,0.02,0.27,0.29,138.0,29.92,0.02,0.71,0.28,0.981967,0.17818,73040.45
1775953321601,2026-04-12T00:22:01.601,btc-updown-15m-1775952900,1775953800,Up,75382482427414520525305754099365116099976700289541099671794772733232173913023,34400672126260490653062896037098083926239042304486278032979930681633237080757,0.72,0.73,12.45,200.5,0.01,0.27,0.28,200.5,12.45,0.01,0.725,0.275,0.941536,0.058464,73040.45
1775953322602,2026-04-12T00:22:02.602,btc-updown-15m-1775952900,1775953800,Up,75382482427414520525305754099365116099976700289541099671794772733232173913023,34400672126260490653062896037098083926239042304486278032979930681633237080757,0.72,0.74,275.98,22.85,0.02,0.26,0.28,22.85,275.98,0.02,0.73,0.27,0.076465,0.923535,73048.66
1775953323603,2026-04-12T00:22:03.603,btc-updown-15m-1775952900,1775953800,Up,75382482427414520525305754099365116099976700289541099671794772733232173913023,34400672126260490653062896037098083926239042304486278032979930681633237080757,0.7,0.72,49.82,121.18,0.02,0.28,0.3,121.18,49.82,0.02,0.71,0.29,0.708655,0.291345,73048.66
1775953324603,2026-04-12T00:22:04.603,btc-updown-15m-1775952900,1775953800,Up,75382482427414520525305754099365116099976700289541099671794772733232173913023,34400672126260490653062896037098083926239042304486278032979930681633237080757,0.7,0.71,66.03,84.94,0.01,0.29,0.3,84.94,66.03,0.01,0.705,0.295,0.562628,0.437372,73048.66
1775953325604,2026-04-12T00:22:05.604,btc-updown-15m-1775952900,1775953800,Up,75382482427414520525305754099365116099976700289541099671794772733232173913023,34400672126260490653062896037098083926239042304486278032979930681633237080757,0.7,0.71,19.83,108.27,0.01,0.29,0.3,108.27,19.83,0.01,0.705,0.295,0.845199,0.154801,73048.65
1775953326605,2026-04-12T00:22:06.605,btc-updown-15m-1775952900,1775953800,Up,75382482427414520525305754099365116099976700289541099671794772733232173913023,34400672126260490653062896037098083926239042304486278032979930681633237080757,0.7,0.71,74.99,41.6,0.01,0.29,0.3,41.6,74.99,0.01,0.705,0.295,0.356806,0.643194,73048.65
1775953327606,2026-04-12T00:22:07.606,btc-updown-15m-1775952900,1775953800,Up,75382482427414520525305754099365116099976700289541099671794772733232173913023,34400672126260490653062896037098083926239042304486278032979930681633237080757,0.7,0.71,19.02,192.0,0.01,0.29,0.3,192.0,19.02,0.01,0.705,0.295,0.909866,0.090134,73048.65
1775953328607,2026-04-12T00:22:08.607,btc-updown-15m-1775952900,1775953800,Up,75382482427414520525305754099365116099976700289541099671794772733232173913023,34400672126260490653062896037098083926239042304486278032979930681633237080757,0.7,0.72,99.68,182.0,0.02,0.28,0.3,182.0,99.68,0.02,0.71,0.29,0.646123,0.353877,73048.64
1775953329608,2026-04-12T00:22:09.608,btc-updown-15m-1775952900,1775953800,Up,75382482427414520525305754099365116099976700289541099671794772733232173913023,34400672126260490653062896037098083926239042304486278032979930681633237080757,0.71,0.72,81.76,97.73,0.01,0.28,0.29,97.73,81.76,0.01,0.715,0.285,0.544487,0.455513,73048.64
1775953330609,2026-04-12T00:22:10.609,btc-updown-15m-1775952900,1775953800,Up,75382482427414520525305754099365116099976700289541099671794772733232173913023,34400672126260490653062896037098083926239042304486278032979930681633237080757,0.71,0.73,27.39,142.73,0.02,0.27,0.29,142.73,27.39,0.02,0.72,0.28,0.838996,0.161004,73048.64
1775953331610,2026-04-12T00:22:11.610,btc-updown-15m-1775952900,1775953800,Up,75382482427414520525305754099365116099976700289541099671794772733232173913023,34400672126260490653062896037098083926239042304486278032979930681633237080757,0.71,0.73,35.21,142.73,0.02,0.27,0.29,142.73,35.21,0.02,0.72,0.28,0.802124,0.197876,73048.64
1775953332611,2026-04-12T00:22:12.611,btc-updown-15m-1775952900,1775953800,Up,75382482427414520525305754099365116099976700289541099671794772733232173913023,34400672126260490653062896037098083926239042304486278032979930681633237080757,0.73,0.74,33.48,19.37,0.01,0.26,0.27,19.37,33.48,0.01,0.735,0.265,0.366509,0.633491,73048.64
1775953333611,2026-04-12T00:22:13.611,btc-updown-15m-1775952900,1775953800,Up,75382482427414520525305754099365116099976700289541099671794772733232173913023,34400672126260490653062896037098083926239042304486278032979930681633237080757,0.72,0.74,127.56,125.0,0.02,0.26,0.28,125.0,127.56,0.02,0.73,0.27,0.494932,0.505068,73048.64
1775953334612,2026-04-12T00:22:14.612,btc-updown-15m-1775952900,1775953800,Up,75382482427414520525305754099365116099976700289541099671794772733232173913023,34400672126260490653062896037098083926239042304486278032979930681633237080757,0.73,0.74,122.56,75.2,0.01,0.26,0.27,75.2,122.56,0.01,0.735,0.265,0.380259,0.619741,73048.64
1775953335612,2026-04-12T00:22:15.612,btc-updown-15m-1775952900,1775953800,Up,75382482427414520525305754099365116099976700289541099671794772733232173913023,34400672126260490653062896037098083926239042304486278032979930681633237080757,0.73,0.74,122.56,24.73,0.01,0.26,0.27,24.73,122.56,0.01,0.735,0.265,0.1679,0.8321,73048.64
1775953336612,2026-04-12T00:22:16.612,btc-updown-15m-1775952900,1775953800,Up,75382482427414520525305754099365116099976700289541099671794772733232173913023,34400672126260490653062896037098083926239042304486278032979930681633237080757,0.73,0.74,122.56,24.73,0.01,0.26,0.27,24.73,122.56,0.01,0.735,0.265,0.1679,0.8321,73048.64
1775953337613,2026-04-12T00:22:17.613,btc-updown-15m-1775952900,1775953800,Up,75382482427414520525305754099365116099976700289541099671794772733232173913023,34400672126260490653062896037098083926239042304486278032979930681633237080757,0.75,0.76,23.42,50.2,0.01,0.24,0.25,50.2,23.42,0.01,0.755,0.245,0.68188,0.31812,73048.65
1775953338614,2026-04-12T00:22:18.614,btc-updown-15m-1775952900,1775953800,Up,75382482427414520525305754099365116099976700289541099671794772733232173913023,34400672126260490653062896037098083926239042304486278032979930681633237080757,0.69,0.71,68.01,68.19,0.02,0.29,0.31,68.19,68.01,0.02,0.7,0.3,0.500661,0.499339,73048.65
1775953339622,2026-04-12T00:22:19.622,btc-updown-15m-1775952900,1775953800,Up,75382482427414520525305754099365116099976700289541099671794772733232173913023,34400672126260490653062896037098083926239042304486278032979930681633237080757,0.7,0.71,33.15,20.0,0.01,0.29,0.3,20.0,33.15,0.01,0.705,0.295,0.376294,0.623706,73048.65
1775953340622,2026-04-12T00:22:20.622,btc-updown-15m-1775952900,1775953800,Up,75382482427414520525305754099365116099976700289541099671794772733232173913023,34400672126260490653062896037098083926239042304486278032979930681633237080757,0.7,0.71,33.15,20.0,0.01,0.29,0.3,20.0,33.15,0.01,0.705,0.295,0.376294,0.623706,73038.91
1775953341622,2026-04-12T00:22:21.622,btc-updown-15m-1775952900,1775953800,Up,75382482427414520525305754099365116099976700289541099671794772733232173913023,34400672126260490653062896037098083926239042304486278032979930681633237080757,0.61,0.62,110.12,3.85,0.01,0.38,0.39,3.85,110.12,0.01,0.615,0.385,0.033781,0.966219,73038.91
1775953342622,2026-04-12T00:22:22.622,btc-updown-15m-1775952900,1775953800,Up,75382482427414520525305754099365116099976700289541099671794772733232173913023,34400672126260490653062896037098083926239042304486278032979930681633237080757,0.58,0.59,50.0,11.95,0.01,0.41,0.42,11.95,50.0,0.01,0.585,0.415,0.192897,0.807103,73038.91
1775953343623,2026-04-12T00:22:23.623,btc-updown-15m-1775952900,1775953800,Up,75382482427414520525305754099365116099976700289541099671794772733232173913023,34400672126260490653062896037098083926239042304486278032979930681633237080757,0.58,0.59,69.54,53.56,0.01,0.41,0.42,53.56,69.54,0.01,0.585,0.415,0.435093,0.564907,73019.29
1775953344624,2026-04-12T00:22:24.624,btc-updown-15m-1775952900,1775953800,Up,75382482427414520525305754099365116099976700289541099671794772733232173913023,34400672126260490653062896037098083926239042304486278032979930681633237080757,0.58,0.59,34.91,78.56,0.01,0.41,0.42,78.56,34.91,0.01,0.585,0.415,0.692342,0.307658,73019.29
1775953345624,2026-04-12T00:22:25.624,btc-updown-15m-1775952900,1775953800,Up,75382482427414520525305754099365116099976700289541099671794772733232173913023,34400672126260490653062896037098083926239042304486278032979930681633237080757,0.59,0.6,157.0,76.2,0.01,0.4,0.41,76.2,157.0,0.01,0.595,0.405,0.326758,0.673242,73019.29
1775953346625,2026-04-12T00:22:26.625,btc-updown-15m-1775952900,1775953800,Up,75382482427414520525305754099365116099976700289541099671794772733232173913023,34400672126260490653062896037098083926239042304486278032979930681633237080757,0.59,0.6,157.0,76.2,0.01,0.4,0.41,76.2,157.0,0.01,0.595,0.405,0.326758,0.673242,73019.28
1775953347625,2026-04-12T00:22:27.625,btc-updown-15m-1775952900,1775953800,Up,75382482427414520525305754099365116099976700289541099671794772733232173913023,34400672126260490653062896037098083926239042304486278032979930681633237080757,0.59,0.6,182.0,101.2,0.01,0.4,0.41,101.2,182.0,0.01,0.595,0.405,0.357345,0.642655,73019.28
1775953348627,2026-04-12T00:22:28.627,btc-updown-15m-1775952900,1775953800,Up,75382482427414520525305754099365116099976700289541099671794772733232173913023,34400672126260490653062896037098083926239042304486278032979930681633237080757,0.59,0.6,182.0,101.2,0.01,0.4,0.41,101.2,182.0,0.01,0.595,0.405,0.357345,0.642655,73019.28
1775953349627,2026-04-12T00:22:29.627,btc-updown-15m-1775952900,1775953800,Up,75382482427414520525305754099365116099976700289541099671794772733232173913023,34400672126260490653062896037098083926239042304486278032979930681633237080757,0.59,0.6,249.5,12.56,0.01,0.4,0.41,12.56,249.5,0.01,0.595,0.405,0.047928,0.952072,73019.29
1775953350628,2026-04-12T00:22:30.628,btc-updown-15m-1775952900,1775953800,Up,75382482427414520525305754099365116099976700289541099671794772733232173913023,34400672126260490653062896037098083926239042304486278032979930681633237080757,0.58,0.59,15.91,176.56,0.01,0.41,0.42,176.56,15.91,0.01,0.585,0.415,0.917338,0.082662,73019.29
1775953351629,2026-04-12T00:22:31.629,btc-updown-15m-1775952900,1775953800,Up,75382482427414520525305754099365116099976700289541099671794772733232173913023,34400672126260490653062896037098083926239042304486278032979930681633237080757,0.58,0.59,15.91,176.56,0.01,0.41,0.42,176.56,15.91,0.01,0.585,0.415,0.917338,0.082662,73019.29
1775953352630,2026-04-12T00:22:32.630,btc-updown-15m-1775952900,1775953800,Up,75382482427414520525305754099365116099976700289541099671794772733232173913023,34400672126260490653062896037098083926239042304486278032979930681633237080757,0.61,0.63,40.0,201.93,0.02,0.37,0.39,201.93,40.0,0.02,0.62,0.38,0.834663,0.165337,73019.29
1775953353631,2026-04-12T00:22:33.631,btc-updown-15m-1775952900,1775953800,Up,75382482427414520525305754099365116099976700289541099671794772733232173913023,34400672126260490653062896037098083926239042304486278032979930681633237080757,0.62,0.63,55.0,15.64,0.01,0.37,0.38,15.64,55.0,0.01,0.625,0.375,0.221404,0.778596,73019.29
1775953354631,2026-04-12T00:22:34.631,btc-updown-15m-1775952900,1775953800,Up,75382482427414520525305754099365116099976700289541099671794772733232173913023,34400672126260490653062896037098083926239042304486278032979930681633237080757,0.62,0.63,57.99,83.64,0.01,0.37,0.38,83.64,57.99,0.01,0.625,0.375,0.590553,0.409447,73019.29
1775953355632,2026-04-12T00:22:35.632,btc-updown-15m-1775952900,1775953800,Up,75382482427414520525305754099365116099976700289541099671794772733232173913023,34400672126260490653062896037098083926239042304486278032979930681633237080757,0.62,0.63,56.4,93.64,0.01,0.37,0.38,93.64,56.4,0.01,0.625,0.375,0.6241,0.3759,73019.28
1775953356633,2026-04-12T00:22:36.633,btc-updown-15m-1775952900,1775953800,Up,75382482427414520525305754099365116099976700289541099671794772733232173913023,34400672126260490653062896037098083926239042304486278032979930681633237080757,0.62,0.63,56.4,93.64,0.01,0.37,0.38,93.64,56.4,0.01,0.625,0.375,0.6241,0.3759,73019.28
1775953357634,2026-04-12T00:22:37.634,btc-updown-15m-1775952900,1775953800,Up,75382482427414520525305754099365116099976700289541099671794772733232173913023,34400672126260490653062896037098083926239042304486278032979930681633237080757,0.62,0.63,40.4,210.98,0.01,0.37,0.38,210.98,40.4,0.01,0.625,0.375,0.839287,0.160713,73019.28
1775953358634,2026-04-12T00:22:38.634,btc-updown-15m-1775952900,1775953800,Up,75382482427414520525305754099365116099976700289541099671794772733232173913023,34400672126260490653062896037098083926239042304486278032979930681633237080757,0.62,0.63,40.4,119.98,0.01,0.37,0.38,119.98,40.4,0.01,0.625,0.375,0.748098,0.251902,73019.29
1775953359636,2026-04-12T00:22:39.636,btc-updown-15m-1775952900,1775953800,Up,75382482427414520525305754099365116099976700289541099671794772733232173913023,34400672126260490653062896037098083926239042304486278032979930681633237080757,0.64,0.66,93.07,45.0,0.02,0.34,0.36,45.0,93.07,0.02,0.65,0.35,0.325922,0.674078,73019.29
1775953360636,2026-04-12T00:22:40.636,btc-updown-15m-1775952900,1775953800,Up,75382482427414520525305754099365116099976700289541099671794772733232173913023,34400672126260490653062896037098083926239042304486278032979930681633237080757,0.71,0.72,30.79,85.0,0.01,0.28,0.29,85.0,30.79,0.01,0.715,0.285,0.734088,0.265912,73019.29
1775953361637,2026-04-12T00:22:41.637,btc-updown-15m-1775952900,1775953800,Up,75382482427414520525305754099365116099976700289541099671794772733232173913023,34400672126260490653062896037098083926239042304486278032979930681633237080757,0.71,0.72,77.4,91.64,0.01,0.28,0.29,91.64,77.4,0.01,0.715,0.285,0.54212,0.45788,73037.43
1775953362638,2026-04-12T00:22:42.638,btc-updown-15m-1775952900,1775953800,Up,75382482427414520525305754099365116099976700289541099671794772733232173913023,34400672126260490653062896037098083926239042304486278032979930681633237080757,0.71,0.72,215.4,1.64,0.01,0.28,0.29,1.64,215.4,0.01,0.715,0.285,0.007556,0.992444,73037.43
1775953363638,2026-04-12T00:22:43.638,btc-updown-15m-1775952900,1775953800,Up,75382482427414520525305754099365116099976700289541099671794772733232173913023,34400672126260490653062896037098083926239042304486278032979930681633237080757,0.69,0.7,27.0,60.03,0.01,0.3,0.31,60.03,27.0,0.01,0.695,0.305,0.689762,0.310238,73037.43
1775953364639,2026-04-12T00:22:44.639,btc-updown-15m-1775952900,1775953800,Up,75382482427414520525305754099365116099976700289541099671794772733232173913023,34400672126260490653062896037098083926239042304486278032979930681633237080757,0.7,0.72,155.35,6.66,0.02,0.28,0.3,6.66,155.35,0.02,0.71,0.29,0.041109,0.958891,73037.42
1775953365640,2026-04-12T00:22:45.640,btc-updown-15m-1775952900,1775953800,Up,75382482427414520525305754099365116099976700289541099671794772733232173913023,34400672126260490653062896037098083926239042304486278032979930681633237080757,0.7,0.72,155.35,6.66,0.02,0.28,0.3,6.66,155.35,0.02,0.71,0.29,0.041109,0.958891,73037.42
1775953366640,2026-04-12T00:22:46.640,btc-updown-15m-1775952900,1775953800,Up,75382482427414520525305754099365116099976700289541099671794772733232173913023,34400672126260490653062896037098083926239042304486278032979930681633237080757,0.71,0.73,33.18,171.75,0.02,0.27,0.29,171.75,33.18,0.02,0.72,0.28,0.838091,0.161909,73037.42
1775953367641,2026-04-12T00:22:47.641,btc-updown-15m-1775952900,1775953800,Up,75382482427414520525305754099365116099976700289541099671794772733232173913023,34400672126260490653062896037098083926239042304486278032979930681633237080757,0.72,0.74,100.37,174.7,0.02,0.26,0.28,174.7,100.37,0.02,0.73,0.27,0.635111,0.364889,73037.42
1775953368641,2026-04-12T00:22:48.641,btc-updown-15m-1775952900,1775953800,Up,75382482427414520525305754099365116099976700289541099671794772733232173913023,34400672126260490653062896037098083926239042304486278032979930681633237080757,0.73,0.75,64.13,88.59,0.02,0.25,0.27,88.59,64.13,0.02,0.74,0.26,0.580081,0.419919,73037.42
1775953369642,2026-04-12T00:22:49.642,btc-updown-15m-1775952900,1775953800,Up,75382482427414520525305754099365116099976700289541099671794772733232173913023,34400672126260490653062896037098083926239042304486278032979930681633237080757,0.74,0.75,117.32,45.0,0.01,0.25,0.26,45.0,117.32,0.01,0.745,0.255,0.27723,0.72277,73037.42
1775953370644,2026-04-12T00:22:50.644,btc-updown-15m-1775952900,1775953800,Up,75382482427414520525305754099365116099976700289541099671794772733232173913023,34400672126260490653062896037098083926239042304486278032979930681633237080757,0.74,0.75,117.32,45.0,0.01,0.25,0.26,45.0,117.32,0.01,0.745,0.255,0.27723,0.72277,73043.94
1775953371645,2026-04-12T00:22:51.645,btc-updown-15m-1775952900,1775953800,Up,75382482427414520525305754099365116099976700289541099671794772733232173913023,34400672126260490653062896037098083926239042304486278032979930681633237080757,0.74,0.76,88.5,26.44,0.02,0.24,0.26,26.44,88.5,0.02,0.75,0.25,0.230033,0.769967,73043.94
1775953372646,2026-04-12T00:22:52.646,btc-updown-15m-1775952900,1775953800,Up,75382482427414520525305754099365116099976700289541099671794772733232173913023,34400672126260490653062896037098083926239042304486278032979930681633237080757,0.77,0.78,13.55,5.0,0.01,0.22,0.23,5.0,13.55,0.01,0.775,0.225,0.269542,0.730458,73043.94
1775953373646,2026-04-12T00:22:53.646,btc-updown-15m-1775952900,1775953800,Up,75382482427414520525305754099365116099976700289541099671794772733232173913023,34400672126260490653062896037098083926239042304486278032979930681633237080757,0.78,0.8,26.0,5.0,0.02,0.2,0.22,5.0,26.0,0.02,0.79,0.21,0.16129,0.83871,73043.94
1775953374646,2026-04-12T00:22:54.646,btc-updown-15m-1775952900,1775953800,Up,75382482427414520525305754099365116099976700289541099671794772733232173913023,34400672126260490653062896037098083926239042304486278032979930681633237080757,0.79,0.8,14.75,32.29,0.01,0.2,0.21,32.29,14.75,0.01,0.795,0.205,0.686437,0.313563,73043.94
1775953375647,2026-04-12T00:22:55.647,btc-updown-15m-1775952900,1775953800,Up,75382482427414520525305754099365116099976700289541099671794772733232173913023,34400672126260490653062896037098083926239042304486278032979930681633237080757,0.79,0.8,32.5,27.29,0.01,0.2,0.21,27.29,32.5,0.01,0.795,0.205,0.456431,0.543569,73043.94
1775953376648,2026-04-12T00:22:56.648,btc-updown-15m-1775952900,1775953800,Up,75382482427414520525305754099365116099976700289541099671794772733232173913023,34400672126260490653062896037098083926239042304486278032979930681633237080757,0.79,0.8,166.88,27.29,0.01,0.2,0.21,27.29,166.88,0.01,0.795,0.205,0.140547,0.859453,73043.93
1775953377649,2026-04-12T00:22:57.649,btc-updown-15m-1775952900,1775953800,Up,75382482427414520525305754099365116099976700289541099671794772733232173913023,34400672126260490653062896037098083926239042304486278032979930681633237080757,0.79,0.8,149.38,27.29,0.01,0.2,0.21,27.29,149.38,0.01,0.795,0.205,0.154469,0.845531,73043.93
1775953378649,2026-04-12T00:22:58.649,btc-updown-15m-1775952900,1775953800,Up,75382482427414520525305754099365116099976700289541099671794772733232173913023,34400672126260490653062896037098083926239042304486278032979930681633237080757,0.79,0.8,149.38,27.29,0.01,0.2,0.21,27.29,149.38,0.01,0.795,0.205,0.154469,0.845531,73043.93
1775953379650,2026-04-12T00:22:59.650,btc-updown-15m-1775952900,1775953800,Up,75382482427414520525305754099365116099976700289541099671794772733232173913023,34400672126260490653062896037098083926239042304486278032979930681633237080757,0.79,0.8,149.38,27.29,0.01,0.2,0.21,27.29,149.38,0.01,0.795,0.205,0.154469,0.845531,73043.94
1775953380651,2026-04-12T00:23:00.651,btc-updown-15m-1775952900,1775953800,Up,75382482427414520525305754099365116099976700289541099671794772733232173913023,34400672126260490653062896037098083926239042304486278032979930681633237080757,0.79,0.8,29.87,122.29,0.01,0.2,0.21,122.29,29.87,0.01,0.795,0.205,0.803693,0.196307,73043.94
1775953381652,2026-04-12T00:23:01.652,btc-updown-15m-1775952900,1775953800,Up,75382482427414520525305754099365116099976700289541099671794772733232173913023,34400672126260490653062896037098083926239042304486278032979930681633237080757,0.79,0.8,4.87,43.23,0.01,0.2,0.21,43.23,4.87,0.01,0.795,0.205,0.898753,0.101247,73043.94
1775953382652,2026-04-12T00:23:02.652,btc-updown-15m-1775952900,1775953800,Up,75382482427414520525305754099365116099976700289541099671794772733232173913023,34400672126260490653062896037098083926239042304486278032979930681633237080757,0.81,0.83,26.35,57.13,0.02,0.17,0.19,57.13,26.35,0.02,0.82,0.18,0.684356,0.315644,73058.18
1775953383654,2026-04-12T00:23:03.654,btc-updown-15m-1775952900,1775953800,Up,75382482427414520525305754099365116099976700289541099671794772733232173913023,34400672126260490653062896037098083926239042304486278032979930681633237080757,0.84,0.85,52.6,20.0,0.01,0.15,0.16,20.0,52.6,0.01,0.845,0.155,0.275482,0.724518,73058.18
1775953384656,2026-04-12T00:23:04.656,btc-updown-15m-1775952900,1775953800,Up,75382482427414520525305754099365116099976700289541099671794772733232173913023,34400672126260490653062896037098083926239042304486278032979930681633237080757,0.85,0.86,15.0,30.0,0.01,0.14,0.15,30.0,15.0,0.01,0.855,0.145,0.666667,0.333333,73058.18
1775953385658,2026-04-12T00:23:05.658,btc-updown-15m-1775952900,1775953800,Up,75382482427414520525305754099365116099976700289541099671794772733232173913023,34400672126260490653062896037098083926239042304486278032979930681633237080757,0.84,0.86,153.31,28.12,0.02,0.14,0.16,28.12,153.31,0.02,0.85,0.15,0.154991,0.845009,73058.18
1775953386659,2026-04-12T00:23:06.659,btc-updown-15m-1775952900,1775953800,Up,75382482427414520525305754099365116099976700289541099671794772733232173913023,34400672126260490653062896037098083926239042304486278032979930681633237080757,0.84,0.86,54.9,15.0,0.02,0.14,0.16,15.0,54.9,0.02,0.85,0.15,0.214592,0.785408,73058.18
1775953387660,2026-04-12T00:23:07.660,btc-updown-15m-1775952900,1775953800,Up,75382482427414520525305754099365116099976700289541099671794772733232173913023,34400672126260490653062896037098083926239042304486278032979930681633237080757,0.83,0.85,69.0,21.5,0.02,0.15,0.17,21.5,69.0,0.02,0.84,0.16,0.237569,0.762431,73058.18
1775953388660,2026-04-12T00:23:08.660,btc-updown-15m-1775952900,1775953800,Up,75382482427414520525305754099365116099976700289541099671794772733232173913023,34400672126260490653062896037098083926239042304486278032979930681633237080757,0.83,0.85,69.0,65.38,0.02,0.15,0.17,65.38,69.0,0.02,0.84,0.16,0.486531,0.513469,73058.19
1775953389660,2026-04-12T00:23:09.660,btc-updown-15m-1775952900,1775953800,Up,75382482427414520525305754099365116099976700289541099671794772733232173913023,34400672126260490653062896037098083926239042304486278032979930681633237080757,0.83,0.85,52.82,75.38,0.02,0.15,0.17,75.38,52.82,0.02,0.84,0.16,0.587988,0.412012,73058.19
1775953390661,2026-04-12T00:23:10.661,btc-updown-15m-1775952900,1775953800,Up,75382482427414520525305754099365116099976700289541099671794772733232173913023,34400672126260490653062896037098083926239042304486278032979930681633237080757,0.84,0.85,47.82,13.75,0.01,0.15,0.16,13.75,47.82,0.01,0.845,0.155,0.223323,0.776677,73058.19
1775953391661,2026-04-12T00:23:11.661,btc-updown-15m-1775952900,1775953800,Up,75382482427414520525305754099365116099976700289541099671794772733232173913023,34400672126260490653062896037098083926239042304486278032979930681633237080757,0.83,0.85,79.0,230.65,0.02,0.15,0.17,230.65,79.0,0.02,0.84,0.16,0.744873,0.255127,73058.18
1775953392661,2026-04-12T00:23:12.661,btc-updown-15m-1775952900,1775953800,Up,75382482427414520525305754099365116099976700289541099671794772733232173913023,34400672126260490653062896037098083926239042304486278032979930681633237080757,0.83,0.85,79.0,230.65,0.02,0.15,0.17,230.65,79.0,0.02,0.84,0.16,0.744873,0.255127,73058.18
1775953393663,2026-04-12T00:23:13.663,btc-updown-15m-1775952900,1775953800,Up,75382482427414520525305754099365116099976700289541099671794772733232173913023,34400672126260490653062896037098083926239042304486278032979930681633237080757,0.83,0.85,79.0,230.65,0.02,0.15,0.17,230.65,79.0,0.02,0.84,0.16,0.744873,0.255127,73058.18
1775953394663,2026-04-12T00:23:14.663,btc-updown-15m-1775952900,1775953800,Up,75382482427414520525305754099365116099976700289541099671794772733232173913023,34400672126260490653062896037098083926239042304486278032979930681633237080757,0.83,0.84,22.0,206.23,0.01,0.16,0.17,206.23,22.0,0.01,0.835,0.165,0.903606,0.096394,73058.19
1775953395664,2026-04-12T00:23:15.664,btc-updown-15m-1775952900,1775953800,Up,75382482427414520525305754099365116099976700289541099671794772733232173913023,34400672126260490653062896037098083926239042304486278032979930681633237080757,0.83,0.84,69.0,166.25,0.01,0.16,0.17,166.25,69.0,0.01,0.835,0.165,0.706695,0.293305,73058.19
1775953396665,2026-04-12T00:23:16.665,btc-updown-15m-1775952900,1775953800,Up,75382482427414520525305754099365116099976700289541099671794772733232173913023,34400672126260490653062896037098083926239042304486278032979930681633237080757,0.84,0.85,5.0,58.25,0.01,0.15,0.16,58.25,5.0,0.01,0.845,0.155,0.920949,0.079051,73058.19
1775953397665,2026-04-12T00:23:17.665,btc-updown-15m-1775952900,1775953800,Up,75382482427414520525305754099365116099976700289541099671794772733232173913023,34400672126260490653062896037098083926239042304486278032979930681633237080757,0.84,0.85,26.64,85.5,0.01,0.15,0.16,85.5,26.64,0.01,0.845,0.155,0.76244,0.23756,73066.45
1775953398666,2026-04-12T00:23:18.666,btc-updown-15m-1775952900,1775953800,Up,75382482427414520525305754099365116099976700289541099671794772733232173913023,34400672126260490653062896037098083926239042304486278032979930681633237080757,0.84,0.85,0.46,101.41,0.01,0.15,0.16,101.41,0.46,0.01,0.845,0.155,0.995484,0.004516,73066.45
1775953399666,2026-04-12T00:23:19.666,btc-updown-15m-1775952900,1775953800,Up,75382482427414520525305754099365116099976700289541099671794772733232173913023,34400672126260490653062896037098083926239042304486278032979930681633237080757,0.88,0.91,25.0,132.5,0.03,0.09,0.12,132.5,25.0,0.03,0.895,0.105,0.84127,0.15873,73066.45
1775953400666,2026-04-12T00:23:20.666,btc-updown-15m-1775952900,1775953800,Up,75382482427414520525305754099365116099976700289541099671794772733232173913023,34400672126260490653062896037098083926239042304486278032979930681633237080757,0.9,0.91,34.74,5.0,0.01,0.09,0.1,5.0,34.74,0.01,0.905,0.095,0.125818,0.874182,73078.94
1775953401667,2026-04-12T00:23:21.667,btc-updown-15m-1775952900,1775953800,Up,75382482427414520525305754099365116099976700289541099671794772733232173913023,34400672126260490653062896037098083926239042304486278032979930681633237080757,0.9,0.91,121.43,10.0,0.01,0.09,0.1,10.0,121.43,0.01,0.905,0.095,0.076086,0.923914,73078.94
1775953402667,2026-04-12T00:23:22.667,btc-updown-15m-1775952900,1775953800,Up,75382482427414520525305754099365116099976700289541099671794772733232173913023,34400672126260490653062896037098083926239042304486278032979930681633237080757,0.9,0.91,126.23,10.0,0.01,0.09,0.1,10.0,126.23,0.01,0.905,0.095,0.073405,0.926595,73078.94
1775953403668,2026-04-12T00:23:23.668,btc-updown-15m-1775952900,1775953800,Up,75382482427414520525305754099365116099976700289541099671794772733232173913023,34400672126260490653062896037098083926239042304486278032979930681633237080757,0.88,0.91,100.13,301.11,0.03,0.09,0.12,301.11,100.13,0.03,0.895,0.105,0.750449,0.249551,73078.94
1775953404669,2026-04-12T00:23:24.669,btc-updown-15m-1775952900,1775953800,Up,75382482427414520525305754099365116099976700289541099671794772733232173913023,34400672126260490653062896037098083926239042304486278032979930681633237080757,0.88,0.89,40.0,370.7,0.01,0.11,0.12,370.7,40.0,0.01,0.885,0.115,0.902605,0.097395,73078.94
1775953405669,2026-04-12T00:23:25.669,btc-updown-15m-1775952900,1775953800,Up,75382482427414520525305754099365116099976700289541099671794772733232173913023,34400672126260490653062896037098083926239042304486278032979930681633237080757,0.9,0.91,112.64,215.66,0.01,0.09,0.1,215.66,112.64,0.01,0.905,0.095,0.656899,0.343101,73078.94
1775953406670,2026-04-12T00:23:26.670,btc-updown-15m-1775952900,1775953800,Up,75382482427414520525305754099365116099976700289541099671794772733232173913023,34400672126260490653062896037098083926239042304486278032979930681633237080757,0.9,0.91,47.64,213.91,0.01,0.09,0.1,213.91,47.64,0.01,0.905,0.095,0.817855,0.182145,73079.99
1775953407670,2026-04-12T00:23:27.670,btc-updown-15m-1775952900,1775953800,Up,75382482427414520525305754099365116099976700289541099671794772733232173913023,34400672126260490653062896037098083926239042304486278032979930681633237080757,0.9,0.91,47.64,213.91,0.01,0.09,0.1,213.91,47.64,0.01,0.905,0.095,0.817855,0.182145,73079.99
1775953408671,2026-04-12T00:23:28.671,btc-updown-15m-1775952900,1775953800,Up,75382482427414520525305754099365116099976700289541099671794772733232173913023,34400672126260490653062896037098083926239042304486278032979930681633237080757,0.92,0.93,12.64,201.0,0.01,0.07,0.08,201.0,12.64,0.01,0.925,0.075,0.940835,0.059165,73079.99
1775953409672,2026-04-12T00:23:29.672,btc-updown-15m-1775952900,1775953800,Up,75382482427414520525305754099365116099976700289541099671794772733232173913023,34400672126260490653062896037098083926239042304486278032979930681633237080757,0.93,0.94,272.08,106.0,0.01,0.06,0.07,106.0,272.08,0.01,0.935,0.065,0.280364,0.719636,73085.98
1775953410672,2026-04-12T00:23:30.672,btc-updown-15m-1775952900,1775953800,Up,75382482427414520525305754099365116099976700289541099671794772733232173913023,34400672126260490653062896037098083926239042304486278032979930681633237080757,0.93,0.94,153.08,259.79,0.01,0.06,0.07,259.79,153.08,0.01,0.935,0.065,0.62923,0.37077,73085.98
1775953411673,2026-04-12T00:23:31.673,btc-updown-15m-1775952900,1775953800,Up,75382482427414520525305754099365116099976700289541099671794772733232173913023,34400672126260490653062896037098083926239042304486278032979930681633237080757,0.93,0.94,153.08,259.79,0.01,0.06,0.07,259.79,153.08,0.01,0.935,0.065,0.62923,0.37077,73085.98
1775953412673,2026-04-12T00:23:32.673,btc-updown-15m-1775952900,1775953800,Up,75382482427414520525305754099365116099976700289541099671794772733232173913023,34400672126260490653062896037098083926239042304486278032979930681633237080757,0.93,0.94,212.08,49.66,0.01,0.06,0.07,49.66,212.08,0.01,0.935,0.065,0.18973,0.81027,73085.99
1775953413674,2026-04-12T00:23:33.674,btc-updown-15m-1775952900,1775953800,Up,75382482427414520525305754099365116099976700289541099671794772733232173913023,34400672126260490653062896037098083926239042304486278032979930681633237080757,0.93,0.94,182.08,10.8,0.01,0.06,0.07,10.8,182.08,0.01,0.935,0.065,0.055993,0.944007,73085.99
1775953414675,2026-04-12T00:23:34.675,btc-updown-15m-1775952900,1775953800,Up,75382482427414520525305754099365116099976700289541099671794772733232173913023,34400672126260490653062896037098083926239042304486278032979930681633237080757,0.93,0.94,408.08,7.64,0.01,0.06,0.07,7.64,408.08,0.01,0.935,0.065,0.018378,0.981622,73085.99
1775953415676,2026-04-12T00:23:35.676,btc-updown-15m-1775952900,1775953800,Up,75382482427414520525305754099365116099976700289541099671794772733232173913023,34400672126260490653062896037098083926239042304486278032979930681633237080757,0.92,0.94,352.31,239.43,0.02,0.06,0.08,239.43,352.31,0.02,0.93,0.07,0.40462,0.59538,73085.99
1775953416677,2026-04-12T00:23:36.677,btc-updown-15m-1775952900,1775953800,Up,75382482427414520525305754099365116099976700289541099671794772733232173913023,34400672126260490653062896037098083926239042304486278032979930681633237080757,0.93,0.94,306.84,5.0,0.01,0.06,0.07,5.0,306.84,0.01,0.935,0.065,0.016034,0.983966,73085.99
1775953417677,2026-04-12T00:23:37.677,btc-updown-15m-1775952900,1775953800,Up,75382482427414520525305754099365116099976700289541099671794772733232173913023,34400672126260490653062896037098083926239042304486278032979930681633237080757,0.93,0.94,301.13,5.0,0.01,0.06,0.07,5.0,301.13,0.01,0.935,0.065,0.016333,0.983667,73085.99
1775953418678,2026-04-12T00:23:38.678,btc-updown-15m-1775952900,1775953800,Up,75382482427414520525305754099365116099976700289541099671794772733232173913023,34400672126260490653062896037098083926239042304486278032979930681633237080757,0.9,0.91,69.9,25.31,0.01,0.09,0.1,25.31,69.9,0.01,0.905,0.095,0.265833,0.734167,73081.32
1775953419678,2026-04-12T00:23:39.678,btc-updown-15m-1775952900,1775953800,Up,75382482427414520525305754099365116099976700289541099671794772733232173913023,34400672126260490653062896037098083926239042304486278032979930681633237080757,0.9,0.91,44.99,17.74,0.01,0.09,0.1,17.74,44.99,0.01,0.905,0.095,0.282799,0.717201,73081.32
1775953420678,2026-04-12T00:23:40.678,btc-updown-15m-1775952900,1775953800,Up,75382482427414520525305754099365116099976700289541099671794772733232173913023,34400672126260490653062896037098083926239042304486278032979930681633237080757,0.9,0.91,39.61,58.67,0.01,0.09,0.1,58.67,39.61,0.01,0.905,0.095,0.596968,0.403032,73081.32
1775953421679,2026-04-12T00:23:41.679,btc-updown-15m-1775952900,1775953800,Up,75382482427414520525305754099365116099976700289541099671794772733232173913023,34400672126260490653062896037098083926239042304486278032979930681633237080757,0.9,0.93,15.0,95.69,0.03,0.07,0.1,95.69,15.0,0.03,0.915,0.085,0.864486,0.135514,73084.79
1775953422680,2026-04-12T00:23:42.680,btc-updown-15m-1775952900,1775953800,Up,75382482427414520525305754099365116099976700289541099671794772733232173913023,34400672126260490653062896037098083926239042304486278032979930681633237080757,0.93,0.94,386.17,103.0,0.01,0.06,0.07,103.0,386.17,0.01,0.935,0.065,0.210561,0.789439,73084.79
1775953423680,2026-04-12T00:23:43.680,btc-updown-15m-1775952900,1775953800,Up,75382482427414520525305754099365116099976700289541099671794772733232173913023,34400672126260490653062896037098083926239042304486278032979930681633237080757,0.93,0.94,340.96,89.07,0.01,0.06,0.07,89.07,340.96,0.01,0.935,0.065,0.207125,0.792875,73084.79
1775953424681,2026-04-12T00:23:44.681,btc-updown-15m-1775952900,1775953800,Up,75382482427414520525305754099365116099976700289541099671794772733232173913023,34400672126260490653062896037098083926239042304486278032979930681633237080757,0.93,0.94,370.75,138.07,0.01,0.06,0.07,138.07,370.75,0.01,0.935,0.065,0.271353,0.728647,73088.0
1775953425682,2026-04-12T00:23:45.682,btc-updown-15m-1775952900,1775953800,Up,75382482427414520525305754099365116099976700289541099671794772733232173913023,34400672126260490653062896037098083926239042304486278032979930681633237080757,0.93,0.94,135.33,99.07,0.01,0.06,0.07,99.07,135.33,0.01,0.935,0.065,0.422654,0.577346,73088.0
1775953426683,2026-04-12T00:23:46.683,btc-updown-15m-1775952900,1775953800,Up,75382482427414520525305754099365116099976700289541099671794772733232173913023,34400672126260490653062896037098083926239042304486278032979930681633237080757,0.94,0.95,45.0,44.23,0.01,0.05,0.06,44.23,45.0,0.01,0.945,0.055,0.495685,0.504315,73088.0
1775953427684,2026-04-12T00:23:47.684,btc-updown-15m-1775952900,1775953800,Up,75382482427414520525305754099365116099976700289541099671794772733232173913023,34400672126260490653062896037098083926239042304486278032979930681633237080757,0.94,0.95,53.17,92.23,0.01,0.05,0.06,92.23,53.17,0.01,0.945,0.055,0.634319,0.365681,73098.64
1775953428685,2026-04-12T00:23:48.685,btc-updown-15m-1775952900,1775953800,Up,75382482427414520525305754099365116099976700289541099671794772733232173913023,34400672126260490653062896037098083926239042304486278032979930681633237080757,0.94,0.95,4.36,109.23,0.01,0.05,0.06,109.23,4.36,0.01,0.945,0.055,0.961616,0.038384,73098.64
1775953429686,2026-04-12T00:23:49.686,btc-updown-15m-1775952900,1775953800,Up,75382482427414520525305754099365116099976700289541099671794772733232173913023,34400672126260490653062896037098083926239042304486278032979930681633237080757,0.95,0.96,268.99,117.2,0.01,0.04,0.05,117.2,268.99,0.01,0.955,0.045,0.303478,0.696522,73098.64
1775953430686,2026-04-12T00:23:50.686,btc-updown-15m-1775952900,1775953800,Up,75382482427414520525305754099365116099976700289541099671794772733232173913023,34400672126260490653062896037098083926239042304486278032979930681633237080757,0.95,0.96,293.0,103.2,0.01,0.04,0.05,103.2,293.0,0.01,0.955,0.045,0.260475,0.739525,73092.6
1775953431687,2026-04-12T00:23:51.687,btc-updown-15m-1775952900,1775953800,Up,75382482427414520525305754099365116099976700289541099671794772733232173913023,34400672126260490653062896037098083926239042304486278032979930681633237080757,0.94,0.97,112.26,290.5,0.03,0.03,0.06,290.5,112.26,0.03,0.955,0.045,0.721273,0.278727,73092.6
1775953432688,2026-04-12T00:23:52.688,btc-updown-15m-1775952900,1775953800,Up,75382482427414520525305754099365116099976700289541099671794772733232173913023,34400672126260490653062896037098083926239042304486278032979930681633237080757,0.96,0.97,263.23,41.51,0.01,0.03,0.04,41.51,263.23,0.01,0.965,0.035,0.136214,0.863786,73092.6
1775953433689,2026-04-12T00:23:53.689,btc-updown-15m-1775952900,1775953800,Up,75382482427414520525305754099365116099976700289541099671794772733232173913023,34400672126260490653062896037098083926239042304486278032979930681633237080757,0.96,0.97,263.23,41.51,0.01,0.03,0.04,41.51,263.23,0.01,0.965,0.035,0.136214,0.863786,73099.99
1775953434690,2026-04-12T00:23:54.690,btc-updown-15m-1775952900,1775953800,Up,75382482427414520525305754099365116099976700289541099671794772733232173913023,34400672126260490653062896037098083926239042304486278032979930681633237080757,0.96,0.97,271.99,75.39,0.01,0.03,0.04,75.39,271.99,0.01,0.965,0.035,0.217025,0.782975,73099.99
1775953435691,2026-04-12T00:23:55.691,btc-updown-15m-1775952900,1775953800,Up,75382482427414520525305754099365116099976700289541099671794772733232173913023,34400672126260490653062896037098083926239042304486278032979930681633237080757,0.96,0.97,271.99,75.39,0.01,0.03,0.04,75.39,271.99,0.01,0.965,0.035,0.217025,0.782975,73099.99
1775953436691,2026-04-12T00:23:56.691,btc-updown-15m-1775952900,1775953800,Up,75382482427414520525305754099365116099976700289541099671794772733232173913023,34400672126260490653062896037098083926239042304486278032979930681633237080757,0.94,0.95,88.0,111.35,0.01,0.05,0.06,111.35,88.0,0.01,0.945,0.055,0.558565,0.441435,73096.0
1775953437692,2026-04-12T00:23:57.692,btc-updown-15m-1775952900,1775953800,Up,75382482427414520525305754099365116099976700289541099671794772733232173913023,34400672126260490653062896037098083926239042304486278032979930681633237080757,0.94,0.95,30.1,276.35,0.01,0.05,0.06,276.35,30.1,0.01,0.945,0.055,0.901778,0.098222,73096.0
1775953438695,2026-04-12T00:23:58.695,btc-updown-15m-1775952900,1775953800,Up,75382482427414520525305754099365116099976700289541099671794772733232173913023,34400672126260490653062896037098083926239042304486278032979930681633237080757,0.94,0.95,30.1,276.35,0.01,0.05,0.06,276.35,30.1,0.01,0.945,0.055,0.901778,0.098222,73096.0
1775953439695,2026-04-12T00:23:59.695,btc-updown-15m-1775952900,1775953800,Up,75382482427414520525305754099365116099976700289541099671794772733232173913023,34400672126260490653062896037098083926239042304486278032979930681633237080757,0.94,0.95,25.88,276.35,0.01,0.05,0.06,276.35,25.88,0.01,0.945,0.055,0.91437,0.08563,73096.0
1775953440696,2026-04-12T00:24:00.696,btc-updown-15m-1775952900,1775953800,Up,75382482427414520525305754099365116099976700289541099671794772733232173913023,34400672126260490653062896037098083926239042304486278032979930681633237080757,0.94,0.95,5.88,276.35,0.01,0.05,0.06,276.35,5.88,0.01,0.945,0.055,0.979166,0.020834,73096.0
1775953441697,2026-04-12T00:24:01.697,btc-updown-15m-1775952900,1775953800,Up,75382482427414520525305754099365116099976700289541099671794772733232173913023,34400672126260490653062896037098083926239042304486278032979930681633237080757,0.95,0.96,123.0,120.5,0.01,0.04,0.05,120.5,123.0,0.01,0.955,0.045,0.494867,0.505133,73096.0
1775953442697,2026-04-12T00:24:02.697,btc-updown-15m-1775952900,1775953800,Up,75382482427414520525305754099365116099976700289541099671794772733232173913023,34400672126260490653062896037098083926239042304486278032979930681633237080757,0.95,0.96,123.0,120.5,0.01,0.04,0.05,120.5,123.0,0.01,0.955,0.045,0.494867,0.505133,73107.31
1775953443698,2026-04-12T00:24:03.698,btc-updown-15m-1775952900,1775953800,Up,75382482427414520525305754099365116099976700289541099671794772733232173913023,34400672126260490653062896037098083926239042304486278032979930681633237080757,0.95,0.96,40.5,205.57,0.01,0.04,0.05,205.57,40.5,0.01,0.955,0.045,0.835413,0.164587,73107.31
1775953444699,2026-04-12T00:24:04.699,btc-updown-15m-1775952900,1775953800,Up,75382482427414520525305754099365116099976700289541099671794772733232173913023,34400672126260490653062896037098083926239042304486278032979930681633237080757,0.96,0.97,112.0,115.88,0.01,0.03,0.04,115.88,112.0,0.01,0.965,0.035,0.508513,0.491487,73107.31
1775953445700,2026-04-12T00:24:05.700,btc-updown-15m-1775952900,1775953800,Up,75382482427414520525305754099365116099976700289541099671794772733232173913023,34400672126260490653062896037098083926239042304486278032979930681633237080757,0.96,0.97,112.0,122.63,0.01,0.03,0.04,122.63,112.0,0.01,0.965,0.035,0.522653,0.477347,73107.31
1775953446701,2026-04-12T00:24:06.701,btc-updown-15m-1775952900,1775953800,Up,75382482427414520525305754099365116099976700289541099671794772733232173913023,34400672126260490653062896037098083926239042304486278032979930681633237080757,0.96,0.97,112.0,122.63,0.01,0.03,0.04,122.63,112.0,0.01,0.965,0.035,0.522653,0.477347,73107.31
1775953447703,2026-04-12T00:24:07.703,btc-updown-15m-1775952900,1775953800,Up,75382482427414520525305754099365116099976700289541099671794772733232173913023,34400672126260490653062896037098083926239042304486278032979930681633237080757,0.96,0.97,216.09,28.06,0.01,0.03,0.04,28.06,216.09,0.01,0.965,0.035,0.114929,0.885071,73107.31
1775953448703,2026-04-12T00:24:08.703,btc-updown-15m-1775952900,1775953800,Up,75382482427414520525305754099365116099976700289541099671794772733232173913023,34400672126260490653062896037098083926239042304486278032979930681633237080757,0.96,0.97,216.09,28.06,0.01,0.03,0.04,28.06,216.09,0.01,0.965,0.035,0.114929,0.885071,73107.3
1775953449705,2026-04-12T00:24:09.705,btc-updown-15m-1775952900,1775953800,Up,75382482427414520525305754099365116099976700289541099671794772733232173913023,34400672126260490653062896037098083926239042304486278032979930681633237080757,0.96,0.97,175.85,68.06,0.01,0.03,0.04,68.06,175.85,0.01,0.965,0.035,0.279037,0.720963,73107.3
1775953450706,2026-04-12T00:24:10.706,btc-updown-15m-1775952900,1775953800,Up,75382482427414520525305754099365116099976700289541099671794772733232173913023,34400672126260490653062896037098083926239042304486278032979930681633237080757,0.95,0.96,6.94,62.0,0.01,0.04,0.05,62.0,6.94,0.01,0.955,0.045,0.899333,0.100667,73107.3
1775953451707,2026-04-12T00:24:11.707,btc-updown-15m-1775952900,1775953800,Up,75382482427414520525305754099365116099976700289541099671794772733232173913023,34400672126260490653062896037098083926239042304486278032979930681633237080757,0.94,0.96,55.0,316.67,0.02,0.04,0.06,316.67,55.0,0.02,0.95,0.05,0.852019,0.147981,73107.31
1775953452707,2026-04-12T00:24:12.707,btc-updown-15m-1775952900,1775953800,Up,75382482427414520525305754099365116099976700289541099671794772733232173913023,34400672126260490653062896037098083926239042304486278032979930681633237080757,0.94,0.96,55.0,316.67,0.02,0.04,0.06,316.67,55.0,0.02,0.95,0.05,0.852019,0.147981,73107.31
1775953453708,2026-04-12T00:24:13.708,btc-updown-15m-1775952900,1775953800,Up,75382482427414520525305754099365116099976700289541099671794772733232173913023,34400672126260490653062896037098083926239042304486278032979930681633237080757,0.95,0.96,60.0,67.0,0.01,0.04,0.05,67.0,60.0,0.01,0.955,0.045,0.527559,0.472441,73107.31
1775953454708,2026-04-12T00:24:14.708,btc-updown-15m-1775952900,1775953800,Up,75382482427414520525305754099365116099976700289541099671794772733232173913023,34400672126260490653062896037098083926239042304486278032979930681633237080757,0.95,0.96,17.91,69.61,0.01,0.04,0.05,69.61,17.91,0.01,0.955,0.045,0.795361,0.204639,73107.31
1775953455711,2026-04-12T00:24:15.711,btc-updown-15m-1775952900,1775953800,Up,75382482427414520525305754099365116099976700289541099671794772733232173913023,34400672126260490653062896037098083926239042304486278032979930681633237080757,0.95,0.97,261.08,69.61,0.02,0.03,0.05,69.61,261.08,0.02,0.96,0.04,0.210499,0.789501,73107.31
1775953456712,2026-04-12T00:24:16.712,btc-updown-15m-1775952900,1775953800,Up,75382482427414520525305754099365116099976700289541099671794772733232173913023,34400672126260490653062896037098083926239042304486278032979930681633237080757,0.95,0.97,261.08,69.61,0.02,0.03,0.05,69.61,261.08,0.02,0.96,0.04,0.210499,0.789501,73107.31
1775953457713,2026-04-12T00:24:17.713,btc-updown-15m-1775952900,1775953800,Up,75382482427414520525305754099365116099976700289541099671794772733232173913023,34400672126260490653062896037098083926239042304486278032979930681633237080757,0.96,0.97,259.84,22.0,0.01,0.03,0.04,22.0,259.84,0.01,0.965,0.035,0.078058,0.921942,73107.31
1775953458714,2026-04-12T00:24:18.714,btc-updown-15m-1775952900,1775953800,Up,75382482427414520525305754099365116099976700289541099671794772733232173913023,34400672126260490653062896037098083926239042304486278032979930681633237080757,0.96,0.97,259.84,22.0,0.01,0.03,0.04,22.0,259.84,0.01,0.965,0.035,0.078058,0.921942,73107.31
1775953459715,2026-04-12T00:24:19.715,btc-updown-15m-1775952900,1775953800,Up,75382482427414520525305754099365116099976700289541099671794772733232173913023,34400672126260490653062896037098083926239042304486278032979930681633237080757,0.96,0.97,259.84,22.0,0.01,0.03,0.04,22.0,259.84,0.01,0.965,0.035,0.078058,0.921942,73107.31
1775953460716,2026-04-12T00:24:20.716,btc-updown-15m-1775952900,1775953800,Up,75382482427414520525305754099365116099976700289541099671794772733232173913023,34400672126260490653062896037098083926239042304486278032979930681633237080757,0.96,0.97,255.92,54.0,0.01,0.03,0.04,54.0,255.92,0.01,0.965,0.035,0.174239,0.825761,73107.31
1775953461716,2026-04-12T00:24:21.716,btc-updown-15m-1775952900,1775953800,Up,75382482427414520525305754099365116099976700289541099671794772733232173913023,34400672126260490653062896037098083926239042304486278032979930681633237080757,0.96,0.97,255.92,54.0,0.01,0.03,0.04,54.0,255.92,0.01,0.965,0.035,0.174239,0.825761,73107.31
1775953462717,2026-04-12T00:24:22.717,btc-updown-15m-1775952900,1775953800,Up,75382482427414520525305754099365116099976700289541099671794772733232173913023,34400672126260490653062896037098083926239042304486278032979930681633237080757,0.96,0.97,255.92,54.0,0.01,0.03,0.04,54.0,255.92,0.01,0.965,0.035,0.174239,0.825761,73107.31
1775953463717,2026-04-12T00:24:23.717,btc-updown-15m-1775952900,1775953800,Up,75382482427414520525305754099365116099976700289541099671794772733232173913023,34400672126260490653062896037098083926239042304486278032979930681633237080757,0.94,0.95,231.0,8.94,0.01,0.05,0.06,8.94,231.0,0.01,0.945,0.055,0.037259,0.962741,73098.65
1775953464717,2026-04-12T00:24:24.717,btc-updown-15m-1775952900,1775953800,Up,75382482427414520525305754099365116099976700289541099671794772733232173913023,34400672126260490653062896037098083926239042304486278032979930681633237080757,0.92,0.94,88.0,56.0,0.02,0.06,0.08,56.0,88.0,0.02,0.93,0.07,0.388889,0.611111,73098.65
1775953465718,2026-04-12T00:24:25.718,btc-updown-15m-1775952900,1775953800,Up,75382482427414520525305754099365116099976700289541099671794772733232173913023,34400672126260490653062896037098083926239042304486278032979930681633237080757,0.93,0.95,159.95,37.0,0.02,0.05,0.07,37.0,159.95,0.02,0.94,0.06,0.187865,0.812135,73098.65
1775953466718,2026-04-12T00:24:26.718,btc-updown-15m-1775952900,1775953800,Up,75382482427414520525305754099365116099976700289541099671794772733232173913023,34400672126260490653062896037098083926239042304486278032979930681633237080757,0.91,0.92,40.0,97.29,0.01,0.08,0.09,97.29,40.0,0.01,0.915,0.085,0.708646,0.291354,73092.49
1775953467719,2026-04-12T00:24:27.719,btc-updown-15m-1775952900,1775953800,Up,75382482427414520525305754099365116099976700289541099671794772733232173913023,34400672126260490653062896037098083926239042304486278032979930681633237080757,0.92,0.93,5.0,61.95,0.01,0.07,0.08,61.95,5.0,0.01,0.925,0.075,0.925317,0.074683,73092.49
1775953468719,2026-04-12T00:24:28.719,btc-updown-15m-1775952900,1775953800,Up,75382482427414520525305754099365116099976700289541099671794772733232173913023,34400672126260490653062896037098083926239042304486278032979930681633237080757,0.92,0.93,70.99,83.28,0.01,0.07,0.08,83.28,70.99,0.01,0.925,0.075,0.539833,0.460167,73092.49
1775953469720,2026-04-12T00:24:29.720,btc-updown-15m-1775952900,1775953800,Up,75382482427414520525305754099365116099976700289541099671794772733232173913023,34400672126260490653062896037098083926239042304486278032979930681633237080757,0.92,0.93,59.99,0.78,0.01,0.07,0.08,0.78,59.99,0.01,0.925,0.075,0.012835,0.987165,73092.49
1775953470720,2026-04-12T00:24:30.720,btc-updown-15m-1775952900,1775953800,Up,75382482427414520525305754099365116099976700289541099671794772733232173913023,34400672126260490653062896037098083926239042304486278032979930681633237080757,0.91,0.92,55.0,75.97,0.01,0.08,0.09,75.97,55.0,0.01,0.915,0.085,0.580057,0.419943,73092.49
1775953471720,2026-04-12T00:24:31.720,btc-updown-15m-1775952900,1775953800,Up,75382482427414520525305754099365116099976700289541099671794772733232173913023,34400672126260490653062896037098083926239042304486278032979930681633237080757,0.91,0.92,55.0,75.97,0.01,0.08,0.09,75.97,55.0,0.01,0.915,0.085,0.580057,0.419943,73092.49
1775953472721,2026-04-12T00:24:32.721,btc-updown-15m-1775952900,1775953800,Up,75382482427414520525305754099365116099976700289541099671794772733232173913023,34400672126260490653062896037098083926239042304486278032979930681633237080757,0.91,0.92,5.0,349.0,0.01,0.08,0.09,349.0,5.0,0.01,0.915,0.085,0.985876,0.014124,73088.01
1775953473722,2026-04-12T00:24:33.722,btc-updown-15m-1775952900,1775953800,Up,75382482427414520525305754099365116099976700289541099671794772733232173913023,34400672126260490653062896037098083926239042304486278032979930681633237080757,0.91,0.92,70.0,436.83,0.01,0.08,0.09,436.83,70.0,0.01,0.915,0.085,0.861887,0.138113,73088.01
1775953474723,2026-04-12T00:24:34.723,btc-updown-15m-1775952900,1775953800,Up,75382482427414520525305754099365116099976700289541099671794772733232173913023,34400672126260490653062896037098083926239042304486278032979930681633237080757,0.91,0.92,30.0,467.35,0.01,0.08,0.09,467.35,30.0,0.01,0.915,0.085,0.93968,0.06032,73088.01
1775953475723,2026-04-12T00:24:35.723,btc-updown-15m-1775952900,1775953800,Up,75382482427414520525305754099365116099976700289541099671794772733232173913023,34400672126260490653062896037098083926239042304486278032979930681633237080757,0.91,0.92,30.0,467.35,0.01,0.08,0.09,467.35,30.0,0.01,0.915,0.085,0.93968,0.06032,73088.01
1775953476724,2026-04-12T00:24:36.724,btc-updown-15m-1775952900,1775953800,Up,75382482427414520525305754099365116099976700289541099671794772733232173913023,34400672126260490653062896037098083926239042304486278032979930681633237080757,0.91,0.92,20.0,399.79,0.01,0.08,0.09,399.79,20.0,0.01,0.915,0.085,0.952357,0.047643,73088.01
1775953477725,2026-04-12T00:24:37.725,btc-updown-15m-1775952900,1775953800,Up,75382482427414520525305754099365116099976700289541099671794772733232173913023,34400672126260490653062896037098083926239042304486278032979930681633237080757,0.91,0.92,172.0,283.8,0.01,0.08,0.09,283.8,172.0,0.01,0.915,0.085,0.622642,0.377358,73088.01
1775953478725,2026-04-12T00:24:38.725,btc-updown-15m-1775952900,1775953800,Up,75382482427414520525305754099365116099976700289541099671794772733232173913023,34400672126260490653062896037098083926239042304486278032979930681633237080757,0.91,0.92,121.0,282.64,0.01,0.08,0.09,282.64,121.0,0.01,0.915,0.085,0.700228,0.299772,73088.01
1775953479726,2026-04-12T00:24:39.726,btc-updown-15m-1775952900,1775953800,Up,75382482427414520525305754099365116099976700289541099671794772733232173913023,34400672126260490653062896037098083926239042304486278032979930681633237080757,0.91,0.92,86.06,294.64,0.01,0.08,0.09,294.64,86.06,0.01,0.915,0.085,0.773943,0.226057,73088.01
1775953480727,2026-04-12T00:24:40.727,btc-updown-15m-1775952900,1775953800,Up,75382482427414520525305754099365116099976700289541099671794772733232173913023,34400672126260490653062896037098083926239042304486278032979930681633237080757,0.91,0.92,86.06,294.64,0.01,0.08,0.09,294.64,86.06,0.01,0.915,0.085,0.773943,0.226057,73088.01
1775953481728,2026-04-12T00:24:41.728,btc-updown-15m-1775952900,1775953800,Up,75382482427414520525305754099365116099976700289541099671794772733232173913023,34400672126260490653062896037098083926239042304486278032979930681633237080757,0.91,0.92,86.06,294.64,0.01,0.08,0.09,294.64,86.06,0.01,0.915,0.085,0.773943,0.226057,73088.0
1775953482728,2026-04-12T00:24:42.728,btc-updown-15m-1775952900,1775953800,Up,75382482427414520525305754099365116099976700289541099671794772733232173913023,34400672126260490653062896037098083926239042304486278032979930681633237080757,0.91,0.92,89.97,270.97,0.01,0.08,0.09,270.97,89.97,0.01,0.915,0.085,0.750734,0.249266,73088.0
1775953483729,2026-04-12T00:24:43.729,btc-updown-15m-1775952900,1775953800,Up,75382482427414520525305754099365116099976700289541099671794772733232173913023,34400672126260490653062896037098083926239042304486278032979930681633237080757,0.91,0.92,103.88,270.97,0.01,0.08,0.09,270.97,103.88,0.01,0.915,0.085,0.722876,0.277124,73088.0
1775953484729,2026-04-12T00:24:44.729,btc-updown-15m-1775952900,1775953800,Up,75382482427414520525305754099365116099976700289541099671794772733232173913023,34400672126260490653062896037098083926239042304486278032979930681633237080757,0.91,0.93,78.5,275.97,0.02,0.07,0.09,275.97,78.5,0.02,0.92,0.08,0.778543,0.221457,73088.0
1775953485730,2026-04-12T00:24:45.730,btc-updown-15m-1775952900,1775953800,Up,75382482427414520525305754099365116099976700289541099671794772733232173913023,34400672126260490653062896037098083926239042304486278032979930681633237080757,0.91,0.93,78.5,275.97,0.02,0.07,0.09,275.97,78.5,0.02,0.92,0.08,0.778543,0.221457,73088.0
1775953486731,2026-04-12T00:24:46.731,btc-updown-15m-1775952900,1775953800,Up,75382482427414520525305754099365116099976700289541099671794772733232173913023,34400672126260490653062896037098083926239042304486278032979930681633237080757,0.91,0.93,78.5,275.97,0.02,0.07,0.09,275.97,78.5,0.02,0.92,0.08,0.778543,0.221457,73088.0
1775953487732,2026-04-12T00:24:47.732,btc-updown-15m-1775952900,1775953800,Up,75382482427414520525305754099365116099976700289541099671794772733232173913023,34400672126260490653062896037098083926239042304486278032979930681633237080757,0.91,0.93,78.5,275.97,0.02,0.07,0.09,275.97,78.5,0.02,0.92,0.08,0.778543,0.221457,73088.0
1775953488732,2026-04-12T00:24:48.732,btc-updown-15m-1775952900,1775953800,Up,75382482427414520525305754099365116099976700289541099671794772733232173913023,34400672126260490653062896037098083926239042304486278032979930681633237080757,0.91,0.92,57.89,383.97,0.01,0.08,0.09,383.97,57.89,0.01,0.915,0.085,0.868986,0.131014,73088.0
1775953489733,2026-04-12T00:24:49.733,btc-updown-15m-1775952900,1775953800,Up,75382482427414520525305754099365116099976700289541099671794772733232173913023,34400672126260490653062896037098083926239042304486278032979930681633237080757,0.91,0.92,31.72,383.97,0.01,0.08,0.09,383.97,31.72,0.01,0.915,0.085,0.923693,0.076307,73088.0
1775953490734,2026-04-12T00:24:50.734,btc-updown-15m-1775952900,1775953800,Up,75382482427414520525305754099365116099976700289541099671794772733232173913023,34400672126260490653062896037098083926239042304486278032979930681633237080757,0.91,0.92,31.72,383.97,0.01,0.08,0.09,383.97,31.72,0.01,0.915,0.085,0.923693,0.076307,73088.0
1775953491734,2026-04-12T00:24:51.734,btc-updown-15m-1775952900,1775953800,Up,75382482427414520525305754099365116099976700289541099671794772733232173913023,34400672126260490653062896037098083926239042304486278032979930681633237080757,0.91,0.92,31.72,383.97,0.01,0.08,0.09,383.97,31.72,0.01,0.915,0.085,0.923693,0.076307,73088.0
1775953492736,2026-04-12T00:24:52.736,btc-updown-15m-1775952900,1775953800,Up,75382482427414520525305754099365116099976700289541099671794772733232173913023,34400672126260490653062896037098083926239042304486278032979930681633237080757,0.92,0.93,78.5,168.46,0.01,0.07,0.08,168.46,78.5,0.01,0.925,0.075,0.682135,0.317865,73088.0
1775953493736,2026-04-12T00:24:53.736,btc-updown-15m-1775952900,1775953800,Up,75382482427414520525305754099365116099976700289541099671794772733232173913023,34400672126260490653062896037098083926239042304486278032979930681633237080757,0.92,0.93,78.5,168.46,0.01,0.07,0.08,168.46,78.5,0.01,0.925,0.075,0.682135,0.317865,73088.0
1775953494737,2026-04-12T00:24:54.737,btc-updown-15m-1775952900,1775953800,Up,75382482427414520525305754099365116099976700289541099671794772733232173913023,34400672126260490653062896037098083926239042304486278032979930681633237080757,0.92,0.93,78.5,168.46,0.01,0.07,0.08,168.46,78.5,0.01,0.925,0.075,0.682135,0.317865,73088.0
1775953495737,2026-04-12T00:24:55.737,btc-updown-15m-1775952900,1775953800,Up,75382482427414520525305754099365116099976700289541099671794772733232173913023,34400672126260490653062896037098083926239042304486278032979930681633237080757,0.92,0.93,78.5,168.46,0.01,0.07,0.08,168.46,78.5,0.01,0.925,0.075,0.682135,0.317865,73088.0
1775953496739,2026-04-12T00:24:56.739,btc-updown-15m-1775952900,1775953800,Up,75382482427414520525305754099365116099976700289541099671794772733232173913023,34400672126260490653062896037098083926239042304486278032979930681633237080757,0.92,0.93,78.5,168.46,0.01,0.07,0.08,168.46,78.5,0.01,0.925,0.075,0.682135,0.317865,73088.0
1775953497739,2026-04-12T00:24:57.739,btc-updown-15m-1775952900,1775953800,Up,75382482427414520525305754099365116099976700289541099671794772733232173913023,34400672126260490653062896037098083926239042304486278032979930681633237080757,0.92,0.93,133.5,56.76,0.01,0.07,0.08,56.76,133.5,0.01,0.925,0.075,0.298329,0.701671,73088.0
1775953498739,2026-04-12T00:24:58.739,btc-updown-15m-1775952900,1775953800,Up,75382482427414520525305754099365116099976700289541099671794772733232173913023,34400672126260490653062896037098083926239042304486278032979930681633237080757,0.92,0.93,133.5,56.76,0.01,0.07,0.08,56.76,133.5,0.01,0.925,0.075,0.298329,0.701671,73088.0
1775953499740,2026-04-12T00:24:59.740,btc-updown-15m-1775952900,1775953800,Up,75382482427414520525305754099365116099976700289541099671794772733232173913023,34400672126260490653062896037098083926239042304486278032979930681633237080757,0.92,0.93,96.1,61.76,0.01,0.07,0.08,61.76,96.1,0.01,0.925,0.075,0.391233,0.608767,73080.97
1775953500740,2026-04-12T00:25:00.740,btc-updown-15m-1775952900,1775953800,Up,75382482427414520525305754099365116099976700289541099671794772733232173913023,34400672126260490653062896037098083926239042304486278032979930681633237080757,0.92,0.93,96.1,61.76,0.01,0.07,0.08,61.76,96.1,0.01,0.925,0.075,0.391233,0.608767,73080.97
1775953501741,2026-04-12T00:25:01.741,btc-updown-15m-1775952900,1775953800,Up,75382482427414520525305754099365116099976700289541099671794772733232173913023,34400672126260490653062896037098083926239042304486278032979930681633237080757,0.92,0.93,21.0,72.88,0.01,0.07,0.08,72.88,21.0,0.01,0.925,0.075,0.77631,0.22369,73080.97
1775953502742,2026-04-12T00:25:02.742,btc-updown-15m-1775952900,1775953800,Up,75382482427414520525305754099365116099976700289541099671794772733232173913023,34400672126260490653062896037098083926239042304486278032979930681633237080757,0.92,0.93,75.25,172.88,0.01,0.07,0.08,172.88,75.25,0.01,0.925,0.075,0.696732,0.303268,73080.96
1775953503743,2026-04-12T00:25:03.743,btc-updown-15m-1775952900,1775953800,Up,75382482427414520525305754099365116099976700289541099671794772733232173913023,34400672126260490653062896037098083926239042304486278032979930681633237080757,0.92,0.94,70.55,146.88,0.02,0.06,0.08,146.88,70.55,0.02,0.93,0.07,0.675528,0.324472,73080.96
1775953504743,2026-04-12T00:25:04.743,btc-updown-15m-1775952900,1775953800,Up,75382482427414520525305754099365116099976700289541099671794772733232173913023,34400672126260490653062896037098083926239042304486278032979930681633237080757,0.92,0.94,70.55,146.88,0.02,0.06,0.08,146.88,70.55,0.02,0.93,0.07,0.675528,0.324472,73080.96
1775953505743,2026-04-12T00:25:05.743,btc-updown-15m-1775952900,1775953800,Up,75382482427414520525305754099365116099976700289541099671794772733232173913023,34400672126260490653062896037098083926239042304486278032979930681633237080757,0.93,0.94,72.0,150.71,0.01,0.06,0.07,137.71,72.0,0.01,0.935,0.065,0.67671,0.343331,73080.97
1775953506745,2026-04-12T00:25:06.745,btc-updown-15m-1775952900,1775953800,Up,75382482427414520525305754099365116099976700289541099671794772733232173913023,34400672126260490653062896037098083926239042304486278032979930681633237080757,0.93,0.94,68.62,171.5,0.01,0.06,0.07,171.5,68.62,0.01,0.935,0.065,0.714226,0.285774,73080.97
1775953507745,2026-04-12T00:25:07.745,btc-updown-15m-1775952900,1775953800,Up,75382482427414520525305754099365116099976700289541099671794772733232173913023,34400672126260490653062896037098083926239042304486278032979930681633237080757,0.93,0.94,68.62,171.5,0.01,0.06,0.07,171.5,68.62,0.01,0.935,0.065,0.714226,0.285774,73080.97
1775953508745,2026-04-12T00:25:08.745,btc-updown-15m-1775952900,1775953800,Up,75382482427414520525305754099365116099976700289541099671794772733232173913023,34400672126260490653062896037098083926239042304486278032979930681633237080757,0.93,0.94,67.0,163.5,0.01,0.06,0.07,163.5,67.0,0.01,0.935,0.065,0.709328,0.290672,73080.96
1775953509746,2026-04-12T00:25:09.746,btc-updown-15m-1775952900,1775953800,Up,75382482427414520525305754099365116099976700289541099671794772733232173913023,34400672126260490653062896037098083926239042304486278032979930681633237080757,0.93,0.94,87.47,176.5,0.01,0.06,0.07,176.5,87.47,0.01,0.935,0.065,0.668637,0.331363,73080.96
1775953510747,2026-04-12T00:25:10.747,btc-updown-15m-1775952900,1775953800,Up,75382482427414520525305754099365116099976700289541099671794772733232173913023,34400672126260490653062896037098083926239042304486278032979930681633237080757,0.93,0.94,87.47,123.5,0.01,0.06,0.07,123.5,87.47,0.01,0.935,0.065,0.585391,0.414609,73080.96
1775953511748,2026-04-12T00:25:11.748,btc-updown-15m-1775952900,1775953800,Up,75382482427414520525305754099365116099976700289541099671794772733232173913023,34400672126260490653062896037098083926239042304486278032979930681633237080757,0.93,0.94,87.47,123.5,0.01,0.06,0.07,123.5,87.47,0.01,0.935,0.065,0.585391,0.414609,73080.96
1775953512748,2026-04-12T00:25:12.748,btc-updown-15m-1775952900,1775953800,Up,75382482427414520525305754099365116099976700289541099671794772733232173913023,34400672126260490653062896037098083926239042304486278032979930681633237080757,0.93,0.94,24.1,122.0,0.01,0.06,0.07,122.0,24.1,0.01,0.935,0.065,0.835044,0.164956,73080.96
1775953513748,2026-04-12T00:25:13.748,btc-updown-15m-1775952900,1775953800,Up,75382482427414520525305754099365116099976700289541099671794772733232173913023,34400672126260490653062896037098083926239042304486278032979930681633237080757,0.93,0.94,45.1,109.0,0.01,0.06,0.07,109.0,45.1,0.01,0.935,0.065,0.707333,0.292667,73080.96
1775953514749,2026-04-12T00:25:14.749,btc-updown-15m-1775952900,1775953800,Up,75382482427414520525305754099365116099976700289541099671794772733232173913023,34400672126260490653062896037098083926239042304486278032979930681633237080757,0.93,0.94,45.1,109.0,0.01,0.06,0.07,109.0,45.1,0.01,0.935,0.065,0.707333,0.292667,73080.96
1775953515750,2026-04-12T00:25:15.750,btc-updown-15m-1775952900,1775953800,Up,75382482427414520525305754099365116099976700289541099671794772733232173913023,34400672126260490653062896037098083926239042304486278032979930681633237080757,0.93,0.94,45.1,96.0,0.01,0.06,0.07,96.0,45.1,0.01,0.935,0.065,0.680369,0.319631,73080.96
1775953516752,2026-04-12T00:25:16.752,btc-updown-15m-1775952900,1775953800,Up,75382482427414520525305754099365116099976700289541099671794772733232173913023,34400672126260490653062896037098083926239042304486278032979930681633237080757,0.93,0.94,45.1,96.0,0.01,0.06,0.07,96.0,45.1,0.01,0.935,0.065,0.680369,0.319631,73080.96
1775953517753,2026-04-12T00:25:17.753,btc-updown-15m-1775952900,1775953800,Up,75382482427414520525305754099365116099976700289541099671794772733232173913023,34400672126260490653062896037098083926239042304486278032979930681633237080757,0.92,0.95,108.5,287.62,0.03,0.05,0.08,287.62,108.5,0.03,0.935,0.065,0.726093,0.273907,73080.97
1775953518754,2026-04-12T00:25:18.754,btc-updown-15m-1775952900,1775953800,Up,75382482427414520525305754099365116099976700289541099671794772733232173913023,34400672126260490653062896037098083926239042304486278032979930681633237080757,0.93,0.95,117.5,115.0,0.02,0.05,0.07,115.0,117.5,0.02,0.94,0.06,0.494624,0.505376,73080.97
1775953519755,2026-04-12T00:25:19.755,btc-updown-15m-1775952900,1775953800,Up,75382482427414520525305754099365116099976700289541099671794772733232173913023,34400672126260490653062896037098083926239042304486278032979930681633237080757,0.93,0.95,115.63,166.0,0.02,0.05,0.07,158.0,115.63,0.02,0.94,0.06,0.589426,0.422578,73080.97
1775953520756,2026-04-12T00:25:20.756,btc-updown-15m-1775952900,1775953800,Up,75382482427414520525305754099365116099976700289541099671794772733232173913023,34400672126260490653062896037098083926239042304486278032979930681633237080757,0.93,0.95,115.63,158.0,0.02,0.05,0.07,158.0,115.63,0.02,0.94,0.06,0.577422,0.422578,73080.96
1775953521756,2026-04-12T00:25:21.756,btc-updown-15m-1775952900,1775953800,Up,75382482427414520525305754099365116099976700289541099671794772733232173913023,34400672126260490653062896037098083926239042304486278032979930681633237080757,0.93,0.95,115.63,158.0,0.02,0.05,0.07,158.0,115.63,0.02,0.94,0.06,0.577422,0.422578,73080.96
1775953522758,2026-04-12T00:25:22.758,btc-updown-15m-1775952900,1775953800,Up,75382482427414520525305754099365116099976700289541099671794772733232173913023,34400672126260490653062896037098083926239042304486278032979930681633237080757,0.93,0.95,150.54,195.0,0.02,0.05,0.07,195.0,150.54,0.02,0.94,0.06,0.564334,0.435666,73080.96
1775953523758,2026-04-12T00:25:23.758,btc-updown-15m-1775952900,1775953800,Up,75382482427414520525305754099365116099976700289541099671794772733232173913023,34400672126260490653062896037098083926239042304486278032979930681633237080757,0.93,0.95,150.54,195.0,0.02,0.05,0.07,195.0,150.54,0.02,0.94,0.06,0.564334,0.435666,73080.96
1775953524759,2026-04-12T00:25:24.759,btc-updown-15m-1775952900,1775953800,Up,75382482427414520525305754099365116099976700289541099671794772733232173913023,34400672126260490653062896037098083926239042304486278032979930681633237080757,0.93,0.95,150.54,195.0,0.02,0.05,0.07,195.0,150.54,0.02,0.94,0.06,0.564334,0.435666,73080.96
1775953525760,2026-04-12T00:25:25.760,btc-updown-15m-1775952900,1775953800,Up,75382482427414520525305754099365116099976700289541099671794772733232173913023,34400672126260490653062896037098083926239042304486278032979930681633237080757,0.93,0.95,150.54,195.0,0.02,0.05,0.07,195.0,150.54,0.02,0.94,0.06,0.564334,0.435666,73080.96
1775953526762,2026-04-12T00:25:26.762,btc-updown-15m-1775952900,1775953800,Up,75382482427414520525305754099365116099976700289541099671794772733232173913023,34400672126260490653062896037098083926239042304486278032979930681633237080757,0.93,0.95,150.54,195.0,0.02,0.05,0.07,195.0,150.54,0.02,0.94,0.06,0.564334,0.435666,73080.97
1775953527764,2026-04-12T00:25:27.764,btc-updown-15m-1775952900,1775953800,Up,75382482427414520525305754099365116099976700289541099671794772733232173913023,34400672126260490653062896037098083926239042304486278032979930681633237080757,0.94,0.95,143.04,110.0,0.01,0.05,0.06,110.0,143.04,0.01,0.945,0.055,0.434714,0.565286,73080.97
1775953528765,2026-04-12T00:25:28.765,btc-updown-15m-1775952900,1775953800,Up,75382482427414520525305754099365116099976700289541099671794772733232173913023,34400672126260490653062896037098083926239042304486278032979930681633237080757,0.94,0.95,48.4,110.0,0.01,0.05,0.06,110.0,48.4,0.01,0.945,0.055,0.694444,0.305556,73080.97
1775953529766,2026-04-12T00:25:29.766,btc-updown-15m-1775952900,1775953800,Up,75382482427414520525305754099365116099976700289541099671794772733232173913023,34400672126260490653062896037098083926239042304486278032979930681633237080757,0.94,0.95,46.37,130.0,0.01,0.05,0.06,130.0,46.37,0.01,0.945,0.055,0.737087,0.262913,73080.97
1775953530767,2026-04-12T00:25:30.767,btc-updown-15m-1775952900,1775953800,Up,75382482427414520525305754099365116099976700289541099671794772733232173913023,34400672126260490653062896037098083926239042304486278032979930681633237080757,0.94,0.95,46.37,130.0,0.01,0.05,0.06,130.0,46.37,0.01,0.945,0.055,0.737087,0.262913,73080.97
1775953531768,2026-04-12T00:25:31.768,btc-updown-15m-1775952900,1775953800,Up,75382482427414520525305754099365116099976700289541099671794772733232173913023,34400672126260490653062896037098083926239042304486278032979930681633237080757,0.94,0.95,46.37,130.0,0.01,0.05,0.06,130.0,46.37,0.01,0.945,0.055,0.737087,0.262913,73080.97
1775953532768,2026-04-12T00:25:32.768,btc-updown-15m-1775952900,1775953800,Up,75382482427414520525305754099365116099976700289541099671794772733232173913023,34400672126260490653062896037098083926239042304486278032979930681633237080757,0.94,0.95,175.87,50.42,0.01,0.05,0.06,50.42,175.87,0.01,0.945,0.055,0.222811,0.777189,73080.97
1775953533769,2026-04-12T00:25:33.769,btc-updown-15m-1775952900,1775953800,Up,75382482427414520525305754099365116099976700289541099671794772733232173913023,34400672126260490653062896037098083926239042304486278032979930681633237080757,0.94,0.95,141.37,50.42,0.01,0.05,0.06,50.42,141.37,0.01,0.945,0.055,0.262892,0.737108,73080.97
1775953534771,2026-04-12T00:25:34.771,btc-updown-15m-1775952900,1775953800,Up,75382482427414520525305754099365116099976700289541099671794772733232173913023,34400672126260490653062896037098083926239042304486278032979930681633237080757,0.94,0.95,141.37,50.42,0.01,0.05,0.06,50.42,141.37,0.01,0.945,0.055,0.262892,0.737108,73080.97
1775953535773,2026-04-12T00:25:35.773,btc-updown-15m-1775952900,1775953800,Up,75382482427414520525305754099365116099976700289541099671794772733232173913023,34400672126260490653062896037098083926239042304486278032979930681633237080757,0.94,0.95,141.37,50.42,0.01,0.05,0.06,50.42,141.37,0.01,0.945,0.055,0.262892,0.737108,73080.96
1775953536773,2026-04-12T00:25:36.773,btc-updown-15m-1775952900,1775953800,Up,75382482427414520525305754099365116099976700289541099671794772733232173913023,34400672126260490653062896037098083926239042304486278032979930681633237080757,0.94,0.95,58.34,51.17,0.01,0.05,0.06,51.17,58.34,0.01,0.945,0.055,0.467263,0.532737,73080.96
1775953537774,2026-04-12T00:25:37.774,btc-updown-15m-1775952900,1775953800,Up,75382482427414520525305754099365116099976700289541099671794772733232173913023,34400672126260490653062896037098083926239042304486278032979930681633237080757,0.94,0.95,58.34,51.17,0.01,0.05,0.06,51.17,58.34,0.01,0.945,0.055,0.467263,0.532737,73080.96
1775953538775,2026-04-12T00:25:38.775,btc-updown-15m-1775952900,1775953800,Up,75382482427414520525305754099365116099976700289541099671794772733232173913023,34400672126260490653062896037098083926239042304486278032979930681633237080757,0.94,0.95,58.34,51.17,0.01,0.05,0.06,51.17,58.34,0.01,0.945,0.055,0.467263,0.532737,73080.96
1775953539777,2026-04-12T00:25:39.777,btc-updown-15m-1775952900,1775953800,Up,75382482427414520525305754099365116099976700289541099671794772733232173913023,34400672126260490653062896037098083926239042304486278032979930681633237080757,0.94,0.95,18.97,1.18,0.01,0.05,0.06,1.18,18.97,0.01,0.945,0.055,0.058561,0.941439,73080.96
1775953540778,2026-04-12T00:25:40.778,btc-updown-15m-1775952900,1775953800,Up,75382482427414520525305754099365116099976700289541099671794772733232173913023,34400672126260490653062896037098083926239042304486278032979930681633237080757,0.94,0.95,18.97,1.18,0.01,0.05,0.06,1.18,18.97,0.01,0.945,0.055,0.058561,0.941439,73080.96
1775953541779,2026-04-12T00:25:41.779,btc-updown-15m-1775952900,1775953800,Up,75382482427414520525305754099365116099976700289541099671794772733232173913023,34400672126260490653062896037098083926239042304486278032979930681633237080757,0.9,0.92,30.0,96.67,0.02,0.08,0.1,96.67,30.0,0.02,0.91,0.09,0.763164,0.236836,73069.52
1775953542781,2026-04-12T00:25:42.781,btc-updown-15m-1775952900,1775953800,Up,75382482427414520525305754099365116099976700289541099671794772733232173913023,34400672126260490653062896037098083926239042304486278032979930681633237080757,0.92,0.93,55.0,100.0,0.01,0.07,0.08,100.0,55.0,0.01,0.925,0.075,0.645161,0.354839,73069.52
1775953543781,2026-04-12T00:25:43.781,btc-updown-15m-1775952900,1775953800,Up,75382482427414520525305754099365116099976700289541099671794772733232173913023,34400672126260490653062896037098083926239042304486278032979930681633237080757,0.92,0.93,5.0,90.0,0.01,0.07,0.08,90.0,5.0,0.01,0.925,0.075,0.947368,0.052632,73069.52
1775953544782,2026-04-12T00:25:44.782,btc-updown-15m-1775952900,1775953800,Up,75382482427414520525305754099365116099976700289541099671794772733232173913023,34400672126260490653062896037098083926239042304486278032979930681633237080757,0.92,0.93,36.73,75.72,0.01,0.07,0.08,75.72,36.73,0.01,0.925,0.075,0.673366,0.326634,73069.51
1775953545783,2026-04-12T00:25:45.783,btc-updown-15m-1775952900,1775953800,Up,75382482427414520525305754099365116099976700289541099671794772733232173913023,34400672126260490653062896037098083926239042304486278032979930681633237080757,0.92,0.93,36.73,50.72,0.01,0.07,0.08,50.72,36.73,0.01,0.925,0.075,0.579989,0.420011,73069.51
1775953546783,2026-04-12T00:25:46.783,btc-updown-15m-1775952900,1775953800,Up,75382482427414520525305754099365116099976700289541099671794772733232173913023,34400672126260490653062896037098083926239042304486278032979930681633237080757,0.92,0.93,36.73,50.72,0.01,0.07,0.08,50.72,36.73,0.01,0.925,0.075,0.579989,0.420011,73069.51
1775953547785,2026-04-12T00:25:47.785,btc-updown-15m-1775952900,1775953800,Up,75382482427414520525305754099365116099976700289541099671794772733232173913023,34400672126260490653062896037098083926239042304486278032979930681633237080757,0.94,0.96,113.0,223.0,0.02,0.04,0.06,223.0,113.0,0.02,0.95,0.05,0.66369,0.33631,73077.86
1775953548785,2026-04-12T00:25:48.785,btc-updown-15m-1775952900,1775953800,Up,75382482427414520525305754099365116099976700289541099671794772733232173913023,34400672126260490653062896037098083926239042304486278032979930681633237080757,0.95,0.96,92.16,267.0,0.01,0.04,0.05,267.0,92.16,0.01,0.955,0.045,0.743401,0.256599,73077.86
1775953549786,2026-04-12T00:25:49.786,btc-updown-15m-1775952900,1775953800,Up,75382482427414520525305754099365116099976700289541099671794772733232173913023,34400672126260490653062896037098083926239042304486278032979930681633237080757,0.95,0.96,92.16,267.0,0.01,0.04,0.05,267.0,92.16,0.01,0.955,0.045,0.743401,0.256599,73077.86
1775953550787,2026-04-12T00:25:50.787,btc-updown-15m-1775952900,1775953800,Up,75382482427414520525305754099365116099976700289541099671794772733232173913023,34400672126260490653062896037098083926239042304486278032979930681633237080757,0.95,0.96,92.16,168.99,0.01,0.04,0.05,168.99,92.16,0.01,0.955,0.045,0.647099,0.352901,73077.86
1775953551789,2026-04-12T00:25:51.789,btc-updown-15m-1775952900,1775953800,Up,75382482427414520525305754099365116099976700289541099671794772733232173913023,34400672126260490653062896037098083926239042304486278032979930681633237080757,0.95,0.96,92.16,168.99,0.01,0.04,0.05,168.99,92.16,0.01,0.955,0.045,0.647099,0.352901,73077.86
1775953552790,2026-04-12T00:25:52.790,btc-updown-15m-1775952900,1775953800,Up,75382482427414520525305754099365116099976700289541099671794772733232173913023,34400672126260490653062896037098083926239042304486278032979930681633237080757,0.95,0.96,92.16,168.99,0.01,0.04,0.05,168.99,92.16,0.01,0.955,0.045,0.647099,0.352901,73077.86
1775953553791,2026-04-12T00:25:53.791,btc-updown-15m-1775952900,1775953800,Up,75382482427414520525305754099365116099976700289541099671794772733232173913023,34400672126260490653062896037098083926239042304486278032979930681633237080757,0.95,0.96,92.16,168.99,0.01,0.04,0.05,168.99,92.16,0.01,0.955,0.045,0.647099,0.352901,73077.85
1775953554791,2026-04-12T00:25:54.791,btc-updown-15m-1775952900,1775953800,Up,75382482427414520525305754099365116099976700289541099671794772733232173913023,34400672126260490653062896037098083926239042304486278032979930681633237080757,0.95,0.96,92.16,168.99,0.01,0.04,0.05,168.99,92.16,0.01,0.955,0.045,0.647099,0.352901,73077.85
1775953555792,2026-04-12T00:25:55.792,btc-updown-15m-1775952900,1775953800,Up,75382482427414520525305754099365116099976700289541099671794772733232173913023,34400672126260490653062896037098083926239042304486278032979930681633237080757,0.95,0.96,353.93,180.99,0.01,0.04,0.05,180.99,353.93,0.01,0.955,0.045,0.33835,0.66165,73077.85
1775953556793,2026-04-12T00:25:56.793,btc-updown-15m-1775952900,1775953800,Up,75382482427414520525305754099365116099976700289541099671794772733232173913023,34400672126260490653062896037098083926239042304486278032979930681633237080757,0.95,0.96,482.29,180.99,0.01,0.04,0.05,180.99,482.29,0.01,0.955,0.045,0.272871,0.727129,73077.85
1775953557794,2026-04-12T00:25:57.794,btc-updown-15m-1775952900,1775953800,Up,75382482427414520525305754099365116099976700289541099671794772733232173913023,34400672126260490653062896037098083926239042304486278032979930681633237080757,0.95,0.96,482.29,180.99,0.01,0.04,0.05,180.99,482.29,0.01,0.955,0.045,0.272871,0.727129,73077.85
1775953558795,2026-04-12T00:25:58.795,btc-updown-15m-1775952900,1775953800,Up,75382482427414520525305754099365116099976700289541099671794772733232173913023,34400672126260490653062896037098083926239042304486278032979930681633237080757,0.95,0.96,482.29,180.99,0.01,0.04,0.05,180.99,482.29,0.01,0.955,0.045,0.272871,0.727129,73077.85
1775953559795,2026-04-12T00:25:59.795,btc-updown-15m-1775952900,1775953800,Up,75382482427414520525305754099365116099976700289541099671794772733232173913023,34400672126260490653062896037098083926239042304486278032979930681633237080757,0.95,0.96,460.31,60.99,0.01,0.04,0.05,60.99,460.31,0.01,0.955,0.045,0.116996,0.883004,73077.85
1775953560796,2026-04-12T00:26:00.796,btc-updown-15m-1775952900,1775953800,Up,75382482427414520525305754099365116099976700289541099671794772733232173913023,34400672126260490653062896037098083926239042304486278032979930681633237080757,0.95,0.96,338.75,140.99,0.01,0.04,0.05,140.99,338.75,0.01,0.955,0.045,0.293888,0.706112,73077.85
1775953561797,2026-04-12T00:26:01.797,btc-updown-15m-1775952900,1775953800,Up,75382482427414520525305754099365116099976700289541099671794772733232173913023,34400672126260490653062896037098083926239042304486278032979930681633237080757,0.95,0.96,87.68,151.25,0.01,0.04,0.05,151.25,87.68,0.01,0.955,0.045,0.633031,0.366969,73077.85
1775953562797,2026-04-12T00:26:02.797,btc-updown-15m-1775952900,1775953800,Up,75382482427414520525305754099365116099976700289541099671794772733232173913023,34400672126260490653062896037098083926239042304486278032979930681633237080757,0.96,0.97,82.0,146.06,0.01,0.03,0.04,146.06,82.0,0.01,0.965,0.035,0.640445,0.359555,73077.85
1775953563798,2026-04-12T00:26:03.798,btc-updown-15m-1775952900,1775953800,Up,75382482427414520525305754099365116099976700289541099671794772733232173913023,34400672126260490653062896037098083926239042304486278032979930681633237080757,0.96,0.97,80.96,228.98,0.01,0.03,0.04,228.98,80.96,0.01,0.965,0.035,0.738788,0.261212,73077.85
1775953564799,2026-04-12T00:26:04.799,btc-updown-15m-1775952900,1775953800,Up,75382482427414520525305754099365116099976700289541099671794772733232173913023,34400672126260490653062896037098083926239042304486278032979930681633237080757,0.96,0.97,168.28,239.18,0.01,0.03,0.04,239.18,168.28,0.01,0.965,0.035,0.587002,0.412998,73077.85
1775953565800,2026-04-12T00:26:05.800,btc-updown-15m-1775952900,1775953800,Up,75382482427414520525305754099365116099976700289541099671794772733232173913023,34400672126260490653062896037098083926239042304486278032979930681633237080757,0.96,0.97,147.86,209.18,0.01,0.03,0.04,209.18,147.86,0.01,0.965,0.035,0.585873,0.414127,73077.85
1775953566801,2026-04-12T00:26:06.801,btc-updown-15m-1775952900,1775953800,Up,75382482427414520525305754099365116099976700289541099671794772733232173913023,34400672126260490653062896037098083926239042304486278032979930681633237080757,0.96,0.97,147.86,209.18,0.01,0.03,0.04,209.18,147.86,0.01,0.965,0.035,0.585873,0.414127,73077.85
1775953567801,2026-04-12T00:26:07.801,btc-updown-15m-1775952900,1775953800,Up,75382482427414520525305754099365116099976700289541099671794772733232173913023,34400672126260490653062896037098083926239042304486278032979930681633237080757,0.96,0.97,147.86,146.38,0.01,0.03,0.04,146.38,147.86,0.01,0.965,0.035,0.497485,0.502515,73077.85
1775953568802,2026-04-12T00:26:08.802,btc-updown-15m-1775952900,1775953800,Up,75382482427414520525305754099365116099976700289541099671794772733232173913023,34400672126260490653062896037098083926239042304486278032979930681633237080757,0.96,0.97,147.86,146.38,0.01,0.03,0.04,146.38,147.86,0.01,0.965,0.035,0.497485,0.502515,73077.86
1775953569803,2026-04-12T00:26:09.803,btc-updown-15m-1775952900,1775953800,Up,75382482427414520525305754099365116099976700289541099671794772733232173913023,34400672126260490653062896037098083926239042304486278032979930681633237080757,0.96,0.97,147.86,146.38,0.01,0.03,0.04,146.38,147.86,0.01,0.965,0.035,0.497485,0.502515,73077.86
1775953570805,2026-04-12T00:26:10.805,btc-updown-15m-1775952900,1775953800,Up,75382482427414520525305754099365116099976700289541099671794772733232173913023,34400672126260490653062896037098083926239042304486278032979930681633237080757,0.96,0.97,147.86,146.38,0.01,0.03,0.04,146.38,147.86,0.01,0.965,0.035,0.497485,0.502515,73077.86
1775953571805,2026-04-12T00:26:11.805,btc-updown-15m-1775952900,1775953800,Up,75382482427414520525305754099365116099976700289541099671794772733232173913023,34400672126260490653062896037098083926239042304486278032979930681633237080757,0.96,0.97,147.86,146.38,0.01,0.03,0.04,146.38,147.86,0.01,0.965,0.035,0.497485,0.502515,73077.85
1775953572806,2026-04-12T00:26:12.806,btc-updown-15m-1775952900,1775953800,Up,75382482427414520525305754099365116099976700289541099671794772733232173913023,34400672126260490653062896037098083926239042304486278032979930681633237080757,0.96,0.97,169.86,143.78,0.01,0.03,0.04,143.78,169.86,0.01,0.965,0.035,0.458424,0.541576,73077.85
1775953573808,2026-04-12T00:26:13.808,btc-updown-15m-1775952900,1775953800,Up,75382482427414520525305754099365116099976700289541099671794772733232173913023,34400672126260490653062896037098083926239042304486278032979930681633237080757,0.96,0.97,169.86,118.78,0.01,0.03,0.04,118.78,169.86,0.01,0.965,0.035,0.411516,0.588484,73077.85
1775953574808,2026-04-12T00:26:14.808,btc-updown-15m-1775952900,1775953800,Up,75382482427414520525305754099365116099976700289541099671794772733232173913023,34400672126260490653062896037098083926239042304486278032979930681633237080757,0.96,0.97,169.86,118.78,0.01,0.03,0.04,118.78,169.86,0.01,0.965,0.035,0.411516,0.588484,73077.85
1775953575809,2026-04-12T00:26:15.809,btc-updown-15m-1775952900,1775953800,Up,75382482427414520525305754099365116099976700289541099671794772733232173913023,34400672126260490653062896037098083926239042304486278032979930681633237080757,0.96,0.97,169.86,118.78,0.01,0.03,0.04,118.78,169.86,0.01,0.965,0.035,0.411516,0.588484,73077.85
1775953576810,2026-04-12T00:26:16.810,btc-updown-15m-1775952900,1775953800,Up,75382482427414520525305754099365116099976700289541099671794772733232173913023,34400672126260490653062896037098083926239042304486278032979930681633237080757,0.96,0.97,169.86,118.78,0.01,0.03,0.04,118.78,169.86,0.01,0.965,0.035,0.411516,0.588484,73077.85
1775953577811,2026-04-12T00:26:17.811,btc-updown-15m-1775952900,1775953800,Up,75382482427414520525305754099365116099976700289541099671794772733232173913023,34400672126260490653062896037098083926239042304486278032979930681633237080757,0.96,0.97,187.83,229.18,0.01,0.03,0.04,229.18,187.83,0.01,0.965,0.035,0.549579,0.450421,73077.86
1775953578812,2026-04-12T00:26:18.812,btc-updown-15m-1775952900,1775953800,Up,75382482427414520525305754099365116099976700289541099671794772733232173913023,34400672126260490653062896037098083926239042304486278032979930681633237080757,0.96,0.97,187.83,229.18,0.01,0.03,0.04,229.18,187.83,0.01,0.965,0.035,0.549579,0.450421,73077.86
1775953579813,2026-04-12T00:26:19.813,btc-updown-15m-1775952900,1775953800,Up,75382482427414520525305754099365116099976700289541099671794772733232173913023,34400672126260490653062896037098083926239042304486278032979930681633237080757,0.96,0.97,187.83,229.18,0.01,0.03,0.04,229.18,187.83,0.01,0.965,0.035,0.549579,0.450421,73077.86
1775953580813,2026-04-12T00:26:20.813,btc-updown-15m-1775952900,1775953800,Up,75382482427414520525305754099365116099976700289541099671794772733232173913023,34400672126260490653062896037098083926239042304486278032979930681633237080757,0.96,0.97,187.83,229.18,0.01,0.03,0.04,229.18,187.83,0.01,0.965,0.035,0.549579,0.450421,73077.86
1775953581813,2026-04-12T00:26:21.813,btc-updown-15m-1775952900,1775953800,Up,75382482427414520525305754099365116099976700289541099671794772733232173913023,34400672126260490653062896037098083926239042304486278032979930681633237080757,0.96,0.97,187.83,219.58,0.01,0.03,0.04,219.58,187.83,0.01,0.965,0.035,0.538966,0.461034,73077.86
1775953582813,2026-04-12T00:26:22.813,btc-updown-15m-1775952900,1775953800,Up,75382482427414520525305754099365116099976700289541099671794772733232173913023,34400672126260490653062896037098083926239042304486278032979930681633237080757,0.96,0.97,180.83,219.58,0.01,0.03,0.04,219.58,180.83,0.01,0.965,0.035,0.548388,0.451612,73077.86
1775953583814,2026-04-12T00:26:23.814,btc-updown-15m-1775952900,1775953800,Up,75382482427414520525305754099365116099976700289541099671794772733232173913023,34400672126260490653062896037098083926239042304486278032979930681633237080757,0.96,0.97,185.83,201.84,0.01,0.03,0.04,201.84,185.83,0.01,0.965,0.035,0.520649,0.479351,73078.0
1775953584814,2026-04-12T00:26:24.814,btc-updown-15m-1775952900,1775953800,Up,75382482427414520525305754099365116099976700289541099671794772733232173913023,34400672126260490653062896037098083926239042304486278032979930681633237080757,0.96,0.97,159.78,201.84,0.01,0.03,0.04,201.84,159.78,0.01,0.965,0.035,0.558155,0.441845,73078.0
1775953585815,2026-04-12T00:26:25.815,btc-updown-15m-1775952900,1775953800,Up,75382482427414520525305754099365116099976700289541099671794772733232173913023,34400672126260490653062896037098083926239042304486278032979930681633237080757,0.96,0.97,143.83,201.84,0.01,0.03,0.04,201.84,143.83,0.01,0.965,0.035,0.58391,0.41609,73078.0
1775953586816,2026-04-12T00:26:26.816,btc-updown-15m-1775952900,1775953800,Up,75382482427414520525305754099365116099976700289541099671794772733232173913023,34400672126260490653062896037098083926239042304486278032979930681633237080757,0.97,0.98,679.74,250.64,0.01,0.02,0.03,250.64,679.74,0.01,0.975,0.025,0.269395,0.730605,73077.99
1775953587816,2026-04-12T00:26:27.816,btc-updown-15m-1775952900,1775953800,Up,75382482427414520525305754099365116099976700289541099671794772733232173913023,34400672126260490653062896037098083926239042304486278032979930681633237080757,0.97,0.98,685.74,368.91,0.01,0.02,0.03,368.91,685.74,0.01,0.975,0.025,0.349794,0.650206,73077.99
1775953588817,2026-04-12T00:26:28.817,btc-updown-15m-1775952900,1775953800,Up,75382482427414520525305754099365116099976700289541099671794772733232173913023,34400672126260490653062896037098083926239042304486278032979930681633237080757,0.97,0.98,655.12,344.91,0.01,0.02,0.03,344.91,655.12,0.01,0.975,0.025,0.3449,0.6551,73077.99
1775953589818,2026-04-12T00:26:29.818,btc-updown-15m-1775952900,1775953800,Up,75382482427414520525305754099365116099976700289541099671794772733232173913023,34400672126260490653062896037098083926239042304486278032979930681633237080757,0.97,0.98,655.12,344.91,0.01,0.02,0.03,344.91,655.12,0.01,0.975,0.025,0.3449,0.6551,73078.0
1775953590818,2026-04-12T00:26:30.818,btc-updown-15m-1775952900,1775953800,Up,75382482427414520525305754099365116099976700289541099671794772733232173913023,34400672126260490653062896037098083926239042304486278032979930681633237080757,0.97,0.98,655.12,344.91,0.01,0.02,0.03,344.91,655.12,0.01,0.975,0.025,0.3449,0.6551,73078.0
1775953591819,2026-04-12T00:26:31.819,btc-updown-15m-1775952900,1775953800,Up,75382482427414520525305754099365116099976700289541099671794772733232173913023,34400672126260490653062896037098083926239042304486278032979930681633237080757,0.97,0.98,720.12,140.25,0.01,0.02,0.03,140.25,720.12,0.01,0.975,0.025,0.163011,0.836989,73078.0
1775953592820,2026-04-12T00:26:32.820,btc-updown-15m-1775952900,1775953800,Up,75382482427414520525305754099365116099976700289541099671794772733232173913023,34400672126260490653062896037098083926239042304486278032979930681633237080757,0.97,0.98,663.07,60.25,0.01,0.02,0.03,60.25,663.07,0.01,0.975,0.025,0.083296,0.916704,73077.99
1775953593822,2026-04-12T00:26:33.822,btc-updown-15m-1775952900,1775953800,Up,75382482427414520525305754099365116099976700289541099671794772733232173913023,34400672126260490653062896037098083926239042304486278032979930681633237080757,0.97,0.98,663.07,60.25,0.01,0.02,0.03,60.25,663.07,0.01,0.975,0.025,0.083296,0.916704,73077.99
1775953594823,2026-04-12T00:26:34.823,btc-updown-15m-1775952900,1775953800,Up,75382482427414520525305754099365116099976700289541099671794772733232173913023,34400672126260490653062896037098083926239042304486278032979930681633237080757,0.97,0.98,202.47,55.25,0.01,0.02,0.03,55.25,202.47,0.01,0.975,0.025,0.21438,0.78562,73077.99
1775953595824,2026-04-12T00:26:35.824,btc-updown-15m-1775952900,1775953800,Up,75382482427414520525305754099365116099976700289541099671794772733232173913023,34400672126260490653062896037098083926239042304486278032979930681633237080757,0.96,0.98,217.47,243.95,0.02,0.02,0.04,243.95,217.47,0.02,0.97,0.03,0.528694,0.471306,73080.96
1775953596825,2026-04-12T00:26:36.825,btc-updown-15m-1775952900,1775953800,Up,75382482427414520525305754099365116099976700289541099671794772733232173913023,34400672126260490653062896037098083926239042304486278032979930681633237080757,0.96,0.98,217.47,243.95,0.02,0.02,0.04,243.95,217.47,0.02,0.97,0.03,0.528694,0.471306,73080.96
1775953597826,2026-04-12T00:26:37.826,btc-updown-15m-1775952900,1775953800,Up,75382482427414520525305754099365116099976700289541099671794772733232173913023,34400672126260490653062896037098083926239042304486278032979930681633237080757,0.96,0.98,217.47,243.95,0.02,0.02,0.04,243.95,217.47,0.02,0.97,0.03,0.528694,0.471306,73080.96
1775953598826,2026-04-12T00:26:38.826,btc-updown-15m-1775952900,1775953800,Up,75382482427414520525305754099365116099976700289541099671794772733232173913023,34400672126260490653062896037098083926239042304486278032979930681633237080757,0.96,0.98,217.47,243.95,0.02,0.02,0.04,243.95,217.47,0.02,0.97,0.03,0.528694,0.471306,73080.96
1775953599827,2026-04-12T00:26:39.827,btc-updown-15m-1775952900,1775953800,Up,75382482427414520525305754099365116099976700289541099671794772733232173913023,34400672126260490653062896037098083926239042304486278032979930681633237080757,0.96,0.98,217.47,243.95,0.02,0.02,0.04,243.95,217.47,0.02,0.97,0.03,0.528694,0.471306,73080.96
1775953600828,2026-04-12T00:26:40.828,btc-updown-15m-1775952900,1775953800,Up,75382482427414520525305754099365116099976700289541099671794772733232173913023,34400672126260490653062896037098083926239042304486278032979930681633237080757,0.94,0.95,126.43,172.6,0.01,0.05,0.06,172.6,126.43,0.01,0.945,0.055,0.5772,0.4228,73080.96
1775953601828,2026-04-12T00:26:41.828,btc-updown-15m-1775952900,1775953800,Up,75382482427414520525305754099365116099976700289541099671794772733232173913023,34400672126260490653062896037098083926239042304486278032979930681633237080757,0.93,0.95,391.43,207.15,0.02,0.05,0.07,207.15,391.43,0.02,0.94,0.06,0.346069,0.653931,73069.52
1775953602829,2026-04-12T00:26:42.829,btc-updown-15m-1775952900,1775953800,Up,75382482427414520525305754099365116099976700289541099671794772733232173913023,34400672126260490653062896037098083926239042304486278032979930681633237080757,0.94,0.95,524.43,36.82,0.01,0.05,0.06,36.82,524.43,0.01,0.945,0.055,0.065604,0.934396,73069.52
1775953603829,2026-04-12T00:26:43.829,btc-updown-15m-1775952900,1775953800,Up,75382482427414520525305754099365116099976700289541099671794772733232173913023,34400672126260490653062896037098083926239042304486278032979930681633237080757,0.92,0.93,5.0,126.58,0.01,0.07,0.08,126.58,5.0,0.01,0.925,0.075,0.962,0.038,73069.52
1775953604830,2026-04-12T00:26:44.830,btc-updown-15m-1775952900,1775953800,Up,75382482427414520525305754099365116099976700289541099671794772733232173913023,34400672126260490653062896037098083926239042304486278032979930681633237080757,0.92,0.93,9.62,206.03,0.01,0.07,0.08,206.03,9.62,0.01,0.925,0.075,0.955391,0.044609,73065.0
1775953605831,2026-04-12T00:26:45.831,btc-updown-15m-1775952900,1775953800,Up,75382482427414520525305754099365116099976700289541099671794772733232173913023,34400672126260490653062896037098083926239042304486278032979930681633237080757,0.92,0.93,9.62,206.03,0.01,0.07,0.08,206.03,9.62,0.01,0.925,0.075,0.955391,0.044609,73065.0
1775953606832,2026-04-12T00:26:46.832,btc-updown-15m-1775952900,1775953800,Up,75382482427414520525305754099365116099976700289541099671794772733232173913023,34400672126260490653062896037098083926239042304486278032979930681633237080757,0.92,0.93,9.62,206.03,0.01,0.07,0.08,206.03,9.62,0.01,0.925,0.075,0.955391,0.044609,73065.0
1775953607833,2026-04-12T00:26:47.833,btc-updown-15m-1775952900,1775953800,Up,75382482427414520525305754099365116099976700289541099671794772733232173913023,34400672126260490653062896037098083926239042304486278032979930681633237080757,0.92,0.93,9.62,206.03,0.01,0.07,0.08,206.03,9.62,0.01,0.925,0.075,0.955391,0.044609,73062.19
1775953608834,2026-04-12T00:26:48.834,btc-updown-15m-1775952900,1775953800,Up,75382482427414520525305754099365116099976700289541099671794772733232173913023,34400672126260490653062896037098083926239042304486278032979930681633237080757,0.92,0.93,9.62,206.03,0.01,0.07,0.08,206.03,9.62,0.01,0.925,0.075,0.955391,0.044609,73062.19
1775953609835,2026-04-12T00:26:49.835,btc-updown-15m-1775952900,1775953800,Up,75382482427414520525305754099365116099976700289541099671794772733232173913023,34400672126260490653062896037098083926239042304486278032979930681633237080757,0.92,0.93,48.62,135.0,0.01,0.07,0.08,135.0,48.62,0.01,0.925,0.075,0.735214,0.264786,73062.19
1775953610836,2026-04-12T00:26:50.836,btc-updown-15m-1775952900,1775953800,Up,75382482427414520525305754099365116099976700289541099671794772733232173913023,34400672126260490653062896037098083926239042304486278032979930681633237080757,0.92,0.93,2.97,147.0,0.01,0.07,0.08,147.0,2.97,0.01,0.925,0.075,0.980196,0.019804,73062.2
1775953611837,2026-04-12T00:26:51.837,btc-updown-15m-1775952900,1775953800,Up,75382482427414520525305754099365116099976700289541099671794772733232173913023,34400672126260490653062896037098083926239042304486278032979930681633237080757,0.92,0.93,2.97,119.46,0.01,0.07,0.08,119.46,2.97,0.01,0.925,0.075,0.975741,0.024259,73062.2
1775953612837,2026-04-12T00:26:52.837,btc-updown-15m-1775952900,1775953800,Up,75382482427414520525305754099365116099976700289541099671794772733232173913023,34400672126260490653062896037098083926239042304486278032979930681633237080757,0.92,0.93,2.97,119.46,0.01,0.07,0.08,119.46,2.97,0.01,0.925,0.075,0.975741,0.024259,73062.2
1775953613838,2026-04-12T00:26:53.838,btc-updown-15m-1775952900,1775953800,Up,75382482427414520525305754099365116099976700289541099671794772733232173913023,34400672126260490653062896037098083926239042304486278032979930681633237080757,0.91,0.92,143.5,69.8,0.01,0.08,0.09,69.8,143.5,0.01,0.915,0.085,0.327239,0.672761,73058.11
1775953614839,2026-04-12T00:26:54.839,btc-updown-15m-1775952900,1775953800,Up,75382482427414520525305754099365116099976700289541099671794772733232173913023,34400672126260490653062896037098083926239042304486278032979930681633237080757,0.91,0.93,81.0,84.8,0.02,0.07,0.09,84.8,81.0,0.02,0.92,0.08,0.51146,0.48854,73058.11
1775953615839,2026-04-12T00:26:55.839,btc-updown-15m-1775952900,1775953800,Up,75382482427414520525305754099365116099976700289541099671794772733232173913023,34400672126260490653062896037098083926239042304486278032979930681633237080757,0.91,0.92,31.96,69.8,0.01,0.08,0.09,69.8,31.96,0.01,0.915,0.085,0.685928,0.314072,73058.11
1775953616840,2026-04-12T00:26:56.840,btc-updown-15m-1775952900,1775953800,Up,75382482427414520525305754099365116099976700289541099671794772733232173913023,34400672126260490653062896037098083926239042304486278032979930681633237080757,0.91,0.92,46.0,69.8,0.01,0.08,0.09,69.8,46.0,0.01,0.915,0.085,0.602763,0.397237,73058.1
1775953617840,2026-04-12T00:26:57.840,btc-updown-15m-1775952900,1775953800,Up,75382482427414520525305754099365116099976700289541099671794772733232173913023,34400672126260490653062896037098083926239042304486278032979930681633237080757,0.91,0.92,46.0,69.8,0.01,0.08,0.09,69.8,46.0,0.01,0.915,0.085,0.602763,0.397237,73058.1
1775953618840,2026-04-12T00:26:58.840,btc-updown-15m-1775952900,1775953800,Up,75382482427414520525305754099365116099976700289541099671794772733232173913023,34400672126260490653062896037098083926239042304486278032979930681633237080757,0.91,0.92,46.0,69.8,0.01,0.08,0.09,69.8,46.0,0.01,0.915,0.085,0.602763,0.397237,73058.1
1775953619841,2026-04-12T00:26:59.841,btc-updown-15m-1775952900,1775953800,Up,75382482427414520525305754099365116099976700289541099671794772733232173913023,34400672126260490653062896037098083926239042304486278032979930681633237080757,0.91,0.92,46.0,69.8,0.01,0.08,0.09,69.8,46.0,0.01,0.915,0.085,0.602763,0.397237,73058.11
1775953620842,2026-04-12T00:27:00.842,btc-updown-15m-1775952900,1775953800,Up,75382482427414520525305754099365116099976700289541099671794772733232173913023,34400672126260490653062896037098083926239042304486278032979930681633237080757,0.91,0.92,73.97,89.8,0.01,0.08,0.09,89.8,73.97,0.01,0.915,0.085,0.54833,0.45167,73058.11
1775953621843,2026-04-12T00:27:01.843,btc-updown-15m-1775952900,1775953800,Up,75382482427414520525305754099365116099976700289541099671794772733232173913023,34400672126260490653062896037098083926239042304486278032979930681633237080757,0.91,0.93,43.4,134.8,0.02,0.07,0.09,134.8,43.4,0.02,0.92,0.08,0.756453,0.243547,73058.11
1775953622844,2026-04-12T00:27:02.844,btc-updown-15m-1775952900,1775953800,Up,75382482427414520525305754099365116099976700289541099671794772733232173913023,34400672126260490653062896037098083926239042304486278032979930681633237080757,0.94,0.95,147.44,232.0,0.01,0.05,0.06,232.0,147.44,0.01,0.945,0.055,0.611427,0.388573,73065.41
1775953623844,2026-04-12T00:27:03.844,btc-updown-15m-1775952900,1775953800,Up,75382482427414520525305754099365116099976700289541099671794772733232173913023,34400672126260490653062896037098083926239042304486278032979930681633237080757,0.95,0.96,146.95,78.0,0.01,0.04,0.05,78.0,146.95,0.01,0.955,0.045,0.346744,0.653256,73065.41
1775953624845,2026-04-12T00:27:04.845,btc-updown-15m-1775952900,1775953800,Up,75382482427414520525305754099365116099976700289541099671794772733232173913023,34400672126260490653062896037098083926239042304486278032979930681633237080757,0.95,0.96,91.24,289.52,0.01,0.04,0.05,289.52,91.24,0.01,0.955,0.045,0.760374,0.239626,73065.41
1775953625846,2026-04-12T00:27:05.846,btc-updown-15m-1775952900,1775953800,Up,75382482427414520525305754099365116099976700289541099671794772733232173913023,34400672126260490653062896037098083926239042304486278032979930681633237080757,0.95,0.96,68.74,75.5,0.01,0.04,0.05,75.5,68.74,0.01,0.955,0.045,0.523433,0.476567,73070.44
1775953626846,2026-04-12T00:27:06.846,btc-updown-15m-1775952900,1775953800,Up,75382482427414520525305754099365116099976700289541099671794772733232173913023,34400672126260490653062896037098083926239042304486278032979930681633237080757,0.95,0.96,64.75,75.5,0.01,0.04,0.05,75.5,64.75,0.01,0.955,0.045,0.538324,0.461676,73070.44
1775953627847,2026-04-12T00:27:07.847,btc-updown-15m-1775952900,1775953800,Up,75382482427414520525305754099365116099976700289541099671794772733232173913023,34400672126260490653062896037098083926239042304486278032979930681633237080757,0.96,0.97,141.1,99.0,0.01,0.03,0.04,99.0,141.1,0.01,0.965,0.035,0.412328,0.587672,73070.44
1775953628847,2026-04-12T00:27:08.847,btc-updown-15m-1775952900,1775953800,Up,75382482427414520525305754099365116099976700289541099671794772733232173913023,34400672126260490653062896037098083926239042304486278032979930681633237080757,0.96,0.97,96.96,129.0,0.01,0.03,0.04,212.0,96.96,0.01,0.965,0.035,0.570898,0.313827,73076.02
1775953629848,2026-04-12T00:27:09.848,btc-updown-15m-1775952900,1775953800,Up,75382482427414520525305754099365116099976700289541099671794772733232173913023,34400672126260490653062896037098083926239042304486278032979930681633237080757,0.96,0.97,96.96,212.0,0.01,0.03,0.04,212.0,96.96,0.01,0.965,0.035,0.686173,0.313827,73076.02
1775953630848,2026-04-12T00:27:10.848,btc-updown-15m-1775952900,1775953800,Up,75382482427414520525305754099365116099976700289541099671794772733232173913023,34400672126260490653062896037098083926239042304486278032979930681633237080757,0.96,0.97,96.96,212.0,0.01,0.03,0.04,212.0,96.96,0.01,0.965,0.035,0.686173,0.313827,73076.02
1775953631850,2026-04-12T00:27:11.850,btc-updown-15m-1775952900,1775953800,Up,75382482427414520525305754099365116099976700289541099671794772733232173913023,34400672126260490653062896037098083926239042304486278032979930681633237080757,0.96,0.97,96.96,212.0,0.01,0.03,0.04,212.0,96.96,0.01,0.965,0.035,0.686173,0.313827,73084.71
1775953632850,2026-04-12T00:27:12.850,btc-updown-15m-1775952900,1775953800,Up,75382482427414520525305754099365116099976700289541099671794772733232173913023,34400672126260490653062896037098083926239042304486278032979930681633237080757,0.96,0.97,100.92,187.68,0.01,0.03,0.04,187.68,100.92,0.01,0.965,0.035,0.650312,0.349688,73084.71
1775953633851,2026-04-12T00:27:13.851,btc-updown-15m-1775952900,1775953800,Up,75382482427414520525305754099365116099976700289541099671794772733232173913023,34400672126260490653062896037098083926239042304486278032979930681633237080757,0.96,0.97,98.84,187.68,0.01,0.03,0.04,187.68,98.84,0.01,0.965,0.035,0.655033,0.344967,73084.71
1775953634852,2026-04-12T00:27:14.852,btc-updown-15m-1775952900,1775953800,Up,75382482427414520525305754099365116099976700289541099671794772733232173913023,34400672126260490653062896037098083926239042304486278032979930681633237080757,0.96,0.97,97.8,187.68,0.01,0.03,0.04,187.68,97.8,0.01,0.965,0.035,0.657419,0.342581,73084.7
1775953635854,2026-04-12T00:27:15.854,btc-updown-15m-1775952900,1775953800,Up,75382482427414520525305754099365116099976700289541099671794772733232173913023,34400672126260490653062896037098083926239042304486278032979930681633237080757,0.96,0.97,96.07,211.0,0.01,0.03,0.04,211.0,96.07,0.01,0.965,0.035,0.68714,0.31286,73084.7
1775953636855,2026-04-12T00:27:16.855,btc-updown-15m-1775952900,1775953800,Up,75382482427414520525305754099365116099976700289541099671794772733232173913023,34400672126260490653062896037098083926239042304486278032979930681633237080757,0.96,0.97,93.0,221.0,0.01,0.03,0.04,221.0,93.0,0.01,0.965,0.035,0.703822,0.296178,73084.7
1775953637856,2026-04-12T00:27:17.856,btc-updown-15m-1775952900,1775953800,Up,75382482427414520525305754099365116099976700289541099671794772733232173913023,34400672126260490653062896037098083926239042304486278032979930681633237080757,0.96,0.97,90.92,221.0,0.01,0.03,0.04,221.0,90.92,0.01,0.965,0.035,0.708515,0.291485,73084.7
1775953638856,2026-04-12T00:27:18.856,btc-updown-15m-1775952900,1775953800,Up,75382482427414520525305754099365116099976700289541099671794772733232173913023,34400672126260490653062896037098083926239042304486278032979930681633237080757,0.96,0.97,90.92,221.0,0.01,0.03,0.04,221.0,90.92,0.01,0.965,0.035,0.708515,0.291485,73084.7
1775953639859,2026-04-12T00:27:19.859,btc-updown-15m-1775952900,1775953800,Up,75382482427414520525305754099365116099976700289541099671794772733232173913023,34400672126260490653062896037098083926239042304486278032979930681633237080757,0.98,0.99,8156.43,72.05,0.01,0.01,0.02,72.05,8156.43,0.01,0.985,0.015,0.008756,0.991244,73084.7
1775953640859,2026-04-12T00:27:20.859,btc-updown-15m-1775952900,1775953800,Up,75382482427414520525305754099365116099976700289541099671794772733232173913023,34400672126260490653062896037098083926239042304486278032979930681633237080757,0.98,0.99,8084.45,193.11,0.01,0.01,0.02,193.11,8084.45,0.01,0.985,0.015,0.023329,0.976671,73084.7
1775953641860,2026-04-12T00:27:21.860,btc-updown-15m-1775952900,1775953800,Up,75382482427414520525305754099365116099976700289541099671794772733232173913023,34400672126260490653062896037098083926239042304486278032979930681633237080757,0.98,0.99,8084.45,182.99,0.01,0.01,0.02,182.99,8084.45,0.01,0.985,0.015,0.022134,0.977866,73084.7
1775953642861,2026-04-12T00:27:22.861,btc-updown-15m-1775952900,1775953800,Up,75382482427414520525305754099365116099976700289541099671794772733232173913023,34400672126260490653062896037098083926239042304486278032979930681633237080757,0.96,0.97,191.0,112.52,0.01,0.03,0.04,112.52,191.0,0.01,0.965,0.035,0.370717,0.629283,73084.7
1775953643861,2026-04-12T00:27:23.861,btc-updown-15m-1775952900,1775953800,Up,75382482427414520525305754099365116099976700289541099671794772733232173913023,34400672126260490653062896037098083926239042304486278032979930681633237080757,0.96,0.97,191.0,112.52,0.01,0.03,0.04,112.52,191.0,0.01,0.965,0.035,0.370717,0.629283,73080.81
1775953644863,2026-04-12T00:27:24.863,btc-updown-15m-1775952900,1775953800,Up,75382482427414520525305754099365116099976700289541099671794772733232173913023,34400672126260490653062896037098083926239042304486278032979930681633237080757,0.96,0.97,191.0,112.52,0.01,0.03,0.04,112.52,191.0,0.01,0.965,0.035,0.370717,0.629283,73080.81
1775953645864,2026-04-12T00:27:25.864,btc-updown-15m-1775952900,1775953800,Up,75382482427414520525305754099365116099976700289541099671794772733232173913023,34400672126260490653062896037098083926239042304486278032979930681633237080757,0.96,0.97,284.56,117.52,0.01,0.03,0.04,117.52,284.56,0.01,0.965,0.035,0.29228,0.70772,73080.81
1775953646865,2026-04-12T00:27:26.865,btc-updown-15m-1775952900,1775953800,Up,75382482427414520525305754099365116099976700289541099671794772733232173913023,34400672126260490653062896037098083926239042304486278032979930681633237080757,0.96,0.97,286.49,117.52,0.01,0.03,0.04,117.52,286.49,0.01,0.965,0.035,0.290884,0.709116,73080.81
1775953647867,2026-04-12T00:27:27.867,btc-updown-15m-1775952900,1775953800,Up,75382482427414520525305754099365116099976700289541099671794772733232173913023,34400672126260490653062896037098083926239042304486278032979930681633237080757,0.96,0.97,286.49,117.52,0.01,0.03,0.04,117.52,286.49,0.01,0.965,0.035,0.290884,0.709116,73080.81
1775953648868,2026-04-12T00:27:28.868,btc-updown-15m-1775952900,1775953800,Up,75382482427414520525305754099365116099976700289541099671794772733232173913023,34400672126260490653062896037098083926239042304486278032979930681633237080757,0.96,0.97,284.94,117.52,0.01,0.03,0.04,117.52,284.94,0.01,0.965,0.035,0.292004,0.707996,73080.81
1775953649868,2026-04-12T00:27:29.868,btc-updown-15m-1775952900,1775953800,Up,75382482427414520525305754099365116099976700289541099671794772733232173913023,34400672126260490653062896037098083926239042304486278032979930681633237080757,0.94,0.95,87.31,160.0,0.01,0.05,0.06,160.0,87.31,0.01,0.945,0.055,0.646961,0.353039,73072.56
1775953650869,2026-04-12T00:27:30.869,btc-updown-15m-1775952900,1775953800,Up,75382482427414520525305754099365116099976700289541099671794772733232173913023,34400672126260490653062896037098083926239042304486278032979930681633237080757,0.94,0.95,97.84,165.0,0.01,0.05,0.06,165.0,97.84,0.01,0.945,0.055,0.627758,0.372242,73072.56
1775953651870,2026-04-12T00:27:31.870,btc-updown-15m-1775952900,1775953800,Up,75382482427414520525305754099365116099976700289541099671794772733232173913023,34400672126260490653062896037098083926239042304486278032979930681633237080757,0.94,0.95,97.84,165.0,0.01,0.05,0.06,165.0,97.84,0.01,0.945,0.055,0.627758,0.372242,73072.56
1775953652872,2026-04-12T00:27:32.872,btc-updown-15m-1775952900,1775953800,Up,75382482427414520525305754099365116099976700289541099671794772733232173913023,34400672126260490653062896037098083926239042304486278032979930681633237080757,0.94,0.95,97.84,165.0,0.01,0.05,0.06,165.0,97.84,0.01,0.945,0.055,0.627758,0.372242,73072.57
1775953653873,2026-04-12T00:27:33.873,btc-updown-15m-1775952900,1775953800,Up,75382482427414520525305754099365116099976700289541099671794772733232173913023,34400672126260490653062896037098083926239042304486278032979930681633237080757,0.94,0.95,97.84,428.21,0.01,0.05,0.06,428.21,97.84,0.01,0.945,0.055,0.81401,0.18599,73072.57
1775953654874,2026-04-12T00:27:34.874,btc-updown-15m-1775952900,1775953800,Up,75382482427414520525305754099365116099976700289541099671794772733232173913023,34400672126260490653062896037098083926239042304486278032979930681633237080757,0.94,0.95,97.84,428.21,0.01,0.05,0.06,428.21,97.84,0.01,0.945,0.055,0.81401,0.18599,73072.57
1775953655875,2026-04-12T00:27:35.875,btc-updown-15m-1775952900,1775953800,Up,75382482427414520525305754099365116099976700289541099671794772733232173913023,34400672126260490653062896037098083926239042304486278032979930681633237080757,0.94,0.95,96.78,428.21,0.01,0.05,0.06,428.21,96.78,0.01,0.945,0.055,0.815654,0.184346,73072.57
1775953656876,2026-04-12T00:27:36.876,btc-updown-15m-1775952900,1775953800,Up,75382482427414520525305754099365116099976700289541099671794772733232173913023,34400672126260490653062896037098083926239042304486278032979930681633237080757,0.94,0.96,155.04,484.88,0.02,0.04,0.06,484.88,155.04,0.02,0.95,0.05,0.75772,0.24228,73072.57
1775953657877,2026-04-12T00:27:37.877,btc-updown-15m-1775952900,1775953800,Up,75382482427414520525305754099365116099976700289541099671794772733232173913023,34400672126260490653062896037098083926239042304486278032979930681633237080757,0.95,0.96,242.04,39.0,0.01,0.04,0.05,39.0,242.04,0.01,0.955,0.045,0.13877,0.86123,73072.57
1775953658877,2026-04-12T00:27:38.877,btc-updown-15m-1775952900,1775953800,Up,75382482427414520525305754099365116099976700289541099671794772733232173913023,34400672126260490653062896037098083926239042304486278032979930681633237080757,0.95,0.96,242.04,39.0,0.01,0.04,0.05,39.0,242.04,0.01,0.955,0.045,0.13877,0.86123,73072.56
1775953659877,2026-04-12T00:27:39.877,btc-updown-15m-1775952900,1775953800,Up,75382482427414520525305754099365116099976700289541099671794772733232173913023,34400672126260490653062896037098083926239042304486278032979930681633237080757,0.95,0.96,236.04,66.0,0.01,0.04,0.05,66.0,236.04,0.01,0.955,0.045,0.218514,0.781486,73072.56
1775953660880,2026-04-12T00:27:40.880,btc-updown-15m-1775952900,1775953800,Up,75382482427414520525305754099365116099976700289541099671794772733232173913023,34400672126260490653062896037098083926239042304486278032979930681633237080757,0.95,0.96,236.04,134.0,0.01,0.04,0.05,134.0,236.04,0.01,0.955,0.045,0.362123,0.637877,73072.56
1775953661881,2026-04-12T00:27:41.881,btc-updown-15m-1775952900,1775953800,Up,75382482427414520525305754099365116099976700289541099671794772733232173913023,34400672126260490653062896037098083926239042304486278032979930681633237080757,0.95,0.96,236.04,134.0,0.01,0.04,0.05,134.0,236.04,0.01,0.955,0.045,0.362123,0.637877,73072.56
1775953662881,2026-04-12T00:27:42.881,btc-updown-15m-1775952900,1775953800,Up,75382482427414520525305754099365116099976700289541099671794772733232173913023,34400672126260490653062896037098083926239042304486278032979930681633237080757,0.95,0.97,97.26,161.0,0.02,0.03,0.05,161.0,97.26,0.02,0.96,0.04,0.623403,0.376597,73072.56
1775953663882,2026-04-12T00:27:43.882,btc-updown-15m-1775952900,1775953800,Up,75382482427414520525305754099365116099976700289541099671794772733232173913023,34400672126260490653062896037098083926239042304486278032979930681633237080757,0.95,0.97,97.26,161.0,0.02,0.03,0.05,161.0,97.26,0.02,0.96,0.04,0.623403,0.376597,73072.56
1775953664883,2026-04-12T00:27:44.883,btc-updown-15m-1775952900,1775953800,Up,75382482427414520525305754099365116099976700289541099671794772733232173913023,34400672126260490653062896037098083926239042304486278032979930681633237080757,0.95,0.97,97.26,161.0,0.02,0.03,0.05,161.0,97.26,0.02,0.96,0.04,0.623403,0.376597,73072.56
1775953665884,2026-04-12T00:27:45.884,btc-updown-15m-1775952900,1775953800,Up,75382482427414520525305754099365116099976700289541099671794772733232173913023,34400672126260490653062896037098083926239042304486278032979930681633237080757,0.96,0.97,205.26,209.0,0.01,0.03,0.04,209.0,205.26,0.01,0.965,0.035,0.504514,0.495486,73072.56
1775953666885,2026-04-12T00:27:46.885,btc-updown-15m-1775952900,1775953800,Up,75382482427414520525305754099365116099976700289541099671794772733232173913023,34400672126260490653062896037098083926239042304486278032979930681633237080757,0.96,0.97,173.23,224.0,0.01,0.03,0.04,224.0,173.23,0.01,0.965,0.035,0.563905,0.436095,73072.56
1775953667885,2026-04-12T00:27:47.885,btc-updown-15m-1775952900,1775953800,Up,75382482427414520525305754099365116099976700289541099671794772733232173913023,34400672126260490653062896037098083926239042304486278032979930681633237080757,0.96,0.97,173.23,224.0,0.01,0.03,0.04,224.0,173.23,0.01,0.965,0.035,0.563905,0.436095,73072.56
1775953668886,2026-04-12T00:27:48.886,btc-updown-15m-1775952900,1775953800,Up,75382482427414520525305754099365116099976700289541099671794772733232173913023,34400672126260490653062896037098083926239042304486278032979930681633237080757,0.96,0.98,436.0,334.0,0.02,0.02,0.04,334.0,436.0,0.02,0.97,0.03,0.433766,0.566234,73072.56
1775953669886,2026-04-12T00:27:49.886,btc-updown-15m-1775952900,1775953800,Up,75382482427414520525305754099365116099976700289541099671794772733232173913023,34400672126260490653062896037098083926239042304486278032979930681633237080757,0.96,0.98,436.0,334.0,0.02,0.02,0.04,334.0,436.0,0.02,0.97,0.03,0.433766,0.566234,73072.56
1775953670888,2026-04-12T00:27:50.888,btc-updown-15m-1775952900,1775953800,Up,75382482427414520525305754099365116099976700289541099671794772733232173913023,34400672126260490653062896037098083926239042304486278032979930681633237080757,0.96,0.98,436.0,334.0,0.02,0.02,0.04,334.0,436.0,0.02,0.97,0.03,0.433766,0.566234,73079.87
1775953671888,2026-04-12T00:27:51.888,btc-updown-15m-1775952900,1775953800,Up,75382482427414520525305754099365116099976700289541099671794772733232173913023,34400672126260490653062896037098083926239042304486278032979930681633237080757,0.97,0.98,434.92,228.0,0.01,0.02,0.03,228.0,434.92,0.01,0.975,0.025,0.343933,0.656067,73079.87
1775953672889,2026-04-12T00:27:52.889,btc-updown-15m-1775952900,1775953800,Up,75382482427414520525305754099365116099976700289541099671794772733232173913023,34400672126260490653062896037098083926239042304486278032979930681633237080757,0.97,0.98,338.0,193.0,0.01,0.02,0.03,193.0,338.0,0.01,0.975,0.025,0.363465,0.636535,73079.87
1775953673889,2026-04-12T00:27:53.889,btc-updown-15m-1775952900,1775953800,Up,75382482427414520525305754099365116099976700289541099671794772733232173913023,34400672126260490653062896037098083926239042304486278032979930681633237080757,0.97,0.98,338.0,193.0,0.01,0.02,0.03,193.0,338.0,0.01,0.975,0.025,0.363465,0.636535,73079.87
1775953674889,2026-04-12T00:27:54.889,btc-updown-15m-1775952900,1775953800,Up,75382482427414520525305754099365116099976700289541099671794772733232173913023,34400672126260490653062896037098083926239042304486278032979930681633237080757,0.97,0.98,436.0,199.72,0.01,0.02,0.03,199.72,436.0,0.01,0.975,0.025,0.314163,0.685837,73079.87
1775953675891,2026-04-12T00:27:55.891,btc-updown-15m-1775952900,1775953800,Up,75382482427414520525305754099365116099976700289541099671794772733232173913023,34400672126260490653062896037098083926239042304486278032979930681633237080757,0.97,0.98,436.0,199.72,0.01,0.02,0.03,199.72,436.0,0.01,0.975,0.025,0.314163,0.685837,73079.87
1775953676891,2026-04-12T00:27:56.891,btc-updown-15m-1775952900,1775953800,Up,75382482427414520525305754099365116099976700289541099671794772733232173913023,34400672126260490653062896037098083926239042304486278032979930681633237080757,0.97,0.98,436.0,177.36,0.01,0.02,0.03,177.36,436.0,0.01,0.975,0.025,0.289161,0.710839,73079.87
1775953677892,2026-04-12T00:27:57.892,btc-updown-15m-1775952900,1775953800,Up,75382482427414520525305754099365116099976700289541099671794772733232173913023,34400672126260490653062896037098083926239042304486278032979930681633237080757,0.97,0.98,436.0,177.36,0.01,0.02,0.03,177.36,436.0,0.01,0.975,0.025,0.289161,0.710839,73079.87
1775953678893,2026-04-12T00:27:58.893,btc-updown-15m-1775952900,1775953800,Up,75382482427414520525305754099365116099976700289541099671794772733232173913023,34400672126260490653062896037098083926239042304486278032979930681633237080757,0.97,0.98,436.0,177.36,0.01,0.02,0.03,177.36,436.0,0.01,0.975,0.025,0.289161,0.710839,73079.87
1775953679895,2026-04-12T00:27:59.895,btc-updown-15m-1775952900,1775953800,Up,75382482427414520525305754099365116099976700289541099671794772733232173913023,34400672126260490653062896037098083926239042304486278032979930681633237080757,0.97,0.98,436.0,177.36,0.01,0.02,0.03,177.36,436.0,0.01,0.975,0.025,0.289161,0.710839,73079.88
1775953680896,2026-04-12T00:28:00.896,btc-updown-15m-1775952900,1775953800,Up,75382482427414520525305754099365116099976700289541099671794772733232173913023,34400672126260490653062896037098083926239042304486278032979930681633237080757,0.97,0.98,355.95,177.36,0.01,0.02,0.03,177.36,355.95,0.01,0.975,0.025,0.332565,0.667435,73079.88
1775953681896,2026-04-12T00:28:01.896,btc-updown-15m-1775952900,1775953800,Up,75382482427414520525305754099365116099976700289541099671794772733232173913023,34400672126260490653062896037098083926239042304486278032979930681633237080757,0.97,0.98,253.95,217.36,0.01,0.02,0.03,217.36,253.95,0.01,0.975,0.025,0.461183,0.538817,73079.88
1775953682897,2026-04-12T00:28:02.897,btc-updown-15m-1775952900,1775953800,Up,75382482427414520525305754099365116099976700289541099671794772733232173913023,34400672126260490653062896037098083926239042304486278032979930681633237080757,0.97,0.98,253.95,217.36,0.01,0.02,0.03,217.36,253.95,0.01,0.975,0.025,0.461183,0.538817,73070.36
1775953683898,2026-04-12T00:28:03.898,btc-updown-15m-1775952900,1775953800,Up,75382482427414520525305754099365116099976700289541099671794772733232173913023,34400672126260490653062896037098083926239042304486278032979930681633237080757,0.96,0.98,282.95,118.0,0.02,0.02,0.04,118.0,282.95,0.02,0.97,0.03,0.294301,0.705699,73070.36
1775953684899,2026-04-12T00:28:04.899,btc-updown-15m-1775952900,1775953800,Up,75382482427414520525305754099365116099976700289541099671794772733232173913023,34400672126260490653062896037098083926239042304486278032979930681633237080757,0.96,0.97,2.26,163.0,0.01,0.03,0.04,163.0,2.26,0.01,0.965,0.035,0.986325,0.013675,73070.36
1775953685900,2026-04-12T00:28:05.900,btc-updown-15m-1775952900,1775953800,Up,75382482427414520525305754099365116099976700289541099671794772733232173913023,34400672126260490653062896037098083926239042304486278032979930681633237080757,0.96,0.98,192.95,398.0,0.02,0.02,0.04,398.0,192.95,0.02,0.97,0.03,0.673492,0.326508,73070.36
1775953686901,2026-04-12T00:28:06.901,btc-updown-15m-1775952900,1775953800,Up,75382482427414520525305754099365116099976700289541099671794772733232173913023,34400672126260490653062896037098083926239042304486278032979930681633237080757,0.96,0.98,232.95,393.0,0.02,0.02,0.04,393.0,232.95,0.02,0.97,0.03,0.627846,0.372154,73070.36
1775953687902,2026-04-12T00:28:07.902,btc-updown-15m-1775952900,1775953800,Up,75382482427414520525305754099365116099976700289541099671794772733232173913023,34400672126260490653062896037098083926239042304486278032979930681633237080757,0.96,0.98,232.95,375.5,0.02,0.02,0.04,375.5,232.95,0.02,0.97,0.03,0.617142,0.382858,73070.36
1775953688903,2026-04-12T00:28:08.903,btc-updown-15m-1775952900,1775953800,Up,75382482427414520525305754099365116099976700289541099671794772733232173913023,34400672126260490653062896037098083926239042304486278032979930681633237080757,0.96,0.97,22.92,365.5,0.01,0.03,0.04,365.5,22.92,0.01,0.965,0.035,0.940992,0.059008,73069.7
1775953689903,2026-04-12T00:28:09.903,btc-updown-15m-1775952900,1775953800,Up,75382482427414520525305754099365116099976700289541099671794772733232173913023,34400672126260490653062896037098083926239042304486278032979930681633237080757,0.96,0.97,22.92,365.5,0.01,0.03,0.04,365.5,22.92,0.01,0.965,0.035,0.940992,0.059008,73069.7
1775953690904,2026-04-12T00:28:10.904,btc-updown-15m-1775952900,1775953800,Up,75382482427414520525305754099365116099976700289541099671794772733232173913023,34400672126260490653062896037098083926239042304486278032979930681633237080757,0.96,0.98,163.33,370.5,0.02,0.02,0.04,370.5,163.33,0.02,0.97,0.03,0.694041,0.305959,73069.7
1775953691905,2026-04-12T00:28:11.905,btc-updown-15m-1775952900,1775953800,Up,75382482427414520525305754099365116099976700289541099671794772733232173913023,34400672126260490653062896037098083926239042304486278032979930681633237080757,0.96,0.98,163.33,370.5,0.02,0.02,0.04,370.5,163.33,0.02,0.97,0.03,0.694041,0.305959,73069.7
1775953692906,2026-04-12T00:28:12.906,btc-updown-15m-1775952900,1775953800,Up,75382482427414520525305754099365116099976700289541099671794772733232173913023,34400672126260490653062896037098083926239042304486278032979930681633237080757,0.96,0.98,163.33,370.5,0.02,0.02,0.04,370.5,163.33,0.02,0.97,0.03,0.694041,0.305959,73069.7
1775953693908,2026-04-12T00:28:13.908,btc-updown-15m-1775952900,1775953800,Up,75382482427414520525305754099365116099976700289541099671794772733232173913023,34400672126260490653062896037098083926239042304486278032979930681633237080757,0.96,0.98,163.33,370.5,0.02,0.02,0.04,370.5,163.33,0.02,0.97,0.03,0.694041,0.305959,73069.7
1775953694908,2026-04-12T00:28:14.908,btc-updown-15m-1775952900,1775953800,Up,75382482427414520525305754099365116099976700289541099671794772733232173913023,34400672126260490653062896037098083926239042304486278032979930681633237080757,0.96,0.98,163.33,370.5,0.02,0.02,0.04,370.5,163.33,0.02,0.97,0.03,0.694041,0.305959,73069.71
1775953695909,2026-04-12T00:28:15.909,btc-updown-15m-1775952900,1775953800,Up,75382482427414520525305754099365116099976700289541099671794772733232173913023,34400672126260490653062896037098083926239042304486278032979930681633237080757,0.97,0.98,155.14,45.0,0.01,0.02,0.03,45.0,155.14,0.01,0.975,0.025,0.224843,0.775157,73069.71
1775953696911,2026-04-12T00:28:16.911,btc-updown-15m-1775952900,1775953800,Up,75382482427414520525305754099365116099976700289541099671794772733232173913023,34400672126260490653062896037098083926239042304486278032979930681633237080757,0.97,0.98,115.02,45.0,0.01,0.02,0.03,45.0,115.02,0.01,0.975,0.025,0.281215,0.718785,73069.71
1775953697912,2026-04-12T00:28:17.912,btc-updown-15m-1775952900,1775953800,Up,75382482427414520525305754099365116099976700289541099671794772733232173913023,34400672126260490653062896037098083926239042304486278032979930681633237080757,0.97,0.98,115.02,45.0,0.01,0.02,0.03,45.0,115.02,0.01,0.975,0.025,0.281215,0.718785,73069.71
1775953698913,2026-04-12T00:28:18.913,btc-updown-15m-1775952900,1775953800,Up,75382482427414520525305754099365116099976700289541099671794772733232173913023,34400672126260490653062896037098083926239042304486278032979930681633237080757,0.97,0.98,115.02,11.66,0.01,0.02,0.03,11.66,115.02,0.01,0.975,0.025,0.092043,0.907957,73069.71
1775953699913,2026-04-12T00:28:19.913,btc-updown-15m-1775952900,1775953800,Up,75382482427414520525305754099365116099976700289541099671794772733232173913023,34400672126260490653062896037098083926239042304486278032979930681633237080757,0.97,0.98,115.02,11.66,0.01,0.02,0.03,11.66,115.02,0.01,0.975,0.025,0.092043,0.907957,73069.71
1775953700914,2026-04-12T00:28:20.914,btc-updown-15m-1775952900,1775953800,Up,75382482427414520525305754099365116099976700289541099671794772733232173913023,34400672126260490653062896037098083926239042304486278032979930681633237080757,0.97,0.98,92.04,5.0,0.01,0.02,0.03,5.0,92.04,0.01,0.975,0.025,0.051525,0.948475,73069.71
1775953701914,2026-04-12T00:28:21.914,btc-updown-15m-1775952900,1775953800,Up,75382482427414520525305754099365116099976700289541099671794772733232173913023,34400672126260490653062896037098083926239042304486278032979930681633237080757,0.97,0.98,92.04,5.0,0.01,0.02,0.03,5.0,92.04,0.01,0.975,0.025,0.051525,0.948475,73069.71
1775953702914,2026-04-12T00:28:22.914,btc-updown-15m-1775952900,1775953800,Up,75382482427414520525305754099365116099976700289541099671794772733232173913023,34400672126260490653062896037098083926239042304486278032979930681633237080757,0.96,0.98,92.04,361.86,0.02,0.02,0.04,361.86,92.04,0.02,0.97,0.03,0.797224,0.202776,73069.71
1775953703915,2026-04-12T00:28:23.915,btc-updown-15m-1775952900,1775953800,Up,75382482427414520525305754099365116099976700289541099671794772733232173913023,34400672126260490653062896037098083926239042304486278032979930681633237080757,0.97,0.98,90.93,10.0,0.01,0.02,0.03,10.0,90.93,0.01,0.975,0.025,0.099079,0.900921,73066.72
1775953704916,2026-04-12T00:28:24.916,btc-updown-15m-1775952900,1775953800,Up,75382482427414520525305754099365116099976700289541099671794772733232173913023,34400672126260490653062896037098083926239042304486278032979930681633237080757,0.97,0.98,66.33,10.0,0.01,0.02,0.03,10.0,66.33,0.01,0.975,0.025,0.13101,0.86899,73066.72
1775953705917,2026-04-12T00:28:25.917,btc-updown-15m-1775952900,1775953800,Up,75382482427414520525305754099365116099976700289541099671794772733232173913023,34400672126260490653062896037098083926239042304486278032979930681633237080757,0.97,0.98,66.33,10.0,0.01,0.02,0.03,10.0,66.33,0.01,0.975,0.025,0.13101,0.86899,73066.72
1775953706917,2026-04-12T00:28:26.917,btc-updown-15m-1775952900,1775953800,Up,75382482427414520525305754099365116099976700289541099671794772733232173913023,34400672126260490653062896037098083926239042304486278032979930681633237080757,0.97,0.98,126.79,10.0,0.01,0.02,0.03,10.0,126.79,0.01,0.975,0.025,0.073105,0.926895,73066.72
1775953707918,2026-04-12T00:28:27.918,btc-updown-15m-1775952900,1775953800,Up,75382482427414520525305754099365116099976700289541099671794772733232173913023,34400672126260490653062896037098083926239042304486278032979930681633237080757,0.97,0.98,126.79,10.0,0.01,0.02,0.03,10.0,126.79,0.01,0.975,0.025,0.073105,0.926895,73066.72
1775953708919,2026-04-12T00:28:28.919,btc-updown-15m-1775952900,1775953800,Up,75382482427414520525305754099365116099976700289541099671794772733232173913023,34400672126260490653062896037098083926239042304486278032979930681633237080757,0.97,0.98,126.79,10.0,0.01,0.02,0.03,10.0,126.79,0.01,0.975,0.025,0.073105,0.926895,73066.72
1775953709920,2026-04-12T00:28:29.920,btc-updown-15m-1775952900,1775953800,Up,75382482427414520525305754099365116099976700289541099671794772733232173913023,34400672126260490653062896037098083926239042304486278032979930681633237080757,0.97,0.98,126.79,10.0,0.01,0.02,0.03,10.0,126.79,0.01,0.975,0.025,0.073105,0.926895,73066.72
1775953710920,2026-04-12T00:28:30.920,btc-updown-15m-1775952900,1775953800,Up,75382482427414520525305754099365116099976700289541099671794772733232173913023,34400672126260490653062896037098083926239042304486278032979930681633237080757,0.97,0.98,126.79,10.0,0.01,0.02,0.03,10.0,126.79,0.01,0.975,0.025,0.073105,0.926895,73066.72
1775953711920,2026-04-12T00:28:31.920,btc-updown-15m-1775952900,1775953800,Up,75382482427414520525305754099365116099976700289541099671794772733232173913023,34400672126260490653062896037098083926239042304486278032979930681633237080757,0.97,0.98,106.79,10.0,0.01,0.02,0.03,10.0,106.79,0.01,0.975,0.025,0.085624,0.914376,73066.72
1775953712921,2026-04-12T00:28:32.921,btc-updown-15m-1775952900,1775953800,Up,75382482427414520525305754099365116099976700289541099671794772733232173913023,34400672126260490653062896037098083926239042304486278032979930681633237080757,0.97,0.98,77.08,154.0,0.01,0.02,0.03,154.0,77.08,0.01,0.975,0.025,0.666436,0.333564,73066.72
1775953713922,2026-04-12T00:28:33.922,btc-updown-15m-1775952900,1775953800,Up,75382482427414520525305754099365116099976700289541099671794772733232173913023,34400672126260490653062896037098083926239042304486278032979930681633237080757,0.97,0.98,77.08,120.0,0.01,0.02,0.03,120.0,77.08,0.01,0.975,0.025,0.60889,0.39111,73066.72
1775953714924,2026-04-12T00:28:34.924,btc-updown-15m-1775952900,1775953800,Up,75382482427414520525305754099365116099976700289541099671794772733232173913023,34400672126260490653062896037098083926239042304486278032979930681633237080757,0.97,0.98,131.54,215.65,0.01,0.02,0.03,215.65,131.54,0.01,0.975,0.025,0.62113,0.37887,73066.72
1775953715924,2026-04-12T00:28:35.924,btc-updown-15m-1775952900,1775953800,Up,75382482427414520525305754099365116099976700289541099671794772733232173913023,34400672126260490653062896037098083926239042304486278032979930681633237080757,0.97,0.98,131.54,205.65,0.01,0.02,0.03,205.65,131.54,0.01,0.975,0.025,0.609894,0.390106,73066.72
1775953716925,2026-04-12T00:28:36.925,btc-updown-15m-1775952900,1775953800,Up,75382482427414520525305754099365116099976700289541099671794772733232173913023,34400672126260490653062896037098083926239042304486278032979930681633237080757,0.97,0.98,129.07,205.65,0.01,0.02,0.03,205.65,129.07,0.01,0.975,0.025,0.614394,0.385606,73066.72
1775953717926,2026-04-12T00:28:37.926,btc-updown-15m-1775952900,1775953800,Up,75382482427414520525305754099365116099976700289541099671794772733232173913023,34400672126260490653062896037098083926239042304486278032979930681633237080757,0.97,0.98,98.77,205.65,0.01,0.02,0.03,205.65,98.77,0.01,0.975,0.025,0.675547,0.324453,73066.72
1775953718928,2026-04-12T00:28:38.928,btc-updown-15m-1775952900,1775953800,Up,75382482427414520525305754099365116099976700289541099671794772733232173913023,34400672126260490653062896037098083926239042304486278032979930681633237080757,0.97,0.98,61.83,115.0,0.01,0.02,0.03,115.0,61.83,0.01,0.975,0.025,0.650342,0.349658,73066.71
1775953719928,2026-04-12T00:28:39.928,btc-updown-15m-1775952900,1775953800,Up,75382482427414520525305754099365116099976700289541099671794772733232173913023,34400672126260490653062896037098083926239042304486278032979930681633237080757,0.97,0.98,61.83,115.0,0.01,0.02,0.03,115.0,61.83,0.01,0.975,0.025,0.650342,0.349658,73066.71
1775953720929,2026-04-12T00:28:40.929,btc-updown-15m-1775952900,1775953800,Up,75382482427414520525305754099365116099976700289541099671794772733232173913023,34400672126260490653062896037098083926239042304486278032979930681633237080757,0.97,0.98,61.83,115.0,0.01,0.02,0.03,115.0,61.83,0.01,0.975,0.025,0.650342,0.349658,73066.71
1775953721930,2026-04-12T00:28:41.930,btc-updown-15m-1775952900,1775953800,Up,75382482427414520525305754099365116099976700289541099671794772733232173913023,34400672126260490653062896037098083926239042304486278032979930681633237080757,0.97,0.98,94.83,115.0,0.01,0.02,0.03,115.0,94.83,0.01,0.975,0.025,0.548063,0.451937,73058.12
1775953722931,2026-04-12T00:28:42.931,btc-updown-15m-1775952900,1775953800,Up,75382482427414520525305754099365116099976700289541099671794772733232173913023,34400672126260490653062896037098083926239042304486278032979930681633237080757,0.97,0.98,159.83,24.34,0.01,0.02,0.03,24.34,159.83,0.01,0.975,0.025,0.132161,0.867839,73058.12
1775953723931,2026-04-12T00:28:43.931,btc-updown-15m-1775952900,1775953800,Up,75382482427414520525305754099365116099976700289541099671794772733232173913023,34400672126260490653062896037098083926239042304486278032979930681633237080757,0.97,0.98,159.83,24.34,0.01,0.02,0.03,24.34,159.83,0.01,0.975,0.025,0.132161,0.867839,73058.12
1775953724932,2026-04-12T00:28:44.932,btc-updown-15m-1775952900,1775953800,Up,75382482427414520525305754099365116099976700289541099671794772733232173913023,34400672126260490653062896037098083926239042304486278032979930681633237080757,0.97,0.98,159.83,24.34,0.01,0.02,0.03,24.34,159.83,0.01,0.975,0.025,0.132161,0.867839,73057.3
1775953725932,2026-04-12T00:28:45.932,btc-updown-15m-1775952900,1775953800,Up,75382482427414520525305754099365116099976700289541099671794772733232173913023,34400672126260490653062896037098083926239042304486278032979930681633237080757,0.97,0.98,159.83,24.34,0.01,0.02,0.03,24.34,159.83,0.01,0.975,0.025,0.132161,0.867839,73057.3
1775953726933,2026-04-12T00:28:46.933,btc-updown-15m-1775952900,1775953800,Up,75382482427414520525305754099365116099976700289541099671794772733232173913023,34400672126260490653062896037098083926239042304486278032979930681633237080757,0.97,0.98,159.83,24.34,0.01,0.02,0.03,24.34,159.83,0.01,0.975,0.025,0.132161,0.867839,73057.3
1775953727934,2026-04-12T00:28:47.934,btc-updown-15m-1775952900,1775953800,Up,75382482427414520525305754099365116099976700289541099671794772733232173913023,34400672126260490653062896037098083926239042304486278032979930681633237080757,0.96,0.98,105.83,243.31,0.02,0.02,0.04,243.31,105.83,0.02,0.97,0.03,0.696884,0.303116,73057.23
1775953728936,2026-04-12T00:28:48.936,btc-updown-15m-1775952900,1775953800,Up,75382482427414520525305754099365116099976700289541099671794772733232173913023,34400672126260490653062896037098083926239042304486278032979930681633237080757,0.96,0.98,105.83,243.31,0.02,0.02,0.04,243.31,105.83,0.02,0.97,0.03,0.696884,0.303116,73057.23
1775953729937,2026-04-12T00:28:49.937,btc-updown-15m-1775952900,1775953800,Up,75382482427414520525305754099365116099976700289541099671794772733232173913023,34400672126260490653062896037098083926239042304486278032979930681633237080757,0.97,0.98,95.77,100.42,0.01,0.02,0.03,100.42,95.77,0.01,0.975,0.025,0.511851,0.488149,73057.23
1775953730937,2026-04-12T00:28:50.937,btc-updown-15m-1775952900,1775953800,Up,75382482427414520525305754099365116099976700289541099671794772733232173913023,34400672126260490653062896037098083926239042304486278032979930681633237080757,0.97,0.98,90.77,212.42,0.01,0.02,0.03,212.42,90.77,0.01,0.975,0.025,0.700617,0.299383,73057.22
1775953731938,2026-04-12T00:28:51.938,btc-updown-15m-1775952900,1775953800,Up,75382482427414520525305754099365116099976700289541099671794772733232173913023,34400672126260490653062896037098083926239042304486278032979930681633237080757,0.97,0.98,70.77,212.42,0.01,0.02,0.03,212.42,70.77,0.01,0.975,0.025,0.750097,0.249903,73057.22
1775953732938,2026-04-12T00:28:52.938,btc-updown-15m-1775952900,1775953800,Up,75382482427414520525305754099365116099976700289541099671794772733232173913023,34400672126260490653062896037098083926239042304486278032979930681633237080757,0.97,0.98,58.67,239.26,0.01,0.02,0.03,239.26,58.67,0.01,0.975,0.025,0.803075,0.196925,73057.22
1775953733939,2026-04-12T00:28:53.939,btc-updown-15m-1775952900,1775953800,Up,75382482427414520525305754099365116099976700289541099671794772733232173913023,34400672126260490653062896037098083926239042304486278032979930681633237080757,0.97,0.98,58.67,239.26,0.01,0.02,0.03,239.26,58.67,0.01,0.975,0.025,0.803075,0.196925,73057.23
1775953734940,2026-04-12T00:28:54.940,btc-updown-15m-1775952900,1775953800,Up,75382482427414520525305754099365116099976700289541099671794772733232173913023,34400672126260490653062896037098083926239042304486278032979930681633237080757,0.97,0.98,58.67,239.26,0.01,0.02,0.03,239.26,58.67,0.01,0.975,0.025,0.803075,0.196925,73057.23
1775953735940,2026-04-12T00:28:55.940,btc-updown-15m-1775952900,1775953800,Up,75382482427414520525305754099365116099976700289541099671794772733232173913023,34400672126260490653062896037098083926239042304486278032979930681633237080757,0.97,0.98,58.67,239.26,0.01,0.02,0.03,239.26,58.67,0.01,0.975,0.025,0.803075,0.196925,73057.23
1775953736941,2026-04-12T00:28:56.941,btc-updown-15m-1775952900,1775953800,Up,75382482427414520525305754099365116099976700289541099671794772733232173913023,34400672126260490653062896037098083926239042304486278032979930681633237080757,0.97,0.98,58.67,239.26,0.01,0.02,0.03,239.26,58.67,0.01,0.975,0.025,0.803075,0.196925,73057.23
1775953737942,2026-04-12T00:28:57.942,btc-updown-15m-1775952900,1775953800,Up,75382482427414520525305754099365116099976700289541099671794772733232173913023,34400672126260490653062896037098083926239042304486278032979930681633237080757,0.97,0.98,59.56,179.84,0.01,0.02,0.03,179.84,59.56,0.01,0.975,0.025,0.751211,0.248789,73057.23
1775953738943,2026-04-12T00:28:58.943,btc-updown-15m-1775952900,1775953800,Up,75382482427414520525305754099365116099976700289541099671794772733232173913023,34400672126260490653062896037098083926239042304486278032979930681633237080757,0.97,0.98,49.75,187.44,0.01,0.02,0.03,187.44,49.75,0.01,0.975,0.025,0.790253,0.209747,73057.23
1775953739945,2026-04-12T00:28:59.945,btc-updown-15m-1775952900,1775953800,Up,75382482427414520525305754099365116099976700289541099671794772733232173913023,34400672126260490653062896037098083926239042304486278032979930681633237080757,0.96,0.98,49.75,66.4,0.02,0.02,0.04,66.4,49.75,0.02,0.97,0.03,0.571675,0.428325,73057.23
1775953740946,2026-04-12T00:29:00.946,btc-updown-15m-1775952900,1775953800,Up,75382482427414520525305754099365116099976700289541099671794772733232173913023,34400672126260490653062896037098083926239042304486278032979930681633237080757,0.97,0.98,163.75,284.93,0.01,0.02,0.03,284.93,163.75,0.01,0.975,0.025,0.635041,0.364959,73057.23
1775953741947,2026-04-12T00:29:01.947,btc-updown-15m-1775952900,1775953800,Up,75382482427414520525305754099365116099976700289541099671794772733232173913023,34400672126260490653062896037098083926239042304486278032979930681633237080757,0.97,0.98,96.22,289.93,0.01,0.02,0.03,289.93,96.22,0.01,0.975,0.025,0.750822,0.249178,73057.23
1775953742948,2026-04-12T00:29:02.948,btc-updown-15m-1775952900,1775953800,Up,75382482427414520525305754099365116099976700289541099671794772733232173913023,34400672126260490653062896037098083926239042304486278032979930681633237080757,0.97,0.98,40.24,289.93,0.01,0.02,0.03,289.93,40.24,0.01,0.975,0.025,0.878123,0.121877,73057.23
1775953743950,2026-04-12T00:29:03.950,btc-updown-15m-1775952900,1775953800,Up,75382482427414520525305754099365116099976700289541099671794772733232173913023,34400672126260490653062896037098083926239042304486278032979930681633237080757,0.97,0.98,19.21,289.93,0.01,0.02,0.03,289.93,19.21,0.01,0.975,0.025,0.93786,0.06214,73057.23
1775953744950,2026-04-12T00:29:04.950,btc-updown-15m-1775952900,1775953800,Up,75382482427414520525305754099365116099976700289541099671794772733232173913023,34400672126260490653062896037098083926239042304486278032979930681633237080757,0.97,0.98,19.21,289.93,0.01,0.02,0.03,289.93,19.21,0.01,0.975,0.025,0.93786,0.06214,73057.23
1775953745952,2026-04-12T00:29:05.952,btc-updown-15m-1775952900,1775953800,Up,75382482427414520525305754099365116099976700289541099671794772733232173913023,34400672126260490653062896037098083926239042304486278032979930681633237080757,0.97,0.98,154.94,54.99,0.01,0.02,0.03,54.99,154.94,0.01,0.975,0.025,0.261944,0.738056,73052.68
1775953746953,2026-04-12T00:29:06.953,btc-updown-15m-1775952900,1775953800,Up,75382482427414520525305754099365116099976700289541099671794772733232173913023,34400672126260490653062896037098083926239042304486278032979930681633237080757,0.97,0.98,158.91,54.9,0.01,0.02,0.03,54.9,158.91,0.01,0.975,0.025,0.25677,0.74323,73052.68
1775953747954,2026-04-12T00:29:07.954,btc-updown-15m-1775952900,1775953800,Up,75382482427414520525305754099365116099976700289541099671794772733232173913023,34400672126260490653062896037098083926239042304486278032979930681633237080757,0.94,0.95,4.7,76.0,0.01,0.05,0.06,76.0,4.7,0.01,0.945,0.055,0.94176,0.05824,73052.68
1775953748955,2026-04-12T00:29:08.955,btc-updown-15m-1775952900,1775953800,Up,75382482427414520525305754099365116099976700289541099671794772733232173913023,34400672126260490653062896037098083926239042304486278032979930681633237080757,0.96,0.97,55.84,144.0,0.01,0.03,0.04,144.0,55.84,0.01,0.965,0.035,0.720576,0.279424,73046.26
1775953749955,2026-04-12T00:29:09.955,btc-updown-15m-1775952900,1775953800,Up,75382482427414520525305754099365116099976700289541099671794772733232173913023,34400672126260490653062896037098083926239042304486278032979930681633237080757,0.96,0.97,55.84,144.0,0.01,0.03,0.04,144.0,55.84,0.01,0.965,0.035,0.720576,0.279424,73046.26
1775953750956,2026-04-12T00:29:10.956,btc-updown-15m-1775952900,1775953800,Up,75382482427414520525305754099365116099976700289541099671794772733232173913023,34400672126260490653062896037098083926239042304486278032979930681633237080757,0.96,0.97,45.84,222.12,0.01,0.03,0.04,222.12,45.84,0.01,0.965,0.035,0.82893,0.17107,73046.26
1775953751956,2026-04-12T00:29:11.956,btc-updown-15m-1775952900,1775953800,Up,75382482427414520525305754099365116099976700289541099671794772733232173913023,34400672126260490653062896037098083926239042304486278032979930681633237080757,0.96,0.97,45.84,222.12,0.01,0.03,0.04,222.12,45.84,0.01,0.965,0.035,0.82893,0.17107,73046.27
1775953752957,2026-04-12T00:29:12.957,btc-updown-15m-1775952900,1775953800,Up,75382482427414520525305754099365116099976700289541099671794772733232173913023,34400672126260490653062896037098083926239042304486278032979930681633237080757,0.96,0.97,45.84,222.12,0.01,0.03,0.04,222.12,45.84,0.01,0.965,0.035,0.82893,0.17107,73046.27
1775953753959,2026-04-12T00:29:13.959,btc-updown-15m-1775952900,1775953800,Up,75382482427414520525305754099365116099976700289541099671794772733232173913023,34400672126260490653062896037098083926239042304486278032979930681633237080757,0.97,0.98,97.0,28.11,0.01,0.02,0.03,28.11,97.0,0.01,0.975,0.025,0.224682,0.775318,73046.27
1775953754959,2026-04-12T00:29:14.959,btc-updown-15m-1775952900,1775953800,Up,75382482427414520525305754099365116099976700289541099671794772733232173913023,34400672126260490653062896037098083926239042304486278032979930681633237080757,0.97,0.98,56.06,317.7,0.01,0.02,0.03,317.7,56.06,0.01,0.975,0.025,0.850011,0.149989,73052.0
1775953755960,2026-04-12T00:29:15.960,btc-updown-15m-1775952900,1775953800,Up,75382482427414520525305754099365116099976700289541099671794772733232173913023,34400672126260490653062896037098083926239042304486278032979930681633237080757,0.97,0.98,43.84,337.59,0.01,0.02,0.03,337.59,43.84,0.01,0.975,0.025,0.885064,0.114936,73052.0
1775953756960,2026-04-12T00:29:16.960,btc-updown-15m-1775952900,1775953800,Up,75382482427414520525305754099365116099976700289541099671794772733232173913023,34400672126260490653062896037098083926239042304486278032979930681633237080757,0.97,0.98,13.84,363.8,0.01,0.02,0.03,363.8,13.84,0.01,0.975,0.025,0.963351,0.036649,73052.0
1775953757961,2026-04-12T00:29:17.961,btc-updown-15m-1775952900,1775953800,Up,75382482427414520525305754099365116099976700289541099671794772733232173913023,34400672126260490653062896037098083926239042304486278032979930681633237080757,0.98,0.99,1309.92,25.0,0.01,0.01,0.02,25.0,1309.92,0.01,0.985,0.015,0.018728,0.981272,73051.99
1775953758962,2026-04-12T00:29:18.962,btc-updown-15m-1775952900,1775953800,Up,75382482427414520525305754099365116099976700289541099671794772733232173913023,34400672126260490653062896037098083926239042304486278032979930681633237080757,0.98,0.99,1196.87,244.16,0.01,0.01,0.02,244.16,1196.87,0.01,0.985,0.015,0.169434,0.830566,73051.99
1775953759963,2026-04-12T00:29:19.963,btc-updown-15m-1775952900,1775953800,Up,75382482427414520525305754099365116099976700289541099671794772733232173913023,34400672126260490653062896037098083926239042304486278032979930681633237080757,0.98,0.99,1275.36,301.08,0.01,0.01,0.02,301.08,1275.36,0.01,0.985,0.015,0.190987,0.809013,73051.99
1775953760965,2026-04-12T00:29:20.965,btc-updown-15m-1775952900,1775953800,Up,75382482427414520525305754099365116099976700289541099671794772733232173913023,34400672126260490653062896037098083926239042304486278032979930681633237080757,0.98,0.99,1273.33,301.08,0.01,0.01,0.02,301.08,1273.33,0.01,0.985,0.015,0.191234,0.808766,73052.0
1775953761965,2026-04-12T00:29:21.965,btc-updown-15m-1775952900,1775953800,Up,75382482427414520525305754099365116099976700289541099671794772733232173913023,34400672126260490653062896037098083926239042304486278032979930681633237080757,0.98,0.99,1273.33,301.08,0.01,0.01,0.02,301.08,1273.33,0.01,0.985,0.015,0.191234,0.808766,73052.0
1775953762965,2026-04-12T00:29:22.965,btc-updown-15m-1775952900,1775953800,Up,75382482427414520525305754099365116099976700289541099671794772733232173913023,34400672126260490653062896037098083926239042304486278032979930681633237080757,0.98,0.99,1253.33,265.04,0.01,0.01,0.02,265.04,1253.33,0.01,0.985,0.015,0.174556,0.825444,73052.0
1775953763966,2026-04-12T00:29:23.966,btc-updown-15m-1775952900,1775953800,Up,75382482427414520525305754099365116099976700289541099671794772733232173913023,34400672126260490653062896037098083926239042304486278032979930681633237080757,0.98,0.99,1253.33,330.76,0.01,0.01,0.02,330.76,1253.33,0.01,0.985,0.015,0.208801,0.791199,73058.78
1775953764967,2026-04-12T00:29:24.967,btc-updown-15m-1775952900,1775953800,Up,75382482427414520525305754099365116099976700289541099671794772733232173913023,34400672126260490653062896037098083926239042304486278032979930681633237080757,0.98,0.99,1128.33,305.57,0.01,0.01,0.02,305.57,1128.33,0.01,0.985,0.015,0.213104,0.786896,73058.78
1775953765968,2026-04-12T00:29:25.968,btc-updown-15m-1775952900,1775953800,Up,75382482427414520525305754099365116099976700289541099671794772733232173913023,34400672126260490653062896037098083926239042304486278032979930681633237080757,0.98,0.99,1119.93,299.33,0.01,0.01,0.02,299.33,1119.93,0.01,0.985,0.015,0.210906,0.789094,73058.78
1775953766969,2026-04-12T00:29:26.969,btc-updown-15m-1775952900,1775953800,Up,75382482427414520525305754099365116099976700289541099671794772733232173913023,34400672126260490653062896037098083926239042304486278032979930681633237080757,0.98,0.99,1078.91,319.33,0.01,0.01,0.02,319.33,1078.91,0.01,0.985,0.015,0.22838,0.77162,73066.08
1775953767971,2026-04-12T00:29:27.971,btc-updown-15m-1775952900,1775953800,Up,75382482427414520525305754099365116099976700289541099671794772733232173913023,34400672126260490653062896037098083926239042304486278032979930681633237080757,0.98,0.99,869.84,592.21,0.01,0.01,0.02,592.21,869.84,0.01,0.985,0.015,0.405055,0.594945,73066.08
1775953768972,2026-04-12T00:29:28.972,btc-updown-15m-1775952900,1775953800,Up,75382482427414520525305754099365116099976700289541099671794772733232173913023,34400672126260490653062896037098083926239042304486278032979930681633237080757,0.98,0.99,482.78,637.31,0.01,0.01,0.02,637.31,482.78,0.01,0.985,0.015,0.568981,0.431019,73066.08
1775953769973,2026-04-12T00:29:29.973,btc-updown-15m-1775952900,1775953800,Up,75382482427414520525305754099365116099976700289541099671794772733232173913023,34400672126260490653062896037098083926239042304486278032979930681633237080757,0.99,,,1925.51,,,0.01,1925.51,,,,,,,73066.08
1775953770974,2026-04-12T00:29:30.974,btc-updown-15m-1775952900,1775953800,Up,75382482427414520525305754099365116099976700289541099671794772733232173913023,34400672126260490653062896037098083926239042304486278032979930681633237080757,0.99,,,1918.97,,,0.01,1918.97,,,,,,,73066.08
1775953771976,2026-04-12T00:29:31.976,btc-updown-15m-1775952900,1775953800,Up,75382482427414520525305754099365116099976700289541099671794772733232173913023,34400672126260490653062896037098083926239042304486278032979930681633237080757,0.99,,,2005.1,,,0.01,2005.1,,,,,,,73066.08
1775953772977,2026-04-12T00:29:32.977,btc-updown-15m-1775952900,1775953800,Up,75382482427414520525305754099365116099976700289541099671794772733232173913023,34400672126260490653062896037098083926239042304486278032979930681633237080757,0.99,,,3945.42,,,0.01,3945.42,,,,,,,73066.08
1775953773979,2026-04-12T00:29:33.979,btc-updown-15m-1775952900,1775953800,Up,75382482427414520525305754099365116099976700289541099671794772733232173913023,34400672126260490653062896037098083926239042304486278032979930681633237080757,0.99,,,3837.59,,,0.01,3837.59,,,,,,,73066.08
1775953774979,2026-04-12T00:29:34.979,btc-updown-15m-1775952900,1775953800,Up,75382482427414520525305754099365116099976700289541099671794772733232173913023,34400672126260490653062896037098083926239042304486278032979930681633237080757,0.99,,,3837.59,,,0.01,3837.59,,,,,,,73066.08
1775953775980,2026-04-12T00:29:35.980,btc-updown-15m-1775952900,1775953800,Up,75382482427414520525305754099365116099976700289541099671794772733232173913023,34400672126260490653062896037098083926239042304486278032979930681633237080757,0.99,,,3837.59,,,0.01,3837.59,,,,,,,73066.08
1775953776981,2026-04-12T00:29:36.981,btc-updown-15m-1775952900,1775953800,Up,75382482427414520525305754099365116099976700289541099671794772733232173913023,34400672126260490653062896037098083926239042304486278032979930681633237080757,0.99,,,3837.59,,,0.01,3837.59,,,,,,,73066.08
1775953777981,2026-04-12T00:29:37.981,btc-updown-15m-1775952900,1775953800,Up,75382482427414520525305754099365116099976700289541099671794772733232173913023,34400672126260490653062896037098083926239042304486278032979930681633237080757,0.99,,,3837.59,,,0.01,3837.59,,,,,,,73066.08
1775953778982,2026-04-12T00:29:38.982,btc-updown-15m-1775952900,1775953800,Up,75382482427414520525305754099365116099976700289541099671794772733232173913023,34400672126260490653062896037098083926239042304486278032979930681633237080757,0.99,,,7041.57,,,0.01,7041.57,,,,,,,73066.09
1775953779983,2026-04-12T00:29:39.983,btc-updown-15m-1775952900,1775953800,Up,75382482427414520525305754099365116099976700289541099671794772733232173913023,34400672126260490653062896037098083926239042304486278032979930681633237080757,0.99,,,6997.23,,,0.01,6997.23,,,,,,,73066.09
1775953780984,2026-04-12T00:29:40.984,btc-updown-15m-1775952900,1775953800,Up,75382482427414520525305754099365116099976700289541099671794772733232173913023,34400672126260490653062896037098083926239042304486278032979930681633237080757,0.99,,,6997.23,,,0.01,6997.23,,,,,,,73066.09
1775953781985,2026-04-12T00:29:41.985,btc-updown-15m-1775952900,1775953800,Up,75382482427414520525305754099365116099976700289541099671794772733232173913023,34400672126260490653062896037098083926239042304486278032979930681633237080757,0.99,,,6997.23,,,0.01,6997.23,,,,,,,73066.09
1775953782986,2026-04-12T00:29:42.986,btc-updown-15m-1775952900,1775953800,Up,75382482427414520525305754099365116099976700289541099671794772733232173913023,34400672126260490653062896037098083926239042304486278032979930681633237080757,0.99,,,6997.23,,,0.01,6997.23,,,,,,,73066.09
1775953783987,2026-04-12T00:29:43.987,btc-updown-15m-1775952900,1775953800,Up,75382482427414520525305754099365116099976700289541099671794772733232173913023,34400672126260490653062896037098083926239042304486278032979930681633237080757,0.99,,,9077.52,,,0.01,9077.52,,,,,,,73066.09
1775953784988,2026-04-12T00:29:44.988,btc-updown-15m-1775952900,1775953800,Up,75382482427414520525305754099365116099976700289541099671794772733232173913023,34400672126260490653062896037098083926239042304486278032979930681633237080757,0.99,,,9077.52,,,0.01,9077.52,,,,,,,73066.08
1775953785989,2026-04-12T00:29:45.989,btc-updown-15m-1775952900,1775953800,Up,75382482427414520525305754099365116099976700289541099671794772733232173913023,34400672126260490653062896037098083926239042304486278032979930681633237080757,0.99,,,9077.52,,,0.01,9077.52,,,,,,,73066.08
1775953786989,2026-04-12T00:29:46.989,btc-updown-15m-1775952900,1775953800,Up,75382482427414520525305754099365116099976700289541099671794772733232173913023,34400672126260490653062896037098083926239042304486278032979930681633237080757,0.99,,,9077.52,,,0.01,9077.52,,,,,,,73066.08
1775953787990,2026-04-12T00:29:47.990,btc-updown-15m-1775952900,1775953800,Up,75382482427414520525305754099365116099976700289541099671794772733232173913023,34400672126260490653062896037098083926239042304486278032979930681633237080757,0.99,,,9077.52,,,0.01,9077.52,,,,,,,73066.08
1775953788992,2026-04-12T00:29:48.992,btc-updown-15m-1775952900,1775953800,Up,75382482427414520525305754099365116099976700289541099671794772733232173913023,34400672126260490653062896037098083926239042304486278032979930681633237080757,0.99,,,9077.52,,,0.01,9077.52,,,,,,,73066.08
1775953789993,2026-04-12T00:29:49.993,btc-updown-15m-1775952900,1775953800,Up,75382482427414520525305754099365116099976700289541099671794772733232173913023,34400672126260490653062896037098083926239042304486278032979930681633237080757,0.99,,,4295.47,,,0.01,4295.47,,,,,,,73066.08
1775953790993,2026-04-12T00:29:50.993,btc-updown-15m-1775952900,1775953800,Up,75382482427414520525305754099365116099976700289541099671794772733232173913023,34400672126260490653062896037098083926239042304486278032979930681633237080757,0.99,,,4295.47,,,0.01,4295.47,,,,,,,73066.08
1775953791995,2026-04-12T00:29:51.995,btc-updown-15m-1775952900,1775953800,Up,75382482427414520525305754099365116099976700289541099671794772733232173913023,34400672126260490653062896037098083926239042304486278032979930681633237080757,0.99,,,4295.47,,,0.01,4295.47,,,,,,,73066.08
1775953792995,2026-04-12T00:29:52.995,btc-updown-15m-1775952900,1775953800,Up,75382482427414520525305754099365116099976700289541099671794772733232173913023,34400672126260490653062896037098083926239042304486278032979930681633237080757,0.99,,,4295.47,,,0.01,4295.47,,,,,,,73066.08
1775953793996,2026-04-12T00:29:53.996,btc-updown-15m-1775952900,1775953800,Up,75382482427414520525305754099365116099976700289541099671794772733232173913023,34400672126260490653062896037098083926239042304486278032979930681633237080757,0.99,,,4295.47,,,0.01,4295.47,,,,,,,73066.08
1775953794997,2026-04-12T00:29:54.997,btc-updown-15m-1775952900,1775953800,Up,75382482427414520525305754099365116099976700289541099671794772733232173913023,34400672126260490653062896037098083926239042304486278032979930681633237080757,0.99,,,4295.47,,,0.01,4295.47,,,,,,,73066.08
1775953795998,2026-04-12T00:29:55.998,btc-updown-15m-1775952900,1775953800,Up,75382482427414520525305754099365116099976700289541099671794772733232173913023,34400672126260490653062896037098083926239042304486278032979930681633237080757,0.99,,,4295.47,,,0.01,4295.47,,,,,,,73066.08
1775953796999,2026-04-12T00:29:56.999,btc-updown-15m-1775952900,1775953800,Up,75382482427414520525305754099365116099976700289541099671794772733232173913023,34400672126260490653062896037098083926239042304486278032979930681633237080757,0.99,,,9500.61,,,0.01,9500.61,,,,,,,73090.0
1775953798000,2026-04-12T00:29:58.000,btc-updown-15m-1775952900,1775953800,Up,75382482427414520525305754099365116099976700289541099671794772733232173913023,34400672126260490653062896037098083926239042304486278032979930681633237080757,0.99,,,9500.61,,,0.01,9500.61,,,,,,,73090.0
1775953799000,2026-04-12T00:29:59.000,btc-updown-15m-1775952900,1775953800,Up,75382482427414520525305754099365116099976700289541099671794772733232173913023,34400672126260490653062896037098083926239042304486278032979930681633237080757,0.99,,,9500.61,,,0.01,9500.61,,,,,,,73090.0
1775953800001,2026-04-12T00:30:00.001,btc-updown-15m-1775952900,1775953800,Up,75382482427414520525305754099365116099976700289541099671794772733232173913023,34400672126260490653062896037098083926239042304486278032979930681633237080757,0.99,,,9500.61,,,0.01,9500.61,,,,,,,73090.0
1775953800001,2026-04-12T00:30:00.001,btc-updown-15m-1775953800,1775954700,,34838293974296291585312710026292830239608157733554061552928702076064242970267,78165353227881613282684915560083958047119863949875220224381558623902197041277,0.53,0.54,23.0,6.15,0.01,0.46,0.47,6.15,23.0,0.01,0.535,0.465,0.210978,0.789022,73090.0
1775953801002,2026-04-12T00:30:01.002,btc-updown-15m-1775953800,1775954700,,34838293974296291585312710026292830239608157733554061552928702076064242970267,78165353227881613282684915560083958047119863949875220224381558623902197041277,0.52,0.54,115.48,50.75,0.02,0.46,0.48,50.75,115.48,0.02,0.53,0.47,0.3053,0.6947,73090.0
1775953802002,2026-04-12T00:30:02.002,btc-updown-15m-1775953800,1775954700,,34838293974296291585312710026292830239608157733554061552928702076064242970267,78165353227881613282684915560083958047119863949875220224381558623902197041277,0.5,0.51,34.22,110.12,0.01,0.49,0.5,110.12,34.22,0.01,0.505,0.495,0.762921,0.237079,73090.0
1775953803003,2026-04-12T00:30:03.003,btc-updown-15m-1775953800,1775954700,,34838293974296291585312710026292830239608157733554061552928702076064242970267,78165353227881613282684915560083958047119863949875220224381558623902197041277,0.5,0.51,23.33,97.12,0.01,0.49,0.5,97.12,23.33,0.01,0.505,0.495,0.80631,0.19369,73074.2
1775953804003,2026-04-12T00:30:04.003,btc-updown-15m-1775953800,1775954700,,34838293974296291585312710026292830239608157733554061552928702076064242970267,78165353227881613282684915560083958047119863949875220224381558623902197041277,0.51,0.53,20.0,10.0,0.02,0.47,0.49,10.0,20.0,0.02,0.52,0.48,0.333333,0.666667,73074.2
1775953805004,2026-04-12T00:30:05.004,btc-updown-15m-1775953800,1775954700,,34838293974296291585312710026292830239608157733554061552928702076064242970267,78165353227881613282684915560083958047119863949875220224381558623902197041277,0.47,0.5,15.39,76.94,0.03,0.5,0.53,76.94,15.39,0.03,0.485,0.515,0.833315,0.166685,73074.2
