ts_ms,timestamp,window_slug,window_end_ts,outcome,yes_token_id,no_token_id,yes_bid,yes_ask,yes_ask_size,yes_bid_size,yes_spread,no_bid,no_ask,no_ask_size,no_bid_size,no_spread,yes_mid,no_mid,yes_imbalance,no_imbalance,btc_price
1775260800064,2026-04-04T00:00:00.064,btc-updown-15m-1775259900,1775260800,Up,99564801445634926897851992344822404276180323651993940667617858042279511943126,70691150275397068050145510604218834440438647774852493858426301065955636143556,0.999,,,5239.11,,,0.001,5239.11,,,,,,,66964.29
1775260800064,2026-04-04T00:00:00.064,btc-updown-15m-1775260800,1775261700,Down,34616237021001802473186228217637203990236186395104119946554985214552396583452,72652542234871127445865013381104523037021159128556364009146823631166084138209,0.42,0.43,36.04,21.53,0.01,0.57,0.58,21.53,36.04,0.01,0.425,0.575,0.37398,0.62602,66964.29
1775260801064,2026-04-04T00:00:01.064,btc-updown-15m-1775260800,1775261700,Down,34616237021001802473186228217637203990236186395104119946554985214552396583452,72652542234871127445865013381104523037021159128556364009146823631166084138209,0.4,0.43,24.41,20.0,0.03,0.57,0.6,20.0,24.41,0.03,0.415,0.585,0.450349,0.549651,66964.29
1775260802065,2026-04-04T00:00:02.065,btc-updown-15m-1775260800,1775261700,Down,34616237021001802473186228217637203990236186395104119946554985214552396583452,72652542234871127445865013381104523037021159128556364009146823631166084138209,0.44,0.45,3604.19,16.07,0.01,0.55,0.56,16.07,3604.19,0.01,0.445,0.555,0.004439,0.995561,66964.29
1775260803066,2026-04-04T00:00:03.066,btc-updown-15m-1775260800,1775261700,Down,34616237021001802473186228217637203990236186395104119946554985214552396583452,72652542234871127445865013381104523037021159128556364009146823631166084138209,0.44,0.45,3594.71,33.58,0.01,0.55,0.56,33.58,3594.71,0.01,0.445,0.555,0.009255,0.990745,66964.29
1775260804067,2026-04-04T00:00:04.067,btc-updown-15m-1775260800,1775261700,Down,34616237021001802473186228217637203990236186395104119946554985214552396583452,72652542234871127445865013381104523037021159128556364009146823631166084138209,0.42,0.43,56.69,48.62,0.01,0.57,0.58,48.62,56.69,0.01,0.425,0.575,0.461685,0.538315,66964.29
1775260805068,2026-04-04T00:00:05.068,btc-updown-15m-1775260800,1775261700,Down,34616237021001802473186228217637203990236186395104119946554985214552396583452,72652542234871127445865013381104523037021159128556364009146823631166084138209,0.42,0.43,68.53,11.95,0.01,0.57,0.58,11.95,68.53,0.01,0.425,0.575,0.148484,0.851516,66964.29
1775260806068,2026-04-04T00:00:06.068,btc-updown-15m-1775260800,1775261700,Down,34616237021001802473186228217637203990236186395104119946554985214552396583452,72652542234871127445865013381104523037021159128556364009146823631166084138209,0.35,0.36,21.99,18.0,0.01,0.64,0.65,18.0,21.99,0.01,0.355,0.645,0.450113,0.549887,66941.07
1775260807069,2026-04-04T00:00:07.069,btc-updown-15m-1775260800,1775261700,Down,34616237021001802473186228217637203990236186395104119946554985214552396583452,72652542234871127445865013381104523037021159128556364009146823631166084138209,0.32,0.34,88.0,211.18,0.02,0.66,0.68,211.18,88.0,0.02,0.33,0.67,0.705863,0.294137,66941.07
1775260808070,2026-04-04T00:00:08.070,btc-updown-15m-1775260800,1775261700,Down,34616237021001802473186228217637203990236186395104119946554985214552396583452,72652542234871127445865013381104523037021159128556364009146823631166084138209,0.33,0.34,65.88,28.2,0.01,0.66,0.67,28.2,65.88,0.01,0.335,0.665,0.299745,0.700255,66941.07
1775260809071,2026-04-04T00:00:09.071,btc-updown-15m-1775260800,1775261700,Down,34616237021001802473186228217637203990236186395104119946554985214552396583452,72652542234871127445865013381104523037021159128556364009146823631166084138209,0.31,0.34,98.69,910.0,0.03,0.66,0.69,910.0,98.69,0.03,0.325,0.675,0.90216,0.09784,66940.01
1775260810071,2026-04-04T00:00:10.071,btc-updown-15m-1775260800,1775261700,Down,34616237021001802473186228217637203990236186395104119946554985214552396583452,72652542234871127445865013381104523037021159128556364009146823631166084138209,0.33,0.34,63.01,45.97,0.01,0.66,0.67,45.97,63.01,0.01,0.335,0.665,0.421821,0.578179,66940.01
1775260811072,2026-04-04T00:00:11.072,btc-updown-15m-1775260800,1775261700,Down,34616237021001802473186228217637203990236186395104119946554985214552396583452,72652542234871127445865013381104523037021159128556364009146823631166084138209,0.33,0.34,21.64,32.71,0.01,0.66,0.67,32.71,21.64,0.01,0.335,0.665,0.60184,0.39816,66940.01
1775260812072,2026-04-04T00:00:12.072,btc-updown-15m-1775260800,1775261700,Down,34616237021001802473186228217637203990236186395104119946554985214552396583452,72652542234871127445865013381104523037021159128556364009146823631166084138209,0.33,0.34,167.05,5.0,0.01,0.66,0.67,2.34,196.01,0.01,0.335,0.665,0.029061,0.988203,66948.0
1775260813072,2026-04-04T00:00:13.072,btc-updown-15m-1775260800,1775261700,Down,34616237021001802473186228217637203990236186395104119946554985214552396583452,72652542234871127445865013381104523037021159128556364009146823631166084138209,0.37,0.38,5.95,8.72,0.01,0.62,0.63,8.72,5.95,0.01,0.375,0.625,0.59441,0.40559,66948.0
1775260814073,2026-04-04T00:00:14.073,btc-updown-15m-1775260800,1775261700,Down,34616237021001802473186228217637203990236186395104119946554985214552396583452,72652542234871127445865013381104523037021159128556364009146823631166084138209,0.35,0.38,82.0,51.38,0.03,0.62,0.65,51.38,82.0,0.03,0.365,0.635,0.385215,0.614785,66948.0
1775260815073,2026-04-04T00:00:15.073,btc-updown-15m-1775260800,1775261700,Down,34616237021001802473186228217637203990236186395104119946554985214552396583452,72652542234871127445865013381104523037021159128556364009146823631166084138209,0.34,0.36,215.55,167.95,0.02,0.64,0.66,167.95,215.55,0.02,0.35,0.65,0.43794,0.56206,66946.32
1775260816074,2026-04-04T00:00:16.074,btc-updown-15m-1775260800,1775261700,Down,34616237021001802473186228217637203990236186395104119946554985214552396583452,72652542234871127445865013381104523037021159128556364009146823631166084138209,0.36,0.37,138.62,9.5,0.01,0.63,0.64,9.5,138.62,0.01,0.365,0.635,0.064137,0.935863,66946.32
1775260817074,2026-04-04T00:00:17.074,btc-updown-15m-1775260800,1775261700,Down,34616237021001802473186228217637203990236186395104119946554985214552396583452,72652542234871127445865013381104523037021159128556364009146823631166084138209,0.35,0.36,34.75,47.0,0.01,0.64,0.65,47.0,34.75,0.01,0.355,0.645,0.574924,0.425076,66946.32
1775260818075,2026-04-04T00:00:18.075,btc-updown-15m-1775260800,1775261700,Down,34616237021001802473186228217637203990236186395104119946554985214552396583452,72652542234871127445865013381104523037021159128556364009146823631166084138209,0.33,0.34,25.0,10.28,0.01,0.66,0.67,10.28,25.0,0.01,0.335,0.665,0.291383,0.708617,66946.33
1775260819075,2026-04-04T00:00:19.075,btc-updown-15m-1775260800,1775261700,Down,34616237021001802473186228217637203990236186395104119946554985214552396583452,72652542234871127445865013381104523037021159128556364009146823631166084138209,0.32,0.34,230.53,179.35,0.02,0.66,0.68,179.35,230.53,0.02,0.33,0.67,0.437567,0.562433,66946.33
1775260820075,2026-04-04T00:00:20.075,btc-updown-15m-1775260800,1775261700,Down,34616237021001802473186228217637203990236186395104119946554985214552396583452,72652542234871127445865013381104523037021159128556364009146823631166084138209,0.32,0.33,59.45,136.76,0.01,0.67,0.68,136.76,59.45,0.01,0.325,0.675,0.697008,0.302992,66946.33
1775260821076,2026-04-04T00:00:21.076,btc-updown-15m-1775260800,1775261700,Down,34616237021001802473186228217637203990236186395104119946554985214552396583452,72652542234871127445865013381104523037021159128556364009146823631166084138209,0.31,0.33,199.25,337.11,0.02,0.67,0.69,337.11,199.25,0.02,0.32,0.68,0.628514,0.371486,66946.33
1775260822077,2026-04-04T00:00:22.077,btc-updown-15m-1775260800,1775261700,Down,34616237021001802473186228217637203990236186395104119946554985214552396583452,72652542234871127445865013381104523037021159128556364009146823631166084138209,0.32,0.33,140.94,5.56,0.01,0.67,0.68,5.56,140.94,0.01,0.325,0.675,0.037952,0.962048,66946.33
1775260823077,2026-04-04T00:00:23.077,btc-updown-15m-1775260800,1775261700,Down,34616237021001802473186228217637203990236186395104119946554985214552396583452,72652542234871127445865013381104523037021159128556364009146823631166084138209,0.31,0.32,35.5,168.23,0.01,0.68,0.69,168.23,35.5,0.01,0.315,0.685,0.82575,0.17425,66946.33
1775260824078,2026-04-04T00:00:24.078,btc-updown-15m-1775260800,1775261700,Down,34616237021001802473186228217637203990236186395104119946554985214552396583452,72652542234871127445865013381104523037021159128556364009146823631166084138209,0.3,0.31,10.0,85.33,0.01,0.69,0.7,85.33,10.0,0.01,0.305,0.695,0.895101,0.104899,66938.02
1775260825079,2026-04-04T00:00:25.079,btc-updown-15m-1775260800,1775261700,Down,34616237021001802473186228217637203990236186395104119946554985214552396583452,72652542234871127445865013381104523037021159128556364009146823631166084138209,0.3,0.31,144.67,44.06,0.01,0.69,0.7,44.06,144.67,0.01,0.305,0.695,0.233455,0.766545,66938.02
1775260826079,2026-04-04T00:00:26.079,btc-updown-15m-1775260800,1775261700,Down,34616237021001802473186228217637203990236186395104119946554985214552396583452,72652542234871127445865013381104523037021159128556364009146823631166084138209,0.3,0.31,58.88,165.23,0.01,0.69,0.7,165.23,58.88,0.01,0.305,0.695,0.737272,0.262728,66938.02
1775260827080,2026-04-04T00:00:27.080,btc-updown-15m-1775260800,1775261700,Down,34616237021001802473186228217637203990236186395104119946554985214552396583452,72652542234871127445865013381104523037021159128556364009146823631166084138209,0.3,0.31,58.88,165.23,0.01,0.69,0.7,165.23,58.88,0.01,0.305,0.695,0.737272,0.262728,66938.02
1775260828081,2026-04-04T00:00:28.081,btc-updown-15m-1775260800,1775261700,Down,34616237021001802473186228217637203990236186395104119946554985214552396583452,72652542234871127445865013381104523037021159128556364009146823631166084138209,0.3,0.31,133.3,81.63,0.01,0.69,0.7,81.63,133.3,0.01,0.305,0.695,0.379798,0.620202,66938.02
1775260829082,2026-04-04T00:00:29.082,btc-updown-15m-1775260800,1775261700,Down,34616237021001802473186228217637203990236186395104119946554985214552396583452,72652542234871127445865013381104523037021159128556364009146823631166084138209,0.3,0.31,102.96,89.65,0.01,0.69,0.7,89.65,102.96,0.01,0.305,0.695,0.465448,0.534552,66938.02
1775260830083,2026-04-04T00:00:30.083,btc-updown-15m-1775260800,1775261700,Down,34616237021001802473186228217637203990236186395104119946554985214552396583452,72652542234871127445865013381104523037021159128556364009146823631166084138209,0.3,0.31,84.04,110.8,0.01,0.69,0.7,110.8,84.04,0.01,0.305,0.695,0.568672,0.431328,66938.03
1775260831084,2026-04-04T00:00:31.084,btc-updown-15m-1775260800,1775261700,Down,34616237021001802473186228217637203990236186395104119946554985214552396583452,72652542234871127445865013381104523037021159128556364009146823631166084138209,0.26,0.29,7.81,204.0,0.03,0.71,0.74,204.0,7.81,0.03,0.275,0.725,0.963127,0.036873,66938.03
1775260832084,2026-04-04T00:00:32.084,btc-updown-15m-1775260800,1775261700,Down,34616237021001802473186228217637203990236186395104119946554985214552396583452,72652542234871127445865013381104523037021159128556364009146823631166084138209,0.34,0.35,343.0,354.39,0.01,0.65,0.66,354.39,343.0,0.01,0.345,0.655,0.508166,0.491834,66938.03
1775260833086,2026-04-04T00:00:33.086,btc-updown-15m-1775260800,1775261700,Down,34616237021001802473186228217637203990236186395104119946554985214552396583452,72652542234871127445865013381104523037021159128556364009146823631166084138209,0.29,0.3,40.88,46.04,0.01,0.7,0.71,46.04,40.88,0.01,0.295,0.705,0.529682,0.470318,66928.51
1775260834087,2026-04-04T00:00:34.087,btc-updown-15m-1775260800,1775261700,Down,34616237021001802473186228217637203990236186395104119946554985214552396583452,72652542234871127445865013381104523037021159128556364009146823631166084138209,0.29,0.3,85.88,81.38,0.01,0.7,0.71,81.38,85.88,0.01,0.295,0.705,0.486548,0.513452,66928.51
1775260835089,2026-04-04T00:00:35.089,btc-updown-15m-1775260800,1775261700,Down,34616237021001802473186228217637203990236186395104119946554985214552396583452,72652542234871127445865013381104523037021159128556364009146823631166084138209,0.29,0.3,30.88,149.1,0.01,0.7,0.71,149.1,30.88,0.01,0.295,0.705,0.828425,0.171575,66928.51
1775260836090,2026-04-04T00:00:36.090,btc-updown-15m-1775260800,1775261700,Down,34616237021001802473186228217637203990236186395104119946554985214552396583452,72652542234871127445865013381104523037021159128556364009146823631166084138209,0.29,0.3,25.43,178.24,0.01,0.7,0.71,178.24,25.43,0.01,0.295,0.705,0.875141,0.124859,66928.51
1775260837090,2026-04-04T00:00:37.090,btc-updown-15m-1775260800,1775261700,Down,34616237021001802473186228217637203990236186395104119946554985214552396583452,72652542234871127445865013381104523037021159128556364009146823631166084138209,0.3,0.31,183.95,28.88,0.01,0.69,0.7,28.88,183.95,0.01,0.305,0.695,0.135695,0.864305,66928.51
1775260838091,2026-04-04T00:00:38.091,btc-updown-15m-1775260800,1775261700,Down,34616237021001802473186228217637203990236186395104119946554985214552396583452,72652542234871127445865013381104523037021159128556364009146823631166084138209,0.3,0.31,188.46,162.29,0.01,0.69,0.7,162.29,188.46,0.01,0.305,0.695,0.462694,0.537306,66928.51
1775260839091,2026-04-04T00:00:39.091,btc-updown-15m-1775260800,1775261700,Down,34616237021001802473186228217637203990236186395104119946554985214552396583452,72652542234871127445865013381104523037021159128556364009146823631166084138209,0.3,0.31,180.23,114.4,0.01,0.69,0.7,114.4,180.23,0.01,0.305,0.695,0.388284,0.611716,66928.51
1775260840092,2026-04-04T00:00:40.092,btc-updown-15m-1775260800,1775261700,Down,34616237021001802473186228217637203990236186395104119946554985214552396583452,72652542234871127445865013381104523037021159128556364009146823631166084138209,0.3,0.31,102.38,259.03,0.01,0.69,0.7,259.03,102.38,0.01,0.305,0.695,0.716721,0.283279,66928.51
1775260841093,2026-04-04T00:00:41.093,btc-updown-15m-1775260800,1775261700,Down,34616237021001802473186228217637203990236186395104119946554985214552396583452,72652542234871127445865013381104523037021159128556364009146823631166084138209,0.3,0.31,112.59,268.06,0.01,0.69,0.7,268.06,112.59,0.01,0.305,0.695,0.704216,0.295784,66928.51
1775260842094,2026-04-04T00:00:42.094,btc-updown-15m-1775260800,1775261700,Down,34616237021001802473186228217637203990236186395104119946554985214552396583452,72652542234871127445865013381104523037021159128556364009146823631166084138209,0.3,0.31,112.59,268.06,0.01,0.69,0.7,268.06,112.59,0.01,0.305,0.695,0.704216,0.295784,66928.5
1775260843094,2026-04-04T00:00:43.094,btc-updown-15m-1775260800,1775261700,Down,34616237021001802473186228217637203990236186395104119946554985214552396583452,72652542234871127445865013381104523037021159128556364009146823631166084138209,0.3,0.31,110.31,270.34,0.01,0.69,0.7,270.34,110.31,0.01,0.305,0.695,0.710206,0.289794,66928.5
1775260844096,2026-04-04T00:00:44.096,btc-updown-15m-1775260800,1775261700,Down,34616237021001802473186228217637203990236186395104119946554985214552396583452,72652542234871127445865013381104523037021159128556364009146823631166084138209,0.3,0.31,120.26,265.31,0.01,0.69,0.7,265.31,120.26,0.01,0.305,0.695,0.688098,0.311902,66928.5
1775260845097,2026-04-04T00:00:45.097,btc-updown-15m-1775260800,1775261700,Down,34616237021001802473186228217637203990236186395104119946554985214552396583452,72652542234871127445865013381104523037021159128556364009146823631166084138209,0.3,0.31,101.26,258.14,0.01,0.69,0.7,258.14,101.26,0.01,0.305,0.695,0.718253,0.281747,66928.5
1775260846097,2026-04-04T00:00:46.097,btc-updown-15m-1775260800,1775261700,Down,34616237021001802473186228217637203990236186395104119946554985214552396583452,72652542234871127445865013381104523037021159128556364009146823631166084138209,0.3,0.31,121.71,279.48,0.01,0.69,0.7,279.48,121.71,0.01,0.305,0.695,0.696628,0.303372,66928.5
1775260847097,2026-04-04T00:00:47.097,btc-updown-15m-1775260800,1775261700,Down,34616237021001802473186228217637203990236186395104119946554985214552396583452,72652542234871127445865013381104523037021159128556364009146823631166084138209,0.3,0.31,112.6,284.51,0.01,0.69,0.7,284.51,112.6,0.01,0.305,0.695,0.716451,0.283549,66928.5
1775260848097,2026-04-04T00:00:48.097,btc-updown-15m-1775260800,1775261700,Down,34616237021001802473186228217637203990236186395104119946554985214552396583452,72652542234871127445865013381104523037021159128556364009146823631166084138209,0.36,0.37,21.66,131.06,0.01,0.63,0.64,131.06,21.66,0.01,0.365,0.635,0.858172,0.141828,66935.2
1775260849099,2026-04-04T00:00:49.099,btc-updown-15m-1775260800,1775261700,Down,34616237021001802473186228217637203990236186395104119946554985214552396583452,72652542234871127445865013381104523037021159128556364009146823631166084138209,0.35,0.36,27.64,175.98,0.01,0.64,0.65,175.98,27.64,0.01,0.355,0.645,0.864257,0.135743,66935.2
1775260850099,2026-04-04T00:00:50.099,btc-updown-15m-1775260800,1775261700,Down,34616237021001802473186228217637203990236186395104119946554985214552396583452,72652542234871127445865013381104523037021159128556364009146823631166084138209,0.35,0.36,27.64,145.46,0.01,0.64,0.65,145.46,27.64,0.01,0.355,0.645,0.840324,0.159676,66935.2
1775260851100,2026-04-04T00:00:51.100,btc-updown-15m-1775260800,1775261700,Down,34616237021001802473186228217637203990236186395104119946554985214552396583452,72652542234871127445865013381104523037021159128556364009146823631166084138209,0.35,0.36,27.64,145.46,0.01,0.64,0.65,145.46,27.64,0.01,0.355,0.645,0.840324,0.159676,66935.2
1775260852101,2026-04-04T00:00:52.101,btc-updown-15m-1775260800,1775261700,Down,34616237021001802473186228217637203990236186395104119946554985214552396583452,72652542234871127445865013381104523037021159128556364009146823631166084138209,0.35,0.37,188.86,160.46,0.02,0.63,0.65,160.46,188.86,0.02,0.36,0.64,0.45935,0.54065,66935.2
1775260853102,2026-04-04T00:00:53.102,btc-updown-15m-1775260800,1775261700,Down,34616237021001802473186228217637203990236186395104119946554985214552396583452,72652542234871127445865013381104523037021159128556364009146823631166084138209,0.35,0.36,11.85,164.46,0.01,0.64,0.65,164.46,11.85,0.01,0.355,0.645,0.932789,0.067211,66935.2
1775260854103,2026-04-04T00:00:54.103,btc-updown-15m-1775260800,1775261700,Down,34616237021001802473186228217637203990236186395104119946554985214552396583452,72652542234871127445865013381104523037021159128556364009146823631166084138209,0.35,0.36,14.23,155.77,0.01,0.64,0.65,155.77,14.23,0.01,0.355,0.645,0.916294,0.083706,66935.2
1775260855103,2026-04-04T00:00:55.103,btc-updown-15m-1775260800,1775261700,Down,34616237021001802473186228217637203990236186395104119946554985214552396583452,72652542234871127445865013381104523037021159128556364009146823631166084138209,0.35,0.36,14.23,155.77,0.01,0.64,0.65,155.77,14.23,0.01,0.355,0.645,0.916294,0.083706,66935.2
1775260856104,2026-04-04T00:00:56.104,btc-updown-15m-1775260800,1775261700,Down,34616237021001802473186228217637203990236186395104119946554985214552396583452,72652542234871127445865013381104523037021159128556364009146823631166084138209,0.35,0.36,10.7,154.23,0.01,0.64,0.65,154.23,10.7,0.01,0.355,0.645,0.935124,0.064876,66935.2
1775260857105,2026-04-04T00:00:57.105,btc-updown-15m-1775260800,1775261700,Down,34616237021001802473186228217637203990236186395104119946554985214552396583452,72652542234871127445865013381104523037021159128556364009146823631166084138209,0.35,0.36,10.7,154.23,0.01,0.64,0.65,154.23,10.7,0.01,0.355,0.645,0.935124,0.064876,66935.2
1775260858106,2026-04-04T00:00:58.106,btc-updown-15m-1775260800,1775261700,Down,34616237021001802473186228217637203990236186395104119946554985214552396583452,72652542234871127445865013381104523037021159128556364009146823631166084138209,0.35,0.36,10.7,154.23,0.01,0.64,0.65,154.23,10.7,0.01,0.355,0.645,0.935124,0.064876,66935.2
1775260859106,2026-04-04T00:00:59.106,btc-updown-15m-1775260800,1775261700,Down,34616237021001802473186228217637203990236186395104119946554985214552396583452,72652542234871127445865013381104523037021159128556364009146823631166084138209,0.35,0.36,15.74,376.23,0.01,0.64,0.65,376.23,15.74,0.01,0.355,0.645,0.959844,0.040156,66935.2
1775260860107,2026-04-04T00:01:00.107,btc-updown-15m-1775260800,1775261700,Down,34616237021001802473186228217637203990236186395104119946554985214552396583452,72652542234871127445865013381104523037021159128556364009146823631166084138209,0.35,0.36,15.74,376.23,0.01,0.64,0.65,376.23,15.74,0.01,0.355,0.645,0.959844,0.040156,66936.37
1775260861108,2026-04-04T00:01:01.108,btc-updown-15m-1775260800,1775261700,Down,34616237021001802473186228217637203990236186395104119946554985214552396583452,72652542234871127445865013381104523037021159128556364009146823631166084138209,0.35,0.36,74.96,90.38,0.01,0.64,0.65,90.38,74.96,0.01,0.355,0.645,0.546631,0.453369,66936.37
1775260862109,2026-04-04T00:01:02.109,btc-updown-15m-1775260800,1775261700,Down,34616237021001802473186228217637203990236186395104119946554985214552396583452,72652542234871127445865013381104523037021159128556364009146823631166084138209,0.35,0.36,74.96,90.38,0.01,0.64,0.65,90.38,74.96,0.01,0.355,0.645,0.546631,0.453369,66936.37
1775260863110,2026-04-04T00:01:03.110,btc-updown-15m-1775260800,1775261700,Down,34616237021001802473186228217637203990236186395104119946554985214552396583452,72652542234871127445865013381104523037021159128556364009146823631166084138209,0.35,0.36,60.93,197.0,0.01,0.64,0.65,197.0,60.93,0.01,0.355,0.645,0.763773,0.236227,66936.38
1775260864111,2026-04-04T00:01:04.111,btc-updown-15m-1775260800,1775261700,Down,34616237021001802473186228217637203990236186395104119946554985214552396583452,72652542234871127445865013381104523037021159128556364009146823631166084138209,0.35,0.36,76.03,197.0,0.01,0.64,0.65,197.0,76.03,0.01,0.355,0.645,0.721532,0.278468,66936.38
1775260865112,2026-04-04T00:01:05.112,btc-updown-15m-1775260800,1775261700,Down,34616237021001802473186228217637203990236186395104119946554985214552396583452,72652542234871127445865013381104523037021159128556364009146823631166084138209,0.35,0.36,90.47,127.36,0.01,0.64,0.65,127.36,90.47,0.01,0.355,0.645,0.584676,0.415324,66936.38
1775260866113,2026-04-04T00:01:06.113,btc-updown-15m-1775260800,1775261700,Down,34616237021001802473186228217637203990236186395104119946554985214552396583452,72652542234871127445865013381104523037021159128556364009146823631166084138209,0.35,0.36,131.88,186.0,0.01,0.64,0.65,186.0,131.88,0.01,0.355,0.645,0.585126,0.414874,66936.38
1775260867114,2026-04-04T00:01:07.114,btc-updown-15m-1775260800,1775261700,Down,34616237021001802473186228217637203990236186395104119946554985214552396583452,72652542234871127445865013381104523037021159128556364009146823631166084138209,0.35,0.36,131.88,186.0,0.01,0.64,0.65,186.0,131.88,0.01,0.355,0.645,0.585126,0.414874,66936.38
1775260868115,2026-04-04T00:01:08.115,btc-updown-15m-1775260800,1775261700,Down,34616237021001802473186228217637203990236186395104119946554985214552396583452,72652542234871127445865013381104523037021159128556364009146823631166084138209,0.34,0.35,5.0,362.89,0.01,0.65,0.66,362.89,5.0,0.01,0.345,0.655,0.986409,0.013591,66936.38
1775260869115,2026-04-04T00:01:09.115,btc-updown-15m-1775260800,1775261700,Down,34616237021001802473186228217637203990236186395104119946554985214552396583452,72652542234871127445865013381104523037021159128556364009146823631166084138209,0.34,0.35,15.88,332.43,0.01,0.65,0.66,332.43,15.88,0.01,0.345,0.655,0.954408,0.045592,66936.37
1775260870116,2026-04-04T00:01:10.116,btc-updown-15m-1775260800,1775261700,Down,34616237021001802473186228217637203990236186395104119946554985214552396583452,72652542234871127445865013381104523037021159128556364009146823631166084138209,0.34,0.35,13.02,97.31,0.01,0.65,0.66,97.31,13.02,0.01,0.345,0.655,0.88199,0.11801,66936.37
1775260871117,2026-04-04T00:01:11.117,btc-updown-15m-1775260800,1775261700,Down,34616237021001802473186228217637203990236186395104119946554985214552396583452,72652542234871127445865013381104523037021159128556364009146823631166084138209,0.34,0.35,23.73,79.27,0.01,0.65,0.66,79.27,23.73,0.01,0.345,0.655,0.769612,0.230388,66936.37
1775260872118,2026-04-04T00:01:12.118,btc-updown-15m-1775260800,1775261700,Down,34616237021001802473186228217637203990236186395104119946554985214552396583452,72652542234871127445865013381104523037021159128556364009146823631166084138209,0.34,0.35,223.61,26.69,0.01,0.65,0.66,26.69,223.61,0.01,0.345,0.655,0.106632,0.893368,66936.37
1775260873119,2026-04-04T00:01:13.119,btc-updown-15m-1775260800,1775261700,Down,34616237021001802473186228217637203990236186395104119946554985214552396583452,72652542234871127445865013381104523037021159128556364009146823631166084138209,0.34,0.35,223.61,26.69,0.01,0.65,0.66,26.69,223.61,0.01,0.345,0.655,0.106632,0.893368,66936.37
1775260874119,2026-04-04T00:01:14.119,btc-updown-15m-1775260800,1775261700,Down,34616237021001802473186228217637203990236186395104119946554985214552396583452,72652542234871127445865013381104523037021159128556364009146823631166084138209,0.34,0.36,309.16,21.69,0.02,0.64,0.66,21.69,309.16,0.02,0.35,0.65,0.065558,0.934442,66936.37
1775260875120,2026-04-04T00:01:15.120,btc-updown-15m-1775260800,1775261700,Down,34616237021001802473186228217637203990236186395104119946554985214552396583452,72652542234871127445865013381104523037021159128556364009146823631166084138209,0.34,0.35,145.88,31.69,0.01,0.65,0.66,31.69,145.88,0.01,0.345,0.655,0.178465,0.821535,66936.37
1775260876120,2026-04-04T00:01:16.120,btc-updown-15m-1775260800,1775261700,Down,34616237021001802473186228217637203990236186395104119946554985214552396583452,72652542234871127445865013381104523037021159128556364009146823631166084138209,0.34,0.35,159.88,36.69,0.01,0.65,0.66,36.69,159.88,0.01,0.345,0.655,0.186651,0.813349,66936.37
1775260877121,2026-04-04T00:01:17.121,btc-updown-15m-1775260800,1775261700,Down,34616237021001802473186228217637203990236186395104119946554985214552396583452,72652542234871127445865013381104523037021159128556364009146823631166084138209,0.33,0.34,186.88,68.38,0.01,0.66,0.67,68.38,186.88,0.01,0.335,0.665,0.267884,0.732116,66936.37
1775260878121,2026-04-04T00:01:18.121,btc-updown-15m-1775260800,1775261700,Down,34616237021001802473186228217637203990236186395104119946554985214552396583452,72652542234871127445865013381104523037021159128556364009146823631166084138209,0.33,0.34,258.38,40.88,0.01,0.66,0.67,40.88,258.38,0.01,0.335,0.665,0.136604,0.863396,66936.37
1775260879123,2026-04-04T00:01:19.123,btc-updown-15m-1775260800,1775261700,Down,34616237021001802473186228217637203990236186395104119946554985214552396583452,72652542234871127445865013381104523037021159128556364009146823631166084138209,0.33,0.34,258.38,40.88,0.01,0.66,0.67,40.88,258.38,0.01,0.335,0.665,0.136604,0.863396,66936.37
1775260880124,2026-04-04T00:01:20.124,btc-updown-15m-1775260800,1775261700,Down,34616237021001802473186228217637203990236186395104119946554985214552396583452,72652542234871127445865013381104523037021159128556364009146823631166084138209,0.33,0.34,258.38,40.88,0.01,0.66,0.67,40.88,258.38,0.01,0.335,0.665,0.136604,0.863396,66936.37
1775260881124,2026-04-04T00:01:21.124,btc-updown-15m-1775260800,1775261700,Down,34616237021001802473186228217637203990236186395104119946554985214552396583452,72652542234871127445865013381104523037021159128556364009146823631166084138209,0.33,0.34,232.88,199.38,0.01,0.66,0.67,199.38,232.88,0.01,0.335,0.665,0.46125,0.53875,66936.37
1775260882124,2026-04-04T00:01:22.124,btc-updown-15m-1775260800,1775261700,Down,34616237021001802473186228217637203990236186395104119946554985214552396583452,72652542234871127445865013381104523037021159128556364009146823631166084138209,0.33,0.34,203.17,200.26,0.01,0.66,0.67,200.26,203.17,0.01,0.335,0.665,0.496393,0.503607,66936.37
1775260883125,2026-04-04T00:01:23.125,btc-updown-15m-1775260800,1775261700,Down,34616237021001802473186228217637203990236186395104119946554985214552396583452,72652542234871127445865013381104523037021159128556364009146823631166084138209,0.33,0.34,235.17,127.64,0.01,0.66,0.67,127.64,235.17,0.01,0.335,0.665,0.351809,0.648191,66936.37
1775260884126,2026-04-04T00:01:24.126,btc-updown-15m-1775260800,1775261700,Down,34616237021001802473186228217637203990236186395104119946554985214552396583452,72652542234871127445865013381104523037021159128556364009146823631166084138209,0.33,0.34,237.17,113.35,0.01,0.66,0.67,113.35,237.17,0.01,0.335,0.665,0.323377,0.676623,66936.37
1775260885126,2026-04-04T00:01:25.126,btc-updown-15m-1775260800,1775261700,Down,34616237021001802473186228217637203990236186395104119946554985214552396583452,72652542234871127445865013381104523037021159128556364009146823631166084138209,0.33,0.34,240.31,155.67,0.01,0.66,0.67,155.67,240.31,0.01,0.335,0.665,0.393126,0.606874,66936.37
1775260886127,2026-04-04T00:01:26.127,btc-updown-15m-1775260800,1775261700,Down,34616237021001802473186228217637203990236186395104119946554985214552396583452,72652542234871127445865013381104523037021159128556364009146823631166084138209,0.33,0.34,240.31,155.67,0.01,0.66,0.67,155.67,240.31,0.01,0.335,0.665,0.393126,0.606874,66936.37
1775260887128,2026-04-04T00:01:27.128,btc-updown-15m-1775260800,1775261700,Down,34616237021001802473186228217637203990236186395104119946554985214552396583452,72652542234871127445865013381104523037021159128556364009146823631166084138209,0.33,0.34,240.31,155.67,0.01,0.66,0.67,155.67,240.31,0.01,0.335,0.665,0.393126,0.606874,66936.38
1775260888129,2026-04-04T00:01:28.129,btc-updown-15m-1775260800,1775261700,Down,34616237021001802473186228217637203990236186395104119946554985214552396583452,72652542234871127445865013381104523037021159128556364009146823631166084138209,0.33,0.34,240.31,155.67,0.01,0.66,0.67,155.67,240.31,0.01,0.335,0.665,0.393126,0.606874,66936.38
1775260889129,2026-04-04T00:01:29.129,btc-updown-15m-1775260800,1775261700,Down,34616237021001802473186228217637203990236186395104119946554985214552396583452,72652542234871127445865013381104523037021159128556364009146823631166084138209,0.33,0.34,240.31,155.67,0.01,0.66,0.67,155.67,240.31,0.01,0.335,0.665,0.393126,0.606874,66936.38
1775260890129,2026-04-04T00:01:30.129,btc-updown-15m-1775260800,1775261700,Down,34616237021001802473186228217637203990236186395104119946554985214552396583452,72652542234871127445865013381104523037021159128556364009146823631166084138209,0.33,0.34,240.31,155.67,0.01,0.66,0.67,155.67,240.31,0.01,0.335,0.665,0.393126,0.606874,66936.38
1775260891131,2026-04-04T00:01:31.131,btc-updown-15m-1775260800,1775261700,Down,34616237021001802473186228217637203990236186395104119946554985214552396583452,72652542234871127445865013381104523037021159128556364009146823631166084138209,0.33,0.34,241.19,103.41,0.01,0.66,0.67,103.41,241.19,0.01,0.335,0.665,0.300087,0.699913,66936.38
1775260892133,2026-04-04T00:01:32.133,btc-updown-15m-1775260800,1775261700,Down,34616237021001802473186228217637203990236186395104119946554985214552396583452,72652542234871127445865013381104523037021159128556364009146823631166084138209,0.33,0.34,241.19,103.41,0.01,0.66,0.67,103.41,241.19,0.01,0.335,0.665,0.300087,0.699913,66936.38
1775260893133,2026-04-04T00:01:33.133,btc-updown-15m-1775260800,1775261700,Down,34616237021001802473186228217637203990236186395104119946554985214552396583452,72652542234871127445865013381104523037021159128556364009146823631166084138209,0.33,0.34,233.24,23.41,0.01,0.66,0.67,23.41,233.24,0.01,0.335,0.665,0.091214,0.908786,66936.38
1775260894134,2026-04-04T00:01:34.134,btc-updown-15m-1775260800,1775261700,Down,34616237021001802473186228217637203990236186395104119946554985214552396583452,72652542234871127445865013381104523037021159128556364009146823631166084138209,0.29,0.31,193.66,133.62,0.02,0.69,0.71,133.62,193.66,0.02,0.3,0.7,0.408274,0.591726,66936.38
1775260895135,2026-04-04T00:01:35.135,btc-updown-15m-1775260800,1775261700,Down,34616237021001802473186228217637203990236186395104119946554985214552396583452,72652542234871127445865013381104523037021159128556364009146823631166084138209,0.29,0.3,240.0,129.5,0.01,0.7,0.71,129.5,240.0,0.01,0.295,0.705,0.350474,0.649526,66936.38
1775260896135,2026-04-04T00:01:36.135,btc-updown-15m-1775260800,1775261700,Down,34616237021001802473186228217637203990236186395104119946554985214552396583452,72652542234871127445865013381104523037021159128556364009146823631166084138209,0.29,0.3,303.75,90.08,0.01,0.7,0.71,90.08,303.75,0.01,0.295,0.705,0.228728,0.771272,66931.56
1775260897136,2026-04-04T00:01:37.136,btc-updown-15m-1775260800,1775261700,Down,34616237021001802473186228217637203990236186395104119946554985214552396583452,72652542234871127445865013381104523037021159128556364009146823631166084138209,0.29,0.3,256.41,44.57,0.01,0.7,0.71,44.57,256.41,0.01,0.295,0.705,0.148083,0.851917,66931.56
1775260898137,2026-04-04T00:01:38.137,btc-updown-15m-1775260800,1775261700,Down,34616237021001802473186228217637203990236186395104119946554985214552396583452,72652542234871127445865013381104523037021159128556364009146823631166084138209,0.29,0.3,276.41,58.65,0.01,0.7,0.71,58.65,276.41,0.01,0.295,0.705,0.175043,0.824957,66931.56
1775260899137,2026-04-04T00:01:39.137,btc-updown-15m-1775260800,1775261700,Down,34616237021001802473186228217637203990236186395104119946554985214552396583452,72652542234871127445865013381104523037021159128556364009146823631166084138209,0.29,0.3,276.41,58.65,0.01,0.7,0.71,58.65,276.41,0.01,0.295,0.705,0.175043,0.824957,66931.56
1775260900139,2026-04-04T00:01:40.139,btc-updown-15m-1775260800,1775261700,Down,34616237021001802473186228217637203990236186395104119946554985214552396583452,72652542234871127445865013381104523037021159128556364009146823631166084138209,0.29,0.3,337.41,27.24,0.01,0.7,0.71,27.24,337.41,0.01,0.295,0.705,0.074702,0.925298,66931.56
1775260901140,2026-04-04T00:01:41.140,btc-updown-15m-1775260800,1775261700,Down,34616237021001802473186228217637203990236186395104119946554985214552396583452,72652542234871127445865013381104523037021159128556364009146823631166084138209,0.29,0.3,322.41,20.19,0.01,0.7,0.71,20.19,322.41,0.01,0.295,0.705,0.058932,0.941068,66931.56
1775260902140,2026-04-04T00:01:42.140,btc-updown-15m-1775260800,1775261700,Down,34616237021001802473186228217637203990236186395104119946554985214552396583452,72652542234871127445865013381104523037021159128556364009146823631166084138209,0.29,0.3,322.41,20.19,0.01,0.7,0.71,20.19,322.41,0.01,0.295,0.705,0.058932,0.941068,66931.56
1775260903141,2026-04-04T00:01:43.141,btc-updown-15m-1775260800,1775261700,Down,34616237021001802473186228217637203990236186395104119946554985214552396583452,72652542234871127445865013381104523037021159128556364009146823631166084138209,0.29,0.3,301.41,170.58,0.01,0.7,0.71,170.58,301.41,0.01,0.295,0.705,0.361406,0.638594,66931.56
1775260904142,2026-04-04T00:01:44.142,btc-updown-15m-1775260800,1775261700,Down,34616237021001802473186228217637203990236186395104119946554985214552396583452,72652542234871127445865013381104523037021159128556364009146823631166084138209,0.29,0.3,255.41,168.61,0.01,0.7,0.71,168.61,255.41,0.01,0.295,0.705,0.397646,0.602354,66931.56
1775260905142,2026-04-04T00:01:45.142,btc-updown-15m-1775260800,1775261700,Down,34616237021001802473186228217637203990236186395104119946554985214552396583452,72652542234871127445865013381104523037021159128556364009146823631166084138209,0.29,0.3,249.41,152.94,0.01,0.7,0.71,152.94,249.41,0.01,0.295,0.705,0.380117,0.619883,66931.56
1775260906144,2026-04-04T00:01:46.144,btc-updown-15m-1775260800,1775261700,Down,34616237021001802473186228217637203990236186395104119946554985214552396583452,72652542234871127445865013381104523037021159128556364009146823631166084138209,0.29,0.3,290.41,152.94,0.01,0.7,0.71,152.94,290.41,0.01,0.295,0.705,0.344964,0.655036,66931.56
1775260907144,2026-04-04T00:01:47.144,btc-updown-15m-1775260800,1775261700,Down,34616237021001802473186228217637203990236186395104119946554985214552396583452,72652542234871127445865013381104523037021159128556364009146823631166084138209,0.29,0.3,290.41,152.94,0.01,0.7,0.71,152.94,290.41,0.01,0.295,0.705,0.344964,0.655036,66931.56
1775260908145,2026-04-04T00:01:48.145,btc-updown-15m-1775260800,1775261700,Down,34616237021001802473186228217637203990236186395104119946554985214552396583452,72652542234871127445865013381104523037021159128556364009146823631166084138209,0.29,0.3,290.23,111.88,0.01,0.7,0.71,111.88,290.23,0.01,0.295,0.705,0.278232,0.721768,66931.57
1775260909146,2026-04-04T00:01:49.146,btc-updown-15m-1775260800,1775261700,Down,34616237021001802473186228217637203990236186395104119946554985214552396583452,72652542234871127445865013381104523037021159128556364009146823631166084138209,0.29,0.3,290.23,111.88,0.01,0.7,0.71,111.88,290.23,0.01,0.295,0.705,0.278232,0.721768,66931.57
1775260910147,2026-04-04T00:01:50.147,btc-updown-15m-1775260800,1775261700,Down,34616237021001802473186228217637203990236186395104119946554985214552396583452,72652542234871127445865013381104523037021159128556364009146823631166084138209,0.29,0.3,290.23,111.88,0.01,0.7,0.71,111.88,290.23,0.01,0.295,0.705,0.278232,0.721768,66931.57
1775260911147,2026-04-04T00:01:51.147,btc-updown-15m-1775260800,1775261700,Down,34616237021001802473186228217637203990236186395104119946554985214552396583452,72652542234871127445865013381104523037021159128556364009146823631166084138209,0.28,0.29,140.0,127.92,0.01,0.71,0.72,127.92,140.0,0.01,0.285,0.715,0.477456,0.522544,66931.57
1775260912148,2026-04-04T00:01:52.148,btc-updown-15m-1775260800,1775261700,Down,34616237021001802473186228217637203990236186395104119946554985214552396583452,72652542234871127445865013381104523037021159128556364009146823631166084138209,0.28,0.29,125.0,108.53,0.01,0.71,0.72,108.53,125.0,0.01,0.285,0.715,0.464737,0.535263,66931.57
1775260913149,2026-04-04T00:01:53.149,btc-updown-15m-1775260800,1775261700,Down,34616237021001802473186228217637203990236186395104119946554985214552396583452,72652542234871127445865013381104523037021159128556364009146823631166084138209,0.28,0.29,125.0,108.53,0.01,0.71,0.72,108.53,125.0,0.01,0.285,0.715,0.464737,0.535263,66931.57
1775260914149,2026-04-04T00:01:54.149,btc-updown-15m-1775260800,1775261700,Down,34616237021001802473186228217637203990236186395104119946554985214552396583452,72652542234871127445865013381104523037021159128556364009146823631166084138209,0.28,0.29,125.0,108.53,0.01,0.71,0.72,108.53,125.0,0.01,0.285,0.715,0.464737,0.535263,66931.56
1775260915150,2026-04-04T00:01:55.150,btc-updown-15m-1775260800,1775261700,Down,34616237021001802473186228217637203990236186395104119946554985214552396583452,72652542234871127445865013381104523037021159128556364009146823631166084138209,0.28,0.29,125.0,108.53,0.01,0.71,0.72,108.53,125.0,0.01,0.285,0.715,0.464737,0.535263,66931.56
1775260916151,2026-04-04T00:01:56.151,btc-updown-15m-1775260800,1775261700,Down,34616237021001802473186228217637203990236186395104119946554985214552396583452,72652542234871127445865013381104523037021159128556364009146823631166084138209,0.28,0.29,125.0,108.53,0.01,0.71,0.72,108.53,125.0,0.01,0.285,0.715,0.464737,0.535263,66931.56
1775260917151,2026-04-04T00:01:57.151,btc-updown-15m-1775260800,1775261700,Down,34616237021001802473186228217637203990236186395104119946554985214552396583452,72652542234871127445865013381104523037021159128556364009146823631166084138209,0.28,0.29,328.0,47.32,0.01,0.71,0.72,47.32,328.0,0.01,0.285,0.715,0.126079,0.873921,66931.57
1775260918153,2026-04-04T00:01:58.153,btc-updown-15m-1775260800,1775261700,Down,34616237021001802473186228217637203990236186395104119946554985214552396583452,72652542234871127445865013381104523037021159128556364009146823631166084138209,0.28,0.29,328.0,39.98,0.01,0.71,0.72,39.98,328.0,0.01,0.285,0.715,0.108647,0.891353,66931.57
1775260919154,2026-04-04T00:01:59.154,btc-updown-15m-1775260800,1775261700,Down,34616237021001802473186228217637203990236186395104119946554985214552396583452,72652542234871127445865013381104523037021159128556364009146823631166084138209,0.28,0.29,309.41,61.09,0.01,0.71,0.72,61.09,309.41,0.01,0.285,0.715,0.164885,0.835115,66931.57
1775260920154,2026-04-04T00:02:00.154,btc-updown-15m-1775260800,1775261700,Down,34616237021001802473186228217637203990236186395104119946554985214552396583452,72652542234871127445865013381104523037021159128556364009146823631166084138209,0.28,0.3,247.8,61.09,0.02,0.7,0.72,61.09,247.8,0.02,0.29,0.71,0.197773,0.802227,66927.28
1775260921156,2026-04-04T00:02:01.156,btc-updown-15m-1775260800,1775261700,Down,34616237021001802473186228217637203990236186395104119946554985214552396583452,72652542234871127445865013381104523037021159128556364009146823631166084138209,0.26,0.29,410.75,0.13,0.03,0.71,0.74,0.13,410.75,0.03,0.275,0.725,0.000316,0.999684,66927.28
1775260922157,2026-04-04T00:02:02.157,btc-updown-15m-1775260800,1775261700,Down,34616237021001802473186228217637203990236186395104119946554985214552396583452,72652542234871127445865013381104523037021159128556364009146823631166084138209,0.26,0.27,246.76,10.88,0.01,0.73,0.74,10.88,246.76,0.01,0.265,0.735,0.042229,0.957771,66927.28
1775260923157,2026-04-04T00:02:03.157,btc-updown-15m-1775260800,1775261700,Down,34616237021001802473186228217637203990236186395104119946554985214552396583452,72652542234871127445865013381104523037021159128556364009146823631166084138209,0.26,0.27,264.35,12.96,0.01,0.73,0.74,12.96,264.35,0.01,0.265,0.735,0.046735,0.953265,66927.29
1775260924158,2026-04-04T00:02:04.158,btc-updown-15m-1775260800,1775261700,Down,34616237021001802473186228217637203990236186395104119946554985214552396583452,72652542234871127445865013381104523037021159128556364009146823631166084138209,0.26,0.27,575.94,5.0,0.01,0.73,0.74,5.0,575.94,0.01,0.265,0.735,0.008607,0.991393,66927.29
1775260925159,2026-04-04T00:02:05.159,btc-updown-15m-1775260800,1775261700,Down,34616237021001802473186228217637203990236186395104119946554985214552396583452,72652542234871127445865013381104523037021159128556364009146823631166084138209,0.24,0.25,127.68,115.19,0.01,0.75,0.76,115.19,127.68,0.01,0.245,0.755,0.474287,0.525713,66927.29
1775260926161,2026-04-04T00:02:06.161,btc-updown-15m-1775260800,1775261700,Down,34616237021001802473186228217637203990236186395104119946554985214552396583452,72652542234871127445865013381104523037021159128556364009146823631166084138209,0.24,0.25,644.68,10.88,0.01,0.75,0.76,10.88,644.68,0.01,0.245,0.755,0.016596,0.983404,66923.59
1775260927163,2026-04-04T00:02:07.163,btc-updown-15m-1775260800,1775261700,Down,34616237021001802473186228217637203990236186395104119946554985214552396583452,72652542234871127445865013381104523037021159128556364009146823631166084138209,0.23,0.25,546.56,189.38,0.02,0.75,0.77,189.38,546.56,0.02,0.24,0.76,0.257331,0.742669,66923.59
1775260928163,2026-04-04T00:02:08.163,btc-updown-15m-1775260800,1775261700,Down,34616237021001802473186228217637203990236186395104119946554985214552396583452,72652542234871127445865013381104523037021159128556364009146823631166084138209,0.23,0.24,419.28,264.26,0.01,0.76,0.77,264.26,419.28,0.01,0.235,0.765,0.386605,0.613395,66923.59
1775260929165,2026-04-04T00:02:09.165,btc-updown-15m-1775260800,1775261700,Down,34616237021001802473186228217637203990236186395104119946554985214552396583452,72652542234871127445865013381104523037021159128556364009146823631166084138209,0.23,0.24,419.28,209.67,0.01,0.76,0.77,209.67,419.28,0.01,0.235,0.765,0.333365,0.666635,66923.59
1775260930166,2026-04-04T00:02:10.166,btc-updown-15m-1775260800,1775261700,Down,34616237021001802473186228217637203990236186395104119946554985214552396583452,72652542234871127445865013381104523037021159128556364009146823631166084138209,0.23,0.24,419.46,55.38,0.01,0.76,0.77,55.38,419.46,0.01,0.235,0.765,0.116629,0.883371,66923.59
1775260931167,2026-04-04T00:02:11.167,btc-updown-15m-1775260800,1775261700,Down,34616237021001802473186228217637203990236186395104119946554985214552396583452,72652542234871127445865013381104523037021159128556364009146823631166084138209,0.23,0.24,652.49,20.88,0.01,0.76,0.77,20.88,652.49,0.01,0.235,0.765,0.031008,0.968992,66923.59
1775260932168,2026-04-04T00:02:12.168,btc-updown-15m-1775260800,1775261700,Down,34616237021001802473186228217637203990236186395104119946554985214552396583452,72652542234871127445865013381104523037021159128556364009146823631166084138209,0.23,0.24,652.49,19.88,0.01,0.76,0.77,19.88,652.49,0.01,0.235,0.765,0.029567,0.970433,66923.59
1775260933168,2026-04-04T00:02:13.168,btc-updown-15m-1775260800,1775261700,Down,34616237021001802473186228217637203990236186395104119946554985214552396583452,72652542234871127445865013381104523037021159128556364009146823631166084138209,0.23,0.24,652.49,19.88,0.01,0.76,0.77,19.88,652.49,0.01,0.235,0.765,0.029567,0.970433,66923.59
1775260934169,2026-04-04T00:02:14.169,btc-updown-15m-1775260800,1775261700,Down,34616237021001802473186228217637203990236186395104119946554985214552396583452,72652542234871127445865013381104523037021159128556364009146823631166084138209,0.23,0.24,652.49,19.88,0.01,0.76,0.77,19.88,652.49,0.01,0.235,0.765,0.029567,0.970433,66923.59
1775260935171,2026-04-04T00:02:15.171,btc-updown-15m-1775260800,1775261700,Down,34616237021001802473186228217637203990236186395104119946554985214552396583452,72652542234871127445865013381104523037021159128556364009146823631166084138209,0.22,0.24,817.99,78.88,0.02,0.76,0.78,78.88,817.99,0.02,0.23,0.77,0.08795,0.91205,66922.13
1775260936172,2026-04-04T00:02:16.172,btc-updown-15m-1775260800,1775261700,Down,34616237021001802473186228217637203990236186395104119946554985214552396583452,72652542234871127445865013381104523037021159128556364009146823631166084138209,0.22,0.23,565.3,69.64,0.01,0.77,0.78,69.64,565.3,0.01,0.225,0.775,0.10968,0.89032,66922.13
1775260937173,2026-04-04T00:02:17.173,btc-updown-15m-1775260800,1775261700,Down,34616237021001802473186228217637203990236186395104119946554985214552396583452,72652542234871127445865013381104523037021159128556364009146823631166084138209,0.18,0.2,269.83,92.51,0.02,0.8,0.82,92.51,269.83,0.02,0.19,0.81,0.255313,0.744687,66922.13
1775260938174,2026-04-04T00:02:18.174,btc-updown-15m-1775260800,1775261700,Down,34616237021001802473186228217637203990236186395104119946554985214552396583452,72652542234871127445865013381104523037021159128556364009146823631166084138209,0.18,0.19,163.0,65.38,0.01,0.81,0.82,65.38,163.0,0.01,0.185,0.815,0.286277,0.713723,66913.85
1775260939175,2026-04-04T00:02:19.175,btc-updown-15m-1775260800,1775261700,Down,34616237021001802473186228217637203990236186395104119946554985214552396583452,72652542234871127445865013381104523037021159128556364009146823631166084138209,0.18,0.19,173.0,209.49,0.01,0.81,0.82,209.49,173.0,0.01,0.185,0.815,0.547701,0.452299,66913.85
1775260940176,2026-04-04T00:02:20.176,btc-updown-15m-1775260800,1775261700,Down,34616237021001802473186228217637203990236186395104119946554985214552396583452,72652542234871127445865013381104523037021159128556364009146823631166084138209,0.18,0.19,465.86,10.0,0.01,0.81,0.82,10.0,465.86,0.01,0.185,0.815,0.021015,0.978985,66913.85
1775260941176,2026-04-04T00:02:21.176,btc-updown-15m-1775260800,1775261700,Down,34616237021001802473186228217637203990236186395104119946554985214552396583452,72652542234871127445865013381104523037021159128556364009146823631166084138209,0.18,0.19,484.69,10.0,0.01,0.81,0.82,10.0,484.69,0.01,0.185,0.815,0.020215,0.979785,66911.57
1775260942177,2026-04-04T00:02:22.177,btc-updown-15m-1775260800,1775261700,Down,34616237021001802473186228217637203990236186395104119946554985214552396583452,72652542234871127445865013381104523037021159128556364009146823631166084138209,0.18,0.19,484.69,10.0,0.01,0.81,0.82,10.0,484.69,0.01,0.185,0.815,0.020215,0.979785,66911.57
1775260943179,2026-04-04T00:02:23.179,btc-updown-15m-1775260800,1775261700,Down,34616237021001802473186228217637203990236186395104119946554985214552396583452,72652542234871127445865013381104523037021159128556364009146823631166084138209,0.18,0.19,377.69,9.0,0.01,0.81,0.82,9.0,377.69,0.01,0.185,0.815,0.023274,0.976726,66911.57
1775260944180,2026-04-04T00:02:24.180,btc-updown-15m-1775260800,1775261700,Down,34616237021001802473186228217637203990236186395104119946554985214552396583452,72652542234871127445865013381104523037021159128556364009146823631166084138209,0.18,0.19,377.69,9.0,0.01,0.81,0.82,9.0,377.69,0.01,0.185,0.815,0.023274,0.976726,66911.57
1775260945181,2026-04-04T00:02:25.181,btc-updown-15m-1775260800,1775261700,Down,34616237021001802473186228217637203990236186395104119946554985214552396583452,72652542234871127445865013381104523037021159128556364009146823631166084138209,0.16,0.18,293.5,228.38,0.02,0.82,0.84,228.38,293.5,0.02,0.17,0.83,0.43761,0.56239,66911.57
1775260946182,2026-04-04T00:02:26.182,btc-updown-15m-1775260800,1775261700,Down,34616237021001802473186228217637203990236186395104119946554985214552396583452,72652542234871127445865013381104523037021159128556364009146823631166084138209,0.16,0.17,23.0,226.38,0.01,0.83,0.84,226.38,23.0,0.01,0.165,0.835,0.907771,0.092229,66911.57
1775260947182,2026-04-04T00:02:27.182,btc-updown-15m-1775260800,1775261700,Down,34616237021001802473186228217637203990236186395104119946554985214552396583452,72652542234871127445865013381104523037021159128556364009146823631166084138209,0.16,0.17,10.0,255.18,0.01,0.83,0.84,255.18,10.0,0.01,0.165,0.835,0.96229,0.03771,66907.14
1775260948183,2026-04-04T00:02:28.183,btc-updown-15m-1775260800,1775261700,Down,34616237021001802473186228217637203990236186395104119946554985214552396583452,72652542234871127445865013381104523037021159128556364009146823631166084138209,0.16,0.17,15.0,265.18,0.01,0.83,0.84,265.18,15.0,0.01,0.165,0.835,0.946463,0.053537,66907.14
1775260949184,2026-04-04T00:02:29.184,btc-updown-15m-1775260800,1775261700,Down,34616237021001802473186228217637203990236186395104119946554985214552396583452,72652542234871127445865013381104523037021159128556364009146823631166084138209,0.16,0.17,14.11,126.98,0.01,0.83,0.84,126.98,14.11,0.01,0.165,0.835,0.899993,0.100007,66907.14
1775260950184,2026-04-04T00:02:30.184,btc-updown-15m-1775260800,1775261700,Down,34616237021001802473186228217637203990236186395104119946554985214552396583452,72652542234871127445865013381104523037021159128556364009146823631166084138209,0.16,0.17,14.11,121.98,0.01,0.83,0.84,121.98,14.11,0.01,0.165,0.835,0.896319,0.103681,66907.14
1775260951185,2026-04-04T00:02:31.185,btc-updown-15m-1775260800,1775261700,Down,34616237021001802473186228217637203990236186395104119946554985214552396583452,72652542234871127445865013381104523037021159128556364009146823631166084138209,0.16,0.18,290.77,340.98,0.02,0.82,0.84,340.98,290.77,0.02,0.17,0.83,0.539739,0.460261,66907.14
1775260952187,2026-04-04T00:02:32.187,btc-updown-15m-1775260800,1775261700,Down,34616237021001802473186228217637203990236186395104119946554985214552396583452,72652542234871127445865013381104523037021159128556364009146823631166084138209,0.16,0.17,5.0,441.59,0.01,0.83,0.84,441.59,5.0,0.01,0.165,0.835,0.988804,0.011196,66907.14
1775260953188,2026-04-04T00:02:33.188,btc-updown-15m-1775260800,1775261700,Down,34616237021001802473186228217637203990236186395104119946554985214552396583452,72652542234871127445865013381104523037021159128556364009146823631166084138209,0.16,0.18,199.04,428.05,0.02,0.82,0.84,428.05,199.04,0.02,0.17,0.83,0.682597,0.317403,66907.13
1775260954188,2026-04-04T00:02:34.188,btc-updown-15m-1775260800,1775261700,Down,34616237021001802473186228217637203990236186395104119946554985214552396583452,72652542234871127445865013381104523037021159128556364009146823631166084138209,0.17,0.18,184.0,25.63,0.01,0.82,0.83,25.63,184.0,0.01,0.175,0.825,0.122263,0.877737,66907.13
1775260955189,2026-04-04T00:02:35.189,btc-updown-15m-1775260800,1775261700,Down,34616237021001802473186228217637203990236186395104119946554985214552396583452,72652542234871127445865013381104523037021159128556364009146823631166084138209,0.17,0.18,244.67,35.63,0.01,0.82,0.83,35.63,244.67,0.01,0.175,0.825,0.127114,0.872886,66907.13
1775260956190,2026-04-04T00:02:36.190,btc-updown-15m-1775260800,1775261700,Down,34616237021001802473186228217637203990236186395104119946554985214552396583452,72652542234871127445865013381104523037021159128556364009146823631166084138209,0.17,0.18,244.61,35.63,0.01,0.82,0.83,35.63,244.61,0.01,0.175,0.825,0.127141,0.872859,66907.14
1775260957190,2026-04-04T00:02:37.190,btc-updown-15m-1775260800,1775261700,Down,34616237021001802473186228217637203990236186395104119946554985214552396583452,72652542234871127445865013381104523037021159128556364009146823631166084138209,0.17,0.18,346.61,32.84,0.01,0.82,0.83,32.84,346.61,0.01,0.175,0.825,0.086546,0.913454,66907.14
1775260958192,2026-04-04T00:02:38.192,btc-updown-15m-1775260800,1775261700,Down,34616237021001802473186228217637203990236186395104119946554985214552396583452,72652542234871127445865013381104523037021159128556364009146823631166084138209,0.17,0.18,340.43,7.94,0.01,0.82,0.83,7.94,340.43,0.01,0.175,0.825,0.022792,0.977208,66907.14
1775260959193,2026-04-04T00:02:39.193,btc-updown-15m-1775260800,1775261700,Down,34616237021001802473186228217637203990236186395104119946554985214552396583452,72652542234871127445865013381104523037021159128556364009146823631166084138209,0.16,0.17,19.11,134.17,0.01,0.83,0.84,134.17,19.11,0.01,0.165,0.835,0.875326,0.124674,66907.13
1775260960194,2026-04-04T00:02:40.194,btc-updown-15m-1775260800,1775261700,Down,34616237021001802473186228217637203990236186395104119946554985214552396583452,72652542234871127445865013381104523037021159128556364009146823631166084138209,0.16,0.17,19.11,134.17,0.01,0.83,0.84,134.17,19.11,0.01,0.165,0.835,0.875326,0.124674,66907.13
1775260961195,2026-04-04T00:02:41.195,btc-updown-15m-1775260800,1775261700,Down,34616237021001802473186228217637203990236186395104119946554985214552396583452,72652542234871127445865013381104523037021159128556364009146823631166084138209,0.16,0.17,19.11,134.17,0.01,0.83,0.84,134.17,19.11,0.01,0.165,0.835,0.875326,0.124674,66907.13
1775260962196,2026-04-04T00:02:42.196,btc-updown-15m-1775260800,1775261700,Down,34616237021001802473186228217637203990236186395104119946554985214552396583452,72652542234871127445865013381104523037021159128556364009146823631166084138209,0.16,0.17,259.0,107.17,0.01,0.83,0.84,107.17,259.0,0.01,0.165,0.835,0.292678,0.707322,66907.13
1775260963196,2026-04-04T00:02:43.196,btc-updown-15m-1775260800,1775261700,Down,34616237021001802473186228217637203990236186395104119946554985214552396583452,72652542234871127445865013381104523037021159128556364009146823631166084138209,0.16,0.17,257.0,106.17,0.01,0.83,0.84,106.17,257.0,0.01,0.165,0.835,0.292342,0.707658,66907.13
1775260964196,2026-04-04T00:02:44.196,btc-updown-15m-1775260800,1775261700,Down,34616237021001802473186228217637203990236186395104119946554985214552396583452,72652542234871127445865013381104523037021159128556364009146823631166084138209,0.16,0.17,257.0,106.17,0.01,0.83,0.84,106.17,257.0,0.01,0.165,0.835,0.292342,0.707658,66907.13
1775260965197,2026-04-04T00:02:45.197,btc-updown-15m-1775260800,1775261700,Down,34616237021001802473186228217637203990236186395104119946554985214552396583452,72652542234871127445865013381104523037021159128556364009146823631166084138209,0.16,0.17,232.84,487.21,0.01,0.83,0.84,487.21,232.84,0.01,0.165,0.835,0.676634,0.323366,66907.14
1775260966197,2026-04-04T00:02:46.197,btc-updown-15m-1775260800,1775261700,Down,34616237021001802473186228217637203990236186395104119946554985214552396583452,72652542234871127445865013381104523037021159128556364009146823631166084138209,0.16,0.17,232.84,487.21,0.01,0.83,0.84,487.21,232.84,0.01,0.165,0.835,0.676634,0.323366,66907.14
1775260967198,2026-04-04T00:02:47.198,btc-updown-15m-1775260800,1775261700,Down,34616237021001802473186228217637203990236186395104119946554985214552396583452,72652542234871127445865013381104523037021159128556364009146823631166084138209,0.16,0.17,226.95,466.21,0.01,0.83,0.84,466.21,226.95,0.01,0.165,0.835,0.672586,0.327414,66907.14
1775260968199,2026-04-04T00:02:48.199,btc-updown-15m-1775260800,1775261700,Down,34616237021001802473186228217637203990236186395104119946554985214552396583452,72652542234871127445865013381104523037021159128556364009146823631166084138209,0.16,0.17,227.84,191.03,0.01,0.83,0.84,191.03,227.84,0.01,0.165,0.835,0.45606,0.54394,66907.14
1775260969200,2026-04-04T00:02:49.200,btc-updown-15m-1775260800,1775261700,Down,34616237021001802473186228217637203990236186395104119946554985214552396583452,72652542234871127445865013381104523037021159128556364009146823631166084138209,0.16,0.17,227.84,191.03,0.01,0.83,0.84,191.03,227.84,0.01,0.165,0.835,0.45606,0.54394,66907.14
1775260970201,2026-04-04T00:02:50.201,btc-updown-15m-1775260800,1775261700,Down,34616237021001802473186228217637203990236186395104119946554985214552396583452,72652542234871127445865013381104523037021159128556364009146823631166084138209,0.16,0.17,227.84,191.03,0.01,0.83,0.84,191.03,227.84,0.01,0.165,0.835,0.45606,0.54394,66907.14
1775260971201,2026-04-04T00:02:51.201,btc-updown-15m-1775260800,1775261700,Down,34616237021001802473186228217637203990236186395104119946554985214552396583452,72652542234871127445865013381104523037021159128556364009146823631166084138209,0.16,0.17,150.17,206.03,0.01,0.83,0.84,206.03,150.17,0.01,0.165,0.835,0.578411,0.421589,66907.13
1775260972202,2026-04-04T00:02:52.202,btc-updown-15m-1775260800,1775261700,Down,34616237021001802473186228217637203990236186395104119946554985214552396583452,72652542234871127445865013381104523037021159128556364009146823631166084138209,0.16,0.17,150.17,206.03,0.01,0.83,0.84,206.03,150.17,0.01,0.165,0.835,0.578411,0.421589,66907.13
1775260973203,2026-04-04T00:02:53.203,btc-updown-15m-1775260800,1775261700,Down,34616237021001802473186228217637203990236186395104119946554985214552396583452,72652542234871127445865013381104523037021159128556364009146823631166084138209,0.16,0.17,150.17,206.03,0.01,0.83,0.84,206.03,150.17,0.01,0.165,0.835,0.578411,0.421589,66907.13
1775260974203,2026-04-04T00:02:54.203,btc-updown-15m-1775260800,1775261700,Down,34616237021001802473186228217637203990236186395104119946554985214552396583452,72652542234871127445865013381104523037021159128556364009146823631166084138209,0.16,0.17,150.17,206.03,0.01,0.83,0.84,206.03,150.17,0.01,0.165,0.835,0.578411,0.421589,66907.13
1775260975205,2026-04-04T00:02:55.205,btc-updown-15m-1775260800,1775261700,Down,34616237021001802473186228217637203990236186395104119946554985214552396583452,72652542234871127445865013381104523037021159128556364009146823631166084138209,0.16,0.17,144.23,130.04,0.01,0.83,0.84,130.04,144.23,0.01,0.165,0.835,0.474131,0.525869,66907.13
1775260976206,2026-04-04T00:02:56.206,btc-updown-15m-1775260800,1775261700,Down,34616237021001802473186228217637203990236186395104119946554985214552396583452,72652542234871127445865013381104523037021159128556364009146823631166084138209,0.16,0.17,144.23,130.04,0.01,0.83,0.84,130.04,144.23,0.01,0.165,0.835,0.474131,0.525869,66907.13
1775260977206,2026-04-04T00:02:57.206,btc-updown-15m-1775260800,1775261700,Down,34616237021001802473186228217637203990236186395104119946554985214552396583452,72652542234871127445865013381104523037021159128556364009146823631166084138209,0.16,0.17,144.23,130.04,0.01,0.83,0.84,130.04,144.23,0.01,0.165,0.835,0.474131,0.525869,66907.13
1775260978207,2026-04-04T00:02:58.207,btc-updown-15m-1775260800,1775261700,Down,34616237021001802473186228217637203990236186395104119946554985214552396583452,72652542234871127445865013381104523037021159128556364009146823631166084138209,0.16,0.17,144.23,130.04,0.01,0.83,0.84,130.04,144.23,0.01,0.165,0.835,0.474131,0.525869,66907.13
1775260979209,2026-04-04T00:02:59.209,btc-updown-15m-1775260800,1775261700,Down,34616237021001802473186228217637203990236186395104119946554985214552396583452,72652542234871127445865013381104523037021159128556364009146823631166084138209,0.15,0.16,99.0,75.53,0.01,0.84,0.85,75.53,99.0,0.01,0.155,0.845,0.432762,0.567238,66907.13
1775260980209,2026-04-04T00:03:00.209,btc-updown-15m-1775260800,1775261700,Down,34616237021001802473186228217637203990236186395104119946554985214552396583452,72652542234871127445865013381104523037021159128556364009146823631166084138209,0.15,0.16,359.49,22.72,0.01,0.84,0.85,22.72,359.49,0.01,0.155,0.845,0.059444,0.940556,66907.13
1775260981210,2026-04-04T00:03:01.210,btc-updown-15m-1775260800,1775261700,Down,34616237021001802473186228217637203990236186395104119946554985214552396583452,72652542234871127445865013381104523037021159128556364009146823631166084138209,0.17,0.18,5.88,172.5,0.01,0.82,0.83,172.5,5.88,0.01,0.175,0.825,0.967037,0.032963,66907.13
1775260982211,2026-04-04T00:03:02.211,btc-updown-15m-1775260800,1775261700,Down,34616237021001802473186228217637203990236186395104119946554985214552396583452,72652542234871127445865013381104523037021159128556364009146823631166084138209,0.19,0.2,91.38,123.0,0.01,0.8,0.81,123.0,91.38,0.01,0.195,0.805,0.573748,0.426252,66907.13
1775260983211,2026-04-04T00:03:03.211,btc-updown-15m-1775260800,1775261700,Down,34616237021001802473186228217637203990236186395104119946554985214552396583452,72652542234871127445865013381104523037021159128556364009146823631166084138209,0.17,0.19,109.5,71.29,0.02,0.81,0.83,71.29,109.5,0.02,0.18,0.82,0.394325,0.605675,66910.03
1775260984212,2026-04-04T00:03:04.212,btc-updown-15m-1775260800,1775261700,Down,34616237021001802473186228217637203990236186395104119946554985214552396583452,72652542234871127445865013381104523037021159128556364009146823631166084138209,0.17,0.18,122.55,28.79,0.01,0.82,0.83,28.79,122.55,0.01,0.175,0.825,0.190234,0.809766,66910.03
1775260985212,2026-04-04T00:03:05.212,btc-updown-15m-1775260800,1775261700,Down,34616237021001802473186228217637203990236186395104119946554985214552396583452,72652542234871127445865013381104523037021159128556364009146823631166084138209,0.17,0.18,122.55,28.79,0.01,0.82,0.83,28.79,122.55,0.01,0.175,0.825,0.190234,0.809766,66910.03
1775260986213,2026-04-04T00:03:06.213,btc-updown-15m-1775260800,1775261700,Down,34616237021001802473186228217637203990236186395104119946554985214552396583452,72652542234871127445865013381104523037021159128556364009146823631166084138209,0.17,0.18,129.86,44.0,0.01,0.82,0.83,44.0,129.86,0.01,0.175,0.825,0.253077,0.746923,66910.03
1775260987213,2026-04-04T00:03:07.213,btc-updown-15m-1775260800,1775261700,Down,34616237021001802473186228217637203990236186395104119946554985214552396583452,72652542234871127445865013381104523037021159128556364009146823631166084138209,0.17,0.18,129.86,19.0,0.01,0.82,0.83,19.0,129.86,0.01,0.175,0.825,0.127637,0.872363,66910.03
1775260988214,2026-04-04T00:03:08.214,btc-updown-15m-1775260800,1775261700,Down,34616237021001802473186228217637203990236186395104119946554985214552396583452,72652542234871127445865013381104523037021159128556364009146823631166084138209,0.17,0.18,129.86,19.0,0.01,0.82,0.83,19.0,129.86,0.01,0.175,0.825,0.127637,0.872363,66910.03
1775260989215,2026-04-04T00:03:09.215,btc-updown-15m-1775260800,1775261700,Down,34616237021001802473186228217637203990236186395104119946554985214552396583452,72652542234871127445865013381104523037021159128556364009146823631166084138209,0.17,0.18,129.86,19.0,0.01,0.82,0.83,19.0,129.86,0.01,0.175,0.825,0.127637,0.872363,66910.03
1775260990216,2026-04-04T00:03:10.216,btc-updown-15m-1775260800,1775261700,Down,34616237021001802473186228217637203990236186395104119946554985214552396583452,72652542234871127445865013381104523037021159128556364009146823631166084138209,0.17,0.18,138.86,19.0,0.01,0.82,0.83,19.0,138.86,0.01,0.175,0.825,0.12036,0.87964,66910.03
1775260991217,2026-04-04T00:03:11.217,btc-updown-15m-1775260800,1775261700,Down,34616237021001802473186228217637203990236186395104119946554985214552396583452,72652542234871127445865013381104523037021159128556364009146823631166084138209,0.17,0.18,112.74,19.0,0.01,0.82,0.83,19.0,112.74,0.01,0.175,0.825,0.144223,0.855777,66910.03
1775260992219,2026-04-04T00:03:12.219,btc-updown-15m-1775260800,1775261700,Down,34616237021001802473186228217637203990236186395104119946554985214552396583452,72652542234871127445865013381104523037021159128556364009146823631166084138209,0.16,0.18,143.74,188.77,0.02,0.82,0.84,188.77,143.74,0.02,0.17,0.83,0.567712,0.432288,66910.03
1775260993220,2026-04-04T00:03:13.220,btc-updown-15m-1775260800,1775261700,Down,34616237021001802473186228217637203990236186395104119946554985214552396583452,72652542234871127445865013381104523037021159128556364009146823631166084138209,0.16,0.17,178.5,42.19,0.01,0.83,0.84,42.19,178.5,0.01,0.165,0.835,0.191173,0.808827,66910.03
1775260994220,2026-04-04T00:03:14.220,btc-updown-15m-1775260800,1775261700,Down,34616237021001802473186228217637203990236186395104119946554985214552396583452,72652542234871127445865013381104523037021159128556364009146823631166084138209,0.16,0.17,167.14,34.0,0.01,0.83,0.84,34.0,167.14,0.01,0.165,0.835,0.169036,0.830964,66910.03
1775260995221,2026-04-04T00:03:15.221,btc-updown-15m-1775260800,1775261700,Down,34616237021001802473186228217637203990236186395104119946554985214552396583452,72652542234871127445865013381104523037021159128556364009146823631166084138209,0.16,0.17,136.14,28.26,0.01,0.83,0.84,28.26,136.14,0.01,0.165,0.835,0.171898,0.828102,66910.03
1775260996223,2026-04-04T00:03:16.223,btc-updown-15m-1775260800,1775261700,Down,34616237021001802473186228217637203990236186395104119946554985214552396583452,72652542234871127445865013381104523037021159128556364009146823631166084138209,0.16,0.17,124.14,14.26,0.01,0.83,0.84,14.26,124.14,0.01,0.165,0.835,0.103035,0.896965,66910.03
1775260997224,2026-04-04T00:03:17.224,btc-updown-15m-1775260800,1775261700,Down,34616237021001802473186228217637203990236186395104119946554985214552396583452,72652542234871127445865013381104523037021159128556364009146823631166084138209,0.16,0.17,136.14,8.52,0.01,0.83,0.84,8.52,136.14,0.01,0.165,0.835,0.058897,0.941103,66910.03
1775260998225,2026-04-04T00:03:18.225,btc-updown-15m-1775260800,1775261700,Down,34616237021001802473186228217637203990236186395104119946554985214552396583452,72652542234871127445865013381104523037021159128556364009146823631166084138209,0.16,0.17,124.14,2.78,0.01,0.83,0.84,2.78,124.14,0.01,0.165,0.835,0.021904,0.978096,66910.03
1775260999225,2026-04-04T00:03:19.225,btc-updown-15m-1775260800,1775261700,Down,34616237021001802473186228217637203990236186395104119946554985214552396583452,72652542234871127445865013381104523037021159128556364009146823631166084138209,0.15,0.17,165.96,450.26,0.02,0.83,0.85,450.26,165.96,0.02,0.16,0.84,0.730681,0.269319,66910.03
1775261000225,2026-04-04T00:03:20.225,btc-updown-15m-1775260800,1775261700,Down,34616237021001802473186228217637203990236186395104119946554985214552396583452,72652542234871127445865013381104523037021159128556364009146823631166084138209,0.15,0.17,145.96,416.53,0.02,0.83,0.85,416.53,145.96,0.02,0.16,0.84,0.740511,0.259489,66910.03
1775261001227,2026-04-04T00:03:21.227,btc-updown-15m-1775260800,1775261700,Down,34616237021001802473186228217637203990236186395104119946554985214552396583452,72652542234871127445865013381104523037021159128556364009146823631166084138209,0.15,0.17,145.96,416.53,0.02,0.83,0.85,416.53,145.96,0.02,0.16,0.84,0.740511,0.259489,66910.04
1775261002228,2026-04-04T00:03:22.228,btc-updown-15m-1775260800,1775261700,Down,34616237021001802473186228217637203990236186395104119946554985214552396583452,72652542234871127445865013381104523037021159128556364009146823631166084138209,0.15,0.17,145.96,416.53,0.02,0.83,0.85,416.53,145.96,0.02,0.16,0.84,0.740511,0.259489,66910.04
1775261003228,2026-04-04T00:03:23.228,btc-updown-15m-1775260800,1775261700,Down,34616237021001802473186228217637203990236186395104119946554985214552396583452,72652542234871127445865013381104523037021159128556364009146823631166084138209,0.15,0.16,15.0,293.68,0.01,0.84,0.85,293.68,15.0,0.01,0.155,0.845,0.951406,0.048594,66910.04
1775261004229,2026-04-04T00:03:24.229,btc-updown-15m-1775260800,1775261700,Down,34616237021001802473186228217637203990236186395104119946554985214552396583452,72652542234871127445865013381104523037021159128556364009146823631166084138209,0.15,0.16,7.0,286.68,0.01,0.84,0.85,286.68,7.0,0.01,0.155,0.845,0.976165,0.023835,66910.04
1775261005230,2026-04-04T00:03:25.230,btc-updown-15m-1775260800,1775261700,Down,34616237021001802473186228217637203990236186395104119946554985214552396583452,72652542234871127445865013381104523037021159128556364009146823631166084138209,0.15,0.17,193.96,286.68,0.02,0.83,0.85,286.68,193.96,0.02,0.16,0.84,0.596455,0.403545,66910.04
1775261006230,2026-04-04T00:03:26.230,btc-updown-15m-1775260800,1775261700,Down,34616237021001802473186228217637203990236186395104119946554985214552396583452,72652542234871127445865013381104523037021159128556364009146823631166084138209,0.15,0.17,193.96,286.68,0.02,0.83,0.85,286.68,193.96,0.02,0.16,0.84,0.596455,0.403545,66910.04
1775261007232,2026-04-04T00:03:27.232,btc-updown-15m-1775260800,1775261700,Down,34616237021001802473186228217637203990236186395104119946554985214552396583452,72652542234871127445865013381104523037021159128556364009146823631166084138209,0.17,0.18,11.31,231.94,0.01,0.82,0.83,231.94,11.31,0.01,0.175,0.825,0.953505,0.046495,66910.04
1775261008232,2026-04-04T00:03:28.232,btc-updown-15m-1775260800,1775261700,Down,34616237021001802473186228217637203990236186395104119946554985214552396583452,72652542234871127445865013381104523037021159128556364009146823631166084138209,0.17,0.18,1.36,406.94,0.01,0.82,0.83,406.94,1.36,0.01,0.175,0.825,0.996669,0.003331,66910.04
1775261009233,2026-04-04T00:03:29.233,btc-updown-15m-1775260800,1775261700,Down,34616237021001802473186228217637203990236186395104119946554985214552396583452,72652542234871127445865013381104523037021159128556364009146823631166084138209,0.17,0.18,10.1,339.94,0.01,0.82,0.83,339.94,10.1,0.01,0.175,0.825,0.971146,0.028854,66910.04
1775261010234,2026-04-04T00:03:30.234,btc-updown-15m-1775260800,1775261700,Down,34616237021001802473186228217637203990236186395104119946554985214552396583452,72652542234871127445865013381104523037021159128556364009146823631166084138209,0.17,0.18,26.05,286.94,0.01,0.82,0.83,286.94,26.05,0.01,0.175,0.825,0.916771,0.083229,66910.04
1775261011234,2026-04-04T00:03:31.234,btc-updown-15m-1775260800,1775261700,Down,34616237021001802473186228217637203990236186395104119946554985214552396583452,72652542234871127445865013381104523037021159128556364009146823631166084138209,0.17,0.18,80.55,266.94,0.01,0.82,0.83,266.94,80.55,0.01,0.175,0.825,0.768195,0.231805,66910.04
1775261012235,2026-04-04T00:03:32.235,btc-updown-15m-1775260800,1775261700,Down,34616237021001802473186228217637203990236186395104119946554985214552396583452,72652542234871127445865013381104523037021159128556364009146823631166084138209,0.17,0.18,54.55,306.94,0.01,0.82,0.83,306.94,54.55,0.01,0.175,0.825,0.849097,0.150903,66910.04
1775261013236,2026-04-04T00:03:33.236,btc-updown-15m-1775260800,1775261700,Down,34616237021001802473186228217637203990236186395104119946554985214552396583452,72652542234871127445865013381104523037021159128556364009146823631166084138209,0.17,0.18,34.65,172.9,0.01,0.82,0.83,172.9,34.65,0.01,0.175,0.825,0.833052,0.166948,66910.04
1775261014236,2026-04-04T00:03:34.236,btc-updown-15m-1775260800,1775261700,Down,34616237021001802473186228217637203990236186395104119946554985214552396583452,72652542234871127445865013381104523037021159128556364009146823631166084138209,0.17,0.18,6.55,174.9,0.01,0.82,0.83,174.9,6.55,0.01,0.175,0.825,0.963902,0.036098,66910.04
1775261015237,2026-04-04T00:03:35.237,btc-updown-15m-1775260800,1775261700,Down,34616237021001802473186228217637203990236186395104119946554985214552396583452,72652542234871127445865013381104523037021159128556364009146823631166084138209,0.17,0.18,21.65,130.9,0.01,0.82,0.83,130.9,21.65,0.01,0.175,0.825,0.858079,0.141921,66910.04
1775261016237,2026-04-04T00:03:36.237,btc-updown-15m-1775260800,1775261700,Down,34616237021001802473186228217637203990236186395104119946554985214552396583452,72652542234871127445865013381104523037021159128556364009146823631166084138209,0.17,0.18,4.44,142.9,0.01,0.82,0.83,142.9,4.44,0.01,0.175,0.825,0.969866,0.030134,66910.04
1775261017238,2026-04-04T00:03:37.238,btc-updown-15m-1775260800,1775261700,Down,34616237021001802473186228217637203990236186395104119946554985214552396583452,72652542234871127445865013381104523037021159128556364009146823631166084138209,0.17,0.18,4.44,142.9,0.01,0.82,0.83,142.9,4.44,0.01,0.175,0.825,0.969866,0.030134,66910.04
1775261018240,2026-04-04T00:03:38.240,btc-updown-15m-1775260800,1775261700,Down,34616237021001802473186228217637203990236186395104119946554985214552396583452,72652542234871127445865013381104523037021159128556364009146823631166084138209,0.17,0.18,22.99,107.9,0.01,0.82,0.83,107.9,22.99,0.01,0.175,0.825,0.824356,0.175644,66910.04
1775261019240,2026-04-04T00:03:39.240,btc-updown-15m-1775260800,1775261700,Down,34616237021001802473186228217637203990236186395104119946554985214552396583452,72652542234871127445865013381104523037021159128556364009146823631166084138209,0.13,0.14,57.85,82.38,0.01,0.86,0.87,82.38,57.85,0.01,0.135,0.865,0.587463,0.412537,66905.46
1775261020241,2026-04-04T00:03:40.241,btc-updown-15m-1775260800,1775261700,Down,34616237021001802473186228217637203990236186395104119946554985214552396583452,72652542234871127445865013381104523037021159128556364009146823631166084138209,0.13,0.14,180.85,62.38,0.01,0.86,0.87,62.38,180.85,0.01,0.135,0.865,0.256465,0.743535,66905.46
1775261021242,2026-04-04T00:03:41.242,btc-updown-15m-1775260800,1775261700,Down,34616237021001802473186228217637203990236186395104119946554985214552396583452,72652542234871127445865013381104523037021159128556364009146823631166084138209,0.13,0.14,180.85,87.94,0.01,0.86,0.87,87.94,180.85,0.01,0.135,0.865,0.32717,0.67283,66905.46
1775261022243,2026-04-04T00:03:42.243,btc-updown-15m-1775260800,1775261700,Down,34616237021001802473186228217637203990236186395104119946554985214552396583452,72652542234871127445865013381104523037021159128556364009146823631166084138209,0.13,0.14,192.85,97.64,0.01,0.86,0.87,97.64,192.85,0.01,0.135,0.865,0.336122,0.663878,66905.47
1775261023244,2026-04-04T00:03:43.244,btc-updown-15m-1775260800,1775261700,Down,34616237021001802473186228217637203990236186395104119946554985214552396583452,72652542234871127445865013381104523037021159128556364009146823631166084138209,0.13,0.14,149.74,132.64,0.01,0.86,0.87,132.64,149.74,0.01,0.135,0.865,0.469722,0.530278,66905.47
1775261024245,2026-04-04T00:03:44.245,btc-updown-15m-1775260800,1775261700,Down,34616237021001802473186228217637203990236186395104119946554985214552396583452,72652542234871127445865013381104523037021159128556364009146823631166084138209,0.13,0.14,149.74,132.64,0.01,0.86,0.87,132.64,149.74,0.01,0.135,0.865,0.469722,0.530278,66905.47
1775261025246,2026-04-04T00:03:45.246,btc-updown-15m-1775260800,1775261700,Down,34616237021001802473186228217637203990236186395104119946554985214552396583452,72652542234871127445865013381104523037021159128556364009146823631166084138209,0.13,0.14,118.31,132.64,0.01,0.86,0.87,132.64,118.31,0.01,0.135,0.865,0.528552,0.471448,66905.46
1775261026247,2026-04-04T00:03:46.247,btc-updown-15m-1775260800,1775261700,Down,34616237021001802473186228217637203990236186395104119946554985214552396583452,72652542234871127445865013381104523037021159128556364009146823631166084138209,0.13,0.14,149.19,75.65,0.01,0.86,0.87,75.65,149.19,0.01,0.135,0.865,0.336461,0.663539,66905.46
1775261027247,2026-04-04T00:03:47.247,btc-updown-15m-1775260800,1775261700,Down,34616237021001802473186228217637203990236186395104119946554985214552396583452,72652542234871127445865013381104523037021159128556364009146823631166084138209,0.13,0.14,127.75,67.6,0.01,0.86,0.87,67.6,127.75,0.01,0.135,0.865,0.346046,0.653954,66905.46
1775261028249,2026-04-04T00:03:48.249,btc-updown-15m-1775260800,1775261700,Down,34616237021001802473186228217637203990236186395104119946554985214552396583452,72652542234871127445865013381104523037021159128556364009146823631166084138209,0.13,0.14,127.75,67.6,0.01,0.86,0.87,67.6,127.75,0.01,0.135,0.865,0.346046,0.653954,66905.46
1775261029250,2026-04-04T00:03:49.250,btc-updown-15m-1775260800,1775261700,Down,34616237021001802473186228217637203990236186395104119946554985214552396583452,72652542234871127445865013381104523037021159128556364009146823631166084138209,0.13,0.14,127.75,59.55,0.01,0.86,0.87,59.55,127.75,0.01,0.135,0.865,0.317939,0.682061,66905.46
1775261030251,2026-04-04T00:03:50.251,btc-updown-15m-1775260800,1775261700,Down,34616237021001802473186228217637203990236186395104119946554985214552396583452,72652542234871127445865013381104523037021159128556364009146823631166084138209,0.13,0.14,160.75,2.83,0.01,0.86,0.87,2.83,160.75,0.01,0.135,0.865,0.0173,0.9827,66905.46
1775261031252,2026-04-04T00:03:51.252,btc-updown-15m-1775260800,1775261700,Down,34616237021001802473186228217637203990236186395104119946554985214552396583452,72652542234871127445865013381104523037021159128556364009146823631166084138209,0.12,0.13,128.82,375.68,0.01,0.87,0.88,375.68,128.82,0.01,0.125,0.875,0.744658,0.255342,66904.46
1775261032253,2026-04-04T00:03:52.253,btc-updown-15m-1775260800,1775261700,Down,34616237021001802473186228217637203990236186395104119946554985214552396583452,72652542234871127445865013381104523037021159128556364009146823631166084138209,0.12,0.13,128.82,365.68,0.01,0.87,0.88,365.68,128.82,0.01,0.125,0.875,0.739494,0.260506,66904.46
1775261033253,2026-04-04T00:03:53.253,btc-updown-15m-1775260800,1775261700,Down,34616237021001802473186228217637203990236186395104119946554985214552396583452,72652542234871127445865013381104523037021159128556364009146823631166084138209,0.12,0.13,128.82,249.04,0.01,0.87,0.88,249.04,128.82,0.01,0.125,0.875,0.65908,0.34092,66904.46
1775261034253,2026-04-04T00:03:54.253,btc-updown-15m-1775260800,1775261700,Down,34616237021001802473186228217637203990236186395104119946554985214552396583452,72652542234871127445865013381104523037021159128556364009146823631166084138209,0.12,0.13,146.36,184.04,0.01,0.87,0.88,184.04,146.36,0.01,0.125,0.875,0.557022,0.442978,66904.45
1775261035255,2026-04-04T00:03:55.255,btc-updown-15m-1775260800,1775261700,Down,34616237021001802473186228217637203990236186395104119946554985214552396583452,72652542234871127445865013381104523037021159128556364009146823631166084138209,0.12,0.13,138.66,154.04,0.01,0.87,0.88,154.04,138.66,0.01,0.125,0.875,0.526273,0.473727,66904.45
1775261036256,2026-04-04T00:03:56.256,btc-updown-15m-1775260800,1775261700,Down,34616237021001802473186228217637203990236186395104119946554985214552396583452,72652542234871127445865013381104523037021159128556364009146823631166084138209,0.12,0.13,138.66,154.04,0.01,0.87,0.88,154.04,138.66,0.01,0.125,0.875,0.526273,0.473727,66904.45
1775261037256,2026-04-04T00:03:57.256,btc-updown-15m-1775260800,1775261700,Down,34616237021001802473186228217637203990236186395104119946554985214552396583452,72652542234871127445865013381104523037021159128556364009146823631166084138209,0.12,0.13,5.0,227.67,0.01,0.87,0.88,227.67,5.0,0.01,0.125,0.875,0.97851,0.02149,66904.45
1775261038257,2026-04-04T00:03:58.257,btc-updown-15m-1775260800,1775261700,Down,34616237021001802473186228217637203990236186395104119946554985214552396583452,72652542234871127445865013381104523037021159128556364009146823631166084138209,0.13,0.14,167.23,30.0,0.01,0.86,0.87,30.0,167.23,0.01,0.135,0.865,0.152107,0.847893,66904.45
1775261039258,2026-04-04T00:03:59.258,btc-updown-15m-1775260800,1775261700,Down,34616237021001802473186228217637203990236186395104119946554985214552396583452,72652542234871127445865013381104523037021159128556364009146823631166084138209,0.13,0.14,56.08,15.88,0.01,0.86,0.87,15.88,56.08,0.01,0.135,0.865,0.220678,0.779322,66904.45
1775261040259,2026-04-04T00:04:00.259,btc-updown-15m-1775260800,1775261700,Down,34616237021001802473186228217637203990236186395104119946554985214552396583452,72652542234871127445865013381104523037021159128556364009146823631166084138209,0.13,0.14,56.08,15.88,0.01,0.86,0.87,15.88,56.08,0.01,0.135,0.865,0.220678,0.779322,66904.46
1775261041260,2026-04-04T00:04:01.260,btc-updown-15m-1775260800,1775261700,Down,34616237021001802473186228217637203990236186395104119946554985214552396583452,72652542234871127445865013381104523037021159128556364009146823631166084138209,0.13,0.14,74.08,10.13,0.01,0.86,0.87,10.13,74.08,0.01,0.135,0.865,0.120295,0.879705,66904.46
1775261042260,2026-04-04T00:04:02.260,btc-updown-15m-1775260800,1775261700,Down,34616237021001802473186228217637203990236186395104119946554985214552396583452,72652542234871127445865013381104523037021159128556364009146823631166084138209,0.13,0.14,59.79,0.25,0.01,0.86,0.87,0.25,59.79,0.01,0.135,0.865,0.004164,0.995836,66904.46
1775261043261,2026-04-04T00:04:03.261,btc-updown-15m-1775260800,1775261700,Down,34616237021001802473186228217637203990236186395104119946554985214552396583452,72652542234871127445865013381104523037021159128556364009146823631166084138209,0.16,0.17,143.39,112.31,0.01,0.83,0.84,106.91,166.23,0.01,0.165,0.835,0.439226,0.608589,66907.68
1775261044261,2026-04-04T00:04:04.261,btc-updown-15m-1775260800,1775261700,Down,34616237021001802473186228217637203990236186395104119946554985214552396583452,72652542234871127445865013381104523037021159128556364009146823631166084138209,0.16,0.17,166.46,151.66,0.01,0.83,0.84,151.66,166.46,0.01,0.165,0.835,0.476738,0.523262,66907.68
1775261045263,2026-04-04T00:04:05.263,btc-updown-15m-1775260800,1775261700,Down,34616237021001802473186228217637203990236186395104119946554985214552396583452,72652542234871127445865013381104523037021159128556364009146823631166084138209,0.16,0.17,166.46,151.66,0.01,0.83,0.84,151.66,166.46,0.01,0.165,0.835,0.476738,0.523262,66907.68
1775261046264,2026-04-04T00:04:06.264,btc-updown-15m-1775260800,1775261700,Down,34616237021001802473186228217637203990236186395104119946554985214552396583452,72652542234871127445865013381104523037021159128556364009146823631166084138209,0.16,0.17,628.46,54.19,0.01,0.83,0.84,54.19,628.46,0.01,0.165,0.835,0.079382,0.920618,66907.68
1775261047265,2026-04-04T00:04:07.265,btc-updown-15m-1775260800,1775261700,Down,34616237021001802473186228217637203990236186395104119946554985214552396583452,72652542234871127445865013381104523037021159128556364009146823631166084138209,0.16,0.17,628.46,54.19,0.01,0.83,0.84,54.19,628.46,0.01,0.165,0.835,0.079382,0.920618,66907.68
1775261048266,2026-04-04T00:04:08.266,btc-updown-15m-1775260800,1775261700,Down,34616237021001802473186228217637203990236186395104119946554985214552396583452,72652542234871127445865013381104523037021159128556364009146823631166084138209,0.16,0.17,628.46,54.19,0.01,0.83,0.84,54.19,628.46,0.01,0.165,0.835,0.079382,0.920618,66907.68
1775261049267,2026-04-04T00:04:09.267,btc-updown-15m-1775260800,1775261700,Down,34616237021001802473186228217637203990236186395104119946554985214552396583452,72652542234871127445865013381104523037021159128556364009146823631166084138209,0.16,0.17,657.46,32.19,0.01,0.83,0.84,32.19,657.46,0.01,0.165,0.835,0.046676,0.953324,66907.67
1775261050267,2026-04-04T00:04:10.267,btc-updown-15m-1775260800,1775261700,Down,34616237021001802473186228217637203990236186395104119946554985214552396583452,72652542234871127445865013381104523037021159128556364009146823631166084138209,0.16,0.17,657.46,32.19,0.01,0.83,0.84,32.19,657.46,0.01,0.165,0.835,0.046676,0.953324,66907.67
1775261051268,2026-04-04T00:04:11.268,btc-updown-15m-1775260800,1775261700,Down,34616237021001802473186228217637203990236186395104119946554985214552396583452,72652542234871127445865013381104523037021159128556364009146823631166084138209,0.16,0.17,679.46,12.19,0.01,0.83,0.84,12.19,679.46,0.01,0.165,0.835,0.017625,0.982375,66907.67
1775261052269,2026-04-04T00:04:12.269,btc-updown-15m-1775260800,1775261700,Down,34616237021001802473186228217637203990236186395104119946554985214552396583452,72652542234871127445865013381104523037021159128556364009146823631166084138209,0.16,0.17,679.46,12.19,0.01,0.83,0.84,12.19,679.46,0.01,0.165,0.835,0.017625,0.982375,66907.67
1775261053269,2026-04-04T00:04:13.269,btc-updown-15m-1775260800,1775261700,Down,34616237021001802473186228217637203990236186395104119946554985214552396583452,72652542234871127445865013381104523037021159128556364009146823631166084138209,0.15,0.17,667.46,429.81,0.02,0.83,0.85,429.81,667.46,0.02,0.16,0.84,0.391709,0.608291,66907.67
1775261054270,2026-04-04T00:04:14.270,btc-updown-15m-1775260800,1775261700,Down,34616237021001802473186228217637203990236186395104119946554985214552396583452,72652542234871127445865013381104523037021159128556364009146823631166084138209,0.15,0.16,70.23,413.04,0.01,0.84,0.85,413.04,70.23,0.01,0.155,0.845,0.854678,0.145322,66907.67
1775261055270,2026-04-04T00:04:15.270,btc-updown-15m-1775260800,1775261700,Down,34616237021001802473186228217637203990236186395104119946554985214552396583452,72652542234871127445865013381104523037021159128556364009146823631166084138209,0.15,0.16,533.12,329.04,0.01,0.84,0.85,329.04,533.12,0.01,0.155,0.845,0.381646,0.618354,66907.67
1775261056271,2026-04-04T00:04:16.271,btc-updown-15m-1775260800,1775261700,Down,34616237021001802473186228217637203990236186395104119946554985214552396583452,72652542234871127445865013381104523037021159128556364009146823631166084138209,0.15,0.16,533.12,329.04,0.01,0.84,0.85,329.04,533.12,0.01,0.155,0.845,0.381646,0.618354,66907.67
1775261057273,2026-04-04T00:04:17.273,btc-updown-15m-1775260800,1775261700,Down,34616237021001802473186228217637203990236186395104119946554985214552396583452,72652542234871127445865013381104523037021159128556364009146823631166084138209,0.15,0.16,533.12,358.54,0.01,0.84,0.85,358.54,533.12,0.01,0.155,0.845,0.402104,0.597896,66907.67
1775261058273,2026-04-04T00:04:18.273,btc-updown-15m-1775260800,1775261700,Down,34616237021001802473186228217637203990236186395104119946554985214552396583452,72652542234871127445865013381104523037021159128556364009146823631166084138209,0.15,0.16,406.12,514.42,0.01,0.84,0.85,514.42,406.12,0.01,0.155,0.845,0.558824,0.441176,66907.68
1775261059275,2026-04-04T00:04:19.275,btc-updown-15m-1775260800,1775261700,Down,34616237021001802473186228217637203990236186395104119946554985214552396583452,72652542234871127445865013381104523037021159128556364009146823631166084138209,0.15,0.17,207.12,484.42,0.02,0.83,0.85,484.42,207.12,0.02,0.16,0.84,0.700495,0.299505,66907.68
1775261060276,2026-04-04T00:04:20.276,btc-updown-15m-1775260800,1775261700,Down,34616237021001802473186228217637203990236186395104119946554985214552396583452,72652542234871127445865013381104523037021159128556364009146823631166084138209,0.16,0.17,193.72,95.0,0.01,0.83,0.84,95.0,193.72,0.01,0.165,0.835,0.329039,0.670961,66907.68
1775261061277,2026-04-04T00:04:21.277,btc-updown-15m-1775260800,1775261700,Down,34616237021001802473186228217637203990236186395104119946554985214552396583452,72652542234871127445865013381104523037021159128556364009146823631166084138209,0.16,0.17,193.72,95.0,0.01,0.83,0.84,95.0,193.72,0.01,0.165,0.835,0.329039,0.670961,66909.68
1775261062278,2026-04-04T00:04:22.278,btc-updown-15m-1775260800,1775261700,Down,34616237021001802473186228217637203990236186395104119946554985214552396583452,72652542234871127445865013381104523037021159128556364009146823631166084138209,0.16,0.17,38.83,476.69,0.01,0.83,0.84,476.69,38.83,0.01,0.165,0.835,0.924678,0.075322,66909.68
1775261063279,2026-04-04T00:04:23.279,btc-updown-15m-1775260800,1775261700,Down,34616237021001802473186228217637203990236186395104119946554985214552396583452,72652542234871127445865013381104523037021159128556364009146823631166084138209,0.16,0.17,38.83,476.69,0.01,0.83,0.84,476.69,38.83,0.01,0.165,0.835,0.924678,0.075322,66909.68
1775261064279,2026-04-04T00:04:24.279,btc-updown-15m-1775260800,1775261700,Down,34616237021001802473186228217637203990236186395104119946554985214552396583452,72652542234871127445865013381104523037021159128556364009146823631166084138209,0.16,0.17,4.83,369.69,0.01,0.83,0.84,369.69,4.83,0.01,0.165,0.835,0.987103,0.012897,66909.69
1775261065280,2026-04-04T00:04:25.280,btc-updown-15m-1775260800,1775261700,Down,34616237021001802473186228217637203990236186395104119946554985214552396583452,72652542234871127445865013381104523037021159128556364009146823631166084138209,0.16,0.17,4.83,369.69,0.01,0.83,0.84,369.69,4.83,0.01,0.165,0.835,0.987103,0.012897,66909.69
1775261066280,2026-04-04T00:04:26.280,btc-updown-15m-1775260800,1775261700,Down,34616237021001802473186228217637203990236186395104119946554985214552396583452,72652542234871127445865013381104523037021159128556364009146823631166084138209,0.16,0.17,4.83,369.69,0.01,0.83,0.84,369.69,4.83,0.01,0.165,0.835,0.987103,0.012897,66909.69
1775261067281,2026-04-04T00:04:27.281,btc-updown-15m-1775260800,1775261700,Down,34616237021001802473186228217637203990236186395104119946554985214552396583452,72652542234871127445865013381104523037021159128556364009146823631166084138209,0.17,0.18,166.01,316.44,0.01,0.82,0.83,316.44,166.01,0.01,0.175,0.825,0.655902,0.344098,66911.56
1775261068282,2026-04-04T00:04:28.282,btc-updown-15m-1775260800,1775261700,Down,34616237021001802473186228217637203990236186395104119946554985214552396583452,72652542234871127445865013381104523037021159128556364009146823631166084138209,0.17,0.18,161.01,326.44,0.01,0.82,0.83,326.44,161.01,0.01,0.175,0.825,0.669689,0.330311,66911.56
1775261069282,2026-04-04T00:04:29.282,btc-updown-15m-1775260800,1775261700,Down,34616237021001802473186228217637203990236186395104119946554985214552396583452,72652542234871127445865013381104523037021159128556364009146823631166084138209,0.17,0.18,156.01,273.94,0.01,0.82,0.83,273.94,156.01,0.01,0.175,0.825,0.637144,0.362856,66911.56
1775261070283,2026-04-04T00:04:30.283,btc-updown-15m-1775260800,1775261700,Down,34616237021001802473186228217637203990236186395104119946554985214552396583452,72652542234871127445865013381104523037021159128556364009146823631166084138209,0.17,0.18,157.0,273.94,0.01,0.82,0.83,273.94,157.0,0.01,0.175,0.825,0.63568,0.36432,66911.57
1775261071284,2026-04-04T00:04:31.284,btc-updown-15m-1775260800,1775261700,Down,34616237021001802473186228217637203990236186395104119946554985214552396583452,72652542234871127445865013381104523037021159128556364009146823631166084138209,0.17,0.18,343.5,189.94,0.01,0.82,0.83,189.94,343.5,0.01,0.175,0.825,0.356066,0.643934,66911.57
1775261072285,2026-04-04T00:04:32.285,btc-updown-15m-1775260800,1775261700,Down,34616237021001802473186228217637203990236186395104119946554985214552396583452,72652542234871127445865013381104523037021159128556364009146823631166084138209,0.17,0.18,345.38,44.0,0.01,0.82,0.83,44.0,345.38,0.01,0.175,0.825,0.113,0.887,66911.57
1775261073287,2026-04-04T00:04:33.287,btc-updown-15m-1775260800,1775261700,Down,34616237021001802473186228217637203990236186395104119946554985214552396583452,72652542234871127445865013381104523037021159128556364009146823631166084138209,0.17,0.18,287.88,60.33,0.01,0.82,0.83,60.33,287.88,0.01,0.175,0.825,0.173258,0.826742,66911.57
1775261074288,2026-04-04T00:04:34.288,btc-updown-15m-1775260800,1775261700,Down,34616237021001802473186228217637203990236186395104119946554985214552396583452,72652542234871127445865013381104523037021159128556364009146823631166084138209,0.17,0.18,287.88,60.33,0.01,0.82,0.83,60.33,287.88,0.01,0.175,0.825,0.173258,0.826742,66911.57
1775261075289,2026-04-04T00:04:35.289,btc-updown-15m-1775260800,1775261700,Down,34616237021001802473186228217637203990236186395104119946554985214552396583452,72652542234871127445865013381104523037021159128556364009146823631166084138209,0.17,0.18,296.88,57.29,0.01,0.82,0.83,57.29,296.88,0.01,0.175,0.825,0.161758,0.838242,66911.57
1775261076289,2026-04-04T00:04:36.289,btc-updown-15m-1775260800,1775261700,Down,34616237021001802473186228217637203990236186395104119946554985214552396583452,72652542234871127445865013381104523037021159128556364009146823631166084138209,0.17,0.18,22.25,280.23,0.01,0.82,0.83,280.23,22.25,0.01,0.175,0.825,0.926441,0.073559,66911.57
1775261077291,2026-04-04T00:04:37.291,btc-updown-15m-1775260800,1775261700,Down,34616237021001802473186228217637203990236186395104119946554985214552396583452,72652542234871127445865013381104523037021159128556364009146823631166084138209,0.17,0.18,34.13,306.98,0.01,0.82,0.83,306.98,34.13,0.01,0.175,0.825,0.899944,0.100056,66911.57
1775261078293,2026-04-04T00:04:38.293,btc-updown-15m-1775260800,1775261700,Down,34616237021001802473186228217637203990236186395104119946554985214552396583452,72652542234871127445865013381104523037021159128556364009146823631166084138209,0.17,0.18,11.88,303.94,0.01,0.82,0.83,303.94,11.88,0.01,0.175,0.825,0.962384,0.037616,66911.57
1775261079293,2026-04-04T00:04:39.293,btc-updown-15m-1775260800,1775261700,Down,34616237021001802473186228217637203990236186395104119946554985214552396583452,72652542234871127445865013381104523037021159128556364009146823631166084138209,0.17,0.18,6.93,243.69,0.01,0.82,0.83,243.69,6.93,0.01,0.175,0.825,0.972349,0.027651,66911.56
1775261080293,2026-04-04T00:04:40.293,btc-updown-15m-1775260800,1775261700,Down,34616237021001802473186228217637203990236186395104119946554985214552396583452,72652542234871127445865013381104523037021159128556364009146823631166084138209,0.17,0.18,7.91,229.57,0.01,0.82,0.83,229.57,7.91,0.01,0.175,0.825,0.966692,0.033308,66911.56
1775261081294,2026-04-04T00:04:41.294,btc-updown-15m-1775260800,1775261700,Down,34616237021001802473186228217637203990236186395104119946554985214552396583452,72652542234871127445865013381104523037021159128556364009146823631166084138209,0.17,0.18,7.91,229.57,0.01,0.82,0.83,229.57,7.91,0.01,0.175,0.825,0.966692,0.033308,66911.56
1775261082294,2026-04-04T00:04:42.294,btc-updown-15m-1775260800,1775261700,Down,34616237021001802473186228217637203990236186395104119946554985214552396583452,72652542234871127445865013381104523037021159128556364009146823631166084138209,0.17,0.18,81.43,135.42,0.01,0.82,0.83,135.42,81.43,0.01,0.175,0.825,0.624487,0.375513,66911.56
1775261083295,2026-04-04T00:04:43.295,btc-updown-15m-1775260800,1775261700,Down,34616237021001802473186228217637203990236186395104119946554985214552396583452,72652542234871127445865013381104523037021159128556364009146823631166084138209,0.16,0.17,5.88,219.8,0.01,0.83,0.84,219.8,5.88,0.01,0.165,0.835,0.973945,0.026055,66911.56
1775261084295,2026-04-04T00:04:44.295,btc-updown-15m-1775260800,1775261700,Down,34616237021001802473186228217637203990236186395104119946554985214552396583452,72652542234871127445865013381104523037021159128556364009146823631166084138209,0.16,0.17,5.7,267.8,0.01,0.83,0.84,267.8,5.7,0.01,0.165,0.835,0.979159,0.020841,66911.56
1775261085297,2026-04-04T00:04:45.297,btc-updown-15m-1775260800,1775261700,Down,34616237021001802473186228217637203990236186395104119946554985214552396583452,72652542234871127445865013381104523037021159128556364009146823631166084138209,0.17,0.18,297.41,6.0,0.01,0.82,0.83,6.0,297.41,0.01,0.175,0.825,0.019775,0.980225,66911.57
1775261086298,2026-04-04T00:04:46.298,btc-updown-15m-1775260800,1775261700,Down,34616237021001802473186228217637203990236186395104119946554985214552396583452,72652542234871127445865013381104523037021159128556364009146823631166084138209,0.17,0.18,265.6,6.0,0.01,0.82,0.83,6.0,265.6,0.01,0.175,0.825,0.022091,0.977909,66911.57
1775261087299,2026-04-04T00:04:47.299,btc-updown-15m-1775260800,1775261700,Down,34616237021001802473186228217637203990236186395104119946554985214552396583452,72652542234871127445865013381104523037021159128556364009146823631166084138209,0.13,0.14,80.0,195.0,0.01,0.86,0.87,195.0,80.0,0.01,0.135,0.865,0.709091,0.290909,66911.57
1775261088300,2026-04-04T00:04:48.300,btc-updown-15m-1775260800,1775261700,Down,34616237021001802473186228217637203990236186395104119946554985214552396583452,72652542234871127445865013381104523037021159128556364009146823631166084138209,0.12,0.14,472.12,260.57,0.02,0.86,0.88,260.57,472.12,0.02,0.13,0.87,0.355635,0.644365,66903.03
1775261089301,2026-04-04T00:04:49.301,btc-updown-15m-1775260800,1775261700,Down,34616237021001802473186228217637203990236186395104119946554985214552396583452,72652542234871127445865013381104523037021159128556364009146823631166084138209,0.12,0.13,254.62,257.7,0.01,0.87,0.88,257.7,254.62,0.01,0.125,0.875,0.503006,0.496994,66903.03
1775261090301,2026-04-04T00:04:50.301,btc-updown-15m-1775260800,1775261700,Down,34616237021001802473186228217637203990236186395104119946554985214552396583452,72652542234871127445865013381104523037021159128556364009146823631166084138209,0.12,0.13,269.62,207.04,0.01,0.87,0.88,207.04,269.62,0.01,0.125,0.875,0.434356,0.565644,66903.03
1775261091302,2026-04-04T00:04:51.302,btc-updown-15m-1775260800,1775261700,Down,34616237021001802473186228217637203990236186395104119946554985214552396583452,72652542234871127445865013381104523037021159128556364009146823631166084138209,0.12,0.13,269.62,207.04,0.01,0.87,0.88,207.04,269.62,0.01,0.125,0.875,0.434356,0.565644,66903.04
1775261092303,2026-04-04T00:04:52.303,btc-updown-15m-1775260800,1775261700,Down,34616237021001802473186228217637203990236186395104119946554985214552396583452,72652542234871127445865013381104523037021159128556364009146823631166084138209,0.12,0.13,269.62,207.04,0.01,0.87,0.88,207.04,269.62,0.01,0.125,0.875,0.434356,0.565644,66903.04
1775261093303,2026-04-04T00:04:53.303,btc-updown-15m-1775260800,1775261700,Down,34616237021001802473186228217637203990236186395104119946554985214552396583452,72652542234871127445865013381104523037021159128556364009146823631166084138209,0.12,0.13,269.62,207.04,0.01,0.87,0.88,207.04,269.62,0.01,0.125,0.875,0.434356,0.565644,66903.04
1775261094304,2026-04-04T00:04:54.304,btc-updown-15m-1775260800,1775261700,Down,34616237021001802473186228217637203990236186395104119946554985214552396583452,72652542234871127445865013381104523037021159128556364009146823631166084138209,0.12,0.13,269.62,207.04,0.01,0.87,0.88,207.04,269.62,0.01,0.125,0.875,0.434356,0.565644,66903.04
1775261095304,2026-04-04T00:04:55.304,btc-updown-15m-1775260800,1775261700,Down,34616237021001802473186228217637203990236186395104119946554985214552396583452,72652542234871127445865013381104523037021159128556364009146823631166084138209,0.12,0.13,269.62,207.04,0.01,0.87,0.88,207.04,269.62,0.01,0.125,0.875,0.434356,0.565644,66903.04
1775261096305,2026-04-04T00:04:56.305,btc-updown-15m-1775260800,1775261700,Down,34616237021001802473186228217637203990236186395104119946554985214552396583452,72652542234871127445865013381104523037021159128556364009146823631166084138209,0.12,0.13,175.15,146.79,0.01,0.87,0.88,146.79,175.15,0.01,0.125,0.875,0.455955,0.544045,66903.04
1775261097306,2026-04-04T00:04:57.306,btc-updown-15m-1775260800,1775261700,Down,34616237021001802473186228217637203990236186395104119946554985214552396583452,72652542234871127445865013381104523037021159128556364009146823631166084138209,0.12,0.13,175.15,146.79,0.01,0.87,0.88,146.79,175.15,0.01,0.125,0.875,0.455955,0.544045,66903.03
1775261098306,2026-04-04T00:04:58.306,btc-updown-15m-1775260800,1775261700,Down,34616237021001802473186228217637203990236186395104119946554985214552396583452,72652542234871127445865013381104523037021159128556364009146823631166084138209,0.12,0.13,175.15,146.79,0.01,0.87,0.88,146.79,175.15,0.01,0.125,0.875,0.455955,0.544045,66903.03
1775261099307,2026-04-04T00:04:59.307,btc-updown-15m-1775260800,1775261700,Down,34616237021001802473186228217637203990236186395104119946554985214552396583452,72652542234871127445865013381104523037021159128556364009146823631166084138209,0.12,0.13,256.15,145.65,0.01,0.87,0.88,145.65,256.15,0.01,0.125,0.875,0.362494,0.637506,66903.03
1775261100307,2026-04-04T00:05:00.307,btc-updown-15m-1775260800,1775261700,Down,34616237021001802473186228217637203990236186395104119946554985214552396583452,72652542234871127445865013381104523037021159128556364009146823631166084138209,0.11,0.13,172.53,191.88,0.02,0.87,0.89,191.88,172.53,0.02,0.12,0.88,0.52655,0.47345,66900.8
1775261101308,2026-04-04T00:05:01.308,btc-updown-15m-1775260800,1775261700,Down,34616237021001802473186228217637203990236186395104119946554985214552396583452,72652542234871127445865013381104523037021159128556364009146823631166084138209,0.11,0.12,150.53,107.42,0.01,0.88,0.89,107.42,150.53,0.01,0.115,0.885,0.416437,0.583563,66900.8
1775261102308,2026-04-04T00:05:02.308,btc-updown-15m-1775260800,1775261700,Down,34616237021001802473186228217637203990236186395104119946554985214552396583452,72652542234871127445865013381104523037021159128556364009146823631166084138209,0.11,0.12,150.53,107.42,0.01,0.88,0.89,107.42,150.53,0.01,0.115,0.885,0.416437,0.583563,66900.8
1775261103309,2026-04-04T00:05:03.309,btc-updown-15m-1775260800,1775261700,Down,34616237021001802473186228217637203990236186395104119946554985214552396583452,72652542234871127445865013381104523037021159128556364009146823631166084138209,0.11,0.12,129.53,217.54,0.01,0.88,0.89,217.54,129.53,0.01,0.115,0.885,0.62679,0.37321,66900.79
1775261104310,2026-04-04T00:05:04.310,btc-updown-15m-1775260800,1775261700,Down,34616237021001802473186228217637203990236186395104119946554985214552396583452,72652542234871127445865013381104523037021159128556364009146823631166084138209,0.1,0.12,95.86,916.99,0.02,0.88,0.9,916.99,95.86,0.02,0.11,0.89,0.905356,0.094644,66900.79
1775261105311,2026-04-04T00:05:05.311,btc-updown-15m-1775260800,1775261700,Down,34616237021001802473186228217637203990236186395104119946554985214552396583452,72652542234871127445865013381104523037021159128556364009146823631166084138209,0.11,0.12,70.86,63.88,0.01,0.88,0.89,63.88,70.86,0.01,0.115,0.885,0.474098,0.525902,66900.79
1775261106312,2026-04-04T00:05:06.312,btc-updown-15m-1775260800,1775261700,Down,34616237021001802473186228217637203990236186395104119946554985214552396583452,72652542234871127445865013381104523037021159128556364009146823631166084138209,0.11,0.12,122.88,83.0,0.01,0.88,0.89,83.0,122.88,0.01,0.115,0.885,0.403147,0.596853,66900.8
1775261107313,2026-04-04T00:05:07.313,btc-updown-15m-1775260800,1775261700,Down,34616237021001802473186228217637203990236186395104119946554985214552396583452,72652542234871127445865013381104523037021159128556364009146823631166084138209,0.11,0.13,281.3,17.88,0.02,0.87,0.89,17.88,281.3,0.02,0.12,0.88,0.059763,0.940237,66900.8
1775261108313,2026-04-04T00:05:08.313,btc-updown-15m-1775260800,1775261700,Down,34616237021001802473186228217637203990236186395104119946554985214552396583452,72652542234871127445865013381104523037021159128556364009146823631166084138209,0.1,0.12,168.54,915.81,0.02,0.88,0.9,915.81,168.54,0.02,0.11,0.89,0.84457,0.15543,66900.8
1775261109314,2026-04-04T00:05:09.314,btc-updown-15m-1775260800,1775261700,Down,34616237021001802473186228217637203990236186395104119946554985214552396583452,72652542234871127445865013381104523037021159128556364009146823631166084138209,0.1,0.11,35.0,910.75,0.01,0.89,0.9,910.75,35.0,0.01,0.105,0.895,0.962992,0.037008,66900.0
1775261110314,2026-04-04T00:05:10.314,btc-updown-15m-1775260800,1775261700,Down,34616237021001802473186228217637203990236186395104119946554985214552396583452,72652542234871127445865013381104523037021159128556364009146823631166084138209,0.1,0.11,108.0,938.65,0.01,0.89,0.9,938.65,108.0,0.01,0.105,0.895,0.896814,0.103186,66900.0
1775261111315,2026-04-04T00:05:11.315,btc-updown-15m-1775260800,1775261700,Down,34616237021001802473186228217637203990236186395104119946554985214552396583452,72652542234871127445865013381104523037021159128556364009146823631166084138209,0.1,0.11,219.0,968.65,0.01,0.89,0.9,968.65,219.0,0.01,0.105,0.895,0.815602,0.184398,66900.0
1775261112315,2026-04-04T00:05:12.315,btc-updown-15m-1775260800,1775261700,Down,34616237021001802473186228217637203990236186395104119946554985214552396583452,72652542234871127445865013381104523037021159128556364009146823631166084138209,0.1,0.11,402.48,501.04,0.01,0.89,0.9,501.04,402.48,0.01,0.105,0.895,0.554542,0.445458,66888.15
1775261113316,2026-04-04T00:05:13.316,btc-updown-15m-1775260800,1775261700,Down,34616237021001802473186228217637203990236186395104119946554985214552396583452,72652542234871127445865013381104523037021159128556364009146823631166084138209,0.1,0.11,707.48,496.04,0.01,0.89,0.9,496.04,707.48,0.01,0.105,0.895,0.412158,0.587842,66888.15
1775261114317,2026-04-04T00:05:14.317,btc-updown-15m-1775260800,1775261700,Down,34616237021001802473186228217637203990236186395104119946554985214552396583452,72652542234871127445865013381104523037021159128556364009146823631166084138209,0.1,0.11,763.48,484.92,0.01,0.89,0.9,484.92,763.48,0.01,0.105,0.895,0.388433,0.611567,66888.15
1775261115318,2026-04-04T00:05:15.318,btc-updown-15m-1775260800,1775261700,Down,34616237021001802473186228217637203990236186395104119946554985214552396583452,72652542234871127445865013381104523037021159128556364009146823631166084138209,0.1,0.11,896.53,353.92,0.01,0.89,0.9,353.92,896.53,0.01,0.105,0.895,0.283034,0.716966,66887.36
1775261116320,2026-04-04T00:05:16.320,btc-updown-15m-1775260800,1775261700,Down,34616237021001802473186228217637203990236186395104119946554985214552396583452,72652542234871127445865013381104523037021159128556364009146823631166084138209,0.1,0.11,896.53,353.92,0.01,0.89,0.9,353.92,896.53,0.01,0.105,0.895,0.283034,0.716966,66887.36
1775261117321,2026-04-04T00:05:17.321,btc-updown-15m-1775260800,1775261700,Down,34616237021001802473186228217637203990236186395104119946554985214552396583452,72652542234871127445865013381104523037021159128556364009146823631166084138209,0.1,0.11,740.53,401.92,0.01,0.89,0.9,401.92,740.53,0.01,0.105,0.895,0.351805,0.648195,66887.36
1775261118322,2026-04-04T00:05:18.322,btc-updown-15m-1775260800,1775261700,Down,34616237021001802473186228217637203990236186395104119946554985214552396583452,72652542234871127445865013381104523037021159128556364009146823631166084138209,0.1,0.11,730.53,389.92,0.01,0.89,0.9,389.92,730.53,0.01,0.105,0.895,0.348003,0.651997,66887.36
1775261119323,2026-04-04T00:05:19.323,btc-updown-15m-1775260800,1775261700,Down,34616237021001802473186228217637203990236186395104119946554985214552396583452,72652542234871127445865013381104523037021159128556364009146823631166084138209,0.1,0.11,676.87,379.92,0.01,0.89,0.9,379.92,676.87,0.01,0.105,0.895,0.359504,0.640496,66887.36
1775261120324,2026-04-04T00:05:20.324,btc-updown-15m-1775260800,1775261700,Down,34616237021001802473186228217637203990236186395104119946554985214552396583452,72652542234871127445865013381104523037021159128556364009146823631166084138209,0.1,0.11,676.87,374.92,0.01,0.89,0.9,374.92,676.87,0.01,0.105,0.895,0.356459,0.643541,66887.36
1775261121325,2026-04-04T00:05:21.325,btc-updown-15m-1775260800,1775261700,Down,34616237021001802473186228217637203990236186395104119946554985214552396583452,72652542234871127445865013381104523037021159128556364009146823631166084138209,0.1,0.11,635.21,387.73,0.01,0.89,0.9,387.73,635.21,0.01,0.105,0.895,0.379035,0.620965,66887.36
1775261122325,2026-04-04T00:05:22.325,btc-updown-15m-1775260800,1775261700,Down,34616237021001802473186228217637203990236186395104119946554985214552396583452,72652542234871127445865013381104523037021159128556364009146823631166084138209,0.1,0.11,640.21,217.73,0.01,0.89,0.9,217.73,640.21,0.01,0.105,0.895,0.253782,0.746218,66887.36
1775261123327,2026-04-04T00:05:23.327,btc-updown-15m-1775260800,1775261700,Down,34616237021001802473186228217637203990236186395104119946554985214552396583452,72652542234871127445865013381104523037021159128556364009146823631166084138209,0.1,0.11,594.75,198.73,0.01,0.89,0.9,198.73,594.75,0.01,0.105,0.895,0.250454,0.749546,66887.36
1775261124327,2026-04-04T00:05:24.327,btc-updown-15m-1775260800,1775261700,Down,34616237021001802473186228217637203990236186395104119946554985214552396583452,72652542234871127445865013381104523037021159128556364009146823631166084138209,0.1,0.11,692.75,152.38,0.01,0.89,0.9,152.38,692.75,0.01,0.105,0.895,0.180304,0.819696,66887.36
1775261125328,2026-04-04T00:05:25.328,btc-updown-15m-1775260800,1775261700,Down,34616237021001802473186228217637203990236186395104119946554985214552396583452,72652542234871127445865013381104523037021159128556364009146823631166084138209,0.07,0.08,97.5,299.57,0.01,0.92,0.93,299.57,97.5,0.01,0.075,0.925,0.754451,0.245549,66887.36
1775261126329,2026-04-04T00:05:26.329,btc-updown-15m-1775260800,1775261700,Down,34616237021001802473186228217637203990236186395104119946554985214552396583452,72652542234871127445865013381104523037021159128556364009146823631166084138209,0.07,0.08,148.9,384.51,0.01,0.92,0.93,384.51,148.9,0.01,0.075,0.925,0.720853,0.279147,66887.36
1775261127329,2026-04-04T00:05:27.329,btc-updown-15m-1775260800,1775261700,Down,34616237021001802473186228217637203990236186395104119946554985214552396583452,72652542234871127445865013381104523037021159128556364009146823631166084138209,0.07,0.08,90.62,392.88,0.01,0.92,0.93,392.88,90.62,0.01,0.075,0.925,0.812575,0.187425,66876.71
1775261128329,2026-04-04T00:05:28.329,btc-updown-15m-1775260800,1775261700,Down,34616237021001802473186228217637203990236186395104119946554985214552396583452,72652542234871127445865013381104523037021159128556364009146823631166084138209,0.07,0.08,90.62,392.88,0.01,0.92,0.93,392.88,90.62,0.01,0.075,0.925,0.812575,0.187425,66876.71
1775261129331,2026-04-04T00:05:29.331,btc-updown-15m-1775260800,1775261700,Down,34616237021001802473186228217637203990236186395104119946554985214552396583452,72652542234871127445865013381104523037021159128556364009146823631166084138209,0.07,0.08,95.62,257.14,0.01,0.92,0.93,257.14,95.62,0.01,0.075,0.925,0.728938,0.271062,66876.71
1775261130331,2026-04-04T00:05:30.331,btc-updown-15m-1775260800,1775261700,Down,34616237021001802473186228217637203990236186395104119946554985214552396583452,72652542234871127445865013381104523037021159128556364009146823631166084138209,0.07,0.08,95.62,194.08,0.01,0.92,0.93,194.08,95.62,0.01,0.075,0.925,0.669934,0.330066,66876.71
1775261131332,2026-04-04T00:05:31.332,btc-updown-15m-1775260800,1775261700,Down,34616237021001802473186228217637203990236186395104119946554985214552396583452,72652542234871127445865013381104523037021159128556364009146823631166084138209,0.07,0.08,60.62,383.08,0.01,0.92,0.93,383.08,60.62,0.01,0.075,0.925,0.863376,0.136624,66876.71
1775261132333,2026-04-04T00:05:32.333,btc-updown-15m-1775260800,1775261700,Down,34616237021001802473186228217637203990236186395104119946554985214552396583452,72652542234871127445865013381104523037021159128556364009146823631166084138209,0.09,0.1,14.94,54.01,0.01,0.9,0.91,54.01,14.94,0.01,0.095,0.905,0.783321,0.216679,66876.71
1775261133333,2026-04-04T00:05:33.333,btc-updown-15m-1775260800,1775261700,Down,34616237021001802473186228217637203990236186395104119946554985214552396583452,72652542234871127445865013381104523037021159128556364009146823631166084138209,0.1,0.11,261.03,17.27,0.01,0.89,0.9,17.27,261.03,0.01,0.105,0.895,0.062055,0.937945,66887.34
1775261134334,2026-04-04T00:05:34.334,btc-updown-15m-1775260800,1775261700,Down,34616237021001802473186228217637203990236186395104119946554985214552396583452,72652542234871127445865013381104523037021159128556364009146823631166084138209,0.1,0.11,261.03,17.27,0.01,0.89,0.9,17.27,261.03,0.01,0.105,0.895,0.062055,0.937945,66887.34
1775261135336,2026-04-04T00:05:35.336,btc-updown-15m-1775260800,1775261700,Down,34616237021001802473186228217637203990236186395104119946554985214552396583452,72652542234871127445865013381104523037021159128556364009146823631166084138209,0.09,0.1,421.88,435.45,0.01,0.9,0.91,435.45,421.88,0.01,0.095,0.905,0.507914,0.492086,66887.34
1775261136337,2026-04-04T00:05:36.337,btc-updown-15m-1775260800,1775261700,Down,34616237021001802473186228217637203990236186395104119946554985214552396583452,72652542234871127445865013381104523037021159128556364009146823631166084138209,0.09,0.1,421.88,435.45,0.01,0.9,0.91,435.45,421.88,0.01,0.095,0.905,0.507914,0.492086,66887.34
1775261137338,2026-04-04T00:05:37.338,btc-updown-15m-1775260800,1775261700,Down,34616237021001802473186228217637203990236186395104119946554985214552396583452,72652542234871127445865013381104523037021159128556364009146823631166084138209,0.09,0.1,463.88,402.88,0.01,0.9,0.91,402.88,463.88,0.01,0.095,0.905,0.464811,0.535189,66887.34
1775261138339,2026-04-04T00:05:38.339,btc-updown-15m-1775260800,1775261700,Down,34616237021001802473186228217637203990236186395104119946554985214552396583452,72652542234871127445865013381104523037021159128556364009146823631166084138209,0.09,0.1,448.88,395.51,0.01,0.9,0.91,395.51,448.88,0.01,0.095,0.905,0.468397,0.531603,66887.34
1775261139340,2026-04-04T00:05:39.340,btc-updown-15m-1775260800,1775261700,Down,34616237021001802473186228217637203990236186395104119946554985214552396583452,72652542234871127445865013381104523037021159128556364009146823631166084138209,0.09,0.1,418.7,401.39,0.01,0.9,0.91,401.39,418.7,0.01,0.095,0.905,0.489446,0.510554,66887.34
1775261140342,2026-04-04T00:05:40.342,btc-updown-15m-1775260800,1775261700,Down,34616237021001802473186228217637203990236186395104119946554985214552396583452,72652542234871127445865013381104523037021159128556364009146823631166084138209,0.09,0.1,418.7,401.39,0.01,0.9,0.91,401.39,418.7,0.01,0.095,0.905,0.489446,0.510554,66887.34
1775261141342,2026-04-04T00:05:41.342,btc-updown-15m-1775260800,1775261700,Down,34616237021001802473186228217637203990236186395104119946554985214552396583452,72652542234871127445865013381104523037021159128556364009146823631166084138209,0.09,0.1,398.7,358.88,0.01,0.9,0.91,358.88,398.7,0.01,0.095,0.905,0.473719,0.526281,66887.34
1775261142342,2026-04-04T00:05:42.342,btc-updown-15m-1775260800,1775261700,Down,34616237021001802473186228217637203990236186395104119946554985214552396583452,72652542234871127445865013381104523037021159128556364009146823631166084138209,0.09,0.1,362.7,479.68,0.01,0.9,0.91,479.68,362.7,0.01,0.095,0.905,0.569434,0.430566,66889.07
1775261143344,2026-04-04T00:05:43.344,btc-updown-15m-1775260800,1775261700,Down,34616237021001802473186228217637203990236186395104119946554985214552396583452,72652542234871127445865013381104523037021159128556364009146823631166084138209,0.09,0.1,362.7,479.68,0.01,0.9,0.91,479.68,362.7,0.01,0.095,0.905,0.569434,0.430566,66889.07
1775261144345,2026-04-04T00:05:44.345,btc-updown-15m-1775260800,1775261700,Down,34616237021001802473186228217637203990236186395104119946554985214552396583452,72652542234871127445865013381104523037021159128556364009146823631166084138209,0.09,0.1,444.27,366.58,0.01,0.9,0.91,366.58,444.27,0.01,0.095,0.905,0.452093,0.547907,66889.07
1775261145346,2026-04-04T00:05:45.346,btc-updown-15m-1775260800,1775261700,Down,34616237021001802473186228217637203990236186395104119946554985214552396583452,72652542234871127445865013381104523037021159128556364009146823631166084138209,0.09,0.1,439.27,366.58,0.01,0.9,0.91,366.58,439.27,0.01,0.095,0.905,0.454899,0.545101,66889.06
1775261146347,2026-04-04T00:05:46.347,btc-updown-15m-1775260800,1775261700,Down,34616237021001802473186228217637203990236186395104119946554985214552396583452,72652542234871127445865013381104523037021159128556364009146823631166084138209,0.09,0.1,397.13,311.63,0.01,0.9,0.91,311.63,397.13,0.01,0.095,0.905,0.439683,0.560317,66889.06
1775261147348,2026-04-04T00:05:47.348,btc-updown-15m-1775260800,1775261700,Down,34616237021001802473186228217637203990236186395104119946554985214552396583452,72652542234871127445865013381104523037021159128556364009146823631166084138209,0.09,0.1,397.13,311.63,0.01,0.9,0.91,311.63,397.13,0.01,0.095,0.905,0.439683,0.560317,66889.06
1775261148349,2026-04-04T00:05:48.349,btc-updown-15m-1775260800,1775261700,Down,34616237021001802473186228217637203990236186395104119946554985214552396583452,72652542234871127445865013381104523037021159128556364009146823631166084138209,0.09,0.1,527.27,174.63,0.01,0.9,0.91,174.63,527.27,0.01,0.095,0.905,0.248796,0.751204,66889.07
1775261149350,2026-04-04T00:05:49.350,btc-updown-15m-1775260800,1775261700,Down,34616237021001802473186228217637203990236186395104119946554985214552396583452,72652542234871127445865013381104523037021159128556364009146823631166084138209,0.09,0.1,527.27,174.63,0.01,0.9,0.91,174.63,527.27,0.01,0.095,0.905,0.248796,0.751204,66889.07
1775261150350,2026-04-04T00:05:50.350,btc-updown-15m-1775260800,1775261700,Down,34616237021001802473186228217637203990236186395104119946554985214552396583452,72652542234871127445865013381104523037021159128556364009146823631166084138209,0.09,0.1,447.13,17.88,0.01,0.9,0.91,17.88,447.13,0.01,0.095,0.905,0.038451,0.961549,66889.07
1775261151351,2026-04-04T00:05:51.351,btc-updown-15m-1775260800,1775261700,Down,34616237021001802473186228217637203990236186395104119946554985214552396583452,72652542234871127445865013381104523037021159128556364009146823631166084138209,0.09,0.1,447.13,17.88,0.01,0.9,0.91,17.88,447.13,0.01,0.095,0.905,0.038451,0.961549,66889.07
1775261152353,2026-04-04T00:05:52.353,btc-updown-15m-1775260800,1775261700,Down,34616237021001802473186228217637203990236186395104119946554985214552396583452,72652542234871127445865013381104523037021159128556364009146823631166084138209,0.08,0.1,544.27,178.52,0.02,0.9,0.92,178.52,544.27,0.02,0.09,0.91,0.246987,0.753013,66889.07
1775261153354,2026-04-04T00:05:53.354,btc-updown-15m-1775260800,1775261700,Down,34616237021001802473186228217637203990236186395104119946554985214552396583452,72652542234871127445865013381104523037021159128556364009146823631166084138209,0.09,0.1,305.86,477.8,0.01,0.9,0.91,477.8,305.86,0.01,0.095,0.905,0.609703,0.390297,66889.07
1775261154354,2026-04-04T00:05:54.354,btc-updown-15m-1775260800,1775261700,Down,34616237021001802473186228217637203990236186395104119946554985214552396583452,72652542234871127445865013381104523037021159128556364009146823631166084138209,0.09,0.11,382.0,171.09,0.02,0.89,0.91,171.09,382.0,0.02,0.1,0.9,0.309335,0.690665,66899.76
1775261155355,2026-04-04T00:05:55.355,btc-updown-15m-1775260800,1775261700,Down,34616237021001802473186228217637203990236186395104119946554985214552396583452,72652542234871127445865013381104523037021159128556364009146823631166084138209,0.09,0.11,382.0,171.09,0.02,0.89,0.91,171.09,382.0,0.02,0.1,0.9,0.309335,0.690665,66899.76
1775261156356,2026-04-04T00:05:56.356,btc-updown-15m-1775260800,1775261700,Down,34616237021001802473186228217637203990236186395104119946554985214552396583452,72652542234871127445865013381104523037021159128556364009146823631166084138209,0.09,0.11,382.0,171.09,0.02,0.89,0.91,171.09,382.0,0.02,0.1,0.9,0.309335,0.690665,66899.76
1775261157357,2026-04-04T00:05:57.357,btc-updown-15m-1775260800,1775261700,Down,34616237021001802473186228217637203990236186395104119946554985214552396583452,72652542234871127445865013381104523037021159128556364009146823631166084138209,0.09,0.11,382.0,171.09,0.02,0.89,0.91,171.09,382.0,0.02,0.1,0.9,0.309335,0.690665,66899.76
1775261158357,2026-04-04T00:05:58.357,btc-updown-15m-1775260800,1775261700,Down,34616237021001802473186228217637203990236186395104119946554985214552396583452,72652542234871127445865013381104523037021159128556364009146823631166084138209,0.1,0.11,988.77,173.88,0.01,0.89,0.9,173.88,988.77,0.01,0.105,0.895,0.149555,0.850445,66899.76
1775261159358,2026-04-04T00:05:59.358,btc-updown-15m-1775260800,1775261700,Down,34616237021001802473186228217637203990236186395104119946554985214552396583452,72652542234871127445865013381104523037021159128556364009146823631166084138209,0.1,0.11,999.58,168.88,0.01,0.89,0.9,168.88,999.58,0.01,0.105,0.895,0.144532,0.855468,66899.76
1775261160358,2026-04-04T00:06:00.358,btc-updown-15m-1775260800,1775261700,Down,34616237021001802473186228217637203990236186395104119946554985214552396583452,72652542234871127445865013381104523037021159128556364009146823631166084138209,0.1,0.11,1030.58,164.77,0.01,0.89,0.9,164.77,1030.58,0.01,0.105,0.895,0.137842,0.862158,66899.76
1775261161359,2026-04-04T00:06:01.359,btc-updown-15m-1775260800,1775261700,Down,34616237021001802473186228217637203990236186395104119946554985214552396583452,72652542234871127445865013381104523037021159128556364009146823631166084138209,0.1,0.11,938.08,230.14,0.01,0.89,0.9,230.14,938.08,0.01,0.105,0.895,0.197001,0.802999,66899.76
1775261162359,2026-04-04T00:06:02.359,btc-updown-15m-1775260800,1775261700,Down,34616237021001802473186228217637203990236186395104119946554985214552396583452,72652542234871127445865013381104523037021159128556364009146823631166084138209,0.1,0.11,938.08,230.14,0.01,0.89,0.9,230.14,938.08,0.01,0.105,0.895,0.197001,0.802999,66899.76
1775261163359,2026-04-04T00:06:03.359,btc-updown-15m-1775260800,1775261700,Down,34616237021001802473186228217637203990236186395104119946554985214552396583452,72652542234871127445865013381104523037021159128556364009146823631166084138209,0.1,0.11,958.08,126.2,0.01,0.89,0.9,126.2,958.08,0.01,0.105,0.895,0.116391,0.883609,66899.75
1775261164361,2026-04-04T00:06:04.361,btc-updown-15m-1775260800,1775261700,Down,34616237021001802473186228217637203990236186395104119946554985214552396583452,72652542234871127445865013381104523037021159128556364009146823631166084138209,0.1,0.11,958.08,126.2,0.01,0.89,0.9,126.2,958.08,0.01,0.105,0.895,0.116391,0.883609,66899.75
1775261165361,2026-04-04T00:06:05.361,btc-updown-15m-1775260800,1775261700,Down,34616237021001802473186228217637203990236186395104119946554985214552396583452,72652542234871127445865013381104523037021159128556364009146823631166084138209,0.1,0.11,958.08,126.2,0.01,0.89,0.9,126.2,958.08,0.01,0.105,0.895,0.116391,0.883609,66899.75
1775261166362,2026-04-04T00:06:06.362,btc-updown-15m-1775260800,1775261700,Down,34616237021001802473186228217637203990236186395104119946554985214552396583452,72652542234871127445865013381104523037021159128556364009146823631166084138209,0.1,0.11,643.08,146.95,0.01,0.89,0.9,146.95,643.08,0.01,0.105,0.895,0.186006,0.813994,66899.76
1775261167363,2026-04-04T00:06:07.363,btc-updown-15m-1775260800,1775261700,Down,34616237021001802473186228217637203990236186395104119946554985214552396583452,72652542234871127445865013381104523037021159128556364009146823631166084138209,0.1,0.11,643.08,146.95,0.01,0.89,0.9,146.95,643.08,0.01,0.105,0.895,0.186006,0.813994,66899.76
1775261168365,2026-04-04T00:06:08.365,btc-updown-15m-1775260800,1775261700,Down,34616237021001802473186228217637203990236186395104119946554985214552396583452,72652542234871127445865013381104523037021159128556364009146823631166084138209,0.1,0.11,643.08,146.95,0.01,0.89,0.9,146.95,643.08,0.01,0.105,0.895,0.186006,0.813994,66899.76
1775261169365,2026-04-04T00:06:09.365,btc-updown-15m-1775260800,1775261700,Down,34616237021001802473186228217637203990236186395104119946554985214552396583452,72652542234871127445865013381104523037021159128556364009146823631166084138209,0.1,0.11,623.08,158.88,0.01,0.89,0.9,158.88,623.08,0.01,0.105,0.895,0.203182,0.796818,66899.75
1775261170366,2026-04-04T00:06:10.366,btc-updown-15m-1775260800,1775261700,Down,34616237021001802473186228217637203990236186395104119946554985214552396583452,72652542234871127445865013381104523037021159128556364009146823631166084138209,0.1,0.11,653.08,48.88,0.01,0.89,0.9,48.88,653.08,0.01,0.105,0.895,0.069634,0.930366,66899.75
1775261171366,2026-04-04T00:06:11.366,btc-updown-15m-1775260800,1775261700,Down,34616237021001802473186228217637203990236186395104119946554985214552396583452,72652542234871127445865013381104523037021159128556364009146823631166084138209,0.1,0.11,653.08,48.88,0.01,0.89,0.9,48.88,653.08,0.01,0.105,0.895,0.069634,0.930366,66899.75
1775261172367,2026-04-04T00:06:12.367,btc-updown-15m-1775260800,1775261700,Down,34616237021001802473186228217637203990236186395104119946554985214552396583452,72652542234871127445865013381104523037021159128556364009146823631166084138209,0.1,0.11,617.62,31.88,0.01,0.89,0.9,31.88,617.62,0.01,0.105,0.895,0.049084,0.950916,66899.76
1775261173368,2026-04-04T00:06:13.368,btc-updown-15m-1775260800,1775261700,Down,34616237021001802473186228217637203990236186395104119946554985214552396583452,72652542234871127445865013381104523037021159128556364009146823631166084138209,0.1,0.11,617.62,31.88,0.01,0.89,0.9,31.88,617.62,0.01,0.105,0.895,0.049084,0.950916,66899.76
1775261174368,2026-04-04T00:06:14.368,btc-updown-15m-1775260800,1775261700,Down,34616237021001802473186228217637203990236186395104119946554985214552396583452,72652542234871127445865013381104523037021159128556364009146823631166084138209,0.1,0.11,617.62,31.88,0.01,0.89,0.9,31.88,617.62,0.01,0.105,0.895,0.049084,0.950916,66899.76
1775261175370,2026-04-04T00:06:15.370,btc-updown-15m-1775260800,1775261700,Down,34616237021001802473186228217637203990236186395104119946554985214552396583452,72652542234871127445865013381104523037021159128556364009146823631166084138209,0.1,0.11,617.62,31.88,0.01,0.89,0.9,31.88,617.62,0.01,0.105,0.895,0.049084,0.950916,66899.75
1775261176370,2026-04-04T00:06:16.370,btc-updown-15m-1775260800,1775261700,Down,34616237021001802473186228217637203990236186395104119946554985214552396583452,72652542234871127445865013381104523037021159128556364009146823631166084138209,0.1,0.11,617.62,31.88,0.01,0.89,0.9,31.88,617.62,0.01,0.105,0.895,0.049084,0.950916,66899.75
1775261177371,2026-04-04T00:06:17.371,btc-updown-15m-1775260800,1775261700,Down,34616237021001802473186228217637203990236186395104119946554985214552396583452,72652542234871127445865013381104523037021159128556364009146823631166084138209,0.1,0.11,608.52,10.88,0.01,0.89,0.9,10.88,608.52,0.01,0.105,0.895,0.017565,0.982435,66899.75
1775261178372,2026-04-04T00:06:18.372,btc-updown-15m-1775260800,1775261700,Down,34616237021001802473186228217637203990236186395104119946554985214552396583452,72652542234871127445865013381104523037021159128556364009146823631166084138209,0.1,0.11,599.42,10.88,0.01,0.89,0.9,10.88,599.42,0.01,0.105,0.895,0.017827,0.982173,66899.76
1775261179373,2026-04-04T00:06:19.373,btc-updown-15m-1775260800,1775261700,Down,34616237021001802473186228217637203990236186395104119946554985214552396583452,72652542234871127445865013381104523037021159128556364009146823631166084138209,0.1,0.11,599.42,10.88,0.01,0.89,0.9,10.88,599.42,0.01,0.105,0.895,0.017827,0.982173,66899.76
1775261180374,2026-04-04T00:06:20.374,btc-updown-15m-1775260800,1775261700,Down,34616237021001802473186228217637203990236186395104119946554985214552396583452,72652542234871127445865013381104523037021159128556364009146823631166084138209,0.1,0.11,599.42,10.88,0.01,0.89,0.9,10.88,599.42,0.01,0.105,0.895,0.017827,0.982173,66899.76
1775261181375,2026-04-04T00:06:21.375,btc-updown-15m-1775260800,1775261700,Down,34616237021001802473186228217637203990236186395104119946554985214552396583452,72652542234871127445865013381104523037021159128556364009146823631166084138209,0.1,0.11,599.42,10.88,0.01,0.89,0.9,10.88,599.42,0.01,0.105,0.895,0.017827,0.982173,66899.76
1775261182375,2026-04-04T00:06:22.375,btc-updown-15m-1775260800,1775261700,Down,34616237021001802473186228217637203990236186395104119946554985214552396583452,72652542234871127445865013381104523037021159128556364009146823631166084138209,0.1,0.11,604.42,47.08,0.01,0.89,0.9,47.08,604.42,0.01,0.105,0.895,0.072264,0.927736,66899.76
1775261183376,2026-04-04T00:06:23.376,btc-updown-15m-1775260800,1775261700,Down,34616237021001802473186228217637203990236186395104119946554985214552396583452,72652542234871127445865013381104523037021159128556364009146823631166084138209,0.1,0.11,604.42,41.28,0.01,0.89,0.9,41.28,604.42,0.01,0.105,0.895,0.063931,0.936069,66899.76
1775261184377,2026-04-04T00:06:24.377,btc-updown-15m-1775260800,1775261700,Down,34616237021001802473186228217637203990236186395104119946554985214552396583452,72652542234871127445865013381104523037021159128556364009146823631166084138209,0.1,0.11,486.32,42.16,0.01,0.89,0.9,42.16,486.32,0.01,0.105,0.895,0.079776,0.920224,66899.75
1775261185377,2026-04-04T00:06:25.377,btc-updown-15m-1775260800,1775261700,Down,34616237021001802473186228217637203990236186395104119946554985214552396583452,72652542234871127445865013381104523037021159128556364009146823631166084138209,0.1,0.11,506.32,27.16,0.01,0.89,0.9,27.16,506.32,0.01,0.105,0.895,0.050911,0.949089,66899.75
1775261186377,2026-04-04T00:06:26.377,btc-updown-15m-1775260800,1775261700,Down,34616237021001802473186228217637203990236186395104119946554985214552396583452,72652542234871127445865013381104523037021159128556364009146823631166084138209,0.1,0.11,506.32,27.16,0.01,0.89,0.9,27.16,506.32,0.01,0.105,0.895,0.050911,0.949089,66899.75
1775261187378,2026-04-04T00:06:27.378,btc-updown-15m-1775260800,1775261700,Down,34616237021001802473186228217637203990236186395104119946554985214552396583452,72652542234871127445865013381104523037021159128556364009146823631166084138209,0.1,0.11,305.32,211.88,0.01,0.89,0.9,211.88,305.32,0.01,0.105,0.895,0.409667,0.590333,66902.38
1775261188378,2026-04-04T00:06:28.378,btc-updown-15m-1775260800,1775261700,Down,34616237021001802473186228217637203990236186395104119946554985214552396583452,72652542234871127445865013381104523037021159128556364009146823631166084138209,0.1,0.11,123.54,249.98,0.01,0.89,0.9,249.98,123.54,0.01,0.105,0.895,0.669255,0.330745,66902.38
1775261189379,2026-04-04T00:06:29.379,btc-updown-15m-1775260800,1775261700,Down,34616237021001802473186228217637203990236186395104119946554985214552396583452,72652542234871127445865013381104523037021159128556364009146823631166084138209,0.1,0.11,144.54,209.98,0.01,0.89,0.9,209.98,144.54,0.01,0.105,0.895,0.592294,0.407706,66902.38
1775261190381,2026-04-04T00:06:30.381,btc-updown-15m-1775260800,1775261700,Down,34616237021001802473186228217637203990236186395104119946554985214552396583452,72652542234871127445865013381104523037021159128556364009146823631166084138209,0.1,0.11,153.54,145.98,0.01,0.89,0.9,145.98,153.54,0.01,0.105,0.895,0.48738,0.51262,66902.39
1775261191382,2026-04-04T00:06:31.382,btc-updown-15m-1775260800,1775261700,Down,34616237021001802473186228217637203990236186395104119946554985214552396583452,72652542234871127445865013381104523037021159128556364009146823631166084138209,0.1,0.11,153.54,145.98,0.01,0.89,0.9,145.98,153.54,0.01,0.105,0.895,0.48738,0.51262,66902.39
1775261192383,2026-04-04T00:06:32.383,btc-updown-15m-1775260800,1775261700,Down,34616237021001802473186228217637203990236186395104119946554985214552396583452,72652542234871127445865013381104523037021159128556364009146823631166084138209,0.1,0.11,153.54,145.98,0.01,0.89,0.9,145.98,153.54,0.01,0.105,0.895,0.48738,0.51262,66902.39
1775261193383,2026-04-04T00:06:33.383,btc-updown-15m-1775260800,1775261700,Down,34616237021001802473186228217637203990236186395104119946554985214552396583452,72652542234871127445865013381104523037021159128556364009146823631166084138209,0.1,0.11,310.54,150.86,0.01,0.89,0.9,150.86,310.54,0.01,0.105,0.895,0.326961,0.673039,66902.38
1775261194384,2026-04-04T00:06:34.384,btc-updown-15m-1775260800,1775261700,Down,34616237021001802473186228217637203990236186395104119946554985214552396583452,72652542234871127445865013381104523037021159128556364009146823631166084138209,0.1,0.11,310.54,122.76,0.01,0.89,0.9,122.76,310.54,0.01,0.105,0.895,0.283314,0.716686,66902.38
1775261195385,2026-04-04T00:06:35.385,btc-updown-15m-1775260800,1775261700,Down,34616237021001802473186228217637203990236186395104119946554985214552396583452,72652542234871127445865013381104523037021159128556364009146823631166084138209,0.1,0.11,310.54,92.76,0.01,0.89,0.9,101.76,310.54,0.01,0.105,0.895,0.230002,0.753189,66902.38
1775261196386,2026-04-04T00:06:36.386,btc-updown-15m-1775260800,1775261700,Down,34616237021001802473186228217637203990236186395104119946554985214552396583452,72652542234871127445865013381104523037021159128556364009146823631166084138209,0.1,0.11,310.54,80.73,0.01,0.89,0.9,80.73,310.54,0.01,0.105,0.895,0.206328,0.793672,66902.39
1775261197387,2026-04-04T00:06:37.387,btc-updown-15m-1775260800,1775261700,Down,34616237021001802473186228217637203990236186395104119946554985214552396583452,72652542234871127445865013381104523037021159128556364009146823631166084138209,0.1,0.11,310.54,80.73,0.01,0.89,0.9,80.73,310.54,0.01,0.105,0.895,0.206328,0.793672,66902.39
1775261198388,2026-04-04T00:06:38.388,btc-updown-15m-1775260800,1775261700,Down,34616237021001802473186228217637203990236186395104119946554985214552396583452,72652542234871127445865013381104523037021159128556364009146823631166084138209,0.1,0.11,310.54,72.73,0.01,0.89,0.9,72.73,310.54,0.01,0.105,0.895,0.189762,0.810238,66902.39
1775261199389,2026-04-04T00:06:39.389,btc-updown-15m-1775260800,1775261700,Down,34616237021001802473186228217637203990236186395104119946554985214552396583452,72652542234871127445865013381104523037021159128556364009146823631166084138209,0.1,0.11,325.54,72.73,0.01,0.89,0.9,72.73,325.54,0.01,0.105,0.895,0.182615,0.817385,66902.39
1775261200389,2026-04-04T00:06:40.389,btc-updown-15m-1775260800,1775261700,Down,34616237021001802473186228217637203990236186395104119946554985214552396583452,72652542234871127445865013381104523037021159128556364009146823631166084138209,0.1,0.11,479.04,55.15,0.01,0.89,0.9,55.15,479.04,0.01,0.105,0.895,0.10324,0.89676,66902.39
1775261201390,2026-04-04T00:06:41.390,btc-updown-15m-1775260800,1775261700,Down,34616237021001802473186228217637203990236186395104119946554985214552396583452,72652542234871127445865013381104523037021159128556364009146823631166084138209,0.1,0.11,479.04,55.15,0.01,0.89,0.9,55.15,479.04,0.01,0.105,0.895,0.10324,0.89676,66902.39
1775261202391,2026-04-04T00:06:42.391,btc-updown-15m-1775260800,1775261700,Down,34616237021001802473186228217637203990236186395104119946554985214552396583452,72652542234871127445865013381104523037021159128556364009146823631166084138209,0.1,0.11,479.04,55.15,0.01,0.89,0.9,55.15,479.04,0.01,0.105,0.895,0.10324,0.89676,66902.39
1775261203392,2026-04-04T00:06:43.392,btc-updown-15m-1775260800,1775261700,Down,34616237021001802473186228217637203990236186395104119946554985214552396583452,72652542234871127445865013381104523037021159128556364009146823631166084138209,0.1,0.11,479.04,55.15,0.01,0.89,0.9,55.15,479.04,0.01,0.105,0.895,0.10324,0.89676,66902.39
1775261204393,2026-04-04T00:06:44.393,btc-updown-15m-1775260800,1775261700,Down,34616237021001802473186228217637203990236186395104119946554985214552396583452,72652542234871127445865013381104523037021159128556364009146823631166084138209,0.1,0.11,479.04,55.15,0.01,0.89,0.9,55.15,479.04,0.01,0.105,0.895,0.10324,0.89676,66902.39
1775261205395,2026-04-04T00:06:45.395,btc-updown-15m-1775260800,1775261700,Down,34616237021001802473186228217637203990236186395104119946554985214552396583452,72652542234871127445865013381104523037021159128556364009146823631166084138209,0.1,0.11,479.04,55.15,0.01,0.89,0.9,55.15,479.04,0.01,0.105,0.895,0.10324,0.89676,66902.38
1775261206396,2026-04-04T00:06:46.396,btc-updown-15m-1775260800,1775261700,Down,34616237021001802473186228217637203990236186395104119946554985214552396583452,72652542234871127445865013381104523037021159128556364009146823631166084138209,0.1,0.11,472.04,48.9,0.01,0.89,0.9,48.9,472.04,0.01,0.105,0.895,0.093869,0.906131,66902.38
1775261207397,2026-04-04T00:06:47.397,btc-updown-15m-1775260800,1775261700,Down,34616237021001802473186228217637203990236186395104119946554985214552396583452,72652542234871127445865013381104523037021159128556364009146823631166084138209,0.1,0.11,472.04,48.9,0.01,0.89,0.9,48.9,472.04,0.01,0.105,0.895,0.093869,0.906131,66902.38
1775261208397,2026-04-04T00:06:48.397,btc-updown-15m-1775260800,1775261700,Down,34616237021001802473186228217637203990236186395104119946554985214552396583452,72652542234871127445865013381104523037021159128556364009146823631166084138209,0.1,0.11,472.04,48.9,0.01,0.89,0.9,48.9,472.04,0.01,0.105,0.895,0.093869,0.906131,66902.39
1775261209398,2026-04-04T00:06:49.398,btc-updown-15m-1775260800,1775261700,Down,34616237021001802473186228217637203990236186395104119946554985214552396583452,72652542234871127445865013381104523037021159128556364009146823631166084138209,0.1,0.11,472.04,48.9,0.01,0.89,0.9,48.9,472.04,0.01,0.105,0.895,0.093869,0.906131,66902.39
1775261210399,2026-04-04T00:06:50.399,btc-updown-15m-1775260800,1775261700,Down,34616237021001802473186228217637203990236186395104119946554985214552396583452,72652542234871127445865013381104523037021159128556364009146823631166084138209,0.1,0.11,119.57,218.0,0.01,0.89,0.9,218.0,119.57,0.01,0.105,0.895,0.645792,0.354208,66902.39
1775261211399,2026-04-04T00:06:51.399,btc-updown-15m-1775260800,1775261700,Down,34616237021001802473186228217637203990236186395104119946554985214552396583452,72652542234871127445865013381104523037021159128556364009146823631166084138209,0.11,0.12,166.0,9.0,0.01,0.88,0.89,9.0,166.0,0.01,0.115,0.885,0.051429,0.948571,66907.39
1775261212400,2026-04-04T00:06:52.400,btc-updown-15m-1775260800,1775261700,Down,34616237021001802473186228217637203990236186395104119946554985214552396583452,72652542234871127445865013381104523037021159128556364009146823631166084138209,0.11,0.12,166.0,9.0,0.01,0.88,0.89,9.0,166.0,0.01,0.115,0.885,0.051429,0.948571,66907.39
1775261213400,2026-04-04T00:06:53.400,btc-updown-15m-1775260800,1775261700,Down,34616237021001802473186228217637203990236186395104119946554985214552396583452,72652542234871127445865013381104523037021159128556364009146823631166084138209,0.11,0.12,86.91,49.88,0.01,0.88,0.89,49.88,86.91,0.01,0.115,0.885,0.364647,0.635353,66907.39
1775261214401,2026-04-04T00:06:54.401,btc-updown-15m-1775260800,1775261700,Down,34616237021001802473186228217637203990236186395104119946554985214552396583452,72652542234871127445865013381104523037021159128556364009146823631166084138209,0.11,0.12,345.91,49.88,0.01,0.88,0.89,49.88,345.91,0.01,0.115,0.885,0.126026,0.873974,66907.38
1775261215401,2026-04-04T00:06:55.401,btc-updown-15m-1775260800,1775261700,Down,34616237021001802473186228217637203990236186395104119946554985214552396583452,72652542234871127445865013381104523037021159128556364009146823631166084138209,0.11,0.12,332.57,49.88,0.01,0.88,0.89,49.88,332.57,0.01,0.115,0.885,0.130422,0.869578,66907.38
1775261216402,2026-04-04T00:06:56.402,btc-updown-15m-1775260800,1775261700,Down,34616237021001802473186228217637203990236186395104119946554985214552396583452,72652542234871127445865013381104523037021159128556364009146823631166084138209,0.11,0.12,322.57,40.19,0.01,0.88,0.89,40.19,322.57,0.01,0.115,0.885,0.11079,0.88921,66907.38
1775261217404,2026-04-04T00:06:57.404,btc-updown-15m-1775260800,1775261700,Down,34616237021001802473186228217637203990236186395104119946554985214552396583452,72652542234871127445865013381104523037021159128556364009146823631166084138209,0.11,0.12,307.57,55.19,0.01,0.88,0.89,55.19,307.57,0.01,0.115,0.885,0.152139,0.847861,66907.39
1775261218404,2026-04-04T00:06:58.404,btc-updown-15m-1775260800,1775261700,Down,34616237021001802473186228217637203990236186395104119946554985214552396583452,72652542234871127445865013381104523037021159128556364009146823631166084138209,0.11,0.12,272.9,47.32,0.01,0.88,0.89,47.32,272.9,0.01,0.115,0.885,0.147773,0.852227,66907.39
1775261219405,2026-04-04T00:06:59.405,btc-updown-15m-1775260800,1775261700,Down,34616237021001802473186228217637203990236186395104119946554985214552396583452,72652542234871127445865013381104523037021159128556364009146823631166084138209,0.11,0.12,298.56,35.88,0.01,0.88,0.89,35.88,298.56,0.01,0.115,0.885,0.107284,0.892716,66907.39
1775261220405,2026-04-04T00:07:00.405,btc-updown-15m-1775260800,1775261700,Down,34616237021001802473186228217637203990236186395104119946554985214552396583452,72652542234871127445865013381104523037021159128556364009146823631166084138209,0.11,0.12,311.06,27.88,0.01,0.88,0.89,27.88,311.06,0.01,0.115,0.885,0.082256,0.917744,66907.38
1775261221406,2026-04-04T00:07:01.406,btc-updown-15m-1775260800,1775261700,Down,34616237021001802473186228217637203990236186395104119946554985214552396583452,72652542234871127445865013381104523037021159128556364009146823631166084138209,0.11,0.12,381.06,17.88,0.01,0.88,0.89,17.88,381.06,0.01,0.115,0.885,0.044819,0.955181,66907.38
1775261222408,2026-04-04T00:07:02.408,btc-updown-15m-1775260800,1775261700,Down,34616237021001802473186228217637203990236186395104119946554985214552396583452,72652542234871127445865013381104523037021159128556364009146823631166084138209,0.1,0.12,564.94,160.8,0.02,0.88,0.9,160.8,564.94,0.02,0.11,0.89,0.221567,0.778433,66907.38
1775261223409,2026-04-04T00:07:03.409,btc-updown-15m-1775260800,1775261700,Down,34616237021001802473186228217637203990236186395104119946554985214552396583452,72652542234871127445865013381104523037021159128556364009146823631166084138209,0.1,0.11,14.0,119.12,0.01,0.89,0.9,119.12,14.0,0.01,0.105,0.895,0.894832,0.105168,66907.39
1775261224409,2026-04-04T00:07:04.409,btc-updown-15m-1775260800,1775261700,Down,34616237021001802473186228217637203990236186395104119946554985214552396583452,72652542234871127445865013381104523037021159128556364009146823631166084138209,0.1,0.11,14.0,119.12,0.01,0.89,0.9,119.12,14.0,0.01,0.105,0.895,0.894832,0.105168,66907.39
1775261225410,2026-04-04T00:07:05.410,btc-updown-15m-1775260800,1775261700,Down,34616237021001802473186228217637203990236186395104119946554985214552396583452,72652542234871127445865013381104523037021159128556364009146823631166084138209,0.1,0.11,204.9,62.46,0.01,0.89,0.9,62.46,204.9,0.01,0.105,0.895,0.233618,0.766382,66907.39
1775261226410,2026-04-04T00:07:06.410,btc-updown-15m-1775260800,1775261700,Down,34616237021001802473186228217637203990236186395104119946554985214552396583452,72652542234871127445865013381104523037021159128556364009146823631166084138209,0.1,0.11,203.9,44.88,0.01,0.89,0.9,44.88,203.9,0.01,0.105,0.895,0.1804,0.8196,66907.38
1775261227411,2026-04-04T00:07:07.411,btc-updown-15m-1775260800,1775261700,Down,34616237021001802473186228217637203990236186395104119946554985214552396583452,72652542234871127445865013381104523037021159128556364009146823631166084138209,0.1,0.11,208.9,24.88,0.01,0.89,0.9,24.88,208.9,0.01,0.105,0.895,0.106425,0.893575,66907.38
1775261228412,2026-04-04T00:07:08.412,btc-updown-15m-1775260800,1775261700,Down,34616237021001802473186228217637203990236186395104119946554985214552396583452,72652542234871127445865013381104523037021159128556364009146823631166084138209,0.1,0.11,208.9,24.88,0.01,0.89,0.9,24.88,208.9,0.01,0.105,0.895,0.106425,0.893575,66907.38
1775261229413,2026-04-04T00:07:09.413,btc-updown-15m-1775260800,1775261700,Down,34616237021001802473186228217637203990236186395104119946554985214552396583452,72652542234871127445865013381104523037021159128556364009146823631166084138209,0.1,0.11,212.9,35.76,0.01,0.89,0.9,35.76,212.9,0.01,0.105,0.895,0.143811,0.856189,66907.38
1775261230413,2026-04-04T00:07:10.413,btc-updown-15m-1775260800,1775261700,Down,34616237021001802473186228217637203990236186395104119946554985214552396583452,72652542234871127445865013381104523037021159128556364009146823631166084138209,0.1,0.11,212.9,35.76,0.01,0.89,0.9,35.76,212.9,0.01,0.105,0.895,0.143811,0.856189,66907.38
1775261231414,2026-04-04T00:07:11.414,btc-updown-15m-1775260800,1775261700,Down,34616237021001802473186228217637203990236186395104119946554985214552396583452,72652542234871127445865013381104523037021159128556364009146823631166084138209,0.1,0.11,247.9,21.52,0.01,0.89,0.9,21.52,247.9,0.01,0.105,0.895,0.079875,0.920125,66907.38
1775261232415,2026-04-04T00:07:12.415,btc-updown-15m-1775260800,1775261700,Down,34616237021001802473186228217637203990236186395104119946554985214552396583452,72652542234871127445865013381104523037021159128556364009146823631166084138209,0.11,0.12,424.62,193.98,0.01,0.88,0.89,193.98,424.62,0.01,0.115,0.885,0.313579,0.686421,66907.39
1775261233416,2026-04-04T00:07:13.416,btc-updown-15m-1775260800,1775261700,Down,34616237021001802473186228217637203990236186395104119946554985214552396583452,72652542234871127445865013381104523037021159128556364009146823631166084138209,0.11,0.12,426.86,158.86,0.01,0.88,0.89,158.86,426.86,0.01,0.115,0.885,0.271222,0.728778,66907.39
1775261234416,2026-04-04T00:07:14.416,btc-updown-15m-1775260800,1775261700,Down,34616237021001802473186228217637203990236186395104119946554985214552396583452,72652542234871127445865013381104523037021159128556364009146823631166084138209,0.11,0.12,426.86,158.86,0.01,0.88,0.89,158.86,426.86,0.01,0.115,0.885,0.271222,0.728778,66907.39
1775261235418,2026-04-04T00:07:15.418,btc-updown-15m-1775260800,1775261700,Down,34616237021001802473186228217637203990236186395104119946554985214552396583452,72652542234871127445865013381104523037021159128556364009146823631166084138209,0.11,0.12,426.86,158.86,0.01,0.88,0.89,158.86,426.86,0.01,0.115,0.885,0.271222,0.728778,66907.39
1775261236419,2026-04-04T00:07:16.419,btc-updown-15m-1775260800,1775261700,Down,34616237021001802473186228217637203990236186395104119946554985214552396583452,72652542234871127445865013381104523037021159128556364009146823631166084138209,0.11,0.12,426.86,158.86,0.01,0.88,0.89,158.86,426.86,0.01,0.115,0.885,0.271222,0.728778,66907.39
1775261237419,2026-04-04T00:07:17.419,btc-updown-15m-1775260800,1775261700,Down,34616237021001802473186228217637203990236186395104119946554985214552396583452,72652542234871127445865013381104523037021159128556364009146823631166084138209,0.11,0.12,426.86,158.86,0.01,0.88,0.89,158.86,426.86,0.01,0.115,0.885,0.271222,0.728778,66907.39
1775261238421,2026-04-04T00:07:18.421,btc-updown-15m-1775260800,1775261700,Down,34616237021001802473186228217637203990236186395104119946554985214552396583452,72652542234871127445865013381104523037021159128556364009146823631166084138209,0.11,0.12,426.86,158.86,0.01,0.88,0.89,158.86,426.86,0.01,0.115,0.885,0.271222,0.728778,66907.39
1775261239421,2026-04-04T00:07:19.421,btc-updown-15m-1775260800,1775261700,Down,34616237021001802473186228217637203990236186395104119946554985214552396583452,72652542234871127445865013381104523037021159128556364009146823631166084138209,0.11,0.12,426.86,158.86,0.01,0.88,0.89,158.86,426.86,0.01,0.115,0.885,0.271222,0.728778,66907.39
1775261240422,2026-04-04T00:07:20.422,btc-updown-15m-1775260800,1775261700,Down,34616237021001802473186228217637203990236186395104119946554985214552396583452,72652542234871127445865013381104523037021159128556364009146823631166084138209,0.11,0.12,426.86,158.86,0.01,0.88,0.89,158.86,426.86,0.01,0.115,0.885,0.271222,0.728778,66907.39
1775261241423,2026-04-04T00:07:21.423,btc-updown-15m-1775260800,1775261700,Down,34616237021001802473186228217637203990236186395104119946554985214552396583452,72652542234871127445865013381104523037021159128556364009146823631166084138209,0.11,0.12,563.18,148.24,0.01,0.88,0.89,148.24,563.18,0.01,0.115,0.885,0.208372,0.791628,66907.39
1775261242424,2026-04-04T00:07:22.424,btc-updown-15m-1775260800,1775261700,Down,34616237021001802473186228217637203990236186395104119946554985214552396583452,72652542234871127445865013381104523037021159128556364009146823631166084138209,0.11,0.12,563.18,148.24,0.01,0.88,0.89,148.24,563.18,0.01,0.115,0.885,0.208372,0.791628,66907.39
1775261243425,2026-04-04T00:07:23.425,btc-updown-15m-1775260800,1775261700,Down,34616237021001802473186228217637203990236186395104119946554985214552396583452,72652542234871127445865013381104523037021159128556364009146823631166084138209,0.09,0.1,47.18,63.0,0.01,0.9,0.91,63.0,47.18,0.01,0.095,0.905,0.571792,0.428208,66907.39
1775261244425,2026-04-04T00:07:24.425,btc-updown-15m-1775260800,1775261700,Down,34616237021001802473186228217637203990236186395104119946554985214552396583452,72652542234871127445865013381104523037021159128556364009146823631166084138209,0.08,0.09,768.9,247.61,0.01,0.91,0.92,247.61,768.9,0.01,0.085,0.915,0.243588,0.756412,66907.39
1775261245426,2026-04-04T00:07:25.426,btc-updown-15m-1775260800,1775261700,Down,34616237021001802473186228217637203990236186395104119946554985214552396583452,72652542234871127445865013381104523037021159128556364009146823631166084138209,0.08,0.09,783.9,180.97,0.01,0.91,0.92,180.97,783.9,0.01,0.085,0.915,0.187559,0.812441,66907.39
1775261246426,2026-04-04T00:07:26.426,btc-updown-15m-1775260800,1775261700,Down,34616237021001802473186228217637203990236186395104119946554985214552396583452,72652542234871127445865013381104523037021159128556364009146823631166084138209,0.08,0.09,783.9,180.97,0.01,0.91,0.92,180.97,783.9,0.01,0.085,0.915,0.187559,0.812441,66907.39
1775261247427,2026-04-04T00:07:27.427,btc-updown-15m-1775260800,1775261700,Down,34616237021001802473186228217637203990236186395104119946554985214552396583452,72652542234871127445865013381104523037021159128556364009146823631166084138209,0.08,0.09,783.9,180.97,0.01,0.91,0.92,180.97,783.9,0.01,0.085,0.915,0.187559,0.812441,66907.39
1775261248428,2026-04-04T00:07:28.428,btc-updown-15m-1775260800,1775261700,Down,34616237021001802473186228217637203990236186395104119946554985214552396583452,72652542234871127445865013381104523037021159128556364009146823631166084138209,0.08,0.09,783.9,180.97,0.01,0.91,0.92,180.97,783.9,0.01,0.085,0.915,0.187559,0.812441,66907.39
1775261249429,2026-04-04T00:07:29.429,btc-updown-15m-1775260800,1775261700,Down,34616237021001802473186228217637203990236186395104119946554985214552396583452,72652542234871127445865013381104523037021159128556364009146823631166084138209,0.08,0.09,783.9,180.97,0.01,0.91,0.92,180.97,783.9,0.01,0.085,0.915,0.187559,0.812441,66907.39
1775261250429,2026-04-04T00:07:30.429,btc-updown-15m-1775260800,1775261700,Down,34616237021001802473186228217637203990236186395104119946554985214552396583452,72652542234871127445865013381104523037021159128556364009146823631166084138209,0.08,0.09,783.9,180.97,0.01,0.91,0.92,180.97,783.9,0.01,0.085,0.915,0.187559,0.812441,66907.39
1775261251430,2026-04-04T00:07:31.430,btc-updown-15m-1775260800,1775261700,Down,34616237021001802473186228217637203990236186395104119946554985214552396583452,72652542234871127445865013381104523037021159128556364009146823631166084138209,0.08,0.09,942.9,100.28,0.01,0.91,0.92,100.28,942.9,0.01,0.085,0.915,0.096129,0.903871,66907.39
1775261252431,2026-04-04T00:07:32.431,btc-updown-15m-1775260800,1775261700,Down,34616237021001802473186228217637203990236186395104119946554985214552396583452,72652542234871127445865013381104523037021159128556364009146823631166084138209,0.06,0.07,160.93,511.31,0.01,0.93,0.94,511.31,160.93,0.01,0.065,0.935,0.760606,0.239394,66907.39
1775261253431,2026-04-04T00:07:33.431,btc-updown-15m-1775260800,1775261700,Down,34616237021001802473186228217637203990236186395104119946554985214552396583452,72652542234871127445865013381104523037021159128556364009146823631166084138209,0.06,0.07,146.64,563.31,0.01,0.93,0.94,563.31,146.64,0.01,0.065,0.935,0.79345,0.20655,66907.39
1775261254432,2026-04-04T00:07:34.432,btc-updown-15m-1775260800,1775261700,Down,34616237021001802473186228217637203990236186395104119946554985214552396583452,72652542234871127445865013381104523037021159128556364009146823631166084138209,0.06,0.07,123.06,457.86,0.01,0.93,0.94,457.86,123.06,0.01,0.065,0.935,0.788164,0.211836,66907.39
1775261255434,2026-04-04T00:07:35.434,btc-updown-15m-1775260800,1775261700,Down,34616237021001802473186228217637203990236186395104119946554985214552396583452,72652542234871127445865013381104523037021159128556364009146823631166084138209,0.06,0.07,123.06,457.86,0.01,0.93,0.94,457.86,123.06,0.01,0.065,0.935,0.788164,0.211836,66907.39
1775261256435,2026-04-04T00:07:36.435,btc-updown-15m-1775260800,1775261700,Down,34616237021001802473186228217637203990236186395104119946554985214552396583452,72652542234871127445865013381104523037021159128556364009146823631166084138209,0.05,0.07,123.06,603.68,0.02,0.93,0.95,603.68,123.06,0.02,0.06,0.94,0.830668,0.169332,66907.39
1775261257436,2026-04-04T00:07:37.436,btc-updown-15m-1775260800,1775261700,Down,34616237021001802473186228217637203990236186395104119946554985214552396583452,72652542234871127445865013381104523037021159128556364009146823631166084138209,0.05,0.06,198.8,645.39,0.01,0.94,0.95,645.39,198.8,0.01,0.055,0.945,0.764508,0.235492,66907.39
1775261258437,2026-04-04T00:07:38.437,btc-updown-15m-1775260800,1775261700,Down,34616237021001802473186228217637203990236186395104119946554985214552396583452,72652542234871127445865013381104523037021159128556364009146823631166084138209,0.05,0.06,244.8,701.06,0.01,0.94,0.95,701.06,244.8,0.01,0.055,0.945,0.741188,0.258812,66907.39
1775261259438,2026-04-04T00:07:39.438,btc-updown-15m-1775260800,1775261700,Down,34616237021001802473186228217637203990236186395104119946554985214552396583452,72652542234871127445865013381104523037021159128556364009146823631166084138209,0.05,0.06,239.8,677.0,0.01,0.94,0.95,677.0,239.8,0.01,0.055,0.945,0.738438,0.261562,66907.38
1775261260438,2026-04-04T00:07:40.438,btc-updown-15m-1775260800,1775261700,Down,34616237021001802473186228217637203990236186395104119946554985214552396583452,72652542234871127445865013381104523037021159128556364009146823631166084138209,0.05,0.06,239.8,677.0,0.01,0.94,0.95,677.0,239.8,0.01,0.055,0.945,0.738438,0.261562,66907.38
1775261261440,2026-04-04T00:07:41.440,btc-updown-15m-1775260800,1775261700,Down,34616237021001802473186228217637203990236186395104119946554985214552396583452,72652542234871127445865013381104523037021159128556364009146823631166084138209,0.05,0.06,239.8,677.0,0.01,0.94,0.95,677.0,239.8,0.01,0.055,0.945,0.738438,0.261562,66907.38
1775261262441,2026-04-04T00:07:42.441,btc-updown-15m-1775260800,1775261700,Down,34616237021001802473186228217637203990236186395104119946554985214552396583452,72652542234871127445865013381104523037021159128556364009146823631166084138209,0.05,0.07,13.86,655.0,0.02,0.93,0.95,655.0,13.86,0.02,0.06,0.94,0.979278,0.020722,66907.38
1775261263443,2026-04-04T00:07:43.443,btc-updown-15m-1775260800,1775261700,Down,34616237021001802473186228217637203990236186395104119946554985214552396583452,72652542234871127445865013381104523037021159128556364009146823631166084138209,0.05,0.07,13.86,655.0,0.02,0.93,0.95,655.0,13.86,0.02,0.06,0.94,0.979278,0.020722,66907.38
1775261264444,2026-04-04T00:07:44.444,btc-updown-15m-1775260800,1775261700,Down,34616237021001802473186228217637203990236186395104119946554985214552396583452,72652542234871127445865013381104523037021159128556364009146823631166084138209,0.05,0.07,13.86,655.0,0.02,0.93,0.95,655.0,13.86,0.02,0.06,0.94,0.979278,0.020722,66907.38
1775261265445,2026-04-04T00:07:45.445,btc-updown-15m-1775260800,1775261700,Down,34616237021001802473186228217637203990236186395104119946554985214552396583452,72652542234871127445865013381104523037021159128556364009146823631166084138209,0.06,0.07,52.71,112.71,0.01,0.93,0.94,112.71,52.71,0.01,0.065,0.935,0.681357,0.318643,66907.39
1775261266446,2026-04-04T00:07:46.446,btc-updown-15m-1775260800,1775261700,Down,34616237021001802473186228217637203990236186395104119946554985214552396583452,72652542234871127445865013381104523037021159128556364009146823631166084138209,0.06,0.07,52.71,112.71,0.01,0.93,0.94,112.71,52.71,0.01,0.065,0.935,0.681357,0.318643,66907.39
1775261267446,2026-04-04T00:07:47.446,btc-updown-15m-1775260800,1775261700,Down,34616237021001802473186228217637203990236186395104119946554985214552396583452,72652542234871127445865013381104523037021159128556364009146823631166084138209,0.06,0.07,52.71,112.71,0.01,0.93,0.94,112.71,52.71,0.01,0.065,0.935,0.681357,0.318643,66907.39
1775261268447,2026-04-04T00:07:48.447,btc-updown-15m-1775260800,1775261700,Down,34616237021001802473186228217637203990236186395104119946554985214552396583452,72652542234871127445865013381104523037021159128556364009146823631166084138209,0.06,0.07,52.71,112.71,0.01,0.93,0.94,112.71,52.71,0.01,0.065,0.935,0.681357,0.318643,66907.38
1775261269448,2026-04-04T00:07:49.448,btc-updown-15m-1775260800,1775261700,Down,34616237021001802473186228217637203990236186395104119946554985214552396583452,72652542234871127445865013381104523037021159128556364009146823631166084138209,0.06,0.07,52.71,112.71,0.01,0.93,0.94,112.71,52.71,0.01,0.065,0.935,0.681357,0.318643,66907.38
1775261270449,2026-04-04T00:07:50.449,btc-updown-15m-1775260800,1775261700,Down,34616237021001802473186228217637203990236186395104119946554985214552396583452,72652542234871127445865013381104523037021159128556364009146823631166084138209,0.08,0.09,866.0,83.45,0.01,0.91,0.92,83.45,866.0,0.01,0.085,0.915,0.087893,0.912107,66907.38
1775261271449,2026-04-04T00:07:51.449,btc-updown-15m-1775260800,1775261700,Down,34616237021001802473186228217637203990236186395104119946554985214552396583452,72652542234871127445865013381104523037021159128556364009146823631166084138209,0.08,0.09,850.51,148.45,0.01,0.91,0.92,148.45,850.51,0.01,0.085,0.915,0.148605,0.851395,66907.39
1775261272450,2026-04-04T00:07:52.450,btc-updown-15m-1775260800,1775261700,Down,34616237021001802473186228217637203990236186395104119946554985214552396583452,72652542234871127445865013381104523037021159128556364009146823631166084138209,0.08,0.09,850.51,148.45,0.01,0.91,0.92,148.45,850.51,0.01,0.085,0.915,0.148605,0.851395,66907.39
1775261273450,2026-04-04T00:07:53.450,btc-updown-15m-1775260800,1775261700,Down,34616237021001802473186228217637203990236186395104119946554985214552396583452,72652542234871127445865013381104523037021159128556364009146823631166084138209,0.08,0.09,885.23,121.45,0.01,0.91,0.92,121.45,885.23,0.01,0.085,0.915,0.120644,0.879356,66907.39
1775261274451,2026-04-04T00:07:54.451,btc-updown-15m-1775260800,1775261700,Down,34616237021001802473186228217637203990236186395104119946554985214552396583452,72652542234871127445865013381104523037021159128556364009146823631166084138209,0.08,0.09,839.67,121.45,0.01,0.91,0.92,121.45,839.67,0.01,0.085,0.915,0.126363,0.873637,66907.38
1775261275452,2026-04-04T00:07:55.452,btc-updown-15m-1775260800,1775261700,Down,34616237021001802473186228217637203990236186395104119946554985214552396583452,72652542234871127445865013381104523037021159128556364009146823631166084138209,0.08,0.09,924.67,44.84,0.01,0.91,0.92,44.84,924.67,0.01,0.085,0.915,0.04625,0.95375,66907.38
1775261276452,2026-04-04T00:07:56.452,btc-updown-15m-1775260800,1775261700,Down,34616237021001802473186228217637203990236186395104119946554985214552396583452,72652542234871127445865013381104523037021159128556364009146823631166084138209,0.08,0.09,914.67,42.82,0.01,0.91,0.92,42.82,914.67,0.01,0.085,0.915,0.044721,0.955279,66907.38
1775261277453,2026-04-04T00:07:57.453,btc-updown-15m-1775260800,1775261700,Down,34616237021001802473186228217637203990236186395104119946554985214552396583452,72652542234871127445865013381104523037021159128556364009146823631166084138209,0.08,0.09,914.67,42.82,0.01,0.91,0.92,42.82,914.67,0.01,0.085,0.915,0.044721,0.955279,66907.39
1775261278454,2026-04-04T00:07:58.454,btc-updown-15m-1775260800,1775261700,Down,34616237021001802473186228217637203990236186395104119946554985214552396583452,72652542234871127445865013381104523037021159128556364009146823631166084138209,0.08,0.09,914.67,42.82,0.01,0.91,0.92,42.82,914.67,0.01,0.085,0.915,0.044721,0.955279,66907.39
1775261279455,2026-04-04T00:07:59.455,btc-updown-15m-1775260800,1775261700,Down,34616237021001802473186228217637203990236186395104119946554985214552396583452,72652542234871127445865013381104523037021159128556364009146823631166084138209,0.08,0.09,914.67,42.82,0.01,0.91,0.92,42.82,914.67,0.01,0.085,0.915,0.044721,0.955279,66907.39
1775261280456,2026-04-04T00:08:00.456,btc-updown-15m-1775260800,1775261700,Down,34616237021001802473186228217637203990236186395104119946554985214552396583452,72652542234871127445865013381104523037021159128556364009146823631166084138209,0.08,0.09,914.67,42.82,0.01,0.91,0.92,42.82,914.67,0.01,0.085,0.915,0.044721,0.955279,66907.39
1775261281457,2026-04-04T00:08:01.457,btc-updown-15m-1775260800,1775261700,Down,34616237021001802473186228217637203990236186395104119946554985214552396583452,72652542234871127445865013381104523037021159128556364009146823631166084138209,0.08,0.09,914.67,42.82,0.01,0.91,0.92,42.82,914.67,0.01,0.085,0.915,0.044721,0.955279,66907.39
1775261282457,2026-04-04T00:08:02.457,btc-updown-15m-1775260800,1775261700,Down,34616237021001802473186228217637203990236186395104119946554985214552396583452,72652542234871127445865013381104523037021159128556364009146823631166084138209,0.08,0.09,914.67,42.82,0.01,0.91,0.92,42.82,914.67,0.01,0.085,0.915,0.044721,0.955279,66907.39
1775261283457,2026-04-04T00:08:03.457,btc-updown-15m-1775260800,1775261700,Down,34616237021001802473186228217637203990236186395104119946554985214552396583452,72652542234871127445865013381104523037021159128556364009146823631166084138209,0.08,0.09,224.5,82.95,0.01,0.91,0.92,82.95,224.5,0.01,0.085,0.915,0.2698,0.7302,66907.39
1775261284458,2026-04-04T00:08:04.458,btc-updown-15m-1775260800,1775261700,Down,34616237021001802473186228217637203990236186395104119946554985214552396583452,72652542234871127445865013381104523037021159128556364009146823631166084138209,0.08,0.09,224.5,82.95,0.01,0.91,0.92,82.95,224.5,0.01,0.085,0.915,0.2698,0.7302,66907.39
1775261285458,2026-04-04T00:08:05.458,btc-updown-15m-1775260800,1775261700,Down,34616237021001802473186228217637203990236186395104119946554985214552396583452,72652542234871127445865013381104523037021159128556364009146823631166084138209,0.08,0.09,153.04,145.83,0.01,0.91,0.92,145.83,153.04,0.01,0.085,0.915,0.487938,0.512062,66907.39
1775261286458,2026-04-04T00:08:06.458,btc-updown-15m-1775260800,1775261700,Down,34616237021001802473186228217637203990236186395104119946554985214552396583452,72652542234871127445865013381104523037021159128556364009146823631166084138209,0.08,0.09,5.0,365.75,0.01,0.91,0.92,365.75,5.0,0.01,0.085,0.915,0.986514,0.013486,66912.65
1775261287459,2026-04-04T00:08:07.459,btc-updown-15m-1775260800,1775261700,Down,34616237021001802473186228217637203990236186395104119946554985214552396583452,72652542234871127445865013381104523037021159128556364009146823631166084138209,0.09,0.1,161.89,1117.1,0.01,0.9,0.91,1117.1,161.89,0.01,0.095,0.905,0.873424,0.126576,66912.65
1775261288459,2026-04-04T00:08:08.459,btc-updown-15m-1775260800,1775261700,Down,34616237021001802473186228217637203990236186395104119946554985214552396583452,72652542234871127445865013381104523037021159128556364009146823631166084138209,0.09,0.1,132.68,1149.1,0.01,0.9,0.91,1149.1,132.68,0.01,0.095,0.905,0.896488,0.103512,66912.65
1775261289460,2026-04-04T00:08:09.460,btc-updown-15m-1775260800,1775261700,Down,34616237021001802473186228217637203990236186395104119946554985214552396583452,72652542234871127445865013381104523037021159128556364009146823631166084138209,0.09,0.1,185.5,1149.1,0.01,0.9,0.91,1149.1,185.5,0.01,0.095,0.905,0.861007,0.138993,66912.65
1775261290460,2026-04-04T00:08:10.460,btc-updown-15m-1775260800,1775261700,Down,34616237021001802473186228217637203990236186395104119946554985214552396583452,72652542234871127445865013381104523037021159128556364009146823631166084138209,0.09,0.1,205.5,1107.1,0.01,0.9,0.91,1107.1,205.5,0.01,0.095,0.905,0.84344,0.15656,66912.65
1775261291462,2026-04-04T00:08:11.462,btc-updown-15m-1775260800,1775261700,Down,34616237021001802473186228217637203990236186395104119946554985214552396583452,72652542234871127445865013381104523037021159128556364009146823631166084138209,0.09,0.1,170.5,1107.1,0.01,0.9,0.91,1107.1,170.5,0.01,0.095,0.905,0.866547,0.133453,66912.65
1775261292463,2026-04-04T00:08:12.463,btc-updown-15m-1775260800,1775261700,Down,34616237021001802473186228217637203990236186395104119946554985214552396583452,72652542234871127445865013381104523037021159128556364009146823631166084138209,0.09,0.1,203.5,1075.1,0.01,0.9,0.91,1075.1,203.5,0.01,0.095,0.905,0.840842,0.159158,66912.65
1775261293464,2026-04-04T00:08:13.464,btc-updown-15m-1775260800,1775261700,Down,34616237021001802473186228217637203990236186395104119946554985214552396583452,72652542234871127445865013381104523037021159128556364009146823631166084138209,0.09,0.1,203.5,1075.1,0.01,0.9,0.91,1075.1,203.5,0.01,0.095,0.905,0.840842,0.159158,66912.65
1775261294466,2026-04-04T00:08:14.466,btc-updown-15m-1775260800,1775261700,Down,34616237021001802473186228217637203990236186395104119946554985214552396583452,72652542234871127445865013381104523037021159128556364009146823631166084138209,0.09,0.1,193.5,1087.1,0.01,0.9,0.91,1087.1,193.5,0.01,0.095,0.905,0.848899,0.151101,66912.65
1775261295466,2026-04-04T00:08:15.466,btc-updown-15m-1775260800,1775261700,Down,34616237021001802473186228217637203990236186395104119946554985214552396583452,72652542234871127445865013381104523037021159128556364009146823631166084138209,0.09,0.1,183.5,1011.49,0.01,0.9,0.91,1011.49,183.5,0.01,0.095,0.905,0.846442,0.153558,66912.66
1775261296467,2026-04-04T00:08:16.467,btc-updown-15m-1775260800,1775261700,Down,34616237021001802473186228217637203990236186395104119946554985214552396583452,72652542234871127445865013381104523037021159128556364009146823631166084138209,0.09,0.1,198.5,1019.49,0.01,0.9,0.91,1019.49,198.5,0.01,0.095,0.905,0.837027,0.162973,66912.66
1775261297469,2026-04-04T00:08:17.469,btc-updown-15m-1775260800,1775261700,Down,34616237021001802473186228217637203990236186395104119946554985214552396583452,72652542234871127445865013381104523037021159128556364009146823631166084138209,0.09,0.1,193.5,999.49,0.01,0.9,0.91,999.49,193.5,0.01,0.095,0.905,0.837802,0.162198,66912.66
1775261298469,2026-04-04T00:08:18.469,btc-updown-15m-1775260800,1775261700,Down,34616237021001802473186228217637203990236186395104119946554985214552396583452,72652542234871127445865013381104523037021159128556364009146823631166084138209,0.09,0.1,188.5,999.49,0.01,0.9,0.91,999.49,188.5,0.01,0.095,0.905,0.841329,0.158671,66912.66
1775261299470,2026-04-04T00:08:19.470,btc-updown-15m-1775260800,1775261700,Down,34616237021001802473186228217637203990236186395104119946554985214552396583452,72652542234871127445865013381104523037021159128556364009146823631166084138209,0.09,0.1,183.5,1004.49,0.01,0.9,0.91,1004.49,183.5,0.01,0.095,0.905,0.845537,0.154463,66912.66
1775261300470,2026-04-04T00:08:20.470,btc-updown-15m-1775260800,1775261700,Down,34616237021001802473186228217637203990236186395104119946554985214552396583452,72652542234871127445865013381104523037021159128556364009146823631166084138209,0.09,0.1,176.0,1060.39,0.01,0.9,0.91,1060.39,176.0,0.01,0.095,0.905,0.85765,0.14235,66912.66
1775261301471,2026-04-04T00:08:21.471,btc-updown-15m-1775260800,1775261700,Down,34616237021001802473186228217637203990236186395104119946554985214552396583452,72652542234871127445865013381104523037021159128556364009146823631166084138209,0.09,0.1,176.0,1060.39,0.01,0.9,0.91,1060.39,176.0,0.01,0.095,0.905,0.85765,0.14235,66912.66
1775261302473,2026-04-04T00:08:22.473,btc-updown-15m-1775260800,1775261700,Down,34616237021001802473186228217637203990236186395104119946554985214552396583452,72652542234871127445865013381104523037021159128556364009146823631166084138209,0.09,0.1,166.0,1060.39,0.01,0.9,0.91,1060.39,166.0,0.01,0.095,0.905,0.864643,0.135357,66912.66
1775261303473,2026-04-04T00:08:23.473,btc-updown-15m-1775260800,1775261700,Down,34616237021001802473186228217637203990236186395104119946554985214552396583452,72652542234871127445865013381104523037021159128556364009146823631166084138209,0.09,0.1,196.0,1080.39,0.01,0.9,0.91,1080.39,196.0,0.01,0.095,0.905,0.846442,0.153558,66912.66
1775261304474,2026-04-04T00:08:24.474,btc-updown-15m-1775260800,1775261700,Down,34616237021001802473186228217637203990236186395104119946554985214552396583452,72652542234871127445865013381104523037021159128556364009146823631166084138209,0.09,0.1,201.0,1028.74,0.01,0.9,0.91,1028.74,201.0,0.01,0.095,0.905,0.836551,0.163449,66912.66
1775261305475,2026-04-04T00:08:25.475,btc-updown-15m-1775260800,1775261700,Down,34616237021001802473186228217637203990236186395104119946554985214552396583452,72652542234871127445865013381104523037021159128556364009146823631166084138209,0.09,0.1,218.23,1028.74,0.01,0.9,0.91,1028.74,218.23,0.01,0.095,0.905,0.824992,0.175008,66912.66
1775261306476,2026-04-04T00:08:26.476,btc-updown-15m-1775260800,1775261700,Down,34616237021001802473186228217637203990236186395104119946554985214552396583452,72652542234871127445865013381104523037021159128556364009146823631166084138209,0.09,0.1,208.23,1028.74,0.01,0.9,0.91,1028.74,208.23,0.01,0.095,0.905,0.831661,0.168339,66912.66
1775261307476,2026-04-04T00:08:27.476,btc-updown-15m-1775260800,1775261700,Down,34616237021001802473186228217637203990236186395104119946554985214552396583452,72652542234871127445865013381104523037021159128556364009146823631166084138209,0.09,0.1,187.23,1038.74,0.01,0.9,0.91,1038.74,187.23,0.01,0.095,0.905,0.84728,0.15272,66912.65
1775261308477,2026-04-04T00:08:28.477,btc-updown-15m-1775260800,1775261700,Down,34616237021001802473186228217637203990236186395104119946554985214552396583452,72652542234871127445865013381104523037021159128556364009146823631166084138209,0.09,0.1,177.23,1038.74,0.01,0.9,0.91,1038.74,177.23,0.01,0.095,0.905,0.854248,0.145752,66912.65
1775261309478,2026-04-04T00:08:29.478,btc-updown-15m-1775260800,1775261700,Down,34616237021001802473186228217637203990236186395104119946554985214552396583452,72652542234871127445865013381104523037021159128556364009146823631166084138209,0.09,0.1,197.23,1160.74,0.01,0.9,0.91,1160.74,197.23,0.01,0.095,0.905,0.854761,0.145239,66912.65
1775261310479,2026-04-04T00:08:30.479,btc-updown-15m-1775260800,1775261700,Down,34616237021001802473186228217637203990236186395104119946554985214552396583452,72652542234871127445865013381104523037021159128556364009146823631166084138209,0.1,0.11,2.0,150.95,0.01,0.89,0.9,150.95,2.0,0.01,0.105,0.895,0.986924,0.013076,66918.17
1775261311480,2026-04-04T00:08:31.480,btc-updown-15m-1775260800,1775261700,Down,34616237021001802473186228217637203990236186395104119946554985214552396583452,72652542234871127445865013381104523037021159128556364009146823631166084138209,0.1,0.12,336.31,165.61,0.02,0.88,0.9,165.61,336.31,0.02,0.11,0.89,0.329953,0.670047,66918.17
1775261312481,2026-04-04T00:08:32.481,btc-updown-15m-1775260800,1775261700,Down,34616237021001802473186228217637203990236186395104119946554985214552396583452,72652542234871127445865013381104523037021159128556364009146823631166084138209,0.1,0.12,335.72,273.03,0.02,0.88,0.9,273.03,335.72,0.02,0.11,0.89,0.448509,0.551491,66918.17
1775261313482,2026-04-04T00:08:33.482,btc-updown-15m-1775260800,1775261700,Down,34616237021001802473186228217637203990236186395104119946554985214552396583452,72652542234871127445865013381104523037021159128556364009146823631166084138209,0.11,0.12,360.91,35.77,0.01,0.88,0.89,35.77,360.91,0.01,0.115,0.885,0.090173,0.909827,66918.18
1775261314483,2026-04-04T00:08:34.483,btc-updown-15m-1775260800,1775261700,Down,34616237021001802473186228217637203990236186395104119946554985214552396583452,72652542234871127445865013381104523037021159128556364009146823631166084138209,0.11,0.12,345.91,35.77,0.01,0.88,0.89,35.77,345.91,0.01,0.115,0.885,0.093717,0.906283,66918.18
1775261315485,2026-04-04T00:08:35.485,btc-updown-15m-1775260800,1775261700,Down,34616237021001802473186228217637203990236186395104119946554985214552396583452,72652542234871127445865013381104523037021159128556364009146823631166084138209,0.11,0.12,345.91,40.77,0.01,0.88,0.89,40.77,345.91,0.01,0.115,0.885,0.105436,0.894564,66918.18
1775261316485,2026-04-04T00:08:36.485,btc-updown-15m-1775260800,1775261700,Down,34616237021001802473186228217637203990236186395104119946554985214552396583452,72652542234871127445865013381104523037021159128556364009146823631166084138209,0.11,0.12,272.41,40.77,0.01,0.88,0.89,40.77,272.41,0.01,0.115,0.885,0.130181,0.869819,66918.18
1775261317486,2026-04-04T00:08:37.486,btc-updown-15m-1775260800,1775261700,Down,34616237021001802473186228217637203990236186395104119946554985214552396583452,72652542234871127445865013381104523037021159128556364009146823631166084138209,0.11,0.12,294.39,35.77,0.01,0.88,0.89,35.77,294.39,0.01,0.115,0.885,0.108341,0.891659,66918.18
1775261318487,2026-04-04T00:08:38.487,btc-updown-15m-1775260800,1775261700,Down,34616237021001802473186228217637203990236186395104119946554985214552396583452,72652542234871127445865013381104523037021159128556364009146823631166084138209,0.11,0.12,279.39,50.77,0.01,0.88,0.89,50.77,279.39,0.01,0.115,0.885,0.153774,0.846226,66918.18
1775261319488,2026-04-04T00:08:39.488,btc-updown-15m-1775260800,1775261700,Down,34616237021001802473186228217637203990236186395104119946554985214552396583452,72652542234871127445865013381104523037021159128556364009146823631166084138209,0.11,0.12,281.39,25.88,0.01,0.88,0.89,25.88,281.39,0.01,0.115,0.885,0.084226,0.915774,66918.18
1775261320489,2026-04-04T00:08:40.489,btc-updown-15m-1775260800,1775261700,Down,34616237021001802473186228217637203990236186395104119946554985214552396583452,72652542234871127445865013381104523037021159128556364009146823631166084138209,0.11,0.12,172.39,257.06,0.01,0.88,0.89,257.06,172.39,0.01,0.115,0.885,0.59858,0.40142,66918.18
1775261321490,2026-04-04T00:08:41.490,btc-updown-15m-1775260800,1775261700,Down,34616237021001802473186228217637203990236186395104119946554985214552396583452,72652542234871127445865013381104523037021159128556364009146823631166084138209,0.11,0.12,182.39,237.06,0.01,0.88,0.89,237.06,182.39,0.01,0.115,0.885,0.565169,0.434831,66918.18
1775261322490,2026-04-04T00:08:42.490,btc-updown-15m-1775260800,1775261700,Down,34616237021001802473186228217637203990236186395104119946554985214552396583452,72652542234871127445865013381104523037021159128556364009146823631166084138209,0.11,0.12,157.39,237.06,0.01,0.88,0.89,237.06,157.39,0.01,0.115,0.885,0.600989,0.399011,66918.17
1775261323490,2026-04-04T00:08:43.490,btc-updown-15m-1775260800,1775261700,Down,34616237021001802473186228217637203990236186395104119946554985214552396583452,72652542234871127445865013381104523037021159128556364009146823631166084138209,0.11,0.12,195.57,237.06,0.01,0.88,0.89,237.06,195.57,0.01,0.115,0.885,0.547951,0.452049,66918.17
1775261324491,2026-04-04T00:08:44.491,btc-updown-15m-1775260800,1775261700,Down,34616237021001802473186228217637203990236186395104119946554985214552396583452,72652542234871127445865013381104523037021159128556364009146823631166084138209,0.11,0.12,167.39,212.06,0.01,0.88,0.89,212.06,167.39,0.01,0.115,0.885,0.558862,0.441138,66918.17
1775261325491,2026-04-04T00:08:45.491,btc-updown-15m-1775260800,1775261700,Down,34616237021001802473186228217637203990236186395104119946554985214552396583452,72652542234871127445865013381104523037021159128556364009146823631166084138209,0.11,0.12,205.77,80.07,0.01,0.88,0.89,80.07,205.77,0.01,0.115,0.885,0.280122,0.719878,66918.18
1775261326492,2026-04-04T00:08:46.492,btc-updown-15m-1775260800,1775261700,Down,34616237021001802473186228217637203990236186395104119946554985214552396583452,72652542234871127445865013381104523037021159128556364009146823631166084138209,0.11,0.12,190.77,68.88,0.01,0.88,0.89,68.88,190.77,0.01,0.115,0.885,0.26528,0.73472,66918.18
1775261327492,2026-04-04T00:08:47.492,btc-updown-15m-1775260800,1775261700,Down,34616237021001802473186228217637203990236186395104119946554985214552396583452,72652542234871127445865013381104523037021159128556364009146823631166084138209,0.11,0.12,204.27,87.75,0.01,0.88,0.89,87.75,204.27,0.01,0.115,0.885,0.300493,0.699507,66918.18
1775261328494,2026-04-04T00:08:48.494,btc-updown-15m-1775260800,1775261700,Down,34616237021001802473186228217637203990236186395104119946554985214552396583452,72652542234871127445865013381104523037021159128556364009146823631166084138209,0.11,0.12,199.77,325.31,0.01,0.88,0.89,325.31,199.77,0.01,0.115,0.885,0.619544,0.380456,66918.17
1775261329494,2026-04-04T00:08:49.494,btc-updown-15m-1775260800,1775261700,Down,34616237021001802473186228217637203990236186395104119946554985214552396583452,72652542234871127445865013381104523037021159128556364009146823631166084138209,0.11,0.12,202.27,325.31,0.01,0.88,0.89,325.31,202.27,0.01,0.115,0.885,0.616608,0.383392,66918.17
1775261330495,2026-04-04T00:08:50.495,btc-updown-15m-1775260800,1775261700,Down,34616237021001802473186228217637203990236186395104119946554985214552396583452,72652542234871127445865013381104523037021159128556364009146823631166084138209,0.11,0.12,3.14,471.56,0.01,0.88,0.89,471.56,3.14,0.01,0.115,0.885,0.993385,0.006615,66918.17
1775261331496,2026-04-04T00:08:51.496,btc-updown-15m-1775260800,1775261700,Down,34616237021001802473186228217637203990236186395104119946554985214552396583452,72652542234871127445865013381104523037021159128556364009146823631166084138209,0.12,0.13,2.38,264.04,0.01,0.87,0.88,264.04,2.38,0.01,0.125,0.875,0.991067,0.008933,66923.64
1775261332496,2026-04-04T00:08:52.496,btc-updown-15m-1775260800,1775261700,Down,34616237021001802473186228217637203990236186395104119946554985214552396583452,72652542234871127445865013381104523037021159128556364009146823631166084138209,0.12,0.13,2.38,264.04,0.01,0.87,0.88,264.04,2.38,0.01,0.125,0.875,0.991067,0.008933,66923.64
1775261333498,2026-04-04T00:08:53.498,btc-updown-15m-1775260800,1775261700,Down,34616237021001802473186228217637203990236186395104119946554985214552396583452,72652542234871127445865013381104523037021159128556364009146823631166084138209,0.12,0.13,2.38,264.04,0.01,0.87,0.88,264.04,2.38,0.01,0.125,0.875,0.991067,0.008933,66923.64
1775261334498,2026-04-04T00:08:54.498,btc-updown-15m-1775260800,1775261700,Down,34616237021001802473186228217637203990236186395104119946554985214552396583452,72652542234871127445865013381104523037021159128556364009146823631166084138209,0.12,0.13,2.38,264.04,0.01,0.87,0.88,264.04,2.38,0.01,0.125,0.875,0.991067,0.008933,66923.64
1775261335498,2026-04-04T00:08:55.498,btc-updown-15m-1775260800,1775261700,Down,34616237021001802473186228217637203990236186395104119946554985214552396583452,72652542234871127445865013381104523037021159128556364009146823631166084138209,0.12,0.13,2.38,264.04,0.01,0.87,0.88,264.04,2.38,0.01,0.125,0.875,0.991067,0.008933,66923.64
1775261336499,2026-04-04T00:08:56.499,btc-updown-15m-1775260800,1775261700,Down,34616237021001802473186228217637203990236186395104119946554985214552396583452,72652542234871127445865013381104523037021159128556364009146823631166084138209,0.12,0.14,217.23,264.04,0.02,0.86,0.88,264.04,217.23,0.02,0.13,0.87,0.548632,0.451368,66923.64
1775261337499,2026-04-04T00:08:57.499,btc-updown-15m-1775260800,1775261700,Down,34616237021001802473186228217637203990236186395104119946554985214552396583452,72652542234871127445865013381104523037021159128556364009146823631166084138209,0.13,0.14,212.23,50.88,0.01,0.86,0.87,50.88,212.23,0.01,0.135,0.865,0.193379,0.806621,66923.64
1775261338500,2026-04-04T00:08:58.500,btc-updown-15m-1775260800,1775261700,Down,34616237021001802473186228217637203990236186395104119946554985214552396583452,72652542234871127445865013381104523037021159128556364009146823631166084138209,0.13,0.14,212.23,50.88,0.01,0.86,0.87,50.88,212.23,0.01,0.135,0.865,0.193379,0.806621,66923.64
1775261339502,2026-04-04T00:08:59.502,btc-updown-15m-1775260800,1775261700,Down,34616237021001802473186228217637203990236186395104119946554985214552396583452,72652542234871127445865013381104523037021159128556364009146823631166084138209,0.13,0.14,644.4,61.88,0.01,0.86,0.87,61.88,644.4,0.01,0.135,0.865,0.087614,0.912386,66923.64
1775261340503,2026-04-04T00:09:00.503,btc-updown-15m-1775260800,1775261700,Down,34616237021001802473186228217637203990236186395104119946554985214552396583452,72652542234871127445865013381104523037021159128556364009146823631166084138209,0.09,0.12,108.5,970.83,0.03,0.88,0.91,970.83,108.5,0.03,0.105,0.895,0.899475,0.100525,66923.63
1775261341504,2026-04-04T00:09:01.504,btc-updown-15m-1775260800,1775261700,Down,34616237021001802473186228217637203990236186395104119946554985214552396583452,72652542234871127445865013381104523037021159128556364009146823631166084138209,0.09,0.1,63.12,1059.23,0.01,0.9,0.91,1059.23,63.12,0.01,0.095,0.905,0.943761,0.056239,66923.63
1775261342505,2026-04-04T00:09:02.505,btc-updown-15m-1775260800,1775261700,Down,34616237021001802473186228217637203990236186395104119946554985214552396583452,72652542234871127445865013381104523037021159128556364009146823631166084138209,0.09,0.1,65.12,1098.23,0.01,0.9,0.91,1098.23,65.12,0.01,0.095,0.905,0.944024,0.055976,66923.63
1775261343506,2026-04-04T00:09:03.506,btc-updown-15m-1775260800,1775261700,Down,34616237021001802473186228217637203990236186395104119946554985214552396583452,72652542234871127445865013381104523037021159128556364009146823631166084138209,0.09,0.1,73.12,1130.09,0.01,0.9,0.91,1130.09,73.12,0.01,0.095,0.905,0.939229,0.060771,66923.63
1775261344507,2026-04-04T00:09:04.507,btc-updown-15m-1775260800,1775261700,Down,34616237021001802473186228217637203990236186395104119946554985214552396583452,72652542234871127445865013381104523037021159128556364009146823631166084138209,0.09,0.1,63.12,1130.09,0.01,0.9,0.91,1130.09,63.12,0.01,0.095,0.905,0.947101,0.052899,66923.63
1775261345508,2026-04-04T00:09:05.508,btc-updown-15m-1775260800,1775261700,Down,34616237021001802473186228217637203990236186395104119946554985214552396583452,72652542234871127445865013381104523037021159128556364009146823631166084138209,0.09,0.1,53.12,1072.09,0.01,0.9,0.91,1072.09,53.12,0.01,0.095,0.905,0.952791,0.047209,66923.63
1775261346508,2026-04-04T00:09:06.508,btc-updown-15m-1775260800,1775261700,Down,34616237021001802473186228217637203990236186395104119946554985214552396583452,72652542234871127445865013381104523037021159128556364009146823631166084138209,0.09,0.1,43.12,1072.09,0.01,0.9,0.91,1072.09,43.12,0.01,0.095,0.905,0.961335,0.038665,66923.63
1775261347509,2026-04-04T00:09:07.509,btc-updown-15m-1775260800,1775261700,Down,34616237021001802473186228217637203990236186395104119946554985214552396583452,72652542234871127445865013381104523037021159128556364009146823631166084138209,0.09,0.1,43.12,1072.09,0.01,0.9,0.91,1072.09,43.12,0.01,0.095,0.905,0.961335,0.038665,66923.63
1775261348509,2026-04-04T00:09:08.509,btc-updown-15m-1775260800,1775261700,Down,34616237021001802473186228217637203990236186395104119946554985214552396583452,72652542234871127445865013381104523037021159128556364009146823631166084138209,0.09,0.1,45.0,1068.09,0.01,0.9,0.91,1068.09,45.0,0.01,0.095,0.905,0.959572,0.040428,66923.63
1775261349510,2026-04-04T00:09:09.510,btc-updown-15m-1775260800,1775261700,Down,34616237021001802473186228217637203990236186395104119946554985214552396583452,72652542234871127445865013381104523037021159128556364009146823631166084138209,0.11,0.12,53.58,378.68,0.01,0.88,0.89,378.68,53.58,0.01,0.115,0.885,0.876047,0.123953,66923.64
1775261350511,2026-04-04T00:09:10.511,btc-updown-15m-1775260800,1775261700,Down,34616237021001802473186228217637203990236186395104119946554985214552396583452,72652542234871127445865013381104523037021159128556364009146823631166084138209,0.12,0.13,15.69,371.06,0.01,0.87,0.88,371.06,15.69,0.01,0.125,0.875,0.959431,0.040569,66923.64
1775261351511,2026-04-04T00:09:11.511,btc-updown-15m-1775260800,1775261700,Down,34616237021001802473186228217637203990236186395104119946554985214552396583452,72652542234871127445865013381104523037021159128556364009146823631166084138209,0.12,0.14,459.29,510.63,0.02,0.86,0.88,510.63,459.29,0.02,0.13,0.87,0.526466,0.473534,66923.64
1775261352513,2026-04-04T00:09:12.513,btc-updown-15m-1775260800,1775261700,Down,34616237021001802473186228217637203990236186395104119946554985214552396583452,72652542234871127445865013381104523037021159128556364009146823631166084138209,0.13,0.14,464.71,127.88,0.01,0.86,0.87,127.88,464.71,0.01,0.135,0.865,0.215798,0.784202,66927.29
1775261353514,2026-04-04T00:09:13.514,btc-updown-15m-1775260800,1775261700,Down,34616237021001802473186228217637203990236186395104119946554985214552396583452,72652542234871127445865013381104523037021159128556364009146823631166084138209,0.13,0.14,480.71,113.88,0.01,0.86,0.87,113.88,480.71,0.01,0.135,0.865,0.191527,0.808473,66927.29
1775261354515,2026-04-04T00:09:14.515,btc-updown-15m-1775260800,1775261700,Down,34616237021001802473186228217637203990236186395104119946554985214552396583452,72652542234871127445865013381104523037021159128556364009146823631166084138209,0.13,0.14,452.1,105.88,0.01,0.86,0.87,105.88,452.1,0.01,0.135,0.865,0.189756,0.810244,66927.29
1775261355516,2026-04-04T00:09:15.516,btc-updown-15m-1775260800,1775261700,Down,34616237021001802473186228217637203990236186395104119946554985214552396583452,72652542234871127445865013381104523037021159128556364009146823631166084138209,0.13,0.14,435.1,111.88,0.01,0.86,0.87,111.88,435.1,0.01,0.135,0.865,0.204541,0.795459,66927.29
1775261356517,2026-04-04T00:09:16.517,btc-updown-15m-1775260800,1775261700,Down,34616237021001802473186228217637203990236186395104119946554985214552396583452,72652542234871127445865013381104523037021159128556364009146823631166084138209,0.13,0.14,405.74,69.88,0.01,0.86,0.87,69.88,405.74,0.01,0.135,0.865,0.146924,0.853076,66927.29
1775261357518,2026-04-04T00:09:17.518,btc-updown-15m-1775260800,1775261700,Down,34616237021001802473186228217637203990236186395104119946554985214552396583452,72652542234871127445865013381104523037021159128556364009146823631166084138209,0.12,0.14,732.24,38.41,0.02,0.86,0.88,38.41,732.24,0.02,0.13,0.87,0.049841,0.950159,66927.29
1775261358519,2026-04-04T00:09:18.519,btc-updown-15m-1775260800,1775261700,Down,34616237021001802473186228217637203990236186395104119946554985214552396583452,72652542234871127445865013381104523037021159128556364009146823631166084138209,0.12,0.13,338.5,44.29,0.01,0.87,0.88,44.29,338.5,0.01,0.125,0.875,0.115703,0.884297,66927.29
1775261359520,2026-04-04T00:09:19.520,btc-updown-15m-1775260800,1775261700,Down,34616237021001802473186228217637203990236186395104119946554985214552396583452,72652542234871127445865013381104523037021159128556364009146823631166084138209,0.11,0.13,365.73,149.06,0.02,0.87,0.89,149.06,365.73,0.02,0.12,0.88,0.289555,0.710445,66927.29
1775261360520,2026-04-04T00:09:20.520,btc-updown-15m-1775260800,1775261700,Down,34616237021001802473186228217637203990236186395104119946554985214552396583452,72652542234871127445865013381104523037021159128556364009146823631166084138209,0.12,0.13,358.73,5.88,0.01,0.87,0.88,5.88,358.73,0.01,0.125,0.875,0.016127,0.983873,66927.29
1775261361521,2026-04-04T00:09:21.521,btc-updown-15m-1775260800,1775261700,Down,34616237021001802473186228217637203990236186395104119946554985214552396583452,72652542234871127445865013381104523037021159128556364009146823631166084138209,0.12,0.13,358.73,5.88,0.01,0.87,0.88,5.88,358.73,0.01,0.125,0.875,0.016127,0.983873,66927.29
1775261362521,2026-04-04T00:09:22.521,btc-updown-15m-1775260800,1775261700,Down,34616237021001802473186228217637203990236186395104119946554985214552396583452,72652542234871127445865013381104523037021159128556364009146823631166084138209,0.11,0.12,11.66,178.38,0.01,0.88,0.89,178.38,11.66,0.01,0.115,0.885,0.938644,0.061356,66927.29
1775261363522,2026-04-04T00:09:23.522,btc-updown-15m-1775260800,1775261700,Down,34616237021001802473186228217637203990236186395104119946554985214552396583452,72652542234871127445865013381104523037021159128556364009146823631166084138209,0.11,0.12,5.82,130.19,0.01,0.88,0.89,130.19,5.82,0.01,0.115,0.885,0.957209,0.042791,66927.29
1775261364523,2026-04-04T00:09:24.523,btc-updown-15m-1775260800,1775261700,Down,34616237021001802473186228217637203990236186395104119946554985214552396583452,72652542234871127445865013381104523037021159128556364009146823631166084138209,0.11,0.12,5.82,130.19,0.01,0.88,0.89,130.19,5.82,0.01,0.115,0.885,0.957209,0.042791,66927.3
1775261365524,2026-04-04T00:09:25.524,btc-updown-15m-1775260800,1775261700,Down,34616237021001802473186228217637203990236186395104119946554985214552396583452,72652542234871127445865013381104523037021159128556364009146823631166084138209,0.11,0.12,12.82,110.19,0.01,0.88,0.89,110.19,12.82,0.01,0.115,0.885,0.895781,0.104219,66927.3
1775261366524,2026-04-04T00:09:26.524,btc-updown-15m-1775260800,1775261700,Down,34616237021001802473186228217637203990236186395104119946554985214552396583452,72652542234871127445865013381104523037021159128556364009146823631166084138209,0.11,0.12,30.0,130.19,0.01,0.88,0.89,130.19,30.0,0.01,0.115,0.885,0.812722,0.187278,66927.3
1775261367525,2026-04-04T00:09:27.525,btc-updown-15m-1775260800,1775261700,Down,34616237021001802473186228217637203990236186395104119946554985214552396583452,72652542234871127445865013381104523037021159128556364009146823631166084138209,0.11,0.12,10.0,80.28,0.01,0.88,0.89,80.28,10.0,0.01,0.115,0.885,0.889233,0.110767,66927.29
1775261368526,2026-04-04T00:09:28.526,btc-updown-15m-1775260800,1775261700,Down,34616237021001802473186228217637203990236186395104119946554985214552396583452,72652542234871127445865013381104523037021159128556364009146823631166084138209,0.11,0.12,10.0,118.22,0.01,0.88,0.89,118.22,10.0,0.01,0.115,0.885,0.922009,0.077991,66927.29
1775261369526,2026-04-04T00:09:29.526,btc-updown-15m-1775260800,1775261700,Down,34616237021001802473186228217637203990236186395104119946554985214552396583452,72652542234871127445865013381104523037021159128556364009146823631166084138209,0.11,0.12,10.0,93.72,0.01,0.88,0.89,93.72,10.0,0.01,0.115,0.885,0.903587,0.096413,66927.29
1775261370527,2026-04-04T00:09:30.527,btc-updown-15m-1775260800,1775261700,Down,34616237021001802473186228217637203990236186395104119946554985214552396583452,72652542234871127445865013381104523037021159128556364009146823631166084138209,0.11,0.12,10.0,107.9,0.01,0.88,0.89,107.9,10.0,0.01,0.115,0.885,0.915182,0.084818,66927.3
1775261371529,2026-04-04T00:09:31.529,btc-updown-15m-1775260800,1775261700,Down,34616237021001802473186228217637203990236186395104119946554985214552396583452,72652542234871127445865013381104523037021159128556364009146823631166084138209,0.11,0.12,27.0,29.9,0.01,0.88,0.89,29.9,27.0,0.01,0.115,0.885,0.525483,0.474517,66927.3
1775261372530,2026-04-04T00:09:32.530,btc-updown-15m-1775260800,1775261700,Down,34616237021001802473186228217637203990236186395104119946554985214552396583452,72652542234871127445865013381104523037021159128556364009146823631166084138209,0.11,0.12,17.0,29.9,0.01,0.88,0.89,29.9,17.0,0.01,0.115,0.885,0.637527,0.362473,66927.3
1775261373530,2026-04-04T00:09:33.530,btc-updown-15m-1775260800,1775261700,Down,34616237021001802473186228217637203990236186395104119946554985214552396583452,72652542234871127445865013381104523037021159128556364009146823631166084138209,0.11,0.12,21.99,20.72,0.01,0.88,0.89,20.72,21.99,0.01,0.115,0.885,0.485132,0.514868,66927.29
1775261374531,2026-04-04T00:09:34.531,btc-updown-15m-1775260800,1775261700,Down,34616237021001802473186228217637203990236186395104119946554985214552396583452,72652542234871127445865013381104523037021159128556364009146823631166084138209,0.11,0.12,53.99,20.72,0.01,0.88,0.89,20.72,53.99,0.01,0.115,0.885,0.277339,0.722661,66927.29
1775261375532,2026-04-04T00:09:35.532,btc-updown-15m-1775260800,1775261700,Down,34616237021001802473186228217637203990236186395104119946554985214552396583452,72652542234871127445865013381104523037021159128556364009146823631166084138209,0.11,0.12,66.49,20.72,0.01,0.88,0.89,20.72,66.49,0.01,0.115,0.885,0.237587,0.762413,66927.29
1775261376533,2026-04-04T00:09:36.533,btc-updown-15m-1775260800,1775261700,Down,34616237021001802473186228217637203990236186395104119946554985214552396583452,72652542234871127445865013381104523037021159128556364009146823631166084138209,0.11,0.12,123.87,20.72,0.01,0.88,0.89,20.72,123.87,0.01,0.115,0.885,0.143302,0.856698,66927.29
1775261377534,2026-04-04T00:09:37.534,btc-updown-15m-1775260800,1775261700,Down,34616237021001802473186228217637203990236186395104119946554985214552396583452,72652542234871127445865013381104523037021159128556364009146823631166084138209,0.11,0.12,123.87,20.72,0.01,0.88,0.89,20.72,123.87,0.01,0.115,0.885,0.143302,0.856698,66927.29
1775261378534,2026-04-04T00:09:38.534,btc-updown-15m-1775260800,1775261700,Down,34616237021001802473186228217637203990236186395104119946554985214552396583452,72652542234871127445865013381104523037021159128556364009146823631166084138209,0.11,0.12,123.87,93.45,0.01,0.88,0.89,93.45,123.87,0.01,0.115,0.885,0.430011,0.569989,66927.29
1775261379535,2026-04-04T00:09:39.535,btc-updown-15m-1775260800,1775261700,Down,34616237021001802473186228217637203990236186395104119946554985214552396583452,72652542234871127445865013381104523037021159128556364009146823631166084138209,0.11,0.12,156.37,82.45,0.01,0.88,0.89,82.45,156.37,0.01,0.115,0.885,0.345239,0.654761,66927.29
1775261380536,2026-04-04T00:09:40.536,btc-updown-15m-1775260800,1775261700,Down,34616237021001802473186228217637203990236186395104119946554985214552396583452,72652542234871127445865013381104523037021159128556364009146823631166084138209,0.11,0.12,136.37,82.45,0.01,0.88,0.89,82.45,136.37,0.01,0.115,0.885,0.376794,0.623206,66927.29
1775261381538,2026-04-04T00:09:41.538,btc-updown-15m-1775260800,1775261700,Down,34616237021001802473186228217637203990236186395104119946554985214552396583452,72652542234871127445865013381104523037021159128556364009146823631166084138209,0.11,0.12,183.87,96.45,0.01,0.88,0.89,96.45,183.87,0.01,0.115,0.885,0.344071,0.655929,66927.29
1775261382538,2026-04-04T00:09:42.538,btc-updown-15m-1775260800,1775261700,Down,34616237021001802473186228217637203990236186395104119946554985214552396583452,72652542234871127445865013381104523037021159128556364009146823631166084138209,0.11,0.12,48.37,96.45,0.01,0.88,0.89,96.45,48.37,0.01,0.115,0.885,0.665999,0.334001,66927.29
1775261383539,2026-04-04T00:09:43.539,btc-updown-15m-1775260800,1775261700,Down,34616237021001802473186228217637203990236186395104119946554985214552396583452,72652542234871127445865013381104523037021159128556364009146823631166084138209,0.1,0.11,34.09,19.88,0.01,0.89,0.9,19.88,34.09,0.01,0.105,0.895,0.368353,0.631647,66927.29
1775261384540,2026-04-04T00:09:44.540,btc-updown-15m-1775260800,1775261700,Down,34616237021001802473186228217637203990236186395104119946554985214552396583452,72652542234871127445865013381104523037021159128556364009146823631166084138209,0.1,0.11,281.97,5.88,0.01,0.89,0.9,5.88,281.97,0.01,0.105,0.895,0.020427,0.979573,66927.29
1775261385541,2026-04-04T00:09:45.541,btc-updown-15m-1775260800,1775261700,Down,34616237021001802473186228217637203990236186395104119946554985214552396583452,72652542234871127445865013381104523037021159128556364009146823631166084138209,0.1,0.11,271.97,19.88,0.01,0.89,0.9,19.88,271.97,0.01,0.105,0.895,0.068117,0.931883,66927.3
1775261386542,2026-04-04T00:09:46.542,btc-updown-15m-1775260800,1775261700,Down,34616237021001802473186228217637203990236186395104119946554985214552396583452,72652542234871127445865013381104523037021159128556364009146823631166084138209,0.1,0.11,271.97,19.88,0.01,0.89,0.9,19.88,271.97,0.01,0.105,0.895,0.068117,0.931883,66927.3
1775261387543,2026-04-04T00:09:47.543,btc-updown-15m-1775260800,1775261700,Down,34616237021001802473186228217637203990236186395104119946554985214552396583452,72652542234871127445865013381104523037021159128556364009146823631166084138209,0.1,0.11,256.97,19.88,0.01,0.89,0.9,19.88,256.97,0.01,0.105,0.895,0.071808,0.928192,66927.3
1775261388544,2026-04-04T00:09:48.544,btc-updown-15m-1775260800,1775261700,Down,34616237021001802473186228217637203990236186395104119946554985214552396583452,72652542234871127445865013381104523037021159128556364009146823631166084138209,0.1,0.11,190.38,19.88,0.01,0.89,0.9,19.88,190.38,0.01,0.105,0.895,0.09455,0.90545,66927.29
1775261389544,2026-04-04T00:09:49.544,btc-updown-15m-1775260800,1775261700,Down,34616237021001802473186228217637203990236186395104119946554985214552396583452,72652542234871127445865013381104523037021159128556364009146823631166084138209,0.1,0.11,191.26,19.88,0.01,0.89,0.9,19.88,191.26,0.01,0.105,0.895,0.094156,0.905844,66927.29
1775261390546,2026-04-04T00:09:50.546,btc-updown-15m-1775260800,1775261700,Down,34616237021001802473186228217637203990236186395104119946554985214552396583452,72652542234871127445865013381104523037021159128556364009146823631166084138209,0.1,0.11,191.26,19.88,0.01,0.89,0.9,19.88,191.26,0.01,0.105,0.895,0.094156,0.905844,66927.29
1775261391546,2026-04-04T00:09:51.546,btc-updown-15m-1775260800,1775261700,Down,34616237021001802473186228217637203990236186395104119946554985214552396583452,72652542234871127445865013381104523037021159128556364009146823631166084138209,0.09,0.1,49.0,1017.37,0.01,0.9,0.91,1017.37,49.0,0.01,0.095,0.905,0.95405,0.04595,66927.29
1775261392546,2026-04-04T00:09:52.546,btc-updown-15m-1775260800,1775261700,Down,34616237021001802473186228217637203990236186395104119946554985214552396583452,72652542234871127445865013381104523037021159128556364009146823631166084138209,0.09,0.1,29.0,958.88,0.01,0.9,0.91,958.88,29.0,0.01,0.095,0.905,0.970644,0.029356,66927.29
1775261393548,2026-04-04T00:09:53.548,btc-updown-15m-1775260800,1775261700,Down,34616237021001802473186228217637203990236186395104119946554985214552396583452,72652542234871127445865013381104523037021159128556364009146823631166084138209,0.09,0.1,24.0,972.88,0.01,0.9,0.91,972.88,24.0,0.01,0.095,0.905,0.975925,0.024075,66927.29
1775261394549,2026-04-04T00:09:54.549,btc-updown-15m-1775260800,1775261700,Down,34616237021001802473186228217637203990236186395104119946554985214552396583452,72652542234871127445865013381104523037021159128556364009146823631166084138209,0.09,0.1,24.0,972.88,0.01,0.9,0.91,972.88,24.0,0.01,0.095,0.905,0.975925,0.024075,66927.29
1775261395550,2026-04-04T00:09:55.550,btc-updown-15m-1775260800,1775261700,Down,34616237021001802473186228217637203990236186395104119946554985214552396583452,72652542234871127445865013381104523037021159128556364009146823631166084138209,0.09,0.1,24.0,972.88,0.01,0.9,0.91,972.88,24.0,0.01,0.095,0.905,0.975925,0.024075,66927.29
1775261396551,2026-04-04T00:09:56.551,btc-updown-15m-1775260800,1775261700,Down,34616237021001802473186228217637203990236186395104119946554985214552396583452,72652542234871127445865013381104523037021159128556364009146823631166084138209,0.09,0.1,24.0,972.88,0.01,0.9,0.91,972.88,24.0,0.01,0.095,0.905,0.975925,0.024075,66927.29
1775261397552,2026-04-04T00:09:57.552,btc-updown-15m-1775260800,1775261700,Down,34616237021001802473186228217637203990236186395104119946554985214552396583452,72652542234871127445865013381104523037021159128556364009146823631166084138209,0.09,0.1,24.0,972.88,0.01,0.9,0.91,972.88,24.0,0.01,0.095,0.905,0.975925,0.024075,66927.3
1775261398553,2026-04-04T00:09:58.553,btc-updown-15m-1775260800,1775261700,Down,34616237021001802473186228217637203990236186395104119946554985214552396583452,72652542234871127445865013381104523037021159128556364009146823631166084138209,0.09,0.1,24.0,972.88,0.01,0.9,0.91,972.88,24.0,0.01,0.095,0.905,0.975925,0.024075,66927.3
1775261399553,2026-04-04T00:09:59.553,btc-updown-15m-1775260800,1775261700,Down,34616237021001802473186228217637203990236186395104119946554985214552396583452,72652542234871127445865013381104523037021159128556364009146823631166084138209,0.09,0.1,24.0,972.88,0.01,0.9,0.91,972.88,24.0,0.01,0.095,0.905,0.975925,0.024075,66927.3
1775261400555,2026-04-04T00:10:00.555,btc-updown-15m-1775260800,1775261700,Down,34616237021001802473186228217637203990236186395104119946554985214552396583452,72652542234871127445865013381104523037021159128556364009146823631166084138209,0.09,0.1,24.0,1021.88,0.01,0.9,0.91,1021.88,24.0,0.01,0.095,0.905,0.977053,0.022947,66927.29
1775261401555,2026-04-04T00:10:01.555,btc-updown-15m-1775260800,1775261700,Down,34616237021001802473186228217637203990236186395104119946554985214552396583452,72652542234871127445865013381104523037021159128556364009146823631166084138209,0.09,0.1,128.53,870.0,0.01,0.9,0.91,870.0,128.53,0.01,0.095,0.905,0.871281,0.128719,66927.29
1775261402556,2026-04-04T00:10:02.556,btc-updown-15m-1775260800,1775261700,Down,34616237021001802473186228217637203990236186395104119946554985214552396583452,72652542234871127445865013381104523037021159128556364009146823631166084138209,0.09,0.1,65.53,911.31,0.01,0.9,0.91,911.31,65.53,0.01,0.095,0.905,0.932916,0.067084,66927.29
1775261403556,2026-04-04T00:10:03.556,btc-updown-15m-1775260800,1775261700,Down,34616237021001802473186228217637203990236186395104119946554985214552396583452,72652542234871127445865013381104523037021159128556364009146823631166084138209,0.09,0.1,55.53,911.31,0.01,0.9,0.91,911.31,55.53,0.01,0.095,0.905,0.942565,0.057435,66927.3
1775261404556,2026-04-04T00:10:04.556,btc-updown-15m-1775260800,1775261700,Down,34616237021001802473186228217637203990236186395104119946554985214552396583452,72652542234871127445865013381104523037021159128556364009146823631166084138209,0.09,0.1,35.53,855.33,0.01,0.9,0.91,855.33,35.53,0.01,0.095,0.905,0.960117,0.039883,66927.3
1775261405557,2026-04-04T00:10:05.557,btc-updown-15m-1775260800,1775261700,Down,34616237021001802473186228217637203990236186395104119946554985214552396583452,72652542234871127445865013381104523037021159128556364009146823631166084138209,0.09,0.1,35.53,841.73,0.01,0.9,0.91,840.63,35.53,0.01,0.095,0.905,0.959499,0.040552,66927.3
1775261406558,2026-04-04T00:10:06.558,btc-updown-15m-1775260800,1775261700,Down,34616237021001802473186228217637203990236186395104119946554985214552396583452,72652542234871127445865013381104523037021159128556364009146823631166084138209,0.09,0.1,82.41,817.63,0.01,0.9,0.91,817.63,82.41,0.01,0.095,0.905,0.908437,0.091563,66927.29
1775261407559,2026-04-04T00:10:07.559,btc-updown-15m-1775260800,1775261700,Down,34616237021001802473186228217637203990236186395104119946554985214552396583452,72652542234871127445865013381104523037021159128556364009146823631166084138209,0.09,0.1,68.29,817.63,0.01,0.9,0.91,817.63,68.29,0.01,0.095,0.905,0.922916,0.077084,66927.29
1775261408560,2026-04-04T00:10:08.560,btc-updown-15m-1775260800,1775261700,Down,34616237021001802473186228217637203990236186395104119946554985214552396583452,72652542234871127445865013381104523037021159128556364009146823631166084138209,0.09,0.1,40.88,719.65,0.01,0.9,0.91,719.65,40.88,0.01,0.095,0.905,0.946248,0.053752,66927.29
1775261409560,2026-04-04T00:10:09.560,btc-updown-15m-1775260800,1775261700,Down,34616237021001802473186228217637203990236186395104119946554985214552396583452,72652542234871127445865013381104523037021159128556364009146823631166084138209,0.09,0.1,50.88,796.45,0.01,0.9,0.91,796.45,50.88,0.01,0.095,0.905,0.939953,0.060047,66927.29
1775261410561,2026-04-04T00:10:10.561,btc-updown-15m-1775260800,1775261700,Down,34616237021001802473186228217637203990236186395104119946554985214552396583452,72652542234871127445865013381104523037021159128556364009146823631166084138209,0.09,0.1,46.76,895.95,0.01,0.9,0.91,895.95,46.76,0.01,0.095,0.905,0.950398,0.049602,66927.29
1775261411562,2026-04-04T00:10:11.562,btc-updown-15m-1775260800,1775261700,Down,34616237021001802473186228217637203990236186395104119946554985214552396583452,72652542234871127445865013381104523037021159128556364009146823631166084138209,0.09,0.1,41.76,895.95,0.01,0.9,0.91,895.95,41.76,0.01,0.095,0.905,0.955466,0.044534,66927.29
1775261412563,2026-04-04T00:10:12.563,btc-updown-15m-1775260800,1775261700,Down,34616237021001802473186228217637203990236186395104119946554985214552396583452,72652542234871127445865013381104523037021159128556364009146823631166084138209,0.09,0.1,41.76,895.95,0.01,0.9,0.91,895.95,41.76,0.01,0.095,0.905,0.955466,0.044534,66927.3
1775261413564,2026-04-04T00:10:13.564,btc-updown-15m-1775260800,1775261700,Down,34616237021001802473186228217637203990236186395104119946554985214552396583452,72652542234871127445865013381104523037021159128556364009146823631166084138209,0.09,0.1,50.88,861.85,0.01,0.9,0.91,861.85,50.88,0.01,0.095,0.905,0.944255,0.055745,66927.3
1775261414565,2026-04-04T00:10:14.565,btc-updown-15m-1775260800,1775261700,Down,34616237021001802473186228217637203990236186395104119946554985214552396583452,72652542234871127445865013381104523037021159128556364009146823631166084138209,0.09,0.1,50.88,860.75,0.01,0.9,0.91,860.75,50.88,0.01,0.095,0.905,0.944188,0.055812,66927.3
1775261415565,2026-04-04T00:10:15.565,btc-updown-15m-1775260800,1775261700,Down,34616237021001802473186228217637203990236186395104119946554985214552396583452,72652542234871127445865013381104523037021159128556364009146823631166084138209,0.09,0.1,60.88,669.93,0.01,0.9,0.91,669.93,60.88,0.01,0.095,0.905,0.916695,0.083305,66927.29
1775261416566,2026-04-04T00:10:16.566,btc-updown-15m-1775260800,1775261700,Down,34616237021001802473186228217637203990236186395104119946554985214552396583452,72652542234871127445865013381104523037021159128556364009146823631166084138209,0.09,0.1,15.88,664.43,0.01,0.9,0.91,664.43,15.88,0.01,0.095,0.905,0.976658,0.023342,66927.29
1775261417566,2026-04-04T00:10:17.566,btc-updown-15m-1775260800,1775261700,Down,34616237021001802473186228217637203990236186395104119946554985214552396583452,72652542234871127445865013381104523037021159128556364009146823631166084138209,0.09,0.1,25.88,663.33,0.01,0.9,0.91,663.33,25.88,0.01,0.095,0.905,0.96245,0.03755,66927.29
1775261418567,2026-04-04T00:10:18.567,btc-updown-15m-1775260800,1775261700,Down,34616237021001802473186228217637203990236186395104119946554985214552396583452,72652542234871127445865013381104523037021159128556364009146823631166084138209,0.09,0.1,37.0,662.23,0.01,0.9,0.91,662.23,37.0,0.01,0.095,0.905,0.947085,0.052915,66927.29
1775261419569,2026-04-04T00:10:19.569,btc-updown-15m-1775260800,1775261700,Down,34616237021001802473186228217637203990236186395104119946554985214552396583452,72652542234871127445865013381104523037021159128556364009146823631166084138209,0.09,0.1,0.33,662.23,0.01,0.9,0.91,662.23,0.33,0.01,0.095,0.905,0.999502,0.000498,66927.29
1775261420570,2026-04-04T00:10:20.570,btc-updown-15m-1775260800,1775261700,Down,34616237021001802473186228217637203990236186395104119946554985214552396583452,72652542234871127445865013381104523037021159128556364009146823631166084138209,0.09,0.1,0.33,662.23,0.01,0.9,0.91,662.23,0.33,0.01,0.095,0.905,0.999502,0.000498,66927.29
1775261421570,2026-04-04T00:10:21.570,btc-updown-15m-1775260800,1775261700,Down,34616237021001802473186228217637203990236186395104119946554985214552396583452,72652542234871127445865013381104523037021159128556364009146823631166084138209,0.09,0.1,1.21,645.88,0.01,0.9,0.91,646.98,1.21,0.01,0.095,0.905,0.99813,0.001867,66927.29
1775261422571,2026-04-04T00:10:22.571,btc-updown-15m-1775260800,1775261700,Down,34616237021001802473186228217637203990236186395104119946554985214552396583452,72652542234871127445865013381104523037021159128556364009146823631166084138209,0.09,0.1,1.21,656.22,0.01,0.9,0.91,656.22,1.21,0.01,0.095,0.905,0.998159,0.001841,66927.29
1775261423572,2026-04-04T00:10:23.572,btc-updown-15m-1775260800,1775261700,Down,34616237021001802473186228217637203990236186395104119946554985214552396583452,72652542234871127445865013381104523037021159128556364009146823631166084138209,0.09,0.1,1.21,656.22,0.01,0.9,0.91,656.22,1.21,0.01,0.095,0.905,0.998159,0.001841,66927.29
1775261424572,2026-04-04T00:10:24.572,btc-updown-15m-1775260800,1775261700,Down,34616237021001802473186228217637203990236186395104119946554985214552396583452,72652542234871127445865013381104523037021159128556364009146823631166084138209,0.09,0.1,1.21,656.22,0.01,0.9,0.91,656.22,1.21,0.01,0.095,0.905,0.998159,0.001841,66927.29
1775261425574,2026-04-04T00:10:25.574,btc-updown-15m-1775260800,1775261700,Down,34616237021001802473186228217637203990236186395104119946554985214552396583452,72652542234871127445865013381104523037021159128556364009146823631166084138209,0.09,0.1,36.21,780.96,0.01,0.9,0.91,780.96,36.21,0.01,0.095,0.905,0.955689,0.044311,66927.29
1775261426574,2026-04-04T00:10:26.574,btc-updown-15m-1775260800,1775261700,Down,34616237021001802473186228217637203990236186395104119946554985214552396583452,72652542234871127445865013381104523037021159128556364009146823631166084138209,0.09,0.1,36.21,755.92,0.01,0.9,0.91,755.92,36.21,0.01,0.095,0.905,0.954288,0.045712,66927.29
1775261427575,2026-04-04T00:10:27.575,btc-updown-15m-1775260800,1775261700,Down,34616237021001802473186228217637203990236186395104119946554985214552396583452,72652542234871127445865013381104523037021159128556364009146823631166084138209,0.09,0.1,36.21,755.92,0.01,0.9,0.91,755.92,36.21,0.01,0.095,0.905,0.954288,0.045712,66927.3
1775261428575,2026-04-04T00:10:28.575,btc-updown-15m-1775260800,1775261700,Down,34616237021001802473186228217637203990236186395104119946554985214552396583452,72652542234871127445865013381104523037021159128556364009146823631166084138209,0.09,0.1,36.21,755.92,0.01,0.9,0.91,755.92,36.21,0.01,0.095,0.905,0.954288,0.045712,66927.3
1775261429576,2026-04-04T00:10:29.576,btc-updown-15m-1775260800,1775261700,Down,34616237021001802473186228217637203990236186395104119946554985214552396583452,72652542234871127445865013381104523037021159128556364009146823631166084138209,0.09,0.1,50.33,767.96,0.01,0.9,0.91,767.96,50.33,0.01,0.095,0.905,0.938494,0.061506,66927.3
1775261430577,2026-04-04T00:10:30.577,btc-updown-15m-1775260800,1775261700,Down,34616237021001802473186228217637203990236186395104119946554985214552396583452,72652542234871127445865013381104523037021159128556364009146823631166084138209,0.09,0.1,50.33,711.26,0.01,0.9,0.91,711.26,50.33,0.01,0.095,0.905,0.933915,0.066085,66927.3
1775261431577,2026-04-04T00:10:31.577,btc-updown-15m-1775260800,1775261700,Down,34616237021001802473186228217637203990236186395104119946554985214552396583452,72652542234871127445865013381104523037021159128556364009146823631166084138209,0.09,0.1,50.33,711.26,0.01,0.9,0.91,711.26,50.33,0.01,0.095,0.905,0.933915,0.066085,66927.3
1775261432578,2026-04-04T00:10:32.578,btc-updown-15m-1775260800,1775261700,Down,34616237021001802473186228217637203990236186395104119946554985214552396583452,72652542234871127445865013381104523037021159128556364009146823631166084138209,0.09,0.1,50.33,711.26,0.01,0.9,0.91,711.26,50.33,0.01,0.095,0.905,0.933915,0.066085,66927.3
1775261433579,2026-04-04T00:10:33.579,btc-updown-15m-1775260800,1775261700,Down,34616237021001802473186228217637203990236186395104119946554985214552396583452,72652542234871127445865013381104523037021159128556364009146823631166084138209,0.09,0.1,15.33,560.08,0.01,0.9,0.91,560.08,15.33,0.01,0.095,0.905,0.973358,0.026642,66927.3
1775261434580,2026-04-04T00:10:34.580,btc-updown-15m-1775260800,1775261700,Down,34616237021001802473186228217637203990236186395104119946554985214552396583452,72652542234871127445865013381104523037021159128556364009146823631166084138209,0.09,0.1,5.33,513.22,0.01,0.9,0.91,513.22,5.33,0.01,0.095,0.905,0.989721,0.010279,66927.3
1775261435581,2026-04-04T00:10:35.581,btc-updown-15m-1775260800,1775261700,Down,34616237021001802473186228217637203990236186395104119946554985214552396583452,72652542234871127445865013381104523037021159128556364009146823631166084138209,0.09,0.1,104.33,460.91,0.01,0.9,0.91,460.91,104.33,0.01,0.095,0.905,0.815424,0.184576,66927.3
1775261436582,2026-04-04T00:10:36.582,btc-updown-15m-1775260800,1775261700,Down,34616237021001802473186228217637203990236186395104119946554985214552396583452,72652542234871127445865013381104523037021159128556364009146823631166084138209,0.09,0.1,202.13,460.91,0.01,0.9,0.91,460.91,202.13,0.01,0.095,0.905,0.695147,0.304853,66927.3
1775261437582,2026-04-04T00:10:37.582,btc-updown-15m-1775260800,1775261700,Down,34616237021001802473186228217637203990236186395104119946554985214552396583452,72652542234871127445865013381104523037021159128556364009146823631166084138209,0.09,0.1,208.01,459.81,0.01,0.9,0.91,459.81,208.01,0.01,0.095,0.905,0.688524,0.311476,66927.3
1775261438583,2026-04-04T00:10:38.583,btc-updown-15m-1775260800,1775261700,Down,34616237021001802473186228217637203990236186395104119946554985214552396583452,72652542234871127445865013381104523037021159128556364009146823631166084138209,0.09,0.1,276.01,444.71,0.01,0.9,0.91,444.71,276.01,0.01,0.095,0.905,0.617036,0.382964,66927.3
1775261439584,2026-04-04T00:10:39.584,btc-updown-15m-1775260800,1775261700,Down,34616237021001802473186228217637203990236186395104119946554985214552396583452,72652542234871127445865013381104523037021159128556364009146823631166084138209,0.09,0.1,276.01,444.71,0.01,0.9,0.91,444.71,276.01,0.01,0.095,0.905,0.617036,0.382964,66927.29
1775261440585,2026-04-04T00:10:40.585,btc-updown-15m-1775260800,1775261700,Down,34616237021001802473186228217637203990236186395104119946554985214552396583452,72652542234871127445865013381104523037021159128556364009146823631166084138209,0.09,0.1,276.01,444.71,0.01,0.9,0.91,444.71,276.01,0.01,0.095,0.905,0.617036,0.382964,66927.29
1775261441585,2026-04-04T00:10:41.585,btc-updown-15m-1775260800,1775261700,Down,34616237021001802473186228217637203990236186395104119946554985214552396583452,72652542234871127445865013381104523037021159128556364009146823631166084138209,0.09,0.1,218.01,365.56,0.01,0.9,0.91,365.56,218.01,0.01,0.095,0.905,0.62642,0.37358,66927.29
1775261442586,2026-04-04T00:10:42.586,btc-updown-15m-1775260800,1775261700,Down,34616237021001802473186228217637203990236186395104119946554985214552396583452,72652542234871127445865013381104523037021159128556364009146823631166084138209,0.09,0.1,256.01,364.46,0.01,0.9,0.91,364.46,256.01,0.01,0.095,0.905,0.587393,0.412607,66927.29
1775261443587,2026-04-04T00:10:43.587,btc-updown-15m-1775260800,1775261700,Down,34616237021001802473186228217637203990236186395104119946554985214552396583452,72652542234871127445865013381104523037021159128556364009146823631166084138209,0.09,0.1,332.01,364.46,0.01,0.9,0.91,364.46,332.01,0.01,0.095,0.905,0.523296,0.476704,66927.29
1775261444589,2026-04-04T00:10:44.589,btc-updown-15m-1775260800,1775261700,Down,34616237021001802473186228217637203990236186395104119946554985214552396583452,72652542234871127445865013381104523037021159128556364009146823631166084138209,0.09,0.1,327.01,364.46,0.01,0.9,0.91,364.46,327.01,0.01,0.095,0.905,0.52708,0.47292,66927.29
1775261445589,2026-04-04T00:10:45.589,btc-updown-15m-1775260800,1775261700,Down,34616237021001802473186228217637203990236186395104119946554985214552396583452,72652542234871127445865013381104523037021159128556364009146823631166084138209,0.09,0.1,204.01,346.22,0.01,0.9,0.91,346.22,204.01,0.01,0.095,0.905,0.629228,0.370772,66927.29
1775261446590,2026-04-04T00:10:46.590,btc-updown-15m-1775260800,1775261700,Down,34616237021001802473186228217637203990236186395104119946554985214552396583452,72652542234871127445865013381104523037021159128556364009146823631166084138209,0.09,0.1,194.01,345.12,0.01,0.9,0.91,345.12,194.01,0.01,0.095,0.905,0.640142,0.359858,66927.29
1775261447590,2026-04-04T00:10:47.590,btc-updown-15m-1775260800,1775261700,Down,34616237021001802473186228217637203990236186395104119946554985214552396583452,72652542234871127445865013381104523037021159128556364009146823631166084138209,0.09,0.1,219.01,328.25,0.01,0.9,0.91,328.25,219.01,0.01,0.095,0.905,0.599806,0.400194,66927.29
1775261448591,2026-04-04T00:10:48.591,btc-updown-15m-1775260800,1775261700,Down,34616237021001802473186228217637203990236186395104119946554985214552396583452,72652542234871127445865013381104523037021159128556364009146823631166084138209,0.09,0.1,219.01,328.25,0.01,0.9,0.91,328.25,219.01,0.01,0.095,0.905,0.599806,0.400194,66927.29
1775261449592,2026-04-04T00:10:49.592,btc-updown-15m-1775260800,1775261700,Down,34616237021001802473186228217637203990236186395104119946554985214552396583452,72652542234871127445865013381104523037021159128556364009146823631166084138209,0.09,0.1,209.01,327.15,0.01,0.9,0.91,327.15,209.01,0.01,0.095,0.905,0.610172,0.389828,66927.29
1775261450593,2026-04-04T00:10:50.593,btc-updown-15m-1775260800,1775261700,Down,34616237021001802473186228217637203990236186395104119946554985214552396583452,72652542234871127445865013381104523037021159128556364009146823631166084138209,0.09,0.1,281.01,326.05,0.01,0.9,0.91,326.05,281.01,0.01,0.095,0.905,0.537097,0.462903,66927.29
1775261451594,2026-04-04T00:10:51.594,btc-updown-15m-1775260800,1775261700,Down,34616237021001802473186228217637203990236186395104119946554985214552396583452,72652542234871127445865013381104523037021159128556364009146823631166084138209,0.09,0.1,281.01,326.05,0.01,0.9,0.91,326.05,281.01,0.01,0.095,0.905,0.537097,0.462903,66927.29
1775261452594,2026-04-04T00:10:52.594,btc-updown-15m-1775260800,1775261700,Down,34616237021001802473186228217637203990236186395104119946554985214552396583452,72652542234871127445865013381104523037021159128556364009146823631166084138209,0.09,0.1,281.01,326.05,0.01,0.9,0.91,326.05,281.01,0.01,0.095,0.905,0.537097,0.462903,66927.29
1775261453596,2026-04-04T00:10:53.596,btc-updown-15m-1775260800,1775261700,Down,34616237021001802473186228217637203990236186395104119946554985214552396583452,72652542234871127445865013381104523037021159128556364009146823631166084138209,0.09,0.1,281.01,344.95,0.01,0.9,0.91,344.95,281.01,0.01,0.095,0.905,0.551074,0.448926,66927.29
1775261454597,2026-04-04T00:10:54.597,btc-updown-15m-1775260800,1775261700,Down,34616237021001802473186228217637203990236186395104119946554985214552396583452,72652542234871127445865013381104523037021159128556364009146823631166084138209,0.09,0.1,291.01,323.85,0.01,0.9,0.91,323.85,291.01,0.01,0.095,0.905,0.526705,0.473295,66927.3
1775261455597,2026-04-04T00:10:55.597,btc-updown-15m-1775260800,1775261700,Down,34616237021001802473186228217637203990236186395104119946554985214552396583452,72652542234871127445865013381104523037021159128556364009146823631166084138209,0.09,0.1,291.01,189.73,0.01,0.9,0.91,189.73,291.01,0.01,0.095,0.905,0.394662,0.605338,66927.3
1775261456598,2026-04-04T00:10:56.598,btc-updown-15m-1775260800,1775261700,Down,34616237021001802473186228217637203990236186395104119946554985214552396583452,72652542234871127445865013381104523037021159128556364009146823631166084138209,0.09,0.1,291.01,189.73,0.01,0.9,0.91,189.73,291.01,0.01,0.095,0.905,0.394662,0.605338,66927.3
1775261457599,2026-04-04T00:10:57.599,btc-updown-15m-1775260800,1775261700,Down,34616237021001802473186228217637203990236186395104119946554985214552396583452,72652542234871127445865013381104523037021159128556364009146823631166084138209,0.09,0.1,301.01,208.63,0.01,0.9,0.91,208.63,301.01,0.01,0.095,0.905,0.409367,0.590633,66927.3
1775261458600,2026-04-04T00:10:58.600,btc-updown-15m-1775260800,1775261700,Down,34616237021001802473186228217637203990236186395104119946554985214552396583452,72652542234871127445865013381104523037021159128556364009146823631166084138209,0.09,0.1,291.01,187.53,0.01,0.9,0.91,187.53,291.01,0.01,0.095,0.905,0.391879,0.608121,66927.3
1775261459601,2026-04-04T00:10:59.601,btc-updown-15m-1775260800,1775261700,Down,34616237021001802473186228217637203990236186395104119946554985214552396583452,72652542234871127445865013381104523037021159128556364009146823631166084138209,0.09,0.1,291.01,187.53,0.01,0.9,0.91,187.53,291.01,0.01,0.095,0.905,0.391879,0.608121,66927.3
1775261460601,2026-04-04T00:11:00.601,btc-updown-15m-1775260800,1775261700,Down,34616237021001802473186228217637203990236186395104119946554985214552396583452,72652542234871127445865013381104523037021159128556364009146823631166084138209,0.07,0.1,464.38,10.76,0.03,0.9,0.93,10.76,464.38,0.03,0.085,0.915,0.022646,0.977354,66911.82
1775261461602,2026-04-04T00:11:01.602,btc-updown-15m-1775260800,1775261700,Down,34616237021001802473186228217637203990236186395104119946554985214552396583452,72652542234871127445865013381104523037021159128556364009146823631166084138209,0.06,0.07,108.0,29.06,0.01,0.93,0.94,29.06,108.0,0.01,0.065,0.935,0.212024,0.787976,66911.82
1775261462603,2026-04-04T00:11:02.603,btc-updown-15m-1775260800,1775261700,Down,34616237021001802473186228217637203990236186395104119946554985214552396583452,72652542234871127445865013381104523037021159128556364009146823631166084138209,0.04,0.05,17.04,114.0,0.01,0.95,0.96,114.0,17.04,0.01,0.045,0.955,0.869963,0.130037,66911.82
1775261463603,2026-04-04T00:11:03.603,btc-updown-15m-1775260800,1775261700,Down,34616237021001802473186228217637203990236186395104119946554985214552396583452,72652542234871127445865013381104523037021159128556364009146823631166084138209,0.04,0.05,218.52,5.33,0.01,0.95,0.96,5.33,218.52,0.01,0.045,0.955,0.023811,0.976189,66900.04
1775261464604,2026-04-04T00:11:04.604,btc-updown-15m-1775260800,1775261700,Down,34616237021001802473186228217637203990236186395104119946554985214552396583452,72652542234871127445865013381104523037021159128556364009146823631166084138209,0.03,0.04,433.45,298.28,0.01,0.96,0.97,298.28,433.45,0.01,0.035,0.965,0.407637,0.592363,66900.04
1775261465605,2026-04-04T00:11:05.605,btc-updown-15m-1775260800,1775261700,Down,34616237021001802473186228217637203990236186395104119946554985214552396583452,72652542234871127445865013381104523037021159128556364009146823631166084138209,0.03,0.04,559.34,177.08,0.01,0.96,0.97,177.08,559.34,0.01,0.035,0.965,0.240461,0.759539,66900.04
1775261466606,2026-04-04T00:11:06.606,btc-updown-15m-1775260800,1775261700,Down,34616237021001802473186228217637203990236186395104119946554985214552396583452,72652542234871127445865013381104523037021159128556364009146823631166084138209,0.03,0.04,916.91,214.04,0.01,0.96,0.97,214.04,916.91,0.01,0.035,0.965,0.189257,0.810743,66890.21
1775261467606,2026-04-04T00:11:07.606,btc-updown-15m-1775260800,1775261700,Down,34616237021001802473186228217637203990236186395104119946554985214552396583452,72652542234871127445865013381104523037021159128556364009146823631166084138209,0.03,0.04,928.32,125.04,0.01,0.96,0.97,125.04,928.32,0.01,0.035,0.965,0.118706,0.881294,66890.21
1775261468608,2026-04-04T00:11:08.608,btc-updown-15m-1775260800,1775261700,Down,34616237021001802473186228217637203990236186395104119946554985214552396583452,72652542234871127445865013381104523037021159128556364009146823631166084138209,0.03,0.04,816.86,120.04,0.01,0.96,0.97,120.04,816.86,0.01,0.035,0.965,0.128125,0.871875,66890.21
1775261469608,2026-04-04T00:11:09.608,btc-updown-15m-1775260800,1775261700,Down,34616237021001802473186228217637203990236186395104119946554985214552396583452,72652542234871127445865013381104523037021159128556364009146823631166084138209,0.02,0.03,511.61,4093.51,0.01,0.97,0.98,4093.51,511.61,0.01,0.025,0.975,0.888904,0.111096,66890.21
1775261470608,2026-04-04T00:11:10.608,btc-updown-15m-1775260800,1775261700,Down,34616237021001802473186228217637203990236186395104119946554985214552396583452,72652542234871127445865013381104523037021159128556364009146823631166084138209,0.02,0.03,673.24,4079.8,0.01,0.97,0.98,4079.8,673.24,0.01,0.025,0.975,0.858356,0.141644,66890.21
1775261471609,2026-04-04T00:11:11.609,btc-updown-15m-1775260800,1775261700,Down,34616237021001802473186228217637203990236186395104119946554985214552396583452,72652542234871127445865013381104523037021159128556364009146823631166084138209,0.02,0.03,683.24,3972.96,0.01,0.97,0.98,3972.96,683.24,0.01,0.025,0.975,0.853262,0.146738,66890.21
1775261472610,2026-04-04T00:11:12.610,btc-updown-15m-1775260800,1775261700,Down,34616237021001802473186228217637203990236186395104119946554985214552396583452,72652542234871127445865013381104523037021159128556364009146823631166084138209,0.02,0.03,693.24,3962.91,0.01,0.97,0.98,3962.91,693.24,0.01,0.025,0.975,0.851113,0.148887,66890.21
1775261473610,2026-04-04T00:11:13.610,btc-updown-15m-1775260800,1775261700,Down,34616237021001802473186228217637203990236186395104119946554985214552396583452,72652542234871127445865013381104523037021159128556364009146823631166084138209,0.02,0.03,665.32,3936.26,0.01,0.97,0.98,3936.26,665.32,0.01,0.025,0.975,0.855415,0.144585,66890.21
1775261474612,2026-04-04T00:11:14.612,btc-updown-15m-1775260800,1775261700,Down,34616237021001802473186228217637203990236186395104119946554985214552396583452,72652542234871127445865013381104523037021159128556364009146823631166084138209,0.02,0.03,665.32,3916.26,0.01,0.97,0.98,3916.26,665.32,0.01,0.025,0.975,0.854784,0.145216,66890.21
1775261475613,2026-04-04T00:11:15.613,btc-updown-15m-1775260800,1775261700,Down,34616237021001802473186228217637203990236186395104119946554985214552396583452,72652542234871127445865013381104523037021159128556364009146823631166084138209,0.02,0.03,715.63,3806.53,0.01,0.97,0.98,3806.53,715.63,0.01,0.025,0.975,0.84175,0.15825,66890.2
1775261476614,2026-04-04T00:11:16.614,btc-updown-15m-1775260800,1775261700,Down,34616237021001802473186228217637203990236186395104119946554985214552396583452,72652542234871127445865013381104523037021159128556364009146823631166084138209,0.02,0.03,715.63,3786.53,0.01,0.97,0.98,3786.53,715.63,0.01,0.025,0.975,0.841047,0.158953,66890.2
1775261477614,2026-04-04T00:11:17.614,btc-updown-15m-1775260800,1775261700,Down,34616237021001802473186228217637203990236186395104119946554985214552396583452,72652542234871127445865013381104523037021159128556364009146823631166084138209,0.02,0.03,735.63,3736.19,0.01,0.97,0.98,3736.19,735.63,0.01,0.025,0.975,0.835497,0.164503,66890.2
1775261478615,2026-04-04T00:11:18.615,btc-updown-15m-1775260800,1775261700,Down,34616237021001802473186228217637203990236186395104119946554985214552396583452,72652542234871127445865013381104523037021159128556364009146823631166084138209,0.02,0.03,871.67,3796.19,0.01,0.97,0.98,3796.19,871.67,0.01,0.025,0.975,0.813261,0.186739,66890.21
1775261479616,2026-04-04T00:11:19.616,btc-updown-15m-1775260800,1775261700,Down,34616237021001802473186228217637203990236186395104119946554985214552396583452,72652542234871127445865013381104523037021159128556364009146823631166084138209,0.02,0.03,724.33,3457.46,0.01,0.97,0.98,3457.46,724.33,0.01,0.025,0.975,0.826789,0.173211,66890.21
1775261480616,2026-04-04T00:11:20.616,btc-updown-15m-1775260800,1775261700,Down,34616237021001802473186228217637203990236186395104119946554985214552396583452,72652542234871127445865013381104523037021159128556364009146823631166084138209,0.02,0.03,737.84,3378.76,0.01,0.97,0.98,3378.76,737.84,0.01,0.025,0.975,0.820765,0.179235,66890.21
1775261481617,2026-04-04T00:11:21.617,btc-updown-15m-1775260800,1775261700,Down,34616237021001802473186228217637203990236186395104119946554985214552396583452,72652542234871127445865013381104523037021159128556364009146823631166084138209,0.02,0.03,722.84,3357.73,0.01,0.97,0.98,3357.73,722.84,0.01,0.025,0.975,0.822858,0.177142,66890.2
1775261482618,2026-04-04T00:11:22.618,btc-updown-15m-1775260800,1775261700,Down,34616237021001802473186228217637203990236186395104119946554985214552396583452,72652542234871127445865013381104523037021159128556364009146823631166084138209,0.02,0.03,747.84,3260.41,0.01,0.97,0.98,3260.41,747.84,0.01,0.025,0.975,0.813425,0.186575,66890.2
1775261483619,2026-04-04T00:11:23.619,btc-updown-15m-1775260800,1775261700,Down,34616237021001802473186228217637203990236186395104119946554985214552396583452,72652542234871127445865013381104523037021159128556364009146823631166084138209,0.02,0.03,757.84,3259.38,0.01,0.97,0.98,3259.38,757.84,0.01,0.025,0.975,0.811352,0.188648,66890.2
1775261484620,2026-04-04T00:11:24.620,btc-updown-15m-1775260800,1775261700,Down,34616237021001802473186228217637203990236186395104119946554985214552396583452,72652542234871127445865013381104523037021159128556364009146823631166084138209,0.02,0.03,792.84,3238.35,0.01,0.97,0.98,3238.35,792.84,0.01,0.025,0.975,0.803324,0.196676,66890.2
1775261485621,2026-04-04T00:11:25.621,btc-updown-15m-1775260800,1775261700,Down,34616237021001802473186228217637203990236186395104119946554985214552396583452,72652542234871127445865013381104523037021159128556364009146823631166084138209,0.02,0.03,855.17,3218.35,0.01,0.97,0.98,3218.35,855.17,0.01,0.025,0.975,0.790066,0.209934,66890.2
1775261486621,2026-04-04T00:11:26.621,btc-updown-15m-1775260800,1775261700,Down,34616237021001802473186228217637203990236186395104119946554985214552396583452,72652542234871127445865013381104523037021159128556364009146823631166084138209,0.02,0.03,841.83,3218.35,0.01,0.97,0.98,3218.35,841.83,0.01,0.025,0.975,0.792662,0.207338,66890.2
1775261487622,2026-04-04T00:11:27.622,btc-updown-15m-1775260800,1775261700,Down,34616237021001802473186228217637203990236186395104119946554985214552396583452,72652542234871127445865013381104523037021159128556364009146823631166084138209,0.02,0.03,949.73,3215.43,0.01,0.97,0.98,3215.43,949.73,0.01,0.025,0.975,0.771982,0.228018,66890.21
1775261488623,2026-04-04T00:11:28.623,btc-updown-15m-1775260800,1775261700,Down,34616237021001802473186228217637203990236186395104119946554985214552396583452,72652542234871127445865013381104523037021159128556364009146823631166084138209,0.02,0.03,964.73,3194.4,0.01,0.97,0.98,3194.4,964.73,0.01,0.025,0.975,0.768045,0.231955,66890.21
1775261489624,2026-04-04T00:11:29.624,btc-updown-15m-1775260800,1775261700,Down,34616237021001802473186228217637203990236186395104119946554985214552396583452,72652542234871127445865013381104523037021159128556364009146823631166084138209,0.02,0.03,964.73,3193.37,0.01,0.97,0.98,3193.37,964.73,0.01,0.025,0.975,0.767988,0.232012,66890.21
1775261490625,2026-04-04T00:11:30.625,btc-updown-15m-1775260800,1775261700,Down,34616237021001802473186228217637203990236186395104119946554985214552396583452,72652542234871127445865013381104523037021159128556364009146823631166084138209,0.02,0.03,1035.2,3167.25,0.01,0.97,0.98,3167.25,1035.2,0.01,0.025,0.975,0.753668,0.246332,66890.21
1775261491626,2026-04-04T00:11:31.626,btc-updown-15m-1775260800,1775261700,Down,34616237021001802473186228217637203990236186395104119946554985214552396583452,72652542234871127445865013381104523037021159128556364009146823631166084138209,0.02,0.03,1045.2,3096.53,0.01,0.97,0.98,3096.53,1045.2,0.01,0.025,0.975,0.747642,0.252358,66890.21
1775261492627,2026-04-04T00:11:32.627,btc-updown-15m-1775260800,1775261700,Down,34616237021001802473186228217637203990236186395104119946554985214552396583452,72652542234871127445865013381104523037021159128556364009146823631166084138209,0.02,0.03,769.32,3188.13,0.01,0.97,0.98,3188.13,769.32,0.01,0.025,0.975,0.805602,0.194398,66890.21
1775261493628,2026-04-04T00:11:33.628,btc-updown-15m-1775260800,1775261700,Down,34616237021001802473186228217637203990236186395104119946554985214552396583452,72652542234871127445865013381104523037021159128556364009146823631166084138209,0.02,0.03,769.32,3188.13,0.01,0.97,0.98,3188.13,769.32,0.01,0.025,0.975,0.805602,0.194398,66896.04
1775261494629,2026-04-04T00:11:34.629,btc-updown-15m-1775260800,1775261700,Down,34616237021001802473186228217637203990236186395104119946554985214552396583452,72652542234871127445865013381104523037021159128556364009146823631166084138209,0.02,0.03,769.32,3188.13,0.01,0.97,0.98,3188.13,769.32,0.01,0.025,0.975,0.805602,0.194398,66896.04
1775261495631,2026-04-04T00:11:35.631,btc-updown-15m-1775260800,1775261700,Down,34616237021001802473186228217637203990236186395104119946554985214552396583452,72652542234871127445865013381104523037021159128556364009146823631166084138209,0.02,0.03,698.28,3272.97,0.01,0.97,0.98,3272.97,698.28,0.01,0.025,0.975,0.824166,0.175834,66896.04
1775261496632,2026-04-04T00:11:36.632,btc-updown-15m-1775260800,1775261700,Down,34616237021001802473186228217637203990236186395104119946554985214552396583452,72652542234871127445865013381104523037021159128556364009146823631166084138209,0.02,0.03,698.28,3272.97,0.01,0.97,0.98,3272.97,698.28,0.01,0.025,0.975,0.824166,0.175834,66896.05
1775261497633,2026-04-04T00:11:37.633,btc-updown-15m-1775260800,1775261700,Down,34616237021001802473186228217637203990236186395104119946554985214552396583452,72652542234871127445865013381104523037021159128556364009146823631166084138209,0.02,0.03,698.28,3272.97,0.01,0.97,0.98,3272.97,698.28,0.01,0.025,0.975,0.824166,0.175834,66896.05
1775261498634,2026-04-04T00:11:38.634,btc-updown-15m-1775260800,1775261700,Down,34616237021001802473186228217637203990236186395104119946554985214552396583452,72652542234871127445865013381104523037021159128556364009146823631166084138209,0.02,0.03,698.28,3272.97,0.01,0.97,0.98,3272.97,698.28,0.01,0.025,0.975,0.824166,0.175834,66896.05
1775261499634,2026-04-04T00:11:39.634,btc-updown-15m-1775260800,1775261700,Down,34616237021001802473186228217637203990236186395104119946554985214552396583452,72652542234871127445865013381104523037021159128556364009146823631166084138209,0.02,0.03,614.98,3271.58,0.01,0.97,0.98,3271.58,614.98,0.01,0.025,0.975,0.841768,0.158232,66896.04
1775261500636,2026-04-04T00:11:40.636,btc-updown-15m-1775260800,1775261700,Down,34616237021001802473186228217637203990236186395104119946554985214552396583452,72652542234871127445865013381104523037021159128556364009146823631166084138209,0.02,0.03,614.98,3271.58,0.01,0.97,0.98,3271.58,614.98,0.01,0.025,0.975,0.841768,0.158232,66896.04
1775261501636,2026-04-04T00:11:41.636,btc-updown-15m-1775260800,1775261700,Down,34616237021001802473186228217637203990236186395104119946554985214552396583452,72652542234871127445865013381104523037021159128556364009146823631166084138209,0.02,0.03,614.98,3271.58,0.01,0.97,0.98,3271.58,614.98,0.01,0.025,0.975,0.841768,0.158232,66896.04
1775261502637,2026-04-04T00:11:42.637,btc-updown-15m-1775260800,1775261700,Down,34616237021001802473186228217637203990236186395104119946554985214552396583452,72652542234871127445865013381104523037021159128556364009146823631166084138209,0.02,0.03,614.98,3271.58,0.01,0.97,0.98,3271.58,614.98,0.01,0.025,0.975,0.841768,0.158232,66896.05
1775261503637,2026-04-04T00:11:43.637,btc-updown-15m-1775260800,1775261700,Down,34616237021001802473186228217637203990236186395104119946554985214552396583452,72652542234871127445865013381104523037021159128556364009146823631166084138209,0.02,0.03,621.33,3301.58,0.01,0.97,0.98,3301.58,621.33,0.01,0.025,0.975,0.841615,0.158385,66896.05
1775261504638,2026-04-04T00:11:44.638,btc-updown-15m-1775260800,1775261700,Down,34616237021001802473186228217637203990236186395104119946554985214552396583452,72652542234871127445865013381104523037021159128556364009146823631166084138209,0.02,0.03,621.33,3301.58,0.01,0.97,0.98,3301.58,621.33,0.01,0.025,0.975,0.841615,0.158385,66896.05
1775261505639,2026-04-04T00:11:45.639,btc-updown-15m-1775260800,1775261700,Down,34616237021001802473186228217637203990236186395104119946554985214552396583452,72652542234871127445865013381104523037021159128556364009146823631166084138209,0.02,0.03,621.33,3301.58,0.01,0.97,0.98,3301.58,621.33,0.01,0.025,0.975,0.841615,0.158385,66904.28
1775261506639,2026-04-04T00:11:46.639,btc-updown-15m-1775260800,1775261700,Down,34616237021001802473186228217637203990236186395104119946554985214552396583452,72652542234871127445865013381104523037021159128556364009146823631166084138209,0.02,0.03,483.64,3321.36,0.01,0.97,0.98,3321.36,483.64,0.01,0.025,0.975,0.872894,0.127106,66904.28
1775261507641,2026-04-04T00:11:47.641,btc-updown-15m-1775260800,1775261700,Down,34616237021001802473186228217637203990236186395104119946554985214552396583452,72652542234871127445865013381104523037021159128556364009146823631166084138209,0.02,0.03,452.27,3321.36,0.01,0.97,0.98,3321.36,452.27,0.01,0.025,0.975,0.88015,0.11985,66904.28
1775261508642,2026-04-04T00:11:48.642,btc-updown-15m-1775260800,1775261700,Down,34616237021001802473186228217637203990236186395104119946554985214552396583452,72652542234871127445865013381104523037021159128556364009146823631166084138209,0.02,0.03,452.27,3321.36,0.01,0.97,0.98,3321.36,452.27,0.01,0.025,0.975,0.88015,0.11985,66904.28
1775261509644,2026-04-04T00:11:49.644,btc-updown-15m-1775260800,1775261700,Down,34616237021001802473186228217637203990236186395104119946554985214552396583452,72652542234871127445865013381104523037021159128556364009146823631166084138209,0.02,0.03,452.27,3321.36,0.01,0.97,0.98,3321.36,452.27,0.01,0.025,0.975,0.88015,0.11985,66904.28
1775261510645,2026-04-04T00:11:50.645,btc-updown-15m-1775260800,1775261700,Down,34616237021001802473186228217637203990236186395104119946554985214552396583452,72652542234871127445865013381104523037021159128556364009146823631166084138209,0.02,0.03,496.27,3275.15,0.01,0.97,0.98,3275.15,496.27,0.01,0.025,0.975,0.868413,0.131587,66904.28
1775261511647,2026-04-04T00:11:51.647,btc-updown-15m-1775260800,1775261700,Down,34616237021001802473186228217637203990236186395104119946554985214552396583452,72652542234871127445865013381104523037021159128556364009146823631166084138209,0.02,0.03,496.27,3275.15,0.01,0.97,0.98,3275.15,496.27,0.01,0.025,0.975,0.868413,0.131587,66904.29
1775261512648,2026-04-04T00:11:52.648,btc-updown-15m-1775260800,1775261700,Down,34616237021001802473186228217637203990236186395104119946554985214552396583452,72652542234871127445865013381104523037021159128556364009146823631166084138209,0.02,0.03,496.27,3275.15,0.01,0.97,0.98,3275.15,496.27,0.01,0.025,0.975,0.868413,0.131587,66904.29
1775261513648,2026-04-04T00:11:53.648,btc-updown-15m-1775260800,1775261700,Down,34616237021001802473186228217637203990236186395104119946554985214552396583452,72652542234871127445865013381104523037021159128556364009146823631166084138209,0.02,0.03,382.27,3147.15,0.01,0.97,0.98,3147.15,382.27,0.01,0.025,0.975,0.89169,0.10831,66904.29
1775261514649,2026-04-04T00:11:54.649,btc-updown-15m-1775260800,1775261700,Down,34616237021001802473186228217637203990236186395104119946554985214552396583452,72652542234871127445865013381104523037021159128556364009146823631166084138209,0.02,0.03,382.27,3147.15,0.01,0.97,0.98,3147.15,382.27,0.01,0.025,0.975,0.89169,0.10831,66904.28
1775261515650,2026-04-04T00:11:55.650,btc-updown-15m-1775260800,1775261700,Down,34616237021001802473186228217637203990236186395104119946554985214552396583452,72652542234871127445865013381104523037021159128556364009146823631166084138209,0.02,0.03,382.27,3116.15,0.01,0.97,0.98,3116.15,382.27,0.01,0.025,0.975,0.890731,0.109269,66904.28
1775261516652,2026-04-04T00:11:56.652,btc-updown-15m-1775260800,1775261700,Down,34616237021001802473186228217637203990236186395104119946554985214552396583452,72652542234871127445865013381104523037021159128556364009146823631166084138209,0.02,0.03,382.27,3116.15,0.01,0.97,0.98,3116.15,382.27,0.01,0.025,0.975,0.890731,0.109269,66904.28
1775261517652,2026-04-04T00:11:57.652,btc-updown-15m-1775260800,1775261700,Down,34616237021001802473186228217637203990236186395104119946554985214552396583452,72652542234871127445865013381104523037021159128556364009146823631166084138209,0.02,0.03,382.27,3116.15,0.01,0.97,0.98,3116.15,382.27,0.01,0.025,0.975,0.890731,0.109269,66904.29
1775261518653,2026-04-04T00:11:58.653,btc-updown-15m-1775260800,1775261700,Down,34616237021001802473186228217637203990236186395104119946554985214552396583452,72652542234871127445865013381104523037021159128556364009146823631166084138209,0.02,0.03,356.33,3004.15,0.01,0.97,0.98,3004.15,356.33,0.01,0.025,0.975,0.893965,0.106035,66904.29
1775261519655,2026-04-04T00:11:59.655,btc-updown-15m-1775260800,1775261700,Down,34616237021001802473186228217637203990236186395104119946554985214552396583452,72652542234871127445865013381104523037021159128556364009146823631166084138209,0.02,0.03,356.33,3004.15,0.01,0.97,0.98,3004.15,356.33,0.01,0.025,0.975,0.893965,0.106035,66904.29
1775261520656,2026-04-04T00:12:00.656,btc-updown-15m-1775260800,1775261700,Down,34616237021001802473186228217637203990236186395104119946554985214552396583452,72652542234871127445865013381104523037021159128556364009146823631166084138209,0.02,0.03,356.33,2933.43,0.01,0.97,0.98,2933.43,356.33,0.01,0.025,0.975,0.891685,0.108315,66904.29
1775261521657,2026-04-04T00:12:01.657,btc-updown-15m-1775260800,1775261700,Down,34616237021001802473186228217637203990236186395104119946554985214552396583452,72652542234871127445865013381104523037021159128556364009146823631166084138209,0.02,0.03,356.33,2933.43,0.01,0.97,0.98,2933.43,356.33,0.01,0.025,0.975,0.891685,0.108315,66904.29
1775261522658,2026-04-04T00:12:02.658,btc-updown-15m-1775260800,1775261700,Down,34616237021001802473186228217637203990236186395104119946554985214552396583452,72652542234871127445865013381104523037021159128556364009146823631166084138209,0.02,0.03,356.33,2933.43,0.01,0.97,0.98,2933.43,356.33,0.01,0.025,0.975,0.891685,0.108315,66904.29
1775261523659,2026-04-04T00:12:03.659,btc-updown-15m-1775260800,1775261700,Down,34616237021001802473186228217637203990236186395104119946554985214552396583452,72652542234871127445865013381104523037021159128556364009146823631166084138209,0.02,0.03,531.05,2756.43,0.01,0.97,0.98,2756.43,531.05,0.01,0.025,0.975,0.838463,0.161537,66901.72
1775261524659,2026-04-04T00:12:04.659,btc-updown-15m-1775260800,1775261700,Down,34616237021001802473186228217637203990236186395104119946554985214552396583452,72652542234871127445865013381104523037021159128556364009146823631166084138209,0.02,0.03,497.71,2784.43,0.01,0.97,0.98,2784.43,497.71,0.01,0.025,0.975,0.848358,0.151642,66901.72
1775261525661,2026-04-04T00:12:05.661,btc-updown-15m-1775260800,1775261700,Down,34616237021001802473186228217637203990236186395104119946554985214552396583452,72652542234871127445865013381104523037021159128556364009146823631166084138209,0.02,0.03,497.71,2784.43,0.01,0.97,0.98,2784.43,497.71,0.01,0.025,0.975,0.848358,0.151642,66901.72
1775261526661,2026-04-04T00:12:06.661,btc-updown-15m-1775260800,1775261700,Down,34616237021001802473186228217637203990236186395104119946554985214552396583452,72652542234871127445865013381104523037021159128556364009146823631166084138209,0.02,0.03,364.52,1992.43,0.01,0.97,0.98,1992.43,364.52,0.01,0.025,0.975,0.845342,0.154658,66901.73
1775261527662,2026-04-04T00:12:07.662,btc-updown-15m-1775260800,1775261700,Down,34616237021001802473186228217637203990236186395104119946554985214552396583452,72652542234871127445865013381104523037021159128556364009146823631166084138209,0.02,0.03,364.52,2041.4,0.01,0.97,0.98,2041.4,364.52,0.01,0.025,0.975,0.84849,0.15151,66901.73
1775261528663,2026-04-04T00:12:08.663,btc-updown-15m-1775260800,1775261700,Down,34616237021001802473186228217637203990236186395104119946554985214552396583452,72652542234871127445865013381104523037021159128556364009146823631166084138209,0.02,0.03,364.52,986.4,0.01,0.97,0.98,986.4,364.52,0.01,0.025,0.975,0.730169,0.269831,66901.73
1775261529663,2026-04-04T00:12:09.663,btc-updown-15m-1775260800,1775261700,Down,34616237021001802473186228217637203990236186395104119946554985214552396583452,72652542234871127445865013381104523037021159128556364009146823631166084138209,0.02,0.03,364.52,986.4,0.01,0.97,0.98,986.4,364.52,0.01,0.025,0.975,0.730169,0.269831,66901.73
1775261530664,2026-04-04T00:12:10.664,btc-updown-15m-1775260800,1775261700,Down,34616237021001802473186228217637203990236186395104119946554985214552396583452,72652542234871127445865013381104523037021159128556364009146823631166084138209,0.02,0.03,370.4,965.27,0.01,0.97,0.98,965.27,370.4,0.01,0.025,0.975,0.722686,0.277314,66901.73
1775261531664,2026-04-04T00:12:11.664,btc-updown-15m-1775260800,1775261700,Down,34616237021001802473186228217637203990236186395104119946554985214552396583452,72652542234871127445865013381104523037021159128556364009146823631166084138209,0.02,0.03,370.4,965.27,0.01,0.97,0.98,965.27,370.4,0.01,0.025,0.975,0.722686,0.277314,66901.73
1775261532666,2026-04-04T00:12:12.666,btc-updown-15m-1775260800,1775261700,Down,34616237021001802473186228217637203990236186395104119946554985214552396583452,72652542234871127445865013381104523037021159128556364009146823631166084138209,0.02,0.03,370.4,845.26,0.01,0.97,0.98,845.26,370.4,0.01,0.025,0.975,0.69531,0.30469,66901.73
1775261533668,2026-04-04T00:12:13.668,btc-updown-15m-1775260800,1775261700,Down,34616237021001802473186228217637203990236186395104119946554985214552396583452,72652542234871127445865013381104523037021159128556364009146823631166084138209,0.02,0.03,370.4,845.26,0.01,0.97,0.98,845.26,370.4,0.01,0.025,0.975,0.69531,0.30469,66901.73
1775261534668,2026-04-04T00:12:14.668,btc-updown-15m-1775260800,1775261700,Down,34616237021001802473186228217637203990236186395104119946554985214552396583452,72652542234871127445865013381104523037021159128556364009146823631166084138209,0.02,0.03,370.4,595.26,0.01,0.97,0.98,595.26,370.4,0.01,0.025,0.975,0.616428,0.383572,66901.73
1775261535669,2026-04-04T00:12:15.669,btc-updown-15m-1775260800,1775261700,Down,34616237021001802473186228217637203990236186395104119946554985214552396583452,72652542234871127445865013381104523037021159128556364009146823631166084138209,0.02,0.03,369.1,595.26,0.01,0.97,0.98,595.26,369.1,0.01,0.025,0.975,0.617259,0.382741,66901.73
1775261536670,2026-04-04T00:12:16.670,btc-updown-15m-1775260800,1775261700,Down,34616237021001802473186228217637203990236186395104119946554985214552396583452,72652542234871127445865013381104523037021159128556364009146823631166084138209,0.02,0.03,369.1,595.26,0.01,0.97,0.98,595.26,369.1,0.01,0.025,0.975,0.617259,0.382741,66901.73
1775261537671,2026-04-04T00:12:17.671,btc-updown-15m-1775260800,1775261700,Down,34616237021001802473186228217637203990236186395104119946554985214552396583452,72652542234871127445865013381104523037021159128556364009146823631166084138209,0.02,0.03,369.1,595.26,0.01,0.97,0.98,595.26,369.1,0.01,0.025,0.975,0.617259,0.382741,66901.73
1775261538672,2026-04-04T00:12:18.672,btc-updown-15m-1775260800,1775261700,Down,34616237021001802473186228217637203990236186395104119946554985214552396583452,72652542234871127445865013381104523037021159128556364009146823631166084138209,0.02,0.03,369.1,547.51,0.01,0.97,0.98,547.51,369.1,0.01,0.025,0.975,0.597321,0.402679,66901.73
1775261539674,2026-04-04T00:12:19.674,btc-updown-15m-1775260800,1775261700,Down,34616237021001802473186228217637203990236186395104119946554985214552396583452,72652542234871127445865013381104523037021159128556364009146823631166084138209,0.02,0.03,364.1,277.87,0.01,0.97,0.98,277.87,364.1,0.01,0.025,0.975,0.43284,0.56716,66901.73
1775261540674,2026-04-04T00:12:20.674,btc-updown-15m-1775260800,1775261700,Down,34616237021001802473186228217637203990236186395104119946554985214552396583452,72652542234871127445865013381104523037021159128556364009146823631166084138209,0.02,0.03,462.97,17.7,0.01,0.97,0.98,17.7,462.97,0.01,0.025,0.975,0.036824,0.963176,66901.73
1775261541675,2026-04-04T00:12:21.675,btc-updown-15m-1775260800,1775261700,Down,34616237021001802473186228217637203990236186395104119946554985214552396583452,72652542234871127445865013381104523037021159128556364009146823631166084138209,0.01,0.02,506.89,12649.0,0.01,0.98,0.99,12649.0,506.89,0.01,0.015,0.985,0.96147,0.03853,66901.73
1775261542676,2026-04-04T00:12:22.676,btc-updown-15m-1775260800,1775261700,Down,34616237021001802473186228217637203990236186395104119946554985214552396583452,72652542234871127445865013381104523037021159128556364009146823631166084138209,0.01,0.02,747.03,12633.99,0.01,0.98,0.99,12633.99,747.03,0.01,0.015,0.985,0.944172,0.055828,66901.73
1775261543676,2026-04-04T00:12:23.676,btc-updown-15m-1775260800,1775261700,Down,34616237021001802473186228217637203990236186395104119946554985214552396583452,72652542234871127445865013381104523037021159128556364009146823631166084138209,0.01,0.02,1038.87,12527.93,0.01,0.98,0.99,12527.93,1038.87,0.01,0.015,0.985,0.923426,0.076574,66901.73
1775261544678,2026-04-04T00:12:24.678,btc-updown-15m-1775260800,1775261700,Down,34616237021001802473186228217637203990236186395104119946554985214552396583452,72652542234871127445865013381104523037021159128556364009146823631166084138209,0.01,0.02,859.0,12269.6,0.01,0.98,0.99,12269.6,859.0,0.01,0.015,0.985,0.93457,0.06543,66901.73
1775261545678,2026-04-04T00:12:25.678,btc-updown-15m-1775260800,1775261700,Down,34616237021001802473186228217637203990236186395104119946554985214552396583452,72652542234871127445865013381104523037021159128556364009146823631166084138209,0.01,0.02,946.16,12267.11,0.01,0.98,0.99,12267.11,946.16,0.01,0.015,0.985,0.928393,0.071607,66901.73
1775261546679,2026-04-04T00:12:26.679,btc-updown-15m-1775260800,1775261700,Down,34616237021001802473186228217637203990236186395104119946554985214552396583452,72652542234871127445865013381104523037021159128556364009146823631166084138209,0.01,0.02,946.16,12267.11,0.01,0.98,0.99,12267.11,946.16,0.01,0.015,0.985,0.928393,0.071607,66901.73
1775261547679,2026-04-04T00:12:27.679,btc-updown-15m-1775260800,1775261700,Down,34616237021001802473186228217637203990236186395104119946554985214552396583452,72652542234871127445865013381104523037021159128556364009146823631166084138209,0.01,0.02,946.16,12267.11,0.01,0.98,0.99,12267.11,946.16,0.01,0.015,0.985,0.928393,0.071607,66901.73
1775261548680,2026-04-04T00:12:28.680,btc-updown-15m-1775260800,1775261700,Down,34616237021001802473186228217637203990236186395104119946554985214552396583452,72652542234871127445865013381104523037021159128556364009146823631166084138209,0.01,0.02,946.16,12267.11,0.01,0.98,0.99,12267.11,946.16,0.01,0.015,0.985,0.928393,0.071607,66901.73
1775261549681,2026-04-04T00:12:29.681,btc-updown-15m-1775260800,1775261700,Down,34616237021001802473186228217637203990236186395104119946554985214552396583452,72652542234871127445865013381104523037021159128556364009146823631166084138209,0.01,0.02,1085.03,12475.18,0.01,0.98,0.99,12475.18,1085.03,0.01,0.015,0.985,0.919984,0.080016,66901.73
1775261550681,2026-04-04T00:12:30.681,btc-updown-15m-1775260800,1775261700,Down,34616237021001802473186228217637203990236186395104119946554985214552396583452,72652542234871127445865013381104523037021159128556364009146823631166084138209,0.01,0.02,924.81,12368.37,0.01,0.98,0.99,12368.37,924.81,0.01,0.015,0.985,0.93043,0.06957,66904.29
1775261551682,2026-04-04T00:12:31.682,btc-updown-15m-1775260800,1775261700,Down,34616237021001802473186228217637203990236186395104119946554985214552396583452,72652542234871127445865013381104523037021159128556364009146823631166084138209,0.01,0.02,900.61,12368.37,0.01,0.98,0.99,12368.37,900.61,0.01,0.015,0.985,0.932127,0.067873,66904.29
1775261552684,2026-04-04T00:12:32.684,btc-updown-15m-1775260800,1775261700,Down,34616237021001802473186228217637203990236186395104119946554985214552396583452,72652542234871127445865013381104523037021159128556364009146823631166084138209,0.01,0.02,894.73,12457.37,0.01,0.98,0.99,12457.37,894.73,0.01,0.015,0.985,0.93299,0.06701,66904.29
1775261553685,2026-04-04T00:12:33.685,btc-updown-15m-1775260800,1775261700,Down,34616237021001802473186228217637203990236186395104119946554985214552396583452,72652542234871127445865013381104523037021159128556364009146823631166084138209,0.01,0.02,894.73,12457.37,0.01,0.98,0.99,12457.37,894.73,0.01,0.015,0.985,0.93299,0.06701,66904.29
1775261554686,2026-04-04T00:12:34.686,btc-updown-15m-1775260800,1775261700,Down,34616237021001802473186228217637203990236186395104119946554985214552396583452,72652542234871127445865013381104523037021159128556364009146823631166084138209,0.01,0.02,894.73,12457.37,0.01,0.98,0.99,12457.37,894.73,0.01,0.015,0.985,0.93299,0.06701,66904.29
1775261555686,2026-04-04T00:12:35.686,btc-updown-15m-1775260800,1775261700,Down,34616237021001802473186228217637203990236186395104119946554985214552396583452,72652542234871127445865013381104523037021159128556364009146823631166084138209,0.01,0.02,894.73,12457.37,0.01,0.98,0.99,12457.37,894.73,0.01,0.015,0.985,0.93299,0.06701,66904.29
1775261556687,2026-04-04T00:12:36.687,btc-updown-15m-1775260800,1775261700,Down,34616237021001802473186228217637203990236186395104119946554985214552396583452,72652542234871127445865013381104523037021159128556364009146823631166084138209,0.01,0.02,774.73,12457.37,0.01,0.98,0.99,12457.37,774.73,0.01,0.015,0.985,0.941451,0.058549,66908.54
1775261557688,2026-04-04T00:12:37.688,btc-updown-15m-1775260800,1775261700,Down,34616237021001802473186228217637203990236186395104119946554985214552396583452,72652542234871127445865013381104523037021159128556364009146823631166084138209,0.01,0.02,712.73,12613.23,0.01,0.98,0.99,12613.23,712.73,0.01,0.015,0.985,0.946516,0.053484,66908.54
1775261558688,2026-04-04T00:12:38.688,btc-updown-15m-1775260800,1775261700,Down,34616237021001802473186228217637203990236186395104119946554985214552396583452,72652542234871127445865013381104523037021159128556364009146823631166084138209,0.01,0.02,539.73,12719.23,0.01,0.98,0.99,12719.23,539.73,0.01,0.015,0.985,0.959293,0.040707,66908.54
1775261559690,2026-04-04T00:12:39.690,btc-updown-15m-1775260800,1775261700,Down,34616237021001802473186228217637203990236186395104119946554985214552396583452,72652542234871127445865013381104523037021159128556364009146823631166084138209,0.01,0.02,539.73,12719.23,0.01,0.98,0.99,12719.23,539.73,0.01,0.015,0.985,0.959293,0.040707,66912.06
1775261560691,2026-04-04T00:12:40.691,btc-updown-15m-1775260800,1775261700,Down,34616237021001802473186228217637203990236186395104119946554985214552396583452,72652542234871127445865013381104523037021159128556364009146823631166084138209,0.01,0.02,539.73,12719.23,0.01,0.98,0.99,12719.23,539.73,0.01,0.015,0.985,0.959293,0.040707,66912.06
1775261561692,2026-04-04T00:12:41.692,btc-updown-15m-1775260800,1775261700,Down,34616237021001802473186228217637203990236186395104119946554985214552396583452,72652542234871127445865013381104523037021159128556364009146823631166084138209,0.01,0.02,445.73,12645.35,0.01,0.98,0.99,12645.35,445.73,0.01,0.015,0.985,0.965952,0.034048,66912.06
1775261562692,2026-04-04T00:12:42.692,btc-updown-15m-1775260800,1775261700,Down,34616237021001802473186228217637203990236186395104119946554985214552396583452,72652542234871127445865013381104523037021159128556364009146823631166084138209,0.01,0.02,445.73,12558.12,0.01,0.98,0.99,12558.12,445.73,0.01,0.015,0.985,0.965723,0.034277,66912.06
1775261563693,2026-04-04T00:12:43.693,btc-updown-15m-1775260800,1775261700,Down,34616237021001802473186228217637203990236186395104119946554985214552396583452,72652542234871127445865013381104523037021159128556364009146823631166084138209,0.01,0.02,445.73,12558.12,0.01,0.98,0.99,12558.12,445.73,0.01,0.015,0.985,0.965723,0.034277,66912.06
1775261564694,2026-04-04T00:12:44.694,btc-updown-15m-1775260800,1775261700,Down,34616237021001802473186228217637203990236186395104119946554985214552396583452,72652542234871127445865013381104523037021159128556364009146823631166084138209,0.01,0.02,445.73,12558.12,0.01,0.98,0.99,12558.12,445.73,0.01,0.015,0.985,0.965723,0.034277,66912.06
1775261565695,2026-04-04T00:12:45.695,btc-updown-15m-1775260800,1775261700,Down,34616237021001802473186228217637203990236186395104119946554985214552396583452,72652542234871127445865013381104523037021159128556364009146823631166084138209,0.01,0.02,445.73,12558.12,0.01,0.98,0.99,12558.12,445.73,0.01,0.015,0.985,0.965723,0.034277,66912.07
1775261566696,2026-04-04T00:12:46.696,btc-updown-15m-1775260800,1775261700,Down,34616237021001802473186228217637203990236186395104119946554985214552396583452,72652542234871127445865013381104523037021159128556364009146823631166084138209,0.01,0.02,445.73,12558.12,0.01,0.98,0.99,12558.12,445.73,0.01,0.015,0.985,0.965723,0.034277,66912.07
1775261567697,2026-04-04T00:12:47.697,btc-updown-15m-1775260800,1775261700,Down,34616237021001802473186228217637203990236186395104119946554985214552396583452,72652542234871127445865013381104523037021159128556364009146823631166084138209,0.01,0.02,445.73,12558.12,0.01,0.98,0.99,12558.12,445.73,0.01,0.015,0.985,0.965723,0.034277,66912.07
1775261568697,2026-04-04T00:12:48.697,btc-updown-15m-1775260800,1775261700,Down,34616237021001802473186228217637203990236186395104119946554985214552396583452,72652542234871127445865013381104523037021159128556364009146823631166084138209,0.01,0.02,456.96,12762.86,0.01,0.98,0.99,12762.86,456.96,0.01,0.015,0.985,0.965434,0.034566,66912.06
1775261569698,2026-04-04T00:12:49.698,btc-updown-15m-1775260800,1775261700,Down,34616237021001802473186228217637203990236186395104119946554985214552396583452,72652542234871127445865013381104523037021159128556364009146823631166084138209,0.01,0.02,386.96,12762.86,0.01,0.98,0.99,12762.86,386.96,0.01,0.015,0.985,0.970573,0.029427,66912.06
1775261570699,2026-04-04T00:12:50.699,btc-updown-15m-1775260800,1775261700,Down,34616237021001802473186228217637203990236186395104119946554985214552396583452,72652542234871127445865013381104523037021159128556364009146823631166084138209,0.01,0.02,336.96,12762.86,0.01,0.98,0.99,12762.86,336.96,0.01,0.015,0.985,0.974278,0.025722,66912.06
1775261571699,2026-04-04T00:12:51.699,btc-updown-15m-1775260800,1775261700,Down,34616237021001802473186228217637203990236186395104119946554985214552396583452,72652542234871127445865013381104523037021159128556364009146823631166084138209,0.01,0.02,336.96,12762.86,0.01,0.98,0.99,12762.86,336.96,0.01,0.015,0.985,0.974278,0.025722,66912.06
1775261572700,2026-04-04T00:12:52.700,btc-updown-15m-1775260800,1775261700,Down,34616237021001802473186228217637203990236186395104119946554985214552396583452,72652542234871127445865013381104523037021159128556364009146823631166084138209,0.01,0.02,336.96,12762.86,0.01,0.98,0.99,12762.86,336.96,0.01,0.015,0.985,0.974278,0.025722,66912.06
1775261573700,2026-04-04T00:12:53.700,btc-updown-15m-1775260800,1775261700,Down,34616237021001802473186228217637203990236186395104119946554985214552396583452,72652542234871127445865013381104523037021159128556364009146823631166084138209,0.01,0.02,336.96,12762.86,0.01,0.98,0.99,12762.86,336.96,0.01,0.015,0.985,0.974278,0.025722,66912.06
1775261574702,2026-04-04T00:12:54.702,btc-updown-15m-1775260800,1775261700,Down,34616237021001802473186228217637203990236186395104119946554985214552396583452,72652542234871127445865013381104523037021159128556364009146823631166084138209,0.01,0.02,336.96,12762.86,0.01,0.98,0.99,12762.86,336.96,0.01,0.015,0.985,0.974278,0.025722,66912.06
1775261575702,2026-04-04T00:12:55.702,btc-updown-15m-1775260800,1775261700,Down,34616237021001802473186228217637203990236186395104119946554985214552396583452,72652542234871127445865013381104523037021159128556364009146823631166084138209,0.01,0.02,336.96,12762.86,0.01,0.98,0.99,12762.86,336.96,0.01,0.015,0.985,0.974278,0.025722,66912.06
1775261576703,2026-04-04T00:12:56.703,btc-updown-15m-1775260800,1775261700,Down,34616237021001802473186228217637203990236186395104119946554985214552396583452,72652542234871127445865013381104523037021159128556364009146823631166084138209,0.01,0.02,336.96,12762.86,0.01,0.98,0.99,12762.86,336.96,0.01,0.015,0.985,0.974278,0.025722,66912.06
1775261577704,2026-04-04T00:12:57.704,btc-updown-15m-1775260800,1775261700,Down,34616237021001802473186228217637203990236186395104119946554985214552396583452,72652542234871127445865013381104523037021159128556364009146823631166084138209,0.01,0.02,693.74,12659.86,0.01,0.98,0.99,12659.86,693.74,0.01,0.015,0.985,0.948048,0.051952,66910.98
1775261578704,2026-04-04T00:12:58.704,btc-updown-15m-1775260800,1775261700,Down,34616237021001802473186228217637203990236186395104119946554985214552396583452,72652542234871127445865013381104523037021159128556364009146823631166084138209,0.01,0.02,693.74,12659.86,0.01,0.98,0.99,12659.86,693.74,0.01,0.015,0.985,0.948048,0.051952,66910.98
1775261579705,2026-04-04T00:12:59.705,btc-updown-15m-1775260800,1775261700,Down,34616237021001802473186228217637203990236186395104119946554985214552396583452,72652542234871127445865013381104523037021159128556364009146823631166084138209,0.01,0.02,623.74,12663.9,0.01,0.98,0.99,12663.9,623.74,0.01,0.015,0.985,0.953059,0.046941,66910.98
1775261580705,2026-04-04T00:13:00.705,btc-updown-15m-1775260800,1775261700,Down,34616237021001802473186228217637203990236186395104119946554985214552396583452,72652542234871127445865013381104523037021159128556364009146823631166084138209,0.01,0.02,695.24,12623.29,0.01,0.98,0.99,12623.29,695.24,0.01,0.015,0.985,0.947799,0.052201,66910.98
1775261581706,2026-04-04T00:13:01.706,btc-updown-15m-1775260800,1775261700,Down,34616237021001802473186228217637203990236186395104119946554985214552396583452,72652542234871127445865013381104523037021159128556364009146823631166084138209,0.01,0.02,695.24,12608.19,0.01,0.98,0.99,12608.19,695.24,0.01,0.015,0.985,0.94774,0.05226,66910.98
1775261582706,2026-04-04T00:13:02.706,btc-updown-15m-1775260800,1775261700,Down,34616237021001802473186228217637203990236186395104119946554985214552396583452,72652542234871127445865013381104523037021159128556364009146823631166084138209,0.01,0.02,695.24,11601.48,0.01,0.98,0.99,11601.48,695.24,0.01,0.015,0.985,0.943461,0.056539,66910.98
1775261583707,2026-04-04T00:13:03.707,btc-updown-15m-1775260800,1775261700,Down,34616237021001802473186228217637203990236186395104119946554985214552396583452,72652542234871127445865013381104523037021159128556364009146823631166084138209,0.01,0.02,680.24,11599.95,0.01,0.98,0.99,11599.95,680.24,0.01,0.015,0.985,0.944607,0.055393,66910.97
1775261584708,2026-04-04T00:13:04.708,btc-updown-15m-1775260800,1775261700,Down,34616237021001802473186228217637203990236186395104119946554985214552396583452,72652542234871127445865013381104523037021159128556364009146823631166084138209,0.01,0.02,686.12,11448.19,0.01,0.98,0.99,11448.19,686.12,0.01,0.015,0.985,0.943456,0.056544,66910.97
1775261585708,2026-04-04T00:13:05.708,btc-updown-15m-1775260800,1775261700,Down,34616237021001802473186228217637203990236186395104119946554985214552396583452,72652542234871127445865013381104523037021159128556364009146823631166084138209,0.01,0.02,686.12,11448.19,0.01,0.98,0.99,11448.19,686.12,0.01,0.015,0.985,0.943456,0.056544,66910.97
1775261586709,2026-04-04T00:13:06.709,btc-updown-15m-1775260800,1775261700,Down,34616237021001802473186228217637203990236186395104119946554985214552396583452,72652542234871127445865013381104523037021159128556364009146823631166084138209,0.01,0.02,686.12,11448.19,0.01,0.98,0.99,11448.19,686.12,0.01,0.015,0.985,0.943456,0.056544,66907.71
1775261587709,2026-04-04T00:13:07.709,btc-updown-15m-1775260800,1775261700,Down,34616237021001802473186228217637203990236186395104119946554985214552396583452,72652542234871127445865013381104523037021159128556364009146823631166084138209,0.01,0.02,686.12,11448.19,0.01,0.98,0.99,11448.19,686.12,0.01,0.015,0.985,0.943456,0.056544,66907.71
1775261588710,2026-04-04T00:13:08.710,btc-updown-15m-1775260800,1775261700,Down,34616237021001802473186228217637203990236186395104119946554985214552396583452,72652542234871127445865013381104523037021159128556364009146823631166084138209,0.01,0.02,520.24,11545.19,0.01,0.98,0.99,11545.19,520.24,0.01,0.015,0.985,0.956882,0.043118,66907.71
1775261589710,2026-04-04T00:13:09.710,btc-updown-15m-1775260800,1775261700,Down,34616237021001802473186228217637203990236186395104119946554985214552396583452,72652542234871127445865013381104523037021159128556364009146823631166084138209,0.01,0.02,526.12,11300.19,0.01,0.98,0.99,11300.19,526.12,0.01,0.015,0.985,0.955513,0.044487,66907.7
1775261590710,2026-04-04T00:13:10.710,btc-updown-15m-1775260800,1775261700,Down,34616237021001802473186228217637203990236186395104119946554985214552396583452,72652542234871127445865013381104523037021159128556364009146823631166084138209,0.01,0.02,526.12,11300.19,0.01,0.98,0.99,11300.19,526.12,0.01,0.015,0.985,0.955513,0.044487,66907.7
1775261591710,2026-04-04T00:13:11.710,btc-updown-15m-1775260800,1775261700,Down,34616237021001802473186228217637203990236186395104119946554985214552396583452,72652542234871127445865013381104523037021159128556364009146823631166084138209,0.01,0.02,526.12,11272.95,0.01,0.98,0.99,11272.95,526.12,0.01,0.015,0.985,0.95541,0.04459,66907.7
1775261592711,2026-04-04T00:13:12.711,btc-updown-15m-1775260800,1775261700,Down,34616237021001802473186228217637203990236186395104119946554985214552396583452,72652542234871127445865013381104523037021159128556364009146823631166084138209,0.01,0.02,526.12,11267.95,0.01,0.98,0.99,11267.95,526.12,0.01,0.015,0.985,0.955391,0.044609,66912.07
1775261593711,2026-04-04T00:13:13.711,btc-updown-15m-1775260800,1775261700,Down,34616237021001802473186228217637203990236186395104119946554985214552396583452,72652542234871127445865013381104523037021159128556364009146823631166084138209,0.01,0.02,526.12,11267.95,0.01,0.98,0.99,11267.95,526.12,0.01,0.015,0.985,0.955391,0.044609,66912.07
1775261594713,2026-04-04T00:13:14.713,btc-updown-15m-1775260800,1775261700,Down,34616237021001802473186228217637203990236186395104119946554985214552396583452,72652542234871127445865013381104523037021159128556364009146823631166084138209,0.01,0.02,526.12,11267.95,0.01,0.98,0.99,11267.95,526.12,0.01,0.015,0.985,0.955391,0.044609,66912.07
1775261595714,2026-04-04T00:13:15.714,btc-updown-15m-1775260800,1775261700,Down,34616237021001802473186228217637203990236186395104119946554985214552396583452,72652542234871127445865013381104523037021159128556364009146823631166084138209,0.01,0.02,526.12,11267.95,0.01,0.98,0.99,11267.95,526.12,0.01,0.015,0.985,0.955391,0.044609,66912.07
1775261596715,2026-04-04T00:13:16.715,btc-updown-15m-1775260800,1775261700,Down,34616237021001802473186228217637203990236186395104119946554985214552396583452,72652542234871127445865013381104523037021159128556364009146823631166084138209,0.01,0.02,526.12,11267.95,0.01,0.98,0.99,11267.95,526.12,0.01,0.015,0.985,0.955391,0.044609,66912.07
1775261597717,2026-04-04T00:13:17.717,btc-updown-15m-1775260800,1775261700,Down,34616237021001802473186228217637203990236186395104119946554985214552396583452,72652542234871127445865013381104523037021159128556364009146823631166084138209,0.01,0.02,526.12,11267.95,0.01,0.98,0.99,11267.95,526.12,0.01,0.015,0.985,0.955391,0.044609,66912.07
1775261598717,2026-04-04T00:13:18.717,btc-updown-15m-1775260800,1775261700,Down,34616237021001802473186228217637203990236186395104119946554985214552396583452,72652542234871127445865013381104523037021159128556364009146823631166084138209,0.01,0.02,515.43,11254.25,0.01,0.98,0.99,11254.25,515.43,0.01,0.015,0.985,0.956207,0.043793,66912.85
1775261599719,2026-04-04T00:13:19.719,btc-updown-15m-1775260800,1775261700,Down,34616237021001802473186228217637203990236186395104119946554985214552396583452,72652542234871127445865013381104523037021159128556364009146823631166084138209,0.01,0.02,515.43,11254.25,0.01,0.98,0.99,11254.25,515.43,0.01,0.015,0.985,0.956207,0.043793,66912.85
1775261600720,2026-04-04T00:13:20.720,btc-updown-15m-1775260800,1775261700,Down,34616237021001802473186228217637203990236186395104119946554985214552396583452,72652542234871127445865013381104523037021159128556364009146823631166084138209,0.01,0.02,465.43,11249.25,0.01,0.98,0.99,11249.25,465.43,0.01,0.015,0.985,0.96027,0.03973,66912.85
1775261601721,2026-04-04T00:13:21.721,btc-updown-15m-1775260800,1775261700,Down,34616237021001802473186228217637203990236186395104119946554985214552396583452,72652542234871127445865013381104523037021159128556364009146823631166084138209,0.01,0.02,465.43,11211.68,0.01,0.98,0.99,11211.68,465.43,0.01,0.015,0.985,0.960142,0.039858,66912.84
1775261602722,2026-04-04T00:13:22.722,btc-updown-15m-1775260800,1775261700,Down,34616237021001802473186228217637203990236186395104119946554985214552396583452,72652542234871127445865013381104523037021159128556364009146823631166084138209,0.01,0.02,471.31,11212.68,0.01,0.98,0.99,11212.68,471.31,0.01,0.015,0.985,0.959662,0.040338,66912.84
1775261603722,2026-04-04T00:13:23.722,btc-updown-15m-1775260800,1775261700,Down,34616237021001802473186228217637203990236186395104119946554985214552396583452,72652542234871127445865013381104523037021159128556364009146823631166084138209,0.01,0.02,471.31,11187.48,0.01,0.98,0.99,11187.48,471.31,0.01,0.015,0.985,0.959575,0.040425,66912.84
1775261604723,2026-04-04T00:13:24.723,btc-updown-15m-1775260800,1775261700,Down,34616237021001802473186228217637203990236186395104119946554985214552396583452,72652542234871127445865013381104523037021159128556364009146823631166084138209,0.01,0.02,471.31,11187.48,0.01,0.98,0.99,11187.48,471.31,0.01,0.015,0.985,0.959575,0.040425,66912.84
1775261605725,2026-04-04T00:13:25.725,btc-updown-15m-1775260800,1775261700,Down,34616237021001802473186228217637203990236186395104119946554985214552396583452,72652542234871127445865013381104523037021159128556364009146823631166084138209,0.01,0.02,471.31,11182.48,0.01,0.98,0.99,11182.48,471.31,0.01,0.015,0.985,0.959557,0.040443,66912.84
1775261606725,2026-04-04T00:13:26.725,btc-updown-15m-1775260800,1775261700,Down,34616237021001802473186228217637203990236186395104119946554985214552396583452,72652542234871127445865013381104523037021159128556364009146823631166084138209,0.01,0.02,471.31,11182.48,0.01,0.98,0.99,11182.48,471.31,0.01,0.015,0.985,0.959557,0.040443,66912.84
1775261607726,2026-04-04T00:13:27.726,btc-updown-15m-1775260800,1775261700,Down,34616237021001802473186228217637203990236186395104119946554985214552396583452,72652542234871127445865013381104523037021159128556364009146823631166084138209,0.01,0.02,501.31,11176.43,0.01,0.98,0.99,11176.43,501.31,0.01,0.015,0.985,0.957071,0.042929,66912.84
1775261608726,2026-04-04T00:13:28.726,btc-updown-15m-1775260800,1775261700,Down,34616237021001802473186228217637203990236186395104119946554985214552396583452,72652542234871127445865013381104523037021159128556364009146823631166084138209,0.01,0.02,501.31,11176.43,0.01,0.98,0.99,11176.43,501.31,0.01,0.015,0.985,0.957071,0.042929,66912.84
1775261609728,2026-04-04T00:13:29.728,btc-updown-15m-1775260800,1775261700,Down,34616237021001802473186228217637203990236186395104119946554985214552396583452,72652542234871127445865013381104523037021159128556364009146823631166084138209,0.01,0.02,501.31,11170.41,0.01,0.98,0.99,11170.41,501.31,0.01,0.015,0.985,0.957049,0.042951,66912.84
1775261610728,2026-04-04T00:13:30.728,btc-updown-15m-1775260800,1775261700,Down,34616237021001802473186228217637203990236186395104119946554985214552396583452,72652542234871127445865013381104523037021159128556364009146823631166084138209,0.01,0.02,522.31,11153.27,0.01,0.98,0.99,11153.27,522.31,0.01,0.015,0.985,0.955265,0.044735,66912.85
1775261611729,2026-04-04T00:13:31.729,btc-updown-15m-1775260800,1775261700,Down,34616237021001802473186228217637203990236186395104119946554985214552396583452,72652542234871127445865013381104523037021159128556364009146823631166084138209,0.01,0.02,518.65,11149.61,0.01,0.98,0.99,11149.61,518.65,0.01,0.015,0.985,0.95555,0.04445,66912.85
1775261612730,2026-04-04T00:13:32.730,btc-updown-15m-1775260800,1775261700,Down,34616237021001802473186228217637203990236186395104119946554985214552396583452,72652542234871127445865013381104523037021159128556364009146823631166084138209,0.01,0.02,518.65,10941.87,0.01,0.98,0.99,10941.87,518.65,0.01,0.015,0.985,0.954745,0.045255,66912.85
1775261613732,2026-04-04T00:13:33.732,btc-updown-15m-1775260800,1775261700,Down,34616237021001802473186228217637203990236186395104119946554985214552396583452,72652542234871127445865013381104523037021159128556364009146823631166084138209,0.01,0.02,533.65,10921.87,0.01,0.98,0.99,10921.87,533.65,0.01,0.015,0.985,0.953415,0.046585,66912.84
1775261614733,2026-04-04T00:13:34.733,btc-updown-15m-1775260800,1775261700,Down,34616237021001802473186228217637203990236186395104119946554985214552396583452,72652542234871127445865013381104523037021159128556364009146823631166084138209,0.01,0.02,545.65,10916.87,0.01,0.98,0.99,10916.87,545.65,0.01,0.015,0.985,0.952397,0.047603,66912.84
1775261615735,2026-04-04T00:13:35.735,btc-updown-15m-1775260800,1775261700,Down,34616237021001802473186228217637203990236186395104119946554985214552396583452,72652542234871127445865013381104523037021159128556364009146823631166084138209,0.01,0.02,545.65,10916.87,0.01,0.98,0.99,10916.87,545.65,0.01,0.015,0.985,0.952397,0.047603,66912.84
1775261616736,2026-04-04T00:13:36.736,btc-updown-15m-1775260800,1775261700,Down,34616237021001802473186228217637203990236186395104119946554985214552396583452,72652542234871127445865013381104523037021159128556364009146823631166084138209,0.01,0.02,545.65,10915.85,0.01,0.98,0.99,10915.85,545.65,0.01,0.015,0.985,0.952393,0.047607,66912.84
1775261617736,2026-04-04T00:13:37.736,btc-updown-15m-1775260800,1775261700,Down,34616237021001802473186228217637203990236186395104119946554985214552396583452,72652542234871127445865013381104523037021159128556364009146823631166084138209,0.01,0.02,545.65,10914.83,0.01,0.98,0.99,10914.83,545.65,0.01,0.015,0.985,0.952389,0.047611,66912.84
1775261618736,2026-04-04T00:13:38.736,btc-updown-15m-1775260800,1775261700,Down,34616237021001802473186228217637203990236186395104119946554985214552396583452,72652542234871127445865013381104523037021159128556364009146823631166084138209,0.01,0.02,545.65,10914.83,0.01,0.98,0.99,10914.83,545.65,0.01,0.015,0.985,0.952389,0.047611,66912.84
1775261619737,2026-04-04T00:13:39.737,btc-updown-15m-1775260800,1775261700,Down,34616237021001802473186228217637203990236186395104119946554985214552396583452,72652542234871127445865013381104523037021159128556364009146823631166084138209,0.01,0.02,545.65,10914.83,0.01,0.98,0.99,10914.83,545.65,0.01,0.015,0.985,0.952389,0.047611,66912.84
1775261620738,2026-04-04T00:13:40.738,btc-updown-15m-1775260800,1775261700,Down,34616237021001802473186228217637203990236186395104119946554985214552396583452,72652542234871127445865013381104523037021159128556364009146823631166084138209,0.01,0.02,545.65,10664.83,0.01,0.98,0.99,10664.83,545.65,0.01,0.015,0.985,0.951327,0.048673,66912.84
1775261621739,2026-04-04T00:13:41.739,btc-updown-15m-1775260800,1775261700,Down,34616237021001802473186228217637203990236186395104119946554985214552396583452,72652542234871127445865013381104523037021159128556364009146823631166084138209,0.01,0.02,545.65,10664.83,0.01,0.98,0.99,10664.83,545.65,0.01,0.015,0.985,0.951327,0.048673,66912.84
1775261622739,2026-04-04T00:13:42.739,btc-updown-15m-1775260800,1775261700,Down,34616237021001802473186228217637203990236186395104119946554985214552396583452,72652542234871127445865013381104523037021159128556364009146823631166084138209,0.01,0.02,545.65,10664.83,0.01,0.98,0.99,10664.83,545.65,0.01,0.015,0.985,0.951327,0.048673,66912.84
1775261623740,2026-04-04T00:13:43.740,btc-updown-15m-1775260800,1775261700,Down,34616237021001802473186228217637203990236186395104119946554985214552396583452,72652542234871127445865013381104523037021159128556364009146823631166084138209,0.01,0.02,565.65,10561.81,0.01,0.98,0.99,10561.81,565.65,0.01,0.015,0.985,0.949166,0.050834,66912.84
1775261624741,2026-04-04T00:13:44.741,btc-updown-15m-1775260800,1775261700,Down,34616237021001802473186228217637203990236186395104119946554985214552396583452,72652542234871127445865013381104523037021159128556364009146823631166084138209,0.01,0.02,565.65,10541.81,0.01,0.98,0.99,10541.81,565.65,0.01,0.015,0.985,0.949075,0.050925,66912.84
1775261625742,2026-04-04T00:13:45.742,btc-updown-15m-1775260800,1775261700,Down,34616237021001802473186228217637203990236186395104119946554985214552396583452,72652542234871127445865013381104523037021159128556364009146823631166084138209,0.01,0.02,565.65,10142.81,0.01,0.98,0.99,10142.81,565.65,0.01,0.015,0.985,0.947177,0.052823,66912.85
1775261626743,2026-04-04T00:13:46.743,btc-updown-15m-1775260800,1775261700,Down,34616237021001802473186228217637203990236186395104119946554985214552396583452,72652542234871127445865013381104523037021159128556364009146823631166084138209,0.01,0.02,565.65,10142.81,0.01,0.98,0.99,10142.81,565.65,0.01,0.015,0.985,0.947177,0.052823,66912.85
1775261627744,2026-04-04T00:13:47.744,btc-updown-15m-1775260800,1775261700,Down,34616237021001802473186228217637203990236186395104119946554985214552396583452,72652542234871127445865013381104523037021159128556364009146823631166084138209,0.01,0.02,565.65,10142.81,0.01,0.98,0.99,10142.81,565.65,0.01,0.015,0.985,0.947177,0.052823,66912.85
1775261628745,2026-04-04T00:13:48.745,btc-updown-15m-1775260800,1775261700,Down,34616237021001802473186228217637203990236186395104119946554985214552396583452,72652542234871127445865013381104523037021159128556364009146823631166084138209,0.01,0.02,565.65,10142.81,0.01,0.98,0.99,10142.81,565.65,0.01,0.015,0.985,0.947177,0.052823,66912.84
1775261629745,2026-04-04T00:13:49.745,btc-updown-15m-1775260800,1775261700,Down,34616237021001802473186228217637203990236186395104119946554985214552396583452,72652542234871127445865013381104523037021159128556364009146823631166084138209,0.01,0.02,693.65,10142.81,0.01,0.98,0.99,10142.81,693.65,0.01,0.015,0.985,0.935989,0.064011,66912.84
1775261630746,2026-04-04T00:13:50.746,btc-updown-15m-1775260800,1775261700,Down,34616237021001802473186228217637203990236186395104119946554985214552396583452,72652542234871127445865013381104523037021159128556364009146823631166084138209,0.01,0.02,687.77,9657.6,0.01,0.98,0.99,9657.6,687.77,0.01,0.015,0.985,0.933519,0.066481,66912.84
1775261631747,2026-04-04T00:13:51.747,btc-updown-15m-1775260800,1775261700,Down,34616237021001802473186228217637203990236186395104119946554985214552396583452,72652542234871127445865013381104523037021159128556364009146823631166084138209,0.01,0.02,687.77,9657.6,0.01,0.98,0.99,9657.6,687.77,0.01,0.015,0.985,0.933519,0.066481,66912.85
1775261632748,2026-04-04T00:13:52.748,btc-updown-15m-1775260800,1775261700,Down,34616237021001802473186228217637203990236186395104119946554985214552396583452,72652542234871127445865013381104523037021159128556364009146823631166084138209,0.01,0.02,687.77,9657.6,0.01,0.98,0.99,9657.6,687.77,0.01,0.015,0.985,0.933519,0.066481,66912.85
1775261633749,2026-04-04T00:13:53.749,btc-updown-15m-1775260800,1775261700,Down,34616237021001802473186228217637203990236186395104119946554985214552396583452,72652542234871127445865013381104523037021159128556364009146823631166084138209,0.01,0.02,614.77,9561.47,0.01,0.98,0.99,9561.47,614.77,0.01,0.015,0.985,0.939588,0.060412,66912.85
1775261634749,2026-04-04T00:13:54.749,btc-updown-15m-1775260800,1775261700,Down,34616237021001802473186228217637203990236186395104119946554985214552396583452,72652542234871127445865013381104523037021159128556364009146823631166084138209,0.01,0.02,610.77,9589.13,0.01,0.98,0.99,9589.13,610.77,0.01,0.015,0.985,0.94012,0.05988,66912.84
1775261635750,2026-04-04T00:13:55.750,btc-updown-15m-1775260800,1775261700,Down,34616237021001802473186228217637203990236186395104119946554985214552396583452,72652542234871127445865013381104523037021159128556364009146823631166084138209,0.01,0.02,610.77,9083.13,0.01,0.98,0.99,9083.13,610.77,0.01,0.015,0.985,0.936994,0.063006,66912.84
1775261636751,2026-04-04T00:13:56.751,btc-updown-15m-1775260800,1775261700,Down,34616237021001802473186228217637203990236186395104119946554985214552396583452,72652542234871127445865013381104523037021159128556364009146823631166084138209,0.01,0.02,615.77,8958.13,0.01,0.98,0.99,8958.13,615.77,0.01,0.015,0.985,0.935682,0.064318,66912.84
1775261637752,2026-04-04T00:13:57.752,btc-updown-15m-1775260800,1775261700,Down,34616237021001802473186228217637203990236186395104119946554985214552396583452,72652542234871127445865013381104523037021159128556364009146823631166084138209,0.01,0.02,615.77,8795.13,0.01,0.98,0.99,8795.13,615.77,0.01,0.015,0.985,0.934568,0.065432,66912.84
1775261638753,2026-04-04T00:13:58.753,btc-updown-15m-1775260800,1775261700,Down,34616237021001802473186228217637203990236186395104119946554985214552396583452,72652542234871127445865013381104523037021159128556364009146823631166084138209,0.01,0.02,615.77,8795.13,0.01,0.98,0.99,8795.13,615.77,0.01,0.015,0.985,0.934568,0.065432,66912.84
1775261639753,2026-04-04T00:13:59.753,btc-updown-15m-1775260800,1775261700,Down,34616237021001802473186228217637203990236186395104119946554985214552396583452,72652542234871127445865013381104523037021159128556364009146823631166084138209,0.01,0.02,624.27,5382.11,0.01,0.98,0.99,5382.11,624.27,0.01,0.015,0.985,0.896066,0.103934,66912.84
1775261640754,2026-04-04T00:14:00.754,btc-updown-15m-1775260800,1775261700,Down,34616237021001802473186228217637203990236186395104119946554985214552396583452,72652542234871127445865013381104523037021159128556364009146823631166084138209,0.01,0.02,549.64,4662.01,0.01,0.98,0.99,4662.01,549.64,0.01,0.015,0.985,0.894536,0.105464,66912.84
1775261641755,2026-04-04T00:14:01.755,btc-updown-15m-1775260800,1775261700,Down,34616237021001802473186228217637203990236186395104119946554985214552396583452,72652542234871127445865013381104523037021159128556364009146823631166084138209,0.01,0.02,309.64,4661.11,0.01,0.98,0.99,4661.11,309.64,0.01,0.015,0.985,0.937708,0.062292,66912.84
1775261642756,2026-04-04T00:14:02.756,btc-updown-15m-1775260800,1775261700,Down,34616237021001802473186228217637203990236186395104119946554985214552396583452,72652542234871127445865013381104523037021159128556364009146823631166084138209,0.01,0.02,309.64,4530.52,0.01,0.98,0.99,4530.52,309.64,0.01,0.015,0.985,0.936027,0.063973,66912.84
1775261643757,2026-04-04T00:14:03.757,btc-updown-15m-1775260800,1775261700,Down,34616237021001802473186228217637203990236186395104119946554985214552396583452,72652542234871127445865013381104523037021159128556364009146823631166084138209,0.01,0.02,309.64,4359.53,0.01,0.98,0.99,4359.53,309.64,0.01,0.015,0.985,0.933684,0.066316,66912.85
1775261644758,2026-04-04T00:14:04.758,btc-updown-15m-1775260800,1775261700,Down,34616237021001802473186228217637203990236186395104119946554985214552396583452,72652542234871127445865013381104523037021159128556364009146823631166084138209,0.01,0.02,339.64,4245.53,0.01,0.98,0.99,4245.53,339.64,0.01,0.015,0.985,0.925926,0.074074,66912.85
1775261645758,2026-04-04T00:14:05.758,btc-updown-15m-1775260800,1775261700,Down,34616237021001802473186228217637203990236186395104119946554985214552396583452,72652542234871127445865013381104523037021159128556364009146823631166084138209,0.01,0.02,339.64,3745.53,0.01,0.98,0.99,3745.53,339.64,0.01,0.015,0.985,0.91686,0.08314,66912.85
1775261646759,2026-04-04T00:14:06.759,btc-updown-15m-1775260800,1775261700,Down,34616237021001802473186228217637203990236186395104119946554985214552396583452,72652542234871127445865013381104523037021159128556364009146823631166084138209,0.01,0.02,339.64,3745.53,0.01,0.98,0.99,3745.53,339.64,0.01,0.015,0.985,0.91686,0.08314,66912.85
1775261647759,2026-04-04T00:14:07.759,btc-updown-15m-1775260800,1775261700,Down,34616237021001802473186228217637203990236186395104119946554985214552396583452,72652542234871127445865013381104523037021159128556364009146823631166084138209,0.01,0.02,339.64,3745.53,0.01,0.98,0.99,3745.53,339.64,0.01,0.015,0.985,0.91686,0.08314,66912.85
1775261648761,2026-04-04T00:14:08.761,btc-updown-15m-1775260800,1775261700,Down,34616237021001802473186228217637203990236186395104119946554985214552396583452,72652542234871127445865013381104523037021159128556364009146823631166084138209,0.01,0.02,339.64,3745.53,0.01,0.98,0.99,3745.53,339.64,0.01,0.015,0.985,0.91686,0.08314,66912.85
1775261649761,2026-04-04T00:14:09.761,btc-updown-15m-1775260800,1775261700,Down,34616237021001802473186228217637203990236186395104119946554985214552396583452,72652542234871127445865013381104523037021159128556364009146823631166084138209,0.01,0.02,556.77,3626.66,0.01,0.98,0.99,3626.66,556.77,0.01,0.015,0.985,0.866911,0.133089,66912.84
1775261650762,2026-04-04T00:14:10.762,btc-updown-15m-1775260800,1775261700,Down,34616237021001802473186228217637203990236186395104119946554985214552396583452,72652542234871127445865013381104523037021159128556364009146823631166084138209,0.003,0.01,6979.34,5.0,0.007,0.99,0.997,5.0,6979.34,0.007,0.0065,0.9935,0.000716,0.999284,66912.84
1775261651764,2026-04-04T00:14:11.764,btc-updown-15m-1775260800,1775261700,Down,34616237021001802473186228217637203990236186395104119946554985214552396583452,72652542234871127445865013381104523037021159128556364009146823631166084138209,0.003,0.01,11141.92,5.0,0.007,0.99,0.997,5.0,11141.92,0.007,0.0065,0.9935,0.000449,0.999551,66912.84
1775261652764,2026-04-04T00:14:12.764,btc-updown-15m-1775260800,1775261700,Down,34616237021001802473186228217637203990236186395104119946554985214552396583452,72652542234871127445865013381104523037021159128556364009146823631166084138209,0.002,0.01,11108.56,59.98,0.008,0.99,0.998,59.98,11108.56,0.008,0.006,0.994,0.00537,0.99463,66912.84
1775261653764,2026-04-04T00:14:13.764,btc-updown-15m-1775260800,1775261700,Down,34616237021001802473186228217637203990236186395104119946554985214552396583452,72652542234871127445865013381104523037021159128556364009146823631166084138209,0.002,0.01,11108.56,59.98,0.008,0.99,0.998,59.98,11108.56,0.008,0.006,0.994,0.00537,0.99463,66912.84
1775261654765,2026-04-04T00:14:14.765,btc-updown-15m-1775260800,1775261700,Down,34616237021001802473186228217637203990236186395104119946554985214552396583452,72652542234871127445865013381104523037021159128556364009146823631166084138209,0.002,0.01,11108.56,59.98,0.008,0.99,0.998,59.98,11108.56,0.008,0.006,0.994,0.00537,0.99463,66912.84
1775261655765,2026-04-04T00:14:15.765,btc-updown-15m-1775260800,1775261700,Down,34616237021001802473186228217637203990236186395104119946554985214552396583452,72652542234871127445865013381104523037021159128556364009146823631166084138209,0.002,0.01,11108.56,59.98,0.008,0.99,0.998,59.98,11108.56,0.008,0.006,0.994,0.00537,0.99463,66912.85
1775261656767,2026-04-04T00:14:16.767,btc-updown-15m-1775260800,1775261700,Down,34616237021001802473186228217637203990236186395104119946554985214552396583452,72652542234871127445865013381104523037021159128556364009146823631166084138209,0.002,0.01,11108.56,59.98,0.008,0.99,0.998,59.98,11108.56,0.008,0.006,0.994,0.00537,0.99463,66912.85
1775261657768,2026-04-04T00:14:17.768,btc-updown-15m-1775260800,1775261700,Down,34616237021001802473186228217637203990236186395104119946554985214552396583452,72652542234871127445865013381104523037021159128556364009146823631166084138209,0.002,0.01,10876.14,59.98,0.008,0.99,0.998,59.98,10876.14,0.008,0.006,0.994,0.005485,0.994515,66912.85
1775261658769,2026-04-04T00:14:18.769,btc-updown-15m-1775260800,1775261700,Down,34616237021001802473186228217637203990236186395104119946554985214552396583452,72652542234871127445865013381104523037021159128556364009146823631166084138209,0.002,0.01,10873.95,49.6,0.008,0.99,0.998,49.6,10873.95,0.008,0.006,0.994,0.004541,0.995459,66912.85
1775261659769,2026-04-04T00:14:19.769,btc-updown-15m-1775260800,1775261700,Down,34616237021001802473186228217637203990236186395104119946554985214552396583452,72652542234871127445865013381104523037021159128556364009146823631166084138209,0.002,0.01,10887.9,49.6,0.008,0.99,0.998,49.6,10887.9,0.008,0.006,0.994,0.004535,0.995465,66912.85
1775261660770,2026-04-04T00:14:20.770,btc-updown-15m-1775260800,1775261700,Down,34616237021001802473186228217637203990236186395104119946554985214552396583452,72652542234871127445865013381104523037021159128556364009146823631166084138209,0.002,0.01,10887.9,49.6,0.008,0.99,0.998,49.6,10887.9,0.008,0.006,0.994,0.004535,0.995465,66912.85
1775261661770,2026-04-04T00:14:21.770,btc-updown-15m-1775260800,1775261700,Down,34616237021001802473186228217637203990236186395104119946554985214552396583452,72652542234871127445865013381104523037021159128556364009146823631166084138209,0.002,0.01,10887.9,49.6,0.008,0.99,0.998,49.6,10887.9,0.008,0.006,0.994,0.004535,0.995465,66912.84
1775261662771,2026-04-04T00:14:22.771,btc-updown-15m-1775260800,1775261700,Down,34616237021001802473186228217637203990236186395104119946554985214552396583452,72652542234871127445865013381104523037021159128556364009146823631166084138209,0.002,0.01,10887.9,49.6,0.008,0.99,0.998,49.6,10887.9,0.008,0.006,0.994,0.004535,0.995465,66912.84
1775261663772,2026-04-04T00:14:23.772,btc-updown-15m-1775260800,1775261700,Down,34616237021001802473186228217637203990236186395104119946554985214552396583452,72652542234871127445865013381104523037021159128556364009146823631166084138209,0.002,0.01,10887.9,49.6,0.008,0.99,0.998,49.6,10887.9,0.008,0.006,0.994,0.004535,0.995465,66912.84
1775261664773,2026-04-04T00:14:24.773,btc-updown-15m-1775260800,1775261700,Down,34616237021001802473186228217637203990236186395104119946554985214552396583452,72652542234871127445865013381104523037021159128556364009146823631166084138209,0.002,0.01,10887.9,49.6,0.008,0.99,0.998,49.6,10887.9,0.008,0.006,0.994,0.004535,0.995465,66912.85
1775261665774,2026-04-04T00:14:25.774,btc-updown-15m-1775260800,1775261700,Down,34616237021001802473186228217637203990236186395104119946554985214552396583452,72652542234871127445865013381104523037021159128556364009146823631166084138209,0.001,0.01,10887.9,5364.27,0.009,0.99,0.999,5364.27,10887.9,0.009,0.0055,0.9945,0.330065,0.669935,66912.85
1775261666774,2026-04-04T00:14:26.774,btc-updown-15m-1775260800,1775261700,Down,34616237021001802473186228217637203990236186395104119946554985214552396583452,72652542234871127445865013381104523037021159128556364009146823631166084138209,0.001,0.01,10887.9,5364.27,0.009,0.99,0.999,5364.27,10887.9,0.009,0.0055,0.9945,0.330065,0.669935,66912.85
1775261667775,2026-04-04T00:14:27.775,btc-updown-15m-1775260800,1775261700,Down,34616237021001802473186228217637203990236186395104119946554985214552396583452,72652542234871127445865013381104523037021159128556364009146823631166084138209,0.001,0.01,10987.9,5359.26,0.009,0.99,0.999,5359.26,10987.9,0.009,0.0055,0.9945,0.32784,0.67216,66912.84
1775261668776,2026-04-04T00:14:28.776,btc-updown-15m-1775260800,1775261700,Down,34616237021001802473186228217637203990236186395104119946554985214552396583452,72652542234871127445865013381104523037021159128556364009146823631166084138209,0.001,0.01,10987.9,5359.26,0.009,0.99,0.999,5359.26,10987.9,0.009,0.0055,0.9945,0.32784,0.67216,66912.84
1775261669777,2026-04-04T00:14:29.777,btc-updown-15m-1775260800,1775261700,Down,34616237021001802473186228217637203990236186395104119946554985214552396583452,72652542234871127445865013381104523037021159128556364009146823631166084138209,0.001,0.01,10979.07,5359.26,0.009,0.99,0.999,5359.26,10979.07,0.009,0.0055,0.9945,0.328018,0.671982,66912.84
1775261670779,2026-04-04T00:14:30.779,btc-updown-15m-1775260800,1775261700,Down,34616237021001802473186228217637203990236186395104119946554985214552396583452,72652542234871127445865013381104523037021159128556364009146823631166084138209,0.001,0.01,10979.07,5359.26,0.009,0.99,0.999,5359.26,10979.07,0.009,0.0055,0.9945,0.328018,0.671982,66912.85
1775261671780,2026-04-04T00:14:31.780,btc-updown-15m-1775260800,1775261700,Down,34616237021001802473186228217637203990236186395104119946554985214552396583452,72652542234871127445865013381104523037021159128556364009146823631166084138209,0.001,0.01,10988.17,5359.26,0.009,0.99,0.999,5359.26,10988.17,0.009,0.0055,0.9945,0.327835,0.672165,66912.85
1775261672780,2026-04-04T00:14:32.780,btc-updown-15m-1775260800,1775261700,Down,34616237021001802473186228217637203990236186395104119946554985214552396583452,72652542234871127445865013381104523037021159128556364009146823631166084138209,0.001,0.01,10988.17,5359.26,0.009,0.99,0.999,5359.26,10988.17,0.009,0.0055,0.9945,0.327835,0.672165,66912.85
1775261673782,2026-04-04T00:14:33.782,btc-updown-15m-1775260800,1775261700,Down,34616237021001802473186228217637203990236186395104119946554985214552396583452,72652542234871127445865013381104523037021159128556364009146823631166084138209,0.001,0.01,12688.17,5359.26,0.009,0.99,0.999,5359.26,12688.17,0.009,0.0055,0.9945,0.296954,0.703046,66912.85
1775261674783,2026-04-04T00:14:34.783,btc-updown-15m-1775260800,1775261700,Down,34616237021001802473186228217637203990236186395104119946554985214552396583452,72652542234871127445865013381104523037021159128556364009146823631166084138209,0.001,0.01,12688.17,5359.26,0.009,0.99,0.999,5359.26,12688.17,0.009,0.0055,0.9945,0.296954,0.703046,66912.85
1775261675783,2026-04-04T00:14:35.783,btc-updown-15m-1775260800,1775261700,Down,34616237021001802473186228217637203990236186395104119946554985214552396583452,72652542234871127445865013381104523037021159128556364009146823631166084138209,0.001,0.01,14840.17,4858.86,0.009,0.99,0.999,4858.86,14840.17,0.009,0.0055,0.9945,0.246655,0.753345,66912.85
1775261676784,2026-04-04T00:14:36.784,btc-updown-15m-1775260800,1775261700,Down,34616237021001802473186228217637203990236186395104119946554985214552396583452,72652542234871127445865013381104523037021159128556364009146823631166084138209,0.001,0.01,14840.17,4858.86,0.009,0.99,0.999,4858.86,14840.17,0.009,0.0055,0.9945,0.246655,0.753345,66912.84
1775261677785,2026-04-04T00:14:37.785,btc-updown-15m-1775260800,1775261700,Down,34616237021001802473186228217637203990236186395104119946554985214552396583452,72652542234871127445865013381104523037021159128556364009146823631166084138209,0.001,0.01,14840.17,4858.86,0.009,0.99,0.999,4858.86,14840.17,0.009,0.0055,0.9945,0.246655,0.753345,66912.84
1775261678787,2026-04-04T00:14:38.787,btc-updown-15m-1775260800,1775261700,Down,34616237021001802473186228217637203990236186395104119946554985214552396583452,72652542234871127445865013381104523037021159128556364009146823631166084138209,0.001,0.01,14840.17,4858.86,0.009,0.99,0.999,4858.86,14840.17,0.009,0.0055,0.9945,0.246655,0.753345,66912.84
1775261679788,2026-04-04T00:14:39.788,btc-updown-15m-1775260800,1775261700,Down,34616237021001802473186228217637203990236186395104119946554985214552396583452,72652542234871127445865013381104523037021159128556364009146823631166084138209,0.001,0.01,17242.69,4458.46,0.009,0.99,0.999,4458.46,17242.69,0.009,0.0055,0.9945,0.205448,0.794552,66912.84
1775261680789,2026-04-04T00:14:40.789,btc-updown-15m-1775260800,1775261700,Down,34616237021001802473186228217637203990236186395104119946554985214552396583452,72652542234871127445865013381104523037021159128556364009146823631166084138209,0.001,0.01,17242.69,4458.46,0.009,0.99,0.999,4458.46,17242.69,0.009,0.0055,0.9945,0.205448,0.794552,66912.84
1775261681790,2026-04-04T00:14:41.790,btc-updown-15m-1775260800,1775261700,Down,34616237021001802473186228217637203990236186395104119946554985214552396583452,72652542234871127445865013381104523037021159128556364009146823631166084138209,0.001,0.01,17242.69,4458.46,0.009,0.99,0.999,4458.46,17242.69,0.009,0.0055,0.9945,0.205448,0.794552,66912.84
1775261682790,2026-04-04T00:14:42.790,btc-updown-15m-1775260800,1775261700,Down,34616237021001802473186228217637203990236186395104119946554985214552396583452,72652542234871127445865013381104523037021159128556364009146823631166084138209,0.001,0.009,1020.0,4447.44,0.008,0.991,0.999,4447.44,1020.0,0.008,0.005,0.995,0.813441,0.186559,66912.84
1775261683791,2026-04-04T00:14:43.791,btc-updown-15m-1775260800,1775261700,Down,34616237021001802473186228217637203990236186395104119946554985214552396583452,72652542234871127445865013381104523037021159128556364009146823631166084138209,0.001,0.009,1020.0,4047.04,0.008,0.991,0.999,4047.04,1020.0,0.008,0.005,0.995,0.798699,0.201301,66912.84
1775261684792,2026-04-04T00:14:44.792,btc-updown-15m-1775260800,1775261700,Down,34616237021001802473186228217637203990236186395104119946554985214552396583452,72652542234871127445865013381104523037021159128556364009146823631166084138209,0.001,0.009,1020.0,4047.04,0.008,0.991,0.999,4047.04,1020.0,0.008,0.005,0.995,0.798699,0.201301,66912.84
1775261685793,2026-04-04T00:14:45.793,btc-updown-15m-1775260800,1775261700,Down,34616237021001802473186228217637203990236186395104119946554985214552396583452,72652542234871127445865013381104523037021159128556364009146823631166084138209,0.001,0.009,1020.0,4047.04,0.008,0.991,0.999,4047.04,1020.0,0.008,0.005,0.995,0.798699,0.201301,66911.18
1775261686794,2026-04-04T00:14:46.794,btc-updown-15m-1775260800,1775261700,Down,34616237021001802473186228217637203990236186395104119946554985214552396583452,72652542234871127445865013381104523037021159128556364009146823631166084138209,0.001,0.009,1014.45,4047.04,0.008,0.991,0.999,4047.04,1014.45,0.008,0.005,0.995,0.799575,0.200425,66911.18
