ts_ms,timestamp,window_slug,window_end_ts,outcome,yes_token_id,no_token_id,yes_bid,yes_ask,yes_ask_size,yes_bid_size,yes_spread,no_bid,no_ask,no_ask_size,no_bid_size,no_spread,yes_mid,no_mid,yes_imbalance,no_imbalance,btc_price
1774915200908,2026-03-31T00:00:00.908,btc-updown-15m-1774914300,1774915200,Up,72704426418360038638159495841755778871468590043333937348208014710708029537170,55992437552771935762249044494084180275628791039026940542112837521854870718989,0.99,,,36553.96,,,0.01,36553.96,,,,,,,66797.37
1774915200908,2026-03-31T00:00:00.908,btc-updown-15m-1774915200,1774916100,Down,2035541310721235125444422910891850237483011202795860636767688585969824347298,105562026962651857589021212088585401411102711760621435608486159867941204641282,0.44,0.45,9.18,16.74,0.01,0.55,0.56,16.74,9.18,0.01,0.445,0.555,0.645833,0.354167,66797.37
1774915201908,2026-03-31T00:00:01.908,btc-updown-15m-1774915200,1774916100,Down,2035541310721235125444422910891850237483011202795860636767688585969824347298,105562026962651857589021212088585401411102711760621435608486159867941204641282,0.46,0.47,13.48,6.2,0.01,0.53,0.54,6.2,13.48,0.01,0.465,0.535,0.315041,0.684959,66797.37
1774915202908,2026-03-31T00:00:02.908,btc-updown-15m-1774915200,1774916100,Down,2035541310721235125444422910891850237483011202795860636767688585969824347298,105562026962651857589021212088585401411102711760621435608486159867941204641282,0.49,0.5,636.37,40.0,0.01,0.5,0.51,40.0,636.37,0.01,0.495,0.505,0.059139,0.940861,66808.79
1774915203909,2026-03-31T00:00:03.909,btc-updown-15m-1774915200,1774916100,Down,2035541310721235125444422910891850237483011202795860636767688585969824347298,105562026962651857589021212088585401411102711760621435608486159867941204641282,0.48,0.49,10.0,188.2,0.01,0.51,0.52,188.2,10.0,0.01,0.485,0.515,0.949546,0.050454,66808.79
1774915204910,2026-03-31T00:00:04.910,btc-updown-15m-1774915200,1774916100,Down,2035541310721235125444422910891850237483011202795860636767688585969824347298,105562026962651857589021212088585401411102711760621435608486159867941204641282,0.42,0.45,12.0,22.41,0.03,0.55,0.57,24.41,7.0,0.02,0.435,0.56,0.651264,0.222859,66808.79
1774915205911,2026-03-31T00:00:05.911,btc-updown-15m-1774915200,1774916100,Down,2035541310721235125444422910891850237483011202795860636767688585969824347298,105562026962651857589021212088585401411102711760621435608486159867941204641282,0.38,0.41,38.02,100.0,0.03,0.59,0.62,100.0,38.02,0.03,0.395,0.605,0.724533,0.275467,66792.59
1774915206911,2026-03-31T00:00:06.911,btc-updown-15m-1774915200,1774916100,Down,2035541310721235125444422910891850237483011202795860636767688585969824347298,105562026962651857589021212088585401411102711760621435608486159867941204641282,0.36,0.47,34.06,110.0,0.11,0.53,0.64,110.0,34.06,0.11,0.415,0.585,0.763571,0.236429,66792.59
1774915207911,2026-03-31T00:00:07.911,btc-updown-15m-1774915200,1774916100,Down,2035541310721235125444422910891850237483011202795860636767688585969824347298,105562026962651857589021212088585401411102711760621435608486159867941204641282,0.4,0.46,20.0,24.74,0.06,0.54,0.6,24.74,20.0,0.06,0.43,0.57,0.552973,0.447027,66792.59
1774915208912,2026-03-31T00:00:08.912,btc-updown-15m-1774915200,1774916100,Down,2035541310721235125444422910891850237483011202795860636767688585969824347298,105562026962651857589021212088585401411102711760621435608486159867941204641282,0.39,0.4,15.0,32.42,0.01,0.6,0.61,32.42,15.0,0.01,0.395,0.605,0.683678,0.316322,66786.02
1774915209913,2026-03-31T00:00:09.913,btc-updown-15m-1774915200,1774916100,Down,2035541310721235125444422910891850237483011202795860636767688585969824347298,105562026962651857589021212088585401411102711760621435608486159867941204641282,0.4,0.41,29.34,162.0,0.01,0.59,0.6,162.0,29.34,0.01,0.405,0.595,0.84666,0.15334,66786.02
1774915210913,2026-03-31T00:00:10.913,btc-updown-15m-1774915200,1774916100,Down,2035541310721235125444422910891850237483011202795860636767688585969824347298,105562026962651857589021212088585401411102711760621435608486159867941204641282,0.41,0.42,10.7,5.0,0.01,0.58,0.59,5.0,10.7,0.01,0.415,0.585,0.318471,0.681529,66786.02
1774915211914,2026-03-31T00:00:11.914,btc-updown-15m-1774915200,1774916100,Down,2035541310721235125444422910891850237483011202795860636767688585969824347298,105562026962651857589021212088585401411102711760621435608486159867941204641282,0.41,0.42,224.0,910.66,0.01,0.58,0.59,910.66,224.0,0.01,0.415,0.585,0.802584,0.197416,66782.8
1774915212914,2026-03-31T00:00:12.914,btc-updown-15m-1774915200,1774916100,Down,2035541310721235125444422910891850237483011202795860636767688585969824347298,105562026962651857589021212088585401411102711760621435608486159867941204641282,0.41,0.42,11.61,876.66,0.01,0.58,0.59,876.66,11.61,0.01,0.415,0.585,0.98693,0.01307,66782.8
1774915213914,2026-03-31T00:00:13.914,btc-updown-15m-1774915200,1774916100,Down,2035541310721235125444422910891850237483011202795860636767688585969824347298,105562026962651857589021212088585401411102711760621435608486159867941204641282,0.41,0.44,22.0,804.22,0.03,0.56,0.59,804.22,22.0,0.03,0.425,0.575,0.973373,0.026627,66782.8
1774915214915,2026-03-31T00:00:14.915,btc-updown-15m-1774915200,1774916100,Down,2035541310721235125444422910891850237483011202795860636767688585969824347298,105562026962651857589021212088585401411102711760621435608486159867941204641282,0.41,0.42,15.0,365.0,0.01,0.58,0.59,365.0,15.0,0.01,0.415,0.585,0.960526,0.039474,66794.35
1774915215916,2026-03-31T00:00:15.916,btc-updown-15m-1774915200,1774916100,Down,2035541310721235125444422910891850237483011202795860636767688585969824347298,105562026962651857589021212088585401411102711760621435608486159867941204641282,0.45,0.48,67.23,47.0,0.03,0.52,0.55,47.0,67.23,0.03,0.465,0.535,0.411451,0.588549,66794.35
1774915216917,2026-03-31T00:00:16.917,btc-updown-15m-1774915200,1774916100,Down,2035541310721235125444422910891850237483011202795860636767688585969824347298,105562026962651857589021212088585401411102711760621435608486159867941204641282,0.47,0.48,95.6,7.0,0.01,0.52,0.53,7.0,95.6,0.01,0.475,0.525,0.068226,0.931774,66794.35
1774915217917,2026-03-31T00:00:17.917,btc-updown-15m-1774915200,1774916100,Down,2035541310721235125444422910891850237483011202795860636767688585969824347298,105562026962651857589021212088585401411102711760621435608486159867941204641282,0.49,0.5,527.77,845.23,0.01,0.5,0.51,45.23,541.77,0.01,0.495,0.505,0.615608,0.922947,66803.26
1774915218918,2026-03-31T00:00:18.918,btc-updown-15m-1774915200,1774916100,Down,2035541310721235125444422910891850237483011202795860636767688585969824347298,105562026962651857589021212088585401411102711760621435608486159867941204641282,0.49,0.5,454.77,917.75,0.01,0.5,0.51,917.75,454.77,0.01,0.495,0.505,0.668661,0.331339,66803.26
1774915219919,2026-03-31T00:00:19.919,btc-updown-15m-1774915200,1774916100,Down,2035541310721235125444422910891850237483011202795860636767688585969824347298,105562026962651857589021212088585401411102711760621435608486159867941204641282,0.49,0.5,190.49,970.88,0.01,0.5,0.51,970.88,190.49,0.01,0.495,0.505,0.835978,0.164022,66803.26
1774915220920,2026-03-31T00:00:20.920,btc-updown-15m-1774915200,1774916100,Down,2035541310721235125444422910891850237483011202795860636767688585969824347298,105562026962651857589021212088585401411102711760621435608486159867941204641282,0.54,0.55,167.01,43.0,0.01,0.45,0.46,43.0,167.01,0.01,0.545,0.455,0.204752,0.795248,66816.95
1774915221920,2026-03-31T00:00:21.920,btc-updown-15m-1774915200,1774916100,Down,2035541310721235125444422910891850237483011202795860636767688585969824347298,105562026962651857589021212088585401411102711760621435608486159867941204641282,0.48,0.49,175.06,284.0,0.01,0.51,0.52,270.0,347.84,0.01,0.485,0.515,0.618656,0.562994,66816.95
1774915222921,2026-03-31T00:00:22.921,btc-updown-15m-1774915200,1774916100,Down,2035541310721235125444422910891850237483011202795860636767688585969824347298,105562026962651857589021212088585401411102711760621435608486159867941204641282,0.52,0.54,93.0,2.79,0.02,0.46,0.48,2.79,93.0,0.02,0.53,0.47,0.029126,0.970874,66816.95
1774915223922,2026-03-31T00:00:23.922,btc-updown-15m-1774915200,1774916100,Down,2035541310721235125444422910891850237483011202795860636767688585969824347298,105562026962651857589021212088585401411102711760621435608486159867941204641282,0.53,0.54,346.77,807.91,0.01,0.46,0.47,807.91,346.77,0.01,0.535,0.465,0.699683,0.300317,66821.35
1774915224922,2026-03-31T00:00:24.922,btc-updown-15m-1774915200,1774916100,Down,2035541310721235125444422910891850237483011202795860636767688585969824347298,105562026962651857589021212088585401411102711760621435608486159867941204641282,0.54,0.55,962.63,50.0,0.01,0.45,0.46,50.0,962.63,0.01,0.545,0.455,0.049376,0.950624,66821.35
1774915225923,2026-03-31T00:00:25.923,btc-updown-15m-1774915200,1774916100,Down,2035541310721235125444422910891850237483011202795860636767688585969824347298,105562026962651857589021212088585401411102711760621435608486159867941204641282,0.42,0.44,45.61,181.71,0.02,0.56,0.58,181.71,45.61,0.02,0.43,0.57,0.799358,0.200642,66821.35
1774915226923,2026-03-31T00:00:26.923,btc-updown-15m-1774915200,1774916100,Down,2035541310721235125444422910891850237483011202795860636767688585969824347298,105562026962651857589021212088585401411102711760621435608486159867941204641282,0.42,0.43,35.58,890.49,0.01,0.57,0.58,890.49,35.58,0.01,0.425,0.575,0.96158,0.03842,66794.74
1774915227924,2026-03-31T00:00:27.924,btc-updown-15m-1774915200,1774916100,Down,2035541310721235125444422910891850237483011202795860636767688585969824347298,105562026962651857589021212088585401411102711760621435608486159867941204641282,0.39,0.43,99.76,55.0,0.04,0.57,0.61,55.0,99.76,0.04,0.41,0.59,0.355389,0.644611,66794.74
1774915228924,2026-03-31T00:00:28.924,btc-updown-15m-1774915200,1774916100,Down,2035541310721235125444422910891850237483011202795860636767688585969824347298,105562026962651857589021212088585401411102711760621435608486159867941204641282,0.36,0.37,46.0,718.91,0.01,0.63,0.64,718.91,46.0,0.01,0.365,0.635,0.939862,0.060138,66794.74
1774915229925,2026-03-31T00:00:29.925,btc-updown-15m-1774915200,1774916100,Down,2035541310721235125444422910891850237483011202795860636767688585969824347298,105562026962651857589021212088585401411102711760621435608486159867941204641282,0.31,0.33,45.0,23.22,0.02,0.67,0.69,23.22,45.0,0.02,0.32,0.68,0.340369,0.659631,66745.56
1774915230925,2026-03-31T00:00:30.925,btc-updown-15m-1774915200,1774916100,Down,2035541310721235125444422910891850237483011202795860636767688585969824347298,105562026962651857589021212088585401411102711760621435608486159867941204641282,0.26,0.28,35.84,24.64,0.02,0.73,0.74,24.64,10.1,0.01,0.27,0.735,0.407407,0.290731,66745.56
1774915231926,2026-03-31T00:00:31.926,btc-updown-15m-1774915200,1774916100,Down,2035541310721235125444422910891850237483011202795860636767688585969824347298,105562026962651857589021212088585401411102711760621435608486159867941204641282,0.24,0.25,66.49,766.65,0.01,0.75,0.76,766.65,66.49,0.01,0.245,0.755,0.920193,0.079807,66745.56
1774915232927,2026-03-31T00:00:32.927,btc-updown-15m-1774915200,1774916100,Down,2035541310721235125444422910891850237483011202795860636767688585969824347298,105562026962651857589021212088585401411102711760621435608486159867941204641282,0.24,0.25,2.8,760.06,0.01,0.75,0.76,760.06,2.8,0.01,0.245,0.755,0.99633,0.00367,66737.52
1774915233927,2026-03-31T00:00:33.927,btc-updown-15m-1774915200,1774916100,Down,2035541310721235125444422910891850237483011202795860636767688585969824347298,105562026962651857589021212088585401411102711760621435608486159867941204641282,0.23,0.24,15.83,826.0,0.01,0.76,0.77,826.0,15.83,0.01,0.235,0.765,0.981196,0.018804,66737.52
1774915234928,2026-03-31T00:00:34.928,btc-updown-15m-1774915200,1774916100,Down,2035541310721235125444422910891850237483011202795860636767688585969824347298,105562026962651857589021212088585401411102711760621435608486159867941204641282,0.23,0.26,52.06,859.0,0.03,0.74,0.77,859.0,52.06,0.03,0.245,0.755,0.942858,0.057142,66737.52
1774915235928,2026-03-31T00:00:35.928,btc-updown-15m-1774915200,1774916100,Down,2035541310721235125444422910891850237483011202795860636767688585969824347298,105562026962651857589021212088585401411102711760621435608486159867941204641282,0.26,0.29,5.0,1334.0,0.03,0.71,0.74,1334.0,5.0,0.03,0.275,0.725,0.996266,0.003734,66738.74
1774915236929,2026-03-31T00:00:36.929,btc-updown-15m-1774915200,1774916100,Down,2035541310721235125444422910891850237483011202795860636767688585969824347298,105562026962651857589021212088585401411102711760621435608486159867941204641282,0.28,0.31,240.33,60.78,0.03,0.69,0.72,60.78,240.33,0.03,0.295,0.705,0.201853,0.798147,66738.74
1774915237929,2026-03-31T00:00:37.929,btc-updown-15m-1774915200,1774916100,Down,2035541310721235125444422910891850237483011202795860636767688585969824347298,105562026962651857589021212088585401411102711760621435608486159867941204641282,0.28,0.3,52.0,44.12,0.02,0.7,0.72,44.12,52.0,0.02,0.29,0.71,0.45901,0.54099,66738.74
1774915238929,2026-03-31T00:00:38.929,btc-updown-15m-1774915200,1774916100,Down,2035541310721235125444422910891850237483011202795860636767688585969824347298,105562026962651857589021212088585401411102711760621435608486159867941204641282,0.28,0.29,3.9,883.12,0.01,0.71,0.72,883.12,3.9,0.01,0.285,0.715,0.995603,0.004397,66738.74
1774915239929,2026-03-31T00:00:39.929,btc-updown-15m-1774915200,1774916100,Down,2035541310721235125444422910891850237483011202795860636767688585969824347298,105562026962651857589021212088585401411102711760621435608486159867941204641282,0.28,0.31,48.3,849.12,0.03,0.69,0.72,849.12,48.3,0.03,0.295,0.705,0.946179,0.053821,66738.74
1774915240930,2026-03-31T00:00:40.930,btc-updown-15m-1774915200,1774916100,Down,2035541310721235125444422910891850237483011202795860636767688585969824347298,105562026962651857589021212088585401411102711760621435608486159867941204641282,0.27,0.3,11.14,25.0,0.03,0.7,0.73,25.0,11.14,0.03,0.285,0.715,0.691754,0.308246,66738.74
1774915241931,2026-03-31T00:00:41.931,btc-updown-15m-1774915200,1774916100,Down,2035541310721235125444422910891850237483011202795860636767688585969824347298,105562026962651857589021212088585401411102711760621435608486159867941204641282,0.23,0.26,66.0,28.0,0.03,0.74,0.77,28.0,66.0,0.03,0.245,0.755,0.297872,0.702128,66729.85
1774915242932,2026-03-31T00:00:42.932,btc-updown-15m-1774915200,1774916100,Down,2035541310721235125444422910891850237483011202795860636767688585969824347298,105562026962651857589021212088585401411102711760621435608486159867941204641282,0.24,0.25,21.02,25.0,0.01,0.75,0.76,25.0,21.02,0.01,0.245,0.755,0.543242,0.456758,66729.85
1774915243932,2026-03-31T00:00:43.932,btc-updown-15m-1774915200,1774916100,Down,2035541310721235125444422910891850237483011202795860636767688585969824347298,105562026962651857589021212088585401411102711760621435608486159867941204641282,0.24,0.26,4.42,22.36,0.02,0.74,0.76,22.36,4.42,0.02,0.25,0.75,0.834951,0.165049,66729.85
1774915244932,2026-03-31T00:00:44.932,btc-updown-15m-1774915200,1774916100,Down,2035541310721235125444422910891850237483011202795860636767688585969824347298,105562026962651857589021212088585401411102711760621435608486159867941204641282,0.27,0.29,10.0,15.0,0.02,0.72,0.73,15.0,0.35,0.01,0.28,0.725,0.6,0.022801,66734.0
1774915245933,2026-03-31T00:00:45.933,btc-updown-15m-1774915200,1774916100,Down,2035541310721235125444422910891850237483011202795860636767688585969824347298,105562026962651857589021212088585401411102711760621435608486159867941204641282,0.27,0.28,3.57,103.0,0.01,0.72,0.73,139.0,3.57,0.01,0.275,0.725,0.966501,0.02504,66734.0
1774915246934,2026-03-31T00:00:46.934,btc-updown-15m-1774915200,1774916100,Down,2035541310721235125444422910891850237483011202795860636767688585969824347298,105562026962651857589021212088585401411102711760621435608486159867941204641282,0.26,0.28,69.2,28.04,0.02,0.72,0.73,10.0,69.2,0.01,0.27,0.725,0.288359,0.873737,66734.0
1774915247934,2026-03-31T00:00:47.934,btc-updown-15m-1774915200,1774916100,Down,2035541310721235125444422910891850237483011202795860636767688585969824347298,105562026962651857589021212088585401411102711760621435608486159867941204641282,0.24,0.27,455.0,10.0,0.03,0.73,0.74,13.94,455.0,0.01,0.255,0.735,0.021505,0.970273,66723.61
1774915248934,2026-03-31T00:00:48.934,btc-updown-15m-1774915200,1774916100,Down,2035541310721235125444422910891850237483011202795860636767688585969824347298,105562026962651857589021212088585401411102711760621435608486159867941204641282,0.23,0.25,93.0,181.18,0.02,0.75,0.77,181.18,93.0,0.02,0.24,0.76,0.660807,0.339193,66723.61
1774915249935,2026-03-31T00:00:49.935,btc-updown-15m-1774915200,1774916100,Down,2035541310721235125444422910891850237483011202795860636767688585969824347298,105562026962651857589021212088585401411102711760621435608486159867941204641282,0.21,0.25,1157.69,225.63,0.04,0.75,0.79,225.63,1157.69,0.04,0.23,0.77,0.163108,0.836892,66723.61
1774915250935,2026-03-31T00:00:50.935,btc-updown-15m-1774915200,1774916100,Down,2035541310721235125444422910891850237483011202795860636767688585969824347298,105562026962651857589021212088585401411102711760621435608486159867941204641282,0.21,0.22,58.94,279.6,0.01,0.78,0.79,279.6,58.94,0.01,0.215,0.785,0.825899,0.174101,66720.5
1774915251937,2026-03-31T00:00:51.937,btc-updown-15m-1774915200,1774916100,Down,2035541310721235125444422910891850237483011202795860636767688585969824347298,105562026962651857589021212088585401411102711760621435608486159867941204641282,0.21,0.22,76.68,337.6,0.01,0.78,0.79,337.6,76.68,0.01,0.215,0.785,0.814908,0.185092,66720.5
1774915252937,2026-03-31T00:00:52.937,btc-updown-15m-1774915200,1774916100,Down,2035541310721235125444422910891850237483011202795860636767688585969824347298,105562026962651857589021212088585401411102711760621435608486159867941204641282,0.21,0.22,76.68,337.6,0.01,0.78,0.79,337.6,76.68,0.01,0.215,0.785,0.814908,0.185092,66720.5
1774915253937,2026-03-31T00:00:53.937,btc-updown-15m-1774915200,1774916100,Down,2035541310721235125444422910891850237483011202795860636767688585969824347298,105562026962651857589021212088585401411102711760621435608486159867941204641282,0.21,0.22,41.65,18.0,0.01,0.78,0.79,18.0,41.65,0.01,0.215,0.785,0.30176,0.69824,66722.35
1774915254938,2026-03-31T00:00:54.938,btc-updown-15m-1774915200,1774916100,Down,2035541310721235125444422910891850237483011202795860636767688585969824347298,105562026962651857589021212088585401411102711760621435608486159867941204641282,0.22,0.25,61.19,20.0,0.03,0.75,0.78,20.0,61.19,0.03,0.235,0.765,0.246336,0.753664,66722.35
1774915255938,2026-03-31T00:00:55.938,btc-updown-15m-1774915200,1774916100,Down,2035541310721235125444422910891850237483011202795860636767688585969824347298,105562026962651857589021212088585401411102711760621435608486159867941204641282,0.23,0.25,793.43,55.5,0.02,0.75,0.77,55.5,793.43,0.02,0.24,0.76,0.065376,0.934624,66722.35
1774915256939,2026-03-31T00:00:56.939,btc-updown-15m-1774915200,1774916100,Down,2035541310721235125444422910891850237483011202795860636767688585969824347298,105562026962651857589021212088585401411102711760621435608486159867941204641282,0.23,0.24,53.54,111.9,0.01,0.76,0.77,111.9,53.54,0.01,0.235,0.765,0.676378,0.323622,66722.36
1774915257940,2026-03-31T00:00:57.940,btc-updown-15m-1774915200,1774916100,Down,2035541310721235125444422910891850237483011202795860636767688585969824347298,105562026962651857589021212088585401411102711760621435608486159867941204641282,0.23,0.25,5.0,162.8,0.02,0.75,0.77,162.8,5.0,0.02,0.24,0.76,0.970203,0.029797,66722.36
1774915258940,2026-03-31T00:00:58.940,btc-updown-15m-1774915200,1774916100,Down,2035541310721235125444422910891850237483011202795860636767688585969824347298,105562026962651857589021212088585401411102711760621435608486159867941204641282,0.23,0.24,1.0,132.42,0.01,0.76,0.77,132.42,1.0,0.01,0.235,0.765,0.992505,0.007495,66722.36
1774915259940,2026-03-31T00:00:59.940,btc-updown-15m-1774915200,1774916100,Down,2035541310721235125444422910891850237483011202795860636767688585969824347298,105562026962651857589021212088585401411102711760621435608486159867941204641282,0.23,0.24,26.0,303.65,0.01,0.76,0.77,303.65,26.0,0.01,0.235,0.765,0.921128,0.078872,66722.36
1774915260940,2026-03-31T00:01:00.940,btc-updown-15m-1774915200,1774916100,Down,2035541310721235125444422910891850237483011202795860636767688585969824347298,105562026962651857589021212088585401411102711760621435608486159867941204641282,0.23,0.24,21.0,289.65,0.01,0.76,0.77,289.65,21.0,0.01,0.235,0.765,0.9324,0.0676,66722.36
1774915261942,2026-03-31T00:01:01.942,btc-updown-15m-1774915200,1774916100,Down,2035541310721235125444422910891850237483011202795860636767688585969824347298,105562026962651857589021212088585401411102711760621435608486159867941204641282,0.26,0.27,161.0,932.44,0.01,0.73,0.74,932.44,161.0,0.01,0.265,0.735,0.852758,0.147242,66722.36
1774915262943,2026-03-31T00:01:02.943,btc-updown-15m-1774915200,1774916100,Down,2035541310721235125444422910891850237483011202795860636767688585969824347298,105562026962651857589021212088585401411102711760621435608486159867941204641282,0.27,0.28,137.79,1216.47,0.01,0.72,0.73,1216.47,137.79,0.01,0.275,0.725,0.898254,0.101746,66737.91
1774915263945,2026-03-31T00:01:03.945,btc-updown-15m-1774915200,1774916100,Down,2035541310721235125444422910891850237483011202795860636767688585969824347298,105562026962651857589021212088585401411102711760621435608486159867941204641282,0.29,0.3,201.14,188.0,0.01,0.7,0.71,188.0,201.14,0.01,0.295,0.705,0.483117,0.516883,66737.91
1774915264945,2026-03-31T00:01:04.945,btc-updown-15m-1774915200,1774916100,Down,2035541310721235125444422910891850237483011202795860636767688585969824347298,105562026962651857589021212088585401411102711760621435608486159867941204641282,0.29,0.3,190.18,194.88,0.01,0.7,0.71,194.88,190.18,0.01,0.295,0.705,0.506103,0.493897,66737.91
1774915265946,2026-03-31T00:01:05.946,btc-updown-15m-1774915200,1774916100,Down,2035541310721235125444422910891850237483011202795860636767688585969824347298,105562026962651857589021212088585401411102711760621435608486159867941204641282,0.29,0.3,47.81,214.88,0.01,0.7,0.71,214.88,47.81,0.01,0.295,0.705,0.817998,0.182002,66737.91
1774915266946,2026-03-31T00:01:06.946,btc-updown-15m-1774915200,1774916100,Down,2035541310721235125444422910891850237483011202795860636767688585969824347298,105562026962651857589021212088585401411102711760621435608486159867941204641282,0.29,0.3,76.81,66.33,0.01,0.7,0.71,66.33,76.81,0.01,0.295,0.705,0.463392,0.536608,66737.91
1774915267947,2026-03-31T00:01:07.947,btc-updown-15m-1774915200,1774916100,Down,2035541310721235125444422910891850237483011202795860636767688585969824347298,105562026962651857589021212088585401411102711760621435608486159867941204641282,0.29,0.3,41.81,203.3,0.01,0.7,0.71,203.3,41.81,0.01,0.295,0.705,0.829424,0.170576,66737.91
1774915268947,2026-03-31T00:01:08.947,btc-updown-15m-1774915200,1774916100,Down,2035541310721235125444422910891850237483011202795860636767688585969824347298,105562026962651857589021212088585401411102711760621435608486159867941204641282,0.29,0.3,33.14,167.66,0.01,0.7,0.71,167.66,33.14,0.01,0.295,0.705,0.83496,0.16504,66740.38
1774915269948,2026-03-31T00:01:09.948,btc-updown-15m-1774915200,1774916100,Down,2035541310721235125444422910891850237483011202795860636767688585969824347298,105562026962651857589021212088585401411102711760621435608486159867941204641282,0.29,0.3,28.14,142.15,0.01,0.7,0.71,142.15,28.14,0.01,0.295,0.705,0.834752,0.165248,66740.38
1774915270950,2026-03-31T00:01:10.950,btc-updown-15m-1774915200,1774916100,Down,2035541310721235125444422910891850237483011202795860636767688585969824347298,105562026962651857589021212088585401411102711760621435608486159867941204641282,0.29,0.3,23.14,120.79,0.01,0.7,0.71,120.79,23.14,0.01,0.295,0.705,0.839227,0.160773,66740.38
1774915271950,2026-03-31T00:01:11.950,btc-updown-15m-1774915200,1774916100,Down,2035541310721235125444422910891850237483011202795860636767688585969824347298,105562026962651857589021212088585401411102711760621435608486159867941204641282,0.29,0.3,22.97,128.37,0.01,0.7,0.71,128.37,22.97,0.01,0.295,0.705,0.848223,0.151777,66740.38
1774915272952,2026-03-31T00:01:12.952,btc-updown-15m-1774915200,1774916100,Down,2035541310721235125444422910891850237483011202795860636767688585969824347298,105562026962651857589021212088585401411102711760621435608486159867941204641282,0.29,0.3,25.0,18.91,0.01,0.7,0.71,18.91,25.0,0.01,0.295,0.705,0.430654,0.569346,66740.38
1774915273952,2026-03-31T00:01:13.952,btc-updown-15m-1774915200,1774916100,Down,2035541310721235125444422910891850237483011202795860636767688585969824347298,105562026962651857589021212088585401411102711760621435608486159867941204641282,0.29,0.3,61.91,20.0,0.01,0.7,0.71,20.0,61.91,0.01,0.295,0.705,0.24417,0.75583,66740.38
1774915274953,2026-03-31T00:01:14.953,btc-updown-15m-1774915200,1774916100,Down,2035541310721235125444422910891850237483011202795860636767688585969824347298,105562026962651857589021212088585401411102711760621435608486159867941204641282,0.22,0.24,159.95,836.39,0.02,0.76,0.78,841.42,142.0,0.02,0.23,0.77,0.839462,0.144394,66726.52
1774915275953,2026-03-31T00:01:15.953,btc-updown-15m-1774915200,1774916100,Down,2035541310721235125444422910891850237483011202795860636767688585969824347298,105562026962651857589021212088585401411102711760621435608486159867941204641282,0.23,0.24,167.15,28.4,0.01,0.76,0.77,28.4,167.15,0.01,0.235,0.765,0.145231,0.854769,66726.52
1774915276954,2026-03-31T00:01:16.954,btc-updown-15m-1774915200,1774916100,Down,2035541310721235125444422910891850237483011202795860636767688585969824347298,105562026962651857589021212088585401411102711760621435608486159867941204641282,0.24,0.25,90.0,60.05,0.01,0.75,0.76,60.05,90.0,0.01,0.245,0.755,0.4002,0.5998,66726.52
1774915277955,2026-03-31T00:01:17.955,btc-updown-15m-1774915200,1774916100,Down,2035541310721235125444422910891850237483011202795860636767688585969824347298,105562026962651857589021212088585401411102711760621435608486159867941204641282,0.24,0.25,106.8,86.02,0.01,0.75,0.76,86.02,106.8,0.01,0.245,0.755,0.446116,0.553884,66726.53
1774915278956,2026-03-31T00:01:18.956,btc-updown-15m-1774915200,1774916100,Down,2035541310721235125444422910891850237483011202795860636767688585969824347298,105562026962651857589021212088585401411102711760621435608486159867941204641282,0.24,0.25,35.0,63.0,0.01,0.75,0.76,63.0,35.0,0.01,0.245,0.755,0.642857,0.357143,66726.53
1774915279957,2026-03-31T00:01:19.957,btc-updown-15m-1774915200,1774916100,Down,2035541310721235125444422910891850237483011202795860636767688585969824347298,105562026962651857589021212088585401411102711760621435608486159867941204641282,0.17,0.18,77.4,1048.97,0.01,0.82,0.83,1048.97,77.4,0.01,0.175,0.825,0.931284,0.068716,66726.53
1774915280957,2026-03-31T00:01:20.957,btc-updown-15m-1774915200,1774916100,Down,2035541310721235125444422910891850237483011202795860636767688585969824347298,105562026962651857589021212088585401411102711760621435608486159867941204641282,0.2,0.22,62.98,47.0,0.02,0.78,0.8,47.0,62.98,0.02,0.21,0.79,0.42735,0.57265,66723.59
1774915281958,2026-03-31T00:01:21.958,btc-updown-15m-1774915200,1774916100,Down,2035541310721235125444422910891850237483011202795860636767688585969824347298,105562026962651857589021212088585401411102711760621435608486159867941204641282,0.21,0.22,39.41,6.0,0.01,0.78,0.79,6.0,39.41,0.01,0.215,0.785,0.132129,0.867871,66723.59
1774915282958,2026-03-31T00:01:22.958,btc-updown-15m-1774915200,1774916100,Down,2035541310721235125444422910891850237483011202795860636767688585969824347298,105562026962651857589021212088585401411102711760621435608486159867941204641282,0.22,0.23,66.0,107.53,0.01,0.77,0.78,107.53,66.0,0.01,0.225,0.775,0.619662,0.380338,66723.59
1774915283958,2026-03-31T00:01:23.958,btc-updown-15m-1774915200,1774916100,Down,2035541310721235125444422910891850237483011202795860636767688585969824347298,105562026962651857589021212088585401411102711760621435608486159867941204641282,0.22,0.23,56.0,904.65,0.01,0.77,0.78,904.65,56.0,0.01,0.225,0.775,0.941706,0.058294,66723.59
1774915284961,2026-03-31T00:01:24.961,btc-updown-15m-1774915200,1774916100,Down,2035541310721235125444422910891850237483011202795860636767688585969824347298,105562026962651857589021212088585401411102711760621435608486159867941204641282,0.22,0.23,11.0,938.65,0.01,0.77,0.78,938.65,11.0,0.01,0.225,0.775,0.988417,0.011583,66723.59
1774915285961,2026-03-31T00:01:25.961,btc-updown-15m-1774915200,1774916100,Down,2035541310721235125444422910891850237483011202795860636767688585969824347298,105562026962651857589021212088585401411102711760621435608486159867941204641282,0.23,0.24,39.0,117.31,0.01,0.76,0.77,117.31,39.0,0.01,0.235,0.765,0.750496,0.249504,66723.59
1774915286961,2026-03-31T00:01:26.961,btc-updown-15m-1774915200,1774916100,Down,2035541310721235125444422910891850237483011202795860636767688585969824347298,105562026962651857589021212088585401411102711760621435608486159867941204641282,0.24,0.25,81.0,25.0,0.01,0.75,0.76,25.0,81.0,0.01,0.245,0.755,0.235849,0.764151,66723.6
1774915287962,2026-03-31T00:01:27.962,btc-updown-15m-1774915200,1774916100,Down,2035541310721235125444422910891850237483011202795860636767688585969824347298,105562026962651857589021212088585401411102711760621435608486159867941204641282,0.24,0.25,66.0,897.62,0.01,0.75,0.76,897.62,66.0,0.01,0.245,0.755,0.931508,0.068492,66723.6
1774915288962,2026-03-31T00:01:28.962,btc-updown-15m-1774915200,1774916100,Down,2035541310721235125444422910891850237483011202795860636767688585969824347298,105562026962651857589021212088585401411102711760621435608486159867941204641282,0.25,0.26,10.0,969.0,0.01,0.74,0.75,969.0,10.0,0.01,0.255,0.745,0.989785,0.010215,66723.6
1774915289963,2026-03-31T00:01:29.963,btc-updown-15m-1774915200,1774916100,Down,2035541310721235125444422910891850237483011202795860636767688585969824347298,105562026962651857589021212088585401411102711760621435608486159867941204641282,0.26,0.27,79.18,58.0,0.01,0.73,0.74,58.0,79.18,0.01,0.265,0.735,0.422802,0.577198,66729.99
1774915290965,2026-03-31T00:01:30.965,btc-updown-15m-1774915200,1774916100,Down,2035541310721235125444422910891850237483011202795860636767688585969824347298,105562026962651857589021212088585401411102711760621435608486159867941204641282,0.25,0.26,6.15,853.9,0.01,0.74,0.75,853.9,6.15,0.01,0.255,0.745,0.992849,0.007151,66729.99
1774915291965,2026-03-31T00:01:31.965,btc-updown-15m-1774915200,1774916100,Down,2035541310721235125444422910891850237483011202795860636767688585969824347298,105562026962651857589021212088585401411102711760621435608486159867941204641282,0.25,0.26,20.0,837.83,0.01,0.74,0.75,837.83,20.0,0.01,0.255,0.745,0.976685,0.023315,66729.99
1774915292966,2026-03-31T00:01:32.966,btc-updown-15m-1774915200,1774916100,Down,2035541310721235125444422910891850237483011202795860636767688585969824347298,105562026962651857589021212088585401411102711760621435608486159867941204641282,0.25,0.26,10.0,861.17,0.01,0.74,0.75,861.17,10.0,0.01,0.255,0.745,0.988521,0.011479,66730.0
1774915293967,2026-03-31T00:01:33.967,btc-updown-15m-1774915200,1774916100,Down,2035541310721235125444422910891850237483011202795860636767688585969824347298,105562026962651857589021212088585401411102711760621435608486159867941204641282,0.25,0.26,3.0,855.62,0.01,0.74,0.75,855.62,3.0,0.01,0.255,0.745,0.996506,0.003494,66730.0
1774915294967,2026-03-31T00:01:34.967,btc-updown-15m-1774915200,1774916100,Down,2035541310721235125444422910891850237483011202795860636767688585969824347298,105562026962651857589021212088585401411102711760621435608486159867941204641282,0.25,0.27,144.77,856.44,0.02,0.73,0.75,856.44,144.77,0.02,0.26,0.74,0.855405,0.144595,66730.0
1774915295968,2026-03-31T00:01:35.968,btc-updown-15m-1774915200,1774916100,Down,2035541310721235125444422910891850237483011202795860636767688585969824347298,105562026962651857589021212088585401411102711760621435608486159867941204641282,0.25,0.26,68.92,57.0,0.01,0.74,0.75,57.0,68.92,0.01,0.255,0.745,0.452668,0.547332,66729.99
1774915296969,2026-03-31T00:01:36.969,btc-updown-15m-1774915200,1774916100,Down,2035541310721235125444422910891850237483011202795860636767688585969824347298,105562026962651857589021212088585401411102711760621435608486159867941204641282,0.25,0.26,165.21,1.48,0.01,0.74,0.75,1.48,165.21,0.01,0.255,0.745,0.008879,0.991121,66729.99
1774915297969,2026-03-31T00:01:37.969,btc-updown-15m-1774915200,1774916100,Down,2035541310721235125444422910891850237483011202795860636767688585969824347298,105562026962651857589021212088585401411102711760621435608486159867941204641282,0.24,0.26,28.5,239.0,0.02,0.74,0.76,239.0,28.5,0.02,0.25,0.75,0.893458,0.106542,66729.99
1774915298970,2026-03-31T00:01:38.970,btc-updown-15m-1774915200,1774916100,Down,2035541310721235125444422910891850237483011202795860636767688585969824347298,105562026962651857589021212088585401411102711760621435608486159867941204641282,0.24,0.25,30.0,269.02,0.01,0.75,0.76,269.02,30.0,0.01,0.245,0.755,0.899672,0.100328,66726.55
1774915299970,2026-03-31T00:01:39.970,btc-updown-15m-1774915200,1774916100,Down,2035541310721235125444422910891850237483011202795860636767688585969824347298,105562026962651857589021212088585401411102711760621435608486159867941204641282,0.24,0.26,5.0,191.6,0.02,0.75,0.76,148.0,45.0,0.01,0.25,0.755,0.974568,0.233161,66726.55
1774915300970,2026-03-31T00:01:40.970,btc-updown-15m-1774915200,1774916100,Down,2035541310721235125444422910891850237483011202795860636767688585969824347298,105562026962651857589021212088585401411102711760621435608486159867941204641282,0.25,0.27,120.0,163.33,0.02,0.73,0.75,163.33,120.0,0.02,0.26,0.74,0.576466,0.423534,66726.55
1774915301971,2026-03-31T00:01:41.971,btc-updown-15m-1774915200,1774916100,Down,2035541310721235125444422910891850237483011202795860636767688585969824347298,105562026962651857589021212088585401411102711760621435608486159867941204641282,0.28,0.29,16.0,17.39,0.01,0.71,0.72,17.39,16.0,0.01,0.285,0.715,0.520815,0.479185,66746.16
1774915302972,2026-03-31T00:01:42.972,btc-updown-15m-1774915200,1774916100,Down,2035541310721235125444422910891850237483011202795860636767688585969824347298,105562026962651857589021212088585401411102711760621435608486159867941204641282,0.28,0.29,3.0,10.39,0.01,0.71,0.72,10.39,3.0,0.01,0.285,0.715,0.775952,0.224048,66746.16
1774915303974,2026-03-31T00:01:43.974,btc-updown-15m-1774915200,1774916100,Down,2035541310721235125444422910891850237483011202795860636767688585969824347298,105562026962651857589021212088585401411102711760621435608486159867941204641282,0.28,0.29,8.0,80.9,0.01,0.71,0.72,80.9,8.0,0.01,0.285,0.715,0.910011,0.089989,66746.16
1774915304976,2026-03-31T00:01:44.976,btc-updown-15m-1774915200,1774916100,Down,2035541310721235125444422910891850237483011202795860636767688585969824347298,105562026962651857589021212088585401411102711760621435608486159867941204641282,0.28,0.29,20.5,272.91,0.01,0.71,0.72,272.91,20.5,0.01,0.285,0.715,0.930132,0.069868,66746.16
1774915305977,2026-03-31T00:01:45.977,btc-updown-15m-1774915200,1774916100,Down,2035541310721235125444422910891850237483011202795860636767688585969824347298,105562026962651857589021212088585401411102711760621435608486159867941204641282,0.29,0.3,36.94,224.07,0.01,0.7,0.71,224.07,36.94,0.01,0.295,0.705,0.858473,0.141527,66746.16
1774915306977,2026-03-31T00:01:46.977,btc-updown-15m-1774915200,1774916100,Down,2035541310721235125444422910891850237483011202795860636767688585969824347298,105562026962651857589021212088585401411102711760621435608486159867941204641282,0.3,0.31,70.77,80.0,0.01,0.69,0.7,80.0,70.77,0.01,0.305,0.695,0.53061,0.46939,66746.16
1774915307977,2026-03-31T00:01:47.977,btc-updown-15m-1774915200,1774916100,Down,2035541310721235125444422910891850237483011202795860636767688585969824347298,105562026962651857589021212088585401411102711760621435608486159867941204641282,0.3,0.31,141.55,54.65,0.01,0.69,0.7,54.65,141.55,0.01,0.305,0.695,0.278542,0.721458,66746.16
1774915308978,2026-03-31T00:01:48.978,btc-updown-15m-1774915200,1774916100,Down,2035541310721235125444422910891850237483011202795860636767688585969824347298,105562026962651857589021212088585401411102711760621435608486159867941204641282,0.28,0.29,70.55,202.5,0.01,0.71,0.72,202.5,70.55,0.01,0.285,0.715,0.741622,0.258378,66746.16
1774915309978,2026-03-31T00:01:49.978,btc-updown-15m-1774915200,1774916100,Down,2035541310721235125444422910891850237483011202795860636767688585969824347298,105562026962651857589021212088585401411102711760621435608486159867941204641282,0.28,0.3,111.5,203.71,0.02,0.7,0.72,203.71,111.5,0.02,0.29,0.71,0.646268,0.353732,66746.16
1774915310979,2026-03-31T00:01:50.979,btc-updown-15m-1774915200,1774916100,Down,2035541310721235125444422910891850237483011202795860636767688585969824347298,105562026962651857589021212088585401411102711760621435608486159867941204641282,0.28,0.29,27.6,279.46,0.01,0.71,0.72,320.46,27.6,0.01,0.285,0.715,0.910115,0.079297,66746.16
1774915311980,2026-03-31T00:01:51.980,btc-updown-15m-1774915200,1774916100,Down,2035541310721235125444422910891850237483011202795860636767688585969824347298,105562026962651857589021212088585401411102711760621435608486159867941204641282,0.28,0.29,36.77,198.38,0.01,0.71,0.72,198.38,36.77,0.01,0.285,0.715,0.843632,0.156368,66746.16
1774915312980,2026-03-31T00:01:52.980,btc-updown-15m-1774915200,1774916100,Down,2035541310721235125444422910891850237483011202795860636767688585969824347298,105562026962651857589021212088585401411102711760621435608486159867941204641282,0.26,0.27,155.98,1.28,0.01,0.73,0.74,2.64,135.98,0.01,0.265,0.735,0.008139,0.980955,66746.16
1774915313982,2026-03-31T00:01:53.982,btc-updown-15m-1774915200,1774916100,Down,2035541310721235125444422910891850237483011202795860636767688585969824347298,105562026962651857589021212088585401411102711760621435608486159867941204641282,0.23,0.24,25.0,301.26,0.01,0.74,0.77,306.26,1152.5,0.03,0.235,0.755,0.923374,0.790055,66719.05
1774915314982,2026-03-31T00:01:54.982,btc-updown-15m-1774915200,1774916100,Down,2035541310721235125444422910891850237483011202795860636767688585969824347298,105562026962651857589021212088585401411102711760621435608486159867941204641282,0.2,0.21,154.0,8.03,0.01,0.79,0.8,8.03,154.0,0.01,0.205,0.795,0.049559,0.950441,66719.05
1774915315983,2026-03-31T00:01:55.983,btc-updown-15m-1774915200,1774916100,Down,2035541310721235125444422910891850237483011202795860636767688585969824347298,105562026962651857589021212088585401411102711760621435608486159867941204641282,0.2,0.21,146.63,40.65,0.01,0.79,0.8,40.65,146.63,0.01,0.205,0.795,0.217055,0.782945,66719.05
1774915316983,2026-03-31T00:01:56.983,btc-updown-15m-1774915200,1774916100,Down,2035541310721235125444422910891850237483011202795860636767688585969824347298,105562026962651857589021212088585401411102711760621435608486159867941204641282,0.2,0.21,140.91,34.21,0.01,0.79,0.8,34.21,140.91,0.01,0.205,0.795,0.195352,0.804648,66719.05
1774915317984,2026-03-31T00:01:57.984,btc-updown-15m-1774915200,1774916100,Down,2035541310721235125444422910891850237483011202795860636767688585969824347298,105562026962651857589021212088585401411102711760621435608486159867941204641282,0.2,0.21,131.37,34.21,0.01,0.79,0.8,34.21,131.37,0.01,0.205,0.795,0.206607,0.793393,66719.05
1774915318985,2026-03-31T00:01:58.985,btc-updown-15m-1774915200,1774916100,Down,2035541310721235125444422910891850237483011202795860636767688585969824347298,105562026962651857589021212088585401411102711760621435608486159867941204641282,0.2,0.21,131.37,25.67,0.01,0.79,0.8,25.67,131.37,0.01,0.205,0.795,0.163462,0.836538,66719.05
1774915319986,2026-03-31T00:01:59.986,btc-updown-15m-1774915200,1774916100,Down,2035541310721235125444422910891850237483011202795860636767688585969824347298,105562026962651857589021212088585401411102711760621435608486159867941204641282,0.2,0.21,198.94,11.29,0.01,0.79,0.8,11.29,198.94,0.01,0.205,0.795,0.053703,0.946297,66710.94
1774915320986,2026-03-31T00:02:00.986,btc-updown-15m-1774915200,1774916100,Down,2035541310721235125444422910891850237483011202795860636767688585969824347298,105562026962651857589021212088585401411102711760621435608486159867941204641282,0.19,0.21,119.94,27.58,0.02,0.79,0.81,27.58,119.94,0.02,0.2,0.8,0.186958,0.813042,66710.94
1774915321987,2026-03-31T00:02:01.987,btc-updown-15m-1774915200,1774916100,Down,2035541310721235125444422910891850237483011202795860636767688585969824347298,105562026962651857589021212088585401411102711760621435608486159867941204641282,0.21,0.22,19.0,293.5,0.01,0.78,0.79,293.5,19.0,0.01,0.215,0.785,0.9392,0.0608,66710.94
1774915322989,2026-03-31T00:02:02.989,btc-updown-15m-1774915200,1774916100,Down,2035541310721235125444422910891850237483011202795860636767688585969824347298,105562026962651857589021212088585401411102711760621435608486159867941204641282,0.22,0.23,8.48,34.0,0.01,0.77,0.78,34.0,8.48,0.01,0.225,0.775,0.800377,0.199623,66730.23
1774915323989,2026-03-31T00:02:03.989,btc-updown-15m-1774915200,1774916100,Down,2035541310721235125444422910891850237483011202795860636767688585969824347298,105562026962651857589021212088585401411102711760621435608486159867941204641282,0.22,0.28,250.25,1046.96,0.06,0.72,0.78,1046.96,250.25,0.06,0.25,0.75,0.807086,0.192914,66730.23
1774915324990,2026-03-31T00:02:04.990,btc-updown-15m-1774915200,1774916100,Down,2035541310721235125444422910891850237483011202795860636767688585969824347298,105562026962651857589021212088585401411102711760621435608486159867941204641282,0.25,0.26,36.5,15.0,0.01,0.74,0.75,15.0,36.5,0.01,0.255,0.745,0.291262,0.708738,66730.23
1774915325991,2026-03-31T00:02:05.991,btc-updown-15m-1774915200,1774916100,Down,2035541310721235125444422910891850237483011202795860636767688585969824347298,105562026962651857589021212088585401411102711760621435608486159867941204641282,0.25,0.26,24.96,91.0,0.01,0.74,0.75,91.0,24.96,0.01,0.255,0.745,0.784753,0.215247,66730.23
1774915326992,2026-03-31T00:02:06.992,btc-updown-15m-1774915200,1774916100,Down,2035541310721235125444422910891850237483011202795860636767688585969824347298,105562026962651857589021212088585401411102711760621435608486159867941204641282,0.25,0.26,24.96,91.0,0.01,0.74,0.75,91.0,24.96,0.01,0.255,0.745,0.784753,0.215247,66730.23
1774915327992,2026-03-31T00:02:07.992,btc-updown-15m-1774915200,1774916100,Down,2035541310721235125444422910891850237483011202795860636767688585969824347298,105562026962651857589021212088585401411102711760621435608486159867941204641282,0.25,0.26,58.96,99.67,0.01,0.74,0.75,96.0,53.96,0.01,0.255,0.745,0.628317,0.359829,66730.23
1774915328994,2026-03-31T00:02:08.994,btc-updown-15m-1774915200,1774916100,Down,2035541310721235125444422910891850237483011202795860636767688585969824347298,105562026962651857589021212088585401411102711760621435608486159867941204641282,0.25,0.26,48.96,94.66,0.01,0.74,0.75,94.66,48.96,0.01,0.255,0.745,0.6591,0.3409,66730.23
1774915329995,2026-03-31T00:02:09.995,btc-updown-15m-1774915200,1774916100,Down,2035541310721235125444422910891850237483011202795860636767688585969824347298,105562026962651857589021212088585401411102711760621435608486159867941204641282,0.25,0.26,61.46,93.32,0.01,0.74,0.75,93.32,61.46,0.01,0.255,0.745,0.60292,0.39708,66730.23
1774915330995,2026-03-31T00:02:10.995,btc-updown-15m-1774915200,1774916100,Down,2035541310721235125444422910891850237483011202795860636767688585969824347298,105562026962651857589021212088585401411102711760621435608486159867941204641282,0.25,0.26,7.08,212.11,0.01,0.74,0.75,212.11,7.08,0.01,0.255,0.745,0.967699,0.032301,66730.23
1774915331997,2026-03-31T00:02:11.997,btc-updown-15m-1774915200,1774916100,Down,2035541310721235125444422910891850237483011202795860636767688585969824347298,105562026962651857589021212088585401411102711760621435608486159867941204641282,0.25,0.26,2.08,267.03,0.01,0.74,0.75,267.03,2.08,0.01,0.255,0.745,0.992271,0.007729,66730.23
1774915332997,2026-03-31T00:02:12.997,btc-updown-15m-1774915200,1774916100,Down,2035541310721235125444422910891850237483011202795860636767688585969824347298,105562026962651857589021212088585401411102711760621435608486159867941204641282,0.25,0.26,17.5,160.4,0.01,0.74,0.75,160.4,17.5,0.01,0.255,0.745,0.90163,0.09837,66730.23
1774915334000,2026-03-31T00:02:14.000,btc-updown-15m-1774915200,1774916100,Down,2035541310721235125444422910891850237483011202795860636767688585969824347298,105562026962651857589021212088585401411102711760621435608486159867941204641282,0.25,0.26,22.5,166.01,0.01,0.74,0.75,166.01,22.5,0.01,0.255,0.745,0.880643,0.119357,66730.23
1774915335000,2026-03-31T00:02:15.000,btc-updown-15m-1774915200,1774916100,Down,2035541310721235125444422910891850237483011202795860636767688585969824347298,105562026962651857589021212088585401411102711760621435608486159867941204641282,0.27,0.28,42.25,12.0,0.01,0.72,0.73,12.0,42.25,0.01,0.275,0.725,0.221198,0.778802,66739.0
1774915336001,2026-03-31T00:02:16.001,btc-updown-15m-1774915200,1774916100,Down,2035541310721235125444422910891850237483011202795860636767688585969824347298,105562026962651857589021212088585401411102711760621435608486159867941204641282,0.27,0.28,38.67,1079.63,0.01,0.72,0.73,1079.63,38.67,0.01,0.275,0.725,0.965421,0.034579,66739.0
1774915337002,2026-03-31T00:02:17.002,btc-updown-15m-1774915200,1774916100,Down,2035541310721235125444422910891850237483011202795860636767688585969824347298,105562026962651857589021212088585401411102711760621435608486159867941204641282,0.27,0.28,38.67,1079.63,0.01,0.72,0.73,1079.63,38.67,0.01,0.275,0.725,0.965421,0.034579,66739.0
1774915338002,2026-03-31T00:02:18.002,btc-updown-15m-1774915200,1774916100,Down,2035541310721235125444422910891850237483011202795860636767688585969824347298,105562026962651857589021212088585401411102711760621435608486159867941204641282,0.23,0.24,114.0,16.68,0.01,0.76,0.77,16.68,114.0,0.01,0.235,0.765,0.12764,0.87236,66719.06
1774915339003,2026-03-31T00:02:19.003,btc-updown-15m-1774915200,1774916100,Down,2035541310721235125444422910891850237483011202795860636767688585969824347298,105562026962651857589021212088585401411102711760621435608486159867941204641282,0.22,0.23,1081.41,14.32,0.01,0.77,0.78,14.32,1081.41,0.01,0.225,0.775,0.013069,0.986931,66719.06
1774915340003,2026-03-31T00:02:20.003,btc-updown-15m-1774915200,1774916100,Down,2035541310721235125444422910891850237483011202795860636767688585969824347298,105562026962651857589021212088585401411102711760621435608486159867941204641282,0.22,0.23,995.76,11.42,0.01,0.77,0.78,11.42,995.76,0.01,0.225,0.775,0.011339,0.988661,66719.06
1774915341004,2026-03-31T00:02:21.004,btc-updown-15m-1774915200,1774916100,Down,2035541310721235125444422910891850237483011202795860636767688585969824347298,105562026962651857589021212088585401411102711760621435608486159867941204641282,0.22,0.23,995.76,11.42,0.01,0.77,0.78,11.42,995.76,0.01,0.225,0.775,0.011339,0.988661,66719.06
1774915342005,2026-03-31T00:02:22.005,btc-updown-15m-1774915200,1774916100,Down,2035541310721235125444422910891850237483011202795860636767688585969824347298,105562026962651857589021212088585401411102711760621435608486159867941204641282,0.22,0.23,922.92,124.92,0.01,0.77,0.78,124.92,922.92,0.01,0.225,0.775,0.119217,0.880783,66719.06
1774915343006,2026-03-31T00:02:23.006,btc-updown-15m-1774915200,1774916100,Down,2035541310721235125444422910891850237483011202795860636767688585969824347298,105562026962651857589021212088585401411102711760621435608486159867941204641282,0.22,0.23,922.92,124.92,0.01,0.77,0.78,124.92,922.92,0.01,0.225,0.775,0.119217,0.880783,66719.06
1774915344006,2026-03-31T00:02:24.006,btc-updown-15m-1774915200,1774916100,Down,2035541310721235125444422910891850237483011202795860636767688585969824347298,105562026962651857589021212088585401411102711760621435608486159867941204641282,0.22,0.23,916.92,11.29,0.01,0.77,0.78,11.29,916.92,0.01,0.225,0.775,0.012163,0.987837,66720.36
1774915345007,2026-03-31T00:02:25.007,btc-updown-15m-1774915200,1774916100,Down,2035541310721235125444422910891850237483011202795860636767688585969824347298,105562026962651857589021212088585401411102711760621435608486159867941204641282,0.22,0.23,845.0,88.91,0.01,0.77,0.78,88.91,845.0,0.01,0.225,0.775,0.095202,0.904798,66720.36
1774915346007,2026-03-31T00:02:26.007,btc-updown-15m-1774915200,1774916100,Down,2035541310721235125444422910891850237483011202795860636767688585969824347298,105562026962651857589021212088585401411102711760621435608486159867941204641282,0.22,0.23,845.0,88.91,0.01,0.77,0.78,88.91,845.0,0.01,0.225,0.775,0.095202,0.904798,66720.36
1774915347008,2026-03-31T00:02:27.008,btc-updown-15m-1774915200,1774916100,Down,2035541310721235125444422910891850237483011202795860636767688585969824347298,105562026962651857589021212088585401411102711760621435608486159867941204641282,0.22,0.23,40.0,212.27,0.01,0.77,0.78,212.27,40.0,0.01,0.225,0.775,0.84144,0.15856,66722.02
1774915348009,2026-03-31T00:02:28.009,btc-updown-15m-1774915200,1774916100,Down,2035541310721235125444422910891850237483011202795860636767688585969824347298,105562026962651857589021212088585401411102711760621435608486159867941204641282,0.23,0.24,96.0,154.38,0.01,0.76,0.77,154.38,96.0,0.01,0.235,0.765,0.616583,0.383417,66722.02
1774915349009,2026-03-31T00:02:29.009,btc-updown-15m-1774915200,1774916100,Down,2035541310721235125444422910891850237483011202795860636767688585969824347298,105562026962651857589021212088585401411102711760621435608486159867941204641282,0.23,0.24,71.83,169.38,0.01,0.76,0.77,169.38,71.83,0.01,0.235,0.765,0.70221,0.29779,66722.02
1774915350010,2026-03-31T00:02:30.010,btc-updown-15m-1774915200,1774916100,Down,2035541310721235125444422910891850237483011202795860636767688585969824347298,105562026962651857589021212088585401411102711760621435608486159867941204641282,0.24,0.26,81.0,105.0,0.02,0.74,0.76,105.0,81.0,0.02,0.25,0.75,0.564516,0.435484,66732.3
1774915351010,2026-03-31T00:02:31.010,btc-updown-15m-1774915200,1774916100,Down,2035541310721235125444422910891850237483011202795860636767688585969824347298,105562026962651857589021212088585401411102711760621435608486159867941204641282,0.26,0.27,845.0,171.5,0.01,0.73,0.74,171.5,845.0,0.01,0.265,0.735,0.168716,0.831284,66732.3
1774915352011,2026-03-31T00:02:32.011,btc-updown-15m-1774915200,1774916100,Down,2035541310721235125444422910891850237483011202795860636767688585969824347298,105562026962651857589021212088585401411102711760621435608486159867941204641282,0.3,0.33,18.72,43.25,0.03,0.68,0.71,65.0,5.0,0.03,0.315,0.695,0.697918,0.071429,66732.3
1774915353011,2026-03-31T00:02:33.011,btc-updown-15m-1774915200,1774916100,Down,2035541310721235125444422910891850237483011202795860636767688585969824347298,105562026962651857589021212088585401411102711760621435608486159867941204641282,0.41,0.42,40.18,113.0,0.01,0.58,0.59,143.0,98.18,0.01,0.415,0.585,0.737694,0.407082,66782.39
1774915354012,2026-03-31T00:02:34.012,btc-updown-15m-1774915200,1774916100,Down,2035541310721235125444422910891850237483011202795860636767688585969824347298,105562026962651857589021212088585401411102711760621435608486159867941204641282,0.44,0.45,82.58,95.77,0.01,0.55,0.56,95.77,82.58,0.01,0.445,0.555,0.536978,0.463022,66782.39
1774915355014,2026-03-31T00:02:35.014,btc-updown-15m-1774915200,1774916100,Down,2035541310721235125444422910891850237483011202795860636767688585969824347298,105562026962651857589021212088585401411102711760621435608486159867941204641282,0.44,0.45,45.01,16.25,0.01,0.55,0.56,16.25,45.01,0.01,0.445,0.555,0.265263,0.734737,66782.39
1774915356015,2026-03-31T00:02:36.015,btc-updown-15m-1774915200,1774916100,Down,2035541310721235125444422910891850237483011202795860636767688585969824347298,105562026962651857589021212088585401411102711760621435608486159867941204641282,0.43,0.45,38.11,78.87,0.02,0.56,0.57,78.87,6.0,0.01,0.44,0.565,0.674218,0.070696,66785.01
1774915357016,2026-03-31T00:02:37.016,btc-updown-15m-1774915200,1774916100,Down,2035541310721235125444422910891850237483011202795860636767688585969824347298,105562026962651857589021212088585401411102711760621435608486159867941204641282,0.39,0.41,31.82,14.82,0.02,0.59,0.61,14.82,31.82,0.02,0.4,0.6,0.317753,0.682247,66785.01
1774915358016,2026-03-31T00:02:38.016,btc-updown-15m-1774915200,1774916100,Down,2035541310721235125444422910891850237483011202795860636767688585969824347298,105562026962651857589021212088585401411102711760621435608486159867941204641282,0.39,0.4,36.0,1.17,0.01,0.6,0.61,1.17,36.0,0.01,0.395,0.605,0.031477,0.968523,66785.01
1774915359017,2026-03-31T00:02:39.017,btc-updown-15m-1774915200,1774916100,Down,2035541310721235125444422910891850237483011202795860636767688585969824347298,105562026962651857589021212088585401411102711760621435608486159867941204641282,0.39,0.4,7.27,42.23,0.01,0.6,0.61,42.23,7.27,0.01,0.395,0.605,0.853131,0.146869,66779.51
1774915360018,2026-03-31T00:02:40.018,btc-updown-15m-1774915200,1774916100,Down,2035541310721235125444422910891850237483011202795860636767688585969824347298,105562026962651857589021212088585401411102711760621435608486159867941204641282,0.36,0.37,10.2,78.24,0.01,0.63,0.64,78.24,10.2,0.01,0.365,0.635,0.884668,0.115332,66779.51
1774915361018,2026-03-31T00:02:41.018,btc-updown-15m-1774915200,1774916100,Down,2035541310721235125444422910891850237483011202795860636767688585969824347298,105562026962651857589021212088585401411102711760621435608486159867941204641282,0.35,0.36,50.0,64.44,0.01,0.64,0.65,64.44,50.0,0.01,0.355,0.645,0.56309,0.43691,66779.51
1774915362019,2026-03-31T00:02:42.019,btc-updown-15m-1774915200,1774916100,Down,2035541310721235125444422910891850237483011202795860636767688585969824347298,105562026962651857589021212088585401411102711760621435608486159867941204641282,0.35,0.36,31.49,8.0,0.01,0.64,0.65,8.0,31.49,0.01,0.355,0.645,0.202583,0.797417,66767.36
1774915363020,2026-03-31T00:02:43.020,btc-updown-15m-1774915200,1774916100,Down,2035541310721235125444422910891850237483011202795860636767688585969824347298,105562026962651857589021212088585401411102711760621435608486159867941204641282,0.31,0.33,25.0,15.0,0.02,0.67,0.69,15.0,25.0,0.02,0.32,0.68,0.375,0.625,66767.36
1774915364020,2026-03-31T00:02:44.020,btc-updown-15m-1774915200,1774916100,Down,2035541310721235125444422910891850237483011202795860636767688585969824347298,105562026962651857589021212088585401411102711760621435608486159867941204641282,0.3,0.31,895.5,5.0,0.01,0.69,0.7,5.0,895.5,0.01,0.305,0.695,0.005552,0.994448,66767.36
1774915365020,2026-03-31T00:02:45.020,btc-updown-15m-1774915200,1774916100,Down,2035541310721235125444422910891850237483011202795860636767688585969824347298,105562026962651857589021212088585401411102711760621435608486159867941204641282,0.27,0.28,61.58,0.56,0.01,0.72,0.73,0.56,61.58,0.01,0.275,0.725,0.009012,0.990988,66748.01
1774915366021,2026-03-31T00:02:46.021,btc-updown-15m-1774915200,1774916100,Down,2035541310721235125444422910891850237483011202795860636767688585969824347298,105562026962651857589021212088585401411102711760621435608486159867941204641282,0.27,0.29,950.44,180.0,0.02,0.71,0.73,180.0,950.44,0.02,0.28,0.72,0.15923,0.84077,66748.01
1774915367021,2026-03-31T00:02:47.021,btc-updown-15m-1774915200,1774916100,Down,2035541310721235125444422910891850237483011202795860636767688585969824347298,105562026962651857589021212088585401411102711760621435608486159867941204641282,0.25,0.26,127.71,22.5,0.01,0.74,0.75,22.5,127.71,0.01,0.255,0.745,0.14979,0.85021,66748.01
1774915368022,2026-03-31T00:02:48.022,btc-updown-15m-1774915200,1774916100,Down,2035541310721235125444422910891850237483011202795860636767688585969824347298,105562026962651857589021212088585401411102711760621435608486159867941204641282,0.24,0.25,76.75,26.8,0.01,0.75,0.76,26.8,76.75,0.01,0.245,0.755,0.258812,0.741188,66738.99
1774915369022,2026-03-31T00:02:49.022,btc-updown-15m-1774915200,1774916100,Down,2035541310721235125444422910891850237483011202795860636767688585969824347298,105562026962651857589021212088585401411102711760621435608486159867941204641282,0.23,0.24,119.11,15.0,0.01,0.76,0.77,15.0,119.11,0.01,0.235,0.765,0.111848,0.888152,66738.99
1774915370023,2026-03-31T00:02:50.023,btc-updown-15m-1774915200,1774916100,Down,2035541310721235125444422910891850237483011202795860636767688585969824347298,105562026962651857589021212088585401411102711760621435608486159867941204641282,0.23,0.24,169.79,40.57,0.01,0.76,0.77,40.57,169.79,0.01,0.235,0.765,0.19286,0.80714,66738.99
1774915371023,2026-03-31T00:02:51.023,btc-updown-15m-1774915200,1774916100,Down,2035541310721235125444422910891850237483011202795860636767688585969824347298,105562026962651857589021212088585401411102711760621435608486159867941204641282,0.22,0.23,9.13,25.2,0.01,0.77,0.78,25.2,9.13,0.01,0.225,0.775,0.734052,0.265948,66736.01
1774915372024,2026-03-31T00:02:52.024,btc-updown-15m-1774915200,1774916100,Down,2035541310721235125444422910891850237483011202795860636767688585969824347298,105562026962651857589021212088585401411102711760621435608486159867941204641282,0.22,0.24,98.79,896.59,0.02,0.76,0.78,896.59,98.79,0.02,0.23,0.77,0.900751,0.099249,66736.01
1774915373024,2026-03-31T00:02:53.024,btc-updown-15m-1774915200,1774916100,Down,2035541310721235125444422910891850237483011202795860636767688585969824347298,105562026962651857589021212088585401411102711760621435608486159867941204641282,0.24,0.25,48.0,27.0,0.01,0.75,0.76,27.0,48.0,0.01,0.245,0.755,0.36,0.64,66736.01
1774915374025,2026-03-31T00:02:54.025,btc-updown-15m-1774915200,1774916100,Down,2035541310721235125444422910891850237483011202795860636767688585969824347298,105562026962651857589021212088585401411102711760621435608486159867941204641282,0.24,0.27,135.88,69.71,0.03,0.73,0.76,69.71,135.88,0.03,0.255,0.745,0.339073,0.660927,66736.01
1774915375026,2026-03-31T00:02:55.026,btc-updown-15m-1774915200,1774916100,Down,2035541310721235125444422910891850237483011202795860636767688585969824347298,105562026962651857589021212088585401411102711760621435608486159867941204641282,0.24,0.25,15.0,44.76,0.01,0.75,0.76,44.76,15.0,0.01,0.245,0.755,0.748996,0.251004,66736.01
1774915376027,2026-03-31T00:02:56.027,btc-updown-15m-1774915200,1774916100,Down,2035541310721235125444422910891850237483011202795860636767688585969824347298,105562026962651857589021212088585401411102711760621435608486159867941204641282,0.24,0.25,35.66,29.39,0.01,0.75,0.76,29.39,35.66,0.01,0.245,0.755,0.451806,0.548194,66736.01
1774915377027,2026-03-31T00:02:57.027,btc-updown-15m-1774915200,1774916100,Down,2035541310721235125444422910891850237483011202795860636767688585969824347298,105562026962651857589021212088585401411102711760621435608486159867941204641282,0.24,0.25,35.66,29.39,0.01,0.75,0.76,29.39,35.66,0.01,0.245,0.755,0.451806,0.548194,66736.0
1774915378029,2026-03-31T00:02:58.029,btc-updown-15m-1774915200,1774916100,Down,2035541310721235125444422910891850237483011202795860636767688585969824347298,105562026962651857589021212088585401411102711760621435608486159867941204641282,0.24,0.25,882.03,36.68,0.01,0.75,0.76,36.68,882.03,0.01,0.245,0.755,0.039926,0.960074,66736.0
1774915379029,2026-03-31T00:02:59.029,btc-updown-15m-1774915200,1774916100,Down,2035541310721235125444422910891850237483011202795860636767688585969824347298,105562026962651857589021212088585401411102711760621435608486159867941204641282,0.23,0.24,33.83,63.86,0.01,0.76,0.77,63.86,33.83,0.01,0.235,0.765,0.6537,0.3463,66736.0
1774915380030,2026-03-31T00:03:00.030,btc-updown-15m-1774915200,1774916100,Down,2035541310721235125444422910891850237483011202795860636767688585969824347298,105562026962651857589021212088585401411102711760621435608486159867941204641282,0.23,0.24,28.83,58.86,0.01,0.76,0.77,58.86,28.83,0.01,0.235,0.765,0.671228,0.328772,66736.01
1774915381031,2026-03-31T00:03:01.031,btc-updown-15m-1774915200,1774916100,Down,2035541310721235125444422910891850237483011202795860636767688585969824347298,105562026962651857589021212088585401411102711760621435608486159867941204641282,0.24,0.25,10.0,994.54,0.01,0.75,0.76,994.54,10.0,0.01,0.245,0.755,0.990045,0.009955,66736.01
1774915382032,2026-03-31T00:03:02.032,btc-updown-15m-1774915200,1774916100,Down,2035541310721235125444422910891850237483011202795860636767688585969824347298,105562026962651857589021212088585401411102711760621435608486159867941204641282,0.25,0.26,20.0,75.53,0.01,0.74,0.75,75.53,20.0,0.01,0.255,0.745,0.790642,0.209358,66736.01
1774915383033,2026-03-31T00:03:03.033,btc-updown-15m-1774915200,1774916100,Down,2035541310721235125444422910891850237483011202795860636767688585969824347298,105562026962651857589021212088585401411102711760621435608486159867941204641282,0.29,0.3,103.96,26.52,0.01,0.7,0.71,26.52,103.96,0.01,0.295,0.705,0.20325,0.79675,66744.0
1774915384034,2026-03-31T00:03:04.034,btc-updown-15m-1774915200,1774916100,Down,2035541310721235125444422910891850237483011202795860636767688585969824347298,105562026962651857589021212088585401411102711760621435608486159867941204641282,0.28,0.29,112.0,134.43,0.01,0.71,0.72,134.43,112.0,0.01,0.285,0.715,0.54551,0.45449,66744.0
1774915385034,2026-03-31T00:03:05.034,btc-updown-15m-1774915200,1774916100,Down,2035541310721235125444422910891850237483011202795860636767688585969824347298,105562026962651857589021212088585401411102711760621435608486159867941204641282,0.25,0.26,67.0,7.0,0.01,0.74,0.75,7.0,67.0,0.01,0.255,0.745,0.094595,0.905405,66744.0
1774915386037,2026-03-31T00:03:06.037,btc-updown-15m-1774915200,1774916100,Down,2035541310721235125444422910891850237483011202795860636767688585969824347298,105562026962651857589021212088585401411102711760621435608486159867941204641282,0.23,0.24,88.0,70.7,0.01,0.76,0.77,70.7,88.0,0.01,0.235,0.765,0.445495,0.554505,66740.87
1774915387037,2026-03-31T00:03:07.037,btc-updown-15m-1774915200,1774916100,Down,2035541310721235125444422910891850237483011202795860636767688585969824347298,105562026962651857589021212088585401411102711760621435608486159867941204641282,0.21,0.22,167.0,2.7,0.01,0.78,0.79,2.7,167.0,0.01,0.215,0.785,0.01591,0.98409,66740.87
1774915388038,2026-03-31T00:03:08.038,btc-updown-15m-1774915200,1774916100,Down,2035541310721235125444422910891850237483011202795860636767688585969824347298,105562026962651857589021212088585401411102711760621435608486159867941204641282,0.21,0.22,14.0,70.23,0.01,0.78,0.79,70.23,14.0,0.01,0.215,0.785,0.833788,0.166212,66740.87
1774915389039,2026-03-31T00:03:09.039,btc-updown-15m-1774915200,1774916100,Down,2035541310721235125444422910891850237483011202795860636767688585969824347298,105562026962651857589021212088585401411102711760621435608486159867941204641282,0.21,0.22,5.0,957.76,0.01,0.78,0.79,957.76,5.0,0.01,0.215,0.785,0.994807,0.005193,66735.39
1774915390039,2026-03-31T00:03:10.039,btc-updown-15m-1774915200,1774916100,Down,2035541310721235125444422910891850237483011202795860636767688585969824347298,105562026962651857589021212088585401411102711760621435608486159867941204641282,0.22,0.23,64.0,38.1,0.01,0.77,0.78,38.1,64.0,0.01,0.225,0.775,0.373164,0.626836,66735.39
1774915391040,2026-03-31T00:03:11.040,btc-updown-15m-1774915200,1774916100,Down,2035541310721235125444422910891850237483011202795860636767688585969824347298,105562026962651857589021212088585401411102711760621435608486159867941204641282,0.23,0.24,78.0,69.27,0.01,0.76,0.77,69.27,78.0,0.01,0.235,0.765,0.470361,0.529639,66735.39
1774915392041,2026-03-31T00:03:12.041,btc-updown-15m-1774915200,1774916100,Down,2035541310721235125444422910891850237483011202795860636767688585969824347298,105562026962651857589021212088585401411102711760621435608486159867941204641282,0.23,0.24,20.0,157.8,0.01,0.76,0.77,157.8,20.0,0.01,0.235,0.765,0.887514,0.112486,66735.39
1774915393042,2026-03-31T00:03:13.042,btc-updown-15m-1774915200,1774916100,Down,2035541310721235125444422910891850237483011202795860636767688585969824347298,105562026962651857589021212088585401411102711760621435608486159867941204641282,0.24,0.25,20.0,82.11,0.01,0.75,0.76,82.11,20.0,0.01,0.245,0.755,0.804133,0.195867,66735.39
1774915394042,2026-03-31T00:03:14.042,btc-updown-15m-1774915200,1774916100,Down,2035541310721235125444422910891850237483011202795860636767688585969824347298,105562026962651857589021212088585401411102711760621435608486159867941204641282,0.25,0.26,48.0,93.0,0.01,0.74,0.75,93.0,48.0,0.01,0.255,0.745,0.659574,0.340426,66735.39
1774915395043,2026-03-31T00:03:15.043,btc-updown-15m-1774915200,1774916100,Down,2035541310721235125444422910891850237483011202795860636767688585969824347298,105562026962651857589021212088585401411102711760621435608486159867941204641282,0.26,0.29,5.0,112.73,0.03,0.71,0.74,112.73,5.0,0.03,0.275,0.725,0.95753,0.04247,66748.58
1774915396044,2026-03-31T00:03:16.044,btc-updown-15m-1774915200,1774916100,Down,2035541310721235125444422910891850237483011202795860636767688585969824347298,105562026962651857589021212088585401411102711760621435608486159867941204641282,0.26,0.3,967.61,86.44,0.04,0.7,0.74,86.44,967.61,0.04,0.28,0.72,0.082007,0.917993,66748.58
1774915397044,2026-03-31T00:03:17.044,btc-updown-15m-1774915200,1774916100,Down,2035541310721235125444422910891850237483011202795860636767688585969824347298,105562026962651857589021212088585401411102711760621435608486159867941204641282,0.25,0.28,265.15,8.0,0.03,0.72,0.75,8.0,265.15,0.03,0.265,0.735,0.029288,0.970712,66748.58
1774915398044,2026-03-31T00:03:18.044,btc-updown-15m-1774915200,1774916100,Down,2035541310721235125444422910891850237483011202795860636767688585969824347298,105562026962651857589021212088585401411102711760621435608486159867941204641282,0.25,0.26,182.15,4.0,0.01,0.74,0.75,4.0,182.15,0.01,0.255,0.745,0.021488,0.978512,66744.9
1774915399045,2026-03-31T00:03:19.045,btc-updown-15m-1774915200,1774916100,Down,2035541310721235125444422910891850237483011202795860636767688585969824347298,105562026962651857589021212088585401411102711760621435608486159867941204641282,0.24,0.25,1016.54,1.0,0.01,0.74,0.76,13.57,186.15,0.02,0.245,0.75,0.000983,0.932055,66744.9
1774915400045,2026-03-31T00:03:20.045,btc-updown-15m-1774915200,1774916100,Down,2035541310721235125444422910891850237483011202795860636767688585969824347298,105562026962651857589021212088585401411102711760621435608486159867941204641282,0.23,0.24,273.71,23.39,0.01,0.76,0.77,23.39,273.71,0.01,0.235,0.765,0.078728,0.921272,66744.9
1774915401046,2026-03-31T00:03:21.046,btc-updown-15m-1774915200,1774916100,Down,2035541310721235125444422910891850237483011202795860636767688585969824347298,105562026962651857589021212088585401411102711760621435608486159867941204641282,0.23,0.24,1018.09,20.8,0.01,0.76,0.77,20.8,1018.09,0.01,0.235,0.765,0.020021,0.979979,66739.5
1774915402047,2026-03-31T00:03:22.047,btc-updown-15m-1774915200,1774916100,Down,2035541310721235125444422910891850237483011202795860636767688585969824347298,105562026962651857589021212088585401411102711760621435608486159867941204641282,0.2,0.23,112.7,34.31,0.03,0.77,0.8,34.31,112.7,0.03,0.215,0.785,0.233385,0.766615,66739.5
1774915403048,2026-03-31T00:03:23.048,btc-updown-15m-1774915200,1774916100,Down,2035541310721235125444422910891850237483011202795860636767688585969824347298,105562026962651857589021212088585401411102711760621435608486159867941204641282,0.2,0.21,58.0,12.67,0.01,0.79,0.8,12.67,58.0,0.01,0.205,0.795,0.179284,0.820716,66739.5
1774915404048,2026-03-31T00:03:24.048,btc-updown-15m-1774915200,1774916100,Down,2035541310721235125444422910891850237483011202795860636767688585969824347298,105562026962651857589021212088585401411102711760621435608486159867941204641282,0.2,0.21,110.11,67.0,0.01,0.79,0.8,67.0,110.11,0.01,0.205,0.795,0.378296,0.621704,66734.68
1774915405049,2026-03-31T00:03:25.049,btc-updown-15m-1774915200,1774916100,Down,2035541310721235125444422910891850237483011202795860636767688585969824347298,105562026962651857589021212088585401411102711760621435608486159867941204641282,0.2,0.22,101.58,67.0,0.02,0.78,0.8,67.0,101.58,0.02,0.21,0.79,0.397437,0.602563,66734.68
1774915406050,2026-03-31T00:03:26.050,btc-updown-15m-1774915200,1774916100,Down,2035541310721235125444422910891850237483011202795860636767688585969824347298,105562026962651857589021212088585401411102711760621435608486159867941204641282,0.22,0.23,11.3,103.72,0.01,0.77,0.78,103.72,11.3,0.01,0.225,0.775,0.901756,0.098244,66734.68
1774915407050,2026-03-31T00:03:27.050,btc-updown-15m-1774915200,1774916100,Down,2035541310721235125444422910891850237483011202795860636767688585969824347298,105562026962651857589021212088585401411102711760621435608486159867941204641282,0.22,0.23,26.3,53.0,0.01,0.77,0.78,53.0,26.3,0.01,0.225,0.775,0.668348,0.331652,66734.68
1774915408051,2026-03-31T00:03:28.051,btc-updown-15m-1774915200,1774916100,Down,2035541310721235125444422910891850237483011202795860636767688585969824347298,105562026962651857589021212088585401411102711760621435608486159867941204641282,0.22,0.23,60.3,46.29,0.01,0.77,0.78,46.29,60.3,0.01,0.225,0.775,0.434281,0.565719,66734.68
1774915409051,2026-03-31T00:03:29.051,btc-updown-15m-1774915200,1774916100,Down,2035541310721235125444422910891850237483011202795860636767688585969824347298,105562026962651857589021212088585401411102711760621435608486159867941204641282,0.22,0.23,46.3,88.03,0.01,0.77,0.78,88.03,46.3,0.01,0.225,0.775,0.655326,0.344674,66734.68
1774915410051,2026-03-31T00:03:30.051,btc-updown-15m-1774915200,1774916100,Down,2035541310721235125444422910891850237483011202795860636767688585969824347298,105562026962651857589021212088585401411102711760621435608486159867941204641282,0.22,0.23,37.3,971.03,0.01,0.77,0.78,88.03,46.3,0.01,0.225,0.775,0.963008,0.344674,66734.67
1774915411052,2026-03-31T00:03:31.052,btc-updown-15m-1774915200,1774916100,Down,2035541310721235125444422910891850237483011202795860636767688585969824347298,105562026962651857589021212088585401411102711760621435608486159867941204641282,0.22,0.23,37.3,971.03,0.01,0.77,0.78,971.03,37.3,0.01,0.225,0.775,0.963008,0.036992,66734.67
1774915412053,2026-03-31T00:03:32.053,btc-updown-15m-1774915200,1774916100,Down,2035541310721235125444422910891850237483011202795860636767688585969824347298,105562026962651857589021212088585401411102711760621435608486159867941204641282,0.21,0.23,1113.78,3.02,0.02,0.77,0.79,3.02,1113.78,0.02,0.22,0.78,0.002704,0.997296,66734.67
1774915413053,2026-03-31T00:03:33.053,btc-updown-15m-1774915200,1774916100,Down,2035541310721235125444422910891850237483011202795860636767688585969824347298,105562026962651857589021212088585401411102711760621435608486159867941204641282,0.21,0.23,1113.78,3.02,0.02,0.77,0.79,3.02,1113.78,0.02,0.22,0.78,0.002704,0.997296,66734.68
1774915414054,2026-03-31T00:03:34.054,btc-updown-15m-1774915200,1774916100,Down,2035541310721235125444422910891850237483011202795860636767688585969824347298,105562026962651857589021212088585401411102711760621435608486159867941204641282,0.21,0.23,1113.78,3.02,0.02,0.77,0.79,3.02,1113.78,0.02,0.22,0.78,0.002704,0.997296,66734.68
1774915415054,2026-03-31T00:03:35.054,btc-updown-15m-1774915200,1774916100,Down,2035541310721235125444422910891850237483011202795860636767688585969824347298,105562026962651857589021212088585401411102711760621435608486159867941204641282,0.21,0.22,21.0,927.39,0.01,0.78,0.79,927.39,21.0,0.01,0.215,0.785,0.977857,0.022143,66734.68
1774915416055,2026-03-31T00:03:36.055,btc-updown-15m-1774915200,1774916100,Down,2035541310721235125444422910891850237483011202795860636767688585969824347298,105562026962651857589021212088585401411102711760621435608486159867941204641282,0.21,0.22,21.0,927.39,0.01,0.78,0.79,927.39,21.0,0.01,0.215,0.785,0.977857,0.022143,66734.06
1774915417056,2026-03-31T00:03:37.056,btc-updown-15m-1774915200,1774916100,Down,2035541310721235125444422910891850237483011202795860636767688585969824347298,105562026962651857589021212088585401411102711760621435608486159867941204641282,0.23,0.24,4.38,153.91,0.01,0.76,0.77,153.91,4.38,0.01,0.235,0.765,0.972329,0.027671,66734.06
1774915418057,2026-03-31T00:03:38.057,btc-updown-15m-1774915200,1774916100,Down,2035541310721235125444422910891850237483011202795860636767688585969824347298,105562026962651857589021212088585401411102711760621435608486159867941204641282,0.24,0.25,106.5,68.32,0.01,0.75,0.76,68.32,106.5,0.01,0.245,0.755,0.390802,0.609198,66734.06
1774915419057,2026-03-31T00:03:39.057,btc-updown-15m-1774915200,1774916100,Down,2035541310721235125444422910891850237483011202795860636767688585969824347298,105562026962651857589021212088585401411102711760621435608486159867941204641282,0.24,0.26,62.5,151.23,0.02,0.74,0.76,151.23,62.5,0.02,0.25,0.75,0.707575,0.292425,66740.0
1774915420058,2026-03-31T00:03:40.058,btc-updown-15m-1774915200,1774916100,Down,2035541310721235125444422910891850237483011202795860636767688585969824347298,105562026962651857589021212088585401411102711760621435608486159867941204641282,0.25,0.26,97.5,73.0,0.01,0.74,0.75,73.0,97.5,0.01,0.255,0.745,0.428152,0.571848,66740.0
1774915421059,2026-03-31T00:03:41.059,btc-updown-15m-1774915200,1774916100,Down,2035541310721235125444422910891850237483011202795860636767688585969824347298,105562026962651857589021212088585401411102711760621435608486159867941204641282,0.22,0.25,117.39,25.0,0.03,0.75,0.78,25.0,117.39,0.03,0.235,0.765,0.175574,0.824426,66740.0
1774915422060,2026-03-31T00:03:42.060,btc-updown-15m-1774915200,1774916100,Down,2035541310721235125444422910891850237483011202795860636767688585969824347298,105562026962651857589021212088585401411102711760621435608486159867941204641282,0.21,0.22,67.0,126.13,0.01,0.78,0.79,126.13,67.0,0.01,0.215,0.785,0.653083,0.346917,66732.76
1774915423061,2026-03-31T00:03:43.061,btc-updown-15m-1774915200,1774916100,Down,2035541310721235125444422910891850237483011202795860636767688585969824347298,105562026962651857589021212088585401411102711760621435608486159867941204641282,0.21,0.22,839.22,131.29,0.01,0.78,0.79,131.29,839.22,0.01,0.215,0.785,0.135279,0.864721,66732.76
1774915424061,2026-03-31T00:03:44.061,btc-updown-15m-1774915200,1774916100,Down,2035541310721235125444422910891850237483011202795860636767688585969824347298,105562026962651857589021212088585401411102711760621435608486159867941204641282,0.24,0.25,78.5,49.0,0.01,0.75,0.76,49.0,78.5,0.01,0.245,0.755,0.384314,0.615686,66732.76
1774915425062,2026-03-31T00:03:45.062,btc-updown-15m-1774915200,1774916100,Down,2035541310721235125444422910891850237483011202795860636767688585969824347298,105562026962651857589021212088585401411102711760621435608486159867941204641282,0.24,0.25,101.5,153.41,0.01,0.75,0.76,153.41,101.5,0.01,0.245,0.755,0.60182,0.39818,66732.75
1774915426063,2026-03-31T00:03:46.063,btc-updown-15m-1774915200,1774916100,Down,2035541310721235125444422910891850237483011202795860636767688585969824347298,105562026962651857589021212088585401411102711760621435608486159867941204641282,0.24,0.25,87.5,97.0,0.01,0.75,0.76,97.0,87.5,0.01,0.245,0.755,0.525745,0.474255,66732.75
1774915427064,2026-03-31T00:03:47.064,btc-updown-15m-1774915200,1774916100,Down,2035541310721235125444422910891850237483011202795860636767688585969824347298,105562026962651857589021212088585401411102711760621435608486159867941204641282,0.23,0.24,887.82,172.05,0.01,0.76,0.77,172.05,887.82,0.01,0.235,0.765,0.162331,0.837669,66732.75
1774915428065,2026-03-31T00:03:48.065,btc-updown-15m-1774915200,1774916100,Down,2035541310721235125444422910891850237483011202795860636767688585969824347298,105562026962651857589021212088585401411102711760621435608486159867941204641282,0.23,0.24,920.82,79.0,0.01,0.76,0.77,79.0,920.82,0.01,0.235,0.765,0.079014,0.920986,66732.76
1774915429066,2026-03-31T00:03:49.066,btc-updown-15m-1774915200,1774916100,Down,2035541310721235125444422910891850237483011202795860636767688585969824347298,105562026962651857589021212088585401411102711760621435608486159867941204641282,0.23,0.24,940.82,67.0,0.01,0.76,0.77,67.0,940.82,0.01,0.235,0.765,0.06648,0.93352,66732.76
1774915430067,2026-03-31T00:03:50.067,btc-updown-15m-1774915200,1774916100,Down,2035541310721235125444422910891850237483011202795860636767688585969824347298,105562026962651857589021212088585401411102711760621435608486159867941204641282,0.22,0.23,86.5,45.0,0.01,0.77,0.78,45.0,86.5,0.01,0.225,0.775,0.342205,0.657795,66732.76
1774915431068,2026-03-31T00:03:51.068,btc-updown-15m-1774915200,1774916100,Down,2035541310721235125444422910891850237483011202795860636767688585969824347298,105562026962651857589021212088585401411102711760621435608486159867941204641282,0.23,0.25,87.74,115.0,0.02,0.75,0.77,115.0,87.74,0.02,0.24,0.76,0.567229,0.432771,66737.43
1774915432068,2026-03-31T00:03:52.068,btc-updown-15m-1774915200,1774916100,Down,2035541310721235125444422910891850237483011202795860636767688585969824347298,105562026962651857589021212088585401411102711760621435608486159867941204641282,0.24,0.25,68.74,151.0,0.01,0.75,0.76,151.0,68.74,0.01,0.245,0.755,0.687176,0.312824,66737.43
1774915433069,2026-03-31T00:03:53.069,btc-updown-15m-1774915200,1774916100,Down,2035541310721235125444422910891850237483011202795860636767688585969824347298,105562026962651857589021212088585401411102711760621435608486159867941204641282,0.22,0.24,158.47,115.95,0.02,0.76,0.78,115.95,158.47,0.02,0.23,0.77,0.422528,0.577472,66737.43
1774915434069,2026-03-31T00:03:54.069,btc-updown-15m-1774915200,1774916100,Down,2035541310721235125444422910891850237483011202795860636767688585969824347298,105562026962651857589021212088585401411102711760621435608486159867941204641282,0.22,0.23,26.34,265.97,0.01,0.77,0.78,265.97,26.34,0.01,0.225,0.775,0.90989,0.09011,66737.44
1774915435070,2026-03-31T00:03:55.070,btc-updown-15m-1774915200,1774916100,Down,2035541310721235125444422910891850237483011202795860636767688585969824347298,105562026962651857589021212088585401411102711760621435608486159867941204641282,0.22,0.23,26.34,265.97,0.01,0.77,0.78,265.97,26.34,0.01,0.225,0.775,0.90989,0.09011,66737.44
1774915436071,2026-03-31T00:03:56.071,btc-updown-15m-1774915200,1774916100,Down,2035541310721235125444422910891850237483011202795860636767688585969824347298,105562026962651857589021212088585401411102711760621435608486159867941204641282,0.22,0.23,168.28,134.66,0.01,0.77,0.78,134.66,168.28,0.01,0.225,0.775,0.44451,0.55549,66737.44
1774915437071,2026-03-31T00:03:57.071,btc-updown-15m-1774915200,1774916100,Down,2035541310721235125444422910891850237483011202795860636767688585969824347298,105562026962651857589021212088585401411102711760621435608486159867941204641282,0.22,0.23,925.32,63.16,0.01,0.77,0.78,63.16,925.32,0.01,0.225,0.775,0.063896,0.936104,66735.81
1774915438071,2026-03-31T00:03:58.071,btc-updown-15m-1774915200,1774916100,Down,2035541310721235125444422910891850237483011202795860636767688585969824347298,105562026962651857589021212088585401411102711760621435608486159867941204641282,0.21,0.23,980.32,60.5,0.02,0.77,0.79,60.5,980.32,0.02,0.22,0.78,0.058127,0.941873,66735.81
1774915439071,2026-03-31T00:03:59.071,btc-updown-15m-1774915200,1774916100,Down,2035541310721235125444422910891850237483011202795860636767688585969824347298,105562026962651857589021212088585401411102711760621435608486159867941204641282,0.2,0.21,1.0,224.08,0.01,0.79,0.8,224.08,1.0,0.01,0.205,0.795,0.995557,0.004443,66735.81
1774915440072,2026-03-31T00:04:00.072,btc-updown-15m-1774915200,1774916100,Down,2035541310721235125444422910891850237483011202795860636767688585969824347298,105562026962651857589021212088585401411102711760621435608486159867941204641282,0.22,0.23,19.0,143.43,0.01,0.77,0.78,143.43,19.0,0.01,0.225,0.775,0.883027,0.116973,66730.95
1774915441072,2026-03-31T00:04:01.072,btc-updown-15m-1774915200,1774916100,Down,2035541310721235125444422910891850237483011202795860636767688585969824347298,105562026962651857589021212088585401411102711760621435608486159867941204641282,0.2,0.21,995.0,112.5,0.01,0.79,0.8,112.5,995.0,0.01,0.205,0.795,0.10158,0.89842,66730.95
1774915442073,2026-03-31T00:04:02.073,btc-updown-15m-1774915200,1774916100,Down,2035541310721235125444422910891850237483011202795860636767688585969824347298,105562026962651857589021212088585401411102711760621435608486159867941204641282,0.2,0.21,995.0,129.5,0.01,0.79,0.8,129.5,995.0,0.01,0.205,0.795,0.115162,0.884838,66730.95
1774915443073,2026-03-31T00:04:03.073,btc-updown-15m-1774915200,1774916100,Down,2035541310721235125444422910891850237483011202795860636767688585969824347298,105562026962651857589021212088585401411102711760621435608486159867941204641282,0.2,0.21,38.64,231.35,0.01,0.79,0.8,231.35,38.64,0.01,0.205,0.795,0.856884,0.143116,66730.95
1774915444074,2026-03-31T00:04:04.074,btc-updown-15m-1774915200,1774916100,Down,2035541310721235125444422910891850237483011202795860636767688585969824347298,105562026962651857589021212088585401411102711760621435608486159867941204641282,0.2,0.21,34.72,240.25,0.01,0.79,0.8,254.25,34.72,0.01,0.205,0.795,0.873732,0.120151,66730.95
1774915445075,2026-03-31T00:04:05.075,btc-updown-15m-1774915200,1774916100,Down,2035541310721235125444422910891850237483011202795860636767688585969824347298,105562026962651857589021212088585401411102711760621435608486159867941204641282,0.2,0.21,34.72,240.25,0.01,0.79,0.8,254.25,34.72,0.01,0.205,0.795,0.873732,0.120151,66730.95
1774915446076,2026-03-31T00:04:06.076,btc-updown-15m-1774915200,1774916100,Down,2035541310721235125444422910891850237483011202795860636767688585969824347298,105562026962651857589021212088585401411102711760621435608486159867941204641282,0.2,0.21,34.72,240.25,0.01,0.79,0.8,254.25,34.72,0.01,0.205,0.795,0.873732,0.120151,66730.96
1774915447077,2026-03-31T00:04:07.077,btc-updown-15m-1774915200,1774916100,Down,2035541310721235125444422910891850237483011202795860636767688585969824347298,105562026962651857589021212088585401411102711760621435608486159867941204641282,0.2,0.21,34.72,278.3,0.01,0.79,0.8,278.3,34.72,0.01,0.205,0.795,0.889081,0.110919,66730.96
1774915448078,2026-03-31T00:04:08.078,btc-updown-15m-1774915200,1774916100,Down,2035541310721235125444422910891850237483011202795860636767688585969824347298,105562026962651857589021212088585401411102711760621435608486159867941204641282,0.24,0.25,21.83,74.0,0.01,0.75,0.76,74.0,21.83,0.01,0.245,0.755,0.772201,0.227799,66730.96
1774915449078,2026-03-31T00:04:09.078,btc-updown-15m-1774915200,1774916100,Down,2035541310721235125444422910891850237483011202795860636767688585969824347298,105562026962651857589021212088585401411102711760621435608486159867941204641282,0.24,0.25,21.83,74.0,0.01,0.75,0.76,74.0,21.83,0.01,0.245,0.755,0.772201,0.227799,66737.44
1774915450078,2026-03-31T00:04:10.078,btc-updown-15m-1774915200,1774916100,Down,2035541310721235125444422910891850237483011202795860636767688585969824347298,105562026962651857589021212088585401411102711760621435608486159867941204641282,0.24,0.25,21.83,74.0,0.01,0.75,0.76,74.0,21.83,0.01,0.245,0.755,0.772201,0.227799,66737.44
1774915451079,2026-03-31T00:04:11.079,btc-updown-15m-1774915200,1774916100,Down,2035541310721235125444422910891850237483011202795860636767688585969824347298,105562026962651857589021212088585401411102711760621435608486159867941204641282,0.24,0.25,21.83,74.0,0.01,0.75,0.76,74.0,21.83,0.01,0.245,0.755,0.772201,0.227799,66737.44
1774915452079,2026-03-31T00:04:12.079,btc-updown-15m-1774915200,1774916100,Down,2035541310721235125444422910891850237483011202795860636767688585969824347298,105562026962651857589021212088585401411102711760621435608486159867941204641282,0.24,0.25,86.83,151.04,0.01,0.75,0.76,151.04,86.83,0.01,0.245,0.755,0.634969,0.365031,66737.44
1774915453079,2026-03-31T00:04:13.079,btc-updown-15m-1774915200,1774916100,Down,2035541310721235125444422910891850237483011202795860636767688585969824347298,105562026962651857589021212088585401411102711760621435608486159867941204641282,0.24,0.25,26.83,128.93,0.01,0.75,0.76,128.93,26.83,0.01,0.245,0.755,0.827748,0.172252,66737.44
1774915454080,2026-03-31T00:04:14.080,btc-updown-15m-1774915200,1774916100,Down,2035541310721235125444422910891850237483011202795860636767688585969824347298,105562026962651857589021212088585401411102711760621435608486159867941204641282,0.24,0.25,67.5,125.17,0.01,0.75,0.76,125.17,67.5,0.01,0.245,0.755,0.64966,0.35034,66737.44
1774915455080,2026-03-31T00:04:15.080,btc-updown-15m-1774915200,1774916100,Down,2035541310721235125444422910891850237483011202795860636767688585969824347298,105562026962651857589021212088585401411102711760621435608486159867941204641282,0.24,0.25,32.5,136.58,0.01,0.75,0.76,136.58,32.5,0.01,0.245,0.755,0.807783,0.192217,66737.44
1774915456081,2026-03-31T00:04:16.081,btc-updown-15m-1774915200,1774916100,Down,2035541310721235125444422910891850237483011202795860636767688585969824347298,105562026962651857589021212088585401411102711760621435608486159867941204641282,0.24,0.25,1.0,268.81,0.01,0.75,0.76,268.81,1.0,0.01,0.245,0.755,0.996294,0.003706,66737.44
1774915457082,2026-03-31T00:04:17.082,btc-updown-15m-1774915200,1774916100,Down,2035541310721235125444422910891850237483011202795860636767688585969824347298,105562026962651857589021212088585401411102711760621435608486159867941204641282,0.28,0.29,5.0,268.41,0.01,0.71,0.72,9.0,30.0,0.01,0.285,0.715,0.981712,0.769231,66737.44
1774915458082,2026-03-31T00:04:18.082,btc-updown-15m-1774915200,1774916100,Down,2035541310721235125444422910891850237483011202795860636767688585969824347298,105562026962651857589021212088585401411102711760621435608486159867941204641282,0.28,0.3,72.5,237.41,0.02,0.7,0.72,237.41,72.5,0.02,0.29,0.71,0.766061,0.233939,66751.19
1774915459083,2026-03-31T00:04:19.083,btc-updown-15m-1774915200,1774916100,Down,2035541310721235125444422910891850237483011202795860636767688585969824347298,105562026962651857589021212088585401411102711760621435608486159867941204641282,0.28,0.3,72.5,237.41,0.02,0.7,0.72,237.41,72.5,0.02,0.29,0.71,0.766061,0.233939,66751.19
1774915460083,2026-03-31T00:04:20.083,btc-updown-15m-1774915200,1774916100,Down,2035541310721235125444422910891850237483011202795860636767688585969824347298,105562026962651857589021212088585401411102711760621435608486159867941204641282,0.29,0.3,112.5,136.28,0.01,0.7,0.71,136.28,112.5,0.01,0.295,0.705,0.547793,0.452207,66751.19
1774915461084,2026-03-31T00:04:21.084,btc-updown-15m-1774915200,1774916100,Down,2035541310721235125444422910891850237483011202795860636767688585969824347298,105562026962651857589021212088585401411102711760621435608486159867941204641282,0.29,0.3,962.41,56.16,0.01,0.7,0.71,56.16,962.41,0.01,0.295,0.705,0.055136,0.944864,66752.9
1774915462084,2026-03-31T00:04:22.084,btc-updown-15m-1774915200,1774916100,Down,2035541310721235125444422910891850237483011202795860636767688585969824347298,105562026962651857589021212088585401411102711760621435608486159867941204641282,0.29,0.3,962.41,51.87,0.01,0.7,0.71,51.87,962.41,0.01,0.295,0.705,0.05114,0.94886,66752.9
1774915463084,2026-03-31T00:04:23.084,btc-updown-15m-1774915200,1774916100,Down,2035541310721235125444422910891850237483011202795860636767688585969824347298,105562026962651857589021212088585401411102711760621435608486159867941204641282,0.29,0.3,962.41,51.87,0.01,0.7,0.71,51.87,962.41,0.01,0.295,0.705,0.05114,0.94886,66752.9
1774915464085,2026-03-31T00:04:24.085,btc-updown-15m-1774915200,1774916100,Down,2035541310721235125444422910891850237483011202795860636767688585969824347298,105562026962651857589021212088585401411102711760621435608486159867941204641282,0.28,0.29,894.9,111.61,0.01,0.71,0.72,111.61,894.9,0.01,0.285,0.715,0.110888,0.889112,66752.9
1774915465086,2026-03-31T00:04:25.086,btc-updown-15m-1774915200,1774916100,Down,2035541310721235125444422910891850237483011202795860636767688585969824347298,105562026962651857589021212088585401411102711760621435608486159867941204641282,0.28,0.29,894.9,111.61,0.01,0.71,0.72,111.61,894.9,0.01,0.285,0.715,0.110888,0.889112,66752.9
1774915466086,2026-03-31T00:04:26.086,btc-updown-15m-1774915200,1774916100,Down,2035541310721235125444422910891850237483011202795860636767688585969824347298,105562026962651857589021212088585401411102711760621435608486159867941204641282,0.28,0.29,47.5,127.87,0.01,0.71,0.72,127.87,47.5,0.01,0.285,0.715,0.729144,0.270856,66752.9
1774915467086,2026-03-31T00:04:27.086,btc-updown-15m-1774915200,1774916100,Down,2035541310721235125444422910891850237483011202795860636767688585969824347298,105562026962651857589021212088585401411102711760621435608486159867941204641282,0.25,0.26,108.0,175.04,0.01,0.74,0.75,175.04,108.0,0.01,0.255,0.745,0.618428,0.381572,66747.58
1774915468087,2026-03-31T00:04:28.087,btc-updown-15m-1774915200,1774916100,Down,2035541310721235125444422910891850237483011202795860636767688585969824347298,105562026962651857589021212088585401411102711760621435608486159867941204641282,0.25,0.26,93.0,140.04,0.01,0.74,0.75,140.04,73.0,0.01,0.255,0.745,0.600927,0.342659,66747.58
1774915469087,2026-03-31T00:04:29.087,btc-updown-15m-1774915200,1774916100,Down,2035541310721235125444422910891850237483011202795860636767688585969824347298,105562026962651857589021212088585401411102711760621435608486159867941204641282,0.25,0.26,72.61,27.25,0.01,0.74,0.75,27.25,72.61,0.01,0.255,0.745,0.272882,0.727118,66747.58
1774915470088,2026-03-31T00:04:30.088,btc-updown-15m-1774915200,1774916100,Down,2035541310721235125444422910891850237483011202795860636767688585969824347298,105562026962651857589021212088585401411102711760621435608486159867941204641282,0.25,0.26,72.61,27.25,0.01,0.74,0.75,27.25,72.61,0.01,0.255,0.745,0.272882,0.727118,66744.42
1774915471089,2026-03-31T00:04:31.089,btc-updown-15m-1774915200,1774916100,Down,2035541310721235125444422910891850237483011202795860636767688585969824347298,105562026962651857589021212088585401411102711760621435608486159867941204641282,0.24,0.25,957.4,17.5,0.01,0.74,0.75,27.25,72.61,0.01,0.245,0.745,0.017951,0.727118,66744.42
1774915472089,2026-03-31T00:04:32.089,btc-updown-15m-1774915200,1774916100,Down,2035541310721235125444422910891850237483011202795860636767688585969824347298,105562026962651857589021212088585401411102711760621435608486159867941204641282,0.24,0.25,952.4,17.5,0.01,0.75,0.76,17.5,952.4,0.01,0.245,0.755,0.018043,0.981957,66744.42
1774915473089,2026-03-31T00:04:33.089,btc-updown-15m-1774915200,1774916100,Down,2035541310721235125444422910891850237483011202795860636767688585969824347298,105562026962651857589021212088585401411102711760621435608486159867941204641282,0.23,0.24,110.0,127.59,0.01,0.76,0.77,127.59,110.0,0.01,0.235,0.765,0.537018,0.462982,66744.42
1774915474090,2026-03-31T00:04:34.090,btc-updown-15m-1774915200,1774916100,Down,2035541310721235125444422910891850237483011202795860636767688585969824347298,105562026962651857589021212088585401411102711760621435608486159867941204641282,0.23,0.24,110.0,127.59,0.01,0.76,0.77,127.59,110.0,0.01,0.235,0.765,0.537018,0.462982,66744.42
1774915475090,2026-03-31T00:04:35.090,btc-updown-15m-1774915200,1774916100,Down,2035541310721235125444422910891850237483011202795860636767688585969824347298,105562026962651857589021212088585401411102711760621435608486159867941204641282,0.23,0.24,100.23,103.9,0.01,0.76,0.77,103.9,100.23,0.01,0.235,0.765,0.508989,0.491011,66744.42
1774915476091,2026-03-31T00:04:36.091,btc-updown-15m-1774915200,1774916100,Down,2035541310721235125444422910891850237483011202795860636767688585969824347298,105562026962651857589021212088585401411102711760621435608486159867941204641282,0.23,0.24,980.36,15.9,0.01,0.76,0.77,15.9,980.36,0.01,0.235,0.765,0.01596,0.98404,66744.42
1774915477092,2026-03-31T00:04:37.092,btc-updown-15m-1774915200,1774916100,Down,2035541310721235125444422910891850237483011202795860636767688585969824347298,105562026962651857589021212088585401411102711760621435608486159867941204641282,0.23,0.24,1000.36,15.9,0.01,0.76,0.77,15.9,1000.36,0.01,0.235,0.765,0.015646,0.984354,66744.42
1774915478092,2026-03-31T00:04:38.092,btc-updown-15m-1774915200,1774916100,Down,2035541310721235125444422910891850237483011202795860636767688585969824347298,105562026962651857589021212088585401411102711760621435608486159867941204641282,0.21,0.24,1124.09,29.0,0.03,0.76,0.79,29.0,1124.09,0.03,0.225,0.775,0.02515,0.97485,66744.42
1774915479093,2026-03-31T00:04:39.093,btc-updown-15m-1774915200,1774916100,Down,2035541310721235125444422910891850237483011202795860636767688585969824347298,105562026962651857589021212088585401411102711760621435608486159867941204641282,0.21,0.24,1124.09,29.0,0.03,0.76,0.79,29.0,1124.09,0.03,0.225,0.775,0.02515,0.97485,66735.09
1774915480094,2026-03-31T00:04:40.094,btc-updown-15m-1774915200,1774916100,Down,2035541310721235125444422910891850237483011202795860636767688585969824347298,105562026962651857589021212088585401411102711760621435608486159867941204641282,0.21,0.24,1124.09,29.0,0.03,0.76,0.79,29.0,1124.09,0.03,0.225,0.775,0.02515,0.97485,66735.09
1774915481094,2026-03-31T00:04:41.094,btc-updown-15m-1774915200,1774916100,Down,2035541310721235125444422910891850237483011202795860636767688585969824347298,105562026962651857589021212088585401411102711760621435608486159867941204641282,0.21,0.24,1124.09,29.0,0.03,0.76,0.79,29.0,1124.09,0.03,0.225,0.775,0.02515,0.97485,66735.09
1774915482094,2026-03-31T00:04:42.094,btc-updown-15m-1774915200,1774916100,Down,2035541310721235125444422910891850237483011202795860636767688585969824347298,105562026962651857589021212088585401411102711760621435608486159867941204641282,0.2,0.22,318.77,40.5,0.02,0.78,0.8,40.5,318.77,0.02,0.21,0.79,0.112729,0.887271,66735.08
1774915483095,2026-03-31T00:04:43.095,btc-updown-15m-1774915200,1774916100,Down,2035541310721235125444422910891850237483011202795860636767688585969824347298,105562026962651857589021212088585401411102711760621435608486159867941204641282,0.2,0.21,418.44,9.75,0.01,0.79,0.8,9.75,418.44,0.01,0.205,0.795,0.02277,0.97723,66735.08
1774915484096,2026-03-31T00:04:44.096,btc-updown-15m-1774915200,1774916100,Down,2035541310721235125444422910891850237483011202795860636767688585969824347298,105562026962651857589021212088585401411102711760621435608486159867941204641282,0.2,0.21,153.44,49.75,0.01,0.79,0.8,49.75,153.44,0.01,0.205,0.795,0.244845,0.755155,66735.08
1774915485096,2026-03-31T00:04:45.096,btc-updown-15m-1774915200,1774916100,Down,2035541310721235125444422910891850237483011202795860636767688585969824347298,105562026962651857589021212088585401411102711760621435608486159867941204641282,0.2,0.21,138.24,29.75,0.01,0.79,0.8,29.75,138.24,0.01,0.205,0.795,0.177094,0.822906,66735.08
1774915486098,2026-03-31T00:04:46.098,btc-updown-15m-1774915200,1774916100,Down,2035541310721235125444422910891850237483011202795860636767688585969824347298,105562026962651857589021212088585401411102711760621435608486159867941204641282,0.2,0.21,998.71,41.75,0.01,0.79,0.8,41.75,998.71,0.01,0.205,0.795,0.040126,0.959874,66735.08
1774915487099,2026-03-31T00:04:47.099,btc-updown-15m-1774915200,1774916100,Down,2035541310721235125444422910891850237483011202795860636767688585969824347298,105562026962651857589021212088585401411102711760621435608486159867941204641282,0.2,0.21,998.71,41.75,0.01,0.79,0.8,41.75,998.71,0.01,0.205,0.795,0.040126,0.959874,66735.08
1774915488100,2026-03-31T00:04:48.100,btc-updown-15m-1774915200,1774916100,Down,2035541310721235125444422910891850237483011202795860636767688585969824347298,105562026962651857589021212088585401411102711760621435608486159867941204641282,0.2,0.21,998.71,41.75,0.01,0.79,0.8,41.75,998.71,0.01,0.205,0.795,0.040126,0.959874,66735.08
1774915489100,2026-03-31T00:04:49.100,btc-updown-15m-1774915200,1774916100,Down,2035541310721235125444422910891850237483011202795860636767688585969824347298,105562026962651857589021212088585401411102711760621435608486159867941204641282,0.19,0.21,183.71,146.75,0.02,0.79,0.81,146.75,183.71,0.02,0.2,0.8,0.444078,0.555922,66735.08
1774915490101,2026-03-31T00:04:50.101,btc-updown-15m-1774915200,1774916100,Down,2035541310721235125444422910891850237483011202795860636767688585969824347298,105562026962651857589021212088585401411102711760621435608486159867941204641282,0.19,0.21,409.79,5.0,0.02,0.79,0.81,5.0,409.79,0.02,0.2,0.8,0.012054,0.987946,66735.08
1774915491101,2026-03-31T00:04:51.101,btc-updown-15m-1774915200,1774916100,Down,2035541310721235125444422910891850237483011202795860636767688585969824347298,105562026962651857589021212088585401411102711760621435608486159867941204641282,0.19,0.2,5.0,33.0,0.01,0.8,0.81,15.0,9.0,0.01,0.195,0.805,0.868421,0.375,66731.84
1774915492102,2026-03-31T00:04:52.102,btc-updown-15m-1774915200,1774916100,Down,2035541310721235125444422910891850237483011202795860636767688585969824347298,105562026962651857589021212088585401411102711760621435608486159867941204641282,0.2,0.21,3.57,168.6,0.01,0.79,0.8,168.6,3.57,0.01,0.205,0.795,0.979265,0.020735,66731.84
1774915493102,2026-03-31T00:04:53.102,btc-updown-15m-1774915200,1774916100,Down,2035541310721235125444422910891850237483011202795860636767688585969824347298,105562026962651857589021212088585401411102711760621435608486159867941204641282,0.21,0.22,40.0,48.14,0.01,0.78,0.79,48.14,40.0,0.01,0.215,0.785,0.546177,0.453823,66731.84
1774915494103,2026-03-31T00:04:54.103,btc-updown-15m-1774915200,1774916100,Down,2035541310721235125444422910891850237483011202795860636767688585969824347298,105562026962651857589021212088585401411102711760621435608486159867941204641282,0.22,0.24,20.0,24.0,0.02,0.76,0.78,24.0,20.0,0.02,0.23,0.77,0.545455,0.454545,66772.38
1774915495103,2026-03-31T00:04:55.103,btc-updown-15m-1774915200,1774916100,Down,2035541310721235125444422910891850237483011202795860636767688585969824347298,105562026962651857589021212088585401411102711760621435608486159867941204641282,0.22,0.24,20.0,24.0,0.02,0.76,0.78,24.0,20.0,0.02,0.23,0.77,0.545455,0.454545,66772.38
1774915496103,2026-03-31T00:04:56.103,btc-updown-15m-1774915200,1774916100,Down,2035541310721235125444422910891850237483011202795860636767688585969824347298,105562026962651857589021212088585401411102711760621435608486159867941204641282,0.26,0.43,9.64,20.21,0.17,0.57,0.74,20.21,9.64,0.17,0.345,0.655,0.677052,0.322948,66772.38
1774915497104,2026-03-31T00:04:57.104,btc-updown-15m-1774915200,1774916100,Down,2035541310721235125444422910891850237483011202795860636767688585969824347298,105562026962651857589021212088585401411102711760621435608486159867941204641282,0.43,0.48,13.27,16.24,0.05,0.52,0.57,16.24,13.27,0.05,0.455,0.545,0.550322,0.449678,66810.97
1774915498104,2026-03-31T00:04:58.104,btc-updown-15m-1774915200,1774916100,Down,2035541310721235125444422910891850237483011202795860636767688585969824347298,105562026962651857589021212088585401411102711760621435608486159867941204641282,0.46,0.48,9.58,37.1,0.02,0.45,0.54,37.1,36.93,0.09,0.47,0.495,0.794773,0.498852,66810.97
1774915499105,2026-03-31T00:04:59.105,btc-updown-15m-1774915200,1774916100,Down,2035541310721235125444422910891850237483011202795860636767688585969824347298,105562026962651857589021212088585401411102711760621435608486159867941204641282,0.49,0.56,5.69,67.79,0.07,0.44,0.51,67.79,5.69,0.07,0.525,0.475,0.922564,0.077436,66810.97
1774915500105,2026-03-31T00:05:00.105,btc-updown-15m-1774915200,1774916100,Down,2035541310721235125444422910891850237483011202795860636767688585969824347298,105562026962651857589021212088585401411102711760621435608486159867941204641282,0.51,0.52,24.93,98.08,0.01,0.48,0.49,98.08,24.93,0.01,0.515,0.485,0.797334,0.202666,66817.9
1774915501106,2026-03-31T00:05:01.106,btc-updown-15m-1774915200,1774916100,Down,2035541310721235125444422910891850237483011202795860636767688585969824347298,105562026962651857589021212088585401411102711760621435608486159867941204641282,0.51,0.52,5.0,9.9,0.01,0.48,0.49,9.9,5.0,0.01,0.515,0.485,0.66443,0.33557,66817.9
1774915502106,2026-03-31T00:05:02.106,btc-updown-15m-1774915200,1774916100,Down,2035541310721235125444422910891850237483011202795860636767688585969824347298,105562026962651857589021212088585401411102711760621435608486159867941204641282,0.51,0.56,4.38,11.95,0.05,0.44,0.49,11.95,4.38,0.05,0.535,0.465,0.731782,0.268218,66817.9
1774915503107,2026-03-31T00:05:03.107,btc-updown-15m-1774915200,1774916100,Down,2035541310721235125444422910891850237483011202795860636767688585969824347298,105562026962651857589021212088585401411102711760621435608486159867941204641282,0.47,0.48,8.0,135.99,0.01,0.52,0.53,135.99,8.0,0.01,0.475,0.525,0.944441,0.055559,66803.86
1774915504108,2026-03-31T00:05:04.108,btc-updown-15m-1774915200,1774916100,Down,2035541310721235125444422910891850237483011202795860636767688585969824347298,105562026962651857589021212088585401411102711760621435608486159867941204641282,0.43,0.48,44.86,7.0,0.05,0.52,0.57,7.0,44.86,0.05,0.455,0.545,0.134979,0.865021,66803.86
1774915505108,2026-03-31T00:05:05.108,btc-updown-15m-1774915200,1774916100,Down,2035541310721235125444422910891850237483011202795860636767688585969824347298,105562026962651857589021212088585401411102711760621435608486159867941204641282,0.41,0.43,47.96,4.13,0.02,0.57,0.58,34.34,64.96,0.01,0.42,0.575,0.079286,0.654179,66803.86
1774915506109,2026-03-31T00:05:06.109,btc-updown-15m-1774915200,1774916100,Down,2035541310721235125444422910891850237483011202795860636767688585969824347298,105562026962651857589021212088585401411102711760621435608486159867941204641282,0.41,0.42,6.6,28.03,0.01,0.58,0.59,37.61,6.6,0.01,0.415,0.585,0.809414,0.149287,66788.0
1774915507110,2026-03-31T00:05:07.110,btc-updown-15m-1774915200,1774916100,Down,2035541310721235125444422910891850237483011202795860636767688585969824347298,105562026962651857589021212088585401411102711760621435608486159867941204641282,0.42,0.43,60.82,26.07,0.01,0.57,0.58,26.07,60.82,0.01,0.425,0.575,0.300035,0.699965,66788.0
1774915508110,2026-03-31T00:05:08.110,btc-updown-15m-1774915200,1774916100,Down,2035541310721235125444422910891850237483011202795860636767688585969824347298,105562026962651857589021212088585401411102711760621435608486159867941204641282,0.42,0.43,25.82,5.1,0.01,0.57,0.58,5.1,25.82,0.01,0.425,0.575,0.164942,0.835058,66788.0
1774915509111,2026-03-31T00:05:09.111,btc-updown-15m-1774915200,1774916100,Down,2035541310721235125444422910891850237483011202795860636767688585969824347298,105562026962651857589021212088585401411102711760621435608486159867941204641282,0.41,0.42,36.83,47.83,0.01,0.58,0.59,47.83,36.83,0.01,0.415,0.585,0.564966,0.435034,66788.0
1774915510112,2026-03-31T00:05:10.112,btc-updown-15m-1774915200,1774916100,Down,2035541310721235125444422910891850237483011202795860636767688585969824347298,105562026962651857589021212088585401411102711760621435608486159867941204641282,0.4,0.42,8.58,57.64,0.02,0.58,0.6,57.64,8.58,0.02,0.41,0.59,0.870432,0.129568,66788.0
1774915511112,2026-03-31T00:05:11.112,btc-updown-15m-1774915200,1774916100,Down,2035541310721235125444422910891850237483011202795860636767688585969824347298,105562026962651857589021212088585401411102711760621435608486159867941204641282,0.38,0.41,2.0,23.16,0.03,0.59,0.62,23.16,25.0,0.03,0.395,0.605,0.920509,0.519103,66788.0
1774915512113,2026-03-31T00:05:12.113,btc-updown-15m-1774915200,1774916100,Down,2035541310721235125444422910891850237483011202795860636767688585969824347298,105562026962651857589021212088585401411102711760621435608486159867941204641282,0.4,0.44,61.27,63.0,0.04,0.56,0.6,53.0,48.59,0.04,0.42,0.58,0.506961,0.478295,66778.65
1774915513114,2026-03-31T00:05:13.114,btc-updown-15m-1774915200,1774916100,Down,2035541310721235125444422910891850237483011202795860636767688585969824347298,105562026962651857589021212088585401411102711760621435608486159867941204641282,0.4,0.41,128.0,48.0,0.01,0.59,0.6,48.0,128.0,0.01,0.405,0.595,0.272727,0.727273,66778.65
1774915514114,2026-03-31T00:05:14.114,btc-updown-15m-1774915200,1774916100,Down,2035541310721235125444422910891850237483011202795860636767688585969824347298,105562026962651857589021212088585401411102711760621435608486159867941204641282,0.37,0.4,1030.0,11.0,0.03,0.6,0.63,11.0,1030.0,0.03,0.385,0.615,0.010567,0.989433,66778.65
1774915515114,2026-03-31T00:05:15.114,btc-updown-15m-1774915200,1774916100,Down,2035541310721235125444422910891850237483011202795860636767688585969824347298,105562026962651857589021212088585401411102711760621435608486159867941204641282,0.37,0.4,923.1,31.0,0.03,0.6,0.63,36.0,923.1,0.03,0.385,0.615,0.032491,0.962465,66775.6
1774915516115,2026-03-31T00:05:16.115,btc-updown-15m-1774915200,1774916100,Down,2035541310721235125444422910891850237483011202795860636767688585969824347298,105562026962651857589021212088585401411102711760621435608486159867941204641282,0.38,0.39,17.0,14.0,0.01,0.61,0.62,14.0,17.0,0.01,0.385,0.615,0.451613,0.548387,66775.6
1774915517116,2026-03-31T00:05:17.116,btc-updown-15m-1774915200,1774916100,Down,2035541310721235125444422910891850237483011202795860636767688585969824347298,105562026962651857589021212088585401411102711760621435608486159867941204641282,0.38,0.39,59.0,42.67,0.01,0.61,0.62,42.67,59.0,0.01,0.385,0.615,0.419691,0.580309,66775.6
1774915518117,2026-03-31T00:05:18.117,btc-updown-15m-1774915200,1774916100,Down,2035541310721235125444422910891850237483011202795860636767688585969824347298,105562026962651857589021212088585401411102711760621435608486159867941204641282,0.35,0.37,817.0,22.0,0.02,0.63,0.65,22.0,817.0,0.02,0.36,0.64,0.026222,0.973778,66771.63
1774915519117,2026-03-31T00:05:19.117,btc-updown-15m-1774915200,1774916100,Down,2035541310721235125444422910891850237483011202795860636767688585969824347298,105562026962651857589021212088585401411102711760621435608486159867941204641282,0.33,0.36,2.0,14.33,0.03,0.64,0.67,14.33,2.0,0.03,0.345,0.655,0.877526,0.122474,66771.63
1774915520118,2026-03-31T00:05:20.118,btc-updown-15m-1774915200,1774916100,Down,2035541310721235125444422910891850237483011202795860636767688585969824347298,105562026962651857589021212088585401411102711760621435608486159867941204641282,0.35,0.36,226.85,11.46,0.01,0.64,0.65,11.46,226.85,0.01,0.355,0.645,0.048089,0.951911,66771.63
1774915521119,2026-03-31T00:05:21.119,btc-updown-15m-1774915200,1774916100,Down,2035541310721235125444422910891850237483011202795860636767688585969824347298,105562026962651857589021212088585401411102711760621435608486159867941204641282,0.35,0.36,199.8,4.15,0.01,0.64,0.65,4.15,199.8,0.01,0.355,0.645,0.020348,0.979652,66771.62
1774915522120,2026-03-31T00:05:22.120,btc-updown-15m-1774915200,1774916100,Down,2035541310721235125444422910891850237483011202795860636767688585969824347298,105562026962651857589021212088585401411102711760621435608486159867941204641282,0.35,0.36,58.33,13.46,0.01,0.64,0.65,13.46,58.33,0.01,0.355,0.645,0.187491,0.812509,66771.62
1774915523121,2026-03-31T00:05:23.121,btc-updown-15m-1774915200,1774916100,Down,2035541310721235125444422910891850237483011202795860636767688585969824347298,105562026962651857589021212088585401411102711760621435608486159867941204641282,0.34,0.35,20.0,63.93,0.01,0.65,0.66,63.93,20.0,0.01,0.345,0.655,0.761706,0.238294,66771.62
1774915524121,2026-03-31T00:05:24.121,btc-updown-15m-1774915200,1774916100,Down,2035541310721235125444422910891850237483011202795860636767688585969824347298,105562026962651857589021212088585401411102711760621435608486159867941204641282,0.34,0.35,55.0,2.61,0.01,0.65,0.66,2.61,55.0,0.01,0.345,0.655,0.045305,0.954695,66771.62
1774915525122,2026-03-31T00:05:25.122,btc-updown-15m-1774915200,1774916100,Down,2035541310721235125444422910891850237483011202795860636767688585969824347298,105562026962651857589021212088585401411102711760621435608486159867941204641282,0.33,0.35,60.5,108.39,0.02,0.65,0.67,108.39,60.5,0.02,0.34,0.66,0.641779,0.358221,66771.62
1774915526123,2026-03-31T00:05:26.123,btc-updown-15m-1774915200,1774916100,Down,2035541310721235125444422910891850237483011202795860636767688585969824347298,105562026962651857589021212088585401411102711760621435608486159867941204641282,0.34,0.35,32.78,61.84,0.01,0.65,0.66,61.84,32.78,0.01,0.345,0.655,0.653562,0.346438,66771.62
1774915527123,2026-03-31T00:05:27.123,btc-updown-15m-1774915200,1774916100,Down,2035541310721235125444422910891850237483011202795860636767688585969824347298,105562026962651857589021212088585401411102711760621435608486159867941204641282,0.34,0.35,149.73,17.4,0.01,0.65,0.66,59.4,149.73,0.01,0.345,0.655,0.104111,0.715966,66771.62
1774915528123,2026-03-31T00:05:28.123,btc-updown-15m-1774915200,1774916100,Down,2035541310721235125444422910891850237483011202795860636767688585969824347298,105562026962651857589021212088585401411102711760621435608486159867941204641282,0.31,0.32,101.5,5.0,0.01,0.68,0.69,5.0,101.5,0.01,0.315,0.685,0.046948,0.953052,66771.62
1774915529124,2026-03-31T00:05:29.124,btc-updown-15m-1774915200,1774916100,Down,2035541310721235125444422910891850237483011202795860636767688585969824347298,105562026962651857589021212088585401411102711760621435608486159867941204641282,0.3,0.31,10.0,36.24,0.01,0.69,0.7,36.24,10.0,0.01,0.305,0.695,0.783737,0.216263,66771.62
1774915530125,2026-03-31T00:05:30.125,btc-updown-15m-1774915200,1774916100,Down,2035541310721235125444422910891850237483011202795860636767688585969824347298,105562026962651857589021212088585401411102711760621435608486159867941204641282,0.3,0.31,76.5,165.36,0.01,0.69,0.7,165.36,76.5,0.01,0.305,0.695,0.683701,0.316299,66761.12
1774915531125,2026-03-31T00:05:31.125,btc-updown-15m-1774915200,1774916100,Down,2035541310721235125444422910891850237483011202795860636767688585969824347298,105562026962651857589021212088585401411102711760621435608486159867941204641282,0.31,0.33,217.0,57.5,0.02,0.67,0.69,57.5,227.0,0.02,0.32,0.68,0.209472,0.797891,66761.12
1774915532126,2026-03-31T00:05:32.126,btc-updown-15m-1774915200,1774916100,Down,2035541310721235125444422910891850237483011202795860636767688585969824347298,105562026962651857589021212088585401411102711760621435608486159867941204641282,0.24,0.33,94.5,59.0,0.09,0.67,0.76,59.0,94.5,0.09,0.285,0.715,0.384365,0.615635,66761.12
1774915533126,2026-03-31T00:05:33.126,btc-updown-15m-1774915200,1774916100,Down,2035541310721235125444422910891850237483011202795860636767688585969824347298,105562026962651857589021212088585401411102711760621435608486159867941204641282,0.31,0.32,188.0,88.5,0.01,0.68,0.69,88.5,188.0,0.01,0.315,0.685,0.320072,0.679928,66761.11
1774915534127,2026-03-31T00:05:34.127,btc-updown-15m-1774915200,1774916100,Down,2035541310721235125444422910891850237483011202795860636767688585969824347298,105562026962651857589021212088585401411102711760621435608486159867941204641282,0.31,0.32,172.65,155.5,0.01,0.68,0.69,155.5,172.65,0.01,0.315,0.685,0.473869,0.526131,66761.11
1774915535128,2026-03-31T00:05:35.128,btc-updown-15m-1774915200,1774916100,Down,2035541310721235125444422910891850237483011202795860636767688585969824347298,105562026962651857589021212088585401411102711760621435608486159867941204641282,0.31,0.32,171.39,158.36,0.01,0.68,0.69,158.36,171.39,0.01,0.315,0.685,0.480243,0.519757,66761.11
1774915536128,2026-03-31T00:05:36.128,btc-updown-15m-1774915200,1774916100,Down,2035541310721235125444422910891850237483011202795860636767688585969824347298,105562026962651857589021212088585401411102711760621435608486159867941204641282,0.31,0.32,153.26,146.36,0.01,0.68,0.69,146.36,153.26,0.01,0.315,0.685,0.488485,0.511515,66761.12
1774915537129,2026-03-31T00:05:37.129,btc-updown-15m-1774915200,1774916100,Down,2035541310721235125444422910891850237483011202795860636767688585969824347298,105562026962651857589021212088585401411102711760621435608486159867941204641282,0.31,0.32,155.07,137.11,0.01,0.68,0.69,136.5,155.07,0.01,0.315,0.685,0.469266,0.531845,66761.12
1774915538130,2026-03-31T00:05:38.130,btc-updown-15m-1774915200,1774916100,Down,2035541310721235125444422910891850237483011202795860636767688585969824347298,105562026962651857589021212088585401411102711760621435608486159867941204641282,0.3,0.31,14.0,104.5,0.01,0.69,0.7,104.5,14.0,0.01,0.305,0.695,0.881857,0.118143,66761.12
1774915539131,2026-03-31T00:05:39.131,btc-updown-15m-1774915200,1774916100,Down,2035541310721235125444422910891850237483011202795860636767688585969824347298,105562026962651857589021212088585401411102711760621435608486159867941204641282,0.28,0.31,83.0,161.0,0.03,0.69,0.72,161.0,83.0,0.03,0.295,0.705,0.659836,0.340164,66761.12
1774915540131,2026-03-31T00:05:40.131,btc-updown-15m-1774915200,1774916100,Down,2035541310721235125444422910891850237483011202795860636767688585969824347298,105562026962651857589021212088585401411102711760621435608486159867941204641282,0.29,0.3,157.8,65.5,0.01,0.7,0.71,65.5,157.8,0.01,0.295,0.705,0.293327,0.706673,66761.12
1774915541132,2026-03-31T00:05:41.132,btc-updown-15m-1774915200,1774916100,Down,2035541310721235125444422910891850237483011202795860636767688585969824347298,105562026962651857589021212088585401411102711760621435608486159867941204641282,0.29,0.3,405.6,63.5,0.01,0.7,0.71,63.5,405.6,0.01,0.295,0.705,0.135366,0.864634,66761.12
1774915542132,2026-03-31T00:05:42.132,btc-updown-15m-1774915200,1774916100,Down,2035541310721235125444422910891850237483011202795860636767688585969824347298,105562026962651857589021212088585401411102711760621435608486159867941204641282,0.26,0.27,182.0,64.49,0.01,0.73,0.74,64.49,182.0,0.01,0.265,0.735,0.261633,0.738367,66759.46
1774915543132,2026-03-31T00:05:43.132,btc-updown-15m-1774915200,1774916100,Down,2035541310721235125444422910891850237483011202795860636767688585969824347298,105562026962651857589021212088585401411102711760621435608486159867941204641282,0.26,0.27,157.0,6.49,0.01,0.73,0.74,6.49,157.0,0.01,0.265,0.735,0.039697,0.960303,66759.46
1774915544133,2026-03-31T00:05:44.133,btc-updown-15m-1774915200,1774916100,Down,2035541310721235125444422910891850237483011202795860636767688585969824347298,105562026962651857589021212088585401411102711760621435608486159867941204641282,0.26,0.27,42.15,26.49,0.01,0.73,0.74,6.49,157.0,0.01,0.265,0.735,0.385927,0.960303,66759.46
1774915545133,2026-03-31T00:05:45.133,btc-updown-15m-1774915200,1774916100,Down,2035541310721235125444422910891850237483011202795860636767688585969824347298,105562026962651857589021212088585401411102711760621435608486159867941204641282,0.24,0.25,2.03,54.01,0.01,0.75,0.76,49.0,4.03,0.01,0.245,0.755,0.963776,0.075995,66756.82
1774915546134,2026-03-31T00:05:46.134,btc-updown-15m-1774915200,1774916100,Down,2035541310721235125444422910891850237483011202795860636767688585969824347298,105562026962651857589021212088585401411102711760621435608486159867941204641282,0.25,0.26,216.1,37.19,0.01,0.74,0.75,37.19,216.1,0.01,0.255,0.745,0.146828,0.853172,66756.82
1774915547135,2026-03-31T00:05:47.135,btc-updown-15m-1774915200,1774916100,Down,2035541310721235125444422910891850237483011202795860636767688585969824347298,105562026962651857589021212088585401411102711760621435608486159867941204641282,0.25,0.26,54.61,7.66,0.01,0.74,0.75,7.66,54.61,0.01,0.255,0.745,0.123013,0.876987,66756.82
1774915548135,2026-03-31T00:05:48.135,btc-updown-15m-1774915200,1774916100,Down,2035541310721235125444422910891850237483011202795860636767688585969824347298,105562026962651857589021212088585401411102711760621435608486159867941204641282,0.25,0.27,143.0,18.23,0.02,0.73,0.75,18.23,143.0,0.02,0.26,0.74,0.113068,0.886932,66756.83
1774915549136,2026-03-31T00:05:49.136,btc-updown-15m-1774915200,1774916100,Down,2035541310721235125444422910891850237483011202795860636767688585969824347298,105562026962651857589021212088585401411102711760621435608486159867941204641282,0.25,0.27,90.0,867.39,0.02,0.73,0.75,867.39,90.0,0.02,0.26,0.74,0.905994,0.094006,66756.83
1774915550138,2026-03-31T00:05:50.138,btc-updown-15m-1774915200,1774916100,Down,2035541310721235125444422910891850237483011202795860636767688585969824347298,105562026962651857589021212088585401411102711760621435608486159867941204641282,0.26,0.29,34.0,47.52,0.03,0.71,0.74,47.52,34.0,0.03,0.275,0.725,0.582924,0.417076,66756.83
1774915551138,2026-03-31T00:05:51.138,btc-updown-15m-1774915200,1774916100,Down,2035541310721235125444422910891850237483011202795860636767688585969824347298,105562026962651857589021212088585401411102711760621435608486159867941204641282,0.27,0.28,24.98,55.0,0.01,0.72,0.73,55.0,24.98,0.01,0.275,0.725,0.687672,0.312328,66759.47
1774915552139,2026-03-31T00:05:52.139,btc-updown-15m-1774915200,1774916100,Down,2035541310721235125444422910891850237483011202795860636767688585969824347298,105562026962651857589021212088585401411102711760621435608486159867941204641282,0.27,0.28,19.98,866.0,0.01,0.72,0.73,866.0,19.98,0.01,0.275,0.725,0.977449,0.022551,66759.47
1774915553139,2026-03-31T00:05:53.139,btc-updown-15m-1774915200,1774916100,Down,2035541310721235125444422910891850237483011202795860636767688585969824347298,105562026962651857589021212088585401411102711760621435608486159867941204641282,0.28,0.29,27.0,823.52,0.01,0.71,0.72,823.52,27.0,0.01,0.285,0.715,0.968255,0.031745,66759.47
1774915554140,2026-03-31T00:05:54.140,btc-updown-15m-1774915200,1774916100,Down,2035541310721235125444422910891850237483011202795860636767688585969824347298,105562026962651857589021212088585401411102711760621435608486159867941204641282,0.27,0.29,126.5,31.0,0.02,0.71,0.73,31.0,126.5,0.02,0.28,0.72,0.196825,0.803175,66759.47
1774915555141,2026-03-31T00:05:55.141,btc-updown-15m-1774915200,1774916100,Down,2035541310721235125444422910891850237483011202795860636767688585969824347298,105562026962651857589021212088585401411102711760621435608486159867941204641282,0.25,0.26,221.34,11.76,0.01,0.74,0.75,11.76,221.34,0.01,0.255,0.745,0.05045,0.94955,66759.47
1774915556142,2026-03-31T00:05:56.142,btc-updown-15m-1774915200,1774916100,Down,2035541310721235125444422910891850237483011202795860636767688585969824347298,105562026962651857589021212088585401411102711760621435608486159867941204641282,0.25,0.26,391.34,27.24,0.01,0.74,0.75,27.24,391.34,0.01,0.255,0.745,0.065077,0.934923,66759.47
1774915557143,2026-03-31T00:05:57.143,btc-updown-15m-1774915200,1774916100,Down,2035541310721235125444422910891850237483011202795860636767688585969824347298,105562026962651857589021212088585401411102711760621435608486159867941204641282,0.25,0.26,80.22,882.45,0.01,0.74,0.75,882.45,80.22,0.01,0.255,0.745,0.916669,0.083331,66756.82
1774915558144,2026-03-31T00:05:58.144,btc-updown-15m-1774915200,1774916100,Down,2035541310721235125444422910891850237483011202795860636767688585969824347298,105562026962651857589021212088585401411102711760621435608486159867941204641282,0.25,0.26,80.22,882.45,0.01,0.74,0.75,882.45,80.22,0.01,0.255,0.745,0.916669,0.083331,66756.82
1774915559144,2026-03-31T00:05:59.144,btc-updown-15m-1774915200,1774916100,Down,2035541310721235125444422910891850237483011202795860636767688585969824347298,105562026962651857589021212088585401411102711760621435608486159867941204641282,0.25,0.26,81.22,892.59,0.01,0.74,0.75,892.59,81.22,0.01,0.255,0.745,0.916596,0.083404,66756.82
1774915560144,2026-03-31T00:06:00.144,btc-updown-15m-1774915200,1774916100,Down,2035541310721235125444422910891850237483011202795860636767688585969824347298,105562026962651857589021212088585401411102711760621435608486159867941204641282,0.25,0.26,215.22,882.28,0.01,0.74,0.75,882.28,215.22,0.01,0.255,0.745,0.8039,0.1961,66756.14
1774915561145,2026-03-31T00:06:01.145,btc-updown-15m-1774915200,1774916100,Down,2035541310721235125444422910891850237483011202795860636767688585969824347298,105562026962651857589021212088585401411102711760621435608486159867941204641282,0.23,0.24,81.41,10.0,0.01,0.76,0.77,10.0,81.41,0.01,0.235,0.765,0.109397,0.890603,66756.14
1774915562146,2026-03-31T00:06:02.146,btc-updown-15m-1774915200,1774916100,Down,2035541310721235125444422910891850237483011202795860636767688585969824347298,105562026962651857589021212088585401411102711760621435608486159867941204641282,0.2,0.21,72.15,805.18,0.01,0.79,0.8,805.18,72.15,0.01,0.205,0.795,0.917762,0.082238,66756.14
1774915563146,2026-03-31T00:06:03.146,btc-updown-15m-1774915200,1774916100,Down,2035541310721235125444422910891850237483011202795860636767688585969824347298,105562026962651857589021212088585401411102711760621435608486159867941204641282,0.2,0.22,54.18,827.7,0.02,0.78,0.8,827.7,54.18,0.02,0.21,0.79,0.938563,0.061437,66739.86
1774915564148,2026-03-31T00:06:04.148,btc-updown-15m-1774915200,1774916100,Down,2035541310721235125444422910891850237483011202795860636767688585969824347298,105562026962651857589021212088585401411102711760621435608486159867941204641282,0.21,0.22,26.3,810.0,0.01,0.78,0.79,810.0,26.3,0.01,0.215,0.785,0.968552,0.031448,66739.86
1774915565148,2026-03-31T00:06:05.148,btc-updown-15m-1774915200,1774916100,Down,2035541310721235125444422910891850237483011202795860636767688585969824347298,105562026962651857589021212088585401411102711760621435608486159867941204641282,0.21,0.22,36.0,851.0,0.01,0.78,0.79,851.0,36.0,0.01,0.215,0.785,0.959414,0.040586,66739.86
1774915566149,2026-03-31T00:06:06.149,btc-updown-15m-1774915200,1774916100,Down,2035541310721235125444422910891850237483011202795860636767688585969824347298,105562026962651857589021212088585401411102711760621435608486159867941204641282,0.21,0.23,141.3,848.98,0.02,0.77,0.79,848.98,141.3,0.02,0.22,0.78,0.857313,0.142687,66739.87
1774915567149,2026-03-31T00:06:07.149,btc-updown-15m-1774915200,1774916100,Down,2035541310721235125444422910891850237483011202795860636767688585969824347298,105562026962651857589021212088585401411102711760621435608486159867941204641282,0.21,0.23,103.8,856.92,0.02,0.77,0.79,856.92,103.8,0.02,0.22,0.78,0.891956,0.108044,66739.87
1774915568150,2026-03-31T00:06:08.150,btc-updown-15m-1774915200,1774916100,Down,2035541310721235125444422910891850237483011202795860636767688585969824347298,105562026962651857589021212088585401411102711760621435608486159867941204641282,0.22,0.23,75.8,70.17,0.01,0.77,0.78,70.17,75.8,0.01,0.225,0.775,0.480715,0.519285,66739.87
1774915569152,2026-03-31T00:06:09.152,btc-updown-15m-1774915200,1774916100,Down,2035541310721235125444422910891850237483011202795860636767688585969824347298,105562026962651857589021212088585401411102711760621435608486159867941204641282,0.22,0.23,65.8,65.0,0.01,0.77,0.78,65.0,65.8,0.01,0.225,0.775,0.496942,0.503058,66739.87
1774915570153,2026-03-31T00:06:10.153,btc-updown-15m-1774915200,1774916100,Down,2035541310721235125444422910891850237483011202795860636767688585969824347298,105562026962651857589021212088585401411102711760621435608486159867941204641282,0.22,0.23,65.8,65.0,0.01,0.77,0.78,65.0,65.8,0.01,0.225,0.775,0.496942,0.503058,66739.87
1774915571153,2026-03-31T00:06:11.153,btc-updown-15m-1774915200,1774916100,Down,2035541310721235125444422910891850237483011202795860636767688585969824347298,105562026962651857589021212088585401411102711760621435608486159867941204641282,0.22,0.23,132.8,53.0,0.01,0.77,0.78,53.0,132.8,0.01,0.225,0.775,0.285253,0.714747,66739.87
1774915572154,2026-03-31T00:06:12.154,btc-updown-15m-1774915200,1774916100,Down,2035541310721235125444422910891850237483011202795860636767688585969824347298,105562026962651857589021212088585401411102711760621435608486159867941204641282,0.22,0.25,19.82,202.05,0.03,0.75,0.78,202.05,19.82,0.03,0.235,0.765,0.910668,0.089332,66749.53
1774915573155,2026-03-31T00:06:13.155,btc-updown-15m-1774915200,1774916100,Down,2035541310721235125444422910891850237483011202795860636767688585969824347298,105562026962651857589021212088585401411102711760621435608486159867941204641282,0.24,0.26,25.69,136.0,0.02,0.74,0.76,136.0,25.69,0.02,0.25,0.75,0.841116,0.158884,66749.53
1774915574156,2026-03-31T00:06:14.156,btc-updown-15m-1774915200,1774916100,Down,2035541310721235125444422910891850237483011202795860636767688585969824347298,105562026962651857589021212088585401411102711760621435608486159867941204641282,0.24,0.26,5.0,975.0,0.02,0.74,0.76,975.0,5.0,0.02,0.25,0.75,0.994898,0.005102,66749.53
1774915575157,2026-03-31T00:06:15.157,btc-updown-15m-1774915200,1774916100,Down,2035541310721235125444422910891850237483011202795860636767688585969824347298,105562026962651857589021212088585401411102711760621435608486159867941204641282,0.25,0.27,304.5,941.0,0.02,0.73,0.75,941.0,304.5,0.02,0.26,0.74,0.75552,0.24448,66749.53
1774915576158,2026-03-31T00:06:16.158,btc-updown-15m-1774915200,1774916100,Down,2035541310721235125444422910891850237483011202795860636767688585969824347298,105562026962651857589021212088585401411102711760621435608486159867941204641282,0.26,0.27,284.79,888.28,0.01,0.73,0.74,888.28,284.79,0.01,0.265,0.735,0.757227,0.242773,66749.53
1774915577159,2026-03-31T00:06:17.159,btc-updown-15m-1774915200,1774916100,Down,2035541310721235125444422910891850237483011202795860636767688585969824347298,105562026962651857589021212088585401411102711760621435608486159867941204641282,0.26,0.27,222.53,919.79,0.01,0.73,0.74,919.79,222.53,0.01,0.265,0.735,0.805195,0.194805,66749.53
1774915578160,2026-03-31T00:06:18.160,btc-updown-15m-1774915200,1774916100,Down,2035541310721235125444422910891850237483011202795860636767688585969824347298,105562026962651857589021212088585401411102711760621435608486159867941204641282,0.26,0.27,215.53,921.61,0.01,0.73,0.74,921.61,215.53,0.01,0.265,0.735,0.810463,0.189537,66749.53
1774915579160,2026-03-31T00:06:19.160,btc-updown-15m-1774915200,1774916100,Down,2035541310721235125444422910891850237483011202795860636767688585969824347298,105562026962651857589021212088585401411102711760621435608486159867941204641282,0.26,0.27,262.53,916.58,0.01,0.73,0.74,916.58,262.53,0.01,0.265,0.735,0.777349,0.222651,66749.53
1774915580161,2026-03-31T00:06:20.161,btc-updown-15m-1774915200,1774916100,Down,2035541310721235125444422910891850237483011202795860636767688585969824347298,105562026962651857589021212088585401411102711760621435608486159867941204641282,0.26,0.27,262.53,916.58,0.01,0.73,0.74,916.58,262.53,0.01,0.265,0.735,0.777349,0.222651,66749.53
1774915581161,2026-03-31T00:06:21.161,btc-updown-15m-1774915200,1774916100,Down,2035541310721235125444422910891850237483011202795860636767688585969824347298,105562026962651857589021212088585401411102711760621435608486159867941204641282,0.24,0.26,20.0,11.0,0.02,0.74,0.76,11.0,20.0,0.02,0.25,0.75,0.354839,0.645161,66749.53
1774915582161,2026-03-31T00:06:22.161,btc-updown-15m-1774915200,1774916100,Down,2035541310721235125444422910891850237483011202795860636767688585969824347298,105562026962651857589021212088585401411102711760621435608486159867941204641282,0.23,0.25,463.18,5.0,0.02,0.75,0.77,5.0,463.18,0.02,0.24,0.76,0.01068,0.98932,66749.53
1774915583162,2026-03-31T00:06:23.162,btc-updown-15m-1774915200,1774916100,Down,2035541310721235125444422910891850237483011202795860636767688585969824347298,105562026962651857589021212088585401411102711760621435608486159867941204641282,0.23,0.25,463.18,5.0,0.02,0.75,0.77,5.0,463.18,0.02,0.24,0.76,0.01068,0.98932,66749.53
1774915584162,2026-03-31T00:06:24.162,btc-updown-15m-1774915200,1774916100,Down,2035541310721235125444422910891850237483011202795860636767688585969824347298,105562026962651857589021212088585401411102711760621435608486159867941204641282,0.24,0.25,87.5,46.0,0.01,0.75,0.76,46.0,87.5,0.01,0.245,0.755,0.344569,0.655431,66749.52
1774915585164,2026-03-31T00:06:25.164,btc-updown-15m-1774915200,1774916100,Down,2035541310721235125444422910891850237483011202795860636767688585969824347298,105562026962651857589021212088585401411102711760621435608486159867941204641282,0.24,0.25,92.28,52.0,0.01,0.75,0.76,52.0,92.28,0.01,0.245,0.755,0.36041,0.63959,66749.52
1774915586165,2026-03-31T00:06:26.165,btc-updown-15m-1774915200,1774916100,Down,2035541310721235125444422910891850237483011202795860636767688585969824347298,105562026962651857589021212088585401411102711760621435608486159867941204641282,0.24,0.25,65.75,120.0,0.01,0.75,0.76,120.0,65.75,0.01,0.245,0.755,0.64603,0.35397,66749.52
1774915587165,2026-03-31T00:06:27.165,btc-updown-15m-1774915200,1774916100,Down,2035541310721235125444422910891850237483011202795860636767688585969824347298,105562026962651857589021212088585401411102711760621435608486159867941204641282,0.24,0.26,31.75,1001.08,0.02,0.74,0.76,1001.08,31.75,0.02,0.25,0.75,0.969259,0.030741,66749.52
1774915588165,2026-03-31T00:06:28.165,btc-updown-15m-1774915200,1774916100,Down,2035541310721235125444422910891850237483011202795860636767688585969824347298,105562026962651857589021212088585401411102711760621435608486159867941204641282,0.25,0.27,236.5,881.54,0.02,0.73,0.75,881.54,236.5,0.02,0.26,0.74,0.788469,0.211531,66749.52
1774915589166,2026-03-31T00:06:29.166,btc-updown-15m-1774915200,1774916100,Down,2035541310721235125444422910891850237483011202795860636767688585969824347298,105562026962651857589021212088585401411102711760621435608486159867941204641282,0.25,0.27,236.5,881.54,0.02,0.73,0.75,881.54,236.5,0.02,0.26,0.74,0.788469,0.211531,66749.52
1774915590166,2026-03-31T00:06:30.166,btc-updown-15m-1774915200,1774916100,Down,2035541310721235125444422910891850237483011202795860636767688585969824347298,105562026962651857589021212088585401411102711760621435608486159867941204641282,0.26,0.27,262.5,93.1,0.01,0.73,0.74,93.1,262.5,0.01,0.265,0.735,0.261811,0.738189,66749.52
1774915591167,2026-03-31T00:06:31.167,btc-updown-15m-1774915200,1774916100,Down,2035541310721235125444422910891850237483011202795860636767688585969824347298,105562026962651857589021212088585401411102711760621435608486159867941204641282,0.26,0.27,262.5,93.1,0.01,0.73,0.74,93.1,262.5,0.01,0.265,0.735,0.261811,0.738189,66749.52
1774915592168,2026-03-31T00:06:32.168,btc-updown-15m-1774915200,1774916100,Down,2035541310721235125444422910891850237483011202795860636767688585969824347298,105562026962651857589021212088585401411102711760621435608486159867941204641282,0.26,0.27,262.5,67.1,0.01,0.73,0.74,67.1,262.5,0.01,0.265,0.735,0.20358,0.79642,66749.52
1774915593169,2026-03-31T00:06:33.169,btc-updown-15m-1774915200,1774916100,Down,2035541310721235125444422910891850237483011202795860636767688585969824347298,105562026962651857589021212088585401411102711760621435608486159867941204641282,0.26,0.27,262.5,67.1,0.01,0.73,0.74,67.1,262.5,0.01,0.265,0.735,0.20358,0.79642,66749.52
1774915594170,2026-03-31T00:06:34.170,btc-updown-15m-1774915200,1774916100,Down,2035541310721235125444422910891850237483011202795860636767688585969824347298,105562026962651857589021212088585401411102711760621435608486159867941204641282,0.26,0.27,20.0,153.19,0.01,0.73,0.74,153.19,20.0,0.01,0.265,0.735,0.88452,0.11548,66749.52
1774915595170,2026-03-31T00:06:35.170,btc-updown-15m-1774915200,1774916100,Down,2035541310721235125444422910891850237483011202795860636767688585969824347298,105562026962651857589021212088585401411102711760621435608486159867941204641282,0.26,0.27,7.18,225.19,0.01,0.73,0.74,225.19,7.18,0.01,0.265,0.735,0.969101,0.030899,66749.52
1774915596171,2026-03-31T00:06:36.171,btc-updown-15m-1774915200,1774916100,Down,2035541310721235125444422910891850237483011202795860636767688585969824347298,105562026962651857589021212088585401411102711760621435608486159867941204641282,0.26,0.28,387.7,1026.1,0.02,0.72,0.74,1026.1,387.7,0.02,0.27,0.73,0.725775,0.274225,66750.85
1774915597171,2026-03-31T00:06:37.171,btc-updown-15m-1774915200,1774916100,Down,2035541310721235125444422910891850237483011202795860636767688585969824347298,105562026962651857589021212088585401411102711760621435608486159867941204641282,0.26,0.28,387.7,1026.1,0.02,0.72,0.74,1026.1,387.7,0.02,0.27,0.73,0.725775,0.274225,66750.85
1774915598173,2026-03-31T00:06:38.173,btc-updown-15m-1774915200,1774916100,Down,2035541310721235125444422910891850237483011202795860636767688585969824347298,105562026962651857589021212088585401411102711760621435608486159867941204641282,0.27,0.28,352.34,107.0,0.01,0.72,0.73,107.0,352.34,0.01,0.275,0.725,0.232943,0.767057,66750.85
1774915599173,2026-03-31T00:06:39.173,btc-updown-15m-1774915200,1774916100,Down,2035541310721235125444422910891850237483011202795860636767688585969824347298,105562026962651857589021212088585401411102711760621435608486159867941204641282,0.27,0.28,352.34,107.0,0.01,0.72,0.73,107.0,352.34,0.01,0.275,0.725,0.232943,0.767057,66754.43
1774915600173,2026-03-31T00:06:40.173,btc-updown-15m-1774915200,1774916100,Down,2035541310721235125444422910891850237483011202795860636767688585969824347298,105562026962651857589021212088585401411102711760621435608486159867941204641282,0.27,0.28,72.34,150.27,0.01,0.72,0.73,150.27,72.34,0.01,0.275,0.725,0.675037,0.324963,66754.43
1774915601174,2026-03-31T00:06:41.174,btc-updown-15m-1774915200,1774916100,Down,2035541310721235125444422910891850237483011202795860636767688585969824347298,105562026962651857589021212088585401411102711760621435608486159867941204641282,0.27,0.28,72.34,150.27,0.01,0.72,0.73,150.27,72.34,0.01,0.275,0.725,0.675037,0.324963,66754.43
1774915602175,2026-03-31T00:06:42.175,btc-updown-15m-1774915200,1774916100,Down,2035541310721235125444422910891850237483011202795860636767688585969824347298,105562026962651857589021212088585401411102711760621435608486159867941204641282,0.25,0.27,357.71,38.0,0.02,0.73,0.75,38.0,357.71,0.02,0.26,0.74,0.09603,0.90397,66754.43
1774915603175,2026-03-31T00:06:43.175,btc-updown-15m-1774915200,1774916100,Down,2035541310721235125444422910891850237483011202795860636767688585969824347298,105562026962651857589021212088585401411102711760621435608486159867941204641282,0.25,0.26,229.66,7.66,0.01,0.74,0.75,7.66,229.66,0.01,0.255,0.745,0.032277,0.967723,66754.43
1774915604177,2026-03-31T00:06:44.177,btc-updown-15m-1774915200,1774916100,Down,2035541310721235125444422910891850237483011202795860636767688585969824347298,105562026962651857589021212088585401411102711760621435608486159867941204641282,0.24,0.25,181.2,3.0,0.01,0.75,0.76,3.0,181.2,0.01,0.245,0.755,0.016287,0.983713,66754.43
1774915605178,2026-03-31T00:06:45.178,btc-updown-15m-1774915200,1774916100,Down,2035541310721235125444422910891850237483011202795860636767688585969824347298,105562026962651857589021212088585401411102711760621435608486159867941204641282,0.21,0.23,25.0,30.14,0.02,0.77,0.79,30.14,25.0,0.02,0.22,0.78,0.546609,0.453391,66741.12
1774915606179,2026-03-31T00:06:46.179,btc-updown-15m-1774915200,1774916100,Down,2035541310721235125444422910891850237483011202795860636767688585969824347298,105562026962651857589021212088585401411102711760621435608486159867941204641282,0.22,0.23,73.0,22.21,0.01,0.77,0.78,22.21,73.0,0.01,0.225,0.775,0.233274,0.766726,66741.12
1774915607179,2026-03-31T00:06:47.179,btc-updown-15m-1774915200,1774916100,Down,2035541310721235125444422910891850237483011202795860636767688585969824347298,105562026962651857589021212088585401411102711760621435608486159867941204641282,0.24,0.25,108.5,35.88,0.01,0.75,0.76,35.88,108.5,0.01,0.245,0.755,0.248511,0.751489,66741.12
1774915608180,2026-03-31T00:06:48.180,btc-updown-15m-1774915200,1774916100,Down,2035541310721235125444422910891850237483011202795860636767688585969824347298,105562026962651857589021212088585401411102711760621435608486159867941204641282,0.24,0.25,108.5,35.88,0.01,0.75,0.76,35.88,108.5,0.01,0.245,0.755,0.248511,0.751489,66743.18
1774915609181,2026-03-31T00:06:49.181,btc-updown-15m-1774915200,1774916100,Down,2035541310721235125444422910891850237483011202795860636767688585969824347298,105562026962651857589021212088585401411102711760621435608486159867941204641282,0.28,0.29,85.5,24.97,0.01,0.71,0.72,24.97,85.5,0.01,0.285,0.715,0.226034,0.773966,66743.18
1774915610182,2026-03-31T00:06:50.182,btc-updown-15m-1774915200,1774916100,Down,2035541310721235125444422910891850237483011202795860636767688585969824347298,105562026962651857589021212088585401411102711760621435608486159867941204641282,0.28,0.29,32.41,113.97,0.01,0.71,0.72,113.97,32.41,0.01,0.285,0.715,0.77859,0.22141,66743.18
1774915611183,2026-03-31T00:06:51.183,btc-updown-15m-1774915200,1774916100,Down,2035541310721235125444422910891850237483011202795860636767688585969824347298,105562026962651857589021212088585401411102711760621435608486159867941204641282,0.28,0.29,17.41,30.37,0.01,0.71,0.72,30.37,17.41,0.01,0.285,0.715,0.635622,0.364378,66754.42
1774915612183,2026-03-31T00:06:52.183,btc-updown-15m-1774915200,1774916100,Down,2035541310721235125444422910891850237483011202795860636767688585969824347298,105562026962651857589021212088585401411102711760621435608486159867941204641282,0.28,0.29,221.56,87.61,0.01,0.71,0.72,87.61,221.56,0.01,0.285,0.715,0.283372,0.716628,66754.42
1774915613184,2026-03-31T00:06:53.184,btc-updown-15m-1774915200,1774916100,Down,2035541310721235125444422910891850237483011202795860636767688585969824347298,105562026962651857589021212088585401411102711760621435608486159867941204641282,0.28,0.29,214.56,69.0,0.01,0.71,0.72,69.0,214.56,0.01,0.285,0.715,0.243335,0.756665,66754.42
1774915614184,2026-03-31T00:06:54.184,btc-updown-15m-1774915200,1774916100,Down,2035541310721235125444422910891850237483011202795860636767688585969824347298,105562026962651857589021212088585401411102711760621435608486159867941204641282,0.28,0.29,256.56,122.22,0.01,0.71,0.72,122.22,256.56,0.01,0.285,0.715,0.322668,0.677332,66754.43
1774915615185,2026-03-31T00:06:55.185,btc-updown-15m-1774915200,1774916100,Down,2035541310721235125444422910891850237483011202795860636767688585969824347298,105562026962651857589021212088585401411102711760621435608486159867941204641282,0.26,0.28,110.0,16.0,0.02,0.72,0.74,16.0,110.0,0.02,0.27,0.73,0.126984,0.873016,66754.43
1774915616185,2026-03-31T00:06:56.185,btc-updown-15m-1774915200,1774916100,Down,2035541310721235125444422910891850237483011202795860636767688585969824347298,105562026962651857589021212088585401411102711760621435608486159867941204641282,0.25,0.26,48.0,51.5,0.01,0.74,0.75,51.5,48.0,0.01,0.255,0.745,0.517588,0.482412,66754.43
1774915617186,2026-03-31T00:06:57.186,btc-updown-15m-1774915200,1774916100,Down,2035541310721235125444422910891850237483011202795860636767688585969824347298,105562026962651857589021212088585401411102711760621435608486159867941204641282,0.21,0.24,21.87,174.92,0.03,0.76,0.79,174.92,21.87,0.03,0.225,0.775,0.888866,0.111134,66745.55
1774915618187,2026-03-31T00:06:58.187,btc-updown-15m-1774915200,1774916100,Down,2035541310721235125444422910891850237483011202795860636767688585969824347298,105562026962651857589021212088585401411102711760621435608486159867941204641282,0.23,0.24,55.33,15.0,0.01,0.76,0.77,15.0,55.33,0.01,0.235,0.765,0.21328,0.78672,66745.55
1774915619187,2026-03-31T00:06:59.187,btc-updown-15m-1774915200,1774916100,Down,2035541310721235125444422910891850237483011202795860636767688585969824347298,105562026962651857589021212088585401411102711760621435608486159867941204641282,0.23,0.24,84.33,10.0,0.01,0.76,0.77,10.0,84.33,0.01,0.235,0.765,0.106011,0.893989,66745.55
1774915620188,2026-03-31T00:07:00.188,btc-updown-15m-1774915200,1774916100,Down,2035541310721235125444422910891850237483011202795860636767688585969824347298,105562026962651857589021212088585401411102711760621435608486159867941204641282,0.23,0.24,86.12,56.1,0.01,0.76,0.77,56.1,86.12,0.01,0.235,0.765,0.394459,0.605541,66745.56
1774915621188,2026-03-31T00:07:01.188,btc-updown-15m-1774915200,1774916100,Down,2035541310721235125444422910891850237483011202795860636767688585969824347298,105562026962651857589021212088585401411102711760621435608486159867941204641282,0.23,0.24,297.58,2.4,0.01,0.76,0.77,2.4,297.58,0.01,0.235,0.765,0.008001,0.991999,66745.56
1774915622189,2026-03-31T00:07:02.189,btc-updown-15m-1774915200,1774916100,Down,2035541310721235125444422910891850237483011202795860636767688585969824347298,105562026962651857589021212088585401411102711760621435608486159867941204641282,0.22,0.23,167.82,48.5,0.01,0.77,0.78,48.5,167.82,0.01,0.225,0.775,0.224205,0.775795,66745.56
1774915623190,2026-03-31T00:07:03.190,btc-updown-15m-1774915200,1774916100,Down,2035541310721235125444422910891850237483011202795860636767688585969824347298,105562026962651857589021212088585401411102711760621435608486159867941204641282,0.22,0.23,132.47,30.5,0.01,0.77,0.78,30.5,132.47,0.01,0.225,0.775,0.187151,0.812849,66745.55
1774915624190,2026-03-31T00:07:04.190,btc-updown-15m-1774915200,1774916100,Down,2035541310721235125444422910891850237483011202795860636767688585969824347298,105562026962651857589021212088585401411102711760621435608486159867941204641282,0.22,0.23,132.47,30.5,0.01,0.77,0.78,30.5,132.47,0.01,0.225,0.775,0.187151,0.812849,66745.55
1774915625190,2026-03-31T00:07:05.190,btc-updown-15m-1774915200,1774916100,Down,2035541310721235125444422910891850237483011202795860636767688585969824347298,105562026962651857589021212088585401411102711760621435608486159867941204641282,0.21,0.22,74.5,30.5,0.01,0.78,0.79,30.5,74.5,0.01,0.215,0.785,0.290476,0.709524,66745.55
1774915626191,2026-03-31T00:07:06.191,btc-updown-15m-1774915200,1774916100,Down,2035541310721235125444422910891850237483011202795860636767688585969824347298,105562026962651857589021212088585401411102711760621435608486159867941204641282,0.2,0.21,152.23,22.5,0.01,0.79,0.8,22.5,152.23,0.01,0.205,0.795,0.12877,0.87123,66741.13
1774915627191,2026-03-31T00:07:07.191,btc-updown-15m-1774915200,1774916100,Down,2035541310721235125444422910891850237483011202795860636767688585969824347298,105562026962651857589021212088585401411102711760621435608486159867941204641282,0.19,0.21,196.54,17.5,0.02,0.79,0.81,17.5,196.54,0.02,0.2,0.8,0.08176,0.91824,66741.13
1774915628192,2026-03-31T00:07:08.192,btc-updown-15m-1774915200,1774916100,Down,2035541310721235125444422910891850237483011202795860636767688585969824347298,105562026962651857589021212088585401411102711760621435608486159867941204641282,0.19,0.2,171.0,9.72,0.01,0.8,0.81,9.72,171.0,0.01,0.195,0.805,0.053785,0.946215,66741.13
1774915629192,2026-03-31T00:07:09.192,btc-updown-15m-1774915200,1774916100,Down,2035541310721235125444422910891850237483011202795860636767688585969824347298,105562026962651857589021212088585401411102711760621435608486159867941204641282,0.18,0.19,173.56,31.28,0.01,0.81,0.82,31.28,173.56,0.01,0.185,0.815,0.152705,0.847295,66738.99
1774915630193,2026-03-31T00:07:10.193,btc-updown-15m-1774915200,1774916100,Down,2035541310721235125444422910891850237483011202795860636767688585969824347298,105562026962651857589021212088585401411102711760621435608486159867941204641282,0.18,0.19,167.55,31.28,0.01,0.81,0.82,31.28,167.55,0.01,0.185,0.815,0.15732,0.84268,66738.99
1774915631194,2026-03-31T00:07:11.194,btc-updown-15m-1774915200,1774916100,Down,2035541310721235125444422910891850237483011202795860636767688585969824347298,105562026962651857589021212088585401411102711760621435608486159867941204641282,0.18,0.19,167.55,31.28,0.01,0.81,0.82,31.28,167.55,0.01,0.185,0.815,0.15732,0.84268,66738.99
1774915632195,2026-03-31T00:07:12.195,btc-updown-15m-1774915200,1774916100,Down,2035541310721235125444422910891850237483011202795860636767688585969824347298,105562026962651857589021212088585401411102711760621435608486159867941204641282,0.17,0.18,122.0,27.51,0.01,0.82,0.83,27.51,122.0,0.01,0.175,0.825,0.184001,0.815999,66736.53
1774915633196,2026-03-31T00:07:13.196,btc-updown-15m-1774915200,1774916100,Down,2035541310721235125444422910891850237483011202795860636767688585969824347298,105562026962651857589021212088585401411102711760621435608486159867941204641282,0.17,0.2,44.05,88.65,0.03,0.8,0.83,68.65,49.05,0.03,0.185,0.815,0.668048,0.416737,66736.53
1774915634196,2026-03-31T00:07:14.196,btc-updown-15m-1774915200,1774916100,Down,2035541310721235125444422910891850237483011202795860636767688585969824347298,105562026962651857589021212088585401411102711760621435608486159867941204641282,0.2,0.21,229.32,81.86,0.01,0.79,0.8,81.86,229.32,0.01,0.205,0.795,0.263063,0.736937,66736.53
1774915635197,2026-03-31T00:07:15.197,btc-updown-15m-1774915200,1774916100,Down,2035541310721235125444422910891850237483011202795860636767688585969824347298,105562026962651857589021212088585401411102711760621435608486159867941204641282,0.21,0.22,182.09,236.35,0.01,0.78,0.79,242.35,98.64,0.01,0.215,0.785,0.564836,0.289275,66746.52
1774915636198,2026-03-31T00:07:16.198,btc-updown-15m-1774915200,1774916100,Down,2035541310721235125444422910891850237483011202795860636767688585969824347298,105562026962651857589021212088585401411102711760621435608486159867941204641282,0.21,0.23,180.0,1052.5,0.02,0.77,0.79,1052.5,180.0,0.02,0.22,0.78,0.853955,0.146045,66746.52
1774915637198,2026-03-31T00:07:17.198,btc-updown-15m-1774915200,1774916100,Down,2035541310721235125444422910891850237483011202795860636767688585969824347298,105562026962651857589021212088585401411102711760621435608486159867941204641282,0.22,0.23,222.5,80.87,0.01,0.77,0.78,80.87,222.5,0.01,0.225,0.775,0.266572,0.733428,66746.52
1774915638198,2026-03-31T00:07:18.198,btc-updown-15m-1774915200,1774916100,Down,2035541310721235125444422910891850237483011202795860636767688585969824347298,105562026962651857589021212088585401411102711760621435608486159867941204641282,0.25,0.26,194.28,12.72,0.01,0.74,0.75,12.72,194.28,0.01,0.255,0.745,0.061449,0.938551,66751.57
1774915639199,2026-03-31T00:07:19.199,btc-updown-15m-1774915200,1774916100,Down,2035541310721235125444422910891850237483011202795860636767688585969824347298,105562026962651857589021212088585401411102711760621435608486159867941204641282,0.25,0.26,200.34,42.0,0.01,0.74,0.75,42.0,200.34,0.01,0.255,0.745,0.17331,0.82669,66751.57
1774915640200,2026-03-31T00:07:20.200,btc-updown-15m-1774915200,1774916100,Down,2035541310721235125444422910891850237483011202795860636767688585969824347298,105562026962651857589021212088585401411102711760621435608486159867941204641282,0.25,0.26,200.34,42.0,0.01,0.74,0.75,42.0,200.34,0.01,0.255,0.745,0.17331,0.82669,66751.57
1774915641201,2026-03-31T00:07:21.201,btc-updown-15m-1774915200,1774916100,Down,2035541310721235125444422910891850237483011202795860636767688585969824347298,105562026962651857589021212088585401411102711760621435608486159867941204641282,0.23,0.25,295.5,28.0,0.02,0.75,0.77,28.0,295.5,0.02,0.24,0.76,0.086553,0.913447,66751.56
1774915642202,2026-03-31T00:07:22.202,btc-updown-15m-1774915200,1774916100,Down,2035541310721235125444422910891850237483011202795860636767688585969824347298,105562026962651857589021212088585401411102711760621435608486159867941204641282,0.22,0.23,96.0,70.71,0.01,0.77,0.78,70.71,96.0,0.01,0.225,0.775,0.42415,0.57585,66751.56
1774915643202,2026-03-31T00:07:23.202,btc-updown-15m-1774915200,1774916100,Down,2035541310721235125444422910891850237483011202795860636767688585969824347298,105562026962651857589021212088585401411102711760621435608486159867941204641282,0.19,0.2,127.75,54.91,0.01,0.8,0.81,44.91,145.75,0.01,0.195,0.805,0.300613,0.76445,66751.56
1774915644203,2026-03-31T00:07:24.203,btc-updown-15m-1774915200,1774916100,Down,2035541310721235125444422910891850237483011202795860636767688585969824347298,105562026962651857589021212088585401411102711760621435608486159867941204641282,0.19,0.2,127.75,54.91,0.01,0.8,0.81,54.91,127.75,0.01,0.195,0.805,0.300613,0.699387,66747.01
1774915645204,2026-03-31T00:07:25.204,btc-updown-15m-1774915200,1774916100,Down,2035541310721235125444422910891850237483011202795860636767688585969824347298,105562026962651857589021212088585401411102711760621435608486159867941204641282,0.19,0.2,105.75,26.35,0.01,0.8,0.81,26.35,105.75,0.01,0.195,0.805,0.19947,0.80053,66747.01
1774915646205,2026-03-31T00:07:26.205,btc-updown-15m-1774915200,1774916100,Down,2035541310721235125444422910891850237483011202795860636767688585969824347298,105562026962651857589021212088585401411102711760621435608486159867941204641282,0.19,0.2,69.37,5.35,0.01,0.8,0.81,5.35,69.37,0.01,0.195,0.805,0.071601,0.928399,66747.01
1774915647205,2026-03-31T00:07:27.205,btc-updown-15m-1774915200,1774916100,Down,2035541310721235125444422910891850237483011202795860636767688585969824347298,105562026962651857589021212088585401411102711760621435608486159867941204641282,0.18,0.19,37.0,840.05,0.01,0.81,0.82,840.05,37.0,0.01,0.185,0.815,0.957813,0.042187,66742.69
1774915648207,2026-03-31T00:07:28.207,btc-updown-15m-1774915200,1774916100,Down,2035541310721235125444422910891850237483011202795860636767688585969824347298,105562026962651857589021212088585401411102711760621435608486159867941204641282,0.18,0.19,38.0,857.75,0.01,0.81,0.82,857.75,38.0,0.01,0.185,0.815,0.957577,0.042423,66742.69
1774915649207,2026-03-31T00:07:29.207,btc-updown-15m-1774915200,1774916100,Down,2035541310721235125444422910891850237483011202795860636767688585969824347298,105562026962651857589021212088585401411102711760621435608486159867941204641282,0.18,0.19,38.0,80.93,0.01,0.81,0.82,80.93,38.0,0.01,0.185,0.815,0.680484,0.319516,66742.69
1774915650208,2026-03-31T00:07:30.208,btc-updown-15m-1774915200,1774916100,Down,2035541310721235125444422910891850237483011202795860636767688585969824347298,105562026962651857589021212088585401411102711760621435608486159867941204641282,0.18,0.19,28.0,66.85,0.01,0.81,0.82,66.85,28.0,0.01,0.185,0.815,0.704797,0.295203,66742.69
1774915651209,2026-03-31T00:07:31.209,btc-updown-15m-1774915200,1774916100,Down,2035541310721235125444422910891850237483011202795860636767688585969824347298,105562026962651857589021212088585401411102711760621435608486159867941204641282,0.18,0.19,28.0,66.85,0.01,0.81,0.82,66.85,28.0,0.01,0.185,0.815,0.704797,0.295203,66742.69
1774915652210,2026-03-31T00:07:32.210,btc-updown-15m-1774915200,1774916100,Down,2035541310721235125444422910891850237483011202795860636767688585969824347298,105562026962651857589021212088585401411102711760621435608486159867941204641282,0.18,0.19,68.0,36.78,0.01,0.81,0.82,36.78,68.0,0.01,0.185,0.815,0.351021,0.648979,66742.69
1774915653211,2026-03-31T00:07:33.211,btc-updown-15m-1774915200,1774916100,Down,2035541310721235125444422910891850237483011202795860636767688585969824347298,105562026962651857589021212088585401411102711760621435608486159867941204641282,0.18,0.19,95.04,21.34,0.01,0.81,0.82,21.34,95.04,0.01,0.185,0.815,0.183365,0.816635,66742.69
1774915654212,2026-03-31T00:07:34.212,btc-updown-15m-1774915200,1774916100,Down,2035541310721235125444422910891850237483011202795860636767688585969824347298,105562026962651857589021212088585401411102711760621435608486159867941204641282,0.18,0.19,149.04,16.34,0.01,0.81,0.82,16.34,149.04,0.01,0.185,0.815,0.098803,0.901197,66742.69
1774915655213,2026-03-31T00:07:35.213,btc-updown-15m-1774915200,1774916100,Down,2035541310721235125444422910891850237483011202795860636767688585969824347298,105562026962651857589021212088585401411102711760621435608486159867941204641282,0.15,0.16,125.0,18.32,0.01,0.84,0.85,18.32,125.0,0.01,0.155,0.845,0.127826,0.872174,66742.69
1774915656213,2026-03-31T00:07:36.213,btc-updown-15m-1774915200,1774916100,Down,2035541310721235125444422910891850237483011202795860636767688585969824347298,105562026962651857589021212088585401411102711760621435608486159867941204641282,0.15,0.16,166.0,2.64,0.01,0.84,0.85,2.64,166.0,0.01,0.155,0.845,0.015655,0.984345,66734.95
1774915657214,2026-03-31T00:07:37.214,btc-updown-15m-1774915200,1774916100,Down,2035541310721235125444422910891850237483011202795860636767688585969824347298,105562026962651857589021212088585401411102711760621435608486159867941204641282,0.15,0.16,173.0,2.64,0.01,0.84,0.85,2.64,173.0,0.01,0.155,0.845,0.015031,0.984969,66734.95
1774915658215,2026-03-31T00:07:38.215,btc-updown-15m-1774915200,1774916100,Down,2035541310721235125444422910891850237483011202795860636767688585969824347298,105562026962651857589021212088585401411102711760621435608486159867941204641282,0.14,0.15,60.0,933.76,0.01,0.85,0.86,933.76,60.0,0.01,0.145,0.855,0.939623,0.060377,66734.95
1774915659216,2026-03-31T00:07:39.216,btc-updown-15m-1774915200,1774916100,Down,2035541310721235125444422910891850237483011202795860636767688585969824347298,105562026962651857589021212088585401411102711760621435608486159867941204641282,0.15,0.16,50.0,27.0,0.01,0.84,0.85,27.0,50.0,0.01,0.155,0.845,0.350649,0.649351,66734.96
1774915660216,2026-03-31T00:07:40.216,btc-updown-15m-1774915200,1774916100,Down,2035541310721235125444422910891850237483011202795860636767688585969824347298,105562026962651857589021212088585401411102711760621435608486159867941204641282,0.15,0.16,306.24,55.0,0.01,0.84,0.85,55.0,306.24,0.01,0.155,0.845,0.152253,0.847747,66734.96
1774915661217,2026-03-31T00:07:41.217,btc-updown-15m-1774915200,1774916100,Down,2035541310721235125444422910891850237483011202795860636767688585969824347298,105562026962651857589021212088585401411102711760621435608486159867941204641282,0.15,0.16,309.3,27.0,0.01,0.84,0.85,27.0,309.3,0.01,0.155,0.845,0.080285,0.919715,66734.96
1774915662218,2026-03-31T00:07:42.218,btc-updown-15m-1774915200,1774916100,Down,2035541310721235125444422910891850237483011202795860636767688585969824347298,105562026962651857589021212088585401411102711760621435608486159867941204641282,0.15,0.16,124.55,829.36,0.01,0.84,0.85,829.36,124.55,0.01,0.155,0.845,0.869432,0.130568,66733.41
1774915663219,2026-03-31T00:07:43.219,btc-updown-15m-1774915200,1774916100,Down,2035541310721235125444422910891850237483011202795860636767688585969824347298,105562026962651857589021212088585401411102711760621435608486159867941204641282,0.15,0.16,43.55,850.92,0.01,0.84,0.85,850.92,43.55,0.01,0.155,0.845,0.951312,0.048688,66733.41
1774915664220,2026-03-31T00:07:44.220,btc-updown-15m-1774915200,1774916100,Down,2035541310721235125444422910891850237483011202795860636767688585969824347298,105562026962651857589021212088585401411102711760621435608486159867941204641282,0.15,0.16,48.55,835.92,0.01,0.84,0.85,835.92,48.55,0.01,0.155,0.845,0.945108,0.054892,66733.41
1774915665220,2026-03-31T00:07:45.220,btc-updown-15m-1774915200,1774916100,Down,2035541310721235125444422910891850237483011202795860636767688585969824347298,105562026962651857589021212088585401411102711760621435608486159867941204641282,0.15,0.16,48.55,835.92,0.01,0.84,0.85,835.92,48.55,0.01,0.155,0.845,0.945108,0.054892,66733.41
1774915666221,2026-03-31T00:07:46.221,btc-updown-15m-1774915200,1774916100,Down,2035541310721235125444422910891850237483011202795860636767688585969824347298,105562026962651857589021212088585401411102711760621435608486159867941204641282,0.15,0.16,73.3,859.42,0.01,0.84,0.85,859.42,73.3,0.01,0.155,0.845,0.921413,0.078587,66733.41
1774915667221,2026-03-31T00:07:47.221,btc-updown-15m-1774915200,1774916100,Down,2035541310721235125444422910891850237483011202795860636767688585969824347298,105562026962651857589021212088585401411102711760621435608486159867941204641282,0.15,0.16,73.3,859.42,0.01,0.84,0.85,859.42,73.3,0.01,0.155,0.845,0.921413,0.078587,66733.41
1774915668222,2026-03-31T00:07:48.222,btc-updown-15m-1774915200,1774916100,Down,2035541310721235125444422910891850237483011202795860636767688585969824347298,105562026962651857589021212088585401411102711760621435608486159867941204641282,0.15,0.16,95.79,38.9,0.01,0.84,0.85,38.9,95.79,0.01,0.155,0.845,0.288811,0.711189,66733.4
1774915669222,2026-03-31T00:07:49.222,btc-updown-15m-1774915200,1774916100,Down,2035541310721235125444422910891850237483011202795860636767688585969824347298,105562026962651857589021212088585401411102711760621435608486159867941204641282,0.15,0.16,32.65,871.82,0.01,0.84,0.85,871.82,32.65,0.01,0.155,0.845,0.963902,0.036098,66733.4
1774915670224,2026-03-31T00:07:50.224,btc-updown-15m-1774915200,1774916100,Down,2035541310721235125444422910891850237483011202795860636767688585969824347298,105562026962651857589021212088585401411102711760621435608486159867941204641282,0.15,0.16,32.65,871.82,0.01,0.84,0.85,871.82,32.65,0.01,0.155,0.845,0.963902,0.036098,66733.4
1774915671225,2026-03-31T00:07:51.225,btc-updown-15m-1774915200,1774916100,Down,2035541310721235125444422910891850237483011202795860636767688585969824347298,105562026962651857589021212088585401411102711760621435608486159867941204641282,0.15,0.17,147.0,880.06,0.02,0.83,0.85,880.06,147.0,0.02,0.16,0.84,0.856873,0.143127,66733.41
1774915672225,2026-03-31T00:07:52.225,btc-updown-15m-1774915200,1774916100,Down,2035541310721235125444422910891850237483011202795860636767688585969824347298,105562026962651857589021212088585401411102711760621435608486159867941204641282,0.16,0.17,55.0,896.44,0.01,0.83,0.84,896.44,55.0,0.01,0.165,0.835,0.942193,0.057807,66733.41
1774915673226,2026-03-31T00:07:53.226,btc-updown-15m-1774915200,1774916100,Down,2035541310721235125444422910891850237483011202795860636767688585969824347298,105562026962651857589021212088585401411102711760621435608486159867941204641282,0.16,0.17,75.0,32.04,0.01,0.83,0.84,32.04,75.0,0.01,0.165,0.835,0.299327,0.700673,66733.41
1774915674227,2026-03-31T00:07:54.227,btc-updown-15m-1774915200,1774916100,Down,2035541310721235125444422910891850237483011202795860636767688585969824347298,105562026962651857589021212088585401411102711760621435608486159867941204641282,0.15,0.17,75.41,96.92,0.02,0.83,0.84,20.0,75.41,0.01,0.16,0.835,0.562409,0.790378,66733.41
1774915675230,2026-03-31T00:07:55.230,btc-updown-15m-1774915200,1774916100,Down,2035541310721235125444422910891850237483011202795860636767688585969824347298,105562026962651857589021212088585401411102711760621435608486159867941204641282,0.15,0.17,75.41,96.92,0.02,0.83,0.84,20.0,75.41,0.01,0.16,0.835,0.562409,0.790378,66733.41
1774915676230,2026-03-31T00:07:56.230,btc-updown-15m-1774915200,1774916100,Down,2035541310721235125444422910891850237483011202795860636767688585969824347298,105562026962651857589021212088585401411102711760621435608486159867941204641282,0.15,0.17,75.41,96.92,0.02,0.83,0.84,20.0,75.41,0.01,0.16,0.835,0.562409,0.790378,66733.41
1774915677230,2026-03-31T00:07:57.230,btc-updown-15m-1774915200,1774916100,Down,2035541310721235125444422910891850237483011202795860636767688585969824347298,105562026962651857589021212088585401411102711760621435608486159867941204641282,0.16,0.17,226.6,45.0,0.01,0.83,0.84,45.0,226.6,0.01,0.165,0.835,0.165685,0.834315,66733.4
1774915678231,2026-03-31T00:07:58.231,btc-updown-15m-1774915200,1774916100,Down,2035541310721235125444422910891850237483011202795860636767688585969824347298,105562026962651857589021212088585401411102711760621435608486159867941204641282,0.16,0.17,226.6,45.0,0.01,0.83,0.84,45.0,226.6,0.01,0.165,0.835,0.165685,0.834315,66733.4
1774915679231,2026-03-31T00:07:59.231,btc-updown-15m-1774915200,1774916100,Down,2035541310721235125444422910891850237483011202795860636767688585969824347298,105562026962651857589021212088585401411102711760621435608486159867941204641282,0.16,0.17,226.6,45.0,0.01,0.83,0.84,45.0,226.6,0.01,0.165,0.835,0.165685,0.834315,66733.4
1774915680231,2026-03-31T00:08:00.231,btc-updown-15m-1774915200,1774916100,Down,2035541310721235125444422910891850237483011202795860636767688585969824347298,105562026962651857589021212088585401411102711760621435608486159867941204641282,0.16,0.17,102.31,90.92,0.01,0.83,0.84,90.92,102.31,0.01,0.165,0.835,0.470527,0.529473,66733.41
1774915681232,2026-03-31T00:08:01.232,btc-updown-15m-1774915200,1774916100,Down,2035541310721235125444422910891850237483011202795860636767688585969824347298,105562026962651857589021212088585401411102711760621435608486159867941204641282,0.16,0.17,102.31,79.17,0.01,0.83,0.84,79.17,102.31,0.01,0.165,0.835,0.436246,0.563754,66733.41
1774915682232,2026-03-31T00:08:02.232,btc-updown-15m-1774915200,1774916100,Down,2035541310721235125444422910891850237483011202795860636767688585969824347298,105562026962651857589021212088585401411102711760621435608486159867941204641282,0.15,0.16,349.45,35.0,0.01,0.84,0.85,35.0,349.45,0.01,0.155,0.845,0.091039,0.908961,66733.41
1774915683234,2026-03-31T00:08:03.234,btc-updown-15m-1774915200,1774916100,Down,2035541310721235125444422910891850237483011202795860636767688585969824347298,105562026962651857589021212088585401411102711760621435608486159867941204641282,0.15,0.17,55.82,1059.54,0.02,0.83,0.85,1059.54,55.82,0.02,0.16,0.84,0.949953,0.050047,66733.41
1774915684235,2026-03-31T00:08:04.235,btc-updown-15m-1774915200,1774916100,Down,2035541310721235125444422910891850237483011202795860636767688585969824347298,105562026962651857589021212088585401411102711760621435608486159867941204641282,0.16,0.17,50.82,887.92,0.01,0.83,0.84,887.92,50.82,0.01,0.165,0.835,0.945864,0.054136,66733.41
1774915685236,2026-03-31T00:08:05.236,btc-updown-15m-1774915200,1774916100,Down,2035541310721235125444422910891850237483011202795860636767688585969824347298,105562026962651857589021212088585401411102711760621435608486159867941204641282,0.16,0.17,38.82,895.92,0.01,0.83,0.84,895.92,38.82,0.01,0.165,0.835,0.95847,0.04153,66733.41
1774915686237,2026-03-31T00:08:06.237,btc-updown-15m-1774915200,1774916100,Down,2035541310721235125444422910891850237483011202795860636767688585969824347298,105562026962651857589021212088585401411102711760621435608486159867941204641282,0.16,0.17,319.31,23.0,0.01,0.83,0.84,23.0,319.31,0.01,0.165,0.835,0.067191,0.932809,66733.4
1774915687237,2026-03-31T00:08:07.237,btc-updown-15m-1774915200,1774916100,Down,2035541310721235125444422910891850237483011202795860636767688585969824347298,105562026962651857589021212088585401411102711760621435608486159867941204641282,0.15,0.16,217.0,114.54,0.01,0.84,0.85,114.54,217.0,0.01,0.155,0.845,0.345479,0.654521,66733.4
1774915688238,2026-03-31T00:08:08.238,btc-updown-15m-1774915200,1774916100,Down,2035541310721235125444422910891850237483011202795860636767688585969824347298,105562026962651857589021212088585401411102711760621435608486159867941204641282,0.15,0.17,63.32,1033.46,0.02,0.83,0.85,1033.46,63.32,0.02,0.16,0.84,0.942267,0.057733,66733.4
1774915689238,2026-03-31T00:08:09.238,btc-updown-15m-1774915200,1774916100,Down,2035541310721235125444422910891850237483011202795860636767688585969824347298,105562026962651857589021212088585401411102711760621435608486159867941204641282,0.16,0.17,87.82,1019.29,0.01,0.83,0.84,1019.29,87.82,0.01,0.165,0.835,0.920676,0.079324,66734.0
1774915690239,2026-03-31T00:08:10.239,btc-updown-15m-1774915200,1774916100,Down,2035541310721235125444422910891850237483011202795860636767688585969824347298,105562026962651857589021212088585401411102711760621435608486159867941204641282,0.18,0.19,172.99,17.0,0.01,0.81,0.82,17.0,172.99,0.01,0.185,0.815,0.089478,0.910522,66734.0
1774915691240,2026-03-31T00:08:11.240,btc-updown-15m-1774915200,1774916100,Down,2035541310721235125444422910891850237483011202795860636767688585969824347298,105562026962651857589021212088585401411102711760621435608486159867941204641282,0.16,0.19,331.5,22.0,0.03,0.81,0.84,22.0,331.5,0.03,0.175,0.825,0.062235,0.937765,66734.0
1774915692241,2026-03-31T00:08:12.241,btc-updown-15m-1774915200,1774916100,Down,2035541310721235125444422910891850237483011202795860636767688585969824347298,105562026962651857589021212088585401411102711760621435608486159867941204641282,0.16,0.17,112.5,8.01,0.01,0.83,0.84,8.01,112.5,0.01,0.165,0.835,0.066468,0.933532,66734.0
1774915693241,2026-03-31T00:08:13.241,btc-updown-15m-1774915200,1774916100,Down,2035541310721235125444422910891850237483011202795860636767688585969824347298,105562026962651857589021212088585401411102711760621435608486159867941204641282,0.16,0.17,147.5,17.11,0.01,0.83,0.84,17.11,147.5,0.01,0.165,0.835,0.103943,0.896057,66734.0
1774915694241,2026-03-31T00:08:14.241,btc-updown-15m-1774915200,1774916100,Down,2035541310721235125444422910891850237483011202795860636767688585969824347298,105562026962651857589021212088585401411102711760621435608486159867941204641282,0.16,0.17,201.99,10.3,0.01,0.83,0.84,10.3,201.99,0.01,0.165,0.835,0.048519,0.951481,66734.0
1774915695242,2026-03-31T00:08:15.242,btc-updown-15m-1774915200,1774916100,Down,2035541310721235125444422910891850237483011202795860636767688585969824347298,105562026962651857589021212088585401411102711760621435608486159867941204641282,0.13,0.17,1195.19,40.0,0.04,0.83,0.87,40.0,1195.19,0.04,0.15,0.85,0.032384,0.967616,66729.5
1774915696242,2026-03-31T00:08:16.242,btc-updown-15m-1774915200,1774916100,Down,2035541310721235125444422910891850237483011202795860636767688585969824347298,105562026962651857589021212088585401411102711760621435608486159867941204641282,0.11,0.12,243.03,3.73,0.01,0.88,0.89,3.73,243.03,0.01,0.115,0.885,0.015116,0.984884,66729.5
1774915697243,2026-03-31T00:08:17.243,btc-updown-15m-1774915200,1774916100,Down,2035541310721235125444422910891850237483011202795860636767688585969824347298,105562026962651857589021212088585401411102711760621435608486159867941204641282,0.1,0.11,87.0,46.37,0.01,0.89,0.9,46.37,87.0,0.01,0.105,0.895,0.347679,0.652321,66729.5
1774915698244,2026-03-31T00:08:18.244,btc-updown-15m-1774915200,1774916100,Down,2035541310721235125444422910891850237483011202795860636767688585969824347298,105562026962651857589021212088585401411102711760621435608486159867941204641282,0.1,0.11,194.25,20.15,0.01,0.89,0.9,20.15,194.25,0.01,0.105,0.895,0.093983,0.906017,66714.02
1774915699244,2026-03-31T00:08:19.244,btc-updown-15m-1774915200,1774916100,Down,2035541310721235125444422910891850237483011202795860636767688585969824347298,105562026962651857589021212088585401411102711760621435608486159867941204641282,0.08,0.11,196.75,355.72,0.03,0.89,0.92,355.72,196.75,0.03,0.095,0.905,0.643872,0.356128,66714.02
1774915700245,2026-03-31T00:08:20.245,btc-updown-15m-1774915200,1774916100,Down,2035541310721235125444422910891850237483011202795860636767688585969824347298,105562026962651857589021212088585401411102711760621435608486159867941204641282,0.1,0.11,32.0,53.12,0.01,0.89,0.9,53.12,32.0,0.01,0.105,0.895,0.62406,0.37594,66714.02
1774915701246,2026-03-31T00:08:21.246,btc-updown-15m-1774915200,1774916100,Down,2035541310721235125444422910891850237483011202795860636767688585969824347298,105562026962651857589021212088585401411102711760621435608486159867941204641282,0.09,0.1,47.5,114.0,0.01,0.9,0.91,114.0,47.5,0.01,0.095,0.905,0.705882,0.294118,66713.23
1774915702247,2026-03-31T00:08:22.247,btc-updown-15m-1774915200,1774916100,Down,2035541310721235125444422910891850237483011202795860636767688585969824347298,105562026962651857589021212088585401411102711760621435608486159867941204641282,0.09,0.1,139.5,98.9,0.01,0.9,0.91,98.9,139.5,0.01,0.095,0.905,0.414849,0.585151,66713.23
1774915703247,2026-03-31T00:08:23.247,btc-updown-15m-1774915200,1774916100,Down,2035541310721235125444422910891850237483011202795860636767688585969824347298,105562026962651857589021212088585401411102711760621435608486159867941204641282,0.07,0.08,50.0,343.45,0.01,0.92,0.93,343.45,50.0,0.01,0.075,0.925,0.872919,0.127081,66713.23
1774915704248,2026-03-31T00:08:24.248,btc-updown-15m-1774915200,1774916100,Down,2035541310721235125444422910891850237483011202795860636767688585969824347298,105562026962651857589021212088585401411102711760621435608486159867941204641282,0.07,0.08,33.04,1190.45,0.01,0.92,0.93,1190.45,33.04,0.01,0.075,0.925,0.972995,0.027005,66710.01
1774915705249,2026-03-31T00:08:25.249,btc-updown-15m-1774915200,1774916100,Down,2035541310721235125444422910891850237483011202795860636767688585969824347298,105562026962651857589021212088585401411102711760621435608486159867941204641282,0.07,0.08,33.04,1190.45,0.01,0.92,0.93,1190.45,33.04,0.01,0.075,0.925,0.972995,0.027005,66710.01
1774915706250,2026-03-31T00:08:26.250,btc-updown-15m-1774915200,1774916100,Down,2035541310721235125444422910891850237483011202795860636767688585969824347298,105562026962651857589021212088585401411102711760621435608486159867941204641282,0.07,0.08,65.54,325.16,0.01,0.92,0.93,325.16,65.54,0.01,0.075,0.925,0.83225,0.16775,66710.01
1774915707251,2026-03-31T00:08:27.251,btc-updown-15m-1774915200,1774916100,Down,2035541310721235125444422910891850237483011202795860636767688585969824347298,105562026962651857589021212088585401411102711760621435608486159867941204641282,0.07,0.08,86.29,325.16,0.01,0.92,0.93,325.16,86.29,0.01,0.075,0.925,0.790278,0.209722,66707.26
1774915708252,2026-03-31T00:08:28.252,btc-updown-15m-1774915200,1774916100,Down,2035541310721235125444422910891850237483011202795860636767688585969824347298,105562026962651857589021212088585401411102711760621435608486159867941204641282,0.07,0.08,86.29,325.16,0.01,0.92,0.93,325.16,86.29,0.01,0.075,0.925,0.790278,0.209722,66707.26
1774915709253,2026-03-31T00:08:29.253,btc-updown-15m-1774915200,1774916100,Down,2035541310721235125444422910891850237483011202795860636767688585969824347298,105562026962651857589021212088585401411102711760621435608486159867941204641282,0.08,0.09,173.05,100.0,0.01,0.91,0.92,100.0,173.05,0.01,0.085,0.915,0.366233,0.633767,66707.26
1774915710253,2026-03-31T00:08:30.253,btc-updown-15m-1774915200,1774916100,Down,2035541310721235125444422910891850237483011202795860636767688585969824347298,105562026962651857589021212088585401411102711760621435608486159867941204641282,0.07,0.08,145.5,326.16,0.01,0.92,0.93,326.16,145.5,0.01,0.075,0.925,0.691515,0.308485,66707.25
1774915711254,2026-03-31T00:08:31.254,btc-updown-15m-1774915200,1774916100,Down,2035541310721235125444422910891850237483011202795860636767688585969824347298,105562026962651857589021212088585401411102711760621435608486159867941204641282,0.05,0.07,432.13,1044.08,0.02,0.93,0.95,1044.08,432.13,0.02,0.06,0.94,0.707271,0.292729,66707.25
1774915712255,2026-03-31T00:08:32.255,btc-updown-15m-1774915200,1774916100,Down,2035541310721235125444422910891850237483011202795860636767688585969824347298,105562026962651857589021212088585401411102711760621435608486159867941204641282,0.05,0.06,60.06,164.33,0.01,0.94,0.95,164.33,60.06,0.01,0.055,0.945,0.732341,0.267659,66707.25
1774915713256,2026-03-31T00:08:33.256,btc-updown-15m-1774915200,1774916100,Down,2035541310721235125444422910891850237483011202795860636767688585969824347298,105562026962651857589021212088585401411102711760621435608486159867941204641282,0.05,0.06,314.92,123.57,0.01,0.94,0.95,143.57,255.92,0.01,0.055,0.945,0.281808,0.640617,66687.99
1774915714256,2026-03-31T00:08:34.256,btc-updown-15m-1774915200,1774916100,Down,2035541310721235125444422910891850237483011202795860636767688585969824347298,105562026962651857589021212088585401411102711760621435608486159867941204641282,0.05,0.07,218.06,1008.56,0.02,0.94,0.95,1061.56,135.07,0.01,0.06,0.945,0.822227,0.112875,66687.99
1774915715257,2026-03-31T00:08:35.257,btc-updown-15m-1774915200,1774916100,Down,2035541310721235125444422910891850237483011202795860636767688585969824347298,105562026962651857589021212088585401411102711760621435608486159867941204641282,0.06,0.07,232.06,128.0,0.01,0.93,0.94,128.0,232.06,0.01,0.065,0.935,0.355496,0.644504,66687.99
1774915716258,2026-03-31T00:08:36.258,btc-updown-15m-1774915200,1774916100,Down,2035541310721235125444422910891850237483011202795860636767688585969824347298,105562026962651857589021212088585401411102711760621435608486159867941204641282,0.06,0.07,226.06,152.44,0.01,0.93,0.94,152.44,226.06,0.01,0.065,0.935,0.402748,0.597252,66698.62
1774915717258,2026-03-31T00:08:37.258,btc-updown-15m-1774915200,1774916100,Down,2035541310721235125444422910891850237483011202795860636767688585969824347298,105562026962651857589021212088585401411102711760621435608486159867941204641282,0.06,0.07,226.77,113.44,0.01,0.93,0.94,113.44,226.77,0.01,0.065,0.935,0.333441,0.666559,66698.62
1774915718259,2026-03-31T00:08:38.259,btc-updown-15m-1774915200,1774916100,Down,2035541310721235125444422910891850237483011202795860636767688585969824347298,105562026962651857589021212088585401411102711760621435608486159867941204641282,0.06,0.07,121.34,948.44,0.01,0.93,0.94,948.44,121.34,0.01,0.065,0.935,0.886575,0.113425,66698.62
1774915719260,2026-03-31T00:08:39.260,btc-updown-15m-1774915200,1774916100,Down,2035541310721235125444422910891850237483011202795860636767688585969824347298,105562026962651857589021212088585401411102711760621435608486159867941204641282,0.06,0.07,107.03,938.44,0.01,0.93,0.94,938.44,107.03,0.01,0.065,0.935,0.897625,0.102375,66698.63
1774915720261,2026-03-31T00:08:40.261,btc-updown-15m-1774915200,1774916100,Down,2035541310721235125444422910891850237483011202795860636767688585969824347298,105562026962651857589021212088585401411102711760621435608486159867941204641282,0.06,0.07,98.16,878.44,0.01,0.93,0.94,878.44,98.16,0.01,0.065,0.935,0.899488,0.100512,66698.63
1774915721261,2026-03-31T00:08:41.261,btc-updown-15m-1774915200,1774916100,Down,2035541310721235125444422910891850237483011202795860636767688585969824347298,105562026962651857589021212088585401411102711760621435608486159867941204641282,0.06,0.07,98.16,878.44,0.01,0.93,0.94,878.44,98.16,0.01,0.065,0.935,0.899488,0.100512,66698.63
1774915722262,2026-03-31T00:08:42.262,btc-updown-15m-1774915200,1774916100,Down,2035541310721235125444422910891850237483011202795860636767688585969824347298,105562026962651857589021212088585401411102711760621435608486159867941204641282,0.06,0.07,206.16,867.35,0.01,0.93,0.94,867.35,206.16,0.01,0.065,0.935,0.807957,0.192043,66698.63
1774915723262,2026-03-31T00:08:43.262,btc-updown-15m-1774915200,1774916100,Down,2035541310721235125444422910891850237483011202795860636767688585969824347298,105562026962651857589021212088585401411102711760621435608486159867941204641282,0.06,0.07,203.87,62.35,0.01,0.93,0.94,62.35,203.87,0.01,0.065,0.935,0.234205,0.765795,66698.63
1774915724263,2026-03-31T00:08:44.263,btc-updown-15m-1774915200,1774916100,Down,2035541310721235125444422910891850237483011202795860636767688585969824347298,105562026962651857589021212088585401411102711760621435608486159867941204641282,0.06,0.07,145.44,135.95,0.01,0.93,0.94,135.95,145.44,0.01,0.065,0.935,0.483137,0.516863,66698.63
1774915725264,2026-03-31T00:08:45.264,btc-updown-15m-1774915200,1774916100,Down,2035541310721235125444422910891850237483011202795860636767688585969824347298,105562026962651857589021212088585401411102711760621435608486159867941204641282,0.06,0.07,16.34,130.95,0.01,0.93,0.94,130.95,16.34,0.01,0.065,0.935,0.889062,0.110938,66698.63
1774915726265,2026-03-31T00:08:46.265,btc-updown-15m-1774915200,1774916100,Down,2035541310721235125444422910891850237483011202795860636767688585969824347298,105562026962651857589021212088585401411102711760621435608486159867941204641282,0.06,0.07,16.34,130.95,0.01,0.93,0.94,130.95,16.34,0.01,0.065,0.935,0.889062,0.110938,66698.63
1774915727265,2026-03-31T00:08:47.265,btc-updown-15m-1774915200,1774916100,Down,2035541310721235125444422910891850237483011202795860636767688585969824347298,105562026962651857589021212088585401411102711760621435608486159867941204641282,0.06,0.07,16.34,130.95,0.01,0.93,0.94,130.95,16.34,0.01,0.065,0.935,0.889062,0.110938,66698.63
1774915728266,2026-03-31T00:08:48.266,btc-updown-15m-1774915200,1774916100,Down,2035541310721235125444422910891850237483011202795860636767688585969824347298,105562026962651857589021212088585401411102711760621435608486159867941204641282,0.06,0.07,16.34,130.95,0.01,0.93,0.94,130.95,16.34,0.01,0.065,0.935,0.889062,0.110938,66698.63
1774915729267,2026-03-31T00:08:49.267,btc-updown-15m-1774915200,1774916100,Down,2035541310721235125444422910891850237483011202795860636767688585969824347298,105562026962651857589021212088585401411102711760621435608486159867941204641282,0.06,0.07,16.34,130.95,0.01,0.93,0.94,130.95,16.34,0.01,0.065,0.935,0.889062,0.110938,66698.63
1774915730267,2026-03-31T00:08:50.267,btc-updown-15m-1774915200,1774916100,Down,2035541310721235125444422910891850237483011202795860636767688585969824347298,105562026962651857589021212088585401411102711760621435608486159867941204641282,0.09,0.1,342.08,192.5,0.01,0.9,0.91,192.5,342.08,0.01,0.095,0.905,0.360096,0.639904,66698.63
1774915731268,2026-03-31T00:08:51.268,btc-updown-15m-1774915200,1774916100,Down,2035541310721235125444422910891850237483011202795860636767688585969824347298,105562026962651857589021212088585401411102711760621435608486159867941204641282,0.09,0.1,356.17,136.69,0.01,0.9,0.91,136.69,356.17,0.01,0.095,0.905,0.27734,0.72266,66712.2
1774915732269,2026-03-31T00:08:52.269,btc-updown-15m-1774915200,1774916100,Down,2035541310721235125444422910891850237483011202795860636767688585969824347298,105562026962651857589021212088585401411102711760621435608486159867941204641282,0.09,0.1,366.17,149.69,0.01,0.9,0.91,149.69,366.17,0.01,0.095,0.905,0.290176,0.709824,66712.2
1774915733270,2026-03-31T00:08:53.270,btc-updown-15m-1774915200,1774916100,Down,2035541310721235125444422910891850237483011202795860636767688585969824347298,105562026962651857589021212088585401411102711760621435608486159867941204641282,0.09,0.1,366.17,149.69,0.01,0.9,0.91,149.69,366.17,0.01,0.095,0.905,0.290176,0.709824,66712.2
1774915734271,2026-03-31T00:08:54.271,btc-updown-15m-1774915200,1774916100,Down,2035541310721235125444422910891850237483011202795860636767688585969824347298,105562026962651857589021212088585401411102711760621435608486159867941204641282,0.09,0.1,373.59,126.2,0.01,0.9,0.91,126.2,373.59,0.01,0.095,0.905,0.252506,0.747494,66712.21
1774915735272,2026-03-31T00:08:55.272,btc-updown-15m-1774915200,1774916100,Down,2035541310721235125444422910891850237483011202795860636767688585969824347298,105562026962651857589021212088585401411102711760621435608486159867941204641282,0.08,0.1,392.98,77.28,0.02,0.9,0.92,77.28,392.98,0.02,0.09,0.91,0.164335,0.835665,66712.21
1774915736272,2026-03-31T00:08:56.272,btc-updown-15m-1774915200,1774916100,Down,2035541310721235125444422910891850237483011202795860636767688585969824347298,105562026962651857589021212088585401411102711760621435608486159867941204641282,0.08,0.09,5.0,116.32,0.01,0.91,0.92,116.32,5.0,0.01,0.085,0.915,0.958787,0.041213,66712.21
1774915737272,2026-03-31T00:08:57.272,btc-updown-15m-1774915200,1774916100,Down,2035541310721235125444422910891850237483011202795860636767688585969824347298,105562026962651857589021212088585401411102711760621435608486159867941204641282,0.08,0.09,5.0,116.32,0.01,0.91,0.92,116.32,5.0,0.01,0.085,0.915,0.958787,0.041213,66712.21
1774915738273,2026-03-31T00:08:58.273,btc-updown-15m-1774915200,1774916100,Down,2035541310721235125444422910891850237483011202795860636767688585969824347298,105562026962651857589021212088585401411102711760621435608486159867941204641282,0.08,0.09,5.0,116.32,0.01,0.91,0.92,116.32,5.0,0.01,0.085,0.915,0.958787,0.041213,66712.21
1774915739274,2026-03-31T00:08:59.274,btc-updown-15m-1774915200,1774916100,Down,2035541310721235125444422910891850237483011202795860636767688585969824347298,105562026962651857589021212088585401411102711760621435608486159867941204641282,0.08,0.09,368.5,84.04,0.01,0.91,0.92,84.04,368.5,0.01,0.085,0.915,0.185707,0.814293,66712.21
1774915740276,2026-03-31T00:09:00.276,btc-updown-15m-1774915200,1774916100,Down,2035541310721235125444422910891850237483011202795860636767688585969824347298,105562026962651857589021212088585401411102711760621435608486159867941204641282,0.08,0.09,267.27,51.0,0.01,0.91,0.92,51.0,267.27,0.01,0.085,0.915,0.160241,0.839759,66712.2
1774915741276,2026-03-31T00:09:01.276,btc-updown-15m-1774915200,1774916100,Down,2035541310721235125444422910891850237483011202795860636767688585969824347298,105562026962651857589021212088585401411102711760621435608486159867941204641282,0.08,0.09,292.27,76.53,0.01,0.91,0.92,76.53,292.27,0.01,0.085,0.915,0.207511,0.792489,66712.2
1774915742277,2026-03-31T00:09:02.277,btc-updown-15m-1774915200,1774916100,Down,2035541310721235125444422910891850237483011202795860636767688585969824347298,105562026962651857589021212088585401411102711760621435608486159867941204641282,0.08,0.09,12.5,936.53,0.01,0.91,0.92,936.53,12.5,0.01,0.085,0.915,0.986829,0.013171,66712.2
1774915743277,2026-03-31T00:09:03.277,btc-updown-15m-1774915200,1774916100,Down,2035541310721235125444422910891850237483011202795860636767688585969824347298,105562026962651857589021212088585401411102711760621435608486159867941204641282,0.08,0.09,315.5,141.59,0.01,0.91,0.92,141.59,315.5,0.01,0.085,0.915,0.309764,0.690236,66707.54
1774915744278,2026-03-31T00:09:04.278,btc-updown-15m-1774915200,1774916100,Down,2035541310721235125444422910891850237483011202795860636767688585969824347298,105562026962651857589021212088585401411102711760621435608486159867941204641282,0.06,0.07,100.15,23.88,0.01,0.93,0.94,23.88,100.15,0.01,0.065,0.935,0.192534,0.807466,66707.54
1774915745278,2026-03-31T00:09:05.278,btc-updown-15m-1774915200,1774916100,Down,2035541310721235125444422910891850237483011202795860636767688585969824347298,105562026962651857589021212088585401411102711760621435608486159867941204641282,0.05,0.07,138.07,20.54,0.02,0.93,0.95,20.54,138.07,0.02,0.06,0.94,0.1295,0.8705,66707.54
1774915746279,2026-03-31T00:09:06.279,btc-updown-15m-1774915200,1774916100,Down,2035541310721235125444422910891850237483011202795860636767688585969824347298,105562026962651857589021212088585401411102711760621435608486159867941204641282,0.05,0.06,105.5,96.59,0.01,0.94,0.95,96.59,105.5,0.01,0.055,0.945,0.477955,0.522045,66705.8
1774915747279,2026-03-31T00:09:07.279,btc-updown-15m-1774915200,1774916100,Down,2035541310721235125444422910891850237483011202795860636767688585969824347298,105562026962651857589021212088585401411102711760621435608486159867941204641282,0.05,0.06,100.57,96.59,0.01,0.94,0.95,96.59,100.57,0.01,0.055,0.945,0.489907,0.510093,66705.8
1774915748280,2026-03-31T00:09:08.280,btc-updown-15m-1774915200,1774916100,Down,2035541310721235125444422910891850237483011202795860636767688585969824347298,105562026962651857589021212088585401411102711760621435608486159867941204641282,0.05,0.06,82.57,91.33,0.01,0.94,0.95,91.33,82.57,0.01,0.055,0.945,0.525187,0.474813,66705.8
1774915749280,2026-03-31T00:09:09.280,btc-updown-15m-1774915200,1774916100,Down,2035541310721235125444422910891850237483011202795860636767688585969824347298,105562026962651857589021212088585401411102711760621435608486159867941204641282,0.05,0.06,55.83,96.12,0.01,0.94,0.95,96.12,55.83,0.01,0.055,0.945,0.632577,0.367423,66705.8
1774915750280,2026-03-31T00:09:10.280,btc-updown-15m-1774915200,1774916100,Down,2035541310721235125444422910891850237483011202795860636767688585969824347298,105562026962651857589021212088585401411102711760621435608486159867941204641282,0.05,0.06,55.83,96.12,0.01,0.94,0.95,96.12,55.83,0.01,0.055,0.945,0.632577,0.367423,66705.8
1774915751280,2026-03-31T00:09:11.280,btc-updown-15m-1774915200,1774916100,Down,2035541310721235125444422910891850237483011202795860636767688585969824347298,105562026962651857589021212088585401411102711760621435608486159867941204641282,0.05,0.06,55.83,54.41,0.01,0.94,0.95,54.41,55.83,0.01,0.055,0.945,0.49356,0.50644,66705.8
1774915752281,2026-03-31T00:09:12.281,btc-updown-15m-1774915200,1774916100,Down,2035541310721235125444422910891850237483011202795860636767688585969824347298,105562026962651857589021212088585401411102711760621435608486159867941204641282,0.05,0.06,55.83,54.41,0.01,0.94,0.95,54.41,55.83,0.01,0.055,0.945,0.49356,0.50644,66705.8
1774915753282,2026-03-31T00:09:13.282,btc-updown-15m-1774915200,1774916100,Down,2035541310721235125444422910891850237483011202795860636767688585969824347298,105562026962651857589021212088585401411102711760621435608486159867941204641282,0.05,0.06,135.62,59.0,0.01,0.94,0.95,59.0,135.62,0.01,0.055,0.945,0.303155,0.696845,66705.8
1774915754282,2026-03-31T00:09:14.282,btc-updown-15m-1774915200,1774916100,Down,2035541310721235125444422910891850237483011202795860636767688585969824347298,105562026962651857589021212088585401411102711760621435608486159867941204641282,0.05,0.06,267.24,40.0,0.01,0.94,0.95,40.0,267.24,0.01,0.055,0.945,0.130191,0.869809,66705.8
1774915755283,2026-03-31T00:09:15.283,btc-updown-15m-1774915200,1774916100,Down,2035541310721235125444422910891850237483011202795860636767688585969824347298,105562026962651857589021212088585401411102711760621435608486159867941204641282,0.05,0.06,194.24,24.97,0.01,0.94,0.95,24.97,194.24,0.01,0.055,0.945,0.113909,0.886091,66705.81
1774915756283,2026-03-31T00:09:16.283,btc-updown-15m-1774915200,1774916100,Down,2035541310721235125444422910891850237483011202795860636767688585969824347298,105562026962651857589021212088585401411102711760621435608486159867941204641282,0.05,0.06,160.9,20.0,0.01,0.94,0.95,20.0,160.9,0.01,0.055,0.945,0.110558,0.889442,66705.81
1774915757284,2026-03-31T00:09:17.284,btc-updown-15m-1774915200,1774916100,Down,2035541310721235125444422910891850237483011202795860636767688585969824347298,105562026962651857589021212088585401411102711760621435608486159867941204641282,0.05,0.06,44.65,67.0,0.01,0.94,0.95,67.0,44.65,0.01,0.055,0.945,0.60009,0.39991,66705.81
1774915758284,2026-03-31T00:09:18.284,btc-updown-15m-1774915200,1774916100,Down,2035541310721235125444422910891850237483011202795860636767688585969824347298,105562026962651857589021212088585401411102711760621435608486159867941204641282,0.05,0.06,44.65,67.0,0.01,0.94,0.95,67.0,44.65,0.01,0.055,0.945,0.60009,0.39991,66705.8
1774915759286,2026-03-31T00:09:19.286,btc-updown-15m-1774915200,1774916100,Down,2035541310721235125444422910891850237483011202795860636767688585969824347298,105562026962651857589021212088585401411102711760621435608486159867941204641282,0.05,0.06,40.0,82.0,0.01,0.94,0.95,82.0,40.0,0.01,0.055,0.945,0.672131,0.327869,66705.8
1774915760286,2026-03-31T00:09:20.286,btc-updown-15m-1774915200,1774916100,Down,2035541310721235125444422910891850237483011202795860636767688585969824347298,105562026962651857589021212088585401411102711760621435608486159867941204641282,0.05,0.06,40.0,82.0,0.01,0.94,0.95,82.0,40.0,0.01,0.055,0.945,0.672131,0.327869,66705.8
1774915761287,2026-03-31T00:09:21.287,btc-updown-15m-1774915200,1774916100,Down,2035541310721235125444422910891850237483011202795860636767688585969824347298,105562026962651857589021212088585401411102711760621435608486159867941204641282,0.06,0.07,23.5,71.04,0.01,0.93,0.94,71.04,23.5,0.01,0.065,0.935,0.751428,0.248572,66711.34
1774915762288,2026-03-31T00:09:22.288,btc-updown-15m-1774915200,1774916100,Down,2035541310721235125444422910891850237483011202795860636767688585969824347298,105562026962651857589021212088585401411102711760621435608486159867941204641282,0.06,0.07,23.5,71.04,0.01,0.93,0.94,71.04,23.5,0.01,0.065,0.935,0.751428,0.248572,66711.34
1774915763289,2026-03-31T00:09:23.289,btc-updown-15m-1774915200,1774916100,Down,2035541310721235125444422910891850237483011202795860636767688585969824347298,105562026962651857589021212088585401411102711760621435608486159867941204641282,0.05,0.06,174.87,18.94,0.01,0.94,0.95,18.94,174.87,0.01,0.055,0.945,0.097725,0.902275,66711.34
1774915764289,2026-03-31T00:09:24.289,btc-updown-15m-1774915200,1774916100,Down,2035541310721235125444422910891850237483011202795860636767688585969824347298,105562026962651857589021212088585401411102711760621435608486159867941204641282,0.04,0.05,165.9,289.27,0.01,0.95,0.96,289.27,165.9,0.01,0.045,0.955,0.635521,0.364479,66705.8
1774915765290,2026-03-31T00:09:25.290,btc-updown-15m-1774915200,1774916100,Down,2035541310721235125444422910891850237483011202795860636767688585969824347298,105562026962651857589021212088585401411102711760621435608486159867941204641282,0.04,0.05,176.9,508.27,0.01,0.95,0.96,508.27,176.9,0.01,0.045,0.955,0.741816,0.258184,66705.8
1774915766291,2026-03-31T00:09:26.291,btc-updown-15m-1774915200,1774916100,Down,2035541310721235125444422910891850237483011202795860636767688585969824347298,105562026962651857589021212088585401411102711760621435608486159867941204641282,0.04,0.05,102.9,508.27,0.01,0.95,0.96,508.27,102.9,0.01,0.045,0.955,0.831634,0.168366,66705.8
1774915767292,2026-03-31T00:09:27.292,btc-updown-15m-1774915200,1774916100,Down,2035541310721235125444422910891850237483011202795860636767688585969824347298,105562026962651857589021212088585401411102711760621435608486159867941204641282,0.04,0.05,99.06,283.06,0.01,0.95,0.96,283.06,99.06,0.01,0.045,0.955,0.740762,0.259238,66705.81
1774915768293,2026-03-31T00:09:28.293,btc-updown-15m-1774915200,1774916100,Down,2035541310721235125444422910891850237483011202795860636767688585969824347298,105562026962651857589021212088585401411102711760621435608486159867941204641282,0.04,0.06,111.7,263.06,0.02,0.94,0.96,263.06,111.7,0.02,0.05,0.95,0.701943,0.298057,66705.81
1774915769294,2026-03-31T00:09:29.294,btc-updown-15m-1774915200,1774916100,Down,2035541310721235125444422910891850237483011202795860636767688585969824347298,105562026962651857589021212088585401411102711760621435608486159867941204641282,0.04,0.05,61.0,260.69,0.01,0.95,0.96,260.69,61.0,0.01,0.045,0.955,0.810376,0.189624,66705.81
1774915770294,2026-03-31T00:09:30.294,btc-updown-15m-1774915200,1774916100,Down,2035541310721235125444422910891850237483011202795860636767688585969824347298,105562026962651857589021212088585401411102711760621435608486159867941204641282,0.04,0.05,131.41,251.62,0.01,0.95,0.96,251.62,131.41,0.01,0.045,0.955,0.65692,0.34308,66705.81
1774915771295,2026-03-31T00:09:31.295,btc-updown-15m-1774915200,1774916100,Down,2035541310721235125444422910891850237483011202795860636767688585969824347298,105562026962651857589021212088585401411102711760621435608486159867941204641282,0.04,0.05,131.41,251.62,0.01,0.95,0.96,251.62,131.41,0.01,0.045,0.955,0.65692,0.34308,66705.81
1774915772295,2026-03-31T00:09:32.295,btc-updown-15m-1774915200,1774916100,Down,2035541310721235125444422910891850237483011202795860636767688585969824347298,105562026962651857589021212088585401411102711760621435608486159867941204641282,0.04,0.05,4.49,1279.62,0.01,0.95,0.96,1279.62,4.49,0.01,0.045,0.955,0.996503,0.003497,66705.81
1774915773296,2026-03-31T00:09:33.296,btc-updown-15m-1774915200,1774916100,Down,2035541310721235125444422910891850237483011202795860636767688585969824347298,105562026962651857589021212088585401411102711760621435608486159867941204641282,0.04,0.05,4.49,1279.62,0.01,0.95,0.96,1279.62,4.49,0.01,0.045,0.955,0.996503,0.003497,66705.8
1774915774296,2026-03-31T00:09:34.296,btc-updown-15m-1774915200,1774916100,Down,2035541310721235125444422910891850237483011202795860636767688585969824347298,105562026962651857589021212088585401411102711760621435608486159867941204641282,0.05,0.06,140.0,48.47,0.01,0.94,0.95,48.47,140.0,0.01,0.055,0.945,0.257176,0.742824,66705.8
1774915775298,2026-03-31T00:09:35.298,btc-updown-15m-1774915200,1774916100,Down,2035541310721235125444422910891850237483011202795860636767688585969824347298,105562026962651857589021212088585401411102711760621435608486159867941204641282,0.05,0.06,140.0,48.47,0.01,0.94,0.95,48.47,140.0,0.01,0.055,0.945,0.257176,0.742824,66705.8
1774915776298,2026-03-31T00:09:36.298,btc-updown-15m-1774915200,1774916100,Down,2035541310721235125444422910891850237483011202795860636767688585969824347298,105562026962651857589021212088585401411102711760621435608486159867941204641282,0.05,0.06,140.0,48.47,0.01,0.94,0.95,48.47,140.0,0.01,0.055,0.945,0.257176,0.742824,66711.34
1774915777299,2026-03-31T00:09:37.299,btc-updown-15m-1774915200,1774916100,Down,2035541310721235125444422910891850237483011202795860636767688585969824347298,105562026962651857589021212088585401411102711760621435608486159867941204641282,0.06,0.08,147.0,267.0,0.02,0.92,0.94,267.0,147.0,0.02,0.07,0.93,0.644928,0.355072,66711.34
1774915778300,2026-03-31T00:09:38.300,btc-updown-15m-1774915200,1774916100,Down,2035541310721235125444422910891850237483011202795860636767688585969824347298,105562026962651857589021212088585401411102711760621435608486159867941204641282,0.08,0.09,339.0,41.02,0.01,0.91,0.92,41.02,339.0,0.01,0.085,0.915,0.107942,0.892058,66711.34
1774915779301,2026-03-31T00:09:39.301,btc-updown-15m-1774915200,1774916100,Down,2035541310721235125444422910891850237483011202795860636767688585969824347298,105562026962651857589021212088585401411102711760621435608486159867941204641282,0.08,0.09,334.0,41.02,0.01,0.91,0.92,41.02,334.0,0.01,0.085,0.915,0.109381,0.890619,66720.38
1774915780302,2026-03-31T00:09:40.302,btc-updown-15m-1774915200,1774916100,Down,2035541310721235125444422910891850237483011202795860636767688585969824347298,105562026962651857589021212088585401411102711760621435608486159867941204641282,0.09,0.1,129.97,79.0,0.01,0.9,0.91,79.0,129.97,0.01,0.095,0.905,0.378045,0.621955,66720.38
1774915781302,2026-03-31T00:09:41.302,btc-updown-15m-1774915200,1774916100,Down,2035541310721235125444422910891850237483011202795860636767688585969824347298,105562026962651857589021212088585401411102711760621435608486159867941204641282,0.09,0.1,239.98,21.82,0.01,0.9,0.91,21.82,239.98,0.01,0.095,0.905,0.083346,0.916654,66720.38
1774915782303,2026-03-31T00:09:42.303,btc-updown-15m-1774915200,1774916100,Down,2035541310721235125444422910891850237483011202795860636767688585969824347298,105562026962651857589021212088585401411102711760621435608486159867941204641282,0.09,0.1,239.98,21.82,0.01,0.9,0.91,21.82,239.98,0.01,0.095,0.905,0.083346,0.916654,66708.44
1774915783303,2026-03-31T00:09:43.303,btc-updown-15m-1774915200,1774916100,Down,2035541310721235125444422910891850237483011202795860636767688585969824347298,105562026962651857589021212088585401411102711760621435608486159867941204641282,0.05,0.07,178.04,12.76,0.02,0.93,0.95,12.76,74.19,0.02,0.06,0.94,0.066876,0.853249,66708.44
1774915784304,2026-03-31T00:09:44.304,btc-updown-15m-1774915200,1774916100,Down,2035541310721235125444422910891850237483011202795860636767688585969824347298,105562026962651857589021212088585401411102711760621435608486159867941204641282,0.05,0.06,73.0,57.12,0.01,0.94,0.95,57.12,73.0,0.01,0.055,0.945,0.438979,0.561021,66708.44
1774915785304,2026-03-31T00:09:45.304,btc-updown-15m-1774915200,1774916100,Down,2035541310721235125444422910891850237483011202795860636767688585969824347298,105562026962651857589021212088585401411102711760621435608486159867941204641282,0.05,0.06,93.0,69.52,0.01,0.94,0.95,69.52,93.0,0.01,0.055,0.945,0.427763,0.572237,66708.45
1774915786305,2026-03-31T00:09:46.305,btc-updown-15m-1774915200,1774916100,Down,2035541310721235125444422910891850237483011202795860636767688585969824347298,105562026962651857589021212088585401411102711760621435608486159867941204641282,0.05,0.06,93.0,69.52,0.01,0.94,0.95,69.52,93.0,0.01,0.055,0.945,0.427763,0.572237,66708.45
1774915787306,2026-03-31T00:09:47.306,btc-updown-15m-1774915200,1774916100,Down,2035541310721235125444422910891850237483011202795860636767688585969824347298,105562026962651857589021212088585401411102711760621435608486159867941204641282,0.05,0.06,93.0,69.52,0.01,0.94,0.95,69.52,93.0,0.01,0.055,0.945,0.427763,0.572237,66708.45
1774915788307,2026-03-31T00:09:48.307,btc-updown-15m-1774915200,1774916100,Down,2035541310721235125444422910891850237483011202795860636767688585969824347298,105562026962651857589021212088585401411102711760621435608486159867941204641282,0.05,0.06,93.0,69.52,0.01,0.94,0.95,69.52,93.0,0.01,0.055,0.945,0.427763,0.572237,66706.01
1774915789308,2026-03-31T00:09:49.308,btc-updown-15m-1774915200,1774916100,Down,2035541310721235125444422910891850237483011202795860636767688585969824347298,105562026962651857589021212088585401411102711760621435608486159867941204641282,0.06,0.07,104.85,20.0,0.01,0.93,0.94,20.0,104.85,0.01,0.065,0.935,0.160192,0.839808,66706.01
1774915790309,2026-03-31T00:09:50.309,btc-updown-15m-1774915200,1774916100,Down,2035541310721235125444422910891850237483011202795860636767688585969824347298,105562026962651857589021212088585401411102711760621435608486159867941204641282,0.06,0.07,104.85,20.0,0.01,0.93,0.94,20.0,104.85,0.01,0.065,0.935,0.160192,0.839808,66706.01
1774915791309,2026-03-31T00:09:51.309,btc-updown-15m-1774915200,1774916100,Down,2035541310721235125444422910891850237483011202795860636767688585969824347298,105562026962651857589021212088585401411102711760621435608486159867941204641282,0.06,0.07,82.85,13.9,0.01,0.93,0.94,13.9,82.85,0.01,0.065,0.935,0.143669,0.856331,66715.12
1774915792309,2026-03-31T00:09:52.309,btc-updown-15m-1774915200,1774916100,Down,2035541310721235125444422910891850237483011202795860636767688585969824347298,105562026962651857589021212088585401411102711760621435608486159867941204641282,0.07,0.08,27.0,33.0,0.01,0.92,0.93,33.0,27.0,0.01,0.075,0.925,0.55,0.45,66715.12
1774915793310,2026-03-31T00:09:53.310,btc-updown-15m-1774915200,1774916100,Down,2035541310721235125444422910891850237483011202795860636767688585969824347298,105562026962651857589021212088585401411102711760621435608486159867941204641282,0.07,0.08,27.0,38.53,0.01,0.92,0.93,38.53,27.0,0.01,0.075,0.925,0.587975,0.412025,66715.12
1774915794311,2026-03-31T00:09:54.311,btc-updown-15m-1774915200,1774916100,Down,2035541310721235125444422910891850237483011202795860636767688585969824347298,105562026962651857589021212088585401411102711760621435608486159867941204641282,0.07,0.08,27.0,38.53,0.01,0.92,0.93,38.53,27.0,0.01,0.075,0.925,0.587975,0.412025,66715.53
1774915795312,2026-03-31T00:09:55.312,btc-updown-15m-1774915200,1774916100,Down,2035541310721235125444422910891850237483011202795860636767688585969824347298,105562026962651857589021212088585401411102711760621435608486159867941204641282,0.07,0.08,27.0,38.53,0.01,0.92,0.93,38.53,27.0,0.01,0.075,0.925,0.587975,0.412025,66715.53
1774915796313,2026-03-31T00:09:56.313,btc-updown-15m-1774915200,1774916100,Down,2035541310721235125444422910891850237483011202795860636767688585969824347298,105562026962651857589021212088585401411102711760621435608486159867941204641282,0.07,0.08,138.0,32.53,0.01,0.92,0.93,32.53,138.0,0.01,0.075,0.925,0.190758,0.809242,66715.53
1774915797313,2026-03-31T00:09:57.313,btc-updown-15m-1774915200,1774916100,Down,2035541310721235125444422910891850237483011202795860636767688585969824347298,105562026962651857589021212088585401411102711760621435608486159867941204641282,0.07,0.08,172.0,36.45,0.01,0.92,0.93,36.45,172.0,0.01,0.075,0.925,0.174862,0.825138,66715.53
1774915798314,2026-03-31T00:09:58.314,btc-updown-15m-1774915200,1774916100,Down,2035541310721235125444422910891850237483011202795860636767688585969824347298,105562026962651857589021212088585401411102711760621435608486159867941204641282,0.07,0.08,172.0,36.45,0.01,0.92,0.93,36.45,172.0,0.01,0.075,0.925,0.174862,0.825138,66715.53
1774915799315,2026-03-31T00:09:59.315,btc-updown-15m-1774915200,1774916100,Down,2035541310721235125444422910891850237483011202795860636767688585969824347298,105562026962651857589021212088585401411102711760621435608486159867941204641282,0.07,0.08,109.5,36.45,0.01,0.92,0.93,36.45,109.5,0.01,0.075,0.925,0.249743,0.750257,66715.53
1774915800316,2026-03-31T00:10:00.316,btc-updown-15m-1774915200,1774916100,Down,2035541310721235125444422910891850237483011202795860636767688585969824347298,105562026962651857589021212088585401411102711760621435608486159867941204641282,0.05,0.06,49.0,229.0,0.01,0.93,0.95,77.0,199.37,0.02,0.055,0.94,0.823741,0.721388,66713.85
1774915801316,2026-03-31T00:10:01.316,btc-updown-15m-1774915200,1774916100,Down,2035541310721235125444422910891850237483011202795860636767688585969824347298,105562026962651857589021212088585401411102711760621435608486159867941204641282,0.05,0.06,92.38,57.56,0.01,0.94,0.95,57.56,92.38,0.01,0.055,0.945,0.383887,0.616113,66713.85
1774915802317,2026-03-31T00:10:02.317,btc-updown-15m-1774915200,1774916100,Down,2035541310721235125444422910891850237483011202795860636767688585969824347298,105562026962651857589021212088585401411102711760621435608486159867941204641282,0.04,0.06,9.04,469.62,0.02,0.94,0.96,469.62,9.04,0.02,0.05,0.95,0.981114,0.018886,66713.85
1774915803318,2026-03-31T00:10:03.318,btc-updown-15m-1774915200,1774916100,Down,2035541310721235125444422910891850237483011202795860636767688585969824347298,105562026962651857589021212088585401411102711760621435608486159867941204641282,0.04,0.06,46.04,441.53,0.02,0.94,0.96,441.53,46.04,0.02,0.05,0.95,0.905573,0.094427,66713.85
1774915804318,2026-03-31T00:10:04.318,btc-updown-15m-1774915200,1774916100,Down,2035541310721235125444422910891850237483011202795860636767688585969824347298,105562026962651857589021212088585401411102711760621435608486159867941204641282,0.04,0.06,46.04,434.38,0.02,0.94,0.96,434.38,46.04,0.02,0.05,0.95,0.904167,0.095833,66713.85
1774915805319,2026-03-31T00:10:05.319,btc-updown-15m-1774915200,1774916100,Down,2035541310721235125444422910891850237483011202795860636767688585969824347298,105562026962651857589021212088585401411102711760621435608486159867941204641282,0.05,0.06,12.37,43.69,0.01,0.94,0.95,43.69,12.37,0.01,0.055,0.945,0.779344,0.220656,66713.85
1774915806320,2026-03-31T00:10:06.320,btc-updown-15m-1774915200,1774916100,Down,2035541310721235125444422910891850237483011202795860636767688585969824347298,105562026962651857589021212088585401411102711760621435608486159867941204641282,0.05,0.07,20.0,175.0,0.02,0.93,0.95,175.0,20.0,0.02,0.06,0.94,0.897436,0.102564,66713.9
1774915807321,2026-03-31T00:10:07.321,btc-updown-15m-1774915200,1774916100,Down,2035541310721235125444422910891850237483011202795860636767688585969824347298,105562026962651857589021212088585401411102711760621435608486159867941204641282,0.05,0.07,20.0,175.0,0.02,0.93,0.95,175.0,20.0,0.02,0.06,0.94,0.897436,0.102564,66713.9
1774915808321,2026-03-31T00:10:08.321,btc-updown-15m-1774915200,1774916100,Down,2035541310721235125444422910891850237483011202795860636767688585969824347298,105562026962651857589021212088585401411102711760621435608486159867941204641282,0.05,0.06,23.41,13.65,0.01,0.94,0.95,13.65,23.41,0.01,0.055,0.945,0.368322,0.631678,66713.9
1774915809322,2026-03-31T00:10:09.322,btc-updown-15m-1774915200,1774916100,Down,2035541310721235125444422910891850237483011202795860636767688585969824347298,105562026962651857589021212088585401411102711760621435608486159867941204641282,0.05,0.06,29.95,3.47,0.01,0.94,0.95,3.47,29.95,0.01,0.055,0.945,0.10383,0.89617,66713.89
1774915810322,2026-03-31T00:10:10.322,btc-updown-15m-1774915200,1774916100,Down,2035541310721235125444422910891850237483011202795860636767688585969824347298,105562026962651857589021212088585401411102711760621435608486159867941204641282,0.05,0.07,126.8,22.47,0.02,0.93,0.95,22.47,126.8,0.02,0.06,0.94,0.150533,0.849467,66713.89
1774915811323,2026-03-31T00:10:11.323,btc-updown-15m-1774915200,1774916100,Down,2035541310721235125444422910891850237483011202795860636767688585969824347298,105562026962651857589021212088585401411102711760621435608486159867941204641282,0.05,0.06,5.0,13.47,0.01,0.94,0.95,13.47,5.0,0.01,0.055,0.945,0.729291,0.270709,66713.89
1774915812324,2026-03-31T00:10:12.324,btc-updown-15m-1774915200,1774916100,Down,2035541310721235125444422910891850237483011202795860636767688585969824347298,105562026962651857589021212088585401411102711760621435608486159867941204641282,0.05,0.06,45.02,2.89,0.01,0.94,0.95,2.89,45.02,0.01,0.055,0.945,0.060321,0.939679,66713.89
1774915813324,2026-03-31T00:10:13.324,btc-updown-15m-1774915200,1774916100,Down,2035541310721235125444422910891850237483011202795860636767688585969824347298,105562026962651857589021212088585401411102711760621435608486159867941204641282,0.05,0.06,45.02,2.89,0.01,0.94,0.95,2.89,45.02,0.01,0.055,0.945,0.060321,0.939679,66713.89
1774915814324,2026-03-31T00:10:14.324,btc-updown-15m-1774915200,1774916100,Down,2035541310721235125444422910891850237483011202795860636767688585969824347298,105562026962651857589021212088585401411102711760621435608486159867941204641282,0.04,0.06,281.0,207.34,0.02,0.94,0.96,207.34,281.0,0.02,0.05,0.95,0.424581,0.575419,66713.89
1774915815325,2026-03-31T00:10:15.325,btc-updown-15m-1774915200,1774916100,Down,2035541310721235125444422910891850237483011202795860636767688585969824347298,105562026962651857589021212088585401411102711760621435608486159867941204641282,0.04,0.05,151.0,2.34,0.01,0.95,0.96,2.34,151.0,0.01,0.045,0.955,0.01526,0.98474,66707.5
1774915816326,2026-03-31T00:10:16.326,btc-updown-15m-1774915200,1774916100,Down,2035541310721235125444422910891850237483011202795860636767688585969824347298,105562026962651857589021212088585401411102711760621435608486159867941204641282,0.04,0.05,151.0,2.34,0.01,0.95,0.96,2.34,151.0,0.01,0.045,0.955,0.01526,0.98474,66707.5
1774915817327,2026-03-31T00:10:17.327,btc-updown-15m-1774915200,1774916100,Down,2035541310721235125444422910891850237483011202795860636767688585969824347298,105562026962651857589021212088585401411102711760621435608486159867941204641282,0.03,0.04,470.46,1401.8,0.01,0.96,0.97,1401.8,470.46,0.01,0.035,0.965,0.748721,0.251279,66707.5
1774915818327,2026-03-31T00:10:18.327,btc-updown-15m-1774915200,1774916100,Down,2035541310721235125444422910891850237483011202795860636767688585969824347298,105562026962651857589021212088585401411102711760621435608486159867941204641282,0.03,0.04,497.35,1380.8,0.01,0.96,0.97,1380.8,497.35,0.01,0.035,0.965,0.735192,0.264808,66710.67
1774915819328,2026-03-31T00:10:19.328,btc-updown-15m-1774915200,1774916100,Down,2035541310721235125444422910891850237483011202795860636767688585969824347298,105562026962651857589021212088585401411102711760621435608486159867941204641282,0.03,0.04,497.35,1380.8,0.01,0.96,0.97,1380.8,497.35,0.01,0.035,0.965,0.735192,0.264808,66710.67
1774915820329,2026-03-31T00:10:20.329,btc-updown-15m-1774915200,1774916100,Down,2035541310721235125444422910891850237483011202795860636767688585969824347298,105562026962651857589021212088585401411102711760621435608486159867941204641282,0.03,0.04,497.35,1380.8,0.01,0.96,0.97,1380.8,497.35,0.01,0.035,0.965,0.735192,0.264808,66710.67
1774915821329,2026-03-31T00:10:21.329,btc-updown-15m-1774915200,1774916100,Down,2035541310721235125444422910891850237483011202795860636767688585969824347298,105562026962651857589021212088585401411102711760621435608486159867941204641282,0.03,0.04,120.29,975.8,0.01,0.96,0.97,975.8,120.29,0.01,0.035,0.965,0.890255,0.109745,66709.89
1774915822330,2026-03-31T00:10:22.330,btc-updown-15m-1774915200,1774916100,Down,2035541310721235125444422910891850237483011202795860636767688585969824347298,105562026962651857589021212088585401411102711760621435608486159867941204641282,0.03,0.04,162.29,968.56,0.01,0.96,0.97,968.56,148.29,0.01,0.035,0.965,0.856488,0.132775,66709.89
1774915823331,2026-03-31T00:10:23.331,btc-updown-15m-1774915200,1774916100,Down,2035541310721235125444422910891850237483011202795860636767688585969824347298,105562026962651857589021212088585401411102711760621435608486159867941204641282,0.03,0.04,78.11,1175.68,0.01,0.96,0.97,1175.68,78.11,0.01,0.035,0.965,0.937701,0.062299,66709.89
1774915824331,2026-03-31T00:10:24.331,btc-updown-15m-1774915200,1774916100,Down,2035541310721235125444422910891850237483011202795860636767688585969824347298,105562026962651857589021212088585401411102711760621435608486159867941204641282,0.03,0.04,78.11,1175.68,0.01,0.96,0.97,1175.68,78.11,0.01,0.035,0.965,0.937701,0.062299,66700.0
1774915825332,2026-03-31T00:10:25.332,btc-updown-15m-1774915200,1774916100,Down,2035541310721235125444422910891850237483011202795860636767688585969824347298,105562026962651857589021212088585401411102711760621435608486159867941204641282,0.03,0.04,227.11,927.23,0.01,0.96,0.97,927.23,227.11,0.01,0.035,0.965,0.803256,0.196744,66700.0
1774915826332,2026-03-31T00:10:26.332,btc-updown-15m-1774915200,1774916100,Down,2035541310721235125444422910891850237483011202795860636767688585969824347298,105562026962651857589021212088585401411102711760621435608486159867941204641282,0.03,0.04,80.55,1027.23,0.01,0.96,0.97,1027.23,80.55,0.01,0.035,0.965,0.927287,0.072713,66700.0
1774915827333,2026-03-31T00:10:27.333,btc-updown-15m-1774915200,1774916100,Down,2035541310721235125444422910891850237483011202795860636767688585969824347298,105562026962651857589021212088585401411102711760621435608486159867941204641282,0.03,0.04,80.55,1027.23,0.01,0.96,0.97,1027.23,80.55,0.01,0.035,0.965,0.927287,0.072713,66700.01
1774915828334,2026-03-31T00:10:28.334,btc-updown-15m-1774915200,1774916100,Down,2035541310721235125444422910891850237483011202795860636767688585969824347298,105562026962651857589021212088585401411102711760621435608486159867941204641282,0.03,0.04,94.55,1049.1,0.01,0.96,0.97,1049.1,94.55,0.01,0.035,0.965,0.917326,0.082674,66700.01
1774915829335,2026-03-31T00:10:29.335,btc-updown-15m-1774915200,1774916100,Down,2035541310721235125444422910891850237483011202795860636767688585969824347298,105562026962651857589021212088585401411102711760621435608486159867941204641282,0.03,0.04,82.55,1016.39,0.01,0.96,0.97,1016.39,82.55,0.01,0.035,0.965,0.924882,0.075118,66700.01
1774915830335,2026-03-31T00:10:30.335,btc-updown-15m-1774915200,1774916100,Down,2035541310721235125444422910891850237483011202795860636767688585969824347298,105562026962651857589021212088585401411102711760621435608486159867941204641282,0.03,0.04,82.55,1016.39,0.01,0.96,0.97,1016.39,82.55,0.01,0.035,0.965,0.924882,0.075118,66705.31
1774915831337,2026-03-31T00:10:31.337,btc-updown-15m-1774915200,1774916100,Down,2035541310721235125444422910891850237483011202795860636767688585969824347298,105562026962651857589021212088585401411102711760621435608486159867941204641282,0.03,0.04,67.76,1069.39,0.01,0.96,0.97,1069.39,67.76,0.01,0.035,0.965,0.940412,0.059588,66705.31
1774915832338,2026-03-31T00:10:32.338,btc-updown-15m-1774915200,1774916100,Down,2035541310721235125444422910891850237483011202795860636767688585969824347298,105562026962651857589021212088585401411102711760621435608486159867941204641282,0.03,0.04,75.27,392.9,0.01,0.96,0.97,392.9,75.27,0.01,0.035,0.965,0.839225,0.160775,66705.31
1774915833338,2026-03-31T00:10:33.338,btc-updown-15m-1774915200,1774916100,Down,2035541310721235125444422910891850237483011202795860636767688585969824347298,105562026962651857589021212088585401411102711760621435608486159867941204641282,0.03,0.04,75.27,392.9,0.01,0.96,0.97,392.9,75.27,0.01,0.035,0.965,0.839225,0.160775,66705.79
1774915834342,2026-03-31T00:10:34.342,btc-updown-15m-1774915200,1774916100,Down,2035541310721235125444422910891850237483011202795860636767688585969824347298,105562026962651857589021212088585401411102711760621435608486159867941204641282,0.03,0.04,75.27,392.9,0.01,0.96,0.97,392.9,75.27,0.01,0.035,0.965,0.839225,0.160775,66705.79
1774915835343,2026-03-31T00:10:35.343,btc-updown-15m-1774915200,1774916100,Down,2035541310721235125444422910891850237483011202795860636767688585969824347298,105562026962651857589021212088585401411102711760621435608486159867941204641282,0.03,0.04,163.27,245.74,0.01,0.96,0.97,245.74,163.27,0.01,0.035,0.965,0.600817,0.399183,66705.79
1774915836343,2026-03-31T00:10:36.343,btc-updown-15m-1774915200,1774916100,Down,2035541310721235125444422910891850237483011202795860636767688585969824347298,105562026962651857589021212088585401411102711760621435608486159867941204641282,0.03,0.04,163.27,245.74,0.01,0.96,0.97,245.74,163.27,0.01,0.035,0.965,0.600817,0.399183,66705.79
1774915837344,2026-03-31T00:10:37.344,btc-updown-15m-1774915200,1774916100,Down,2035541310721235125444422910891850237483011202795860636767688585969824347298,105562026962651857589021212088585401411102711760621435608486159867941204641282,0.03,0.04,163.27,245.74,0.01,0.96,0.97,245.74,163.27,0.01,0.035,0.965,0.600817,0.399183,66705.79
1774915838345,2026-03-31T00:10:38.345,btc-updown-15m-1774915200,1774916100,Down,2035541310721235125444422910891850237483011202795860636767688585969824347298,105562026962651857589021212088585401411102711760621435608486159867941204641282,0.03,0.04,87.43,245.74,0.01,0.96,0.97,245.74,87.43,0.01,0.035,0.965,0.737581,0.262419,66705.79
1774915839346,2026-03-31T00:10:39.346,btc-updown-15m-1774915200,1774916100,Down,2035541310721235125444422910891850237483011202795860636767688585969824347298,105562026962651857589021212088585401411102711760621435608486159867941204641282,0.03,0.04,87.43,245.74,0.01,0.96,0.97,245.74,87.43,0.01,0.035,0.965,0.737581,0.262419,66705.8
1774915840347,2026-03-31T00:10:40.347,btc-updown-15m-1774915200,1774916100,Down,2035541310721235125444422910891850237483011202795860636767688585969824347298,105562026962651857589021212088585401411102711760621435608486159867941204641282,0.03,0.04,87.43,245.74,0.01,0.96,0.97,245.74,87.43,0.01,0.035,0.965,0.737581,0.262419,66705.8
1774915841347,2026-03-31T00:10:41.347,btc-updown-15m-1774915200,1774916100,Down,2035541310721235125444422910891850237483011202795860636767688585969824347298,105562026962651857589021212088585401411102711760621435608486159867941204641282,0.03,0.04,111.07,235.74,0.01,0.96,0.97,235.74,111.07,0.01,0.035,0.965,0.679738,0.320262,66705.8
1774915842348,2026-03-31T00:10:42.348,btc-updown-15m-1774915200,1774916100,Down,2035541310721235125444422910891850237483011202795860636767688585969824347298,105562026962651857589021212088585401411102711760621435608486159867941204641282,0.02,0.04,1224.16,898.3,0.02,0.96,0.98,898.3,1224.16,0.02,0.03,0.97,0.423235,0.576765,66700.01
1774915843350,2026-03-31T00:10:43.350,btc-updown-15m-1774915200,1774916100,Down,2035541310721235125444422910891850237483011202795860636767688585969824347298,105562026962651857589021212088585401411102711760621435608486159867941204641282,0.02,0.03,498.79,840.3,0.01,0.97,0.98,840.3,498.79,0.01,0.025,0.975,0.627516,0.372484,66700.01
1774915844351,2026-03-31T00:10:44.351,btc-updown-15m-1774915200,1774916100,Down,2035541310721235125444422910891850237483011202795860636767688585969824347298,105562026962651857589021212088585401411102711760621435608486159867941204641282,0.02,0.03,1632.08,802.83,0.01,0.97,0.98,802.83,1632.08,0.01,0.025,0.975,0.329716,0.670284,66700.01
1774915845353,2026-03-31T00:10:45.353,btc-updown-15m-1774915200,1774916100,Down,2035541310721235125444422910891850237483011202795860636767688585969824347298,105562026962651857589021212088585401411102711760621435608486159867941204641282,0.02,0.03,2040.35,644.62,0.01,0.97,0.98,644.62,2040.35,0.01,0.025,0.975,0.240085,0.759915,66690.66
1774915846354,2026-03-31T00:10:46.354,btc-updown-15m-1774915200,1774916100,Down,2035541310721235125444422910891850237483011202795860636767688585969824347298,105562026962651857589021212088585401411102711760621435608486159867941204641282,0.02,0.03,1866.03,643.59,0.01,0.97,0.98,643.59,1866.03,0.01,0.025,0.975,0.256449,0.743551,66690.66
1774915847355,2026-03-31T00:10:47.355,btc-updown-15m-1774915200,1774916100,Down,2035541310721235125444422910891850237483011202795860636767688585969824347298,105562026962651857589021212088585401411102711760621435608486159867941204641282,0.02,0.03,1886.03,620.6,0.01,0.97,0.98,620.6,1886.03,0.01,0.025,0.975,0.247583,0.752417,66690.66
1774915848355,2026-03-31T00:10:48.355,btc-updown-15m-1774915200,1774916100,Down,2035541310721235125444422910891850237483011202795860636767688585969824347298,105562026962651857589021212088585401411102711760621435608486159867941204641282,0.02,0.03,1856.03,414.47,0.01,0.97,0.98,414.47,1856.03,0.01,0.025,0.975,0.182546,0.817454,66690.67
1774915849356,2026-03-31T00:10:49.356,btc-updown-15m-1774915200,1774916100,Down,2035541310721235125444422910891850237483011202795860636767688585969824347298,105562026962651857589021212088585401411102711760621435608486159867941204641282,0.02,0.03,1861.05,413.44,0.01,0.97,0.98,413.44,1861.05,0.01,0.025,0.975,0.181773,0.818227,66690.67
1774915850357,2026-03-31T00:10:50.357,btc-updown-15m-1774915200,1774916100,Down,2035541310721235125444422910891850237483011202795860636767688585969824347298,105562026962651857589021212088585401411102711760621435608486159867941204641282,0.02,0.03,1861.05,407.31,0.01,0.97,0.98,407.31,1861.05,0.01,0.025,0.975,0.179561,0.820439,66690.67
1774915851357,2026-03-31T00:10:51.357,btc-updown-15m-1774915200,1774916100,Down,2035541310721235125444422910891850237483011202795860636767688585969824347298,105562026962651857589021212088585401411102711760621435608486159867941204641282,0.02,0.03,1775.03,101.18,0.01,0.97,0.98,407.31,1861.05,0.01,0.025,0.975,0.053928,0.820439,66686.0
1774915852358,2026-03-31T00:10:52.358,btc-updown-15m-1774915200,1774916100,Down,2035541310721235125444422910891850237483011202795860636767688585969824347298,105562026962651857589021212088585401411102711760621435608486159867941204641282,0.01,0.02,102.69,3281.63,0.01,0.98,0.99,3281.63,102.69,0.01,0.015,0.985,0.969657,0.030343,66686.0
1774915853359,2026-03-31T00:10:53.359,btc-updown-15m-1774915200,1774916100,Down,2035541310721235125444422910891850237483011202795860636767688585969824347298,105562026962651857589021212088585401411102711760621435608486159867941204641282,0.01,0.02,471.87,3649.23,0.01,0.98,0.99,3649.23,471.87,0.01,0.015,0.985,0.885499,0.114501,66686.0
1774915854360,2026-03-31T00:10:54.360,btc-updown-15m-1774915200,1774916100,Down,2035541310721235125444422910891850237483011202795860636767688585969824347298,105562026962651857589021212088585401411102711760621435608486159867941204641282,0.01,0.02,481.07,3306.63,0.01,0.98,0.99,3306.63,481.07,0.01,0.015,0.985,0.872992,0.127008,66690.62
1774915855360,2026-03-31T00:10:55.360,btc-updown-15m-1774915200,1774916100,Down,2035541310721235125444422910891850237483011202795860636767688585969824347298,105562026962651857589021212088585401411102711760621435608486159867941204641282,0.01,0.02,396.83,3129.76,0.01,0.98,0.99,3129.76,396.83,0.01,0.015,0.985,0.887475,0.112525,66690.62
1774915856361,2026-03-31T00:10:56.361,btc-updown-15m-1774915200,1774916100,Down,2035541310721235125444422910891850237483011202795860636767688585969824347298,105562026962651857589021212088585401411102711760621435608486159867941204641282,0.01,0.02,182.42,3101.76,0.01,0.98,0.99,3101.76,182.42,0.01,0.015,0.985,0.944455,0.055545,66690.62
1774915857361,2026-03-31T00:10:57.361,btc-updown-15m-1774915200,1774916100,Down,2035541310721235125444422910891850237483011202795860636767688585969824347298,105562026962651857589021212088585401411102711760621435608486159867941204641282,0.01,0.02,194.53,3561.21,0.01,0.98,0.99,3561.21,194.53,0.01,0.015,0.985,0.948205,0.051795,66690.63
1774915858362,2026-03-31T00:10:58.362,btc-updown-15m-1774915200,1774916100,Down,2035541310721235125444422910891850237483011202795860636767688585969824347298,105562026962651857589021212088585401411102711760621435608486159867941204641282,0.01,0.02,217.87,3753.12,0.01,0.98,0.99,3753.12,217.87,0.01,0.015,0.985,0.945135,0.054865,66690.63
1774915859362,2026-03-31T00:10:59.362,btc-updown-15m-1774915200,1774916100,Down,2035541310721235125444422910891850237483011202795860636767688585969824347298,105562026962651857589021212088585401411102711760621435608486159867941204641282,0.01,0.02,239.95,3742.97,0.01,0.98,0.99,3742.97,239.95,0.01,0.015,0.985,0.939755,0.060245,66690.63
1774915860363,2026-03-31T00:11:00.363,btc-updown-15m-1774915200,1774916100,Down,2035541310721235125444422910891850237483011202795860636767688585969824347298,105562026962651857589021212088585401411102711760621435608486159867941204641282,0.01,0.02,274.29,3475.37,0.01,0.98,0.99,3475.37,274.29,0.01,0.015,0.985,0.926849,0.073151,66686.61
1774915861363,2026-03-31T00:11:01.363,btc-updown-15m-1774915200,1774916100,Down,2035541310721235125444422910891850237483011202795860636767688585969824347298,105562026962651857589021212088585401411102711760621435608486159867941204641282,0.01,0.02,263.93,3297.82,0.01,0.98,0.99,3297.82,263.93,0.01,0.015,0.985,0.925899,0.074101,66686.61
1774915862364,2026-03-31T00:11:02.364,btc-updown-15m-1774915200,1774916100,Down,2035541310721235125444422910891850237483011202795860636767688585969824347298,105562026962651857589021212088585401411102711760621435608486159867941204641282,0.01,0.02,1069.32,1986.68,0.01,0.98,0.99,1986.68,1069.32,0.01,0.015,0.985,0.650092,0.349908,66686.61
1774915863365,2026-03-31T00:11:03.365,btc-updown-15m-1774915200,1774916100,Down,2035541310721235125444422910891850237483011202795860636767688585969824347298,105562026962651857589021212088585401411102711760621435608486159867941204641282,0.01,0.02,1069.32,1986.68,0.01,0.98,0.99,1986.68,1069.32,0.01,0.015,0.985,0.650092,0.349908,66686.6
1774915864366,2026-03-31T00:11:04.366,btc-updown-15m-1774915200,1774916100,Down,2035541310721235125444422910891850237483011202795860636767688585969824347298,105562026962651857589021212088585401411102711760621435608486159867941204641282,0.01,0.02,1371.04,2351.88,0.01,0.98,0.99,2351.88,1371.04,0.01,0.015,0.985,0.63173,0.36827,66686.6
1774915865366,2026-03-31T00:11:05.366,btc-updown-15m-1774915200,1774916100,Down,2035541310721235125444422910891850237483011202795860636767688585969824347298,105562026962651857589021212088585401411102711760621435608486159867941204641282,0.01,0.02,1251.04,1913.1,0.01,0.98,0.99,1913.1,1251.04,0.01,0.015,0.985,0.604619,0.395381,66686.6
1774915866367,2026-03-31T00:11:06.367,btc-updown-15m-1774915200,1774916100,Down,2035541310721235125444422910891850237483011202795860636767688585969824347298,105562026962651857589021212088585401411102711760621435608486159867941204641282,0.01,0.02,1371.04,1879.32,0.01,0.98,0.99,1879.32,1371.04,0.01,0.015,0.985,0.578188,0.421812,66681.95
1774915867367,2026-03-31T00:11:07.367,btc-updown-15m-1774915200,1774916100,Down,2035541310721235125444422910891850237483011202795860636767688585969824347298,105562026962651857589021212088585401411102711760621435608486159867941204641282,0.01,0.02,2113.54,1573.13,0.01,0.98,0.99,1573.13,2113.54,0.01,0.015,0.985,0.426708,0.573292,66681.95
1774915868369,2026-03-31T00:11:08.369,btc-updown-15m-1774915200,1774916100,Down,2035541310721235125444422910891850237483011202795860636767688585969824347298,105562026962651857589021212088585401411102711760621435608486159867941204641282,0.01,0.02,118.54,1773.13,0.01,0.98,0.99,1773.13,118.54,0.01,0.015,0.985,0.937336,0.062664,66681.95
1774915869370,2026-03-31T00:11:09.370,btc-updown-15m-1774915200,1774916100,Down,2035541310721235125444422910891850237483011202795860636767688585969824347298,105562026962651857589021212088585401411102711760621435608486159867941204641282,0.01,0.02,34.55,2207.13,0.01,0.98,0.99,2207.13,34.55,0.01,0.015,0.985,0.984587,0.015413,66686.61
1774915870371,2026-03-31T00:11:10.371,btc-updown-15m-1774915200,1774916100,Down,2035541310721235125444422910891850237483011202795860636767688585969824347298,105562026962651857589021212088585401411102711760621435608486159867941204641282,0.01,0.02,24.55,2561.15,0.01,0.98,0.99,2561.15,24.55,0.01,0.015,0.985,0.990505,0.009495,66686.61
1774915871371,2026-03-31T00:11:11.371,btc-updown-15m-1774915200,1774916100,Down,2035541310721235125444422910891850237483011202795860636767688585969824347298,105562026962651857589021212088585401411102711760621435608486159867941204641282,0.01,0.02,24.55,2561.15,0.01,0.98,0.99,2561.15,24.55,0.01,0.015,0.985,0.990505,0.009495,66686.61
1774915872372,2026-03-31T00:11:12.372,btc-updown-15m-1774915200,1774916100,Down,2035541310721235125444422910891850237483011202795860636767688585969824347298,105562026962651857589021212088585401411102711760621435608486159867941204641282,0.01,0.02,44.55,2508.1,0.01,0.98,0.99,2508.1,44.55,0.01,0.015,0.985,0.982548,0.017452,66686.6
1774915873373,2026-03-31T00:11:13.373,btc-updown-15m-1774915200,1774916100,Down,2035541310721235125444422910891850237483011202795860636767688585969824347298,105562026962651857589021212088585401411102711760621435608486159867941204641282,0.01,0.02,44.55,2508.1,0.01,0.98,0.99,2508.1,44.55,0.01,0.015,0.985,0.982548,0.017452,66686.6
1774915874373,2026-03-31T00:11:14.373,btc-updown-15m-1774915200,1774916100,Down,2035541310721235125444422910891850237483011202795860636767688585969824347298,105562026962651857589021212088585401411102711760621435608486159867941204641282,0.01,0.03,1902.33,2525.74,0.02,0.97,0.99,2525.74,1902.33,0.02,0.02,0.98,0.570393,0.429607,66686.6
1774915875374,2026-03-31T00:11:15.374,btc-updown-15m-1774915200,1774916100,Down,2035541310721235125444422910891850237483011202795860636767688585969824347298,105562026962651857589021212088585401411102711760621435608486159867941204641282,0.01,0.03,1800.33,2539.74,0.02,0.97,0.99,2539.74,1800.33,0.02,0.02,0.98,0.585184,0.414816,66686.61
1774915876374,2026-03-31T00:11:16.374,btc-updown-15m-1774915200,1774916100,Down,2035541310721235125444422910891850237483011202795860636767688585969824347298,105562026962651857589021212088585401411102711760621435608486159867941204641282,0.01,0.03,1800.33,2539.74,0.02,0.97,0.99,2539.74,1800.33,0.02,0.02,0.98,0.585184,0.414816,66686.61
1774915877375,2026-03-31T00:11:17.375,btc-updown-15m-1774915200,1774916100,Down,2035541310721235125444422910891850237483011202795860636767688585969824347298,105562026962651857589021212088585401411102711760621435608486159867941204641282,0.02,0.03,1816.05,0.4,0.01,0.97,0.98,0.4,1816.05,0.01,0.025,0.975,0.00022,0.99978,66686.61
1774915878376,2026-03-31T00:11:18.376,btc-updown-15m-1774915200,1774916100,Down,2035541310721235125444422910891850237483011202795860636767688585969824347298,105562026962651857589021212088585401411102711760621435608486159867941204641282,0.01,0.03,1850.05,2438.98,0.02,0.97,0.99,2438.98,1850.05,0.02,0.02,0.98,0.568655,0.431345,66686.6
1774915879377,2026-03-31T00:11:19.377,btc-updown-15m-1774915200,1774916100,Down,2035541310721235125444422910891850237483011202795860636767688585969824347298,105562026962651857589021212088585401411102711760621435608486159867941204641282,0.01,0.03,1805.02,2247.98,0.02,0.97,0.99,2247.98,1805.02,0.02,0.02,0.98,0.554646,0.445354,66686.6
1774915880378,2026-03-31T00:11:20.378,btc-updown-15m-1774915200,1774916100,Down,2035541310721235125444422910891850237483011202795860636767688585969824347298,105562026962651857589021212088585401411102711760621435608486159867941204641282,0.01,0.02,5.0,7214.92,0.01,0.98,0.99,7214.92,5.0,0.01,0.015,0.985,0.999307,0.000693,66686.6
1774915881378,2026-03-31T00:11:21.378,btc-updown-15m-1774915200,1774916100,Down,2035541310721235125444422910891850237483011202795860636767688585969824347298,105562026962651857589021212088585401411102711760621435608486159867941204641282,0.01,0.02,57.0,7495.8,0.01,0.98,0.99,7495.8,57.0,0.01,0.015,0.985,0.992453,0.007547,66686.6
1774915882379,2026-03-31T00:11:22.379,btc-updown-15m-1774915200,1774916100,Down,2035541310721235125444422910891850237483011202795860636767688585969824347298,105562026962651857589021212088585401411102711760621435608486159867941204641282,0.01,0.02,57.0,7495.8,0.01,0.98,0.99,7495.8,57.0,0.01,0.015,0.985,0.992453,0.007547,66686.6
1774915883380,2026-03-31T00:11:23.380,btc-updown-15m-1774915200,1774916100,Down,2035541310721235125444422910891850237483011202795860636767688585969824347298,105562026962651857589021212088585401411102711760621435608486159867941204641282,0.01,0.02,57.0,7495.8,0.01,0.98,0.99,7495.8,57.0,0.01,0.015,0.985,0.992453,0.007547,66686.6
1774915884380,2026-03-31T00:11:24.380,btc-updown-15m-1774915200,1774916100,Down,2035541310721235125444422910891850237483011202795860636767688585969824347298,105562026962651857589021212088585401411102711760621435608486159867941204641282,0.01,0.02,77.0,7504.74,0.01,0.98,0.99,7504.74,77.0,0.01,0.015,0.985,0.989844,0.010156,66686.6
1774915885382,2026-03-31T00:11:25.382,btc-updown-15m-1774915200,1774916100,Down,2035541310721235125444422910891850237483011202795860636767688585969824347298,105562026962651857589021212088585401411102711760621435608486159867941204641282,0.01,0.02,77.0,7504.74,0.01,0.98,0.99,7504.74,77.0,0.01,0.015,0.985,0.989844,0.010156,66686.6
1774915886382,2026-03-31T00:11:26.382,btc-updown-15m-1774915200,1774916100,Down,2035541310721235125444422910891850237483011202795860636767688585969824347298,105562026962651857589021212088585401411102711760621435608486159867941204641282,0.01,0.02,77.0,7504.74,0.01,0.98,0.99,7504.74,77.0,0.01,0.015,0.985,0.989844,0.010156,66686.6
1774915887383,2026-03-31T00:11:27.383,btc-updown-15m-1774915200,1774916100,Down,2035541310721235125444422910891850237483011202795860636767688585969824347298,105562026962651857589021212088585401411102711760621435608486159867941204641282,0.01,0.02,77.0,7504.74,0.01,0.98,0.99,7504.74,77.0,0.01,0.015,0.985,0.989844,0.010156,66686.61
1774915888384,2026-03-31T00:11:28.384,btc-updown-15m-1774915200,1774916100,Down,2035541310721235125444422910891850237483011202795860636767688585969824347298,105562026962651857589021212088585401411102711760621435608486159867941204641282,0.01,0.02,724.19,7490.74,0.01,0.98,0.99,7490.74,724.19,0.01,0.015,0.985,0.911845,0.088155,66686.61
1774915889385,2026-03-31T00:11:29.385,btc-updown-15m-1774915200,1774916100,Down,2035541310721235125444422910891850237483011202795860636767688585969824347298,105562026962651857589021212088585401411102711760621435608486159867941204641282,0.01,0.02,814.0,6669.78,0.01,0.98,0.99,6669.78,814.0,0.01,0.015,0.985,0.891231,0.108769,66686.61
1774915890385,2026-03-31T00:11:30.385,btc-updown-15m-1774915200,1774916100,Down,2035541310721235125444422910891850237483011202795860636767688585969824347298,105562026962651857589021212088585401411102711760621435608486159867941204641282,0.01,0.02,314.0,6669.78,0.01,0.98,0.99,6669.78,814.0,0.01,0.015,0.985,0.955039,0.108769,66682.57
1774915891386,2026-03-31T00:11:31.386,btc-updown-15m-1774915200,1774916100,Down,2035541310721235125444422910891850237483011202795860636767688585969824347298,105562026962651857589021212088585401411102711760621435608486159867941204641282,0.01,0.02,314.0,6664.78,0.01,0.98,0.99,6664.78,314.0,0.01,0.015,0.985,0.955006,0.044994,66682.57
1774915892388,2026-03-31T00:11:32.388,btc-updown-15m-1774915200,1774916100,Down,2035541310721235125444422910891850237483011202795860636767688585969824347298,105562026962651857589021212088585401411102711760621435608486159867941204641282,0.01,0.02,1207.87,5731.78,0.01,0.98,0.99,5731.78,1207.87,0.01,0.015,0.985,0.825947,0.174053,66682.57
1774915893388,2026-03-31T00:11:33.388,btc-updown-15m-1774915200,1774916100,Down,2035541310721235125444422910891850237483011202795860636767688585969824347298,105562026962651857589021212088585401411102711760621435608486159867941204641282,0.01,0.02,1236.34,5748.78,0.01,0.98,0.99,5748.78,1236.34,0.01,0.015,0.985,0.823004,0.176996,66668.01
1774915894389,2026-03-31T00:11:34.389,btc-updown-15m-1774915200,1774916100,Down,2035541310721235125444422910891850237483011202795860636767688585969824347298,105562026962651857589021212088585401411102711760621435608486159867941204641282,0.01,0.02,1243.94,5740.7,0.01,0.98,0.99,5740.7,1243.94,0.01,0.015,0.985,0.821903,0.178097,66668.01
1774915895389,2026-03-31T00:11:35.389,btc-updown-15m-1774915200,1774916100,Down,2035541310721235125444422910891850237483011202795860636767688585969824347298,105562026962651857589021212088585401411102711760621435608486159867941204641282,0.01,0.02,433.94,5638.43,0.01,0.98,0.99,5638.43,433.94,0.01,0.015,0.985,0.928539,0.071461,66668.01
1774915896390,2026-03-31T00:11:36.390,btc-updown-15m-1774915200,1774916100,Down,2035541310721235125444422910891850237483011202795860636767688585969824347298,105562026962651857589021212088585401411102711760621435608486159867941204641282,0.01,0.02,389.22,3749.14,0.01,0.98,0.99,3749.14,389.22,0.01,0.015,0.985,0.905948,0.094052,66656.54
1774915897391,2026-03-31T00:11:37.391,btc-updown-15m-1774915200,1774916100,Down,2035541310721235125444422910891850237483011202795860636767688585969824347298,105562026962651857589021212088585401411102711760621435608486159867941204641282,0.01,0.02,429.22,3744.22,0.01,0.98,0.99,3744.22,429.22,0.01,0.015,0.985,0.897154,0.102846,66656.54
1774915898391,2026-03-31T00:11:38.391,btc-updown-15m-1774915200,1774916100,Down,2035541310721235125444422910891850237483011202795860636767688585969824347298,105562026962651857589021212088585401411102711760621435608486159867941204641282,0.01,0.02,1108.58,3369.72,0.01,0.98,0.99,3369.72,1108.58,0.01,0.015,0.985,0.752455,0.247545,66656.54
1774915899393,2026-03-31T00:11:39.393,btc-updown-15m-1774915200,1774916100,Down,2035541310721235125444422910891850237483011202795860636767688585969824347298,105562026962651857589021212088585401411102711760621435608486159867941204641282,0.01,0.02,1108.58,3369.72,0.01,0.98,0.99,3369.72,1108.58,0.01,0.015,0.985,0.752455,0.247545,66656.54
1774915900393,2026-03-31T00:11:40.393,btc-updown-15m-1774915200,1774916100,Down,2035541310721235125444422910891850237483011202795860636767688585969824347298,105562026962651857589021212088585401411102711760621435608486159867941204641282,0.01,0.02,1231.58,2931.61,0.01,0.98,0.99,2931.61,1231.58,0.01,0.015,0.985,0.704174,0.295826,66656.54
1774915901394,2026-03-31T00:11:41.394,btc-updown-15m-1774915200,1774916100,Down,2035541310721235125444422910891850237483011202795860636767688585969824347298,105562026962651857589021212088585401411102711760621435608486159867941204641282,0.01,0.02,1174.58,2910.61,0.01,0.98,0.99,2910.61,1174.58,0.01,0.015,0.985,0.712478,0.287522,66656.54
1774915902395,2026-03-31T00:11:42.395,btc-updown-15m-1774915200,1774916100,Down,2035541310721235125444422910891850237483011202795860636767688585969824347298,105562026962651857589021212088585401411102711760621435608486159867941204641282,0.01,0.02,1235.74,2810.61,0.01,0.98,0.99,2810.61,1235.74,0.01,0.015,0.985,0.694604,0.305396,66653.19
1774915903396,2026-03-31T00:11:43.396,btc-updown-15m-1774915200,1774916100,Down,2035541310721235125444422910891850237483011202795860636767688585969824347298,105562026962651857589021212088585401411102711760621435608486159867941204641282,0.01,0.02,1235.23,1771.81,0.01,0.98,0.99,1791.81,1235.23,0.01,0.015,0.985,0.589221,0.408065,66653.19
1774915904397,2026-03-31T00:11:44.397,btc-updown-15m-1774915200,1774916100,Down,2035541310721235125444422910891850237483011202795860636767688585969824347298,105562026962651857589021212088585401411102711760621435608486159867941204641282,,0.01,476.11,,,0.99,,,476.11,,,,,,66653.19
1774915905398,2026-03-31T00:11:45.398,btc-updown-15m-1774915200,1774916100,Down,2035541310721235125444422910891850237483011202795860636767688585969824347298,105562026962651857589021212088585401411102711760621435608486159867941204641282,,0.01,1805.8,,,0.99,,,1813.02,,,,,,66622.57
1774915906398,2026-03-31T00:11:46.398,btc-updown-15m-1774915200,1774916100,Down,2035541310721235125444422910891850237483011202795860636767688585969824347298,105562026962651857589021212088585401411102711760621435608486159867941204641282,,0.01,3225.83,,,0.99,,,3226.88,,,,,,66622.57
1774915907399,2026-03-31T00:11:47.399,btc-updown-15m-1774915200,1774916100,Down,2035541310721235125444422910891850237483011202795860636767688585969824347298,105562026962651857589021212088585401411102711760621435608486159867941204641282,,0.01,3400.24,,,0.99,,,3400.24,,,,,,66622.57
1774915908400,2026-03-31T00:11:48.400,btc-updown-15m-1774915200,1774916100,Down,2035541310721235125444422910891850237483011202795860636767688585969824347298,105562026962651857589021212088585401411102711760621435608486159867941204641282,,0.01,3220.52,,,0.99,,,3230.52,,,,,,66621.24
1774915909400,2026-03-31T00:11:49.400,btc-updown-15m-1774915200,1774916100,Down,2035541310721235125444422910891850237483011202795860636767688585969824347298,105562026962651857589021212088585401411102711760621435608486159867941204641282,0.01,0.02,1489.04,1771.42,0.01,0.98,0.99,1771.42,1489.04,0.01,0.015,0.985,0.543304,0.456696,66621.24
1774915910401,2026-03-31T00:11:50.401,btc-updown-15m-1774915200,1774916100,Down,2035541310721235125444422910891850237483011202795860636767688585969824347298,105562026962651857589021212088585401411102711760621435608486159867941204641282,,0.02,1543.64,,,0.98,,,1543.64,,,,,,66621.24
1774915911402,2026-03-31T00:11:51.402,btc-updown-15m-1774915200,1774916100,Down,2035541310721235125444422910891850237483011202795860636767688585969824347298,105562026962651857589021212088585401411102711760621435608486159867941204641282,,0.01,140.0,,,0.99,,,140.0,,,,,,66606.27
1774915912403,2026-03-31T00:11:52.403,btc-updown-15m-1774915200,1774916100,Down,2035541310721235125444422910891850237483011202795860636767688585969824347298,105562026962651857589021212088585401411102711760621435608486159867941204641282,,0.01,140.0,,,0.99,,,140.0,,,,,,66606.27
1774915913404,2026-03-31T00:11:53.404,btc-updown-15m-1774915200,1774916100,Down,2035541310721235125444422910891850237483011202795860636767688585969824347298,105562026962651857589021212088585401411102711760621435608486159867941204641282,,0.01,75.0,,,0.99,,,75.0,,,,,,66606.27
1774915914405,2026-03-31T00:11:54.405,btc-updown-15m-1774915200,1774916100,Down,2035541310721235125444422910891850237483011202795860636767688585969824347298,105562026962651857589021212088585401411102711760621435608486159867941204641282,,0.01,75.0,,,0.99,,,75.0,,,,,,66606.28
1774915915405,2026-03-31T00:11:55.405,btc-updown-15m-1774915200,1774916100,Down,2035541310721235125444422910891850237483011202795860636767688585969824347298,105562026962651857589021212088585401411102711760621435608486159867941204641282,,0.01,75.0,,,0.99,,,75.0,,,,,,66606.28
1774915916406,2026-03-31T00:11:56.406,btc-updown-15m-1774915200,1774916100,Down,2035541310721235125444422910891850237483011202795860636767688585969824347298,105562026962651857589021212088585401411102711760621435608486159867941204641282,,0.01,75.0,,,0.99,,,75.0,,,,,,66606.28
1774915917406,2026-03-31T00:11:57.406,btc-updown-15m-1774915200,1774916100,Down,2035541310721235125444422910891850237483011202795860636767688585969824347298,105562026962651857589021212088585401411102711760621435608486159867941204641282,,0.01,75.0,,,0.99,,,75.0,,,,,,66606.28
1774915918407,2026-03-31T00:11:58.407,btc-updown-15m-1774915200,1774916100,Down,2035541310721235125444422910891850237483011202795860636767688585969824347298,105562026962651857589021212088585401411102711760621435608486159867941204641282,,0.01,75.0,,,0.99,,,75.0,,,,,,66606.28
1774915919408,2026-03-31T00:11:59.408,btc-updown-15m-1774915200,1774916100,Down,2035541310721235125444422910891850237483011202795860636767688585969824347298,105562026962651857589021212088585401411102711760621435608486159867941204641282,,0.01,75.0,,,0.99,,,75.0,,,,,,66606.28
1774915920409,2026-03-31T00:12:00.409,btc-updown-15m-1774915200,1774916100,Down,2035541310721235125444422910891850237483011202795860636767688585969824347298,105562026962651857589021212088585401411102711760621435608486159867941204641282,,0.01,75.0,,,0.99,,,75.0,,,,,,66610.53
1774915921410,2026-03-31T00:12:01.410,btc-updown-15m-1774915200,1774916100,Down,2035541310721235125444422910891850237483011202795860636767688585969824347298,105562026962651857589021212088585401411102711760621435608486159867941204641282,,0.01,75.0,,,0.99,,,75.0,,,,,,66610.53
1774915922411,2026-03-31T00:12:02.411,btc-updown-15m-1774915200,1774916100,Down,2035541310721235125444422910891850237483011202795860636767688585969824347298,105562026962651857589021212088585401411102711760621435608486159867941204641282,,0.01,2125.5,,,0.99,,,2125.5,,,,,,66610.53
1774915923411,2026-03-31T00:12:03.411,btc-updown-15m-1774915200,1774916100,Down,2035541310721235125444422910891850237483011202795860636767688585969824347298,105562026962651857589021212088585401411102711760621435608486159867941204641282,,0.01,2125.5,,,0.99,,,2125.5,,,,,,66628.63
1774915924412,2026-03-31T00:12:04.412,btc-updown-15m-1774915200,1774916100,Down,2035541310721235125444422910891850237483011202795860636767688585969824347298,105562026962651857589021212088585401411102711760621435608486159867941204641282,,0.01,2125.5,,,0.99,,,2125.5,,,,,,66628.63
1774915925413,2026-03-31T00:12:05.413,btc-updown-15m-1774915200,1774916100,Down,2035541310721235125444422910891850237483011202795860636767688585969824347298,105562026962651857589021212088585401411102711760621435608486159867941204641282,,0.01,2125.5,,,0.99,,,2125.5,,,,,,66628.63
1774915926413,2026-03-31T00:12:06.413,btc-updown-15m-1774915200,1774916100,Down,2035541310721235125444422910891850237483011202795860636767688585969824347298,105562026962651857589021212088585401411102711760621435608486159867941204641282,,0.01,2125.5,,,0.99,,,2125.5,,,,,,66626.86
1774915927414,2026-03-31T00:12:07.414,btc-updown-15m-1774915200,1774916100,Down,2035541310721235125444422910891850237483011202795860636767688585969824347298,105562026962651857589021212088585401411102711760621435608486159867941204641282,,0.01,2125.5,,,0.99,,,2125.5,,,,,,66626.86
1774915928415,2026-03-31T00:12:08.415,btc-updown-15m-1774915200,1774916100,Down,2035541310721235125444422910891850237483011202795860636767688585969824347298,105562026962651857589021212088585401411102711760621435608486159867941204641282,,0.01,2125.5,,,0.99,,,2125.5,,,,,,66626.86
1774915929415,2026-03-31T00:12:09.415,btc-updown-15m-1774915200,1774916100,Down,2035541310721235125444422910891850237483011202795860636767688585969824347298,105562026962651857589021212088585401411102711760621435608486159867941204641282,,0.01,2125.5,,,0.99,,,2125.5,,,,,,66608.72
1774915930416,2026-03-31T00:12:10.416,btc-updown-15m-1774915200,1774916100,Down,2035541310721235125444422910891850237483011202795860636767688585969824347298,105562026962651857589021212088585401411102711760621435608486159867941204641282,,0.01,2125.5,,,0.99,,,2125.5,,,,,,66608.72
1774915931417,2026-03-31T00:12:11.417,btc-updown-15m-1774915200,1774916100,Down,2035541310721235125444422910891850237483011202795860636767688585969824347298,105562026962651857589021212088585401411102711760621435608486159867941204641282,,0.01,2125.5,,,0.99,,,2125.5,,,,,,66608.72
1774915932418,2026-03-31T00:12:12.418,btc-updown-15m-1774915200,1774916100,Down,2035541310721235125444422910891850237483011202795860636767688585969824347298,105562026962651857589021212088585401411102711760621435608486159867941204641282,,0.01,2125.5,,,0.99,,,2125.5,,,,,,66596.74
1774915933419,2026-03-31T00:12:13.419,btc-updown-15m-1774915200,1774916100,Down,2035541310721235125444422910891850237483011202795860636767688585969824347298,105562026962651857589021212088585401411102711760621435608486159867941204641282,,0.01,2125.5,,,0.99,,,2125.5,,,,,,66596.74
1774915934420,2026-03-31T00:12:14.420,btc-updown-15m-1774915200,1774916100,Down,2035541310721235125444422910891850237483011202795860636767688585969824347298,105562026962651857589021212088585401411102711760621435608486159867941204641282,,0.01,2125.5,,,0.99,,,2125.5,,,,,,66596.74
1774915935420,2026-03-31T00:12:15.420,btc-updown-15m-1774915200,1774916100,Down,2035541310721235125444422910891850237483011202795860636767688585969824347298,105562026962651857589021212088585401411102711760621435608486159867941204641282,,0.01,2125.5,,,0.99,,,2125.5,,,,,,66590.66
1774915936421,2026-03-31T00:12:16.421,btc-updown-15m-1774915200,1774916100,Down,2035541310721235125444422910891850237483011202795860636767688585969824347298,105562026962651857589021212088585401411102711760621435608486159867941204641282,,0.01,1554.47,,,0.99,,,1554.47,,,,,,66590.66
1774915937422,2026-03-31T00:12:17.422,btc-updown-15m-1774915200,1774916100,Down,2035541310721235125444422910891850237483011202795860636767688585969824347298,105562026962651857589021212088585401411102711760621435608486159867941204641282,,0.01,1554.47,,,0.99,,,1554.47,,,,,,66590.66
1774915938423,2026-03-31T00:12:18.423,btc-updown-15m-1774915200,1774916100,Down,2035541310721235125444422910891850237483011202795860636767688585969824347298,105562026962651857589021212088585401411102711760621435608486159867941204641282,,0.01,1554.47,,,0.99,,,1554.47,,,,,,66581.34
1774915939423,2026-03-31T00:12:19.423,btc-updown-15m-1774915200,1774916100,Down,2035541310721235125444422910891850237483011202795860636767688585969824347298,105562026962651857589021212088585401411102711760621435608486159867941204641282,,0.01,1554.47,,,0.99,,,1554.47,,,,,,66581.34
1774915940425,2026-03-31T00:12:20.425,btc-updown-15m-1774915200,1774916100,Down,2035541310721235125444422910891850237483011202795860636767688585969824347298,105562026962651857589021212088585401411102711760621435608486159867941204641282,,0.01,1729.27,,,0.99,,,1729.27,,,,,,66581.34
1774915941426,2026-03-31T00:12:21.426,btc-updown-15m-1774915200,1774916100,Down,2035541310721235125444422910891850237483011202795860636767688585969824347298,105562026962651857589021212088585401411102711760621435608486159867941204641282,,0.01,1729.27,,,0.99,,,1729.27,,,,,,66570.69
1774915942428,2026-03-31T00:12:22.428,btc-updown-15m-1774915200,1774916100,Down,2035541310721235125444422910891850237483011202795860636767688585969824347298,105562026962651857589021212088585401411102711760621435608486159867941204641282,,0.01,1729.27,,,0.99,,,1729.27,,,,,,66570.69
1774915943429,2026-03-31T00:12:23.429,btc-updown-15m-1774915200,1774916100,Down,2035541310721235125444422910891850237483011202795860636767688585969824347298,105562026962651857589021212088585401411102711760621435608486159867941204641282,,0.01,1729.27,,,0.99,,,1729.27,,,,,,66570.69
1774915944430,2026-03-31T00:12:24.430,btc-updown-15m-1774915200,1774916100,Down,2035541310721235125444422910891850237483011202795860636767688585969824347298,105562026962651857589021212088585401411102711760621435608486159867941204641282,,0.01,1729.27,,,0.99,,,1729.27,,,,,,66575.35
1774915945430,2026-03-31T00:12:25.430,btc-updown-15m-1774915200,1774916100,Down,2035541310721235125444422910891850237483011202795860636767688585969824347298,105562026962651857589021212088585401411102711760621435608486159867941204641282,,0.01,1729.27,,,0.99,,,1729.27,,,,,,66575.35
1774915946432,2026-03-31T00:12:26.432,btc-updown-15m-1774915200,1774916100,Down,2035541310721235125444422910891850237483011202795860636767688585969824347298,105562026962651857589021212088585401411102711760621435608486159867941204641282,,0.01,1729.27,,,0.99,,,1729.27,,,,,,66575.35
1774915947435,2026-03-31T00:12:27.435,btc-updown-15m-1774915200,1774916100,Down,2035541310721235125444422910891850237483011202795860636767688585969824347298,105562026962651857589021212088585401411102711760621435608486159867941204641282,,0.01,1729.27,,,0.99,,,1729.27,,,,,,66570.69
1774915948436,2026-03-31T00:12:28.436,btc-updown-15m-1774915200,1774916100,Down,2035541310721235125444422910891850237483011202795860636767688585969824347298,105562026962651857589021212088585401411102711760621435608486159867941204641282,,0.01,1729.27,,,0.99,,,1729.27,,,,,,66570.69
1774915949437,2026-03-31T00:12:29.437,btc-updown-15m-1774915200,1774916100,Down,2035541310721235125444422910891850237483011202795860636767688585969824347298,105562026962651857589021212088585401411102711760621435608486159867941204641282,,0.01,1729.27,,,0.99,,,1729.27,,,,,,66570.69
1774915950437,2026-03-31T00:12:30.437,btc-updown-15m-1774915200,1774916100,Down,2035541310721235125444422910891850237483011202795860636767688585969824347298,105562026962651857589021212088585401411102711760621435608486159867941204641282,,0.01,1729.27,,,0.99,,,1729.27,,,,,,66570.68
1774915951438,2026-03-31T00:12:31.438,btc-updown-15m-1774915200,1774916100,Down,2035541310721235125444422910891850237483011202795860636767688585969824347298,105562026962651857589021212088585401411102711760621435608486159867941204641282,,0.01,1729.27,,,0.99,,,1729.27,,,,,,66570.68
1774915952439,2026-03-31T00:12:32.439,btc-updown-15m-1774915200,1774916100,Down,2035541310721235125444422910891850237483011202795860636767688585969824347298,105562026962651857589021212088585401411102711760621435608486159867941204641282,,0.01,1729.27,,,0.99,,,1729.27,,,,,,66570.68
1774915953440,2026-03-31T00:12:33.440,btc-updown-15m-1774915200,1774916100,Down,2035541310721235125444422910891850237483011202795860636767688585969824347298,105562026962651857589021212088585401411102711760621435608486159867941204641282,,0.01,1729.27,,,0.99,,,7521.17,,,,,,66570.68
1774915954440,2026-03-31T00:12:34.440,btc-updown-15m-1774915200,1774916100,Down,2035541310721235125444422910891850237483011202795860636767688585969824347298,105562026962651857589021212088585401411102711760621435608486159867941204641282,,0.01,1729.27,,,0.99,,,7521.17,,,,,,66570.68
1774915955441,2026-03-31T00:12:35.441,btc-updown-15m-1774915200,1774916100,Down,2035541310721235125444422910891850237483011202795860636767688585969824347298,105562026962651857589021212088585401411102711760621435608486159867941204641282,,0.01,1729.27,,,0.99,,,7521.17,,,,,,66570.68
1774915956442,2026-03-31T00:12:36.442,btc-updown-15m-1774915200,1774916100,Down,2035541310721235125444422910891850237483011202795860636767688585969824347298,105562026962651857589021212088585401411102711760621435608486159867941204641282,,0.01,1729.27,,,0.99,,,7521.17,,,,,,66582.0
1774915957442,2026-03-31T00:12:37.442,btc-updown-15m-1774915200,1774916100,Down,2035541310721235125444422910891850237483011202795860636767688585969824347298,105562026962651857589021212088585401411102711760621435608486159867941204641282,,0.01,1729.27,,,0.99,,,7521.17,,,,,,66582.0
1774915958444,2026-03-31T00:12:38.444,btc-updown-15m-1774915200,1774916100,Down,2035541310721235125444422910891850237483011202795860636767688585969824347298,105562026962651857589021212088585401411102711760621435608486159867941204641282,,0.01,1729.27,,,0.99,,,7521.17,,,,,,66582.0
1774915959460,2026-03-31T00:12:39.460,btc-updown-15m-1774915200,1774916100,Down,2035541310721235125444422910891850237483011202795860636767688585969824347298,105562026962651857589021212088585401411102711760621435608486159867941204641282,,0.01,1729.27,,,0.99,,,7521.17,,,,,,66582.83
1774915960471,2026-03-31T00:12:40.471,btc-updown-15m-1774915200,1774916100,Down,2035541310721235125444422910891850237483011202795860636767688585969824347298,105562026962651857589021212088585401411102711760621435608486159867941204641282,,0.01,1729.27,,,0.99,,,7521.17,,,,,,66582.83
1774915961471,2026-03-31T00:12:41.471,btc-updown-15m-1774915200,1774916100,Down,2035541310721235125444422910891850237483011202795860636767688585969824347298,105562026962651857589021212088585401411102711760621435608486159867941204641282,,0.01,1729.27,,,0.99,,,7521.17,,,,,,66582.83
1774915962524,2026-03-31T00:12:42.524,btc-updown-15m-1774915200,1774916100,Down,2035541310721235125444422910891850237483011202795860636767688585969824347298,105562026962651857589021212088585401411102711760621435608486159867941204641282,,0.01,1729.27,,,0.99,,,7521.17,,,,,,66582.82
1774915963554,2026-03-31T00:12:43.554,btc-updown-15m-1774915200,1774916100,Down,2035541310721235125444422910891850237483011202795860636767688585969824347298,105562026962651857589021212088585401411102711760621435608486159867941204641282,,0.01,1729.27,,,0.99,,,7521.17,,,,,,66582.82
1774915964555,2026-03-31T00:12:44.555,btc-updown-15m-1774915200,1774916100,Down,2035541310721235125444422910891850237483011202795860636767688585969824347298,105562026962651857589021212088585401411102711760621435608486159867941204641282,,0.01,1729.27,,,0.99,,,7521.17,,,,,,66582.82
1774915965556,2026-03-31T00:12:45.556,btc-updown-15m-1774915200,1774916100,Down,2035541310721235125444422910891850237483011202795860636767688585969824347298,105562026962651857589021212088585401411102711760621435608486159867941204641282,,0.01,1729.27,,,0.99,,,7521.17,,,,,,66582.83
1774915966571,2026-03-31T00:12:46.571,btc-updown-15m-1774915200,1774916100,Down,2035541310721235125444422910891850237483011202795860636767688585969824347298,105562026962651857589021212088585401411102711760621435608486159867941204641282,,0.01,1729.27,,,0.99,,,7521.17,,,,,,66582.83
1774915967585,2026-03-31T00:12:47.585,btc-updown-15m-1774915200,1774916100,Down,2035541310721235125444422910891850237483011202795860636767688585969824347298,105562026962651857589021212088585401411102711760621435608486159867941204641282,,0.01,1729.27,,,0.99,,,7521.17,,,,,,66582.83
1774915968586,2026-03-31T00:12:48.586,btc-updown-15m-1774915200,1774916100,Down,2035541310721235125444422910891850237483011202795860636767688585969824347298,105562026962651857589021212088585401411102711760621435608486159867941204641282,,0.01,7630.24,,,0.99,,,7521.17,,,,,,66584.2
1774915969586,2026-03-31T00:12:49.586,btc-updown-15m-1774915200,1774916100,Down,2035541310721235125444422910891850237483011202795860636767688585969824347298,105562026962651857589021212088585401411102711760621435608486159867941204641282,,0.01,6030.24,,,0.99,,,6030.24,,,,,,66584.2
1774915970588,2026-03-31T00:12:50.588,btc-updown-15m-1774915200,1774916100,Down,2035541310721235125444422910891850237483011202795860636767688585969824347298,105562026962651857589021212088585401411102711760621435608486159867941204641282,,0.01,6030.24,,,0.99,,,6030.24,,,,,,66584.2
1774915971589,2026-03-31T00:12:51.589,btc-updown-15m-1774915200,1774916100,Down,2035541310721235125444422910891850237483011202795860636767688585969824347298,105562026962651857589021212088585401411102711760621435608486159867941204641282,,0.01,6030.24,,,0.99,,,6030.24,,,,,,66592.16
1774915972590,2026-03-31T00:12:52.590,btc-updown-15m-1774915200,1774916100,Down,2035541310721235125444422910891850237483011202795860636767688585969824347298,105562026962651857589021212088585401411102711760621435608486159867941204641282,,0.01,6030.24,,,0.99,,,6030.24,,,,,,66592.16
1774915973591,2026-03-31T00:12:53.591,btc-updown-15m-1774915200,1774916100,Down,2035541310721235125444422910891850237483011202795860636767688585969824347298,105562026962651857589021212088585401411102711760621435608486159867941204641282,,0.01,6030.24,,,0.99,,,6030.24,,,,,,66592.16
1774915974591,2026-03-31T00:12:54.591,btc-updown-15m-1774915200,1774916100,Down,2035541310721235125444422910891850237483011202795860636767688585969824347298,105562026962651857589021212088585401411102711760621435608486159867941204641282,,0.01,6030.24,,,0.99,,,6030.24,,,,,,66592.16
1774915975592,2026-03-31T00:12:55.592,btc-updown-15m-1774915200,1774916100,Down,2035541310721235125444422910891850237483011202795860636767688585969824347298,105562026962651857589021212088585401411102711760621435608486159867941204641282,,0.01,6030.24,,,0.99,,,6030.24,,,,,,66592.16
1774915976593,2026-03-31T00:12:56.593,btc-updown-15m-1774915200,1774916100,Down,2035541310721235125444422910891850237483011202795860636767688585969824347298,105562026962651857589021212088585401411102711760621435608486159867941204641282,,0.01,6030.24,,,0.99,,,6030.24,,,,,,66592.16
1774915977593,2026-03-31T00:12:57.593,btc-updown-15m-1774915200,1774916100,Down,2035541310721235125444422910891850237483011202795860636767688585969824347298,105562026962651857589021212088585401411102711760621435608486159867941204641282,,0.01,6030.24,,,0.99,,,6030.24,,,,,,66592.16
1774915978594,2026-03-31T00:12:58.594,btc-updown-15m-1774915200,1774916100,Down,2035541310721235125444422910891850237483011202795860636767688585969824347298,105562026962651857589021212088585401411102711760621435608486159867941204641282,,0.01,6030.24,,,0.99,,,6030.24,,,,,,66592.16
1774915979595,2026-03-31T00:12:59.595,btc-updown-15m-1774915200,1774916100,Down,2035541310721235125444422910891850237483011202795860636767688585969824347298,105562026962651857589021212088585401411102711760621435608486159867941204641282,,0.01,6030.24,,,0.99,,,6030.24,,,,,,66592.16
1774915980595,2026-03-31T00:13:00.595,btc-updown-15m-1774915200,1774916100,Down,2035541310721235125444422910891850237483011202795860636767688585969824347298,105562026962651857589021212088585401411102711760621435608486159867941204641282,,0.01,6030.24,,,0.99,,,6030.24,,,,,,66592.17
1774915981597,2026-03-31T00:13:01.597,btc-updown-15m-1774915200,1774916100,Down,2035541310721235125444422910891850237483011202795860636767688585969824347298,105562026962651857589021212088585401411102711760621435608486159867941204641282,,0.01,6030.24,,,0.99,,,6030.24,,,,,,66592.17
1774915982598,2026-03-31T00:13:02.598,btc-updown-15m-1774915200,1774916100,Down,2035541310721235125444422910891850237483011202795860636767688585969824347298,105562026962651857589021212088585401411102711760621435608486159867941204641282,,0.01,6030.24,,,0.99,,,6030.24,,,,,,66592.17
1774915983599,2026-03-31T00:13:03.599,btc-updown-15m-1774915200,1774916100,Down,2035541310721235125444422910891850237483011202795860636767688585969824347298,105562026962651857589021212088585401411102711760621435608486159867941204641282,,0.01,6030.24,,,0.99,,,6030.24,,,,,,66592.17
1774915984600,2026-03-31T00:13:04.600,btc-updown-15m-1774915200,1774916100,Down,2035541310721235125444422910891850237483011202795860636767688585969824347298,105562026962651857589021212088585401411102711760621435608486159867941204641282,,0.01,6030.24,,,0.99,,,6030.24,,,,,,66592.17
1774915985600,2026-03-31T00:13:05.600,btc-updown-15m-1774915200,1774916100,Down,2035541310721235125444422910891850237483011202795860636767688585969824347298,105562026962651857589021212088585401411102711760621435608486159867941204641282,,0.01,6030.24,,,0.99,,,6030.24,,,,,,66592.17
1774915986601,2026-03-31T00:13:06.601,btc-updown-15m-1774915200,1774916100,Down,2035541310721235125444422910891850237483011202795860636767688585969824347298,105562026962651857589021212088585401411102711760621435608486159867941204641282,,0.01,6030.24,,,0.99,,,6030.24,,,,,,66592.17
1774915987602,2026-03-31T00:13:07.602,btc-updown-15m-1774915200,1774916100,Down,2035541310721235125444422910891850237483011202795860636767688585969824347298,105562026962651857589021212088585401411102711760621435608486159867941204641282,,0.01,6030.24,,,0.99,,,6030.24,,,,,,66592.17
1774915988602,2026-03-31T00:13:08.602,btc-updown-15m-1774915200,1774916100,Down,2035541310721235125444422910891850237483011202795860636767688585969824347298,105562026962651857589021212088585401411102711760621435608486159867941204641282,,0.01,6030.24,,,0.99,,,6030.24,,,,,,66592.17
1774915989604,2026-03-31T00:13:09.604,btc-updown-15m-1774915200,1774916100,Down,2035541310721235125444422910891850237483011202795860636767688585969824347298,105562026962651857589021212088585401411102711760621435608486159867941204641282,,0.01,10438.26,,,0.99,,,10438.26,,,,,,66592.17
1774915990604,2026-03-31T00:13:10.604,btc-updown-15m-1774915200,1774916100,Down,2035541310721235125444422910891850237483011202795860636767688585969824347298,105562026962651857589021212088585401411102711760621435608486159867941204641282,,0.01,10438.26,,,0.99,,,10438.26,,,,,,66592.17
1774915991605,2026-03-31T00:13:11.605,btc-updown-15m-1774915200,1774916100,Down,2035541310721235125444422910891850237483011202795860636767688585969824347298,105562026962651857589021212088585401411102711760621435608486159867941204641282,,0.01,10438.26,,,0.99,,,10438.26,,,,,,66592.17
1774915992606,2026-03-31T00:13:12.606,btc-updown-15m-1774915200,1774916100,Down,2035541310721235125444422910891850237483011202795860636767688585969824347298,105562026962651857589021212088585401411102711760621435608486159867941204641282,,0.01,10438.26,,,0.99,,,10438.26,,,,,,66592.17
1774915993606,2026-03-31T00:13:13.606,btc-updown-15m-1774915200,1774916100,Down,2035541310721235125444422910891850237483011202795860636767688585969824347298,105562026962651857589021212088585401411102711760621435608486159867941204641282,,0.01,10438.26,,,0.99,,,10438.26,,,,,,66592.17
1774915994607,2026-03-31T00:13:14.607,btc-updown-15m-1774915200,1774916100,Down,2035541310721235125444422910891850237483011202795860636767688585969824347298,105562026962651857589021212088585401411102711760621435608486159867941204641282,,0.01,10438.26,,,0.99,,,10438.26,,,,,,66592.17
1774915995609,2026-03-31T00:13:15.609,btc-updown-15m-1774915200,1774916100,Down,2035541310721235125444422910891850237483011202795860636767688585969824347298,105562026962651857589021212088585401411102711760621435608486159867941204641282,,0.01,10438.26,,,0.99,,,10438.26,,,,,,66592.16
1774915996610,2026-03-31T00:13:16.610,btc-updown-15m-1774915200,1774916100,Down,2035541310721235125444422910891850237483011202795860636767688585969824347298,105562026962651857589021212088585401411102711760621435608486159867941204641282,,0.01,8882.03,,,0.99,,,8882.03,,,,,,66592.16
1774915997611,2026-03-31T00:13:17.611,btc-updown-15m-1774915200,1774916100,Down,2035541310721235125444422910891850237483011202795860636767688585969824347298,105562026962651857589021212088585401411102711760621435608486159867941204641282,,0.01,8882.03,,,0.99,,,8882.03,,,,,,66592.16
1774915998612,2026-03-31T00:13:18.612,btc-updown-15m-1774915200,1774916100,Down,2035541310721235125444422910891850237483011202795860636767688585969824347298,105562026962651857589021212088585401411102711760621435608486159867941204641282,,0.01,8882.03,,,0.99,,,8882.03,,,,,,66605.29
1774915999613,2026-03-31T00:13:19.613,btc-updown-15m-1774915200,1774916100,Down,2035541310721235125444422910891850237483011202795860636767688585969824347298,105562026962651857589021212088585401411102711760621435608486159867941204641282,0.001,0.01,8785.58,1261.0,0.009,0.99,0.999,1261.0,8785.58,0.009,0.0055,0.9945,0.125515,0.874485,66605.29
1774916000613,2026-03-31T00:13:20.613,btc-updown-15m-1774915200,1774916100,Down,2035541310721235125444422910891850237483011202795860636767688585969824347298,105562026962651857589021212088585401411102711760621435608486159867941204641282,0.001,0.002,100.0,995.73,0.001,0.998,0.999,995.73,100.0,0.001,0.0015,0.9985,0.908737,0.091263,66605.29
1774916001614,2026-03-31T00:13:21.614,btc-updown-15m-1774915200,1774916100,Down,2035541310721235125444422910891850237483011202795860636767688585969824347298,105562026962651857589021212088585401411102711760621435608486159867941204641282,0.001,0.002,98.97,845.58,0.001,0.998,0.999,845.58,98.97,0.001,0.0015,0.9985,0.89522,0.10478,66608.4
1774916002615,2026-03-31T00:13:22.615,btc-updown-15m-1774915200,1774916100,Down,2035541310721235125444422910891850237483011202795860636767688585969824347298,105562026962651857589021212088585401411102711760621435608486159867941204641282,0.001,0.002,98.97,3960.57,0.001,0.998,0.999,3960.57,98.97,0.001,0.0015,0.9985,0.97562,0.02438,66608.4
1774916003615,2026-03-31T00:13:23.615,btc-updown-15m-1774915200,1774916100,Down,2035541310721235125444422910891850237483011202795860636767688585969824347298,105562026962651857589021212088585401411102711760621435608486159867941204641282,0.001,0.002,98.97,3860.15,0.001,0.998,0.999,3860.15,98.97,0.001,0.0015,0.9985,0.975002,0.024998,66608.4
1774916004616,2026-03-31T00:13:24.616,btc-updown-15m-1774915200,1774916100,Down,2035541310721235125444422910891850237483011202795860636767688585969824347298,105562026962651857589021212088585401411102711760621435608486159867941204641282,0.001,0.002,98.97,3860.15,0.001,0.998,0.999,3860.15,98.97,0.001,0.0015,0.9985,0.975002,0.024998,66625.17
1774916005617,2026-03-31T00:13:25.617,btc-updown-15m-1774915200,1774916100,Down,2035541310721235125444422910891850237483011202795860636767688585969824347298,105562026962651857589021212088585401411102711760621435608486159867941204641282,0.001,0.002,98.97,3860.15,0.001,0.998,0.999,3860.15,98.97,0.001,0.0015,0.9985,0.975002,0.024998,66625.17
1774916006617,2026-03-31T00:13:26.617,btc-updown-15m-1774915200,1774916100,Down,2035541310721235125444422910891850237483011202795860636767688585969824347298,105562026962651857589021212088585401411102711760621435608486159867941204641282,0.001,0.002,98.97,3860.15,0.001,0.998,0.999,3860.15,98.97,0.001,0.0015,0.9985,0.975002,0.024998,66625.17
1774916007618,2026-03-31T00:13:27.618,btc-updown-15m-1774915200,1774916100,Down,2035541310721235125444422910891850237483011202795860636767688585969824347298,105562026962651857589021212088585401411102711760621435608486159867941204641282,0.001,0.002,198.97,3907.68,0.001,0.998,0.999,3907.68,198.97,0.001,0.0015,0.9985,0.951549,0.048451,66625.15
1774916008620,2026-03-31T00:13:28.620,btc-updown-15m-1774915200,1774916100,Down,2035541310721235125444422910891850237483011202795860636767688585969824347298,105562026962651857589021212088585401411102711760621435608486159867941204641282,0.001,0.01,9400.42,3907.68,0.009,0.99,0.999,3907.68,9400.42,0.009,0.0055,0.9945,0.293632,0.706368,66625.15
1774916009622,2026-03-31T00:13:29.622,btc-updown-15m-1774915200,1774916100,Down,2035541310721235125444422910891850237483011202795860636767688585969824347298,105562026962651857589021212088585401411102711760621435608486159867941204641282,0.001,0.01,9400.42,3907.68,0.009,0.99,0.999,3907.68,9400.42,0.009,0.0055,0.9945,0.293632,0.706368,66625.15
1774916010623,2026-03-31T00:13:30.623,btc-updown-15m-1774915200,1774916100,Down,2035541310721235125444422910891850237483011202795860636767688585969824347298,105562026962651857589021212088585401411102711760621435608486159867941204641282,0.001,0.01,8858.55,3852.68,0.009,0.99,0.999,3852.68,8858.55,0.009,0.0055,0.9945,0.303093,0.696907,66620.66
1774916011623,2026-03-31T00:13:31.623,btc-updown-15m-1774915200,1774916100,Down,2035541310721235125444422910891850237483011202795860636767688585969824347298,105562026962651857589021212088585401411102711760621435608486159867941204641282,0.001,0.01,8858.55,3852.68,0.009,0.99,0.999,3852.68,8858.55,0.009,0.0055,0.9945,0.303093,0.696907,66620.66
1774916012624,2026-03-31T00:13:32.624,btc-updown-15m-1774915200,1774916100,Down,2035541310721235125444422910891850237483011202795860636767688585969824347298,105562026962651857589021212088585401411102711760621435608486159867941204641282,0.001,0.003,54.0,3829.63,0.002,0.997,0.999,3829.63,54.0,0.002,0.002,0.998,0.986095,0.013905,66620.66
1774916013625,2026-03-31T00:13:33.625,btc-updown-15m-1774915200,1774916100,Down,2035541310721235125444422910891850237483011202795860636767688585969824347298,105562026962651857589021212088585401411102711760621435608486159867941204641282,0.001,0.003,54.0,3829.63,0.002,0.997,0.999,3829.63,54.0,0.002,0.002,0.998,0.986095,0.013905,66620.5
1774916014626,2026-03-31T00:13:34.626,btc-updown-15m-1774915200,1774916100,Down,2035541310721235125444422910891850237483011202795860636767688585969824347298,105562026962651857589021212088585401411102711760621435608486159867941204641282,0.002,0.01,10535.41,100.0,0.008,0.99,0.998,100.0,10535.41,0.008,0.006,0.994,0.009403,0.990597,66620.5
1774916015627,2026-03-31T00:13:35.627,btc-updown-15m-1774915200,1774916100,Down,2035541310721235125444422910891850237483011202795860636767688585969824347298,105562026962651857589021212088585401411102711760621435608486159867941204641282,0.002,0.01,10535.41,100.0,0.008,0.99,0.998,100.0,10535.41,0.008,0.006,0.994,0.009403,0.990597,66620.5
1774916016628,2026-03-31T00:13:36.628,btc-updown-15m-1774915200,1774916100,Down,2035541310721235125444422910891850237483011202795860636767688585969824347298,105562026962651857589021212088585401411102711760621435608486159867941204641282,0.002,0.01,9006.41,93.0,0.008,0.99,0.998,93.0,9006.41,0.008,0.006,0.994,0.01022,0.98978,66620.5
1774916017628,2026-03-31T00:13:37.628,btc-updown-15m-1774915200,1774916100,Down,2035541310721235125444422910891850237483011202795860636767688585969824347298,105562026962651857589021212088585401411102711760621435608486159867941204641282,0.002,0.01,9006.41,93.0,0.008,0.99,0.998,93.0,9006.41,0.008,0.006,0.994,0.01022,0.98978,66620.5
1774916018629,2026-03-31T00:13:38.629,btc-updown-15m-1774915200,1774916100,Down,2035541310721235125444422910891850237483011202795860636767688585969824347298,105562026962651857589021212088585401411102711760621435608486159867941204641282,0.002,0.01,9006.41,93.0,0.008,0.99,0.998,93.0,9006.41,0.008,0.006,0.994,0.01022,0.98978,66620.5
1774916019630,2026-03-31T00:13:39.630,btc-updown-15m-1774915200,1774916100,Down,2035541310721235125444422910891850237483011202795860636767688585969824347298,105562026962651857589021212088585401411102711760621435608486159867941204641282,0.002,0.01,9006.41,93.0,0.008,0.99,0.998,93.0,9006.41,0.008,0.006,0.994,0.01022,0.98978,66620.49
1774916020630,2026-03-31T00:13:40.630,btc-updown-15m-1774915200,1774916100,Down,2035541310721235125444422910891850237483011202795860636767688585969824347298,105562026962651857589021212088585401411102711760621435608486159867941204641282,0.001,0.002,2917.04,3829.63,0.001,0.998,0.999,3829.63,2917.04,0.001,0.0015,0.9985,0.567633,0.432367,66620.49
1774916021632,2026-03-31T00:13:41.632,btc-updown-15m-1774915200,1774916100,Down,2035541310721235125444422910891850237483011202795860636767688585969824347298,105562026962651857589021212088585401411102711760621435608486159867941204641282,0.001,0.002,2916.01,3829.63,0.001,0.998,0.999,3829.63,2916.01,0.001,0.0015,0.9985,0.567719,0.432281,66620.49
1774916022634,2026-03-31T00:13:42.634,btc-updown-15m-1774915200,1774916100,Down,2035541310721235125444422910891850237483011202795860636767688585969824347298,105562026962651857589021212088585401411102711760621435608486159867941204641282,0.001,0.002,2916.01,3829.63,0.001,0.998,0.999,3829.63,2916.01,0.001,0.0015,0.9985,0.567719,0.432281,66620.5
1774916023635,2026-03-31T00:13:43.635,btc-updown-15m-1774915200,1774916100,Down,2035541310721235125444422910891850237483011202795860636767688585969824347298,105562026962651857589021212088585401411102711760621435608486159867941204641282,0.001,0.002,2916.01,3829.63,0.001,0.998,0.999,3829.63,2916.01,0.001,0.0015,0.9985,0.567719,0.432281,66620.5
1774916024636,2026-03-31T00:13:44.636,btc-updown-15m-1774915200,1774916100,Down,2035541310721235125444422910891850237483011202795860636767688585969824347298,105562026962651857589021212088585401411102711760621435608486159867941204641282,0.001,0.002,2916.01,3829.63,0.001,0.998,0.999,3829.63,2916.01,0.001,0.0015,0.9985,0.567719,0.432281,66620.5
1774916025638,2026-03-31T00:13:45.638,btc-updown-15m-1774915200,1774916100,Down,2035541310721235125444422910891850237483011202795860636767688585969824347298,105562026962651857589021212088585401411102711760621435608486159867941204641282,0.001,0.002,2916.01,3829.63,0.001,0.998,0.999,3829.63,2916.01,0.001,0.0015,0.9985,0.567719,0.432281,66620.49
1774916026639,2026-03-31T00:13:46.639,btc-updown-15m-1774915200,1774916100,Down,2035541310721235125444422910891850237483011202795860636767688585969824347298,105562026962651857589021212088585401411102711760621435608486159867941204641282,0.001,0.002,2916.01,3829.63,0.001,0.998,0.999,3829.63,2916.01,0.001,0.0015,0.9985,0.567719,0.432281,66620.49
1774916027640,2026-03-31T00:13:47.640,btc-updown-15m-1774915200,1774916100,Down,2035541310721235125444422910891850237483011202795860636767688585969824347298,105562026962651857589021212088585401411102711760621435608486159867941204641282,0.001,0.002,2916.01,3829.63,0.001,0.998,0.999,3829.63,2916.01,0.001,0.0015,0.9985,0.567719,0.432281,66620.49
1774916028640,2026-03-31T00:13:48.640,btc-updown-15m-1774915200,1774916100,Down,2035541310721235125444422910891850237483011202795860636767688585969824347298,105562026962651857589021212088585401411102711760621435608486159867941204641282,0.001,0.002,2416.01,3829.63,0.001,0.998,0.999,3829.63,2416.01,0.001,0.0015,0.9985,0.613169,0.386831,66620.49
1774916029642,2026-03-31T00:13:49.642,btc-updown-15m-1774915200,1774916100,Down,2035541310721235125444422910891850237483011202795860636767688585969824347298,105562026962651857589021212088585401411102711760621435608486159867941204641282,0.001,0.002,2416.01,3819.64,0.001,0.998,0.999,3819.64,2416.01,0.001,0.0015,0.9985,0.612549,0.387451,66620.49
1774916030642,2026-03-31T00:13:50.642,btc-updown-15m-1774915200,1774916100,Down,2035541310721235125444422910891850237483011202795860636767688585969824347298,105562026962651857589021212088585401411102711760621435608486159867941204641282,0.001,0.002,2416.01,3819.64,0.001,0.998,0.999,3819.64,2416.01,0.001,0.0015,0.9985,0.612549,0.387451,66620.49
1774916031643,2026-03-31T00:13:51.643,btc-updown-15m-1774915200,1774916100,Down,2035541310721235125444422910891850237483011202795860636767688585969824347298,105562026962651857589021212088585401411102711760621435608486159867941204641282,0.001,0.002,2404.01,3819.64,0.001,0.998,0.999,3819.64,2404.01,0.001,0.0015,0.9985,0.61373,0.38627,66633.99
1774916032644,2026-03-31T00:13:52.644,btc-updown-15m-1774915200,1774916100,Down,2035541310721235125444422910891850237483011202795860636767688585969824347298,105562026962651857589021212088585401411102711760621435608486159867941204641282,0.001,0.002,2404.01,3819.64,0.001,0.998,0.999,3819.64,2404.01,0.001,0.0015,0.9985,0.61373,0.38627,66633.99
1774916033644,2026-03-31T00:13:53.644,btc-updown-15m-1774915200,1774916100,Down,2035541310721235125444422910891850237483011202795860636767688585969824347298,105562026962651857589021212088585401411102711760621435608486159867941204641282,0.001,0.002,2389.01,3819.64,0.001,0.998,0.999,3819.64,2389.01,0.001,0.0015,0.9985,0.615213,0.384787,66633.99
1774916034645,2026-03-31T00:13:54.645,btc-updown-15m-1774915200,1774916100,Down,2035541310721235125444422910891850237483011202795860636767688585969824347298,105562026962651857589021212088585401411102711760621435608486159867941204641282,0.001,0.002,2389.01,3819.64,0.001,0.998,0.999,3819.64,2389.01,0.001,0.0015,0.9985,0.615213,0.384787,66634.0
1774916035646,2026-03-31T00:13:55.646,btc-updown-15m-1774915200,1774916100,Down,2035541310721235125444422910891850237483011202795860636767688585969824347298,105562026962651857589021212088585401411102711760621435608486159867941204641282,0.001,0.002,2389.01,3819.64,0.001,0.998,0.999,3819.64,2389.01,0.001,0.0015,0.9985,0.615213,0.384787,66634.0
1774916036647,2026-03-31T00:13:56.647,btc-updown-15m-1774915200,1774916100,Down,2035541310721235125444422910891850237483011202795860636767688585969824347298,105562026962651857589021212088585401411102711760621435608486159867941204641282,0.001,0.002,2389.01,3819.64,0.001,0.998,0.999,3819.64,2389.01,0.001,0.0015,0.9985,0.615213,0.384787,66634.0
1774916037647,2026-03-31T00:13:57.647,btc-updown-15m-1774915200,1774916100,Down,2035541310721235125444422910891850237483011202795860636767688585969824347298,105562026962651857589021212088585401411102711760621435608486159867941204641282,0.001,0.002,1889.01,3819.64,0.001,0.998,0.999,3819.64,1889.01,0.001,0.0015,0.9985,0.669097,0.330903,66637.11
1774916038648,2026-03-31T00:13:58.648,btc-updown-15m-1774915200,1774916100,Down,2035541310721235125444422910891850237483011202795860636767688585969824347298,105562026962651857589021212088585401411102711760621435608486159867941204641282,0.001,0.002,1889.01,3819.64,0.001,0.998,0.999,3819.64,1889.01,0.001,0.0015,0.9985,0.669097,0.330903,66637.11
1774916039649,2026-03-31T00:13:59.649,btc-updown-15m-1774915200,1774916100,Down,2035541310721235125444422910891850237483011202795860636767688585969824347298,105562026962651857589021212088585401411102711760621435608486159867941204641282,0.001,0.002,1889.01,3819.64,0.001,0.998,0.999,3819.64,1889.01,0.001,0.0015,0.9985,0.669097,0.330903,66637.11
1774916040649,2026-03-31T00:14:00.649,btc-updown-15m-1774915200,1774916100,Down,2035541310721235125444422910891850237483011202795860636767688585969824347298,105562026962651857589021212088585401411102711760621435608486159867941204641282,0.001,0.002,1880.04,3814.64,0.001,0.998,0.999,3814.64,1880.04,0.001,0.0015,0.9985,0.66986,0.33014,66638.51
1774916041651,2026-03-31T00:14:01.651,btc-updown-15m-1774915200,1774916100,Down,2035541310721235125444422910891850237483011202795860636767688585969824347298,105562026962651857589021212088585401411102711760621435608486159867941204641282,0.001,0.002,1880.04,3564.39,0.001,0.998,0.999,3564.39,1880.04,0.001,0.0015,0.9985,0.654686,0.345314,66638.51
1774916042652,2026-03-31T00:14:02.652,btc-updown-15m-1774915200,1774916100,Down,2035541310721235125444422910891850237483011202795860636767688585969824347298,105562026962651857589021212088585401411102711760621435608486159867941204641282,0.001,0.002,1900.04,3503.09,0.001,0.998,0.999,3503.09,1900.04,0.001,0.0015,0.9985,0.648345,0.351655,66638.51
1774916043653,2026-03-31T00:14:03.653,btc-updown-15m-1774915200,1774916100,Down,2035541310721235125444422910891850237483011202795860636767688585969824347298,105562026962651857589021212088585401411102711760621435608486159867941204641282,0.001,0.002,1898.46,3503.09,0.001,0.998,0.999,3503.09,1898.46,0.001,0.0015,0.9985,0.648534,0.351466,66663.16
1774916044654,2026-03-31T00:14:04.654,btc-updown-15m-1774915200,1774916100,Down,2035541310721235125444422910891850237483011202795860636767688585969824347298,105562026962651857589021212088585401411102711760621435608486159867941204641282,0.001,0.002,1898.46,3488.07,0.001,0.998,0.999,3488.07,1898.46,0.001,0.0015,0.9985,0.647554,0.352446,66663.16
1774916045654,2026-03-31T00:14:05.654,btc-updown-15m-1774915200,1774916100,Down,2035541310721235125444422910891850237483011202795860636767688585969824347298,105562026962651857589021212088585401411102711760621435608486159867941204641282,0.001,0.002,1898.46,3488.07,0.001,0.998,0.999,3488.07,1898.46,0.001,0.0015,0.9985,0.647554,0.352446,66663.16
1774916046655,2026-03-31T00:14:06.655,btc-updown-15m-1774915200,1774916100,Down,2035541310721235125444422910891850237483011202795860636767688585969824347298,105562026962651857589021212088585401411102711760621435608486159867941204641282,0.001,0.002,1898.46,3482.23,0.001,0.998,0.999,3482.23,1898.46,0.001,0.0015,0.9985,0.647172,0.352828,66663.17
1774916047656,2026-03-31T00:14:07.656,btc-updown-15m-1774915200,1774916100,Down,2035541310721235125444422910891850237483011202795860636767688585969824347298,105562026962651857589021212088585401411102711760621435608486159867941204641282,0.001,0.002,1898.46,3282.03,0.001,0.998,0.999,3282.03,1898.46,0.001,0.0015,0.9985,0.633537,0.366463,66663.17
1774916048657,2026-03-31T00:14:08.657,btc-updown-15m-1774915200,1774916100,Down,2035541310721235125444422910891850237483011202795860636767688585969824347298,105562026962651857589021212088585401411102711760621435608486159867941204641282,0.001,0.002,1898.46,3282.03,0.001,0.998,0.999,3282.03,1898.46,0.001,0.0015,0.9985,0.633537,0.366463,66663.17
1774916049658,2026-03-31T00:14:09.658,btc-updown-15m-1774915200,1774916100,Down,2035541310721235125444422910891850237483011202795860636767688585969824347298,105562026962651857589021212088585401411102711760621435608486159867941204641282,0.001,0.002,2083.79,3141.16,0.001,0.998,0.999,3141.16,2083.79,0.001,0.0015,0.9985,0.601185,0.398815,66663.16
1774916050658,2026-03-31T00:14:10.658,btc-updown-15m-1774915200,1774916100,Down,2035541310721235125444422910891850237483011202795860636767688585969824347298,105562026962651857589021212088585401411102711760621435608486159867941204641282,0.001,0.002,2183.79,3136.16,0.001,0.998,0.999,3136.16,2183.79,0.001,0.0015,0.9985,0.589509,0.410491,66663.16
1774916051659,2026-03-31T00:14:11.659,btc-updown-15m-1774915200,1774916100,Down,2035541310721235125444422910891850237483011202795860636767688585969824347298,105562026962651857589021212088585401411102711760621435608486159867941204641282,0.001,0.002,2176.86,3136.16,0.001,0.998,0.999,3136.16,2176.86,0.001,0.0015,0.9985,0.590278,0.409722,66663.16
1774916052660,2026-03-31T00:14:12.660,btc-updown-15m-1774915200,1774916100,Down,2035541310721235125444422910891850237483011202795860636767688585969824347298,105562026962651857589021212088585401411102711760621435608486159867941204641282,0.001,0.002,2176.86,2240.16,0.001,0.998,0.999,2240.16,2176.86,0.001,0.0015,0.9985,0.507165,0.492835,66663.16
1774916053660,2026-03-31T00:14:13.660,btc-updown-15m-1774915200,1774916100,Down,2035541310721235125444422910891850237483011202795860636767688585969824347298,105562026962651857589021212088585401411102711760621435608486159867941204641282,0.001,0.002,2176.86,2240.16,0.001,0.998,0.999,2240.16,2176.86,0.001,0.0015,0.9985,0.507165,0.492835,66663.16
1774916054661,2026-03-31T00:14:14.661,btc-updown-15m-1774915200,1774916100,Down,2035541310721235125444422910891850237483011202795860636767688585969824347298,105562026962651857589021212088585401411102711760621435608486159867941204641282,0.001,0.002,2176.86,2240.16,0.001,0.998,0.999,2240.16,2176.86,0.001,0.0015,0.9985,0.507165,0.492835,66663.16
1774916055662,2026-03-31T00:14:15.662,btc-updown-15m-1774915200,1774916100,Down,2035541310721235125444422910891850237483011202795860636767688585969824347298,105562026962651857589021212088585401411102711760621435608486159867941204641282,0.001,0.002,2176.86,2240.16,0.001,0.998,0.999,2240.16,2176.86,0.001,0.0015,0.9985,0.507165,0.492835,66663.17
1774916056663,2026-03-31T00:14:16.663,btc-updown-15m-1774915200,1774916100,Down,2035541310721235125444422910891850237483011202795860636767688585969824347298,105562026962651857589021212088585401411102711760621435608486159867941204641282,0.001,0.002,2807.86,2209.16,0.001,0.998,0.999,2209.16,2807.86,0.001,0.0015,0.9985,0.440333,0.559667,66663.17
1774916057663,2026-03-31T00:14:17.663,btc-updown-15m-1774915200,1774916100,Down,2035541310721235125444422910891850237483011202795860636767688585969824347298,105562026962651857589021212088585401411102711760621435608486159867941204641282,0.001,0.002,2838.68,2164.12,0.001,0.998,0.999,2164.12,2838.68,0.001,0.0015,0.9985,0.432582,0.567418,66663.17
1774916058664,2026-03-31T00:14:18.664,btc-updown-15m-1774915200,1774916100,Down,2035541310721235125444422910891850237483011202795860636767688585969824347298,105562026962651857589021212088585401411102711760621435608486159867941204641282,0.001,0.002,2838.68,2164.12,0.001,0.998,0.999,2164.12,2838.68,0.001,0.0015,0.9985,0.432582,0.567418,66663.16
1774916059665,2026-03-31T00:14:19.665,btc-updown-15m-1774915200,1774916100,Down,2035541310721235125444422910891850237483011202795860636767688585969824347298,105562026962651857589021212088585401411102711760621435608486159867941204641282,0.001,0.002,2838.68,2164.12,0.001,0.998,0.999,2164.12,2838.68,0.001,0.0015,0.9985,0.432582,0.567418,66663.16
1774916060665,2026-03-31T00:14:20.665,btc-updown-15m-1774915200,1774916100,Down,2035541310721235125444422910891850237483011202795860636767688585969824347298,105562026962651857589021212088585401411102711760621435608486159867941204641282,0.001,0.002,2870.68,2157.12,0.001,0.998,0.999,2157.12,2870.68,0.001,0.0015,0.9985,0.429039,0.570961,66663.16
1774916061666,2026-03-31T00:14:21.666,btc-updown-15m-1774915200,1774916100,Down,2035541310721235125444422910891850237483011202795860636767688585969824347298,105562026962651857589021212088585401411102711760621435608486159867941204641282,0.001,0.002,2870.68,2157.12,0.001,0.998,0.999,2157.12,2870.68,0.001,0.0015,0.9985,0.429039,0.570961,66663.16
1774916062666,2026-03-31T00:14:22.666,btc-updown-15m-1774915200,1774916100,Down,2035541310721235125444422910891850237483011202795860636767688585969824347298,105562026962651857589021212088585401411102711760621435608486159867941204641282,0.001,0.002,2876.72,2151.13,0.001,0.998,0.999,2151.13,2876.72,0.001,0.0015,0.9985,0.427843,0.572157,66663.16
1774916063667,2026-03-31T00:14:23.667,btc-updown-15m-1774915200,1774916100,Down,2035541310721235125444422910891850237483011202795860636767688585969824347298,105562026962651857589021212088585401411102711760621435608486159867941204641282,0.001,0.002,2876.72,2151.13,0.001,0.998,0.999,2151.13,2876.72,0.001,0.0015,0.9985,0.427843,0.572157,66663.16
1774916064668,2026-03-31T00:14:24.668,btc-updown-15m-1774915200,1774916100,Down,2035541310721235125444422910891850237483011202795860636767688585969824347298,105562026962651857589021212088585401411102711760621435608486159867941204641282,0.001,0.002,2876.72,2151.13,0.001,0.998,0.999,2151.13,2876.72,0.001,0.0015,0.9985,0.427843,0.572157,66663.16
1774916065668,2026-03-31T00:14:25.668,btc-updown-15m-1774915200,1774916100,Down,2035541310721235125444422910891850237483011202795860636767688585969824347298,105562026962651857589021212088585401411102711760621435608486159867941204641282,0.001,0.002,2876.72,2151.13,0.001,0.998,0.999,2151.13,2876.72,0.001,0.0015,0.9985,0.427843,0.572157,66663.16
1774916066669,2026-03-31T00:14:26.669,btc-updown-15m-1774915200,1774916100,Down,2035541310721235125444422910891850237483011202795860636767688585969824347298,105562026962651857589021212088585401411102711760621435608486159867941204641282,,0.001,3856.88,,,0.999,,,3856.88,,,,,,66663.16
1774916067671,2026-03-31T00:14:27.671,btc-updown-15m-1774915200,1774916100,Down,2035541310721235125444422910891850237483011202795860636767688585969824347298,105562026962651857589021212088585401411102711760621435608486159867941204641282,,0.001,3856.88,,,0.999,,,3856.88,,,,,,66663.16
1774916068671,2026-03-31T00:14:28.671,btc-updown-15m-1774915200,1774916100,Down,2035541310721235125444422910891850237483011202795860636767688585969824347298,105562026962651857589021212088585401411102711760621435608486159867941204641282,,0.001,3856.88,,,0.999,,,3856.88,,,,,,66663.16
1774916069672,2026-03-31T00:14:29.672,btc-updown-15m-1774915200,1774916100,Down,2035541310721235125444422910891850237483011202795860636767688585969824347298,105562026962651857589021212088585401411102711760621435608486159867941204641282,,0.001,3856.88,,,0.999,,,3856.88,,,,,,66663.16
1774916070673,2026-03-31T00:14:30.673,btc-updown-15m-1774915200,1774916100,Down,2035541310721235125444422910891850237483011202795860636767688585969824347298,105562026962651857589021212088585401411102711760621435608486159867941204641282,,0.001,3856.88,,,0.999,,,3856.88,,,,,,66663.17
1774916071674,2026-03-31T00:14:31.674,btc-updown-15m-1774915200,1774916100,Down,2035541310721235125444422910891850237483011202795860636767688585969824347298,105562026962651857589021212088585401411102711760621435608486159867941204641282,,0.001,3856.88,,,0.999,,,3856.88,,,,,,66663.17
1774916072675,2026-03-31T00:14:32.675,btc-updown-15m-1774915200,1774916100,Down,2035541310721235125444422910891850237483011202795860636767688585969824347298,105562026962651857589021212088585401411102711760621435608486159867941204641282,,0.001,10554.38,,,0.999,,,10554.38,,,,,,66663.17
1774916073675,2026-03-31T00:14:33.675,btc-updown-15m-1774915200,1774916100,Down,2035541310721235125444422910891850237483011202795860636767688585969824347298,105562026962651857589021212088585401411102711760621435608486159867941204641282,,0.001,10554.38,,,0.999,,,10554.38,,,,,,66663.17
1774916074676,2026-03-31T00:14:34.676,btc-updown-15m-1774915200,1774916100,Down,2035541310721235125444422910891850237483011202795860636767688585969824347298,105562026962651857589021212088585401411102711760621435608486159867941204641282,,0.001,10554.38,,,0.999,,,10554.38,,,,,,66663.17
1774916075677,2026-03-31T00:14:35.677,btc-updown-15m-1774915200,1774916100,Down,2035541310721235125444422910891850237483011202795860636767688585969824347298,105562026962651857589021212088585401411102711760621435608486159867941204641282,,0.001,10554.38,,,0.999,,,10554.38,,,,,,66663.17
1774916076677,2026-03-31T00:14:36.677,btc-updown-15m-1774915200,1774916100,Down,2035541310721235125444422910891850237483011202795860636767688585969824347298,105562026962651857589021212088585401411102711760621435608486159867941204641282,,0.001,10554.38,,,0.999,,,10554.38,,,,,,66663.17
1774916077678,2026-03-31T00:14:37.678,btc-updown-15m-1774915200,1774916100,Down,2035541310721235125444422910891850237483011202795860636767688585969824347298,105562026962651857589021212088585401411102711760621435608486159867941204641282,,0.001,10554.38,,,0.999,,,10554.38,,,,,,66663.17
1774916078679,2026-03-31T00:14:38.679,btc-updown-15m-1774915200,1774916100,Down,2035541310721235125444422910891850237483011202795860636767688585969824347298,105562026962651857589021212088585401411102711760621435608486159867941204641282,,0.001,10554.38,,,0.999,,,10554.38,,,,,,66663.17
1774916079680,2026-03-31T00:14:39.680,btc-updown-15m-1774915200,1774916100,Down,2035541310721235125444422910891850237483011202795860636767688585969824347298,105562026962651857589021212088585401411102711760621435608486159867941204641282,,0.001,10554.38,,,0.999,,,10554.38,,,,,,66663.17
1774916080681,2026-03-31T00:14:40.681,btc-updown-15m-1774915200,1774916100,Down,2035541310721235125444422910891850237483011202795860636767688585969824347298,105562026962651857589021212088585401411102711760621435608486159867941204641282,,0.001,10554.38,,,0.999,,,10554.38,,,,,,66663.17
1774916081681,2026-03-31T00:14:41.681,btc-updown-15m-1774915200,1774916100,Down,2035541310721235125444422910891850237483011202795860636767688585969824347298,105562026962651857589021212088585401411102711760621435608486159867941204641282,,0.001,32767.38,,,0.999,,,32767.38,,,,,,66663.17
1774916082682,2026-03-31T00:14:42.682,btc-updown-15m-1774915200,1774916100,Down,2035541310721235125444422910891850237483011202795860636767688585969824347298,105562026962651857589021212088585401411102711760621435608486159867941204641282,,0.001,32767.38,,,0.999,,,32767.38,,,,,,66663.17
1774916083683,2026-03-31T00:14:43.683,btc-updown-15m-1774915200,1774916100,Down,2035541310721235125444422910891850237483011202795860636767688585969824347298,105562026962651857589021212088585401411102711760621435608486159867941204641282,,0.001,32767.38,,,0.999,,,32767.38,,,,,,66663.17
1774916084683,2026-03-31T00:14:44.683,btc-updown-15m-1774915200,1774916100,Down,2035541310721235125444422910891850237483011202795860636767688585969824347298,105562026962651857589021212088585401411102711760621435608486159867941204641282,,0.001,32767.38,,,0.999,,,32767.38,,,,,,66663.17
1774916085684,2026-03-31T00:14:45.684,btc-updown-15m-1774915200,1774916100,Down,2035541310721235125444422910891850237483011202795860636767688585969824347298,105562026962651857589021212088585401411102711760621435608486159867941204641282,,0.001,32767.38,,,0.999,,,32767.38,,,,,,66653.18
1774916086685,2026-03-31T00:14:46.685,btc-updown-15m-1774915200,1774916100,Down,2035541310721235125444422910891850237483011202795860636767688585969824347298,105562026962651857589021212088585401411102711760621435608486159867941204641282,,0.001,32767.38,,,0.999,,,32767.38,,,,,,66653.18
1774916087686,2026-03-31T00:14:47.686,btc-updown-15m-1774915200,1774916100,Down,2035541310721235125444422910891850237483011202795860636767688585969824347298,105562026962651857589021212088585401411102711760621435608486159867941204641282,,0.001,32767.38,,,0.999,,,32767.38,,,,,,66653.18
1774916088687,2026-03-31T00:14:48.687,btc-updown-15m-1774915200,1774916100,Down,2035541310721235125444422910891850237483011202795860636767688585969824347298,105562026962651857589021212088585401411102711760621435608486159867941204641282,,0.001,32767.38,,,0.999,,,32767.38,,,,,,66653.18
1774916089688,2026-03-31T00:14:49.688,btc-updown-15m-1774915200,1774916100,Down,2035541310721235125444422910891850237483011202795860636767688585969824347298,105562026962651857589021212088585401411102711760621435608486159867941204641282,,0.001,32767.38,,,0.999,,,32767.38,,,,,,66653.18
1774916090689,2026-03-31T00:14:50.689,btc-updown-15m-1774915200,1774916100,Down,2035541310721235125444422910891850237483011202795860636767688585969824347298,105562026962651857589021212088585401411102711760621435608486159867941204641282,,0.001,32767.38,,,0.999,,,32767.38,,,,,,66653.18
1774916091690,2026-03-31T00:14:51.690,btc-updown-15m-1774915200,1774916100,Down,2035541310721235125444422910891850237483011202795860636767688585969824347298,105562026962651857589021212088585401411102711760621435608486159867941204641282,,0.001,32864.83,,,0.999,,,32864.83,,,,,,66653.18
1774916092692,2026-03-31T00:14:52.692,btc-updown-15m-1774915200,1774916100,Down,2035541310721235125444422910891850237483011202795860636767688585969824347298,105562026962651857589021212088585401411102711760621435608486159867941204641282,,0.001,32864.83,,,0.999,,,32864.83,,,,,,66653.18
1774916093693,2026-03-31T00:14:53.693,btc-updown-15m-1774915200,1774916100,Down,2035541310721235125444422910891850237483011202795860636767688585969824347298,105562026962651857589021212088585401411102711760621435608486159867941204641282,,0.001,32864.83,,,0.999,,,32864.83,,,,,,66653.18
1774916094694,2026-03-31T00:14:54.694,btc-updown-15m-1774915200,1774916100,Down,2035541310721235125444422910891850237483011202795860636767688585969824347298,105562026962651857589021212088585401411102711760621435608486159867941204641282,,0.001,32864.83,,,0.999,,,32864.83,,,,,,66653.18
1774916095695,2026-03-31T00:14:55.695,btc-updown-15m-1774915200,1774916100,Down,2035541310721235125444422910891850237483011202795860636767688585969824347298,105562026962651857589021212088585401411102711760621435608486159867941204641282,,0.001,32864.83,,,0.999,,,32864.83,,,,,,66653.18
1774916096696,2026-03-31T00:14:56.696,btc-updown-15m-1774915200,1774916100,Down,2035541310721235125444422910891850237483011202795860636767688585969824347298,105562026962651857589021212088585401411102711760621435608486159867941204641282,,0.001,32864.83,,,0.999,,,32864.83,,,,,,66653.18
1774916097696,2026-03-31T00:14:57.696,btc-updown-15m-1774915200,1774916100,Down,2035541310721235125444422910891850237483011202795860636767688585969824347298,105562026962651857589021212088585401411102711760621435608486159867941204641282,,0.001,32864.83,,,0.999,,,32864.83,,,,,,66653.18
1774916098697,2026-03-31T00:14:58.697,btc-updown-15m-1774915200,1774916100,Down,2035541310721235125444422910891850237483011202795860636767688585969824347298,105562026962651857589021212088585401411102711760621435608486159867941204641282,,0.001,32864.83,,,0.999,,,32864.83,,,,,,66653.18
1774916099698,2026-03-31T00:14:59.698,btc-updown-15m-1774915200,1774916100,Down,2035541310721235125444422910891850237483011202795860636767688585969824347298,105562026962651857589021212088585401411102711760621435608486159867941204641282,,0.001,32864.83,,,0.999,,,32864.83,,,,,,66653.18
1774916100698,2026-03-31T00:15:00.698,btc-updown-15m-1774915200,1774916100,Down,2035541310721235125444422910891850237483011202795860636767688585969824347298,105562026962651857589021212088585401411102711760621435608486159867941204641282,,0.001,48922.4,,,0.999,,,48922.4,,,,,,66661.27
1774916100698,2026-03-31T00:15:00.698,btc-updown-15m-1774916100,1774917000,Up,88575036001923099357927134537191900875577654795416166353365157236150907905650,20185144917101351762095387621347858550182589456475538683864077906296334124849,0.51,0.53,243.25,20.0,0.02,0.47,0.49,20.0,243.25,0.02,0.52,0.48,0.075973,0.924027,66661.27
1774916101699,2026-03-31T00:15:01.699,btc-updown-15m-1774916100,1774917000,Up,88575036001923099357927134537191900875577654795416166353365157236150907905650,20185144917101351762095387621347858550182589456475538683864077906296334124849,0.51,0.52,4.91,29.0,0.01,0.48,0.49,29.0,4.91,0.01,0.515,0.485,0.855205,0.144795,66661.27
1774916102699,2026-03-31T00:15:02.699,btc-updown-15m-1774916100,1774917000,Up,88575036001923099357927134537191900875577654795416166353365157236150907905650,20185144917101351762095387621347858550182589456475538683864077906296334124849,0.52,0.53,245.4,29.91,0.01,0.47,0.48,29.91,245.4,0.01,0.525,0.475,0.108641,0.891359,66661.27
1774916103700,2026-03-31T00:15:03.700,btc-updown-15m-1774916100,1774917000,Up,88575036001923099357927134537191900875577654795416166353365157236150907905650,20185144917101351762095387621347858550182589456475538683864077906296334124849,0.52,0.53,377.87,5.0,0.01,0.47,0.48,5.0,377.87,0.01,0.525,0.475,0.013059,0.986941,66653.18
1774916104701,2026-03-31T00:15:04.701,btc-updown-15m-1774916100,1774917000,Up,88575036001923099357927134537191900875577654795416166353365157236150907905650,20185144917101351762095387621347858550182589456475538683864077906296334124849,0.51,0.52,142.07,3.71,0.01,0.48,0.49,3.71,142.07,0.01,0.515,0.485,0.025449,0.974551,66653.18
1774916105702,2026-03-31T00:15:05.702,btc-updown-15m-1774916100,1774917000,Up,88575036001923099357927134537191900875577654795416166353365157236150907905650,20185144917101351762095387621347858550182589456475538683864077906296334124849,0.5,0.51,147.07,40.06,0.01,0.49,0.5,40.06,147.07,0.01,0.505,0.495,0.214076,0.785924,66653.18
1774916106702,2026-03-31T00:15:06.702,btc-updown-15m-1774916100,1774917000,Up,88575036001923099357927134537191900875577654795416166353365157236150907905650,20185144917101351762095387621347858550182589456475538683864077906296334124849,0.5,0.51,144.23,16.06,0.01,0.49,0.5,20.06,139.23,0.01,0.505,0.495,0.100193,0.874066,66653.18
1774916107702,2026-03-31T00:15:07.702,btc-updown-15m-1774916100,1774917000,Up,88575036001923099357927134537191900875577654795416166353365157236150907905650,20185144917101351762095387621347858550182589456475538683864077906296334124849,0.5,0.51,23.5,46.56,0.01,0.49,0.5,44.06,66.5,0.01,0.505,0.495,0.664573,0.601483,66653.18
1774916108703,2026-03-31T00:15:08.703,btc-updown-15m-1774916100,1774917000,Up,88575036001923099357927134537191900875577654795416166353365157236150907905650,20185144917101351762095387621347858550182589456475538683864077906296334124849,0.5,0.51,126.8,20.06,0.01,0.49,0.5,20.06,126.8,0.01,0.505,0.495,0.136593,0.863407,66653.18
1774916109704,2026-03-31T00:15:09.704,btc-updown-15m-1774916100,1774917000,Up,88575036001923099357927134537191900875577654795416166353365157236150907905650,20185144917101351762095387621347858550182589456475538683864077906296334124849,0.5,0.51,93.19,33.0,0.01,0.49,0.5,33.0,93.19,0.01,0.505,0.495,0.26151,0.73849,66653.18
1774916110706,2026-03-31T00:15:10.706,btc-updown-15m-1774916100,1774917000,Up,88575036001923099357927134537191900875577654795416166353365157236150907905650,20185144917101351762095387621347858550182589456475538683864077906296334124849,0.5,0.51,83.41,15.58,0.01,0.49,0.5,15.58,83.41,0.01,0.505,0.495,0.15739,0.84261,66653.18
1774916111706,2026-03-31T00:15:11.706,btc-updown-15m-1774916100,1774917000,Up,88575036001923099357927134537191900875577654795416166353365157236150907905650,20185144917101351762095387621347858550182589456475538683864077906296334124849,0.52,0.53,164.37,63.2,0.01,0.47,0.48,63.2,164.37,0.01,0.525,0.475,0.277717,0.722283,66653.18
1774916112707,2026-03-31T00:15:12.707,btc-updown-15m-1774916100,1774917000,Up,88575036001923099357927134537191900875577654795416166353365157236150907905650,20185144917101351762095387621347858550182589456475538683864077906296334124849,0.53,0.54,347.0,92.52,0.01,0.46,0.47,92.52,347.0,0.01,0.535,0.465,0.210502,0.789498,66653.19
1774916113708,2026-03-31T00:15:13.708,btc-updown-15m-1774916100,1774917000,Up,88575036001923099357927134537191900875577654795416166353365157236150907905650,20185144917101351762095387621347858550182589456475538683864077906296334124849,0.53,0.54,257.0,768.07,0.01,0.46,0.47,768.07,257.0,0.01,0.535,0.465,0.749285,0.250715,66653.19
1774916114708,2026-03-31T00:15:14.708,btc-updown-15m-1774916100,1774917000,Up,88575036001923099357927134537191900875577654795416166353365157236150907905650,20185144917101351762095387621347858550182589456475538683864077906296334124849,0.53,0.54,255.0,740.72,0.01,0.46,0.47,740.72,255.0,0.01,0.535,0.465,0.743904,0.256096,66653.19
1774916115709,2026-03-31T00:15:15.709,btc-updown-15m-1774916100,1774917000,Up,88575036001923099357927134537191900875577654795416166353365157236150907905650,20185144917101351762095387621347858550182589456475538683864077906296334124849,0.53,0.54,287.87,395.18,0.01,0.46,0.47,384.18,287.87,0.01,0.535,0.465,0.578552,0.428346,66640.21
1774916116709,2026-03-31T00:15:16.709,btc-updown-15m-1774916100,1774917000,Up,88575036001923099357927134537191900875577654795416166353365157236150907905650,20185144917101351762095387621347858550182589456475538683864077906296334124849,0.5,0.52,25.0,6.68,0.02,0.48,0.5,6.68,25.0,0.02,0.51,0.49,0.210859,0.789141,66640.21
1774916117709,2026-03-31T00:15:17.709,btc-updown-15m-1774916100,1774917000,Up,88575036001923099357927134537191900875577654795416166353365157236150907905650,20185144917101351762095387621347858550182589456475538683864077906296334124849,0.52,0.53,159.51,461.77,0.01,0.47,0.48,461.77,159.51,0.01,0.525,0.475,0.743256,0.256744,66640.21
1774916118710,2026-03-31T00:15:18.710,btc-updown-15m-1774916100,1774917000,Up,88575036001923099357927134537191900875577654795416166353365157236150907905650,20185144917101351762095387621347858550182589456475538683864077906296334124849,0.52,0.54,159.87,481.86,0.02,0.46,0.48,481.86,159.87,0.02,0.53,0.47,0.750877,0.249123,66644.71
1774916119711,2026-03-31T00:15:19.711,btc-updown-15m-1774916100,1774917000,Up,88575036001923099357927134537191900875577654795416166353365157236150907905650,20185144917101351762095387621347858550182589456475538683864077906296334124849,0.53,0.54,137.87,88.95,0.01,0.46,0.47,88.95,137.87,0.01,0.535,0.465,0.392161,0.607839,66644.71
1774916120712,2026-03-31T00:15:20.712,btc-updown-15m-1774916100,1774917000,Up,88575036001923099357927134537191900875577654795416166353365157236150907905650,20185144917101351762095387621347858550182589456475538683864077906296334124849,0.53,0.54,137.87,88.95,0.01,0.46,0.47,88.95,137.87,0.01,0.535,0.465,0.392161,0.607839,66644.71
1774916121713,2026-03-31T00:15:21.713,btc-updown-15m-1774916100,1774917000,Up,88575036001923099357927134537191900875577654795416166353365157236150907905650,20185144917101351762095387621347858550182589456475538683864077906296334124849,0.53,0.54,158.73,83.95,0.01,0.46,0.47,83.95,158.73,0.01,0.535,0.465,0.345929,0.654071,66644.7
1774916122714,2026-03-31T00:15:22.714,btc-updown-15m-1774916100,1774917000,Up,88575036001923099357927134537191900875577654795416166353365157236150907905650,20185144917101351762095387621347858550182589456475538683864077906296334124849,0.52,0.53,41.45,103.0,0.01,0.47,0.48,103.0,41.45,0.01,0.525,0.475,0.713049,0.286951,66644.7
1774916123715,2026-03-31T00:15:23.715,btc-updown-15m-1774916100,1774917000,Up,88575036001923099357927134537191900875577654795416166353365157236150907905650,20185144917101351762095387621347858550182589456475538683864077906296334124849,0.52,0.53,1326.45,33.27,0.01,0.47,0.48,33.27,1326.45,0.01,0.525,0.475,0.024468,0.975532,66644.7
1774916124715,2026-03-31T00:15:24.715,btc-updown-15m-1774916100,1774917000,Up,88575036001923099357927134537191900875577654795416166353365157236150907905650,20185144917101351762095387621347858550182589456475538683864077906296334124849,0.52,0.53,60.97,269.75,0.01,0.47,0.48,269.75,60.97,0.01,0.525,0.475,0.815645,0.184355,66648.03
1774916125716,2026-03-31T00:15:25.716,btc-updown-15m-1774916100,1774917000,Up,88575036001923099357927134537191900875577654795416166353365157236150907905650,20185144917101351762095387621347858550182589456475538683864077906296334124849,0.52,0.53,66.06,612.83,0.01,0.47,0.48,612.83,66.06,0.01,0.525,0.475,0.902694,0.097306,66648.03
1774916126717,2026-03-31T00:15:26.717,btc-updown-15m-1774916100,1774917000,Up,88575036001923099357927134537191900875577654795416166353365157236150907905650,20185144917101351762095387621347858550182589456475538683864077906296334124849,0.53,0.54,77.73,35.1,0.01,0.46,0.47,35.1,77.73,0.01,0.535,0.465,0.311087,0.688913,66648.03
1774916127718,2026-03-31T00:15:27.718,btc-updown-15m-1774916100,1774917000,Up,88575036001923099357927134537191900875577654795416166353365157236150907905650,20185144917101351762095387621347858550182589456475538683864077906296334124849,0.53,0.54,77.73,35.1,0.01,0.46,0.47,35.1,77.73,0.01,0.535,0.465,0.311087,0.688913,66648.03
1774916128719,2026-03-31T00:15:28.719,btc-updown-15m-1774916100,1774917000,Up,88575036001923099357927134537191900875577654795416166353365157236150907905650,20185144917101351762095387621347858550182589456475538683864077906296334124849,0.53,0.54,77.73,35.1,0.01,0.46,0.47,35.1,77.73,0.01,0.535,0.465,0.311087,0.688913,66648.03
1774916129720,2026-03-31T00:15:29.720,btc-updown-15m-1774916100,1774917000,Up,88575036001923099357927134537191900875577654795416166353365157236150907905650,20185144917101351762095387621347858550182589456475538683864077906296334124849,0.53,0.54,956.87,61.94,0.01,0.46,0.47,61.94,956.87,0.01,0.535,0.465,0.060796,0.939204,66648.03
1774916130721,2026-03-31T00:15:30.721,btc-updown-15m-1774916100,1774917000,Up,88575036001923099357927134537191900875577654795416166353365157236150907905650,20185144917101351762095387621347858550182589456475538683864077906296334124849,0.53,0.54,953.16,54.38,0.01,0.46,0.47,54.38,953.16,0.01,0.535,0.465,0.053973,0.946027,66648.02
1774916131722,2026-03-31T00:15:31.722,btc-updown-15m-1774916100,1774917000,Up,88575036001923099357927134537191900875577654795416166353365157236150907905650,20185144917101351762095387621347858550182589456475538683864077906296334124849,0.52,0.54,958.16,332.47,0.02,0.46,0.48,332.47,958.16,0.02,0.53,0.47,0.257603,0.742397,66648.02
1774916132722,2026-03-31T00:15:32.722,btc-updown-15m-1774916100,1774917000,Up,88575036001923099357927134537191900875577654795416166353365157236150907905650,20185144917101351762095387621347858550182589456475538683864077906296334124849,0.52,0.53,19.0,389.94,0.01,0.47,0.48,389.94,19.0,0.01,0.525,0.475,0.953538,0.046462,66648.02
1774916133723,2026-03-31T00:15:33.723,btc-updown-15m-1774916100,1774917000,Up,88575036001923099357927134537191900875577654795416166353365157236150907905650,20185144917101351762095387621347858550182589456475538683864077906296334124849,0.52,0.53,937.33,64.4,0.01,0.47,0.48,64.4,937.33,0.01,0.525,0.475,0.064289,0.935711,66648.03
1774916134724,2026-03-31T00:15:34.724,btc-updown-15m-1774916100,1774917000,Up,88575036001923099357927134537191900875577654795416166353365157236150907905650,20185144917101351762095387621347858550182589456475538683864077906296334124849,0.52,0.53,937.33,58.4,0.01,0.47,0.48,58.4,937.33,0.01,0.525,0.475,0.05865,0.94135,66648.03
1774916135724,2026-03-31T00:15:35.724,btc-updown-15m-1774916100,1774917000,Up,88575036001923099357927134537191900875577654795416166353365157236150907905650,20185144917101351762095387621347858550182589456475538683864077906296334124849,0.51,0.52,1133.0,95.4,0.01,0.48,0.49,95.4,1133.0,0.01,0.515,0.485,0.077662,0.922338,66648.03
1774916136725,2026-03-31T00:15:36.725,btc-updown-15m-1774916100,1774917000,Up,88575036001923099357927134537191900875577654795416166353365157236150907905650,20185144917101351762095387621347858550182589456475538683864077906296334124849,0.51,0.52,1150.0,71.88,0.01,0.48,0.49,71.88,1150.0,0.01,0.515,0.485,0.058827,0.941173,66648.03
1774916137725,2026-03-31T00:15:37.725,btc-updown-15m-1774916100,1774917000,Up,88575036001923099357927134537191900875577654795416166353365157236150907905650,20185144917101351762095387621347858550182589456475538683864077906296334124849,0.52,0.53,55.07,452.53,0.01,0.47,0.48,452.53,55.07,0.01,0.525,0.475,0.891509,0.108491,66648.03
1774916138727,2026-03-31T00:15:38.727,btc-updown-15m-1774916100,1774917000,Up,88575036001923099357927134537191900875577654795416166353365157236150907905650,20185144917101351762095387621347858550182589456475538683864077906296334124849,0.53,0.54,99.34,128.58,0.01,0.46,0.47,128.58,99.34,0.01,0.535,0.465,0.564145,0.435855,66648.03
1774916139727,2026-03-31T00:15:39.727,btc-updown-15m-1774916100,1774917000,Up,88575036001923099357927134537191900875577654795416166353365157236150907905650,20185144917101351762095387621347858550182589456475538683864077906296334124849,0.53,0.54,914.0,73.66,0.01,0.46,0.47,73.66,914.0,0.01,0.535,0.465,0.07458,0.92542,66648.03
1774916140728,2026-03-31T00:15:40.728,btc-updown-15m-1774916100,1774917000,Up,88575036001923099357927134537191900875577654795416166353365157236150907905650,20185144917101351762095387621347858550182589456475538683864077906296334124849,0.53,0.54,922.14,73.64,0.01,0.46,0.47,73.64,922.14,0.01,0.535,0.465,0.073952,0.926048,66648.03
1774916141728,2026-03-31T00:15:41.728,btc-updown-15m-1774916100,1774917000,Up,88575036001923099357927134537191900875577654795416166353365157236150907905650,20185144917101351762095387621347858550182589456475538683864077906296334124849,0.53,0.54,964.98,71.02,0.01,0.46,0.47,71.02,964.98,0.01,0.535,0.465,0.068552,0.931448,66648.03
1774916142729,2026-03-31T00:15:42.729,btc-updown-15m-1774916100,1774917000,Up,88575036001923099357927134537191900875577654795416166353365157236150907905650,20185144917101351762095387621347858550182589456475538683864077906296334124849,0.53,0.54,958.98,81.57,0.01,0.46,0.47,81.57,958.98,0.01,0.535,0.465,0.078391,0.921609,66648.03
1774916143730,2026-03-31T00:15:43.730,btc-updown-15m-1774916100,1774917000,Up,88575036001923099357927134537191900875577654795416166353365157236150907905650,20185144917101351762095387621347858550182589456475538683864077906296334124849,0.53,0.54,1190.98,25.0,0.01,0.46,0.47,25.0,1190.98,0.01,0.535,0.465,0.02056,0.97944,66648.03
1774916144730,2026-03-31T00:15:44.730,btc-updown-15m-1774916100,1774917000,Up,88575036001923099357927134537191900875577654795416166353365157236150907905650,20185144917101351762095387621347858550182589456475538683864077906296334124849,0.53,0.54,1116.85,25.0,0.01,0.46,0.47,25.0,1116.85,0.01,0.535,0.465,0.021894,0.978106,66648.03
1774916145730,2026-03-31T00:15:45.730,btc-updown-15m-1774916100,1774917000,Up,88575036001923099357927134537191900875577654795416166353365157236150907905650,20185144917101351762095387621347858550182589456475538683864077906296334124849,0.51,0.52,232.6,29.94,0.01,0.48,0.49,29.94,232.6,0.01,0.515,0.485,0.11404,0.88596,66637.61
1774916146731,2026-03-31T00:15:46.731,btc-updown-15m-1774916100,1774917000,Up,88575036001923099357927134537191900875577654795416166353365157236150907905650,20185144917101351762095387621347858550182589456475538683864077906296334124849,0.49,0.51,340.5,326.85,0.02,0.49,0.51,326.85,340.5,0.02,0.5,0.5,0.489773,0.510227,66637.61
1774916147731,2026-03-31T00:15:47.731,btc-updown-15m-1774916100,1774917000,Up,88575036001923099357927134537191900875577654795416166353365157236150907905650,20185144917101351762095387621347858550182589456475538683864077906296334124849,0.49,0.5,1513.4,373.55,0.01,0.5,0.51,373.55,1513.4,0.01,0.495,0.505,0.197965,0.802035,66637.61
1774916148732,2026-03-31T00:15:48.732,btc-updown-15m-1774916100,1774917000,Up,88575036001923099357927134537191900875577654795416166353365157236150907905650,20185144917101351762095387621347858550182589456475538683864077906296334124849,0.52,0.54,40.0,177.56,0.02,0.46,0.48,177.56,40.0,0.02,0.53,0.47,0.816143,0.183857,66646.75
1774916149733,2026-03-31T00:15:49.733,btc-updown-15m-1774916100,1774917000,Up,88575036001923099357927134537191900875577654795416166353365157236150907905650,20185144917101351762095387621347858550182589456475538683864077906296334124849,0.54,0.55,66.62,186.5,0.01,0.45,0.46,186.5,66.62,0.01,0.545,0.455,0.736805,0.263195,66646.75
1774916150733,2026-03-31T00:15:50.733,btc-updown-15m-1774916100,1774917000,Up,88575036001923099357927134537191900875577654795416166353365157236150907905650,20185144917101351762095387621347858550182589456475538683864077906296334124849,0.54,0.55,76.62,145.28,0.01,0.45,0.46,145.28,76.62,0.01,0.545,0.455,0.654709,0.345291,66646.75
1774916151734,2026-03-31T00:15:51.734,btc-updown-15m-1774916100,1774917000,Up,88575036001923099357927134537191900875577654795416166353365157236150907905650,20185144917101351762095387621347858550182589456475538683864077906296334124849,0.54,0.55,101.62,134.76,0.01,0.45,0.46,134.76,101.62,0.01,0.545,0.455,0.570099,0.429901,66651.35
1774916152734,2026-03-31T00:15:52.734,btc-updown-15m-1774916100,1774917000,Up,88575036001923099357927134537191900875577654795416166353365157236150907905650,20185144917101351762095387621347858550182589456475538683864077906296334124849,0.54,0.55,114.62,111.76,0.01,0.45,0.46,111.76,114.62,0.01,0.545,0.455,0.493683,0.506317,66651.35
1774916153735,2026-03-31T00:15:53.735,btc-updown-15m-1774916100,1774917000,Up,88575036001923099357927134537191900875577654795416166353365157236150907905650,20185144917101351762095387621347858550182589456475538683864077906296334124849,0.54,0.55,114.62,111.76,0.01,0.45,0.46,111.76,114.62,0.01,0.545,0.455,0.493683,0.506317,66651.35
1774916154735,2026-03-31T00:15:54.735,btc-updown-15m-1774916100,1774917000,Up,88575036001923099357927134537191900875577654795416166353365157236150907905650,20185144917101351762095387621347858550182589456475538683864077906296334124849,0.5,0.51,140.0,29.5,0.01,0.49,0.5,29.5,140.0,0.01,0.505,0.495,0.174041,0.825959,66646.76
1774916155736,2026-03-31T00:15:55.736,btc-updown-15m-1774916100,1774917000,Up,88575036001923099357927134537191900875577654795416166353365157236150907905650,20185144917101351762095387621347858550182589456475538683864077906296334124849,0.5,0.51,144.01,195.71,0.01,0.49,0.5,195.71,144.01,0.01,0.505,0.495,0.576092,0.423908,66646.76
1774916156736,2026-03-31T00:15:56.736,btc-updown-15m-1774916100,1774917000,Up,88575036001923099357927134537191900875577654795416166353365157236150907905650,20185144917101351762095387621347858550182589456475538683864077906296334124849,0.5,0.51,142.01,209.6,0.01,0.49,0.5,209.6,142.01,0.01,0.505,0.495,0.596115,0.403885,66646.76
1774916157737,2026-03-31T00:15:57.737,btc-updown-15m-1774916100,1774917000,Up,88575036001923099357927134537191900875577654795416166353365157236150907905650,20185144917101351762095387621347858550182589456475538683864077906296334124849,0.5,0.51,902.01,236.6,0.01,0.49,0.5,236.6,902.01,0.01,0.505,0.495,0.207797,0.792203,66646.76
1774916158737,2026-03-31T00:15:58.737,btc-updown-15m-1774916100,1774917000,Up,88575036001923099357927134537191900875577654795416166353365157236150907905650,20185144917101351762095387621347858550182589456475538683864077906296334124849,0.52,0.53,30.0,12.94,0.01,0.48,0.49,262.73,1.06,0.01,0.525,0.485,0.301351,0.004018,66646.76
1774916159738,2026-03-31T00:15:59.738,btc-updown-15m-1774916100,1774917000,Up,88575036001923099357927134537191900875577654795416166353365157236150907905650,20185144917101351762095387621347858550182589456475538683864077906296334124849,0.53,0.54,907.5,72.4,0.01,0.46,0.47,72.4,907.5,0.01,0.535,0.465,0.073885,0.926115,66646.76
1774916160739,2026-03-31T00:16:00.739,btc-updown-15m-1774916100,1774917000,Up,88575036001923099357927134537191900875577654795416166353365157236150907905650,20185144917101351762095387621347858550182589456475538683864077906296334124849,0.53,0.54,960.26,42.09,0.01,0.46,0.47,42.09,960.26,0.01,0.535,0.465,0.041991,0.958009,66649.76
1774916161740,2026-03-31T00:16:01.740,btc-updown-15m-1774916100,1774917000,Up,88575036001923099357927134537191900875577654795416166353365157236150907905650,20185144917101351762095387621347858550182589456475538683864077906296334124849,0.52,0.54,1006.23,90.5,0.02,0.46,0.48,90.5,1006.23,0.02,0.53,0.47,0.082518,0.917482,66649.76
1774916162741,2026-03-31T00:16:02.741,btc-updown-15m-1774916100,1774917000,Up,88575036001923099357927134537191900875577654795416166353365157236150907905650,20185144917101351762095387621347858550182589456475538683864077906296334124849,0.5,0.52,32.5,212.78,0.02,0.48,0.5,212.78,32.5,0.02,0.51,0.49,0.867498,0.132502,66649.76
1774916163741,2026-03-31T00:16:03.741,btc-updown-15m-1774916100,1774917000,Up,88575036001923099357927134537191900875577654795416166353365157236150907905650,20185144917101351762095387621347858550182589456475538683864077906296334124849,0.5,0.51,1050.47,37.05,0.01,0.49,0.5,37.05,1050.47,0.01,0.505,0.495,0.034068,0.965932,66646.75
1774916164741,2026-03-31T00:16:04.741,btc-updown-15m-1774916100,1774917000,Up,88575036001923099357927134537191900875577654795416166353365157236150907905650,20185144917101351762095387621347858550182589456475538683864077906296334124849,0.5,0.51,1002.22,64.05,0.01,0.49,0.5,64.05,1002.22,0.01,0.505,0.495,0.060069,0.939931,66646.75
1774916165743,2026-03-31T00:16:05.743,btc-updown-15m-1774916100,1774917000,Up,88575036001923099357927134537191900875577654795416166353365157236150907905650,20185144917101351762095387621347858550182589456475538683864077906296334124849,0.5,0.51,997.31,72.05,0.01,0.49,0.5,72.05,997.31,0.01,0.505,0.495,0.067377,0.932623,66646.75
1774916166743,2026-03-31T00:16:06.743,btc-updown-15m-1774916100,1774917000,Up,88575036001923099357927134537191900875577654795416166353365157236150907905650,20185144917101351762095387621347858550182589456475538683864077906296334124849,0.5,0.51,1023.91,55.95,0.01,0.49,0.5,55.95,1023.91,0.01,0.505,0.495,0.051812,0.948188,66646.76
1774916167744,2026-03-31T00:16:07.744,btc-updown-15m-1774916100,1774917000,Up,88575036001923099357927134537191900875577654795416166353365157236150907905650,20185144917101351762095387621347858550182589456475538683864077906296334124849,0.5,0.51,1023.91,55.95,0.01,0.49,0.5,55.95,1023.91,0.01,0.505,0.495,0.051812,0.948188,66646.76
1774916168745,2026-03-31T00:16:08.745,btc-updown-15m-1774916100,1774917000,Up,88575036001923099357927134537191900875577654795416166353365157236150907905650,20185144917101351762095387621347858550182589456475538683864077906296334124849,0.5,0.51,1023.91,55.95,0.01,0.49,0.5,55.95,1023.91,0.01,0.505,0.495,0.051812,0.948188,66646.76
1774916169745,2026-03-31T00:16:09.745,btc-updown-15m-1774916100,1774917000,Up,88575036001923099357927134537191900875577654795416166353365157236150907905650,20185144917101351762095387621347858550182589456475538683864077906296334124849,0.5,0.51,1127.7,55.95,0.01,0.49,0.5,55.95,1127.7,0.01,0.505,0.495,0.047269,0.952731,66646.75
1774916170746,2026-03-31T00:16:10.746,btc-updown-15m-1774916100,1774917000,Up,88575036001923099357927134537191900875577654795416166353365157236150907905650,20185144917101351762095387621347858550182589456475538683864077906296334124849,0.5,0.51,1127.7,55.95,0.01,0.49,0.5,55.95,1127.7,0.01,0.505,0.495,0.047269,0.952731,66646.75
1774916171747,2026-03-31T00:16:11.747,btc-updown-15m-1774916100,1774917000,Up,88575036001923099357927134537191900875577654795416166353365157236150907905650,20185144917101351762095387621347858550182589456475538683864077906296334124849,0.5,0.51,1125.34,73.95,0.01,0.49,0.5,73.95,1125.34,0.01,0.505,0.495,0.061661,0.938339,66646.75
1774916172749,2026-03-31T00:16:12.749,btc-updown-15m-1774916100,1774917000,Up,88575036001923099357927134537191900875577654795416166353365157236150907905650,20185144917101351762095387621347858550182589456475538683864077906296334124849,0.5,0.51,1130.53,63.01,0.01,0.49,0.5,63.01,1130.53,0.01,0.505,0.495,0.052793,0.947207,66646.76
1774916173750,2026-03-31T00:16:13.750,btc-updown-15m-1774916100,1774917000,Up,88575036001923099357927134537191900875577654795416166353365157236150907905650,20185144917101351762095387621347858550182589456475538683864077906296334124849,0.5,0.51,1130.53,61.01,0.01,0.49,0.5,61.01,1130.53,0.01,0.505,0.495,0.051203,0.948797,66646.76
1774916174751,2026-03-31T00:16:14.751,btc-updown-15m-1774916100,1774917000,Up,88575036001923099357927134537191900875577654795416166353365157236150907905650,20185144917101351762095387621347858550182589456475538683864077906296334124849,0.5,0.51,167.0,482.85,0.01,0.49,0.5,482.85,167.0,0.01,0.505,0.495,0.743018,0.256982,66646.76
1774916175751,2026-03-31T00:16:15.751,btc-updown-15m-1774916100,1774917000,Up,88575036001923099357927134537191900875577654795416166353365157236150907905650,20185144917101351762095387621347858550182589456475538683864077906296334124849,0.5,0.51,31.06,519.57,0.01,0.49,0.5,519.57,31.06,0.01,0.505,0.495,0.943592,0.056408,66646.76
1774916176751,2026-03-31T00:16:16.751,btc-updown-15m-1774916100,1774917000,Up,88575036001923099357927134537191900875577654795416166353365157236150907905650,20185144917101351762095387621347858550182589456475538683864077906296334124849,0.5,0.51,31.06,519.57,0.01,0.49,0.5,519.57,31.06,0.01,0.505,0.495,0.943592,0.056408,66646.76
1774916177752,2026-03-31T00:16:17.752,btc-updown-15m-1774916100,1774917000,Up,88575036001923099357927134537191900875577654795416166353365157236150907905650,20185144917101351762095387621347858550182589456475538683864077906296334124849,0.49,0.51,403.85,367.34,0.02,0.49,0.51,367.34,403.85,0.02,0.5,0.5,0.476329,0.523671,66646.76
1774916178752,2026-03-31T00:16:18.752,btc-updown-15m-1774916100,1774917000,Up,88575036001923099357927134537191900875577654795416166353365157236150907905650,20185144917101351762095387621347858550182589456475538683864077906296334124849,0.49,0.5,255.9,405.14,0.01,0.5,0.51,405.14,255.9,0.01,0.495,0.505,0.612883,0.387117,66642.21
1774916179753,2026-03-31T00:16:19.753,btc-updown-15m-1774916100,1774917000,Up,88575036001923099357927134537191900875577654795416166353365157236150907905650,20185144917101351762095387621347858550182589456475538683864077906296334124849,0.49,0.5,110.88,383.14,0.01,0.5,0.51,383.14,110.88,0.01,0.495,0.505,0.775556,0.224444,66642.21
1774916180753,2026-03-31T00:16:20.753,btc-updown-15m-1774916100,1774917000,Up,88575036001923099357927134537191900875577654795416166353365157236150907905650,20185144917101351762095387621347858550182589456475538683864077906296334124849,0.49,0.5,110.88,383.14,0.01,0.5,0.51,383.14,110.88,0.01,0.495,0.505,0.775556,0.224444,66642.21
1774916181753,2026-03-31T00:16:21.753,btc-updown-15m-1774916100,1774917000,Up,88575036001923099357927134537191900875577654795416166353365157236150907905650,20185144917101351762095387621347858550182589456475538683864077906296334124849,0.49,0.5,115.88,358.14,0.01,0.5,0.51,358.14,115.88,0.01,0.495,0.505,0.755538,0.244462,66640.17
1774916182754,2026-03-31T00:16:22.754,btc-updown-15m-1774916100,1774917000,Up,88575036001923099357927134537191900875577654795416166353365157236150907905650,20185144917101351762095387621347858550182589456475538683864077906296334124849,0.49,0.5,408.61,42.77,0.01,0.5,0.51,42.77,408.61,0.01,0.495,0.505,0.094754,0.905246,66640.17
1774916183754,2026-03-31T00:16:23.754,btc-updown-15m-1774916100,1774917000,Up,88575036001923099357927134537191900875577654795416166353365157236150907905650,20185144917101351762095387621347858550182589456475538683864077906296334124849,0.49,0.5,384.21,37.77,0.01,0.5,0.51,37.77,384.21,0.01,0.495,0.505,0.089507,0.910493,66640.17
1774916184754,2026-03-31T00:16:24.754,btc-updown-15m-1774916100,1774917000,Up,88575036001923099357927134537191900875577654795416166353365157236150907905650,20185144917101351762095387621347858550182589456475538683864077906296334124849,0.48,0.5,554.21,273.43,0.02,0.5,0.52,273.43,554.21,0.02,0.49,0.51,0.330373,0.669627,66640.16
1774916185755,2026-03-31T00:16:25.755,btc-updown-15m-1774916100,1774917000,Up,88575036001923099357927134537191900875577654795416166353365157236150907905650,20185144917101351762095387621347858550182589456475538683864077906296334124849,0.48,0.49,1269.5,254.94,0.01,0.51,0.52,254.94,1269.5,0.01,0.485,0.515,0.167235,0.832765,66640.16
1774916186755,2026-03-31T00:16:26.755,btc-updown-15m-1774916100,1774917000,Up,88575036001923099357927134537191900875577654795416166353365157236150907905650,20185144917101351762095387621347858550182589456475538683864077906296334124849,0.48,0.49,1269.5,62.63,0.01,0.51,0.52,62.63,1269.5,0.01,0.485,0.515,0.047015,0.952985,66640.16
1774916187756,2026-03-31T00:16:27.756,btc-updown-15m-1774916100,1774917000,Up,88575036001923099357927134537191900875577654795416166353365157236150907905650,20185144917101351762095387621347858550182589456475538683864077906296334124849,0.47,0.48,45.0,191.68,0.01,0.52,0.53,191.68,45.0,0.01,0.475,0.525,0.80987,0.19013,66633.12
1774916188757,2026-03-31T00:16:28.757,btc-updown-15m-1774916100,1774917000,Up,88575036001923099357927134537191900875577654795416166353365157236150907905650,20185144917101351762095387621347858550182589456475538683864077906296334124849,0.47,0.48,1048.81,341.68,0.01,0.52,0.53,341.68,1048.81,0.01,0.475,0.525,0.245726,0.754274,66633.12
1774916189757,2026-03-31T00:16:29.757,btc-updown-15m-1774916100,1774917000,Up,88575036001923099357927134537191900875577654795416166353365157236150907905650,20185144917101351762095387621347858550182589456475538683864077906296334124849,0.47,0.48,1030.81,301.91,0.01,0.52,0.53,301.91,1030.81,0.01,0.475,0.525,0.226537,0.773463,66633.12
1774916190758,2026-03-31T00:16:30.758,btc-updown-15m-1774916100,1774917000,Up,88575036001923099357927134537191900875577654795416166353365157236150907905650,20185144917101351762095387621347858550182589456475538683864077906296334124849,0.49,0.5,14.52,155.5,0.01,0.5,0.51,155.5,14.52,0.01,0.495,0.505,0.914598,0.085402,66642.2
1774916191759,2026-03-31T00:16:31.759,btc-updown-15m-1774916100,1774917000,Up,88575036001923099357927134537191900875577654795416166353365157236150907905650,20185144917101351762095387621347858550182589456475538683864077906296334124849,0.48,0.49,447.9,255.25,0.01,0.51,0.52,255.25,447.9,0.01,0.485,0.515,0.363009,0.636991,66642.2
1774916192760,2026-03-31T00:16:32.760,btc-updown-15m-1774916100,1774917000,Up,88575036001923099357927134537191900875577654795416166353365157236150907905650,20185144917101351762095387621347858550182589456475538683864077906296334124849,0.48,0.49,102.85,440.25,0.01,0.51,0.52,440.25,102.85,0.01,0.485,0.515,0.810624,0.189376,66642.2
1774916193761,2026-03-31T00:16:33.761,btc-updown-15m-1774916100,1774917000,Up,88575036001923099357927134537191900875577654795416166353365157236150907905650,20185144917101351762095387621347858550182589456475538683864077906296334124849,0.48,0.49,1002.16,47.63,0.01,0.51,0.52,47.63,1002.16,0.01,0.485,0.515,0.045371,0.954629,66640.44
1774916194761,2026-03-31T00:16:34.761,btc-updown-15m-1774916100,1774917000,Up,88575036001923099357927134537191900875577654795416166353365157236150907905650,20185144917101351762095387621347858550182589456475538683864077906296334124849,0.48,0.49,991.16,6.0,0.01,0.51,0.52,6.0,991.16,0.01,0.485,0.515,0.006017,0.993983,66640.44
1774916195761,2026-03-31T00:16:35.761,btc-updown-15m-1774916100,1774917000,Up,88575036001923099357927134537191900875577654795416166353365157236150907905650,20185144917101351762095387621347858550182589456475538683864077906296334124849,0.48,0.49,985.16,3.11,0.01,0.51,0.52,3.11,985.16,0.01,0.485,0.515,0.003147,0.996853,66640.44
1774916196762,2026-03-31T00:16:36.762,btc-updown-15m-1774916100,1774917000,Up,88575036001923099357927134537191900875577654795416166353365157236150907905650,20185144917101351762095387621347858550182589456475538683864077906296334124849,0.48,0.49,79.66,417.61,0.01,0.51,0.52,417.61,79.66,0.01,0.485,0.515,0.839805,0.160195,66640.19
1774916197763,2026-03-31T00:16:37.763,btc-updown-15m-1774916100,1774917000,Up,88575036001923099357927134537191900875577654795416166353365157236150907905650,20185144917101351762095387621347858550182589456475538683864077906296334124849,0.48,0.49,11.66,610.09,0.01,0.51,0.52,610.09,11.66,0.01,0.485,0.515,0.981246,0.018754,66640.19
1774916198763,2026-03-31T00:16:38.763,btc-updown-15m-1774916100,1774917000,Up,88575036001923099357927134537191900875577654795416166353365157236150907905650,20185144917101351762095387621347858550182589456475538683864077906296334124849,0.48,0.5,117.85,571.09,0.02,0.5,0.52,571.09,117.85,0.02,0.49,0.51,0.82894,0.17106,66640.19
1774916199763,2026-03-31T00:16:39.763,btc-updown-15m-1774916100,1774917000,Up,88575036001923099357927134537191900875577654795416166353365157236150907905650,20185144917101351762095387621347858550182589456475538683864077906296334124849,0.49,0.5,144.0,294.82,0.01,0.5,0.51,294.82,144.0,0.01,0.495,0.505,0.671847,0.328153,66643.08
1774916200763,2026-03-31T00:16:40.763,btc-updown-15m-1774916100,1774917000,Up,88575036001923099357927134537191900875577654795416166353365157236150907905650,20185144917101351762095387621347858550182589456475538683864077906296334124849,0.49,0.5,112.0,324.83,0.01,0.5,0.51,324.83,112.0,0.01,0.495,0.505,0.743607,0.256393,66643.08
1774916201764,2026-03-31T00:16:41.764,btc-updown-15m-1774916100,1774917000,Up,88575036001923099357927134537191900875577654795416166353365157236150907905650,20185144917101351762095387621347858550182589456475538683864077906296334124849,0.53,0.54,18.32,123.5,0.01,0.46,0.47,123.5,18.32,0.01,0.535,0.465,0.870822,0.129178,66643.08
1774916202766,2026-03-31T00:16:42.766,btc-updown-15m-1774916100,1774917000,Up,88575036001923099357927134537191900875577654795416166353365157236150907905650,20185144917101351762095387621347858550182589456475538683864077906296334124849,0.53,0.54,1253.5,29.87,0.01,0.46,0.47,29.87,1253.5,0.01,0.535,0.465,0.023275,0.976725,66653.17
1774916203766,2026-03-31T00:16:43.766,btc-updown-15m-1774916100,1774917000,Up,88575036001923099357927134537191900875577654795416166353365157236150907905650,20185144917101351762095387621347858550182589456475538683864077906296334124849,0.53,0.54,977.5,33.92,0.01,0.46,0.47,33.92,977.5,0.01,0.535,0.465,0.033537,0.966463,66653.17
1774916204767,2026-03-31T00:16:44.767,btc-updown-15m-1774916100,1774917000,Up,88575036001923099357927134537191900875577654795416166353365157236150907905650,20185144917101351762095387621347858550182589456475538683864077906296334124849,0.53,0.54,977.5,33.92,0.01,0.46,0.47,33.92,977.5,0.01,0.535,0.465,0.033537,0.966463,66653.17
1774916205768,2026-03-31T00:16:45.768,btc-updown-15m-1774916100,1774917000,Up,88575036001923099357927134537191900875577654795416166353365157236150907905650,20185144917101351762095387621347858550182589456475538683864077906296334124849,0.47,0.48,238.0,81.41,0.01,0.52,0.53,93.91,165.0,0.01,0.475,0.525,0.254876,0.637287,66631.56
1774916206769,2026-03-31T00:16:46.769,btc-updown-15m-1774916100,1774917000,Up,88575036001923099357927134537191900875577654795416166353365157236150907905650,20185144917101351762095387621347858550182589456475538683864077906296334124849,0.45,0.47,439.13,74.89,0.02,0.53,0.55,74.89,439.13,0.02,0.46,0.54,0.145695,0.854305,66631.56
1774916207769,2026-03-31T00:16:47.769,btc-updown-15m-1774916100,1774917000,Up,88575036001923099357927134537191900875577654795416166353365157236150907905650,20185144917101351762095387621347858550182589456475538683864077906296334124849,0.43,0.44,1071.0,260.6,0.01,0.56,0.57,260.6,1071.0,0.01,0.435,0.565,0.195704,0.804296,66631.56
1774916208770,2026-03-31T00:16:48.770,btc-updown-15m-1774916100,1774917000,Up,88575036001923099357927134537191900875577654795416166353365157236150907905650,20185144917101351762095387621347858550182589456475538683864077906296334124849,0.43,0.44,1070.5,265.07,0.01,0.56,0.57,265.07,1070.5,0.01,0.435,0.565,0.19847,0.80153,66623.21
1774916209771,2026-03-31T00:16:49.771,btc-updown-15m-1774916100,1774917000,Up,88575036001923099357927134537191900875577654795416166353365157236150907905650,20185144917101351762095387621347858550182589456475538683864077906296334124849,0.43,0.44,1164.14,203.21,0.01,0.56,0.57,203.21,1164.14,0.01,0.435,0.565,0.148616,0.851384,66623.21
1774916210771,2026-03-31T00:16:50.771,btc-updown-15m-1774916100,1774917000,Up,88575036001923099357927134537191900875577654795416166353365157236150907905650,20185144917101351762095387621347858550182589456475538683864077906296334124849,0.43,0.44,1174.1,195.57,0.01,0.56,0.57,195.57,1174.1,0.01,0.435,0.565,0.142786,0.857214,66623.21
1774916211772,2026-03-31T00:16:51.772,btc-updown-15m-1774916100,1774917000,Up,88575036001923099357927134537191900875577654795416166353365157236150907905650,20185144917101351762095387621347858550182589456475538683864077906296334124849,0.43,0.44,1001.0,327.57,0.01,0.56,0.57,327.57,1001.0,0.01,0.435,0.565,0.246558,0.753442,66623.21
1774916212772,2026-03-31T00:16:52.772,btc-updown-15m-1774916100,1774917000,Up,88575036001923099357927134537191900875577654795416166353365157236150907905650,20185144917101351762095387621347858550182589456475538683864077906296334124849,0.43,0.44,1012.15,319.34,0.01,0.56,0.57,319.34,1012.15,0.01,0.435,0.565,0.239837,0.760163,66623.21
1774916213773,2026-03-31T00:16:53.773,btc-updown-15m-1774916100,1774917000,Up,88575036001923099357927134537191900875577654795416166353365157236150907905650,20185144917101351762095387621347858550182589456475538683864077906296334124849,0.43,0.44,1012.15,319.34,0.01,0.56,0.57,319.34,1012.15,0.01,0.435,0.565,0.239837,0.760163,66623.21
1774916214774,2026-03-31T00:16:54.774,btc-updown-15m-1774916100,1774917000,Up,88575036001923099357927134537191900875577654795416166353365157236150907905650,20185144917101351762095387621347858550182589456475538683864077906296334124849,0.43,0.44,1012.15,319.34,0.01,0.56,0.57,319.34,1012.15,0.01,0.435,0.565,0.239837,0.760163,66623.2
1774916215775,2026-03-31T00:16:55.775,btc-updown-15m-1774916100,1774917000,Up,88575036001923099357927134537191900875577654795416166353365157236150907905650,20185144917101351762095387621347858550182589456475538683864077906296334124849,0.43,0.44,1225.15,141.11,0.01,0.56,0.57,141.11,1225.15,0.01,0.435,0.565,0.103282,0.896718,66623.2
1774916216776,2026-03-31T00:16:56.776,btc-updown-15m-1774916100,1774917000,Up,88575036001923099357927134537191900875577654795416166353365157236150907905650,20185144917101351762095387621347858550182589456475538683864077906296334124849,0.44,0.45,64.0,161.42,0.01,0.55,0.56,161.42,64.0,0.01,0.445,0.555,0.716086,0.283914,66623.2
1774916217777,2026-03-31T00:16:57.777,btc-updown-15m-1774916100,1774917000,Up,88575036001923099357927134537191900875577654795416166353365157236150907905650,20185144917101351762095387621347858550182589456475538683864077906296334124849,0.44,0.45,93.88,144.83,0.01,0.55,0.56,144.83,93.88,0.01,0.445,0.555,0.606719,0.393281,66623.2
1774916218778,2026-03-31T00:16:58.778,btc-updown-15m-1774916100,1774917000,Up,88575036001923099357927134537191900875577654795416166353365157236150907905650,20185144917101351762095387621347858550182589456475538683864077906296334124849,0.43,0.44,132.31,150.69,0.01,0.56,0.57,150.69,132.31,0.01,0.435,0.565,0.532473,0.467527,66623.2
1774916219778,2026-03-31T00:16:59.778,btc-updown-15m-1774916100,1774917000,Up,88575036001923099357927134537191900875577654795416166353365157236150907905650,20185144917101351762095387621347858550182589456475538683864077906296334124849,0.43,0.44,254.31,135.27,0.01,0.56,0.57,135.27,254.31,0.01,0.435,0.565,0.34722,0.65278,66623.2
1774916220779,2026-03-31T00:17:00.779,btc-updown-15m-1774916100,1774917000,Up,88575036001923099357927134537191900875577654795416166353365157236150907905650,20185144917101351762095387621347858550182589456475538683864077906296334124849,0.43,0.44,8.0,622.09,0.01,0.56,0.57,622.09,8.0,0.01,0.435,0.565,0.987303,0.012697,66623.21
1774916221779,2026-03-31T00:17:01.779,btc-updown-15m-1774916100,1774917000,Up,88575036001923099357927134537191900875577654795416166353365157236150907905650,20185144917101351762095387621347858550182589456475538683864077906296334124849,0.43,0.44,1099.34,123.25,0.01,0.56,0.57,123.25,1099.34,0.01,0.435,0.565,0.100811,0.899189,66623.21
1774916222780,2026-03-31T00:17:02.780,btc-updown-15m-1774916100,1774917000,Up,88575036001923099357927134537191900875577654795416166353365157236150907905650,20185144917101351762095387621347858550182589456475538683864077906296334124849,0.43,0.44,1064.05,159.11,0.01,0.56,0.57,159.11,1064.05,0.01,0.435,0.565,0.130081,0.869919,66623.21
1774916223780,2026-03-31T00:17:03.780,btc-updown-15m-1774916100,1774917000,Up,88575036001923099357927134537191900875577654795416166353365157236150907905650,20185144917101351762095387621347858550182589456475538683864077906296334124849,0.42,0.43,215.29,62.75,0.01,0.57,0.58,62.75,215.29,0.01,0.425,0.575,0.225687,0.774313,66623.2
1774916224781,2026-03-31T00:17:04.781,btc-updown-15m-1774916100,1774917000,Up,88575036001923099357927134537191900875577654795416166353365157236150907905650,20185144917101351762095387621347858550182589456475538683864077906296334124849,0.41,0.42,129.85,101.93,0.01,0.58,0.59,101.93,129.85,0.01,0.415,0.585,0.43977,0.56023,66623.2
1774916225782,2026-03-31T00:17:05.782,btc-updown-15m-1774916100,1774917000,Up,88575036001923099357927134537191900875577654795416166353365157236150907905650,20185144917101351762095387621347858550182589456475538683864077906296334124849,0.41,0.42,73.35,63.97,0.01,0.58,0.59,63.97,73.35,0.01,0.415,0.585,0.465846,0.534154,66623.2
1774916226782,2026-03-31T00:17:06.782,btc-updown-15m-1774916100,1774917000,Up,88575036001923099357927134537191900875577654795416166353365157236150907905650,20185144917101351762095387621347858550182589456475538683864077906296334124849,0.41,0.42,1101.0,58.95,0.01,0.58,0.59,58.95,1101.0,0.01,0.415,0.585,0.050821,0.949179,66623.21
1774916227783,2026-03-31T00:17:07.783,btc-updown-15m-1774916100,1774917000,Up,88575036001923099357927134537191900875577654795416166353365157236150907905650,20185144917101351762095387621347858550182589456475538683864077906296334124849,0.4,0.41,1200.47,79.98,0.01,0.59,0.6,79.98,1200.47,0.01,0.405,0.595,0.062462,0.937538,66623.21
1774916228783,2026-03-31T00:17:08.783,btc-updown-15m-1774916100,1774917000,Up,88575036001923099357927134537191900875577654795416166353365157236150907905650,20185144917101351762095387621347858550182589456475538683864077906296334124849,0.33,0.34,42.18,182.83,0.01,0.66,0.67,182.83,42.18,0.01,0.335,0.665,0.812542,0.187458,66623.21
1774916229784,2026-03-31T00:17:09.784,btc-updown-15m-1774916100,1774917000,Up,88575036001923099357927134537191900875577654795416166353365157236150907905650,20185144917101351762095387621347858550182589456475538683864077906296334124849,0.32,0.33,115.78,117.74,0.01,0.67,0.68,106.01,131.0,0.01,0.325,0.675,0.504197,0.552719,66596.0
1774916230784,2026-03-31T00:17:10.784,btc-updown-15m-1774916100,1774917000,Up,88575036001923099357927134537191900875577654795416166353365157236150907905650,20185144917101351762095387621347858550182589456475538683864077906296334124849,0.32,0.33,114.5,31.9,0.01,0.67,0.68,31.9,114.5,0.01,0.325,0.675,0.217896,0.782104,66596.0
1774916231785,2026-03-31T00:17:11.785,btc-updown-15m-1774916100,1774917000,Up,88575036001923099357927134537191900875577654795416166353365157236150907905650,20185144917101351762095387621347858550182589456475538683864077906296334124849,0.32,0.33,86.05,7.77,0.01,0.67,0.68,7.77,86.05,0.01,0.325,0.675,0.082818,0.917182,66596.0
1774916232785,2026-03-31T00:17:12.785,btc-updown-15m-1774916100,1774917000,Up,88575036001923099357927134537191900875577654795416166353365157236150907905650,20185144917101351762095387621347858550182589456475538683864077906296334124849,0.35,0.37,38.0,131.0,0.02,0.63,0.65,131.0,38.0,0.02,0.36,0.64,0.775148,0.224852,66601.41
1774916233785,2026-03-31T00:17:13.785,btc-updown-15m-1774916100,1774917000,Up,88575036001923099357927134537191900875577654795416166353365157236150907905650,20185144917101351762095387621347858550182589456475538683864077906296334124849,0.37,0.38,60.59,67.97,0.01,0.62,0.63,67.97,60.59,0.01,0.375,0.625,0.528703,0.471297,66601.41
1774916234786,2026-03-31T00:17:14.786,btc-updown-15m-1774916100,1774917000,Up,88575036001923099357927134537191900875577654795416166353365157236150907905650,20185144917101351762095387621347858550182589456475538683864077906296334124849,0.37,0.38,227.67,91.48,0.01,0.62,0.63,91.48,227.67,0.01,0.375,0.625,0.286636,0.713364,66601.41
1774916235787,2026-03-31T00:17:15.787,btc-updown-15m-1774916100,1774917000,Up,88575036001923099357927134537191900875577654795416166353365157236150907905650,20185144917101351762095387621347858550182589456475538683864077906296334124849,0.36,0.38,1325.54,46.6,0.02,0.62,0.64,46.6,1325.54,0.02,0.37,0.63,0.033962,0.966038,66596.49
1774916236787,2026-03-31T00:17:16.787,btc-updown-15m-1774916100,1774917000,Up,88575036001923099357927134537191900875577654795416166353365157236150907905650,20185144917101351762095387621347858550182589456475538683864077906296334124849,0.31,0.34,1283.34,120.67,0.03,0.66,0.69,120.67,1283.34,0.03,0.325,0.675,0.085947,0.914053,66596.49
1774916237787,2026-03-31T00:17:17.787,btc-updown-15m-1774916100,1774917000,Up,88575036001923099357927134537191900875577654795416166353365157236150907905650,20185144917101351762095387621347858550182589456475538683864077906296334124849,0.31,0.32,99.0,3.15,0.01,0.68,0.69,3.15,99.0,0.01,0.315,0.685,0.030837,0.969163,66596.49
1774916238788,2026-03-31T00:17:18.788,btc-updown-15m-1774916100,1774917000,Up,88575036001923099357927134537191900875577654795416166353365157236150907905650,20185144917101351762095387621347858550182589456475538683864077906296334124849,0.31,0.32,39.0,262.44,0.01,0.68,0.69,262.44,39.0,0.01,0.315,0.685,0.870621,0.129379,66588.0
1774916239789,2026-03-31T00:17:19.789,btc-updown-15m-1774916100,1774917000,Up,88575036001923099357927134537191900875577654795416166353365157236150907905650,20185144917101351762095387621347858550182589456475538683864077906296334124849,0.31,0.32,42.76,1397.86,0.01,0.68,0.69,1397.86,42.76,0.01,0.315,0.685,0.970318,0.029682,66588.0
1774916240789,2026-03-31T00:17:20.789,btc-updown-15m-1774916100,1774917000,Up,88575036001923099357927134537191900875577654795416166353365157236150907905650,20185144917101351762095387621347858550182589456475538683864077906296334124849,0.34,0.35,8.2,684.74,0.01,0.65,0.66,673.74,8.2,0.01,0.345,0.655,0.988166,0.012025,66588.0
1774916241789,2026-03-31T00:17:21.789,btc-updown-15m-1774916100,1774917000,Up,88575036001923099357927134537191900875577654795416166353365157236150907905650,20185144917101351762095387621347858550182589456475538683864077906296334124849,0.36,0.37,12.5,135.1,0.01,0.63,0.64,135.1,12.5,0.01,0.365,0.635,0.915312,0.084688,66598.43
1774916242790,2026-03-31T00:17:22.790,btc-updown-15m-1774916100,1774917000,Up,88575036001923099357927134537191900875577654795416166353365157236150907905650,20185144917101351762095387621347858550182589456475538683864077906296334124849,0.37,0.38,295.79,11.65,0.01,0.62,0.63,57.65,295.79,0.01,0.375,0.625,0.037894,0.836889,66598.43
1774916243790,2026-03-31T00:17:23.790,btc-updown-15m-1774916100,1774917000,Up,88575036001923099357927134537191900875577654795416166353365157236150907905650,20185144917101351762095387621347858550182589456475538683864077906296334124849,0.32,0.33,123.0,159.79,0.01,0.67,0.68,159.79,123.0,0.01,0.325,0.675,0.565048,0.434952,66598.43
1774916244790,2026-03-31T00:17:24.790,btc-updown-15m-1774916100,1774917000,Up,88575036001923099357927134537191900875577654795416166353365157236150907905650,20185144917101351762095387621347858550182589456475538683864077906296334124849,0.33,0.34,114.06,103.5,0.01,0.66,0.67,103.5,114.06,0.01,0.335,0.665,0.475731,0.524269,66596.47
1774916245791,2026-03-31T00:17:25.791,btc-updown-15m-1774916100,1774917000,Up,88575036001923099357927134537191900875577654795416166353365157236150907905650,20185144917101351762095387621347858550182589456475538683864077906296334124849,0.33,0.34,10.0,364.92,0.01,0.66,0.67,364.92,10.0,0.01,0.335,0.665,0.973328,0.026672,66596.47
1774916246792,2026-03-31T00:17:26.792,btc-updown-15m-1774916100,1774917000,Up,88575036001923099357927134537191900875577654795416166353365157236150907905650,20185144917101351762095387621347858550182589456475538683864077906296334124849,0.35,0.36,29.17,1207.5,0.01,0.64,0.65,93.0,31.95,0.01,0.355,0.645,0.976412,0.255702,66596.47
1774916247792,2026-03-31T00:17:27.792,btc-updown-15m-1774916100,1774917000,Up,88575036001923099357927134537191900875577654795416166353365157236150907905650,20185144917101351762095387621347858550182589456475538683864077906296334124849,0.37,0.38,5.0,317.01,0.01,0.62,0.63,317.01,5.0,0.01,0.375,0.625,0.984473,0.015527,66605.06
1774916248793,2026-03-31T00:17:28.793,btc-updown-15m-1774916100,1774917000,Up,88575036001923099357927134537191900875577654795416166353365157236150907905650,20185144917101351762095387621347858550182589456475538683864077906296334124849,0.37,0.38,5.0,342.01,0.01,0.62,0.63,342.01,5.0,0.01,0.375,0.625,0.985591,0.014409,66605.06
1774916249793,2026-03-31T00:17:29.793,btc-updown-15m-1774916100,1774917000,Up,88575036001923099357927134537191900875577654795416166353365157236150907905650,20185144917101351762095387621347858550182589456475538683864077906296334124849,0.37,0.38,286.23,104.0,0.01,0.62,0.63,104.0,286.23,0.01,0.375,0.625,0.266509,0.733491,66605.06
1774916250794,2026-03-31T00:17:30.794,btc-updown-15m-1774916100,1774917000,Up,88575036001923099357927134537191900875577654795416166353365157236150907905650,20185144917101351762095387621347858550182589456475538683864077906296334124849,0.36,0.37,460.3,61.99,0.01,0.63,0.64,61.99,460.3,0.01,0.365,0.635,0.118689,0.881311,66600.4
1774916251794,2026-03-31T00:17:31.794,btc-updown-15m-1774916100,1774917000,Up,88575036001923099357927134537191900875577654795416166353365157236150907905650,20185144917101351762095387621347858550182589456475538683864077906296334124849,0.36,0.37,1267.39,30.86,0.01,0.63,0.64,30.86,1267.39,0.01,0.365,0.635,0.02377,0.97623,66600.4
1774916252795,2026-03-31T00:17:32.795,btc-updown-15m-1774916100,1774917000,Up,88575036001923099357927134537191900875577654795416166353365157236150907905650,20185144917101351762095387621347858550182589456475538683864077906296334124849,0.35,0.37,1264.21,96.6,0.02,0.63,0.65,96.6,1264.21,0.02,0.36,0.64,0.070987,0.929013,66600.4
1774916253796,2026-03-31T00:17:33.796,btc-updown-15m-1774916100,1774917000,Up,88575036001923099357927134537191900875577654795416166353365157236150907905650,20185144917101351762095387621347858550182589456475538683864077906296334124849,0.38,0.39,1.52,292.0,0.01,0.61,0.62,292.0,1.52,0.01,0.385,0.615,0.994821,0.005179,66609.65
1774916254797,2026-03-31T00:17:34.797,btc-updown-15m-1774916100,1774917000,Up,88575036001923099357927134537191900875577654795416166353365157236150907905650,20185144917101351762095387621347858550182589456475538683864077906296334124849,0.39,0.4,19.08,1379.27,0.01,0.6,0.61,1379.27,19.08,0.01,0.395,0.605,0.986355,0.013645,66609.65
1774916255797,2026-03-31T00:17:35.797,btc-updown-15m-1774916100,1774917000,Up,88575036001923099357927134537191900875577654795416166353365157236150907905650,20185144917101351762095387621347858550182589456475538683864077906296334124849,0.39,0.4,134.53,157.95,0.01,0.6,0.61,157.95,134.53,0.01,0.395,0.605,0.540037,0.459963,66609.65
1774916256797,2026-03-31T00:17:36.797,btc-updown-15m-1774916100,1774917000,Up,88575036001923099357927134537191900875577654795416166353365157236150907905650,20185144917101351762095387621347858550182589456475538683864077906296334124849,0.4,0.41,1295.72,26.4,0.01,0.59,0.6,85.0,1107.43,0.01,0.405,0.595,0.019968,0.928717,66609.65
1774916257798,2026-03-31T00:17:37.798,btc-updown-15m-1774916100,1774917000,Up,88575036001923099357927134537191900875577654795416166353365157236150907905650,20185144917101351762095387621347858550182589456475538683864077906296334124849,0.39,0.4,1293.97,54.88,0.01,0.6,0.61,54.88,1293.97,0.01,0.395,0.605,0.040687,0.959313,66609.65
1774916258799,2026-03-31T00:17:38.799,btc-updown-15m-1774916100,1774917000,Up,88575036001923099357927134537191900875577654795416166353365157236150907905650,20185144917101351762095387621347858550182589456475538683864077906296334124849,0.35,0.36,916.66,24.16,0.01,0.64,0.65,24.16,916.66,0.01,0.355,0.645,0.02568,0.97432,66609.65
1774916259799,2026-03-31T00:17:39.799,btc-updown-15m-1774916100,1774917000,Up,88575036001923099357927134537191900875577654795416166353365157236150907905650,20185144917101351762095387621347858550182589456475538683864077906296334124849,0.34,0.35,952.28,70.63,0.01,0.65,0.66,70.63,952.28,0.01,0.345,0.655,0.069048,0.930952,66605.06
1774916260799,2026-03-31T00:17:40.799,btc-updown-15m-1774916100,1774917000,Up,88575036001923099357927134537191900875577654795416166353365157236150907905650,20185144917101351762095387621347858550182589456475538683864077906296334124849,0.33,0.34,190.05,165.5,0.01,0.66,0.67,165.5,190.05,0.01,0.335,0.665,0.465476,0.534524,66605.06
1774916261799,2026-03-31T00:17:41.799,btc-updown-15m-1774916100,1774917000,Up,88575036001923099357927134537191900875577654795416166353365157236150907905650,20185144917101351762095387621347858550182589456475538683864077906296334124849,0.36,0.37,208.88,82.78,0.01,0.63,0.64,82.78,208.88,0.01,0.365,0.635,0.283824,0.716176,66605.06
1774916262800,2026-03-31T00:17:42.800,btc-updown-15m-1774916100,1774917000,Up,88575036001923099357927134537191900875577654795416166353365157236150907905650,20185144917101351762095387621347858550182589456475538683864077906296334124849,0.35,0.36,69.23,81.5,0.01,0.64,0.65,81.5,69.23,0.01,0.355,0.645,0.540702,0.459298,66605.05
1774916263801,2026-03-31T00:17:43.801,btc-updown-15m-1774916100,1774917000,Up,88575036001923099357927134537191900875577654795416166353365157236150907905650,20185144917101351762095387621347858550182589456475538683864077906296334124849,0.35,0.36,51.23,81.5,0.01,0.64,0.65,81.5,51.23,0.01,0.355,0.645,0.614028,0.385972,66605.05
1774916264802,2026-03-31T00:17:44.802,btc-updown-15m-1774916100,1774917000,Up,88575036001923099357927134537191900875577654795416166353365157236150907905650,20185144917101351762095387621347858550182589456475538683864077906296334124849,0.34,0.35,92.0,76.5,0.01,0.65,0.66,76.5,92.0,0.01,0.345,0.655,0.454006,0.545994,66605.05
1774916265803,2026-03-31T00:17:45.803,btc-updown-15m-1774916100,1774917000,Up,88575036001923099357927134537191900875577654795416166353365157236150907905650,20185144917101351762095387621347858550182589456475538683864077906296334124849,0.34,0.35,3.0,233.72,0.01,0.65,0.66,233.72,3.0,0.01,0.345,0.655,0.987327,0.012673,66605.06
1774916266804,2026-03-31T00:17:46.804,btc-updown-15m-1774916100,1774917000,Up,88575036001923099357927134537191900875577654795416166353365157236150907905650,20185144917101351762095387621347858550182589456475538683864077906296334124849,0.36,0.37,1249.12,47.32,0.01,0.63,0.64,47.32,1249.12,0.01,0.365,0.635,0.0365,0.9635,66605.06
1774916267805,2026-03-31T00:17:47.805,btc-updown-15m-1774916100,1774917000,Up,88575036001923099357927134537191900875577654795416166353365157236150907905650,20185144917101351762095387621347858550182589456475538683864077906296334124849,0.36,0.37,1103.12,30.37,0.01,0.63,0.64,30.37,1103.12,0.01,0.365,0.635,0.026793,0.973207,66605.06
1774916268806,2026-03-31T00:17:48.806,btc-updown-15m-1774916100,1774917000,Up,88575036001923099357927134537191900875577654795416166353365157236150907905650,20185144917101351762095387621347858550182589456475538683864077906296334124849,0.36,0.37,1085.12,25.37,0.01,0.63,0.64,25.37,1085.12,0.01,0.365,0.635,0.022846,0.977154,66605.06
1774916269807,2026-03-31T00:17:49.807,btc-updown-15m-1774916100,1774917000,Up,88575036001923099357927134537191900875577654795416166353365157236150907905650,20185144917101351762095387621347858550182589456475538683864077906296334124849,0.36,0.37,1060.28,20.37,0.01,0.63,0.64,20.37,1060.28,0.01,0.365,0.635,0.01885,0.98115,66605.06
1774916270807,2026-03-31T00:17:50.807,btc-updown-15m-1774916100,1774917000,Up,88575036001923099357927134537191900875577654795416166353365157236150907905650,20185144917101351762095387621347858550182589456475538683864077906296334124849,0.36,0.37,1042.28,15.44,0.01,0.63,0.64,15.44,1042.28,0.01,0.365,0.635,0.014597,0.985403,66605.06
1774916271807,2026-03-31T00:17:51.807,btc-updown-15m-1774916100,1774917000,Up,88575036001923099357927134537191900875577654795416166353365157236150907905650,20185144917101351762095387621347858550182589456475538683864077906296334124849,0.36,0.37,1024.28,3.79,0.01,0.63,0.64,3.79,1024.28,0.01,0.365,0.635,0.003687,0.996313,66605.06
1774916272809,2026-03-31T00:17:52.809,btc-updown-15m-1774916100,1774917000,Up,88575036001923099357927134537191900875577654795416166353365157236150907905650,20185144917101351762095387621347858550182589456475538683864077906296334124849,0.35,0.37,1038.72,295.79,0.02,0.63,0.65,295.79,1038.72,0.02,0.36,0.64,0.221647,0.778353,66605.06
1774916273809,2026-03-31T00:17:53.809,btc-updown-15m-1774916100,1774917000,Up,88575036001923099357927134537191900875577654795416166353365157236150907905650,20185144917101351762095387621347858550182589456475538683864077906296334124849,0.35,0.37,1043.72,278.72,0.02,0.63,0.65,278.72,1043.72,0.02,0.36,0.64,0.210762,0.789238,66605.06
1774916274811,2026-03-31T00:17:54.811,btc-updown-15m-1774916100,1774917000,Up,88575036001923099357927134537191900875577654795416166353365157236150907905650,20185144917101351762095387621347858550182589456475538683864077906296334124849,0.35,0.36,30.0,286.22,0.01,0.64,0.65,286.22,30.0,0.01,0.355,0.645,0.905129,0.094871,66605.05
1774916275811,2026-03-31T00:17:55.811,btc-updown-15m-1774916100,1774917000,Up,88575036001923099357927134537191900875577654795416166353365157236150907905650,20185144917101351762095387621347858550182589456475538683864077906296334124849,0.36,0.37,931.17,25.0,0.01,0.63,0.64,25.0,931.17,0.01,0.365,0.635,0.026146,0.973854,66605.05
1774916276812,2026-03-31T00:17:56.812,btc-updown-15m-1774916100,1774917000,Up,88575036001923099357927134537191900875577654795416166353365157236150907905650,20185144917101351762095387621347858550182589456475538683864077906296334124849,0.36,0.37,918.17,10.54,0.01,0.63,0.64,10.54,918.17,0.01,0.365,0.635,0.011349,0.988651,66605.05
1774916277812,2026-03-31T00:17:57.812,btc-updown-15m-1774916100,1774917000,Up,88575036001923099357927134537191900875577654795416166353365157236150907905650,20185144917101351762095387621347858550182589456475538683864077906296334124849,0.36,0.38,1376.88,43.88,0.02,0.62,0.64,43.88,1376.88,0.02,0.37,0.63,0.030885,0.969115,66605.05
1774916278812,2026-03-31T00:17:58.812,btc-updown-15m-1774916100,1774917000,Up,88575036001923099357927134537191900875577654795416166353365157236150907905650,20185144917101351762095387621347858550182589456475538683864077906296334124849,0.3,0.32,97.0,4.14,0.02,0.68,0.7,4.14,97.0,0.02,0.31,0.69,0.040933,0.959067,66605.05
1774916279813,2026-03-31T00:17:59.813,btc-updown-15m-1774916100,1774917000,Up,88575036001923099357927134537191900875577654795416166353365157236150907905650,20185144917101351762095387621347858550182589456475538683864077906296334124849,0.29,0.3,73.69,73.67,0.01,0.7,0.71,73.67,73.69,0.01,0.295,0.705,0.499932,0.500068,66605.05
1774916280814,2026-03-31T00:18:00.814,btc-updown-15m-1774916100,1774917000,Up,88575036001923099357927134537191900875577654795416166353365157236150907905650,20185144917101351762095387621347858550182589456475538683864077906296334124849,0.3,0.31,5.0,480.5,0.01,0.69,0.7,480.5,5.0,0.01,0.305,0.695,0.989701,0.010299,66589.25
1774916281814,2026-03-31T00:18:01.814,btc-updown-15m-1774916100,1774917000,Up,88575036001923099357927134537191900875577654795416166353365157236150907905650,20185144917101351762095387621347858550182589456475538683864077906296334124849,0.32,0.33,32.0,219.5,0.01,0.67,0.68,219.5,32.0,0.01,0.325,0.675,0.872763,0.127237,66589.25
1774916282815,2026-03-31T00:18:02.815,btc-updown-15m-1774916100,1774917000,Up,88575036001923099357927134537191900875577654795416166353365157236150907905650,20185144917101351762095387621347858550182589456475538683864077906296334124849,0.32,0.33,424.49,168.73,0.01,0.67,0.68,168.73,424.49,0.01,0.325,0.675,0.284431,0.715569,66589.25
1774916283815,2026-03-31T00:18:03.815,btc-updown-15m-1774916100,1774917000,Up,88575036001923099357927134537191900875577654795416166353365157236150907905650,20185144917101351762095387621347858550182589456475538683864077906296334124849,0.25,0.27,10.0,12.7,0.02,0.73,0.75,12.7,10.0,0.02,0.26,0.74,0.559471,0.440529,66564.24
1774916284815,2026-03-31T00:18:04.815,btc-updown-15m-1774916100,1774917000,Up,88575036001923099357927134537191900875577654795416166353365157236150907905650,20185144917101351762095387621347858550182589456475538683864077906296334124849,0.23,0.24,20.43,109.62,0.01,0.76,0.78,1374.16,22.39,0.02,0.235,0.77,0.842907,0.016032,66564.24
1774916285815,2026-03-31T00:18:05.815,btc-updown-15m-1774916100,1774917000,Up,88575036001923099357927134537191900875577654795416166353365157236150907905650,20185144917101351762095387621347858550182589456475538683864077906296334124849,0.23,0.24,8.74,166.25,0.01,0.76,0.77,166.25,8.74,0.01,0.235,0.765,0.950054,0.049946,66564.24
1774916286817,2026-03-31T00:18:06.817,btc-updown-15m-1774916100,1774917000,Up,88575036001923099357927134537191900875577654795416166353365157236150907905650,20185144917101351762095387621347858550182589456475538683864077906296334124849,0.24,0.25,343.08,103.26,0.01,0.75,0.76,103.26,343.08,0.01,0.245,0.755,0.231348,0.768652,66564.25
1774916287817,2026-03-31T00:18:07.817,btc-updown-15m-1774916100,1774917000,Up,88575036001923099357927134537191900875577654795416166353365157236150907905650,20185144917101351762095387621347858550182589456475538683864077906296334124849,0.24,0.27,977.5,345.75,0.03,0.73,0.76,345.75,977.5,0.03,0.255,0.745,0.261288,0.738712,66564.25
1774916288818,2026-03-31T00:18:08.818,btc-updown-15m-1774916100,1774917000,Up,88575036001923099357927134537191900875577654795416166353365157236150907905650,20185144917101351762095387621347858550182589456475538683864077906296334124849,0.27,0.28,394.87,96.5,0.01,0.72,0.73,96.5,394.87,0.01,0.275,0.725,0.19639,0.80361,66564.25
1774916289819,2026-03-31T00:18:09.819,btc-updown-15m-1774916100,1774917000,Up,88575036001923099357927134537191900875577654795416166353365157236150907905650,20185144917101351762095387621347858550182589456475538683864077906296334124849,0.22,0.23,571.83,14.54,0.01,0.77,0.78,14.54,571.83,0.01,0.225,0.775,0.024797,0.975203,66554.92
1774916290819,2026-03-31T00:18:10.819,btc-updown-15m-1774916100,1774917000,Up,88575036001923099357927134537191900875577654795416166353365157236150907905650,20185144917101351762095387621347858550182589456475538683864077906296334124849,0.22,0.23,37.5,17.5,0.01,0.77,0.78,17.5,37.5,0.01,0.225,0.775,0.318182,0.681818,66554.92
1774916291820,2026-03-31T00:18:11.820,btc-updown-15m-1774916100,1774917000,Up,88575036001923099357927134537191900875577654795416166353365157236150907905650,20185144917101351762095387621347858550182589456475538683864077906296334124849,0.23,0.24,1366.5,3.69,0.01,0.76,0.77,3.69,1366.5,0.01,0.235,0.765,0.002693,0.997307,66554.92
1774916292821,2026-03-31T00:18:12.821,btc-updown-15m-1774916100,1774917000,Up,88575036001923099357927134537191900875577654795416166353365157236150907905650,20185144917101351762095387621347858550182589456475538683864077906296334124849,0.22,0.24,1303.0,75.06,0.02,0.77,0.78,74.53,4.5,0.01,0.23,0.775,0.054468,0.05694,66554.08
1774916293822,2026-03-31T00:18:13.822,btc-updown-15m-1774916100,1774917000,Up,88575036001923099357927134537191900875577654795416166353365157236150907905650,20185144917101351762095387621347858550182589456475538683864077906296334124849,0.22,0.24,1313.0,88.64,0.02,0.76,0.78,88.64,1313.0,0.02,0.23,0.77,0.06324,0.93676,66554.08
1774916294822,2026-03-31T00:18:14.822,btc-updown-15m-1774916100,1774917000,Up,88575036001923099357927134537191900875577654795416166353365157236150907905650,20185144917101351762095387621347858550182589456475538683864077906296334124849,0.22,0.23,4.32,97.24,0.01,0.77,0.78,97.24,4.32,0.01,0.225,0.775,0.957464,0.042536,66554.08
1774916295822,2026-03-31T00:18:15.822,btc-updown-15m-1774916100,1774917000,Up,88575036001923099357927134537191900875577654795416166353365157236150907905650,20185144917101351762095387621347858550182589456475538683864077906296334124849,0.23,0.24,1273.25,35.89,0.01,0.76,0.77,35.89,1273.25,0.01,0.235,0.765,0.027415,0.972585,66554.08
1774916296823,2026-03-31T00:18:16.823,btc-updown-15m-1774916100,1774917000,Up,88575036001923099357927134537191900875577654795416166353365157236150907905650,20185144917101351762095387621347858550182589456475538683864077906296334124849,0.23,0.24,1298.79,46.6,0.01,0.76,0.77,46.6,1298.79,0.01,0.235,0.765,0.034637,0.965363,66554.08
1774916297823,2026-03-31T00:18:17.823,btc-updown-15m-1774916100,1774917000,Up,88575036001923099357927134537191900875577654795416166353365157236150907905650,20185144917101351762095387621347858550182589456475538683864077906296334124849,0.23,0.24,1298.01,41.6,0.01,0.76,0.77,41.6,1298.01,0.01,0.235,0.765,0.031054,0.968946,66554.08
1774916298824,2026-03-31T00:18:18.824,btc-updown-15m-1774916100,1774917000,Up,88575036001923099357927134537191900875577654795416166353365157236150907905650,20185144917101351762095387621347858550182589456475538683864077906296334124849,0.23,0.24,1363.37,9.41,0.01,0.76,0.77,9.41,1363.37,0.01,0.235,0.765,0.006855,0.993145,66548.79
1774916299825,2026-03-31T00:18:19.825,btc-updown-15m-1774916100,1774917000,Up,88575036001923099357927134537191900875577654795416166353365157236150907905650,20185144917101351762095387621347858550182589456475538683864077906296334124849,0.22,0.23,128.19,110.69,0.01,0.77,0.78,110.69,128.19,0.01,0.225,0.775,0.463371,0.536629,66548.79
1774916300826,2026-03-31T00:18:20.826,btc-updown-15m-1774916100,1774917000,Up,88575036001923099357927134537191900875577654795416166353365157236150907905650,20185144917101351762095387621347858550182589456475538683864077906296334124849,0.21,0.23,1170.27,609.75,0.02,0.77,0.78,26.29,1151.19,0.01,0.22,0.775,0.342552,0.977673,66548.79
1774916301826,2026-03-31T00:18:21.826,btc-updown-15m-1774916100,1774917000,Up,88575036001923099357927134537191900875577654795416166353365157236150907905650,20185144917101351762095387621347858550182589456475538683864077906296334124849,0.21,0.22,1031.69,310.75,0.01,0.78,0.79,310.75,1031.69,0.01,0.215,0.785,0.231481,0.768519,66544.87
1774916302827,2026-03-31T00:18:22.827,btc-updown-15m-1774916100,1774917000,Up,88575036001923099357927134537191900875577654795416166353365157236150907905650,20185144917101351762095387621347858550182589456475538683864077906296334124849,0.21,0.22,21.0,856.94,0.01,0.78,0.79,856.94,26.0,0.01,0.215,0.785,0.97608,0.029447,66544.87
1774916303827,2026-03-31T00:18:23.827,btc-updown-15m-1774916100,1774917000,Up,88575036001923099357927134537191900875577654795416166353365157236150907905650,20185144917101351762095387621347858550182589456475538683864077906296334124849,0.22,0.23,155.17,93.33,0.01,0.77,0.78,96.58,114.17,0.01,0.225,0.775,0.375573,0.541732,66544.87
1774916304828,2026-03-31T00:18:24.828,btc-updown-15m-1774916100,1774917000,Up,88575036001923099357927134537191900875577654795416166353365157236150907905650,20185144917101351762095387621347858550182589456475538683864077906296334124849,0.2,0.21,105.8,452.68,0.01,0.79,0.8,452.68,105.8,0.01,0.205,0.795,0.810557,0.189443,66549.53
1774916305828,2026-03-31T00:18:25.828,btc-updown-15m-1774916100,1774917000,Up,88575036001923099357927134537191900875577654795416166353365157236150907905650,20185144917101351762095387621347858550182589456475538683864077906296334124849,0.21,0.22,131.0,0.49,0.01,0.78,0.79,0.49,131.0,0.01,0.215,0.785,0.003727,0.996273,66549.53
1774916306829,2026-03-31T00:18:26.829,btc-updown-15m-1774916100,1774917000,Up,88575036001923099357927134537191900875577654795416166353365157236150907905650,20185144917101351762095387621347858550182589456475538683864077906296334124849,0.21,0.22,43.33,12.85,0.01,0.78,0.79,12.85,43.33,0.01,0.215,0.785,0.228729,0.771271,66549.53
1774916307830,2026-03-31T00:18:27.830,btc-updown-15m-1774916100,1774917000,Up,88575036001923099357927134537191900875577654795416166353365157236150907905650,20185144917101351762095387621347858550182589456475538683864077906296334124849,0.21,0.22,69.85,235.33,0.01,0.78,0.79,235.33,69.85,0.01,0.215,0.785,0.771119,0.228881,66549.52
1774916308831,2026-03-31T00:18:28.831,btc-updown-15m-1774916100,1774917000,Up,88575036001923099357927134537191900875577654795416166353365157236150907905650,20185144917101351762095387621347858550182589456475538683864077906296334124849,0.21,0.22,63.85,235.33,0.01,0.78,0.79,235.33,63.85,0.01,0.215,0.785,0.786583,0.213417,66549.52
1774916309831,2026-03-31T00:18:29.831,btc-updown-15m-1774916100,1774917000,Up,88575036001923099357927134537191900875577654795416166353365157236150907905650,20185144917101351762095387621347858550182589456475538683864077906296334124849,0.19,0.2,89.0,106.5,0.01,0.8,0.81,106.5,89.0,0.01,0.195,0.805,0.544757,0.455243,66549.52
1774916310832,2026-03-31T00:18:30.832,btc-updown-15m-1774916100,1774917000,Up,88575036001923099357927134537191900875577654795416166353365157236150907905650,20185144917101351762095387621347858550182589456475538683864077906296334124849,0.21,0.22,460.6,63.84,0.01,0.78,0.79,63.84,460.6,0.01,0.215,0.785,0.12173,0.87827,66545.45
1774916311833,2026-03-31T00:18:31.833,btc-updown-15m-1774916100,1774917000,Up,88575036001923099357927134537191900875577654795416166353365157236150907905650,20185144917101351762095387621347858550182589456475538683864077906296334124849,0.21,0.22,1257.86,29.32,0.01,0.78,0.79,29.32,1257.86,0.01,0.215,0.785,0.022778,0.977222,66545.45
1774916312834,2026-03-31T00:18:32.834,btc-updown-15m-1774916100,1774917000,Up,88575036001923099357927134537191900875577654795416166353365157236150907905650,20185144917101351762095387621347858550182589456475538683864077906296334124849,0.2,0.22,1286.36,153.26,0.02,0.78,0.8,153.26,1286.36,0.02,0.21,0.79,0.106459,0.893541,66545.45
1774916313835,2026-03-31T00:18:33.835,btc-updown-15m-1774916100,1774917000,Up,88575036001923099357927134537191900875577654795416166353365157236150907905650,20185144917101351762095387621347858550182589456475538683864077906296334124849,0.2,0.22,113.06,1421.81,0.02,0.78,0.8,1421.81,113.06,0.02,0.21,0.79,0.926339,0.073661,66545.45
1774916314836,2026-03-31T00:18:34.836,btc-updown-15m-1774916100,1774917000,Up,88575036001923099357927134537191900875577654795416166353365157236150907905650,20185144917101351762095387621347858550182589456475538683864077906296334124849,0.21,0.22,125.86,105.0,0.01,0.78,0.79,105.0,125.86,0.01,0.215,0.785,0.454821,0.545179,66545.45
1774916315837,2026-03-31T00:18:35.837,btc-updown-15m-1774916100,1774917000,Up,88575036001923099357927134537191900875577654795416166353365157236150907905650,20185144917101351762095387621347858550182589456475538683864077906296334124849,0.21,0.22,51.25,610.69,0.01,0.78,0.79,610.69,51.25,0.01,0.215,0.785,0.922576,0.077424,66545.45
1774916316838,2026-03-31T00:18:36.838,btc-updown-15m-1774916100,1774917000,Up,88575036001923099357927134537191900875577654795416166353365157236150907905650,20185144917101351762095387621347858550182589456475538683864077906296334124849,0.22,0.23,1.5,474.58,0.01,0.77,0.78,474.58,1.5,0.01,0.225,0.775,0.996849,0.003151,66551.2
1774916317839,2026-03-31T00:18:37.839,btc-updown-15m-1774916100,1774917000,Up,88575036001923099357927134537191900875577654795416166353365157236150907905650,20185144917101351762095387621347858550182589456475538683864077906296334124849,0.22,0.23,59.03,308.58,0.01,0.77,0.78,308.58,59.03,0.01,0.225,0.775,0.839422,0.160578,66551.2
1774916318840,2026-03-31T00:18:38.840,btc-updown-15m-1774916100,1774917000,Up,88575036001923099357927134537191900875577654795416166353365157236150907905650,20185144917101351762095387621347858550182589456475538683864077906296334124849,0.22,0.23,74.03,283.65,0.01,0.77,0.78,283.65,74.03,0.01,0.225,0.775,0.793027,0.206973,66551.2
1774916319841,2026-03-31T00:18:39.841,btc-updown-15m-1774916100,1774917000,Up,88575036001923099357927134537191900875577654795416166353365157236150907905650,20185144917101351762095387621347858550182589456475538683864077906296334124849,0.22,0.24,222.63,241.24,0.02,0.76,0.78,241.24,222.63,0.02,0.23,0.77,0.520059,0.479941,66551.2
1774916320842,2026-03-31T00:18:40.842,btc-updown-15m-1774916100,1774917000,Up,88575036001923099357927134537191900875577654795416166353365157236150907905650,20185144917101351762095387621347858550182589456475538683864077906296334124849,0.22,0.23,5.0,140.17,0.01,0.77,0.78,140.17,5.0,0.01,0.225,0.775,0.965558,0.034442,66551.2
1774916321842,2026-03-31T00:18:41.842,btc-updown-15m-1774916100,1774917000,Up,88575036001923099357927134537191900875577654795416166353365157236150907905650,20185144917101351762095387621347858550182589456475538683864077906296334124849,0.22,0.23,25.0,183.55,0.01,0.77,0.78,183.55,25.0,0.01,0.225,0.775,0.880125,0.119875,66551.2
1774916322844,2026-03-31T00:18:42.844,btc-updown-15m-1774916100,1774917000,Up,88575036001923099357927134537191900875577654795416166353365157236150907905650,20185144917101351762095387621347858550182589456475538683864077906296334124849,0.22,0.23,25.0,28.26,0.01,0.77,0.78,28.26,25.0,0.01,0.225,0.775,0.530605,0.469395,66551.19
1774916323844,2026-03-31T00:18:43.844,btc-updown-15m-1774916100,1774917000,Up,88575036001923099357927134537191900875577654795416166353365157236150907905650,20185144917101351762095387621347858550182589456475538683864077906296334124849,0.22,0.23,25.0,83.0,0.01,0.77,0.78,83.0,25.0,0.01,0.225,0.775,0.768519,0.231481,66551.19
1774916324845,2026-03-31T00:18:44.845,btc-updown-15m-1774916100,1774917000,Up,88575036001923099357927134537191900875577654795416166353365157236150907905650,20185144917101351762095387621347858550182589456475538683864077906296334124849,0.24,0.25,257.89,119.57,0.01,0.75,0.76,144.57,257.89,0.01,0.245,0.755,0.316775,0.640784,66551.19
1774916325846,2026-03-31T00:18:45.846,btc-updown-15m-1774916100,1774917000,Up,88575036001923099357927134537191900875577654795416166353365157236150907905650,20185144917101351762095387621347858550182589456475538683864077906296334124849,0.24,0.25,303.9,83.0,0.01,0.75,0.76,83.0,303.9,0.01,0.245,0.755,0.214526,0.785474,66558.72
1774916326846,2026-03-31T00:18:46.846,btc-updown-15m-1774916100,1774917000,Up,88575036001923099357927134537191900875577654795416166353365157236150907905650,20185144917101351762095387621347858550182589456475538683864077906296334124849,0.24,0.25,233.31,76.53,0.01,0.75,0.76,76.53,233.31,0.01,0.245,0.755,0.246998,0.753002,66558.72
1774916327847,2026-03-31T00:18:47.847,btc-updown-15m-1774916100,1774917000,Up,88575036001923099357927134537191900875577654795416166353365157236150907905650,20185144917101351762095387621347858550182589456475538683864077906296334124849,0.24,0.25,421.06,92.25,0.01,0.75,0.76,92.25,421.06,0.01,0.245,0.755,0.179716,0.820284,66558.72
1774916328849,2026-03-31T00:18:48.849,btc-updown-15m-1774916100,1774917000,Up,88575036001923099357927134537191900875577654795416166353365157236150907905650,20185144917101351762095387621347858550182589456475538683864077906296334124849,0.24,0.25,421.06,92.25,0.01,0.75,0.76,92.25,421.06,0.01,0.245,0.755,0.179716,0.820284,66558.71
1774916329849,2026-03-31T00:18:49.849,btc-updown-15m-1774916100,1774917000,Up,88575036001923099357927134537191900875577654795416166353365157236150907905650,20185144917101351762095387621347858550182589456475538683864077906296334124849,0.24,0.26,79.0,162.72,0.02,0.74,0.76,162.72,79.0,0.02,0.25,0.75,0.673176,0.326824,66558.71
1774916330850,2026-03-31T00:18:50.850,btc-updown-15m-1774916100,1774917000,Up,88575036001923099357927134537191900875577654795416166353365157236150907905650,20185144917101351762095387621347858550182589456475538683864077906296334124849,0.25,0.26,1336.43,30.06,0.01,0.74,0.75,30.06,1336.43,0.01,0.255,0.745,0.021998,0.978002,66558.71
1774916331852,2026-03-31T00:18:51.852,btc-updown-15m-1774916100,1774917000,Up,88575036001923099357927134537191900875577654795416166353365157236150907905650,20185144917101351762095387621347858550182589456475538683864077906296334124849,0.25,0.26,1351.43,22.06,0.01,0.74,0.75,22.06,1351.43,0.01,0.255,0.745,0.016061,0.983939,66565.34
1774916332852,2026-03-31T00:18:52.852,btc-updown-15m-1774916100,1774917000,Up,88575036001923099357927134537191900875577654795416166353365157236150907905650,20185144917101351762095387621347858550182589456475538683864077906296334124849,0.24,0.25,215.99,31.72,0.01,0.75,0.76,31.72,215.99,0.01,0.245,0.755,0.128053,0.871947,66565.34
1774916333852,2026-03-31T00:18:53.852,btc-updown-15m-1774916100,1774917000,Up,88575036001923099357927134537191900875577654795416166353365157236150907905650,20185144917101351762095387621347858550182589456475538683864077906296334124849,0.23,0.25,416.65,107.0,0.02,0.75,0.77,107.0,416.65,0.02,0.24,0.76,0.204335,0.795665,66565.34
1774916334853,2026-03-31T00:18:54.853,btc-updown-15m-1774916100,1774917000,Up,88575036001923099357927134537191900875577654795416166353365157236150907905650,20185144917101351762095387621347858550182589456475538683864077906296334124849,0.23,0.24,1113.0,44.51,0.01,0.76,0.77,44.51,1113.0,0.01,0.235,0.765,0.038453,0.961547,66560.68
1774916335854,2026-03-31T00:18:55.854,btc-updown-15m-1774916100,1774917000,Up,88575036001923099357927134537191900875577654795416166353365157236150907905650,20185144917101351762095387621347858550182589456475538683864077906296334124849,0.23,0.24,1123.18,47.51,0.01,0.76,0.77,47.51,1123.18,0.01,0.235,0.765,0.040583,0.959417,66560.68
1774916336855,2026-03-31T00:18:56.855,btc-updown-15m-1774916100,1774917000,Up,88575036001923099357927134537191900875577654795416166353365157236150907905650,20185144917101351762095387621347858550182589456475538683864077906296334124849,0.22,0.23,70.77,68.67,0.01,0.77,0.78,68.67,70.77,0.01,0.225,0.775,0.49247,0.50753,66560.68
1774916337856,2026-03-31T00:18:57.856,btc-updown-15m-1774916100,1774917000,Up,88575036001923099357927134537191900875577654795416166353365157236150907905650,20185144917101351762095387621347858550182589456475538683864077906296334124849,0.22,0.23,70.77,68.67,0.01,0.77,0.78,68.67,70.77,0.01,0.225,0.775,0.49247,0.50753,66560.48
1774916338857,2026-03-31T00:18:58.857,btc-updown-15m-1774916100,1774917000,Up,88575036001923099357927134537191900875577654795416166353365157236150907905650,20185144917101351762095387621347858550182589456475538683864077906296334124849,0.24,0.26,115.0,26.9,0.02,0.74,0.76,32.9,115.0,0.02,0.25,0.75,0.18957,0.777552,66560.48
1774916339858,2026-03-31T00:18:59.858,btc-updown-15m-1774916100,1774917000,Up,88575036001923099357927134537191900875577654795416166353365157236150907905650,20185144917101351762095387621347858550182589456475538683864077906296334124849,0.26,0.27,10.0,173.27,0.01,0.73,0.74,173.27,10.0,0.01,0.265,0.735,0.945436,0.054564,66560.48
1774916340859,2026-03-31T00:19:00.859,btc-updown-15m-1774916100,1774917000,Up,88575036001923099357927134537191900875577654795416166353365157236150907905650,20185144917101351762095387621347858550182589456475538683864077906296334124849,0.26,0.27,30.0,295.8,0.01,0.73,0.74,295.8,30.0,0.01,0.265,0.735,0.907919,0.092081,66573.35
1774916341860,2026-03-31T00:19:01.860,btc-updown-15m-1774916100,1774917000,Up,88575036001923099357927134537191900875577654795416166353365157236150907905650,20185144917101351762095387621347858550182589456475538683864077906296334124849,0.26,0.27,67.47,97.14,0.01,0.73,0.74,97.14,67.47,0.01,0.265,0.735,0.590122,0.409878,66573.35
1774916342861,2026-03-31T00:19:02.861,btc-updown-15m-1774916100,1774917000,Up,88575036001923099357927134537191900875577654795416166353365157236150907905650,20185144917101351762095387621347858550182589456475538683864077906296334124849,0.26,0.27,50.0,72.03,0.01,0.73,0.74,72.03,50.0,0.01,0.265,0.735,0.590265,0.409735,66573.35
1774916343862,2026-03-31T00:19:03.862,btc-updown-15m-1774916100,1774917000,Up,88575036001923099357927134537191900875577654795416166353365157236150907905650,20185144917101351762095387621347858550182589456475538683864077906296334124849,0.26,0.27,50.0,298.03,0.01,0.73,0.74,298.03,50.0,0.01,0.265,0.735,0.856334,0.143666,66573.36
1774916344863,2026-03-31T00:19:04.863,btc-updown-15m-1774916100,1774917000,Up,88575036001923099357927134537191900875577654795416166353365157236150907905650,20185144917101351762095387621347858550182589456475538683864077906296334124849,0.26,0.27,141.23,208.03,0.01,0.73,0.74,208.03,141.23,0.01,0.265,0.735,0.595631,0.404369,66573.36
1774916345864,2026-03-31T00:19:05.864,btc-updown-15m-1774916100,1774917000,Up,88575036001923099357927134537191900875577654795416166353365157236150907905650,20185144917101351762095387621347858550182589456475538683864077906296334124849,0.26,0.27,222.83,215.03,0.01,0.73,0.74,215.03,222.83,0.01,0.265,0.735,0.491093,0.508907,66573.36
1774916346864,2026-03-31T00:19:06.864,btc-updown-15m-1774916100,1774917000,Up,88575036001923099357927134537191900875577654795416166353365157236150907905650,20185144917101351762095387621347858550182589456475538683864077906296334124849,0.26,0.27,227.83,204.03,0.01,0.73,0.74,204.03,227.83,0.01,0.265,0.735,0.472445,0.527555,66574.19
1774916347865,2026-03-31T00:19:07.865,btc-updown-15m-1774916100,1774917000,Up,88575036001923099357927134537191900875577654795416166353365157236150907905650,20185144917101351762095387621347858550182589456475538683864077906296334124849,0.26,0.27,1450.33,89.79,0.01,0.73,0.74,89.79,1450.33,0.01,0.265,0.735,0.058301,0.941699,66574.19
1774916348865,2026-03-31T00:19:08.865,btc-updown-15m-1774916100,1774917000,Up,88575036001923099357927134537191900875577654795416166353365157236150907905650,20185144917101351762095387621347858550182589456475538683864077906296334124849,0.26,0.27,1459.12,73.98,0.01,0.73,0.74,73.98,1459.12,0.01,0.265,0.735,0.048255,0.951745,66574.19
1774916349865,2026-03-31T00:19:09.865,btc-updown-15m-1774916100,1774917000,Up,88575036001923099357927134537191900875577654795416166353365157236150907905650,20185144917101351762095387621347858550182589456475538683864077906296334124849,0.25,0.26,16.15,56.0,0.01,0.74,0.75,56.0,16.15,0.01,0.255,0.745,0.776161,0.223839,66574.19
1774916350866,2026-03-31T00:19:10.866,btc-updown-15m-1774916100,1774917000,Up,88575036001923099357927134537191900875577654795416166353365157236150907905650,20185144917101351762095387621347858550182589456475538683864077906296334124849,0.23,0.24,1350.07,28.7,0.01,0.76,0.77,28.7,1350.07,0.01,0.235,0.765,0.020816,0.979184,66574.19
1774916351866,2026-03-31T00:19:11.866,btc-updown-15m-1774916100,1774917000,Up,88575036001923099357927134537191900875577654795416166353365157236150907905650,20185144917101351762095387621347858550182589456475538683864077906296334124849,0.23,0.24,1337.92,27.7,0.01,0.76,0.77,27.7,1337.92,0.01,0.235,0.765,0.020284,0.979716,66574.19
1774916352867,2026-03-31T00:19:12.867,btc-updown-15m-1774916100,1774917000,Up,88575036001923099357927134537191900875577654795416166353365157236150907905650,20185144917101351762095387621347858550182589456475538683864077906296334124849,0.23,0.24,337.78,182.0,0.01,0.76,0.77,182.0,337.78,0.01,0.235,0.765,0.350148,0.649852,66569.82
1774916353868,2026-03-31T00:19:13.868,btc-updown-15m-1774916100,1774917000,Up,88575036001923099357927134537191900875577654795416166353365157236150907905650,20185144917101351762095387621347858550182589456475538683864077906296334124849,0.23,0.24,337.78,182.0,0.01,0.76,0.77,182.0,337.78,0.01,0.235,0.765,0.350148,0.649852,66569.82
1774916354869,2026-03-31T00:19:14.869,btc-updown-15m-1774916100,1774917000,Up,88575036001923099357927134537191900875577654795416166353365157236150907905650,20185144917101351762095387621347858550182589456475538683864077906296334124849,0.23,0.24,1303.24,8.0,0.01,0.76,0.77,8.0,1303.24,0.01,0.235,0.765,0.006101,0.993899,66569.82
1774916355869,2026-03-31T00:19:15.869,btc-updown-15m-1774916100,1774917000,Up,88575036001923099357927134537191900875577654795416166353365157236150907905650,20185144917101351762095387621347858550182589456475538683864077906296334124849,0.22,0.24,1322.24,304.36,0.02,0.76,0.78,304.36,1322.24,0.02,0.23,0.77,0.187114,0.812886,66569.82
1774916356870,2026-03-31T00:19:16.870,btc-updown-15m-1774916100,1774917000,Up,88575036001923099357927134537191900875577654795416166353365157236150907905650,20185144917101351762095387621347858550182589456475538683864077906296334124849,0.22,0.23,281.66,225.0,0.01,0.77,0.78,225.0,281.66,0.01,0.225,0.775,0.444085,0.555915,66569.82
1774916357870,2026-03-31T00:19:17.870,btc-updown-15m-1774916100,1774917000,Up,88575036001923099357927134537191900875577654795416166353365157236150907905650,20185144917101351762095387621347858550182589456475538683864077906296334124849,0.22,0.23,281.66,225.0,0.01,0.77,0.78,225.0,281.66,0.01,0.225,0.775,0.444085,0.555915,66569.82
1774916358871,2026-03-31T00:19:18.871,btc-updown-15m-1774916100,1774917000,Up,88575036001923099357927134537191900875577654795416166353365157236150907905650,20185144917101351762095387621347858550182589456475538683864077906296334124849,0.22,0.23,1547.15,21.0,0.01,0.77,0.78,21.0,1547.15,0.01,0.225,0.775,0.013392,0.986608,66568.0
1774916359872,2026-03-31T00:19:19.872,btc-updown-15m-1774916100,1774917000,Up,88575036001923099357927134537191900875577654795416166353365157236150907905650,20185144917101351762095387621347858550182589456475538683864077906296334124849,0.22,0.23,1547.15,21.0,0.01,0.77,0.78,21.0,1547.15,0.01,0.225,0.775,0.013392,0.986608,66568.0
1774916360872,2026-03-31T00:19:20.872,btc-updown-15m-1774916100,1774917000,Up,88575036001923099357927134537191900875577654795416166353365157236150907905650,20185144917101351762095387621347858550182589456475538683864077906296334124849,0.22,0.23,1547.15,21.0,0.01,0.77,0.78,21.0,1547.15,0.01,0.225,0.775,0.013392,0.986608,66568.0
1774916361872,2026-03-31T00:19:21.872,btc-updown-15m-1774916100,1774917000,Up,88575036001923099357927134537191900875577654795416166353365157236150907905650,20185144917101351762095387621347858550182589456475538683864077906296334124849,0.22,0.23,134.96,645.0,0.01,0.77,0.78,645.0,134.96,0.01,0.225,0.775,0.826965,0.173035,66566.7
1774916362873,2026-03-31T00:19:22.873,btc-updown-15m-1774916100,1774917000,Up,88575036001923099357927134537191900875577654795416166353365157236150907905650,20185144917101351762095387621347858550182589456475538683864077906296334124849,0.22,0.23,156.22,284.0,0.01,0.77,0.78,284.0,156.22,0.01,0.225,0.775,0.645132,0.354868,66566.7
1774916363873,2026-03-31T00:19:23.873,btc-updown-15m-1774916100,1774917000,Up,88575036001923099357927134537191900875577654795416166353365157236150907905650,20185144917101351762095387621347858550182589456475538683864077906296334124849,0.21,0.23,370.59,91.0,0.02,0.77,0.79,91.0,370.59,0.02,0.22,0.78,0.197145,0.802855,66566.7
1774916364874,2026-03-31T00:19:24.874,btc-updown-15m-1774916100,1774917000,Up,88575036001923099357927134537191900875577654795416166353365157236150907905650,20185144917101351762095387621347858550182589456475538683864077906296334124849,0.21,0.22,114.0,1334.0,0.01,0.78,0.79,1334.0,114.0,0.01,0.215,0.785,0.921271,0.078729,66566.7
1774916365874,2026-03-31T00:19:25.874,btc-updown-15m-1774916100,1774917000,Up,88575036001923099357927134537191900875577654795416166353365157236150907905650,20185144917101351762095387621347858550182589456475538683864077906296334124849,0.21,0.22,114.0,1334.0,0.01,0.78,0.79,1334.0,114.0,0.01,0.215,0.785,0.921271,0.078729,66566.7
1774916366874,2026-03-31T00:19:26.874,btc-updown-15m-1774916100,1774917000,Up,88575036001923099357927134537191900875577654795416166353365157236150907905650,20185144917101351762095387621347858550182589456475538683864077906296334124849,0.2,0.21,201.6,128.36,0.01,0.79,0.8,128.36,201.6,0.01,0.205,0.795,0.389017,0.610983,66566.7
1774916367875,2026-03-31T00:19:27.875,btc-updown-15m-1774916100,1774917000,Up,88575036001923099357927134537191900875577654795416166353365157236150907905650,20185144917101351762095387621347858550182589456475538683864077906296334124849,0.2,0.21,201.6,1323.49,0.01,0.79,0.8,1323.49,201.6,0.01,0.205,0.795,0.867811,0.132189,66566.7
1774916368875,2026-03-31T00:19:28.875,btc-updown-15m-1774916100,1774917000,Up,88575036001923099357927134537191900875577654795416166353365157236150907905650,20185144917101351762095387621347858550182589456475538683864077906296334124849,0.2,0.21,201.6,1323.49,0.01,0.79,0.8,1323.49,201.6,0.01,0.205,0.795,0.867811,0.132189,66566.7
1774916369876,2026-03-31T00:19:29.876,btc-updown-15m-1774916100,1774917000,Up,88575036001923099357927134537191900875577654795416166353365157236150907905650,20185144917101351762095387621347858550182589456475538683864077906296334124849,0.19,0.2,443.55,93.7,0.01,0.8,0.81,93.7,443.55,0.01,0.195,0.805,0.174407,0.825593,66566.7
1774916370876,2026-03-31T00:19:30.876,btc-updown-15m-1774916100,1774917000,Up,88575036001923099357927134537191900875577654795416166353365157236150907905650,20185144917101351762095387621347858550182589456475538683864077906296334124849,0.25,0.26,46.89,449.0,0.01,0.74,0.75,449.0,46.89,0.01,0.255,0.745,0.905443,0.094557,66587.15
1774916371877,2026-03-31T00:19:31.877,btc-updown-15m-1774916100,1774917000,Up,88575036001923099357927134537191900875577654795416166353365157236150907905650,20185144917101351762095387621347858550182589456475538683864077906296334124849,0.25,0.26,45.69,1485.47,0.01,0.74,0.75,1485.47,45.69,0.01,0.255,0.745,0.97016,0.02984,66587.15
1774916372878,2026-03-31T00:19:32.878,btc-updown-15m-1774916100,1774917000,Up,88575036001923099357927134537191900875577654795416166353365157236150907905650,20185144917101351762095387621347858550182589456475538683864077906296334124849,0.26,0.27,261.0,425.0,0.01,0.73,0.74,425.0,261.0,0.01,0.265,0.735,0.619534,0.380466,66587.15
1774916373878,2026-03-31T00:19:33.878,btc-updown-15m-1774916100,1774917000,Up,88575036001923099357927134537191900875577654795416166353365157236150907905650,20185144917101351762095387621347858550182589456475538683864077906296334124849,0.25,0.26,40.0,1201.5,0.01,0.74,0.75,1201.5,40.0,0.01,0.255,0.745,0.967781,0.032219,66587.16
1774916374879,2026-03-31T00:19:34.879,btc-updown-15m-1774916100,1774917000,Up,88575036001923099357927134537191900875577654795416166353365157236150907905650,20185144917101351762095387621347858550182589456475538683864077906296334124849,0.26,0.27,355.72,52.04,0.01,0.73,0.74,52.04,355.72,0.01,0.265,0.735,0.127624,0.872376,66587.16
1774916375879,2026-03-31T00:19:35.879,btc-updown-15m-1774916100,1774917000,Up,88575036001923099357927134537191900875577654795416166353365157236150907905650,20185144917101351762095387621347858550182589456475538683864077906296334124849,0.26,0.28,41.23,1253.83,0.02,0.72,0.74,1253.83,41.23,0.02,0.27,0.73,0.968164,0.031836,66587.16
1774916376879,2026-03-31T00:19:36.879,btc-updown-15m-1774916100,1774917000,Up,88575036001923099357927134537191900875577654795416166353365157236150907905650,20185144917101351762095387621347858550182589456475538683864077906296334124849,0.28,0.29,243.0,1188.0,0.01,0.71,0.72,1188.0,243.0,0.01,0.285,0.715,0.830189,0.169811,66595.09
1774916377880,2026-03-31T00:19:37.880,btc-updown-15m-1774916100,1774917000,Up,88575036001923099357927134537191900875577654795416166353365157236150907905650,20185144917101351762095387621347858550182589456475538683864077906296334124849,0.29,0.3,70.66,1121.8,0.01,0.7,0.71,1121.8,70.66,0.01,0.295,0.705,0.940744,0.059256,66595.09
1774916378881,2026-03-31T00:19:38.881,btc-updown-15m-1774916100,1774917000,Up,88575036001923099357927134537191900875577654795416166353365157236150907905650,20185144917101351762095387621347858550182589456475538683864077906296334124849,0.29,0.3,135.41,892.0,0.01,0.7,0.71,892.0,135.41,0.01,0.295,0.705,0.868203,0.131797,66595.09
1774916379882,2026-03-31T00:19:39.882,btc-updown-15m-1774916100,1774917000,Up,88575036001923099357927134537191900875577654795416166353365157236150907905650,20185144917101351762095387621347858550182589456475538683864077906296334124849,0.29,0.3,170.41,866.0,0.01,0.7,0.71,866.0,170.41,0.01,0.295,0.705,0.835577,0.164423,66595.45
1774916380882,2026-03-31T00:19:40.882,btc-updown-15m-1774916100,1774917000,Up,88575036001923099357927134537191900875577654795416166353365157236150907905650,20185144917101351762095387621347858550182589456475538683864077906296334124849,0.29,0.3,170.41,951.37,0.01,0.7,0.71,951.37,170.41,0.01,0.295,0.705,0.84809,0.15191,66595.45
1774916381883,2026-03-31T00:19:41.883,btc-updown-15m-1774916100,1774917000,Up,88575036001923099357927134537191900875577654795416166353365157236150907905650,20185144917101351762095387621347858550182589456475538683864077906296334124849,0.29,0.3,170.41,812.35,0.01,0.7,0.71,812.35,170.41,0.01,0.295,0.705,0.826601,0.173399,66595.45
1774916382883,2026-03-31T00:19:42.883,btc-updown-15m-1774916100,1774917000,Up,88575036001923099357927134537191900875577654795416166353365157236150907905650,20185144917101351762095387621347858550182589456475538683864077906296334124849,0.28,0.29,427.43,9.0,0.01,0.71,0.72,9.0,427.43,0.01,0.285,0.715,0.020622,0.979378,66596.0
1774916383884,2026-03-31T00:19:43.884,btc-updown-15m-1774916100,1774917000,Up,88575036001923099357927134537191900875577654795416166353365157236150907905650,20185144917101351762095387621347858550182589456475538683864077906296334124849,0.28,0.29,437.57,16.0,0.01,0.71,0.72,16.0,437.57,0.01,0.285,0.715,0.035276,0.964724,66596.0
1774916384886,2026-03-31T00:19:44.886,btc-updown-15m-1774916100,1774917000,Up,88575036001923099357927134537191900875577654795416166353365157236150907905650,20185144917101351762095387621347858550182589456475538683864077906296334124849,0.29,0.3,59.17,49.0,0.01,0.7,0.71,49.0,59.17,0.01,0.295,0.705,0.452991,0.547009,66596.0
1774916385886,2026-03-31T00:19:45.886,btc-updown-15m-1774916100,1774917000,Up,88575036001923099357927134537191900875577654795416166353365157236150907905650,20185144917101351762095387621347858550182589456475538683864077906296334124849,0.29,0.3,55.0,61.37,0.01,0.7,0.71,61.37,55.0,0.01,0.295,0.705,0.52737,0.47263,66596.0
1774916386887,2026-03-31T00:19:46.887,btc-updown-15m-1774916100,1774917000,Up,88575036001923099357927134537191900875577654795416166353365157236150907905650,20185144917101351762095387621347858550182589456475538683864077906296334124849,0.28,0.29,7.82,849.86,0.01,0.71,0.72,849.86,7.82,0.01,0.285,0.715,0.990882,0.009118,66596.0
1774916387887,2026-03-31T00:19:47.887,btc-updown-15m-1774916100,1774917000,Up,88575036001923099357927134537191900875577654795416166353365157236150907905650,20185144917101351762095387621347858550182589456475538683864077906296334124849,0.28,0.29,4.37,818.86,0.01,0.71,0.72,818.86,4.37,0.01,0.285,0.715,0.994692,0.005308,66596.0
1774916388889,2026-03-31T00:19:48.889,btc-updown-15m-1774916100,1774917000,Up,88575036001923099357927134537191900875577654795416166353365157236150907905650,20185144917101351762095387621347858550182589456475538683864077906296334124849,0.3,0.31,17.36,1198.36,0.01,0.69,0.7,1198.36,17.36,0.01,0.305,0.695,0.98572,0.01428,66600.0
1774916389890,2026-03-31T00:19:49.890,btc-updown-15m-1774916100,1774917000,Up,88575036001923099357927134537191900875577654795416166353365157236150907905650,20185144917101351762095387621347858550182589456475538683864077906296334124849,0.3,0.32,77.89,1116.57,0.02,0.68,0.7,1116.57,77.89,0.02,0.31,0.69,0.934791,0.065209,66600.0
1774916390890,2026-03-31T00:19:50.890,btc-updown-15m-1774916100,1774917000,Up,88575036001923099357927134537191900875577654795416166353365157236150907905650,20185144917101351762095387621347858550182589456475538683864077906296334124849,0.31,0.32,92.89,1004.65,0.01,0.68,0.69,1004.65,92.89,0.01,0.315,0.685,0.915365,0.084635,66600.0
1774916391891,2026-03-31T00:19:51.891,btc-updown-15m-1774916100,1774917000,Up,88575036001923099357927134537191900875577654795416166353365157236150907905650,20185144917101351762095387621347858550182589456475538683864077906296334124849,0.29,0.3,47.76,60.0,0.01,0.7,0.71,60.0,47.76,0.01,0.295,0.705,0.556793,0.443207,66596.93
1774916392891,2026-03-31T00:19:52.891,btc-updown-15m-1774916100,1774917000,Up,88575036001923099357927134537191900875577654795416166353365157236150907905650,20185144917101351762095387621347858550182589456475538683864077906296334124849,0.27,0.28,30.55,130.0,0.01,0.72,0.73,130.0,30.55,0.01,0.275,0.725,0.809717,0.190283,66596.93
1774916393891,2026-03-31T00:19:53.891,btc-updown-15m-1774916100,1774917000,Up,88575036001923099357927134537191900875577654795416166353365157236150907905650,20185144917101351762095387621347858550182589456475538683864077906296334124849,0.27,0.28,30.55,130.0,0.01,0.72,0.73,130.0,30.55,0.01,0.275,0.725,0.809717,0.190283,66596.93
1774916394892,2026-03-31T00:19:54.892,btc-updown-15m-1774916100,1774917000,Up,88575036001923099357927134537191900875577654795416166353365157236150907905650,20185144917101351762095387621347858550182589456475538683864077906296334124849,0.27,0.28,138.28,40.0,0.01,0.72,0.73,40.0,138.28,0.01,0.275,0.725,0.224366,0.775634,66596.94
1774916395892,2026-03-31T00:19:55.892,btc-updown-15m-1774916100,1774917000,Up,88575036001923099357927134537191900875577654795416166353365157236150907905650,20185144917101351762095387621347858550182589456475538683864077906296334124849,0.28,0.29,492.28,81.12,0.01,0.71,0.72,81.12,492.28,0.01,0.285,0.715,0.141472,0.858528,66596.94
1774916396892,2026-03-31T00:19:56.892,btc-updown-15m-1774916100,1774917000,Up,88575036001923099357927134537191900875577654795416166353365157236150907905650,20185144917101351762095387621347858550182589456475538683864077906296334124849,0.28,0.29,528.15,68.12,0.01,0.71,0.72,68.12,528.15,0.01,0.285,0.715,0.114244,0.885756,66596.94
1774916397893,2026-03-31T00:19:57.893,btc-updown-15m-1774916100,1774917000,Up,88575036001923099357927134537191900875577654795416166353365157236150907905650,20185144917101351762095387621347858550182589456475538683864077906296334124849,0.28,0.29,461.52,296.12,0.01,0.71,0.72,296.12,461.52,0.01,0.285,0.715,0.390845,0.609155,66600.0
1774916398893,2026-03-31T00:19:58.893,btc-updown-15m-1774916100,1774917000,Up,88575036001923099357927134537191900875577654795416166353365157236150907905650,20185144917101351762095387621347858550182589456475538683864077906296334124849,0.28,0.29,431.1,296.12,0.01,0.71,0.72,296.12,431.1,0.01,0.285,0.715,0.407195,0.592805,66600.0
1774916399894,2026-03-31T00:19:59.894,btc-updown-15m-1774916100,1774917000,Up,88575036001923099357927134537191900875577654795416166353365157236150907905650,20185144917101351762095387621347858550182589456475538683864077906296334124849,0.28,0.29,368.28,338.12,0.01,0.71,0.72,338.12,368.28,0.01,0.285,0.715,0.478652,0.521348,66600.0
1774916400894,2026-03-31T00:20:00.894,btc-updown-15m-1774916100,1774917000,Up,88575036001923099357927134537191900875577654795416166353365157236150907905650,20185144917101351762095387621347858550182589456475538683864077906296334124849,0.33,0.34,57.43,473.94,0.01,0.66,0.67,473.94,57.43,0.01,0.335,0.665,0.891921,0.108079,66639.29
1774916401895,2026-03-31T00:20:01.895,btc-updown-15m-1774916100,1774917000,Up,88575036001923099357927134537191900875577654795416166353365157236150907905650,20185144917101351762095387621347858550182589456475538683864077906296334124849,0.44,0.45,127.5,52.0,0.01,0.55,0.56,52.0,127.5,0.01,0.445,0.555,0.289694,0.710306,66639.29
1774916402895,2026-03-31T00:20:02.895,btc-updown-15m-1774916100,1774917000,Up,88575036001923099357927134537191900875577654795416166353365157236150907905650,20185144917101351762095387621347858550182589456475538683864077906296334124849,0.46,0.47,114.81,77.0,0.01,0.53,0.54,77.0,114.81,0.01,0.465,0.535,0.401439,0.598561,66639.29
1774916403896,2026-03-31T00:20:03.896,btc-updown-15m-1774916100,1774917000,Up,88575036001923099357927134537191900875577654795416166353365157236150907905650,20185144917101351762095387621347858550182589456475538683864077906296334124849,0.48,0.49,0.76,104.04,0.01,0.51,0.52,104.04,0.76,0.01,0.485,0.515,0.992748,0.007252,66653.17
1774916404897,2026-03-31T00:20:04.897,btc-updown-15m-1774916100,1774917000,Up,88575036001923099357927134537191900875577654795416166353365157236150907905650,20185144917101351762095387621347858550182589456475538683864077906296334124849,0.48,0.49,34.14,106.46,0.01,0.51,0.52,106.46,34.14,0.01,0.485,0.515,0.757183,0.242817,66653.17
1774916405898,2026-03-31T00:20:05.898,btc-updown-15m-1774916100,1774917000,Up,88575036001923099357927134537191900875577654795416166353365157236150907905650,20185144917101351762095387621347858550182589456475538683864077906296334124849,0.49,0.5,200.75,34.08,0.01,0.5,0.51,35.63,205.25,0.01,0.495,0.505,0.145126,0.852084,66653.17
1774916406899,2026-03-31T00:20:06.899,btc-updown-15m-1774916100,1774917000,Up,88575036001923099357927134537191900875577654795416166353365157236150907905650,20185144917101351762095387621347858550182589456475538683864077906296334124849,0.47,0.49,312.26,132.4,0.02,0.51,0.53,132.4,312.26,0.02,0.48,0.52,0.297756,0.702244,66653.17
1774916407899,2026-03-31T00:20:07.899,btc-updown-15m-1774916100,1774917000,Up,88575036001923099357927134537191900875577654795416166353365157236150907905650,20185144917101351762095387621347858550182589456475538683864077906296334124849,0.47,0.49,162.77,86.4,0.02,0.51,0.53,86.4,162.77,0.02,0.48,0.52,0.346751,0.653249,66653.17
1774916408900,2026-03-31T00:20:08.900,btc-updown-15m-1774916100,1774917000,Up,88575036001923099357927134537191900875577654795416166353365157236150907905650,20185144917101351762095387621347858550182589456475538683864077906296334124849,0.45,0.46,10.0,40.0,0.01,0.54,0.55,40.0,10.0,0.01,0.455,0.545,0.8,0.2,66653.17
1774916409901,2026-03-31T00:20:09.901,btc-updown-15m-1774916100,1774917000,Up,88575036001923099357927134537191900875577654795416166353365157236150907905650,20185144917101351762095387621347858550182589456475538683864077906296334124849,0.43,0.44,238.27,93.74,0.01,0.56,0.57,93.74,238.27,0.01,0.435,0.565,0.282341,0.717659,66648.8
1774916410901,2026-03-31T00:20:10.901,btc-updown-15m-1774916100,1774917000,Up,88575036001923099357927134537191900875577654795416166353365157236150907905650,20185144917101351762095387621347858550182589456475538683864077906296334124849,0.43,0.44,339.25,59.81,0.01,0.56,0.57,59.81,339.25,0.01,0.435,0.565,0.149877,0.850123,66648.8
1774916411902,2026-03-31T00:20:11.902,btc-updown-15m-1774916100,1774917000,Up,88575036001923099357927134537191900875577654795416166353365157236150907905650,20185144917101351762095387621347858550182589456475538683864077906296334124849,0.43,0.44,247.75,829.81,0.01,0.56,0.57,829.81,247.75,0.01,0.435,0.565,0.770082,0.229918,66648.8
1774916412902,2026-03-31T00:20:12.902,btc-updown-15m-1774916100,1774917000,Up,88575036001923099357927134537191900875577654795416166353365157236150907905650,20185144917101351762095387621347858550182589456475538683864077906296334124849,0.43,0.44,65.75,1074.41,0.01,0.56,0.57,1074.41,65.75,0.01,0.435,0.565,0.942333,0.057667,66648.79
1774916413903,2026-03-31T00:20:13.903,btc-updown-15m-1774916100,1774917000,Up,88575036001923099357927134537191900875577654795416166353365157236150907905650,20185144917101351762095387621347858550182589456475538683864077906296334124849,0.43,0.44,728.89,1072.38,0.01,0.56,0.57,1072.38,728.89,0.01,0.435,0.565,0.595347,0.404653,66648.79
1774916414903,2026-03-31T00:20:14.903,btc-updown-15m-1774916100,1774917000,Up,88575036001923099357927134537191900875577654795416166353365157236150907905650,20185144917101351762095387621347858550182589456475538683864077906296334124849,0.41,0.42,51.4,10.3,0.01,0.58,0.59,10.3,51.4,0.01,0.415,0.585,0.166937,0.833063,66648.79
1774916415903,2026-03-31T00:20:15.903,btc-updown-15m-1774916100,1774917000,Up,88575036001923099357927134537191900875577654795416166353365157236150907905650,20185144917101351762095387621347858550182589456475538683864077906296334124849,0.34,0.36,12.72,1155.09,0.02,0.64,0.66,1155.09,12.72,0.02,0.35,0.65,0.989108,0.010892,66627.61
1774916416904,2026-03-31T00:20:16.904,btc-updown-15m-1774916100,1774917000,Up,88575036001923099357927134537191900875577654795416166353365157236150907905650,20185144917101351762095387621347858550182589456475538683864077906296334124849,0.37,0.38,71.84,40.0,0.01,0.62,0.63,40.0,71.84,0.01,0.375,0.625,0.357654,0.642346,66627.61
1774916417906,2026-03-31T00:20:17.906,btc-updown-15m-1774916100,1774917000,Up,88575036001923099357927134537191900875577654795416166353365157236150907905650,20185144917101351762095387621347858550182589456475538683864077906296334124849,0.38,0.39,127.32,1336.68,0.01,0.61,0.62,1336.68,127.32,0.01,0.385,0.615,0.913033,0.086967,66627.61
1774916418906,2026-03-31T00:20:18.906,btc-updown-15m-1774916100,1774917000,Up,88575036001923099357927134537191900875577654795416166353365157236150907905650,20185144917101351762095387621347858550182589456475538683864077906296334124849,0.4,0.44,503.24,1196.0,0.04,0.56,0.6,1196.0,503.24,0.04,0.42,0.58,0.703844,0.296156,66650.25
1774916419907,2026-03-31T00:20:19.907,btc-updown-15m-1774916100,1774917000,Up,88575036001923099357927134537191900875577654795416166353365157236150907905650,20185144917101351762095387621347858550182589456475538683864077906296334124849,0.43,0.44,644.65,838.13,0.01,0.56,0.57,838.13,644.65,0.01,0.435,0.565,0.565242,0.434758,66650.25
1774916420907,2026-03-31T00:20:20.907,btc-updown-15m-1774916100,1774917000,Up,88575036001923099357927134537191900875577654795416166353365157236150907905650,20185144917101351762095387621347858550182589456475538683864077906296334124849,0.43,0.44,700.66,984.0,0.01,0.56,0.57,984.0,700.66,0.01,0.435,0.565,0.584094,0.415906,66650.25
1774916421907,2026-03-31T00:20:21.907,btc-updown-15m-1774916100,1774917000,Up,88575036001923099357927134537191900875577654795416166353365157236150907905650,20185144917101351762095387621347858550182589456475538683864077906296334124849,0.41,0.44,882.06,35.0,0.03,0.56,0.59,35.0,882.06,0.03,0.425,0.575,0.038165,0.961835,66642.21
1774916422908,2026-03-31T00:20:22.908,btc-updown-15m-1774916100,1774917000,Up,88575036001923099357927134537191900875577654795416166353365157236150907905650,20185144917101351762095387621347858550182589456475538683864077906296334124849,0.41,0.42,76.0,1046.08,0.01,0.58,0.59,1046.08,76.0,0.01,0.415,0.585,0.932269,0.067731,66642.21
1774916423909,2026-03-31T00:20:23.909,btc-updown-15m-1774916100,1774917000,Up,88575036001923099357927134537191900875577654795416166353365157236150907905650,20185144917101351762095387621347858550182589456475538683864077906296334124849,0.41,0.42,90.09,1031.41,0.01,0.58,0.59,1031.41,90.09,0.01,0.415,0.585,0.91967,0.08033,66642.21
1774916424910,2026-03-31T00:20:24.910,btc-updown-15m-1774916100,1774917000,Up,88575036001923099357927134537191900875577654795416166353365157236150907905650,20185144917101351762095387621347858550182589456475538683864077906296334124849,0.42,0.43,310.0,973.09,0.01,0.57,0.58,973.09,310.0,0.01,0.425,0.575,0.758396,0.241604,66642.21
1774916425911,2026-03-31T00:20:25.911,btc-updown-15m-1774916100,1774917000,Up,88575036001923099357927134537191900875577654795416166353365157236150907905650,20185144917101351762095387621347858550182589456475538683864077906296334124849,0.42,0.43,256.05,967.7,0.01,0.57,0.58,967.7,256.05,0.01,0.425,0.575,0.790766,0.209234,66642.21
1774916426911,2026-03-31T00:20:26.911,btc-updown-15m-1774916100,1774917000,Up,88575036001923099357927134537191900875577654795416166353365157236150907905650,20185144917101351762095387621347858550182589456475538683864077906296334124849,0.42,0.43,46.36,1002.81,0.01,0.57,0.58,1002.81,46.36,0.01,0.425,0.575,0.955813,0.044187,66642.21
1774916427912,2026-03-31T00:20:27.912,btc-updown-15m-1774916100,1774917000,Up,88575036001923099357927134537191900875577654795416166353365157236150907905650,20185144917101351762095387621347858550182589456475538683864077906296334124849,0.43,0.45,10.0,386.93,0.02,0.55,0.57,386.93,10.0,0.02,0.44,0.56,0.974807,0.025193,66646.61
1774916428913,2026-03-31T00:20:28.913,btc-updown-15m-1774916100,1774917000,Up,88575036001923099357927134537191900875577654795416166353365157236150907905650,20185144917101351762095387621347858550182589456475538683864077906296334124849,0.45,0.46,195.0,39.67,0.01,0.54,0.55,39.67,195.0,0.01,0.455,0.545,0.169046,0.830954,66646.61
1774916429914,2026-03-31T00:20:29.914,btc-updown-15m-1774916100,1774917000,Up,88575036001923099357927134537191900875577654795416166353365157236150907905650,20185144917101351762095387621347858550182589456475538683864077906296334124849,0.45,0.46,507.12,8.0,0.01,0.54,0.55,8.0,507.12,0.01,0.455,0.545,0.01553,0.98447,66646.61
1774916430915,2026-03-31T00:20:30.915,btc-updown-15m-1774916100,1774917000,Up,88575036001923099357927134537191900875577654795416166353365157236150907905650,20185144917101351762095387621347858550182589456475538683864077906296334124849,0.44,0.45,331.7,87.74,0.01,0.55,0.56,87.74,331.7,0.01,0.445,0.555,0.209184,0.790816,66646.61
1774916431915,2026-03-31T00:20:31.915,btc-updown-15m-1774916100,1774917000,Up,88575036001923099357927134537191900875577654795416166353365157236150907905650,20185144917101351762095387621347858550182589456475538683864077906296334124849,0.44,0.45,319.64,87.74,0.01,0.55,0.56,87.74,319.64,0.01,0.445,0.555,0.215376,0.784624,66646.61
1774916432916,2026-03-31T00:20:32.916,btc-updown-15m-1774916100,1774917000,Up,88575036001923099357927134537191900875577654795416166353365157236150907905650,20185144917101351762095387621347858550182589456475538683864077906296334124849,0.45,0.46,43.2,1295.62,0.01,0.54,0.55,1295.62,43.2,0.01,0.455,0.545,0.967733,0.032267,66646.61
1774916433917,2026-03-31T00:20:33.917,btc-updown-15m-1774916100,1774917000,Up,88575036001923099357927134537191900875577654795416166353365157236150907905650,20185144917101351762095387621347858550182589456475538683864077906296334124849,0.48,0.49,299.47,58.0,0.01,0.51,0.52,58.0,299.47,0.01,0.485,0.515,0.162251,0.837749,66654.93
1774916434917,2026-03-31T00:20:34.917,btc-updown-15m-1774916100,1774917000,Up,88575036001923099357927134537191900875577654795416166353365157236150907905650,20185144917101351762095387621347858550182589456475538683864077906296334124849,0.48,0.49,324.47,1092.07,0.01,0.51,0.52,1092.07,324.47,0.01,0.485,0.515,0.770942,0.229058,66654.93
1774916435918,2026-03-31T00:20:35.918,btc-updown-15m-1774916100,1774917000,Up,88575036001923099357927134537191900875577654795416166353365157236150907905650,20185144917101351762095387621347858550182589456475538683864077906296334124849,0.48,0.49,324.47,1060.5,0.01,0.51,0.52,1060.5,324.47,0.01,0.485,0.515,0.765721,0.234279,66654.93
1774916436919,2026-03-31T00:20:36.919,btc-updown-15m-1774916100,1774917000,Up,88575036001923099357927134537191900875577654795416166353365157236150907905650,20185144917101351762095387621347858550182589456475538683864077906296334124849,0.48,0.49,358.46,1040.06,0.01,0.51,0.52,1040.06,358.46,0.01,0.485,0.515,0.743686,0.256314,66654.98
1774916437920,2026-03-31T00:20:37.920,btc-updown-15m-1774916100,1774917000,Up,88575036001923099357927134537191900875577654795416166353365157236150907905650,20185144917101351762095387621347858550182589456475538683864077906296334124849,0.48,0.49,379.51,1028.07,0.01,0.51,0.52,1028.07,379.51,0.01,0.485,0.515,0.730381,0.269619,66654.98
1774916438920,2026-03-31T00:20:38.920,btc-updown-15m-1774916100,1774917000,Up,88575036001923099357927134537191900875577654795416166353365157236150907905650,20185144917101351762095387621347858550182589456475538683864077906296334124849,0.48,0.49,390.21,987.56,0.01,0.51,0.52,987.56,390.21,0.01,0.485,0.515,0.716781,0.283219,66654.98
1774916439920,2026-03-31T00:20:39.920,btc-updown-15m-1774916100,1774917000,Up,88575036001923099357927134537191900875577654795416166353365157236150907905650,20185144917101351762095387621347858550182589456475538683864077906296334124849,0.48,0.49,376.23,1003.06,0.01,0.51,0.52,1003.06,376.23,0.01,0.485,0.515,0.727229,0.272771,66654.97
1774916440920,2026-03-31T00:20:40.920,btc-updown-15m-1774916100,1774917000,Up,88575036001923099357927134537191900875577654795416166353365157236150907905650,20185144917101351762095387621347858550182589456475538683864077906296334124849,0.48,0.49,370.73,991.06,0.01,0.51,0.52,991.06,370.73,0.01,0.485,0.515,0.727763,0.272237,66654.97
1774916441921,2026-03-31T00:20:41.921,btc-updown-15m-1774916100,1774917000,Up,88575036001923099357927134537191900875577654795416166353365157236150907905650,20185144917101351762095387621347858550182589456475538683864077906296334124849,0.48,0.49,357.64,984.56,0.01,0.51,0.52,984.56,357.64,0.01,0.485,0.515,0.733542,0.266458,66654.97
1774916442921,2026-03-31T00:20:42.921,btc-updown-15m-1774916100,1774917000,Up,88575036001923099357927134537191900875577654795416166353365157236150907905650,20185144917101351762095387621347858550182589456475538683864077906296334124849,0.51,0.52,42.22,65.57,0.01,0.48,0.49,65.57,42.22,0.01,0.515,0.485,0.608312,0.391688,66660.33
1774916443922,2026-03-31T00:20:43.922,btc-updown-15m-1774916100,1774917000,Up,88575036001923099357927134537191900875577654795416166353365157236150907905650,20185144917101351762095387621347858550182589456475538683864077906296334124849,0.52,0.53,212.65,121.94,0.01,0.47,0.48,121.94,212.65,0.01,0.525,0.475,0.364446,0.635554,66660.33
1774916444923,2026-03-31T00:20:44.923,btc-updown-15m-1774916100,1774917000,Up,88575036001923099357927134537191900875577654795416166353365157236150907905650,20185144917101351762095387621347858550182589456475538683864077906296334124849,0.52,0.53,348.15,85.51,0.01,0.47,0.48,85.51,348.15,0.01,0.525,0.475,0.197182,0.802818,66660.33
1774916445923,2026-03-31T00:20:45.923,btc-updown-15m-1774916100,1774917000,Up,88575036001923099357927134537191900875577654795416166353365157236150907905650,20185144917101351762095387621347858550182589456475538683864077906296334124849,0.52,0.53,333.71,1018.25,0.01,0.47,0.48,1018.25,333.71,0.01,0.525,0.475,0.753166,0.246834,66664.99
1774916446924,2026-03-31T00:20:46.924,btc-updown-15m-1774916100,1774917000,Up,88575036001923099357927134537191900875577654795416166353365157236150907905650,20185144917101351762095387621347858550182589456475538683864077906296334124849,0.53,0.54,20.0,159.0,0.01,0.46,0.47,159.0,20.0,0.01,0.535,0.465,0.888268,0.111732,66664.99
1774916447925,2026-03-31T00:20:47.925,btc-updown-15m-1774916100,1774917000,Up,88575036001923099357927134537191900875577654795416166353365157236150907905650,20185144917101351762095387621347858550182589456475538683864077906296334124849,0.54,0.55,101.12,1079.85,0.01,0.45,0.46,1079.85,101.12,0.01,0.545,0.455,0.914375,0.085625,66664.99
1774916448926,2026-03-31T00:20:48.926,btc-updown-15m-1774916100,1774917000,Up,88575036001923099357927134537191900875577654795416166353365157236150907905650,20185144917101351762095387621347858550182589456475538683864077906296334124849,0.53,0.54,42.5,1138.96,0.01,0.46,0.47,1138.96,42.5,0.01,0.535,0.465,0.964028,0.035972,66664.99
1774916449926,2026-03-31T00:20:49.926,btc-updown-15m-1774916100,1774917000,Up,88575036001923099357927134537191900875577654795416166353365157236150907905650,20185144917101351762095387621347858550182589456475538683864077906296334124849,0.53,0.54,67.04,1103.96,0.01,0.46,0.47,1103.96,67.04,0.01,0.535,0.465,0.94275,0.05725,66664.99
1774916450927,2026-03-31T00:20:50.927,btc-updown-15m-1774916100,1774917000,Up,88575036001923099357927134537191900875577654795416166353365157236150907905650,20185144917101351762095387621347858550182589456475538683864077906296334124849,0.53,0.54,26.0,1189.46,0.01,0.46,0.47,1189.46,26.0,0.01,0.535,0.465,0.978609,0.021391,66664.99
1774916451928,2026-03-31T00:20:51.928,btc-updown-15m-1774916100,1774917000,Up,88575036001923099357927134537191900875577654795416166353365157236150907905650,20185144917101351762095387621347858550182589456475538683864077906296334124849,0.53,0.54,228.5,13.0,0.01,0.46,0.47,13.0,228.5,0.01,0.535,0.465,0.05383,0.94617,66665.0
1774916452928,2026-03-31T00:20:52.928,btc-updown-15m-1774916100,1774917000,Up,88575036001923099357927134537191900875577654795416166353365157236150907905650,20185144917101351762095387621347858550182589456475538683864077906296334124849,0.53,0.54,276.5,30.4,0.01,0.46,0.47,30.4,276.5,0.01,0.535,0.465,0.099055,0.900945,66665.0
1774916453929,2026-03-31T00:20:53.929,btc-updown-15m-1774916100,1774917000,Up,88575036001923099357927134537191900875577654795416166353365157236150907905650,20185144917101351762095387621347858550182589456475538683864077906296334124849,0.49,0.51,278.5,70.5,0.02,0.49,0.51,70.5,278.5,0.02,0.5,0.5,0.202006,0.797994,66665.0
1774916454930,2026-03-31T00:20:54.930,btc-updown-15m-1774916100,1774917000,Up,88575036001923099357927134537191900875577654795416166353365157236150907905650,20185144917101351762095387621347858550182589456475538683864077906296334124849,0.46,0.49,145.68,209.85,0.03,0.51,0.54,209.85,145.68,0.03,0.475,0.525,0.590246,0.409754,66658.92
1774916455931,2026-03-31T00:20:55.931,btc-updown-15m-1774916100,1774917000,Up,88575036001923099357927134537191900875577654795416166353365157236150907905650,20185144917101351762095387621347858550182589456475538683864077906296334124849,0.46,0.47,193.77,290.0,0.01,0.53,0.54,290.0,193.77,0.01,0.465,0.535,0.599458,0.400542,66658.92
1774916456932,2026-03-31T00:20:56.932,btc-updown-15m-1774916100,1774917000,Up,88575036001923099357927134537191900875577654795416166353365157236150907905650,20185144917101351762095387621347858550182589456475538683864077906296334124849,0.46,0.48,50.0,1307.68,0.02,0.52,0.54,1307.68,50.0,0.02,0.47,0.53,0.963172,0.036828,66658.92
1774916457932,2026-03-31T00:20:57.932,btc-updown-15m-1774916100,1774917000,Up,88575036001923099357927134537191900875577654795416166353365157236150907905650,20185144917101351762095387621347858550182589456475538683864077906296334124849,0.51,0.52,105.0,107.53,0.01,0.48,0.49,107.53,105.0,0.01,0.515,0.485,0.505952,0.494048,66658.91
1774916458934,2026-03-31T00:20:58.934,btc-updown-15m-1774916100,1774917000,Up,88575036001923099357927134537191900875577654795416166353365157236150907905650,20185144917101351762095387621347858550182589456475538683864077906296334124849,0.51,0.52,103.14,66.19,0.01,0.48,0.49,66.19,103.14,0.01,0.515,0.485,0.390894,0.609106,66658.91
1774916459934,2026-03-31T00:20:59.934,btc-updown-15m-1774916100,1774917000,Up,88575036001923099357927134537191900875577654795416166353365157236150907905650,20185144917101351762095387621347858550182589456475538683864077906296334124849,0.53,0.54,145.69,96.84,0.01,0.46,0.47,96.84,145.69,0.01,0.535,0.465,0.399291,0.600709,66658.91
1774916460935,2026-03-31T00:21:00.935,btc-updown-15m-1774916100,1774917000,Up,88575036001923099357927134537191900875577654795416166353365157236150907905650,20185144917101351762095387621347858550182589456475538683864077906296334124849,0.57,0.59,58.49,38.5,0.02,0.41,0.43,38.5,58.49,0.02,0.58,0.42,0.396948,0.603052,66679.76
1774916461936,2026-03-31T00:21:01.936,btc-updown-15m-1774916100,1774917000,Up,88575036001923099357927134537191900875577654795416166353365157236150907905650,20185144917101351762095387621347858550182589456475538683864077906296334124849,0.55,0.56,1378.5,78.03,0.01,0.44,0.45,78.03,1378.5,0.01,0.555,0.445,0.053573,0.946427,66679.76
1774916462937,2026-03-31T00:21:02.937,btc-updown-15m-1774916100,1774917000,Up,88575036001923099357927134537191900875577654795416166353365157236150907905650,20185144917101351762095387621347858550182589456475538683864077906296334124849,0.54,0.55,1440.44,106.4,0.01,0.45,0.46,106.4,1440.44,0.01,0.545,0.455,0.068785,0.931215,66679.76
1774916463937,2026-03-31T00:21:03.937,btc-updown-15m-1774916100,1774917000,Up,88575036001923099357927134537191900875577654795416166353365157236150907905650,20185144917101351762095387621347858550182589456475538683864077906296334124849,0.53,0.54,326.63,200.0,0.01,0.46,0.47,200.0,326.63,0.01,0.535,0.465,0.379773,0.620227,66672.92
1774916464938,2026-03-31T00:21:04.938,btc-updown-15m-1774916100,1774917000,Up,88575036001923099357927134537191900875577654795416166353365157236150907905650,20185144917101351762095387621347858550182589456475538683864077906296334124849,0.53,0.54,1487.28,157.98,0.01,0.46,0.47,157.98,1487.28,0.01,0.535,0.465,0.096021,0.903979,66672.92
1774916465939,2026-03-31T00:21:05.939,btc-updown-15m-1774916100,1774917000,Up,88575036001923099357927134537191900875577654795416166353365157236150907905650,20185144917101351762095387621347858550182589456475538683864077906296334124849,0.53,0.54,1303.02,143.85,0.01,0.46,0.47,143.85,1303.02,0.01,0.535,0.465,0.099422,0.900578,66672.92
1774916466940,2026-03-31T00:21:06.940,btc-updown-15m-1774916100,1774917000,Up,88575036001923099357927134537191900875577654795416166353365157236150907905650,20185144917101351762095387621347858550182589456475538683864077906296334124849,0.53,0.54,1278.02,128.33,0.01,0.46,0.47,128.33,1278.02,0.01,0.535,0.465,0.09125,0.90875,66672.92
1774916467940,2026-03-31T00:21:07.940,btc-updown-15m-1774916100,1774917000,Up,88575036001923099357927134537191900875577654795416166353365157236150907905650,20185144917101351762095387621347858550182589456475538683864077906296334124849,0.53,0.54,1259.63,85.0,0.01,0.46,0.47,85.0,1259.63,0.01,0.535,0.465,0.063214,0.936786,66672.92
1774916468941,2026-03-31T00:21:08.941,btc-updown-15m-1774916100,1774917000,Up,88575036001923099357927134537191900875577654795416166353365157236150907905650,20185144917101351762095387621347858550182589456475538683864077906296334124849,0.53,0.54,122.76,269.03,0.01,0.46,0.47,269.03,122.76,0.01,0.535,0.465,0.686669,0.313331,66672.92
1774916469943,2026-03-31T00:21:09.943,btc-updown-15m-1774916100,1774917000,Up,88575036001923099357927134537191900875577654795416166353365157236150907905650,20185144917101351762095387621347858550182589456475538683864077906296334124849,0.54,0.55,1378.58,58.0,0.01,0.45,0.46,58.0,1378.58,0.01,0.545,0.455,0.040374,0.959626,66672.93
1774916470943,2026-03-31T00:21:10.943,btc-updown-15m-1774916100,1774917000,Up,88575036001923099357927134537191900875577654795416166353365157236150907905650,20185144917101351762095387621347858550182589456475538683864077906296334124849,0.54,0.55,1373.23,41.4,0.01,0.45,0.46,41.4,1373.23,0.01,0.545,0.455,0.029266,0.970734,66672.93
1774916471944,2026-03-31T00:21:11.944,btc-updown-15m-1774916100,1774917000,Up,88575036001923099357927134537191900875577654795416166353365157236150907905650,20185144917101351762095387621347858550182589456475538683864077906296334124849,0.53,0.54,1141.25,193.97,0.01,0.46,0.47,193.97,1141.25,0.01,0.535,0.465,0.145272,0.854728,66672.93
1774916472944,2026-03-31T00:21:12.944,btc-updown-15m-1774916100,1774917000,Up,88575036001923099357927134537191900875577654795416166353365157236150907905650,20185144917101351762095387621347858550182589456475538683864077906296334124849,0.51,0.52,1271.82,15.95,0.01,0.48,0.49,15.95,1271.82,0.01,0.515,0.485,0.012386,0.987614,66666.67
1774916473944,2026-03-31T00:21:13.944,btc-updown-15m-1774916100,1774917000,Up,88575036001923099357927134537191900875577654795416166353365157236150907905650,20185144917101351762095387621347858550182589456475538683864077906296334124849,0.51,0.52,1218.12,15.74,0.01,0.48,0.49,15.74,1218.12,0.01,0.515,0.485,0.012757,0.987243,66666.67
1774916474945,2026-03-31T00:21:14.945,btc-updown-15m-1774916100,1774917000,Up,88575036001923099357927134537191900875577654795416166353365157236150907905650,20185144917101351762095387621347858550182589456475538683864077906296334124849,0.51,0.52,1108.26,3.74,0.01,0.48,0.49,3.74,1108.26,0.01,0.515,0.485,0.003363,0.996637,66666.67
1774916475946,2026-03-31T00:21:15.946,btc-updown-15m-1774916100,1774917000,Up,88575036001923099357927134537191900875577654795416166353365157236150907905650,20185144917101351762095387621347858550182589456475538683864077906296334124849,0.5,0.51,15.2,593.9,0.01,0.49,0.5,593.9,15.2,0.01,0.505,0.495,0.975045,0.024955,66666.67
1774916476947,2026-03-31T00:21:16.947,btc-updown-15m-1774916100,1774917000,Up,88575036001923099357927134537191900875577654795416166353365157236150907905650,20185144917101351762095387621347858550182589456475538683864077906296334124849,0.5,0.51,7.5,437.9,0.01,0.49,0.5,437.9,7.5,0.01,0.505,0.495,0.983161,0.016839,66666.67
1774916477947,2026-03-31T00:21:17.947,btc-updown-15m-1774916100,1774917000,Up,88575036001923099357927134537191900875577654795416166353365157236150907905650,20185144917101351762095387621347858550182589456475538683864077906296334124849,0.5,0.51,33.5,425.9,0.01,0.49,0.5,425.9,33.5,0.01,0.505,0.495,0.927079,0.072921,66666.67
1774916478948,2026-03-31T00:21:18.948,btc-updown-15m-1774916100,1774917000,Up,88575036001923099357927134537191900875577654795416166353365157236150907905650,20185144917101351762095387621347858550182589456475538683864077906296334124849,0.5,0.51,33.5,338.29,0.01,0.49,0.5,338.29,33.5,0.01,0.505,0.495,0.909895,0.090105,66666.66
1774916479950,2026-03-31T00:21:19.950,btc-updown-15m-1774916100,1774917000,Up,88575036001923099357927134537191900875577654795416166353365157236150907905650,20185144917101351762095387621347858550182589456475538683864077906296334124849,0.5,0.51,3.25,372.29,0.01,0.49,0.5,372.29,3.25,0.01,0.505,0.495,0.991346,0.008654,66666.66
1774916480950,2026-03-31T00:21:20.950,btc-updown-15m-1774916100,1774917000,Up,88575036001923099357927134537191900875577654795416166353365157236150907905650,20185144917101351762095387621347858550182589456475538683864077906296334124849,0.51,0.52,117.52,111.07,0.01,0.48,0.49,111.07,117.52,0.01,0.515,0.485,0.485892,0.514108,66666.66
1774916481951,2026-03-31T00:21:21.951,btc-updown-15m-1774916100,1774917000,Up,88575036001923099357927134537191900875577654795416166353365157236150907905650,20185144917101351762095387621347858550182589456475538683864077906296334124849,0.52,0.53,56.64,88.41,0.01,0.47,0.48,88.41,56.64,0.01,0.525,0.475,0.609514,0.390486,66666.66
1774916482952,2026-03-31T00:21:22.952,btc-updown-15m-1774916100,1774917000,Up,88575036001923099357927134537191900875577654795416166353365157236150907905650,20185144917101351762095387621347858550182589456475538683864077906296334124849,0.52,0.53,103.64,77.27,0.01,0.47,0.48,77.27,103.64,0.01,0.525,0.475,0.427118,0.572882,66666.66
1774916483953,2026-03-31T00:21:23.953,btc-updown-15m-1774916100,1774917000,Up,88575036001923099357927134537191900875577654795416166353365157236150907905650,20185144917101351762095387621347858550182589456475538683864077906296334124849,0.52,0.53,219.39,14.52,0.01,0.47,0.48,14.52,219.39,0.01,0.525,0.475,0.062075,0.937925,66666.66
1774916484954,2026-03-31T00:21:24.954,btc-updown-15m-1774916100,1774917000,Up,88575036001923099357927134537191900875577654795416166353365157236150907905650,20185144917101351762095387621347858550182589456475538683864077906296334124849,0.49,0.5,171.55,51.7,0.01,0.5,0.51,51.7,171.55,0.01,0.495,0.505,0.231579,0.768421,66660.03
1774916485954,2026-03-31T00:21:25.954,btc-updown-15m-1774916100,1774917000,Up,88575036001923099357927134537191900875577654795416166353365157236150907905650,20185144917101351762095387621347858550182589456475538683864077906296334124849,0.48,0.49,35.0,476.4,0.01,0.51,0.52,476.4,35.0,0.01,0.485,0.515,0.93156,0.06844,66660.03
1774916486955,2026-03-31T00:21:26.955,btc-updown-15m-1774916100,1774917000,Up,88575036001923099357927134537191900875577654795416166353365157236150907905650,20185144917101351762095387621347858550182589456475538683864077906296334124849,0.47,0.48,1420.76,3.0,0.01,0.52,0.53,3.0,1420.76,0.01,0.475,0.525,0.002107,0.997893,66660.03
1774916487955,2026-03-31T00:21:27.955,btc-updown-15m-1774916100,1774917000,Up,88575036001923099357927134537191900875577654795416166353365157236150907905650,20185144917101351762095387621347858550182589456475538683864077906296334124849,0.46,0.47,37.0,42.0,0.01,0.53,0.54,42.0,37.0,0.01,0.465,0.535,0.531646,0.468354,66653.18
1774916488955,2026-03-31T00:21:28.955,btc-updown-15m-1774916100,1774917000,Up,88575036001923099357927134537191900875577654795416166353365157236150907905650,20185144917101351762095387621347858550182589456475538683864077906296334124849,0.46,0.47,1.3,1320.65,0.01,0.53,0.54,1320.65,1.3,0.01,0.465,0.535,0.999017,0.000983,66653.18
1774916489956,2026-03-31T00:21:29.956,btc-updown-15m-1774916100,1774917000,Up,88575036001923099357927134537191900875577654795416166353365157236150907905650,20185144917101351762095387621347858550182589456475538683864077906296334124849,0.5,0.51,27.5,134.0,0.01,0.49,0.5,134.0,27.5,0.01,0.505,0.495,0.829721,0.170279,66653.18
1774916490956,2026-03-31T00:21:30.956,btc-updown-15m-1774916100,1774917000,Up,88575036001923099357927134537191900875577654795416166353365157236150907905650,20185144917101351762095387621347858550182589456475538683864077906296334124849,0.51,0.52,208.86,69.13,0.01,0.48,0.49,69.13,208.86,0.01,0.515,0.485,0.248678,0.751322,66656.12
1774916491957,2026-03-31T00:21:31.957,btc-updown-15m-1774916100,1774917000,Up,88575036001923099357927134537191900875577654795416166353365157236150907905650,20185144917101351762095387621347858550182589456475538683864077906296334124849,0.51,0.52,193.86,18.54,0.01,0.48,0.49,18.54,193.86,0.01,0.515,0.485,0.087288,0.912712,66656.12
1774916492957,2026-03-31T00:21:32.957,btc-updown-15m-1774916100,1774917000,Up,88575036001923099357927134537191900875577654795416166353365157236150907905650,20185144917101351762095387621347858550182589456475538683864077906296334124849,0.51,0.52,207.86,28.38,0.01,0.48,0.49,28.38,207.86,0.01,0.515,0.485,0.120132,0.879868,66656.12
1774916493958,2026-03-31T00:21:33.958,btc-updown-15m-1774916100,1774917000,Up,88575036001923099357927134537191900875577654795416166353365157236150907905650,20185144917101351762095387621347858550182589456475538683864077906296334124849,0.51,0.52,46.0,459.69,0.01,0.48,0.49,459.69,46.0,0.01,0.515,0.485,0.909035,0.090965,66659.93
1774916494959,2026-03-31T00:21:34.959,btc-updown-15m-1774916100,1774917000,Up,88575036001923099357927134537191900875577654795416166353365157236150907905650,20185144917101351762095387621347858550182589456475538683864077906296334124849,0.52,0.54,95.5,317.6,0.02,0.46,0.48,317.6,95.5,0.02,0.53,0.47,0.768821,0.231179,66659.93
1774916495960,2026-03-31T00:21:35.960,btc-updown-15m-1774916100,1774917000,Up,88575036001923099357927134537191900875577654795416166353365157236150907905650,20185144917101351762095387621347858550182589456475538683864077906296334124849,0.52,0.53,91.38,20.0,0.01,0.47,0.48,20.0,91.38,0.01,0.525,0.475,0.179565,0.820435,66659.93
1774916496960,2026-03-31T00:21:36.960,btc-updown-15m-1774916100,1774917000,Up,88575036001923099357927134537191900875577654795416166353365157236150907905650,20185144917101351762095387621347858550182589456475538683864077906296334124849,0.52,0.53,1109.45,2.0,0.01,0.47,0.48,2.0,1109.45,0.01,0.525,0.475,0.001799,0.998201,66661.29
1774916497962,2026-03-31T00:21:37.962,btc-updown-15m-1774916100,1774917000,Up,88575036001923099357927134537191900875577654795416166353365157236150907905650,20185144917101351762095387621347858550182589456475538683864077906296334124849,0.51,0.52,59.11,299.5,0.01,0.48,0.49,299.5,59.11,0.01,0.515,0.485,0.835169,0.164831,66661.29
1774916498963,2026-03-31T00:21:38.963,btc-updown-15m-1774916100,1774917000,Up,88575036001923099357927134537191900875577654795416166353365157236150907905650,20185144917101351762095387621347858550182589456475538683864077906296334124849,0.51,0.52,64.11,299.62,0.01,0.48,0.49,299.62,64.11,0.01,0.515,0.485,0.823743,0.176257,66661.29
1774916499964,2026-03-31T00:21:39.964,btc-updown-15m-1774916100,1774917000,Up,88575036001923099357927134537191900875577654795416166353365157236150907905650,20185144917101351762095387621347858550182589456475538683864077906296334124849,0.51,0.52,82.33,65.12,0.01,0.48,0.49,65.12,82.33,0.01,0.515,0.485,0.441641,0.558359,66661.29
1774916500964,2026-03-31T00:21:40.964,btc-updown-15m-1774916100,1774917000,Up,88575036001923099357927134537191900875577654795416166353365157236150907905650,20185144917101351762095387621347858550182589456475538683864077906296334124849,0.51,0.52,50.94,166.71,0.01,0.48,0.49,166.71,50.94,0.01,0.515,0.485,0.765955,0.234045,66661.29
1774916501965,2026-03-31T00:21:41.965,btc-updown-15m-1774916100,1774917000,Up,88575036001923099357927134537191900875577654795416166353365157236150907905650,20185144917101351762095387621347858550182589456475538683864077906296334124849,0.51,0.52,69.5,119.51,0.01,0.48,0.49,119.51,69.5,0.01,0.515,0.485,0.632295,0.367705,66661.29
1774916502966,2026-03-31T00:21:42.966,btc-updown-15m-1774916100,1774917000,Up,88575036001923099357927134537191900875577654795416166353365157236150907905650,20185144917101351762095387621347858550182589456475538683864077906296334124849,0.48,0.49,157.0,133.89,0.01,0.51,0.52,133.89,157.0,0.01,0.485,0.515,0.460277,0.539723,66659.94
1774916503967,2026-03-31T00:21:43.967,btc-updown-15m-1774916100,1774917000,Up,88575036001923099357927134537191900875577654795416166353365157236150907905650,20185144917101351762095387621347858550182589456475538683864077906296334124849,0.44,0.45,378.0,37.7,0.01,0.55,0.56,37.7,378.0,0.01,0.445,0.555,0.09069,0.90931,66659.94
1774916504968,2026-03-31T00:21:44.968,btc-updown-15m-1774916100,1774917000,Up,88575036001923099357927134537191900875577654795416166353365157236150907905650,20185144917101351762095387621347858550182589456475538683864077906296334124849,0.44,0.45,302.0,61.28,0.01,0.55,0.56,61.28,302.0,0.01,0.445,0.555,0.168685,0.831315,66659.94
1774916505968,2026-03-31T00:21:45.968,btc-updown-15m-1774916100,1774917000,Up,88575036001923099357927134537191900875577654795416166353365157236150907905650,20185144917101351762095387621347858550182589456475538683864077906296334124849,0.39,0.4,568.0,294.74,0.01,0.6,0.61,294.74,568.0,0.01,0.395,0.605,0.341632,0.658368,66640.34
1774916506969,2026-03-31T00:21:46.969,btc-updown-15m-1774916100,1774917000,Up,88575036001923099357927134537191900875577654795416166353365157236150907905650,20185144917101351762095387621347858550182589456475538683864077906296334124849,0.39,0.4,193.6,282.66,0.01,0.6,0.61,282.66,193.6,0.01,0.395,0.605,0.593499,0.406501,66640.34
1774916507969,2026-03-31T00:21:47.969,btc-updown-15m-1774916100,1774917000,Up,88575036001923099357927134537191900875577654795416166353365157236150907905650,20185144917101351762095387621347858550182589456475538683864077906296334124849,0.39,0.4,168.6,287.66,0.01,0.6,0.61,287.66,168.6,0.01,0.395,0.605,0.630474,0.369526,66640.34
1774916508971,2026-03-31T00:21:48.971,btc-updown-15m-1774916100,1774917000,Up,88575036001923099357927134537191900875577654795416166353365157236150907905650,20185144917101351762095387621347858550182589456475538683864077906296334124849,0.43,0.44,34.0,17.0,0.01,0.56,0.57,17.0,34.0,0.01,0.435,0.565,0.333333,0.666667,66640.34
1774916509971,2026-03-31T00:21:49.971,btc-updown-15m-1774916100,1774917000,Up,88575036001923099357927134537191900875577654795416166353365157236150907905650,20185144917101351762095387621347858550182589456475538683864077906296334124849,0.43,0.44,27.11,1332.24,0.01,0.56,0.57,1332.24,27.11,0.01,0.435,0.565,0.980057,0.019943,66640.34
1774916510972,2026-03-31T00:21:50.972,btc-updown-15m-1774916100,1774917000,Up,88575036001923099357927134537191900875577654795416166353365157236150907905650,20185144917101351762095387621347858550182589456475538683864077906296334124849,0.44,0.45,94.0,134.41,0.01,0.55,0.56,134.41,94.0,0.01,0.445,0.555,0.588459,0.411541,66640.34
1774916511974,2026-03-31T00:21:51.974,btc-updown-15m-1774916100,1774917000,Up,88575036001923099357927134537191900875577654795416166353365157236150907905650,20185144917101351762095387621347858550182589456475538683864077906296334124849,0.44,0.45,94.0,134.41,0.01,0.55,0.56,262.5,182.5,0.01,0.445,0.555,0.588459,0.410112,66644.22
1774916512975,2026-03-31T00:21:52.975,btc-updown-15m-1774916100,1774917000,Up,88575036001923099357927134537191900875577654795416166353365157236150907905650,20185144917101351762095387621347858550182589456475538683864077906296334124849,0.44,0.45,182.5,262.5,0.01,0.55,0.56,262.5,182.5,0.01,0.445,0.555,0.589888,0.410112,66644.22
1774916513975,2026-03-31T00:21:53.975,btc-updown-15m-1774916100,1774917000,Up,88575036001923099357927134537191900875577654795416166353365157236150907905650,20185144917101351762095387621347858550182589456475538683864077906296334124849,0.44,0.45,182.5,262.5,0.01,0.55,0.56,262.5,182.5,0.01,0.445,0.555,0.589888,0.410112,66644.22
1774916514976,2026-03-31T00:21:54.976,btc-updown-15m-1774916100,1774917000,Up,88575036001923099357927134537191900875577654795416166353365157236150907905650,20185144917101351762095387621347858550182589456475538683864077906296334124849,0.44,0.45,148.0,122.5,0.01,0.55,0.56,122.5,148.0,0.01,0.445,0.555,0.452865,0.547135,66644.22
1774916515976,2026-03-31T00:21:55.976,btc-updown-15m-1774916100,1774917000,Up,88575036001923099357927134537191900875577654795416166353365157236150907905650,20185144917101351762095387621347858550182589456475538683864077906296334124849,0.44,0.45,134.0,118.94,0.01,0.55,0.56,118.94,134.0,0.01,0.445,0.555,0.47023,0.52977,66644.22
1774916516976,2026-03-31T00:21:56.976,btc-updown-15m-1774916100,1774917000,Up,88575036001923099357927134537191900875577654795416166353365157236150907905650,20185144917101351762095387621347858550182589456475538683864077906296334124849,0.44,0.45,148.0,1256.88,0.01,0.55,0.56,1256.88,148.0,0.01,0.445,0.555,0.894653,0.105347,66644.22
1774916517977,2026-03-31T00:21:57.977,btc-updown-15m-1774916100,1774917000,Up,88575036001923099357927134537191900875577654795416166353365157236150907905650,20185144917101351762095387621347858550182589456475538683864077906296334124849,0.44,0.45,143.55,1256.88,0.01,0.55,0.56,1256.88,143.55,0.01,0.445,0.555,0.897496,0.102504,66644.22
1774916518978,2026-03-31T00:21:58.978,btc-updown-15m-1774916100,1774917000,Up,88575036001923099357927134537191900875577654795416166353365157236150907905650,20185144917101351762095387621347858550182589456475538683864077906296334124849,0.44,0.45,149.55,67.5,0.01,0.55,0.56,67.5,149.55,0.01,0.445,0.555,0.310988,0.689012,66644.22
1774916519978,2026-03-31T00:21:59.978,btc-updown-15m-1774916100,1774917000,Up,88575036001923099357927134537191900875577654795416166353365157236150907905650,20185144917101351762095387621347858550182589456475538683864077906296334124849,0.43,0.45,217.05,431.06,0.02,0.55,0.57,431.06,217.05,0.02,0.44,0.56,0.665103,0.334897,66644.22
1774916520979,2026-03-31T00:22:00.979,btc-updown-15m-1774916100,1774917000,Up,88575036001923099357927134537191900875577654795416166353365157236150907905650,20185144917101351762095387621347858550182589456475538683864077906296334124849,0.4,0.42,315.9,57.68,0.02,0.58,0.6,57.68,315.9,0.02,0.41,0.59,0.154398,0.845602,66640.4
1774916521979,2026-03-31T00:22:01.979,btc-updown-15m-1774916100,1774917000,Up,88575036001923099357927134537191900875577654795416166353365157236150907905650,20185144917101351762095387621347858550182589456475538683864077906296334124849,0.39,0.4,153.64,126.5,0.01,0.6,0.61,126.5,153.64,0.01,0.395,0.605,0.45156,0.54844,66640.4
1774916522979,2026-03-31T00:22:02.979,btc-updown-15m-1774916100,1774917000,Up,88575036001923099357927134537191900875577654795416166353365157236150907905650,20185144917101351762095387621347858550182589456475538683864077906296334124849,0.39,0.4,153.64,126.5,0.01,0.6,0.61,126.5,153.64,0.01,0.395,0.605,0.45156,0.54844,66640.4
1774916523980,2026-03-31T00:22:03.980,btc-updown-15m-1774916100,1774917000,Up,88575036001923099357927134537191900875577654795416166353365157236150907905650,20185144917101351762095387621347858550182589456475538683864077906296334124849,0.34,0.36,217.8,45.11,0.02,0.64,0.66,45.11,217.8,0.02,0.35,0.65,0.17158,0.82842,66628.64
1774916524981,2026-03-31T00:22:04.981,btc-updown-15m-1774916100,1774917000,Up,88575036001923099357927134537191900875577654795416166353365157236150907905650,20185144917101351762095387621347858550182589456475538683864077906296334124849,0.34,0.35,60.0,234.34,0.01,0.65,0.66,234.34,60.0,0.01,0.345,0.655,0.796154,0.203846,66628.64
1774916525982,2026-03-31T00:22:05.982,btc-updown-15m-1774916100,1774917000,Up,88575036001923099357927134537191900875577654795416166353365157236150907905650,20185144917101351762095387621347858550182589456475538683864077906296334124849,0.34,0.35,60.0,234.34,0.01,0.65,0.66,234.34,60.0,0.01,0.345,0.655,0.796154,0.203846,66628.64
1774916526983,2026-03-31T00:22:06.983,btc-updown-15m-1774916100,1774917000,Up,88575036001923099357927134537191900875577654795416166353365157236150907905650,20185144917101351762095387621347858550182589456475538683864077906296334124849,0.38,0.39,154.49,45.0,0.01,0.61,0.62,45.0,154.49,0.01,0.385,0.615,0.225575,0.774425,66628.63
1774916527984,2026-03-31T00:22:07.984,btc-updown-15m-1774916100,1774917000,Up,88575036001923099357927134537191900875577654795416166353365157236150907905650,20185144917101351762095387621347858550182589456475538683864077906296334124849,0.38,0.39,180.92,10.0,0.01,0.61,0.62,10.0,180.92,0.01,0.385,0.615,0.052378,0.947622,66628.63
1774916528984,2026-03-31T00:22:08.984,btc-updown-15m-1774916100,1774917000,Up,88575036001923099357927134537191900875577654795416166353365157236150907905650,20185144917101351762095387621347858550182589456475538683864077906296334124849,0.37,0.38,9.0,160.0,0.01,0.62,0.63,160.0,9.0,0.01,0.375,0.625,0.946746,0.053254,66628.63
1774916529986,2026-03-31T00:22:09.986,btc-updown-15m-1774916100,1774917000,Up,88575036001923099357927134537191900875577654795416166353365157236150907905650,20185144917101351762095387621347858550182589456475538683864077906296334124849,0.37,0.38,134.86,128.0,0.01,0.62,0.63,128.0,134.86,0.01,0.375,0.625,0.486951,0.513049,66628.63
1774916530986,2026-03-31T00:22:10.986,btc-updown-15m-1774916100,1774917000,Up,88575036001923099357927134537191900875577654795416166353365157236150907905650,20185144917101351762095387621347858550182589456475538683864077906296334124849,0.37,0.38,134.86,147.46,0.01,0.62,0.63,147.46,134.86,0.01,0.375,0.625,0.522315,0.477685,66628.63
1774916531986,2026-03-31T00:22:11.986,btc-updown-15m-1774916100,1774917000,Up,88575036001923099357927134537191900875577654795416166353365157236150907905650,20185144917101351762095387621347858550182589456475538683864077906296334124849,0.37,0.38,134.86,147.46,0.01,0.62,0.63,147.46,134.86,0.01,0.375,0.625,0.522315,0.477685,66628.63
1774916532987,2026-03-31T00:22:12.987,btc-updown-15m-1774916100,1774917000,Up,88575036001923099357927134537191900875577654795416166353365157236150907905650,20185144917101351762095387621347858550182589456475538683864077906296334124849,0.38,0.39,143.43,136.76,0.01,0.61,0.62,136.76,143.43,0.01,0.385,0.615,0.488097,0.511903,66629.97
1774916533988,2026-03-31T00:22:13.988,btc-updown-15m-1774916100,1774917000,Up,88575036001923099357927134537191900875577654795416166353365157236150907905650,20185144917101351762095387621347858550182589456475538683864077906296334124849,0.42,0.43,208.0,15.5,0.01,0.57,0.58,15.5,208.0,0.01,0.425,0.575,0.069351,0.930649,66629.97
1774916534988,2026-03-31T00:22:14.988,btc-updown-15m-1774916100,1774917000,Up,88575036001923099357927134537191900875577654795416166353365157236150907905650,20185144917101351762095387621347858550182589456475538683864077906296334124849,0.42,0.43,1154.82,53.27,0.01,0.57,0.58,53.27,1154.82,0.01,0.425,0.575,0.044094,0.955906,66629.97
1774916535989,2026-03-31T00:22:15.989,btc-updown-15m-1774916100,1774917000,Up,88575036001923099357927134537191900875577654795416166353365157236150907905650,20185144917101351762095387621347858550182589456475538683864077906296334124849,0.39,0.41,1164.76,115.0,0.02,0.59,0.61,115.0,1164.76,0.02,0.4,0.6,0.089861,0.910139,66635.63
1774916536989,2026-03-31T00:22:16.989,btc-updown-15m-1774916100,1774917000,Up,88575036001923099357927134537191900875577654795416166353365157236150907905650,20185144917101351762095387621347858550182589456475538683864077906296334124849,0.39,0.4,824.36,39.5,0.01,0.6,0.61,39.5,824.36,0.01,0.395,0.605,0.045725,0.954275,66635.63
1774916537990,2026-03-31T00:22:17.990,btc-updown-15m-1774916100,1774917000,Up,88575036001923099357927134537191900875577654795416166353365157236150907905650,20185144917101351762095387621347858550182589456475538683864077906296334124849,0.39,0.4,855.36,39.5,0.01,0.6,0.61,39.5,855.36,0.01,0.395,0.605,0.044141,0.955859,66635.63
1774916538991,2026-03-31T00:22:18.991,btc-updown-15m-1774916100,1774917000,Up,88575036001923099357927134537191900875577654795416166353365157236150907905650,20185144917101351762095387621347858550182589456475538683864077906296334124849,0.46,0.55,36.11,82.0,0.09,0.46,0.56,443.0,25.0,0.1,0.505,0.51,0.694268,0.053419,66671.12
1774916539991,2026-03-31T00:22:19.991,btc-updown-15m-1774916100,1774917000,Up,88575036001923099357927134537191900875577654795416166353365157236150907905650,20185144917101351762095387621347858550182589456475538683864077906296334124849,0.54,0.55,35.4,31.0,0.01,0.45,0.46,31.0,35.4,0.01,0.545,0.455,0.466867,0.533133,66671.12
1774916540991,2026-03-31T00:22:20.991,btc-updown-15m-1774916100,1774917000,Up,88575036001923099357927134537191900875577654795416166353365157236150907905650,20185144917101351762095387621347858550182589456475538683864077906296334124849,0.51,0.52,25.0,78.93,0.01,0.48,0.49,78.93,25.0,0.01,0.515,0.485,0.759453,0.240547,66671.12
1774916541992,2026-03-31T00:22:21.992,btc-updown-15m-1774916100,1774917000,Up,88575036001923099357927134537191900875577654795416166353365157236150907905650,20185144917101351762095387621347858550182589456475538683864077906296334124849,0.48,0.5,81.91,1193.38,0.02,0.5,0.52,1193.38,81.91,0.02,0.49,0.51,0.935771,0.064229,66662.24
1774916542992,2026-03-31T00:22:22.992,btc-updown-15m-1774916100,1774917000,Up,88575036001923099357927134537191900875577654795416166353365157236150907905650,20185144917101351762095387621347858550182589456475538683864077906296334124849,0.51,0.52,101.39,1005.0,0.01,0.48,0.49,1005.0,101.39,0.01,0.515,0.485,0.90836,0.09164,66662.24
1774916543993,2026-03-31T00:22:23.993,btc-updown-15m-1774916100,1774917000,Up,88575036001923099357927134537191900875577654795416166353365157236150907905650,20185144917101351762095387621347858550182589456475538683864077906296334124849,0.52,0.53,229.39,43.0,0.01,0.47,0.48,43.0,229.39,0.01,0.525,0.475,0.157862,0.842138,66662.24
1774916544993,2026-03-31T00:22:24.993,btc-updown-15m-1774916100,1774917000,Up,88575036001923099357927134537191900875577654795416166353365157236150907905650,20185144917101351762095387621347858550182589456475538683864077906296334124849,0.51,0.53,251.04,34.91,0.02,0.47,0.49,34.91,251.04,0.02,0.52,0.48,0.122084,0.877916,66662.24
1774916545993,2026-03-31T00:22:25.993,btc-updown-15m-1774916100,1774917000,Up,88575036001923099357927134537191900875577654795416166353365157236150907905650,20185144917101351762095387621347858550182589456475538683864077906296334124849,0.5,0.52,1285.67,61.57,0.02,0.48,0.5,61.57,1285.67,0.02,0.51,0.49,0.045701,0.954299,66662.24
1774916546994,2026-03-31T00:22:26.994,btc-updown-15m-1774916100,1774917000,Up,88575036001923099357927134537191900875577654795416166353365157236150907905650,20185144917101351762095387621347858550182589456475538683864077906296334124849,0.5,0.51,107.71,21.57,0.01,0.49,0.5,21.57,107.71,0.01,0.505,0.495,0.166847,0.833153,66662.24
1774916547995,2026-03-31T00:22:27.995,btc-updown-15m-1774916100,1774917000,Up,88575036001923099357927134537191900875577654795416166353365157236150907905650,20185144917101351762095387621347858550182589456475538683864077906296334124849,0.49,0.5,42.0,450.32,0.01,0.5,0.51,450.32,42.0,0.01,0.495,0.505,0.91469,0.08531,66662.25
1774916548996,2026-03-31T00:22:28.996,btc-updown-15m-1774916100,1774917000,Up,88575036001923099357927134537191900875577654795416166353365157236150907905650,20185144917101351762095387621347858550182589456475538683864077906296334124849,0.48,0.49,186.87,15.0,0.01,0.51,0.52,15.0,186.87,0.01,0.485,0.515,0.074305,0.925695,66662.25
1774916549997,2026-03-31T00:22:29.997,btc-updown-15m-1774916100,1774917000,Up,88575036001923099357927134537191900875577654795416166353365157236150907905650,20185144917101351762095387621347858550182589456475538683864077906296334124849,0.46,0.48,1100.58,28.0,0.02,0.52,0.54,28.0,1100.58,0.02,0.47,0.53,0.02481,0.97519,66662.25
1774916550998,2026-03-31T00:22:30.998,btc-updown-15m-1774916100,1774917000,Up,88575036001923099357927134537191900875577654795416166353365157236150907905650,20185144917101351762095387621347858550182589456475538683864077906296334124849,0.45,0.46,145.0,54.59,0.01,0.54,0.55,54.59,145.0,0.01,0.455,0.545,0.273511,0.726489,66649.57
1774916551998,2026-03-31T00:22:31.998,btc-updown-15m-1774916100,1774917000,Up,88575036001923099357927134537191900875577654795416166353365157236150907905650,20185144917101351762095387621347858550182589456475538683864077906296334124849,0.45,0.46,50.0,437.64,0.01,0.54,0.55,437.64,50.0,0.01,0.455,0.545,0.897465,0.102535,66649.57
1774916552999,2026-03-31T00:22:32.999,btc-updown-15m-1774916100,1774917000,Up,88575036001923099357927134537191900875577654795416166353365157236150907905650,20185144917101351762095387621347858550182589456475538683864077906296334124849,0.45,0.46,75.0,92.59,0.01,0.54,0.55,267.07,30.0,0.01,0.455,0.545,0.552479,0.100986,66649.57
1774916554000,2026-03-31T00:22:34.000,btc-updown-15m-1774916100,1774917000,Up,88575036001923099357927134537191900875577654795416166353365157236150907905650,20185144917101351762095387621347858550182589456475538683864077906296334124849,0.48,0.49,5.22,1298.36,0.01,0.51,0.52,1298.36,5.22,0.01,0.485,0.515,0.995996,0.004004,66662.24
1774916555000,2026-03-31T00:22:35.000,btc-updown-15m-1774916100,1774917000,Up,88575036001923099357927134537191900875577654795416166353365157236150907905650,20185144917101351762095387621347858550182589456475538683864077906296334124849,0.51,0.53,6.34,378.0,0.02,0.47,0.49,378.0,6.34,0.02,0.52,0.48,0.983504,0.016496,66662.24
1774916556001,2026-03-31T00:22:36.001,btc-updown-15m-1774916100,1774917000,Up,88575036001923099357927134537191900875577654795416166353365157236150907905650,20185144917101351762095387621347858550182589456475538683864077906296334124849,0.52,0.53,31.34,126.0,0.01,0.47,0.48,126.0,31.34,0.01,0.525,0.475,0.800814,0.199186,66662.24
1774916557001,2026-03-31T00:22:37.001,btc-updown-15m-1774916100,1774917000,Up,88575036001923099357927134537191900875577654795416166353365157236150907905650,20185144917101351762095387621347858550182589456475538683864077906296334124849,0.52,0.53,31.34,70.56,0.01,0.47,0.48,70.56,31.34,0.01,0.525,0.475,0.692444,0.307556,66662.24
1774916558002,2026-03-31T00:22:38.002,btc-updown-15m-1774916100,1774917000,Up,88575036001923099357927134537191900875577654795416166353365157236150907905650,20185144917101351762095387621347858550182589456475538683864077906296334124849,0.52,0.53,65.34,13.0,0.01,0.47,0.48,13.0,65.34,0.01,0.525,0.475,0.165943,0.834057,66662.24
1774916559002,2026-03-31T00:22:39.002,btc-updown-15m-1774916100,1774917000,Up,88575036001923099357927134537191900875577654795416166353365157236150907905650,20185144917101351762095387621347858550182589456475538683864077906296334124849,0.52,0.53,70.34,11.0,0.01,0.47,0.48,11.0,70.34,0.01,0.525,0.475,0.135235,0.864765,66662.24
1774916560004,2026-03-31T00:22:40.004,btc-updown-15m-1774916100,1774917000,Up,88575036001923099357927134537191900875577654795416166353365157236150907905650,20185144917101351762095387621347858550182589456475538683864077906296334124849,0.52,0.53,70.34,24.23,0.01,0.47,0.48,24.23,70.34,0.01,0.525,0.475,0.256212,0.743788,66662.23
1774916561005,2026-03-31T00:22:41.005,btc-updown-15m-1774916100,1774917000,Up,88575036001923099357927134537191900875577654795416166353365157236150907905650,20185144917101351762095387621347858550182589456475538683864077906296334124849,0.5,0.51,1092.0,69.42,0.01,0.49,0.5,69.42,1092.0,0.01,0.505,0.495,0.059772,0.940228,66662.23
1774916562006,2026-03-31T00:22:42.006,btc-updown-15m-1774916100,1774917000,Up,88575036001923099357927134537191900875577654795416166353365157236150907905650,20185144917101351762095387621347858550182589456475538683864077906296334124849,0.46,0.48,1071.71,128.69,0.02,0.52,0.54,128.69,1071.71,0.02,0.47,0.53,0.107206,0.892794,66662.23
1774916563006,2026-03-31T00:22:43.006,btc-updown-15m-1774916100,1774917000,Up,88575036001923099357927134537191900875577654795416166353365157236150907905650,20185144917101351762095387621347858550182589456475538683864077906296334124849,0.46,0.47,332.25,86.55,0.01,0.53,0.54,86.55,332.25,0.01,0.465,0.535,0.206662,0.793338,66657.66
1774916564007,2026-03-31T00:22:44.007,btc-updown-15m-1774916100,1774917000,Up,88575036001923099357927134537191900875577654795416166353365157236150907905650,20185144917101351762095387621347858550182589456475538683864077906296334124849,0.46,0.47,274.12,96.75,0.01,0.53,0.54,96.75,274.12,0.01,0.465,0.535,0.260873,0.739127,66657.66
1774916565008,2026-03-31T00:22:45.008,btc-updown-15m-1774916100,1774917000,Up,88575036001923099357927134537191900875577654795416166353365157236150907905650,20185144917101351762095387621347858550182589456475538683864077906296334124849,0.48,0.5,68.0,240.5,0.02,0.5,0.52,240.5,68.0,0.02,0.49,0.51,0.779579,0.220421,66657.66
1774916566008,2026-03-31T00:22:46.008,btc-updown-15m-1774916100,1774917000,Up,88575036001923099357927134537191900875577654795416166353365157236150907905650,20185144917101351762095387621347858550182589456475538683864077906296334124849,0.49,0.5,41.0,107.3,0.01,0.5,0.51,107.3,41.0,0.01,0.495,0.505,0.723533,0.276467,66657.66
1774916567009,2026-03-31T00:22:47.009,btc-updown-15m-1774916100,1774917000,Up,88575036001923099357927134537191900875577654795416166353365157236150907905650,20185144917101351762095387621347858550182589456475538683864077906296334124849,0.49,0.5,41.0,1289.98,0.01,0.5,0.51,1289.98,41.0,0.01,0.495,0.505,0.969196,0.030804,66657.66
1774916568009,2026-03-31T00:22:48.009,btc-updown-15m-1774916100,1774917000,Up,88575036001923099357927134537191900875577654795416166353365157236150907905650,20185144917101351762095387621347858550182589456475538683864077906296334124849,0.49,0.5,41.0,1270.98,0.01,0.5,0.51,1270.98,41.0,0.01,0.495,0.505,0.96875,0.03125,66657.66
1774916569010,2026-03-31T00:22:49.010,btc-updown-15m-1774916100,1774917000,Up,88575036001923099357927134537191900875577654795416166353365157236150907905650,20185144917101351762095387621347858550182589456475538683864077906296334124849,0.5,0.51,124.6,79.29,0.01,0.49,0.5,79.29,124.6,0.01,0.505,0.495,0.388886,0.611114,66657.66
1774916570011,2026-03-31T00:22:50.011,btc-updown-15m-1774916100,1774917000,Up,88575036001923099357927134537191900875577654795416166353365157236150907905650,20185144917101351762095387621347858550182589456475538683864077906296334124849,0.48,0.49,10.0,57.5,0.01,0.51,0.52,57.5,10.0,0.01,0.485,0.515,0.851852,0.148148,66657.66
1774916571012,2026-03-31T00:22:51.012,btc-updown-15m-1774916100,1774917000,Up,88575036001923099357927134537191900875577654795416166353365157236150907905650,20185144917101351762095387621347858550182589456475538683864077906296334124849,0.51,0.53,167.5,1673.5,0.02,0.47,0.49,1673.5,167.5,0.02,0.52,0.48,0.909017,0.090983,66657.66
1774916572013,2026-03-31T00:22:52.013,btc-updown-15m-1774916100,1774917000,Up,88575036001923099357927134537191900875577654795416166353365157236150907905650,20185144917101351762095387621347858550182589456475538683864077906296334124849,0.52,0.53,135.0,1140.6,0.01,0.47,0.48,1140.6,135.0,0.01,0.525,0.475,0.894167,0.105833,66667.21
1774916573013,2026-03-31T00:22:53.013,btc-updown-15m-1774916100,1774917000,Up,88575036001923099357927134537191900875577654795416166353365157236150907905650,20185144917101351762095387621347858550182589456475538683864077906296334124849,0.51,0.53,1625.0,77.0,0.02,0.47,0.49,77.0,1625.0,0.02,0.52,0.48,0.045241,0.954759,66667.21
1774916574014,2026-03-31T00:22:54.014,btc-updown-15m-1774916100,1774917000,Up,88575036001923099357927134537191900875577654795416166353365157236150907905650,20185144917101351762095387621347858550182589456475538683864077906296334124849,0.48,0.49,146.37,49.5,0.01,0.51,0.52,49.5,146.37,0.01,0.485,0.515,0.252719,0.747281,66667.21
1774916575015,2026-03-31T00:22:55.015,btc-updown-15m-1774916100,1774917000,Up,88575036001923099357927134537191900875577654795416166353365157236150907905650,20185144917101351762095387621347858550182589456475538683864077906296334124849,0.48,0.49,128.73,70.91,0.01,0.51,0.52,70.91,128.73,0.01,0.485,0.515,0.355189,0.644811,66662.55
1774916576016,2026-03-31T00:22:56.016,btc-updown-15m-1774916100,1774917000,Up,88575036001923099357927134537191900875577654795416166353365157236150907905650,20185144917101351762095387621347858550182589456475538683864077906296334124849,0.49,0.5,183.92,54.0,0.01,0.5,0.51,54.0,183.92,0.01,0.495,0.505,0.226967,0.773033,66662.55
1774916577016,2026-03-31T00:22:57.016,btc-updown-15m-1774916100,1774917000,Up,88575036001923099357927134537191900875577654795416166353365157236150907905650,20185144917101351762095387621347858550182589456475538683864077906296334124849,0.48,0.49,7.76,1268.85,0.01,0.51,0.52,1268.85,7.76,0.01,0.485,0.515,0.993921,0.006079,66662.55
1774916578017,2026-03-31T00:22:58.017,btc-updown-15m-1774916100,1774917000,Up,88575036001923099357927134537191900875577654795416166353365157236150907905650,20185144917101351762095387621347858550182589456475538683864077906296334124849,0.48,0.49,5.43,1095.96,0.01,0.51,0.52,1095.96,5.43,0.01,0.485,0.515,0.99507,0.00493,66662.55
1774916579018,2026-03-31T00:22:59.018,btc-updown-15m-1774916100,1774917000,Up,88575036001923099357927134537191900875577654795416166353365157236150907905650,20185144917101351762095387621347858550182589456475538683864077906296334124849,0.51,0.55,30.0,1400.34,0.04,0.45,0.49,1400.34,30.0,0.04,0.53,0.47,0.979026,0.020974,66662.55
1774916580018,2026-03-31T00:23:00.018,btc-updown-15m-1774916100,1774917000,Up,88575036001923099357927134537191900875577654795416166353365157236150907905650,20185144917101351762095387621347858550182589456475538683864077906296334124849,0.55,0.56,262.5,1087.57,0.01,0.44,0.45,1087.57,262.5,0.01,0.555,0.445,0.805566,0.194434,66662.55
1774916581018,2026-03-31T00:23:01.018,btc-updown-15m-1774916100,1774917000,Up,88575036001923099357927134537191900875577654795416166353365157236150907905650,20185144917101351762095387621347858550182589456475538683864077906296334124849,0.55,0.56,406.79,49.09,0.01,0.44,0.45,49.09,406.79,0.01,0.555,0.445,0.107682,0.892318,66668.51
1774916582020,2026-03-31T00:23:02.020,btc-updown-15m-1774916100,1774917000,Up,88575036001923099357927134537191900875577654795416166353365157236150907905650,20185144917101351762095387621347858550182589456475538683864077906296334124849,0.55,0.56,397.86,28.09,0.01,0.44,0.45,28.09,397.86,0.01,0.555,0.445,0.065947,0.934053,66668.51
1774916583020,2026-03-31T00:23:03.020,btc-updown-15m-1774916100,1774917000,Up,88575036001923099357927134537191900875577654795416166353365157236150907905650,20185144917101351762095387621347858550182589456475538683864077906296334124849,0.57,0.58,87.5,497.52,0.01,0.42,0.43,497.52,87.5,0.01,0.575,0.425,0.850432,0.149568,66668.51
1774916584021,2026-03-31T00:23:04.021,btc-updown-15m-1774916100,1774917000,Up,88575036001923099357927134537191900875577654795416166353365157236150907905650,20185144917101351762095387621347858550182589456475538683864077906296334124849,0.57,0.58,56.49,1237.96,0.01,0.42,0.43,1237.96,56.49,0.01,0.575,0.425,0.95636,0.04364,66673.26
1774916585021,2026-03-31T00:23:05.021,btc-updown-15m-1774916100,1774917000,Up,88575036001923099357927134537191900875577654795416166353365157236150907905650,20185144917101351762095387621347858550182589456475538683864077906296334124849,0.58,0.59,72.38,1132.85,0.01,0.41,0.42,1138.85,72.38,0.01,0.585,0.415,0.939945,0.059757,66673.26
1774916586022,2026-03-31T00:23:06.022,btc-updown-15m-1774916100,1774917000,Up,88575036001923099357927134537191900875577654795416166353365157236150907905650,20185144917101351762095387621347858550182589456475538683864077906296334124849,0.58,0.59,54.22,58.2,0.01,0.41,0.42,58.2,54.22,0.01,0.585,0.415,0.517701,0.482299,66673.26
1774916587022,2026-03-31T00:23:07.022,btc-updown-15m-1774916100,1774917000,Up,88575036001923099357927134537191900875577654795416166353365157236150907905650,20185144917101351762095387621347858550182589456475538683864077906296334124849,0.58,0.59,16.87,1063.8,0.01,0.41,0.42,1063.8,16.87,0.01,0.585,0.415,0.984389,0.015611,66675.61
1774916588023,2026-03-31T00:23:08.023,btc-updown-15m-1774916100,1774917000,Up,88575036001923099357927134537191900875577654795416166353365157236150907905650,20185144917101351762095387621347858550182589456475538683864077906296334124849,0.58,0.59,16.87,1227.8,0.01,0.41,0.42,1227.8,16.87,0.01,0.585,0.415,0.986446,0.013554,66675.61
1774916589023,2026-03-31T00:23:09.023,btc-updown-15m-1774916100,1774917000,Up,88575036001923099357927134537191900875577654795416166353365157236150907905650,20185144917101351762095387621347858550182589456475538683864077906296334124849,0.58,0.59,21.87,1219.28,0.01,0.41,0.42,1219.28,21.87,0.01,0.585,0.415,0.982379,0.017621,66675.61
1774916590024,2026-03-31T00:23:10.024,btc-updown-15m-1774916100,1774917000,Up,88575036001923099357927134537191900875577654795416166353365157236150907905650,20185144917101351762095387621347858550182589456475538683864077906296334124849,0.59,0.6,143.61,206.48,0.01,0.4,0.41,206.48,143.61,0.01,0.595,0.405,0.589791,0.410209,66682.56
1774916591024,2026-03-31T00:23:11.024,btc-updown-15m-1774916100,1774917000,Up,88575036001923099357927134537191900875577654795416166353365157236150907905650,20185144917101351762095387621347858550182589456475538683864077906296334124849,0.65,0.66,220.39,112.07,0.01,0.34,0.35,112.07,220.39,0.01,0.655,0.345,0.337093,0.662907,66682.56
1774916592025,2026-03-31T00:23:12.025,btc-updown-15m-1774916100,1774917000,Up,88575036001923099357927134537191900875577654795416166353365157236150907905650,20185144917101351762095387621347858550182589456475538683864077906296334124849,0.65,0.66,217.1,181.21,0.01,0.34,0.35,181.21,217.1,0.01,0.655,0.345,0.454947,0.545053,66682.56
1774916593025,2026-03-31T00:23:13.025,btc-updown-15m-1774916100,1774917000,Up,88575036001923099357927134537191900875577654795416166353365157236150907905650,20185144917101351762095387621347858550182589456475538683864077906296334124849,0.65,0.66,87.37,933.82,0.01,0.34,0.35,933.82,87.37,0.01,0.655,0.345,0.914443,0.085557,66690.62
1774916594027,2026-03-31T00:23:14.027,btc-updown-15m-1774916100,1774917000,Up,88575036001923099357927134537191900875577654795416166353365157236150907905650,20185144917101351762095387621347858550182589456475538683864077906296334124849,0.65,0.66,99.09,932.82,0.01,0.34,0.35,932.82,99.09,0.01,0.655,0.345,0.903974,0.096026,66690.62
1774916595028,2026-03-31T00:23:15.028,btc-updown-15m-1774916100,1774917000,Up,88575036001923099357927134537191900875577654795416166353365157236150907905650,20185144917101351762095387621347858550182589456475538683864077906296334124849,0.65,0.66,32.87,983.82,0.01,0.34,0.35,983.82,32.87,0.01,0.655,0.345,0.96767,0.03233,66690.62
1774916596029,2026-03-31T00:23:16.029,btc-updown-15m-1774916100,1774917000,Up,88575036001923099357927134537191900875577654795416166353365157236150907905650,20185144917101351762095387621347858550182589456475538683864077906296334124849,0.67,0.68,4.91,1415.71,0.01,0.32,0.33,1415.71,21.91,0.01,0.675,0.325,0.996544,0.01524,66699.99
1774916597029,2026-03-31T00:23:17.029,btc-updown-15m-1774916100,1774917000,Up,88575036001923099357927134537191900875577654795416166353365157236150907905650,20185144917101351762095387621347858550182589456475538683864077906296334124849,0.68,0.69,18.69,1377.85,0.01,0.31,0.32,1377.85,18.69,0.01,0.685,0.315,0.986617,0.013383,66699.99
1774916598029,2026-03-31T00:23:18.029,btc-updown-15m-1774916100,1774917000,Up,88575036001923099357927134537191900875577654795416166353365157236150907905650,20185144917101351762095387621347858550182589456475538683864077906296334124849,0.69,0.7,302.57,983.22,0.01,0.3,0.31,983.22,302.57,0.01,0.695,0.305,0.764682,0.235318,66699.99
1774916599030,2026-03-31T00:23:19.030,btc-updown-15m-1774916100,1774917000,Up,88575036001923099357927134537191900875577654795416166353365157236150907905650,20185144917101351762095387621347858550182589456475538683864077906296334124849,0.69,0.7,104.93,968.52,0.01,0.3,0.31,968.52,104.93,0.01,0.695,0.305,0.90225,0.09775,66699.99
1774916600031,2026-03-31T00:23:20.031,btc-updown-15m-1774916100,1774917000,Up,88575036001923099357927134537191900875577654795416166353365157236150907905650,20185144917101351762095387621347858550182589456475538683864077906296334124849,0.69,0.7,94.0,243.52,0.01,0.3,0.31,243.52,94.0,0.01,0.695,0.305,0.721498,0.278502,66699.99
1774916601032,2026-03-31T00:23:21.032,btc-updown-15m-1774916100,1774917000,Up,88575036001923099357927134537191900875577654795416166353365157236150907905650,20185144917101351762095387621347858550182589456475538683864077906296334124849,0.69,0.7,307.95,178.24,0.01,0.3,0.31,178.24,307.95,0.01,0.695,0.305,0.366606,0.633394,66699.99
1774916602032,2026-03-31T00:23:22.032,btc-updown-15m-1774916100,1774917000,Up,88575036001923099357927134537191900875577654795416166353365157236150907905650,20185144917101351762095387621347858550182589456475538683864077906296334124849,0.67,0.68,1393.18,83.08,0.01,0.32,0.33,83.08,1393.18,0.01,0.675,0.325,0.056277,0.943723,66699.99
1774916603033,2026-03-31T00:23:23.033,btc-updown-15m-1774916100,1774917000,Up,88575036001923099357927134537191900875577654795416166353365157236150907905650,20185144917101351762095387621347858550182589456475538683864077906296334124849,0.67,0.68,350.98,56.98,0.01,0.32,0.33,56.98,350.98,0.01,0.675,0.325,0.139671,0.860329,66699.99
1774916604034,2026-03-31T00:23:24.034,btc-updown-15m-1774916100,1774917000,Up,88575036001923099357927134537191900875577654795416166353365157236150907905650,20185144917101351762095387621347858550182589456475538683864077906296334124849,0.67,0.68,364.47,77.0,0.01,0.32,0.33,77.0,364.47,0.01,0.675,0.325,0.174417,0.825583,66699.99
1774916605034,2026-03-31T00:23:25.034,btc-updown-15m-1774916100,1774917000,Up,88575036001923099357927134537191900875577654795416166353365157236150907905650,20185144917101351762095387621347858550182589456475538683864077906296334124849,0.67,0.68,114.43,100.8,0.01,0.32,0.33,100.8,114.43,0.01,0.675,0.325,0.468336,0.531664,66699.99
1774916606035,2026-03-31T00:23:26.035,btc-updown-15m-1774916100,1774917000,Up,88575036001923099357927134537191900875577654795416166353365157236150907905650,20185144917101351762095387621347858550182589456475538683864077906296334124849,0.67,0.68,114.67,124.8,0.01,0.32,0.33,124.8,114.67,0.01,0.675,0.325,0.521151,0.478849,66699.99
1774916607036,2026-03-31T00:23:27.036,btc-updown-15m-1774916100,1774917000,Up,88575036001923099357927134537191900875577654795416166353365157236150907905650,20185144917101351762095387621347858550182589456475538683864077906296334124849,0.69,0.7,63.0,387.36,0.01,0.3,0.31,387.36,63.0,0.01,0.695,0.305,0.860112,0.139888,66699.99
1774916608037,2026-03-31T00:23:28.037,btc-updown-15m-1774916100,1774917000,Up,88575036001923099357927134537191900875577654795416166353365157236150907905650,20185144917101351762095387621347858550182589456475538683864077906296334124849,0.67,0.68,259.0,48.8,0.01,0.32,0.33,48.8,259.0,0.01,0.675,0.325,0.158545,0.841455,66699.99
1774916609038,2026-03-31T00:23:29.038,btc-updown-15m-1774916100,1774917000,Up,88575036001923099357927134537191900875577654795416166353365157236150907905650,20185144917101351762095387621347858550182589456475538683864077906296334124849,0.65,0.66,19.0,225.72,0.01,0.34,0.35,225.72,19.0,0.01,0.655,0.345,0.92236,0.07764,66699.99
1774916610040,2026-03-31T00:23:30.040,btc-updown-15m-1774916100,1774917000,Up,88575036001923099357927134537191900875577654795416166353365157236150907905650,20185144917101351762095387621347858550182589456475538683864077906296334124849,0.66,0.67,87.31,79.0,0.01,0.33,0.34,60.0,76.31,0.01,0.665,0.335,0.475017,0.559827,66699.99
1774916611040,2026-03-31T00:23:31.040,btc-updown-15m-1774916100,1774917000,Up,88575036001923099357927134537191900875577654795416166353365157236150907905650,20185144917101351762095387621347858550182589456475538683864077906296334124849,0.68,0.7,40.71,47.0,0.02,0.3,0.32,47.0,40.71,0.02,0.69,0.31,0.535857,0.464143,66702.3
1774916612041,2026-03-31T00:23:32.041,btc-updown-15m-1774916100,1774917000,Up,88575036001923099357927134537191900875577654795416166353365157236150907905650,20185144917101351762095387621347858550182589456475538683864077906296334124849,0.69,0.7,329.94,34.0,0.01,0.3,0.31,34.0,329.94,0.01,0.695,0.305,0.093422,0.906578,66702.3
1774916613041,2026-03-31T00:23:33.041,btc-updown-15m-1774916100,1774917000,Up,88575036001923099357927134537191900875577654795416166353365157236150907905650,20185144917101351762095387621347858550182589456475538683864077906296334124849,0.68,0.69,250.79,97.0,0.01,0.31,0.32,97.0,250.79,0.01,0.685,0.315,0.278904,0.721096,66702.3
1774916614042,2026-03-31T00:23:34.042,btc-updown-15m-1774916100,1774917000,Up,88575036001923099357927134537191900875577654795416166353365157236150907905650,20185144917101351762095387621347858550182589456475538683864077906296334124849,0.67,0.69,168.52,241.73,0.02,0.31,0.33,241.73,168.52,0.02,0.68,0.32,0.589226,0.410774,66700.23
1774916615043,2026-03-31T00:23:35.043,btc-updown-15m-1774916100,1774917000,Up,88575036001923099357927134537191900875577654795416166353365157236150907905650,20185144917101351762095387621347858550182589456475538683864077906296334124849,0.67,0.68,184.25,451.2,0.01,0.32,0.33,451.2,184.25,0.01,0.675,0.325,0.710048,0.289952,66700.23
1774916616044,2026-03-31T00:23:36.044,btc-updown-15m-1774916100,1774917000,Up,88575036001923099357927134537191900875577654795416166353365157236150907905650,20185144917101351762095387621347858550182589456475538683864077906296334124849,0.67,0.68,198.93,445.2,0.01,0.32,0.33,445.2,198.93,0.01,0.675,0.325,0.691165,0.308835,66700.23
1774916617044,2026-03-31T00:23:37.044,btc-updown-15m-1774916100,1774917000,Up,88575036001923099357927134537191900875577654795416166353365157236150907905650,20185144917101351762095387621347858550182589456475538683864077906296334124849,0.61,0.63,14.0,57.67,0.02,0.37,0.39,57.67,14.0,0.02,0.62,0.38,0.80466,0.19534,66688.62
1774916618045,2026-03-31T00:23:38.045,btc-updown-15m-1774916100,1774917000,Up,88575036001923099357927134537191900875577654795416166353365157236150907905650,20185144917101351762095387621347858550182589456475538683864077906296334124849,0.51,0.54,503.74,3.93,0.03,0.46,0.49,3.93,503.74,0.03,0.525,0.475,0.007741,0.992259,66688.62
1774916619046,2026-03-31T00:23:39.046,btc-updown-15m-1774916100,1774917000,Up,88575036001923099357927134537191900875577654795416166353365157236150907905650,20185144917101351762095387621347858550182589456475538683864077906296334124849,0.41,0.44,15.0,26.0,0.03,0.56,0.59,26.0,15.0,0.03,0.425,0.575,0.634146,0.365854,66688.62
1774916620046,2026-03-31T00:23:40.046,btc-updown-15m-1774916100,1774917000,Up,88575036001923099357927134537191900875577654795416166353365157236150907905650,20185144917101351762095387621347858550182589456475538683864077906296334124849,0.39,0.4,643.0,5.5,0.01,0.6,0.61,5.5,643.0,0.01,0.395,0.605,0.008481,0.991519,66640.34
1774916621046,2026-03-31T00:23:41.046,btc-updown-15m-1774916100,1774917000,Up,88575036001923099357927134537191900875577654795416166353365157236150907905650,20185144917101351762095387621347858550182589456475538683864077906296334124849,0.35,0.36,87.13,5.0,0.01,0.64,0.65,5.0,87.13,0.01,0.355,0.645,0.054271,0.945729,66640.34
1774916622047,2026-03-31T00:23:42.047,btc-updown-15m-1774916100,1774917000,Up,88575036001923099357927134537191900875577654795416166353365157236150907905650,20185144917101351762095387621347858550182589456475538683864077906296334124849,0.33,0.34,227.18,230.22,0.01,0.66,0.67,230.22,227.18,0.01,0.335,0.665,0.503323,0.496677,66640.34
1774916623047,2026-03-31T00:23:43.047,btc-updown-15m-1774916100,1774917000,Up,88575036001923099357927134537191900875577654795416166353365157236150907905650,20185144917101351762095387621347858550182589456475538683864077906296334124849,0.31,0.32,725.67,204.3,0.01,0.68,0.7,214.0,346.74,0.02,0.315,0.69,0.219685,0.618361,66626.3
1774916624048,2026-03-31T00:23:44.048,btc-updown-15m-1774916100,1774917000,Up,88575036001923099357927134537191900875577654795416166353365157236150907905650,20185144917101351762095387621347858550182589456475538683864077906296334124849,0.31,0.32,852.11,255.95,0.01,0.68,0.69,255.95,852.11,0.01,0.315,0.685,0.230989,0.769011,66626.3
1774916625049,2026-03-31T00:23:45.049,btc-updown-15m-1774916100,1774917000,Up,88575036001923099357927134537191900875577654795416166353365157236150907905650,20185144917101351762095387621347858550182589456475538683864077906296334124849,0.27,0.28,1087.88,91.07,0.01,0.72,0.73,91.07,1087.88,0.01,0.275,0.725,0.077247,0.922753,66626.3
1774916626049,2026-03-31T00:23:46.049,btc-updown-15m-1774916100,1774917000,Up,88575036001923099357927134537191900875577654795416166353365157236150907905650,20185144917101351762095387621347858550182589456475538683864077906296334124849,0.23,0.25,1138.96,341.0,0.02,0.75,0.77,341.0,1138.96,0.02,0.24,0.76,0.230412,0.769588,66600.37
1774916627050,2026-03-31T00:23:47.050,btc-updown-15m-1774916100,1774917000,Up,88575036001923099357927134537191900875577654795416166353365157236150907905650,20185144917101351762095387621347858550182589456475538683864077906296334124849,0.17,0.18,37.0,507.0,0.01,0.82,0.83,507.0,37.0,0.01,0.175,0.825,0.931985,0.068015,66600.37
1774916628051,2026-03-31T00:23:48.051,btc-updown-15m-1774916100,1774917000,Up,88575036001923099357927134537191900875577654795416166353365157236150907905650,20185144917101351762095387621347858550182589456475538683864077906296334124849,0.24,0.25,74.0,23.84,0.01,0.75,0.76,23.84,74.0,0.01,0.245,0.755,0.243663,0.756337,66600.37
1774916629052,2026-03-31T00:23:49.052,btc-updown-15m-1774916100,1774917000,Up,88575036001923099357927134537191900875577654795416166353365157236150907905650,20185144917101351762095387621347858550182589456475538683864077906296334124849,0.24,0.25,11.35,68.32,0.01,0.75,0.76,68.32,11.35,0.01,0.245,0.755,0.857537,0.142463,66596.0
1774916630052,2026-03-31T00:23:50.052,btc-updown-15m-1774916100,1774917000,Up,88575036001923099357927134537191900875577654795416166353365157236150907905650,20185144917101351762095387621347858550182589456475538683864077906296334124849,0.24,0.25,311.27,68.32,0.01,0.75,0.76,68.32,311.27,0.01,0.245,0.755,0.179984,0.820016,66596.0
1774916631053,2026-03-31T00:23:51.053,btc-updown-15m-1774916100,1774917000,Up,88575036001923099357927134537191900875577654795416166353365157236150907905650,20185144917101351762095387621347858550182589456475538683864077906296334124849,0.24,0.25,383.48,108.72,0.01,0.75,0.76,108.72,383.48,0.01,0.245,0.755,0.220886,0.779114,66596.0
1774916632053,2026-03-31T00:23:52.053,btc-updown-15m-1774916100,1774917000,Up,88575036001923099357927134537191900875577654795416166353365157236150907905650,20185144917101351762095387621347858550182589456475538683864077906296334124849,0.24,0.25,381.02,52.4,0.01,0.75,0.76,52.4,381.02,0.01,0.245,0.755,0.120899,0.879101,66605.1
1774916633054,2026-03-31T00:23:53.054,btc-updown-15m-1774916100,1774917000,Up,88575036001923099357927134537191900875577654795416166353365157236150907905650,20185144917101351762095387621347858550182589456475538683864077906296334124849,0.26,0.27,84.89,251.69,0.01,0.73,0.74,251.69,84.89,0.01,0.265,0.735,0.747787,0.252213,66605.1
1774916634055,2026-03-31T00:23:54.055,btc-updown-15m-1774916100,1774917000,Up,88575036001923099357927134537191900875577654795416166353365157236150907905650,20185144917101351762095387621347858550182589456475538683864077906296334124849,0.29,0.3,991.92,148.0,0.01,0.7,0.71,148.0,991.92,0.01,0.295,0.705,0.129834,0.870166,66605.1
1774916635055,2026-03-31T00:23:55.055,btc-updown-15m-1774916100,1774917000,Up,88575036001923099357927134537191900875577654795416166353365157236150907905650,20185144917101351762095387621347858550182589456475538683864077906296334124849,0.29,0.3,312.0,44.83,0.01,0.7,0.71,44.83,312.0,0.01,0.295,0.705,0.125634,0.874366,66612.0
1774916636056,2026-03-31T00:23:56.056,btc-updown-15m-1774916100,1774917000,Up,88575036001923099357927134537191900875577654795416166353365157236150907905650,20185144917101351762095387621347858550182589456475538683864077906296334124849,0.3,0.31,55.0,130.0,0.01,0.69,0.7,130.0,55.0,0.01,0.305,0.695,0.702703,0.297297,66612.0
1774916637057,2026-03-31T00:23:57.057,btc-updown-15m-1774916100,1774917000,Up,88575036001923099357927134537191900875577654795416166353365157236150907905650,20185144917101351762095387621347858550182589456475538683864077906296334124849,0.32,0.33,339.46,123.0,0.01,0.67,0.68,123.0,339.46,0.01,0.325,0.675,0.265969,0.734031,66612.0
1774916638058,2026-03-31T00:23:58.058,btc-updown-15m-1774916100,1774917000,Up,88575036001923099357927134537191900875577654795416166353365157236150907905650,20185144917101351762095387621347858550182589456475538683864077906296334124849,0.34,0.35,61.39,125.0,0.01,0.65,0.66,125.0,61.39,0.01,0.345,0.655,0.670637,0.329363,66619.24
1774916639059,2026-03-31T00:23:59.059,btc-updown-15m-1774916100,1774917000,Up,88575036001923099357927134537191900875577654795416166353365157236150907905650,20185144917101351762095387621347858550182589456475538683864077906296334124849,0.33,0.34,29.55,55.0,0.01,0.66,0.67,55.0,29.55,0.01,0.335,0.665,0.650503,0.349497,66619.24
1774916640059,2026-03-31T00:24:00.059,btc-updown-15m-1774916100,1774917000,Up,88575036001923099357927134537191900875577654795416166353365157236150907905650,20185144917101351762095387621347858550182589456475538683864077906296334124849,0.33,0.34,39.69,94.5,0.01,0.66,0.67,94.5,39.69,0.01,0.335,0.665,0.704225,0.295775,66619.24
1774916641060,2026-03-31T00:24:01.060,btc-updown-15m-1774916100,1774917000,Up,88575036001923099357927134537191900875577654795416166353365157236150907905650,20185144917101351762095387621347858550182589456475538683864077906296334124849,0.35,0.38,1268.76,148.46,0.03,0.62,0.65,148.46,1268.76,0.03,0.365,0.635,0.104754,0.895246,66625.92
1774916642061,2026-03-31T00:24:02.061,btc-updown-15m-1774916100,1774917000,Up,88575036001923099357927134537191900875577654795416166353365157236150907905650,20185144917101351762095387621347858550182589456475538683864077906296334124849,0.36,0.37,821.0,43.43,0.01,0.63,0.64,43.43,821.0,0.01,0.365,0.635,0.050241,0.949759,66625.92
1774916643062,2026-03-31T00:24:03.062,btc-updown-15m-1774916100,1774917000,Up,88575036001923099357927134537191900875577654795416166353365157236150907905650,20185144917101351762095387621347858550182589456475538683864077906296334124849,0.36,0.37,812.29,33.52,0.01,0.63,0.64,33.52,812.29,0.01,0.365,0.635,0.039631,0.960369,66625.92
1774916644062,2026-03-31T00:24:04.062,btc-updown-15m-1774916100,1774917000,Up,88575036001923099357927134537191900875577654795416166353365157236150907905650,20185144917101351762095387621347858550182589456475538683864077906296334124849,0.32,0.34,260.02,134.0,0.02,0.66,0.68,134.0,260.02,0.02,0.33,0.67,0.340084,0.659916,66625.92
1774916645063,2026-03-31T00:24:05.063,btc-updown-15m-1774916100,1774917000,Up,88575036001923099357927134537191900875577654795416166353365157236150907905650,20185144917101351762095387621347858550182589456475538683864077906296334124849,0.32,0.33,1024.81,124.0,0.01,0.67,0.68,124.0,1024.81,0.01,0.325,0.675,0.107938,0.892062,66625.92
1774916646064,2026-03-31T00:24:06.064,btc-updown-15m-1774916100,1774917000,Up,88575036001923099357927134537191900875577654795416166353365157236150907905650,20185144917101351762095387621347858550182589456475538683864077906296334124849,0.3,0.31,1112.38,10.01,0.01,0.69,0.7,10.01,1112.38,0.01,0.305,0.695,0.008918,0.991082,66625.92
1774916647065,2026-03-31T00:24:07.065,btc-updown-15m-1774916100,1774917000,Up,88575036001923099357927134537191900875577654795416166353365157236150907905650,20185144917101351762095387621347858550182589456475538683864077906296334124849,0.32,0.34,104.26,1522.0,0.02,0.66,0.68,1522.0,104.26,0.02,0.33,0.67,0.93589,0.06411,66618.81
1774916648065,2026-03-31T00:24:08.065,btc-updown-15m-1774916100,1774917000,Up,88575036001923099357927134537191900875577654795416166353365157236150907905650,20185144917101351762095387621347858550182589456475538683864077906296334124849,0.37,0.38,19.11,74.25,0.01,0.62,0.63,74.25,19.11,0.01,0.375,0.625,0.795308,0.204692,66618.81
1774916649066,2026-03-31T00:24:09.066,btc-updown-15m-1774916100,1774917000,Up,88575036001923099357927134537191900875577654795416166353365157236150907905650,20185144917101351762095387621347858550182589456475538683864077906296334124849,0.38,0.39,83.66,481.8,0.01,0.61,0.62,481.8,83.66,0.01,0.385,0.615,0.85205,0.14795,66618.81
1774916650067,2026-03-31T00:24:10.067,btc-updown-15m-1774916100,1774917000,Up,88575036001923099357927134537191900875577654795416166353365157236150907905650,20185144917101351762095387621347858550182589456475538683864077906296334124849,0.41,0.42,115.5,102.32,0.01,0.58,0.59,102.32,115.5,0.01,0.415,0.585,0.469746,0.530254,66632.0
1774916651068,2026-03-31T00:24:11.068,btc-updown-15m-1774916100,1774917000,Up,88575036001923099357927134537191900875577654795416166353365157236150907905650,20185144917101351762095387621347858550182589456475538683864077906296334124849,0.41,0.42,264.6,103.48,0.01,0.58,0.59,103.48,264.6,0.01,0.415,0.585,0.281135,0.718865,66632.0
1774916652069,2026-03-31T00:24:12.069,btc-updown-15m-1774916100,1774917000,Up,88575036001923099357927134537191900875577654795416166353365157236150907905650,20185144917101351762095387621347858550182589456475538683864077906296334124849,0.41,0.42,462.6,51.03,0.01,0.58,0.59,51.03,462.6,0.01,0.415,0.585,0.099352,0.900648,66632.0
1774916653069,2026-03-31T00:24:13.069,btc-updown-15m-1774916100,1774917000,Up,88575036001923099357927134537191900875577654795416166353365157236150907905650,20185144917101351762095387621347858550182589456475538683864077906296334124849,0.41,0.42,1096.8,53.03,0.01,0.58,0.59,53.03,1096.8,0.01,0.415,0.585,0.04612,0.95388,66633.3
1774916654069,2026-03-31T00:24:14.069,btc-updown-15m-1774916100,1774917000,Up,88575036001923099357927134537191900875577654795416166353365157236150907905650,20185144917101351762095387621347858550182589456475538683864077906296334124849,0.41,0.42,1122.11,51.33,0.01,0.58,0.59,51.33,1122.11,0.01,0.415,0.585,0.043743,0.956257,66633.3
1774916655070,2026-03-31T00:24:15.070,btc-updown-15m-1774916100,1774917000,Up,88575036001923099357927134537191900875577654795416166353365157236150907905650,20185144917101351762095387621347858550182589456475538683864077906296334124849,0.41,0.42,1142.11,31.81,0.01,0.58,0.59,31.81,1142.11,0.01,0.415,0.585,0.027097,0.972903,66633.3
1774916656071,2026-03-31T00:24:16.071,btc-updown-15m-1774916100,1774917000,Up,88575036001923099357927134537191900875577654795416166353365157236150907905650,20185144917101351762095387621347858550182589456475538683864077906296334124849,0.4,0.41,47.0,142.52,0.01,0.59,0.6,142.52,47.0,0.01,0.405,0.595,0.752005,0.247995,66633.29
1774916657071,2026-03-31T00:24:17.071,btc-updown-15m-1774916100,1774917000,Up,88575036001923099357927134537191900875577654795416166353365157236150907905650,20185144917101351762095387621347858550182589456475538683864077906296334124849,0.4,0.41,47.0,1300.52,0.01,0.59,0.6,1300.52,47.0,0.01,0.405,0.595,0.965121,0.034879,66633.29
1774916658072,2026-03-31T00:24:18.072,btc-updown-15m-1774916100,1774917000,Up,88575036001923099357927134537191900875577654795416166353365157236150907905650,20185144917101351762095387621347858550182589456475538683864077906296334124849,0.4,0.41,20.46,1312.64,0.01,0.59,0.6,1312.64,20.46,0.01,0.405,0.595,0.984652,0.015348,66633.29
1774916659073,2026-03-31T00:24:19.073,btc-updown-15m-1774916100,1774917000,Up,88575036001923099357927134537191900875577654795416166353365157236150907905650,20185144917101351762095387621347858550182589456475538683864077906296334124849,0.46,0.47,8.73,1122.75,0.01,0.53,0.54,1122.75,8.73,0.01,0.465,0.535,0.992284,0.007716,66644.27
1774916660073,2026-03-31T00:24:20.073,btc-updown-15m-1774916100,1774917000,Up,88575036001923099357927134537191900875577654795416166353365157236150907905650,20185144917101351762095387621347858550182589456475538683864077906296334124849,0.46,0.47,77.2,273.84,0.01,0.53,0.54,273.84,77.2,0.01,0.465,0.535,0.780082,0.219918,66644.27
1774916661074,2026-03-31T00:24:21.074,btc-updown-15m-1774916100,1774917000,Up,88575036001923099357927134537191900875577654795416166353365157236150907905650,20185144917101351762095387621347858550182589456475538683864077906296334124849,0.46,0.47,82.2,207.63,0.01,0.53,0.54,207.63,82.2,0.01,0.465,0.535,0.716385,0.283615,66644.27
1774916662074,2026-03-31T00:24:22.074,btc-updown-15m-1774916100,1774917000,Up,88575036001923099357927134537191900875577654795416166353365157236150907905650,20185144917101351762095387621347858550182589456475538683864077906296334124849,0.46,0.47,110.2,167.66,0.01,0.53,0.54,167.66,110.2,0.01,0.465,0.535,0.603397,0.396603,66648.62
1774916663074,2026-03-31T00:24:23.074,btc-updown-15m-1774916100,1774917000,Up,88575036001923099357927134537191900875577654795416166353365157236150907905650,20185144917101351762095387621347858550182589456475538683864077906296334124849,0.5,0.51,181.0,12.11,0.01,0.49,0.5,12.11,181.0,0.01,0.505,0.495,0.06271,0.93729,66648.62
1774916664075,2026-03-31T00:24:24.075,btc-updown-15m-1774916100,1774917000,Up,88575036001923099357927134537191900875577654795416166353365157236150907905650,20185144917101351762095387621347858550182589456475538683864077906296334124849,0.53,0.56,5.0,175.24,0.03,0.44,0.47,175.24,5.0,0.03,0.545,0.455,0.972259,0.027741,66648.62
1774916665075,2026-03-31T00:24:25.075,btc-updown-15m-1774916100,1774917000,Up,88575036001923099357927134537191900875577654795416166353365157236150907905650,20185144917101351762095387621347858550182589456475538683864077906296334124849,0.56,0.58,50.0,64.0,0.02,0.42,0.44,64.0,50.0,0.02,0.57,0.43,0.561404,0.438596,66667.27
1774916666077,2026-03-31T00:24:26.077,btc-updown-15m-1774916100,1774917000,Up,88575036001923099357927134537191900875577654795416166353365157236150907905650,20185144917101351762095387621347858550182589456475538683864077906296334124849,0.57,0.58,97.5,1101.8,0.01,0.42,0.43,1101.8,97.5,0.01,0.575,0.425,0.918703,0.081297,66667.27
1774916667078,2026-03-31T00:24:27.078,btc-updown-15m-1774916100,1774917000,Up,88575036001923099357927134537191900875577654795416166353365157236150907905650,20185144917101351762095387621347858550182589456475538683864077906296334124849,0.56,0.58,1466.47,78.0,0.02,0.42,0.44,78.0,1466.47,0.02,0.57,0.43,0.050503,0.949497,66667.27
1774916668079,2026-03-31T00:24:28.079,btc-updown-15m-1774916100,1774917000,Up,88575036001923099357927134537191900875577654795416166353365157236150907905650,20185144917101351762095387621347858550182589456475538683864077906296334124849,0.56,0.57,110.54,82.78,0.01,0.43,0.44,82.78,110.54,0.01,0.565,0.435,0.428202,0.571798,66667.28
1774916669079,2026-03-31T00:24:29.079,btc-updown-15m-1774916100,1774917000,Up,88575036001923099357927134537191900875577654795416166353365157236150907905650,20185144917101351762095387621347858550182589456475538683864077906296334124849,0.56,0.57,79.03,134.0,0.01,0.43,0.44,134.0,79.03,0.01,0.565,0.435,0.629019,0.370981,66667.28
1774916670080,2026-03-31T00:24:30.080,btc-updown-15m-1774916100,1774917000,Up,88575036001923099357927134537191900875577654795416166353365157236150907905650,20185144917101351762095387621347858550182589456475538683864077906296334124849,0.56,0.57,60.03,178.84,0.01,0.43,0.44,178.84,60.03,0.01,0.565,0.435,0.748692,0.251308,66667.28
1774916671081,2026-03-31T00:24:31.081,btc-updown-15m-1774916100,1774917000,Up,88575036001923099357927134537191900875577654795416166353365157236150907905650,20185144917101351762095387621347858550182589456475538683864077906296334124849,0.57,0.61,4.3,10.0,0.04,0.39,0.43,10.0,4.3,0.04,0.59,0.41,0.699301,0.300699,66701.47
1774916672082,2026-03-31T00:24:32.082,btc-updown-15m-1774916100,1774917000,Up,88575036001923099357927134537191900875577654795416166353365157236150907905650,20185144917101351762095387621347858550182589456475538683864077906296334124849,0.7,0.74,361.49,20.0,0.04,0.26,0.3,20.0,361.49,0.04,0.72,0.28,0.052426,0.947574,66701.47
1774916673082,2026-03-31T00:24:33.082,btc-updown-15m-1774916100,1774917000,Up,88575036001923099357927134537191900875577654795416166353365157236150907905650,20185144917101351762095387621347858550182589456475538683864077906296334124849,0.72,0.74,90.17,1465.0,0.02,0.27,0.28,1635.0,54.95,0.01,0.73,0.275,0.942019,0.032516,66701.47
1774916674083,2026-03-31T00:24:34.083,btc-updown-15m-1774916100,1774917000,Up,88575036001923099357927134537191900875577654795416166353365157236150907905650,20185144917101351762095387621347858550182589456475538683864077906296334124849,0.73,0.74,99.55,863.37,0.01,0.26,0.27,863.37,99.55,0.01,0.735,0.265,0.896617,0.103383,66710.13
1774916675083,2026-03-31T00:24:35.083,btc-updown-15m-1774916100,1774917000,Up,88575036001923099357927134537191900875577654795416166353365157236150907905650,20185144917101351762095387621347858550182589456475538683864077906296334124849,0.73,0.74,109.23,845.87,0.01,0.26,0.27,845.87,109.23,0.01,0.735,0.265,0.885635,0.114365,66710.13
1774916676084,2026-03-31T00:24:36.084,btc-updown-15m-1774916100,1774917000,Up,88575036001923099357927134537191900875577654795416166353365157236150907905650,20185144917101351762095387621347858550182589456475538683864077906296334124849,0.73,0.74,88.1,838.87,0.01,0.26,0.27,838.87,88.1,0.01,0.735,0.265,0.904959,0.095041,66710.13
1774916677084,2026-03-31T00:24:37.084,btc-updown-15m-1774916100,1774917000,Up,88575036001923099357927134537191900875577654795416166353365157236150907905650,20185144917101351762095387621347858550182589456475538683864077906296334124849,0.73,0.74,80.61,364.17,0.01,0.26,0.27,364.17,80.61,0.01,0.735,0.265,0.818764,0.181236,66710.13
1774916678085,2026-03-31T00:24:38.085,btc-updown-15m-1774916100,1774917000,Up,88575036001923099357927134537191900875577654795416166353365157236150907905650,20185144917101351762095387621347858550182589456475538683864077906296334124849,0.71,0.72,118.75,17.0,0.01,0.28,0.29,17.0,118.75,0.01,0.715,0.285,0.12523,0.87477,66710.13
1774916679086,2026-03-31T00:24:39.086,btc-updown-15m-1774916100,1774917000,Up,88575036001923099357927134537191900875577654795416166353365157236150907905650,20185144917101351762095387621347858550182589456475538683864077906296334124849,0.69,0.7,370.1,65.46,0.01,0.3,0.31,65.46,370.1,0.01,0.695,0.305,0.150289,0.849711,66710.13
1774916680087,2026-03-31T00:24:40.087,btc-updown-15m-1774916100,1774917000,Up,88575036001923099357927134537191900875577654795416166353365157236150907905650,20185144917101351762095387621347858550182589456475538683864077906296334124849,0.7,0.71,12.39,1214.16,0.01,0.29,0.3,1214.16,12.39,0.01,0.705,0.295,0.989898,0.010102,66707.27
1774916681088,2026-03-31T00:24:41.088,btc-updown-15m-1774916100,1774917000,Up,88575036001923099357927134537191900875577654795416166353365157236150907905650,20185144917101351762095387621347858550182589456475538683864077906296334124849,0.71,0.72,5.0,903.7,0.01,0.28,0.29,903.7,5.0,0.01,0.715,0.285,0.994498,0.005502,66707.27
1774916682088,2026-03-31T00:24:42.088,btc-updown-15m-1774916100,1774917000,Up,88575036001923099357927134537191900875577654795416166353365157236150907905650,20185144917101351762095387621347858550182589456475538683864077906296334124849,0.72,0.73,437.73,48.0,0.01,0.27,0.28,48.0,437.73,0.01,0.725,0.275,0.09882,0.90118,66707.27
1774916683088,2026-03-31T00:24:43.088,btc-updown-15m-1774916100,1774917000,Up,88575036001923099357927134537191900875577654795416166353365157236150907905650,20185144917101351762095387621347858550182589456475538683864077906296334124849,0.72,0.73,181.73,30.0,0.01,0.27,0.28,30.0,181.73,0.01,0.725,0.275,0.14169,0.85831,66707.26
1774916684089,2026-03-31T00:24:44.089,btc-updown-15m-1774916100,1774917000,Up,88575036001923099357927134537191900875577654795416166353365157236150907905650,20185144917101351762095387621347858550182589456475538683864077906296334124849,0.72,0.73,181.73,18.0,0.01,0.27,0.28,18.0,181.73,0.01,0.725,0.275,0.090122,0.909878,66707.26
1774916685089,2026-03-31T00:24:45.089,btc-updown-15m-1774916100,1774917000,Up,88575036001923099357927134537191900875577654795416166353365157236150907905650,20185144917101351762095387621347858550182589456475538683864077906296334124849,0.72,0.73,25.0,513.59,0.01,0.27,0.28,513.59,25.0,0.01,0.725,0.275,0.953583,0.046417,66707.26
1774916686090,2026-03-31T00:24:46.090,btc-updown-15m-1774916100,1774917000,Up,88575036001923099357927134537191900875577654795416166353365157236150907905650,20185144917101351762095387621347858550182589456475538683864077906296334124849,0.71,0.73,1286.39,33.39,0.02,0.27,0.29,33.39,1286.39,0.02,0.72,0.28,0.0253,0.9747,66707.39
1774916687090,2026-03-31T00:24:47.090,btc-updown-15m-1774916100,1774917000,Up,88575036001923099357927134537191900875577654795416166353365157236150907905650,20185144917101351762095387621347858550182589456475538683864077906296334124849,0.71,0.72,28.47,22.02,0.01,0.28,0.29,22.02,28.47,0.01,0.715,0.285,0.436126,0.563874,66707.39
1774916688090,2026-03-31T00:24:48.090,btc-updown-15m-1774916100,1774917000,Up,88575036001923099357927134537191900875577654795416166353365157236150907905650,20185144917101351762095387621347858550182589456475538683864077906296334124849,0.7,0.71,83.0,339.5,0.01,0.29,0.3,339.5,83.0,0.01,0.705,0.295,0.80355,0.19645,66707.39
1774916689092,2026-03-31T00:24:49.092,btc-updown-15m-1774916100,1774917000,Up,88575036001923099357927134537191900875577654795416166353365157236150907905650,20185144917101351762095387621347858550182589456475538683864077906296334124849,0.69,0.7,65.16,164.59,0.01,0.3,0.31,164.59,65.16,0.01,0.695,0.305,0.716387,0.283613,66707.38
1774916690093,2026-03-31T00:24:50.093,btc-updown-15m-1774916100,1774917000,Up,88575036001923099357927134537191900875577654795416166353365157236150907905650,20185144917101351762095387621347858550182589456475538683864077906296334124849,0.69,0.7,71.62,56.09,0.01,0.3,0.31,56.09,71.62,0.01,0.695,0.305,0.439198,0.560802,66707.38
1774916691094,2026-03-31T00:24:51.094,btc-updown-15m-1774916100,1774917000,Up,88575036001923099357927134537191900875577654795416166353365157236150907905650,20185144917101351762095387621347858550182589456475538683864077906296334124849,0.69,0.7,1206.36,50.14,0.01,0.3,0.31,50.14,1206.36,0.01,0.695,0.305,0.039904,0.960096,66707.38
1774916692094,2026-03-31T00:24:52.094,btc-updown-15m-1774916100,1774917000,Up,88575036001923099357927134537191900875577654795416166353365157236150907905650,20185144917101351762095387621347858550182589456475538683864077906296334124849,0.69,0.7,243.5,38.14,0.01,0.3,0.31,38.14,243.5,0.01,0.695,0.305,0.135421,0.864579,66707.27
1774916693095,2026-03-31T00:24:53.095,btc-updown-15m-1774916100,1774917000,Up,88575036001923099357927134537191900875577654795416166353365157236150907905650,20185144917101351762095387621347858550182589456475538683864077906296334124849,0.69,0.7,313.1,46.14,0.01,0.3,0.31,46.14,313.1,0.01,0.695,0.305,0.128438,0.871562,66707.27
1774916694096,2026-03-31T00:24:54.096,btc-updown-15m-1774916100,1774917000,Up,88575036001923099357927134537191900875577654795416166353365157236150907905650,20185144917101351762095387621347858550182589456475538683864077906296334124849,0.69,0.7,145.51,250.0,0.01,0.3,0.31,250.0,145.51,0.01,0.695,0.305,0.632095,0.367905,66707.27
1774916695096,2026-03-31T00:24:55.096,btc-updown-15m-1774916100,1774917000,Up,88575036001923099357927134537191900875577654795416166353365157236150907905650,20185144917101351762095387621347858550182589456475538683864077906296334124849,0.69,0.7,103.51,65.0,0.01,0.3,0.31,65.0,103.51,0.01,0.695,0.305,0.385734,0.614266,66707.27
1774916696097,2026-03-31T00:24:56.097,btc-updown-15m-1774916100,1774917000,Up,88575036001923099357927134537191900875577654795416166353365157236150907905650,20185144917101351762095387621347858550182589456475538683864077906296334124849,0.69,0.7,115.99,58.0,0.01,0.3,0.31,58.0,115.99,0.01,0.695,0.305,0.333352,0.666648,66707.27
1774916697098,2026-03-31T00:24:57.098,btc-updown-15m-1774916100,1774917000,Up,88575036001923099357927134537191900875577654795416166353365157236150907905650,20185144917101351762095387621347858550182589456475538683864077906296334124849,0.69,0.7,75.24,32.0,0.01,0.3,0.31,32.0,75.24,0.01,0.695,0.305,0.298396,0.701604,66707.27
1774916698098,2026-03-31T00:24:58.098,btc-updown-15m-1774916100,1774917000,Up,88575036001923099357927134537191900875577654795416166353365157236150907905650,20185144917101351762095387621347858550182589456475538683864077906296334124849,0.69,0.7,66.73,115.0,0.01,0.3,0.31,115.0,66.73,0.01,0.695,0.305,0.632807,0.367193,66707.27
1774916699099,2026-03-31T00:24:59.099,btc-updown-15m-1774916100,1774917000,Up,88575036001923099357927134537191900875577654795416166353365157236150907905650,20185144917101351762095387621347858550182589456475538683864077906296334124849,0.69,0.7,66.73,103.0,0.01,0.3,0.31,103.0,66.73,0.01,0.695,0.305,0.606846,0.393154,66707.27
1774916700100,2026-03-31T00:25:00.100,btc-updown-15m-1774916100,1774917000,Up,88575036001923099357927134537191900875577654795416166353365157236150907905650,20185144917101351762095387621347858550182589456475538683864077906296334124849,0.69,0.7,194.84,76.0,0.01,0.3,0.31,76.0,194.84,0.01,0.695,0.305,0.280608,0.719392,66707.27
1774916701100,2026-03-31T00:25:01.100,btc-updown-15m-1774916100,1774917000,Up,88575036001923099357927134537191900875577654795416166353365157236150907905650,20185144917101351762095387621347858550182589456475538683864077906296334124849,0.69,0.7,132.92,63.0,0.01,0.3,0.31,63.0,132.92,0.01,0.695,0.305,0.32156,0.67844,66707.27
1774916702101,2026-03-31T00:25:02.101,btc-updown-15m-1774916100,1774917000,Up,88575036001923099357927134537191900875577654795416166353365157236150907905650,20185144917101351762095387621347858550182589456475538683864077906296334124849,0.7,0.71,74.67,21.0,0.01,0.29,0.3,21.0,74.67,0.01,0.705,0.295,0.219505,0.780495,66707.27
1774916703102,2026-03-31T00:25:03.102,btc-updown-15m-1774916100,1774917000,Up,88575036001923099357927134537191900875577654795416166353365157236150907905650,20185144917101351762095387621347858550182589456475538683864077906296334124849,0.68,0.69,53.8,59.5,0.01,0.31,0.32,59.5,53.8,0.01,0.685,0.315,0.525154,0.474846,66707.27
1774916704103,2026-03-31T00:25:04.103,btc-updown-15m-1774916100,1774917000,Up,88575036001923099357927134537191900875577654795416166353365157236150907905650,20185144917101351762095387621347858550182589456475538683864077906296334124849,0.65,0.66,90.0,5.0,0.01,0.34,0.35,5.0,90.0,0.01,0.655,0.345,0.052632,0.947368,66696.56
1774916705103,2026-03-31T00:25:05.103,btc-updown-15m-1774916100,1774917000,Up,88575036001923099357927134537191900875577654795416166353365157236150907905650,20185144917101351762095387621347858550182589456475538683864077906296334124849,0.65,0.66,58.83,9.5,0.01,0.34,0.35,9.5,58.83,0.01,0.655,0.345,0.139031,0.860969,66696.56
1774916706104,2026-03-31T00:25:06.104,btc-updown-15m-1774916100,1774917000,Up,88575036001923099357927134537191900875577654795416166353365157236150907905650,20185144917101351762095387621347858550182589456475538683864077906296334124849,0.64,0.65,67.3,143.6,0.01,0.35,0.36,143.6,67.3,0.01,0.645,0.355,0.680891,0.319109,66696.56
1774916707105,2026-03-31T00:25:07.105,btc-updown-15m-1774916100,1774917000,Up,88575036001923099357927134537191900875577654795416166353365157236150907905650,20185144917101351762095387621347858550182589456475538683864077906296334124849,0.64,0.65,87.3,142.82,0.01,0.35,0.36,142.82,87.3,0.01,0.645,0.355,0.620633,0.379367,66696.55
1774916708105,2026-03-31T00:25:08.105,btc-updown-15m-1774916100,1774917000,Up,88575036001923099357927134537191900875577654795416166353365157236150907905650,20185144917101351762095387621347858550182589456475538683864077906296334124849,0.65,0.67,15.0,380.0,0.02,0.33,0.35,380.0,15.0,0.02,0.66,0.34,0.962025,0.037975,66696.55
1774916709106,2026-03-31T00:25:09.106,btc-updown-15m-1774916100,1774917000,Up,88575036001923099357927134537191900875577654795416166353365157236150907905650,20185144917101351762095387621347858550182589456475538683864077906296334124849,0.72,0.74,115.61,288.29,0.02,0.26,0.28,288.29,115.61,0.02,0.73,0.27,0.713766,0.286234,66696.55
1774916710106,2026-03-31T00:25:10.106,btc-updown-15m-1774916100,1774917000,Up,88575036001923099357927134537191900875577654795416166353365157236150907905650,20185144917101351762095387621347858550182589456475538683864077906296334124849,0.75,0.76,62.0,453.17,0.01,0.24,0.25,453.17,62.0,0.01,0.755,0.245,0.879651,0.120349,66707.25
1774916711107,2026-03-31T00:25:11.107,btc-updown-15m-1774916100,1774917000,Up,88575036001923099357927134537191900875577654795416166353365157236150907905650,20185144917101351762095387621347858550182589456475538683864077906296334124849,0.74,0.75,99.36,8.0,0.01,0.24,0.26,62.74,1241.07,0.02,0.745,0.25,0.074516,0.951879,66707.25
1774916712108,2026-03-31T00:25:12.108,btc-updown-15m-1774916100,1774917000,Up,88575036001923099357927134537191900875577654795416166353365157236150907905650,20185144917101351762095387621347858550182589456475538683864077906296334124849,0.73,0.74,35.0,188.68,0.01,0.26,0.27,188.68,35.0,0.01,0.735,0.265,0.843526,0.156474,66707.25
1774916713108,2026-03-31T00:25:13.108,btc-updown-15m-1774916100,1774917000,Up,88575036001923099357927134537191900875577654795416166353365157236150907905650,20185144917101351762095387621347858550182589456475538683864077906296334124849,0.73,0.74,824.33,169.9,0.01,0.26,0.27,169.9,824.33,0.01,0.735,0.265,0.170886,0.829114,66707.25
1774916714108,2026-03-31T00:25:14.108,btc-updown-15m-1774916100,1774917000,Up,88575036001923099357927134537191900875577654795416166353365157236150907905650,20185144917101351762095387621347858550182589456475538683864077906296334124849,0.73,0.74,682.19,177.9,0.01,0.26,0.27,177.9,682.19,0.01,0.735,0.265,0.206839,0.793161,66707.25
1774916715109,2026-03-31T00:25:15.109,btc-updown-15m-1774916100,1774917000,Up,88575036001923099357927134537191900875577654795416166353365157236150907905650,20185144917101351762095387621347858550182589456475538683864077906296334124849,0.72,0.73,15.0,467.76,0.01,0.27,0.28,467.76,15.0,0.01,0.725,0.275,0.968929,0.031071,66707.25
1774916716109,2026-03-31T00:25:16.109,btc-updown-15m-1774916100,1774917000,Up,88575036001923099357927134537191900875577654795416166353365157236150907905650,20185144917101351762095387621347858550182589456475538683864077906296334124849,0.71,0.72,751.23,291.74,0.01,0.28,0.29,291.74,751.23,0.01,0.715,0.285,0.27972,0.72028,66707.25
1774916717110,2026-03-31T00:25:17.110,btc-updown-15m-1774916100,1774917000,Up,88575036001923099357927134537191900875577654795416166353365157236150907905650,20185144917101351762095387621347858550182589456475538683864077906296334124849,0.71,0.72,731.23,318.74,0.01,0.28,0.29,318.74,731.23,0.01,0.715,0.285,0.303571,0.696429,66707.25
1774916718111,2026-03-31T00:25:18.111,btc-updown-15m-1774916100,1774917000,Up,88575036001923099357927134537191900875577654795416166353365157236150907905650,20185144917101351762095387621347858550182589456475538683864077906296334124849,0.71,0.72,717.63,306.74,0.01,0.28,0.29,306.74,717.63,0.01,0.715,0.285,0.299443,0.700557,66707.25
1774916719111,2026-03-31T00:25:19.111,btc-updown-15m-1774916100,1774917000,Up,88575036001923099357927134537191900875577654795416166353365157236150907905650,20185144917101351762095387621347858550182589456475538683864077906296334124849,0.72,0.73,41.0,453.55,0.01,0.27,0.28,453.55,41.0,0.01,0.725,0.275,0.917096,0.082904,66707.26
1774916720113,2026-03-31T00:25:20.113,btc-updown-15m-1774916100,1774917000,Up,88575036001923099357927134537191900875577654795416166353365157236150907905650,20185144917101351762095387621347858550182589456475538683864077906296334124849,0.73,0.75,1226.33,141.0,0.02,0.25,0.27,141.0,1226.33,0.02,0.74,0.26,0.103121,0.896879,66707.26
1774916721113,2026-03-31T00:25:21.113,btc-updown-15m-1774916100,1774917000,Up,88575036001923099357927134537191900875577654795416166353365157236150907905650,20185144917101351762095387621347858550182589456475538683864077906296334124849,0.72,0.74,728.83,38.42,0.02,0.26,0.28,38.42,728.83,0.02,0.73,0.27,0.050075,0.949925,66707.26
1774916722114,2026-03-31T00:25:22.114,btc-updown-15m-1774916100,1774917000,Up,88575036001923099357927134537191900875577654795416166353365157236150907905650,20185144917101351762095387621347858550182589456475538683864077906296334124849,0.72,0.73,849.98,20.0,0.01,0.27,0.28,20.0,849.98,0.01,0.725,0.275,0.022989,0.977011,66707.38
1774916723115,2026-03-31T00:25:23.115,btc-updown-15m-1774916100,1774917000,Up,88575036001923099357927134537191900875577654795416166353365157236150907905650,20185144917101351762095387621347858550182589456475538683864077906296334124849,0.71,0.72,23.31,88.65,0.01,0.28,0.29,88.65,23.31,0.01,0.715,0.285,0.791801,0.208199,66707.38
1774916724116,2026-03-31T00:25:24.116,btc-updown-15m-1774916100,1774917000,Up,88575036001923099357927134537191900875577654795416166353365157236150907905650,20185144917101351762095387621347858550182589456475538683864077906296334124849,0.72,0.73,858.0,25.0,0.01,0.27,0.28,25.0,858.0,0.01,0.725,0.275,0.028313,0.971687,66707.38
1774916725116,2026-03-31T00:25:25.116,btc-updown-15m-1774916100,1774917000,Up,88575036001923099357927134537191900875577654795416166353365157236150907905650,20185144917101351762095387621347858550182589456475538683864077906296334124849,0.72,0.74,2.0,563.17,0.02,0.26,0.28,563.17,2.0,0.02,0.73,0.27,0.996461,0.003539,66707.39
1774916726116,2026-03-31T00:25:26.116,btc-updown-15m-1774916100,1774917000,Up,88575036001923099357927134537191900875577654795416166353365157236150907905650,20185144917101351762095387621347858550182589456475538683864077906296334124849,0.73,0.74,14.99,491.7,0.01,0.26,0.27,491.7,14.99,0.01,0.735,0.265,0.970416,0.029584,66707.39
1774916727116,2026-03-31T00:25:27.116,btc-updown-15m-1774916100,1774917000,Up,88575036001923099357927134537191900875577654795416166353365157236150907905650,20185144917101351762095387621347858550182589456475538683864077906296334124849,0.75,0.77,109.02,216.15,0.02,0.23,0.25,216.15,109.02,0.02,0.76,0.24,0.664729,0.335271,66707.39
1774916728117,2026-03-31T00:25:28.117,btc-updown-15m-1774916100,1774917000,Up,88575036001923099357927134537191900875577654795416166353365157236150907905650,20185144917101351762095387621347858550182589456475538683864077906296334124849,0.73,0.74,215.0,180.92,0.01,0.26,0.27,180.92,215.0,0.01,0.735,0.265,0.456961,0.543039,66707.97
1774916729118,2026-03-31T00:25:29.118,btc-updown-15m-1774916100,1774917000,Up,88575036001923099357927134537191900875577654795416166353365157236150907905650,20185144917101351762095387621347858550182589456475538683864077906296334124849,0.73,0.74,1062.91,48.0,0.01,0.26,0.27,48.0,1062.91,0.01,0.735,0.265,0.043208,0.956792,66707.97
1774916730120,2026-03-31T00:25:30.120,btc-updown-15m-1774916100,1774917000,Up,88575036001923099357927134537191900875577654795416166353365157236150907905650,20185144917101351762095387621347858550182589456475538683864077906296334124849,0.73,0.74,283.78,46.0,0.01,0.26,0.27,46.0,283.78,0.01,0.735,0.265,0.139487,0.860513,66707.97
1774916731120,2026-03-31T00:25:31.120,btc-updown-15m-1774916100,1774917000,Up,88575036001923099357927134537191900875577654795416166353365157236150907905650,20185144917101351762095387621347858550182589456475538683864077906296334124849,0.71,0.72,342.57,130.7,0.01,0.28,0.29,130.7,342.57,0.01,0.715,0.285,0.276164,0.723836,66707.26
1774916732120,2026-03-31T00:25:32.120,btc-updown-15m-1774916100,1774917000,Up,88575036001923099357927134537191900875577654795416166353365157236150907905650,20185144917101351762095387621347858550182589456475538683864077906296334124849,0.7,0.71,20.0,180.03,0.01,0.29,0.3,180.03,20.0,0.01,0.705,0.295,0.900015,0.099985,66707.26
1774916733121,2026-03-31T00:25:33.121,btc-updown-15m-1774916100,1774917000,Up,88575036001923099357927134537191900875577654795416166353365157236150907905650,20185144917101351762095387621347858550182589456475538683864077906296334124849,0.7,0.71,62.95,393.18,0.01,0.29,0.3,393.18,62.95,0.01,0.705,0.295,0.861991,0.138009,66707.26
1774916734122,2026-03-31T00:25:34.122,btc-updown-15m-1774916100,1774917000,Up,88575036001923099357927134537191900875577654795416166353365157236150907905650,20185144917101351762095387621347858550182589456475538683864077906296334124849,0.7,0.71,62.95,354.5,0.01,0.29,0.3,354.5,62.95,0.01,0.705,0.295,0.849203,0.150797,66703.19
1774916735122,2026-03-31T00:25:35.122,btc-updown-15m-1774916100,1774917000,Up,88575036001923099357927134537191900875577654795416166353365157236150907905650,20185144917101351762095387621347858550182589456475538683864077906296334124849,0.7,0.71,37.95,357.5,0.01,0.29,0.3,357.5,37.95,0.01,0.705,0.295,0.904033,0.095967,66703.19
1774916736123,2026-03-31T00:25:36.123,btc-updown-15m-1774916100,1774917000,Up,88575036001923099357927134537191900875577654795416166353365157236150907905650,20185144917101351762095387621347858550182589456475538683864077906296334124849,0.7,0.71,166.02,297.83,0.01,0.29,0.3,297.83,166.02,0.01,0.705,0.295,0.642083,0.357917,66703.19
1774916737123,2026-03-31T00:25:37.123,btc-updown-15m-1774916100,1774917000,Up,88575036001923099357927134537191900875577654795416166353365157236150907905650,20185144917101351762095387621347858550182589456475538683864077906296334124849,0.7,0.71,344.02,41.25,0.01,0.29,0.3,41.25,344.02,0.01,0.705,0.295,0.107068,0.892932,66703.19
1774916738124,2026-03-31T00:25:38.124,btc-updown-15m-1774916100,1774917000,Up,88575036001923099357927134537191900875577654795416166353365157236150907905650,20185144917101351762095387621347858550182589456475538683864077906296334124849,0.7,0.71,120.0,341.5,0.01,0.29,0.3,341.5,120.0,0.01,0.705,0.295,0.739978,0.260022,66703.19
1774916739125,2026-03-31T00:25:39.125,btc-updown-15m-1774916100,1774917000,Up,88575036001923099357927134537191900875577654795416166353365157236150907905650,20185144917101351762095387621347858550182589456475538683864077906296334124849,0.7,0.71,208.0,126.16,0.01,0.29,0.3,126.16,208.0,0.01,0.705,0.295,0.377544,0.622456,66703.19
1774916740127,2026-03-31T00:25:40.127,btc-updown-15m-1774916100,1774917000,Up,88575036001923099357927134537191900875577654795416166353365157236150907905650,20185144917101351762095387621347858550182589456475538683864077906296334124849,0.7,0.71,137.0,309.16,0.01,0.29,0.3,309.16,137.0,0.01,0.705,0.295,0.692935,0.307065,66703.19
1774916741127,2026-03-31T00:25:41.127,btc-updown-15m-1774916100,1774917000,Up,88575036001923099357927134537191900875577654795416166353365157236150907905650,20185144917101351762095387621347858550182589456475538683864077906296334124849,0.7,0.71,16.89,322.31,0.01,0.29,0.3,322.31,16.89,0.01,0.705,0.295,0.950206,0.049794,66703.19
1774916742128,2026-03-31T00:25:42.128,btc-updown-15m-1774916100,1774917000,Up,88575036001923099357927134537191900875577654795416166353365157236150907905650,20185144917101351762095387621347858550182589456475538683864077906296334124849,0.73,0.74,18.64,1276.48,0.01,0.26,0.27,1276.48,18.64,0.01,0.735,0.265,0.985608,0.014392,66703.19
1774916743129,2026-03-31T00:25:43.129,btc-updown-15m-1774916100,1774917000,Up,88575036001923099357927134537191900875577654795416166353365157236150907905650,20185144917101351762095387621347858550182589456475538683864077906296334124849,0.74,0.75,28.5,1333.15,0.01,0.25,0.26,1333.15,28.5,0.01,0.745,0.255,0.97907,0.02093,66703.18
1774916744129,2026-03-31T00:25:44.129,btc-updown-15m-1774916100,1774917000,Up,88575036001923099357927134537191900875577654795416166353365157236150907905650,20185144917101351762095387621347858550182589456475538683864077906296334124849,0.74,0.75,58.0,1391.15,0.01,0.25,0.26,1391.15,58.0,0.01,0.745,0.255,0.959977,0.040023,66703.18
1774916745130,2026-03-31T00:25:45.130,btc-updown-15m-1774916100,1774917000,Up,88575036001923099357927134537191900875577654795416166353365157236150907905650,20185144917101351762095387621347858550182589456475538683864077906296334124849,0.74,0.75,48.0,1383.81,0.01,0.25,0.26,1383.81,48.0,0.01,0.745,0.255,0.966476,0.033524,66703.18
1774916746130,2026-03-31T00:25:46.130,btc-updown-15m-1774916100,1774917000,Up,88575036001923099357927134537191900875577654795416166353365157236150907905650,20185144917101351762095387621347858550182589456475538683864077906296334124849,0.78,0.79,41.43,449.15,0.01,0.21,0.22,449.15,41.43,0.01,0.785,0.215,0.915549,0.084451,66710.12
1774916747130,2026-03-31T00:25:47.130,btc-updown-15m-1774916100,1774917000,Up,88575036001923099357927134537191900875577654795416166353365157236150907905650,20185144917101351762095387621347858550182589456475538683864077906296334124849,0.79,0.8,259.45,205.0,0.01,0.2,0.21,205.0,259.45,0.01,0.795,0.205,0.441382,0.558618,66710.12
1774916748131,2026-03-31T00:25:48.131,btc-updown-15m-1774916100,1774917000,Up,88575036001923099357927134537191900875577654795416166353365157236150907905650,20185144917101351762095387621347858550182589456475538683864077906296334124849,0.79,0.8,253.37,167.0,0.01,0.2,0.21,167.0,253.37,0.01,0.795,0.205,0.397269,0.602731,66710.12
1774916749132,2026-03-31T00:25:49.132,btc-updown-15m-1774916100,1774917000,Up,88575036001923099357927134537191900875577654795416166353365157236150907905650,20185144917101351762095387621347858550182589456475538683864077906296334124849,0.79,0.8,90.34,169.0,0.01,0.2,0.21,169.0,90.34,0.01,0.795,0.205,0.651654,0.348346,66710.13
1774916750133,2026-03-31T00:25:50.133,btc-updown-15m-1774916100,1774917000,Up,88575036001923099357927134537191900875577654795416166353365157236150907905650,20185144917101351762095387621347858550182589456475538683864077906296334124849,0.81,0.82,325.2,184.0,0.01,0.18,0.19,184.0,325.2,0.01,0.815,0.185,0.361351,0.638649,66710.13
1774916751133,2026-03-31T00:25:51.133,btc-updown-15m-1774916100,1774917000,Up,88575036001923099357927134537191900875577654795416166353365157236150907905650,20185144917101351762095387621347858550182589456475538683864077906296334124849,0.81,0.82,425.08,160.0,0.01,0.18,0.19,160.0,425.08,0.01,0.815,0.185,0.273467,0.726533,66710.13
1774916752134,2026-03-31T00:25:52.134,btc-updown-15m-1774916100,1774917000,Up,88575036001923099357927134537191900875577654795416166353365157236150907905650,20185144917101351762095387621347858550182589456475538683864077906296334124849,0.83,0.84,82.0,131.34,0.01,0.16,0.17,131.34,82.0,0.01,0.835,0.165,0.615637,0.384363,66718.64
1774916753134,2026-03-31T00:25:53.134,btc-updown-15m-1774916100,1774917000,Up,88575036001923099357927134537191900875577654795416166353365157236150907905650,20185144917101351762095387621347858550182589456475538683864077906296334124849,0.84,0.85,430.6,241.56,0.01,0.15,0.16,241.56,430.6,0.01,0.845,0.155,0.359379,0.640621,66718.64
1774916754135,2026-03-31T00:25:54.135,btc-updown-15m-1774916100,1774917000,Up,88575036001923099357927134537191900875577654795416166353365157236150907905650,20185144917101351762095387621347858550182589456475538683864077906296334124849,0.84,0.85,673.89,207.46,0.01,0.15,0.16,207.46,673.89,0.01,0.845,0.155,0.235389,0.764611,66718.64
1774916755136,2026-03-31T00:25:55.136,btc-updown-15m-1774916100,1774917000,Up,88575036001923099357927134537191900875577654795416166353365157236150907905650,20185144917101351762095387621347858550182589456475538683864077906296334124849,0.84,0.85,727.89,72.41,0.01,0.15,0.16,72.41,727.89,0.01,0.845,0.155,0.090479,0.909521,66720.36
1774916756136,2026-03-31T00:25:56.136,btc-updown-15m-1774916100,1774917000,Up,88575036001923099357927134537191900875577654795416166353365157236150907905650,20185144917101351762095387621347858550182589456475538683864077906296334124849,0.84,0.85,521.87,63.77,0.01,0.15,0.16,63.77,521.87,0.01,0.845,0.155,0.108889,0.891111,66720.36
1774916757137,2026-03-31T00:25:57.137,btc-updown-15m-1774916100,1774917000,Up,88575036001923099357927134537191900875577654795416166353365157236150907905650,20185144917101351762095387621347858550182589456475538683864077906296334124849,0.84,0.85,542.87,128.77,0.01,0.15,0.16,128.77,542.87,0.01,0.845,0.155,0.191725,0.808275,66720.36
1774916758138,2026-03-31T00:25:58.138,btc-updown-15m-1774916100,1774917000,Up,88575036001923099357927134537191900875577654795416166353365157236150907905650,20185144917101351762095387621347858550182589456475538683864077906296334124849,0.84,0.85,520.87,18.0,0.01,0.15,0.16,18.0,520.87,0.01,0.845,0.155,0.033403,0.966597,66720.37
1774916759138,2026-03-31T00:25:59.138,btc-updown-15m-1774916100,1774917000,Up,88575036001923099357927134537191900875577654795416166353365157236150907905650,20185144917101351762095387621347858550182589456475538683864077906296334124849,0.84,0.85,382.69,1005.7,0.01,0.15,0.16,1005.7,382.69,0.01,0.845,0.155,0.724364,0.275636,66720.37
1774916760139,2026-03-31T00:26:00.139,btc-updown-15m-1774916100,1774917000,Up,88575036001923099357927134537191900875577654795416166353365157236150907905650,20185144917101351762095387621347858550182589456475538683864077906296334124849,0.84,0.88,696.71,987.7,0.04,0.12,0.16,987.7,696.71,0.04,0.86,0.14,0.586377,0.413623,66720.37
1774916761139,2026-03-31T00:26:01.139,btc-updown-15m-1774916100,1774917000,Up,88575036001923099357927134537191900875577654795416166353365157236150907905650,20185144917101351762095387621347858550182589456475538683864077906296334124849,0.86,0.88,1158.38,50.0,0.02,0.12,0.14,50.0,1158.38,0.02,0.87,0.13,0.041378,0.958622,66728.05
1774916762140,2026-03-31T00:26:02.140,btc-updown-15m-1774916100,1774917000,Up,88575036001923099357927134537191900875577654795416166353365157236150907905650,20185144917101351762095387621347858550182589456475538683864077906296334124849,0.83,0.84,351.76,186.36,0.01,0.16,0.17,186.36,323.3,0.01,0.835,0.165,0.346317,0.634344,66728.05
1774916763140,2026-03-31T00:26:03.140,btc-updown-15m-1774916100,1774917000,Up,88575036001923099357927134537191900875577654795416166353365157236150907905650,20185144917101351762095387621347858550182589456475538683864077906296334124849,0.85,0.86,101.0,100.05,0.01,0.14,0.15,100.05,101.0,0.01,0.855,0.145,0.497637,0.502363,66728.05
1774916764141,2026-03-31T00:26:04.141,btc-updown-15m-1774916100,1774917000,Up,88575036001923099357927134537191900875577654795416166353365157236150907905650,20185144917101351762095387621347858550182589456475538683864077906296334124849,0.85,0.87,36.81,1102.85,0.02,0.13,0.15,1102.85,36.81,0.02,0.86,0.14,0.967701,0.032299,66728.05
1774916765142,2026-03-31T00:26:05.142,btc-updown-15m-1774916100,1774917000,Up,88575036001923099357927134537191900875577654795416166353365157236150907905650,20185144917101351762095387621347858550182589456475538683864077906296334124849,0.87,0.88,162.46,111.94,0.01,0.12,0.13,111.94,162.46,0.01,0.875,0.125,0.407945,0.592055,66728.05
1774916766142,2026-03-31T00:26:06.142,btc-updown-15m-1774916100,1774917000,Up,88575036001923099357927134537191900875577654795416166353365157236150907905650,20185144917101351762095387621347858550182589456475538683864077906296334124849,0.87,0.88,143.3,99.08,0.01,0.12,0.13,99.08,143.3,0.01,0.875,0.125,0.40878,0.59122,66728.05
1774916767142,2026-03-31T00:26:07.142,btc-updown-15m-1774916100,1774917000,Up,88575036001923099357927134537191900875577654795416166353365157236150907905650,20185144917101351762095387621347858550182589456475538683864077906296334124849,0.86,0.88,204.37,87.0,0.02,0.12,0.14,87.0,204.37,0.02,0.87,0.13,0.298589,0.701411,66728.04
1774916768143,2026-03-31T00:26:08.143,btc-updown-15m-1774916100,1774917000,Up,88575036001923099357927134537191900875577654795416166353365157236150907905650,20185144917101351762095387621347858550182589456475538683864077906296334124849,0.84,0.85,197.52,296.57,0.01,0.15,0.16,296.57,197.52,0.01,0.845,0.155,0.600235,0.399765,66728.04
1774916769143,2026-03-31T00:26:09.143,btc-updown-15m-1774916100,1774917000,Up,88575036001923099357927134537191900875577654795416166353365157236150907905650,20185144917101351762095387621347858550182589456475538683864077906296334124849,0.82,0.83,206.19,212.0,0.01,0.17,0.18,212.0,206.19,0.01,0.825,0.175,0.506947,0.493053,66728.04
1774916770144,2026-03-31T00:26:10.144,btc-updown-15m-1774916100,1774917000,Up,88575036001923099357927134537191900875577654795416166353365157236150907905650,20185144917101351762095387621347858550182589456475538683864077906296334124849,0.81,0.83,253.04,268.5,0.02,0.17,0.19,268.5,253.04,0.02,0.82,0.18,0.514821,0.485179,66720.36
1774916771144,2026-03-31T00:26:11.144,btc-updown-15m-1774916100,1774917000,Up,88575036001923099357927134537191900875577654795416166353365157236150907905650,20185144917101351762095387621347858550182589456475538683864077906296334124849,0.81,0.82,46.06,397.5,0.01,0.18,0.19,397.5,46.06,0.01,0.815,0.185,0.896158,0.103842,66720.36
1774916772145,2026-03-31T00:26:12.145,btc-updown-15m-1774916100,1774917000,Up,88575036001923099357927134537191900875577654795416166353365157236150907905650,20185144917101351762095387621347858550182589456475538683864077906296334124849,0.83,0.84,28.0,26.79,0.01,0.17,0.19,1617.18,44.21,0.02,0.835,0.18,0.488958,0.02661,66720.36
1774916773146,2026-03-31T00:26:13.146,btc-updown-15m-1774916100,1774917000,Up,88575036001923099357927134537191900875577654795416166353365157236150907905650,20185144917101351762095387621347858550182589456475538683864077906296334124849,0.86,0.87,188.19,79.0,0.01,0.13,0.14,79.0,188.19,0.01,0.865,0.135,0.29567,0.70433,66724.35
1774916774147,2026-03-31T00:26:14.147,btc-updown-15m-1774916100,1774917000,Up,88575036001923099357927134537191900875577654795416166353365157236150907905650,20185144917101351762095387621347858550182589456475538683864077906296334124849,0.86,0.87,184.0,128.0,0.01,0.13,0.14,128.0,184.0,0.01,0.865,0.135,0.410256,0.589744,66724.35
1774916775148,2026-03-31T00:26:15.148,btc-updown-15m-1774916100,1774917000,Up,88575036001923099357927134537191900875577654795416166353365157236150907905650,20185144917101351762095387621347858550182589456475538683864077906296334124849,0.86,0.87,170.0,116.0,0.01,0.13,0.14,116.0,170.0,0.01,0.865,0.135,0.405594,0.594406,66724.35
1774916776149,2026-03-31T00:26:16.149,btc-updown-15m-1774916100,1774917000,Up,88575036001923099357927134537191900875577654795416166353365157236150907905650,20185144917101351762095387621347858550182589456475538683864077906296334124849,0.87,0.88,210.7,17.0,0.01,0.12,0.13,17.0,210.7,0.01,0.875,0.125,0.07466,0.92534,66727.43
1774916777150,2026-03-31T00:26:17.150,btc-updown-15m-1774916100,1774917000,Up,88575036001923099357927134537191900875577654795416166353365157236150907905650,20185144917101351762095387621347858550182589456475538683864077906296334124849,0.86,0.88,265.23,321.5,0.02,0.12,0.14,321.5,265.23,0.02,0.87,0.13,0.547952,0.452048,66727.43
1774916778150,2026-03-31T00:26:18.150,btc-updown-15m-1774916100,1774917000,Up,88575036001923099357927134537191900875577654795416166353365157236150907905650,20185144917101351762095387621347858550182589456475538683864077906296334124849,0.87,0.88,64.46,1256.26,0.01,0.12,0.13,1256.26,64.46,0.01,0.875,0.125,0.951193,0.048807,66727.43
1774916779151,2026-03-31T00:26:19.151,btc-updown-15m-1774916100,1774917000,Up,88575036001923099357927134537191900875577654795416166353365157236150907905650,20185144917101351762095387621347858550182589456475538683864077906296334124849,0.9,0.91,47.41,144.02,0.01,0.09,0.1,144.02,47.41,0.01,0.905,0.095,0.752338,0.247662,66747.24
1774916780151,2026-03-31T00:26:20.151,btc-updown-15m-1774916100,1774917000,Up,88575036001923099357927134537191900875577654795416166353365157236150907905650,20185144917101351762095387621347858550182589456475538683864077906296334124849,0.91,0.92,183.33,1452.95,0.01,0.08,0.09,1452.95,183.33,0.01,0.915,0.085,0.887959,0.112041,66747.24
1774916781152,2026-03-31T00:26:21.152,btc-updown-15m-1774916100,1774917000,Up,88575036001923099357927134537191900875577654795416166353365157236150907905650,20185144917101351762095387621347858550182589456475538683864077906296334124849,0.91,0.92,243.15,1022.17,0.01,0.08,0.09,1022.17,243.15,0.01,0.915,0.085,0.807835,0.192165,66747.24
1774916782152,2026-03-31T00:26:22.152,btc-updown-15m-1774916100,1774917000,Up,88575036001923099357927134537191900875577654795416166353365157236150907905650,20185144917101351762095387621347858550182589456475538683864077906296334124849,0.91,0.92,1429.48,21.45,0.01,0.08,0.09,21.45,1429.48,0.01,0.915,0.085,0.014784,0.985216,66745.54
1774916783153,2026-03-31T00:26:23.153,btc-updown-15m-1774916100,1774917000,Up,88575036001923099357927134537191900875577654795416166353365157236150907905650,20185144917101351762095387621347858550182589456475538683864077906296334124849,0.88,0.9,1219.34,62.19,0.02,0.1,0.12,62.19,1219.34,0.02,0.89,0.11,0.048528,0.951472,66745.54
1774916784154,2026-03-31T00:26:24.154,btc-updown-15m-1774916100,1774917000,Up,88575036001923099357927134537191900875577654795416166353365157236150907905650,20185144917101351762095387621347858550182589456475538683864077906296334124849,0.88,0.89,95.0,210.5,0.01,0.11,0.12,210.5,95.0,0.01,0.885,0.115,0.689034,0.310966,66745.54
1774916785155,2026-03-31T00:26:25.155,btc-updown-15m-1774916100,1774917000,Up,88575036001923099357927134537191900875577654795416166353365157236150907905650,20185144917101351762095387621347858550182589456475538683864077906296334124849,0.91,0.92,318.16,27.5,0.01,0.08,0.09,27.5,318.16,0.01,0.915,0.085,0.079558,0.920442,66742.21
1774916786155,2026-03-31T00:26:26.155,btc-updown-15m-1774916100,1774917000,Up,88575036001923099357927134537191900875577654795416166353365157236150907905650,20185144917101351762095387621347858550182589456475538683864077906296334124849,0.9,0.91,46.95,1006.5,0.01,0.09,0.1,1006.5,46.95,0.01,0.905,0.095,0.955432,0.044568,66742.21
1774916787157,2026-03-31T00:26:27.157,btc-updown-15m-1774916100,1774917000,Up,88575036001923099357927134537191900875577654795416166353365157236150907905650,20185144917101351762095387621347858550182589456475538683864077906296334124849,0.91,0.92,31.0,1378.3,0.01,0.08,0.09,1378.3,31.0,0.01,0.915,0.085,0.978003,0.021997,66742.21
1774916788158,2026-03-31T00:26:28.158,btc-updown-15m-1774916100,1774917000,Up,88575036001923099357927134537191900875577654795416166353365157236150907905650,20185144917101351762095387621347858550182589456475538683864077906296334124849,0.92,0.93,116.98,178.5,0.01,0.07,0.08,178.5,116.98,0.01,0.925,0.075,0.604102,0.395898,66745.45
1774916789158,2026-03-31T00:26:29.158,btc-updown-15m-1774916100,1774917000,Up,88575036001923099357927134537191900875577654795416166353365157236150907905650,20185144917101351762095387621347858550182589456475538683864077906296334124849,0.92,0.93,50.78,139.0,0.01,0.07,0.08,139.0,50.78,0.01,0.925,0.075,0.732427,0.267573,66745.45
1774916790159,2026-03-31T00:26:30.159,btc-updown-15m-1774916100,1774917000,Up,88575036001923099357927134537191900875577654795416166353365157236150907905650,20185144917101351762095387621347858550182589456475538683864077906296334124849,0.91,0.92,0.55,1256.16,0.01,0.08,0.09,1256.16,0.55,0.01,0.915,0.085,0.999562,0.000438,66745.45
1774916791159,2026-03-31T00:26:31.159,btc-updown-15m-1774916100,1774917000,Up,88575036001923099357927134537191900875577654795416166353365157236150907905650,20185144917101351762095387621347858550182589456475538683864077906296334124849,0.92,0.93,1197.01,4.95,0.01,0.07,0.08,4.95,1197.01,0.01,0.925,0.075,0.004118,0.995882,66745.46
1774916792161,2026-03-31T00:26:32.161,btc-updown-15m-1774916100,1774917000,Up,88575036001923099357927134537191900875577654795416166353365157236150907905650,20185144917101351762095387621347858550182589456475538683864077906296334124849,0.91,0.92,12.3,890.6,0.01,0.08,0.09,890.6,12.3,0.01,0.915,0.085,0.986377,0.013623,66745.46
1774916793161,2026-03-31T00:26:33.161,btc-updown-15m-1774916100,1774917000,Up,88575036001923099357927134537191900875577654795416166353365157236150907905650,20185144917101351762095387621347858550182589456475538683864077906296334124849,0.92,0.93,37.71,835.75,0.01,0.07,0.08,835.75,37.71,0.01,0.925,0.075,0.956827,0.043173,66745.46
1774916794162,2026-03-31T00:26:34.162,btc-updown-15m-1774916100,1774917000,Up,88575036001923099357927134537191900875577654795416166353365157236150907905650,20185144917101351762095387621347858550182589456475538683864077906296334124849,0.92,0.93,195.0,40.7,0.01,0.07,0.08,40.7,195.0,0.01,0.925,0.075,0.172677,0.827323,66748.2
1774916795163,2026-03-31T00:26:35.163,btc-updown-15m-1774916100,1774917000,Up,88575036001923099357927134537191900875577654795416166353365157236150907905650,20185144917101351762095387621347858550182589456475538683864077906296334124849,0.92,0.93,1076.4,31.5,0.01,0.07,0.08,31.5,1076.4,0.01,0.925,0.075,0.028432,0.971568,66748.2
1774916796163,2026-03-31T00:26:36.163,btc-updown-15m-1774916100,1774917000,Up,88575036001923099357927134537191900875577654795416166353365157236150907905650,20185144917101351762095387621347858550182589456475538683864077906296334124849,0.92,0.93,240.74,935.37,0.01,0.07,0.08,935.37,240.74,0.01,0.925,0.075,0.795308,0.204692,66748.2
1774916797163,2026-03-31T00:26:37.163,btc-updown-15m-1774916100,1774917000,Up,88575036001923099357927134537191900875577654795416166353365157236150907905650,20185144917101351762095387621347858550182589456475538683864077906296334124849,0.92,0.93,19.92,1520.9,0.01,0.07,0.08,1520.9,19.92,0.01,0.925,0.075,0.987072,0.012928,66750.0
1774916798164,2026-03-31T00:26:38.164,btc-updown-15m-1774916100,1774917000,Up,88575036001923099357927134537191900875577654795416166353365157236150907905650,20185144917101351762095387621347858550182589456475538683864077906296334124849,0.92,0.93,18.7,1110.9,0.01,0.07,0.08,1110.9,18.7,0.01,0.925,0.075,0.983445,0.016555,66750.0
1774916799166,2026-03-31T00:26:39.166,btc-updown-15m-1774916100,1774917000,Up,88575036001923099357927134537191900875577654795416166353365157236150907905650,20185144917101351762095387621347858550182589456475538683864077906296334124849,0.92,0.93,1.03,1300.5,0.01,0.07,0.08,1300.5,1.03,0.01,0.925,0.075,0.999209,0.000791,66750.0
1774916800167,2026-03-31T00:26:40.167,btc-updown-15m-1774916100,1774917000,Up,88575036001923099357927134537191900875577654795416166353365157236150907905650,20185144917101351762095387621347858550182589456475538683864077906296334124849,0.92,0.94,226.0,1286.73,0.02,0.07,0.08,1287.08,8.73,0.01,0.93,0.075,0.850601,0.006737,66754.0
1774916801168,2026-03-31T00:26:41.168,btc-updown-15m-1774916100,1774917000,Up,88575036001923099357927134537191900875577654795416166353365157236150907905650,20185144917101351762095387621347858550182589456475538683864077906296334124849,0.93,0.94,235.19,115.96,0.01,0.06,0.07,115.96,235.19,0.01,0.935,0.065,0.330229,0.669771,66754.0
1774916802168,2026-03-31T00:26:42.168,btc-updown-15m-1774916100,1774917000,Up,88575036001923099357927134537191900875577654795416166353365157236150907905650,20185144917101351762095387621347858550182589456475538683864077906296334124849,0.95,0.96,1294.44,271.56,0.01,0.04,0.05,271.56,1294.44,0.01,0.955,0.045,0.17341,0.82659,66754.0
1774916803168,2026-03-31T00:26:43.168,btc-updown-15m-1774916100,1774917000,Up,88575036001923099357927134537191900875577654795416166353365157236150907905650,20185144917101351762095387621347858550182589456475538683864077906296334124849,0.95,0.96,244.79,1242.84,0.01,0.04,0.05,1242.84,244.79,0.01,0.955,0.045,0.83545,0.16455,66771.22
1774916804170,2026-03-31T00:26:44.170,btc-updown-15m-1774916100,1774917000,Up,88575036001923099357927134537191900875577654795416166353365157236150907905650,20185144917101351762095387621347858550182589456475538683864077906296334124849,0.95,0.96,129.49,1325.65,0.01,0.04,0.05,1325.65,129.49,0.01,0.955,0.045,0.911012,0.088988,66771.22
1774916805171,2026-03-31T00:26:45.171,btc-updown-15m-1774916100,1774917000,Up,88575036001923099357927134537191900875577654795416166353365157236150907905650,20185144917101351762095387621347858550182589456475538683864077906296334124849,0.96,0.97,1616.03,419.78,0.01,0.03,0.04,419.78,1616.03,0.01,0.965,0.035,0.206198,0.793802,66771.22
1774916806172,2026-03-31T00:26:46.172,btc-updown-15m-1774916100,1774917000,Up,88575036001923099357927134537191900875577654795416166353365157236150907905650,20185144917101351762095387621347858550182589456475538683864077906296334124849,0.96,0.97,1890.32,253.28,0.01,0.03,0.04,253.28,1890.32,0.01,0.965,0.035,0.118156,0.881844,66772.05
1774916807173,2026-03-31T00:26:47.173,btc-updown-15m-1774916100,1774917000,Up,88575036001923099357927134537191900875577654795416166353365157236150907905650,20185144917101351762095387621347858550182589456475538683864077906296334124849,0.95,0.96,7.95,992.93,0.01,0.04,0.05,992.93,7.95,0.01,0.955,0.045,0.992057,0.007943,66772.05
1774916808174,2026-03-31T00:26:48.174,btc-updown-15m-1774916100,1774917000,Up,88575036001923099357927134537191900875577654795416166353365157236150907905650,20185144917101351762095387621347858550182589456475538683864077906296334124849,0.96,0.97,1598.23,974.5,0.01,0.03,0.04,974.5,1598.23,0.01,0.965,0.035,0.378781,0.621219,66772.05
1774916809174,2026-03-31T00:26:49.174,btc-updown-15m-1774916100,1774917000,Up,88575036001923099357927134537191900875577654795416166353365157236150907905650,20185144917101351762095387621347858550182589456475538683864077906296334124849,0.96,0.97,1238.23,993.75,0.01,0.03,0.04,993.75,1238.23,0.01,0.965,0.035,0.445232,0.554768,66773.81
1774916810174,2026-03-31T00:26:50.174,btc-updown-15m-1774916100,1774917000,Up,88575036001923099357927134537191900875577654795416166353365157236150907905650,20185144917101351762095387621347858550182589456475538683864077906296334124849,0.96,0.97,1244.3,976.75,0.01,0.03,0.04,976.75,1244.3,0.01,0.965,0.035,0.439769,0.560231,66773.81
1774916811175,2026-03-31T00:26:51.175,btc-updown-15m-1774916100,1774917000,Up,88575036001923099357927134537191900875577654795416166353365157236150907905650,20185144917101351762095387621347858550182589456475538683864077906296334124849,0.96,0.97,943.61,989.57,0.01,0.03,0.04,989.57,943.61,0.01,0.965,0.035,0.511887,0.488113,66773.81
1774916812176,2026-03-31T00:26:52.176,btc-updown-15m-1774916100,1774917000,Up,88575036001923099357927134537191900875577654795416166353365157236150907905650,20185144917101351762095387621347858550182589456475538683864077906296334124849,0.96,0.97,928.98,1180.03,0.01,0.03,0.04,1180.03,928.98,0.01,0.965,0.035,0.559518,0.440482,66773.81
1774916813176,2026-03-31T00:26:53.176,btc-updown-15m-1774916100,1774917000,Up,88575036001923099357927134537191900875577654795416166353365157236150907905650,20185144917101351762095387621347858550182589456475538683864077906296334124849,0.96,0.97,915.94,1183.03,0.01,0.03,0.04,1183.03,915.94,0.01,0.965,0.035,0.563624,0.436376,66773.81
1774916814177,2026-03-31T00:26:54.177,btc-updown-15m-1774916100,1774917000,Up,88575036001923099357927134537191900875577654795416166353365157236150907905650,20185144917101351762095387621347858550182589456475538683864077906296334124849,0.96,0.97,900.94,1246.24,0.01,0.03,0.04,1246.24,900.94,0.01,0.965,0.035,0.580408,0.419592,66773.81
1774916815178,2026-03-31T00:26:55.178,btc-updown-15m-1774916100,1774917000,Up,88575036001923099357927134537191900875577654795416166353365157236150907905650,20185144917101351762095387621347858550182589456475538683864077906296334124849,0.97,0.98,2003.1,19.75,0.01,0.02,0.03,19.75,2003.1,0.01,0.975,0.025,0.009763,0.990237,66786.9
1774916816179,2026-03-31T00:26:56.179,btc-updown-15m-1774916100,1774917000,Up,88575036001923099357927134537191900875577654795416166353365157236150907905650,20185144917101351762095387621347858550182589456475538683864077906296334124849,0.97,0.98,1607.75,215.25,0.01,0.02,0.03,215.25,1607.75,0.01,0.975,0.025,0.118075,0.881925,66786.9
1774916817180,2026-03-31T00:26:57.180,btc-updown-15m-1774916100,1774917000,Up,88575036001923099357927134537191900875577654795416166353365157236150907905650,20185144917101351762095387621347858550182589456475538683864077906296334124849,0.97,0.98,1541.35,848.39,0.01,0.02,0.03,848.39,1541.35,0.01,0.975,0.025,0.355014,0.644986,66786.9
1774916818181,2026-03-31T00:26:58.181,btc-updown-15m-1774916100,1774917000,Up,88575036001923099357927134537191900875577654795416166353365157236150907905650,20185144917101351762095387621347858550182589456475538683864077906296334124849,0.97,0.98,1497.22,825.05,0.01,0.02,0.03,825.05,1497.22,0.01,0.975,0.025,0.355277,0.644723,66786.9
1774916819182,2026-03-31T00:26:59.182,btc-updown-15m-1774916100,1774917000,Up,88575036001923099357927134537191900875577654795416166353365157236150907905650,20185144917101351762095387621347858550182589456475538683864077906296334124849,0.97,0.98,1461.88,652.42,0.01,0.02,0.03,652.42,1461.88,0.01,0.975,0.025,0.308575,0.691425,66786.9
1774916820183,2026-03-31T00:27:00.183,btc-updown-15m-1774916100,1774917000,Up,88575036001923099357927134537191900875577654795416166353365157236150907905650,20185144917101351762095387621347858550182589456475538683864077906296334124849,0.97,0.98,932.64,1785.76,0.01,0.02,0.03,1785.76,932.64,0.01,0.975,0.025,0.656916,0.343084,66786.9
1774916821185,2026-03-31T00:27:01.185,btc-updown-15m-1774916100,1774917000,Up,88575036001923099357927134537191900875577654795416166353365157236150907905650,20185144917101351762095387621347858550182589456475538683864077906296334124849,0.97,0.98,1113.94,760.12,0.01,0.02,0.03,760.12,1113.94,0.01,0.975,0.025,0.405601,0.594399,66786.91
1774916822186,2026-03-31T00:27:02.186,btc-updown-15m-1774916100,1774917000,Up,88575036001923099357927134537191900875577654795416166353365157236150907905650,20185144917101351762095387621347858550182589456475538683864077906296334124849,0.97,0.98,939.89,814.14,0.01,0.02,0.03,814.14,939.89,0.01,0.975,0.025,0.464154,0.535846,66786.91
1774916823186,2026-03-31T00:27:03.186,btc-updown-15m-1774916100,1774917000,Up,88575036001923099357927134537191900875577654795416166353365157236150907905650,20185144917101351762095387621347858550182589456475538683864077906296334124849,0.97,0.98,1254.17,486.95,0.01,0.02,0.03,486.95,1254.17,0.01,0.975,0.025,0.279676,0.720324,66786.91
1774916824187,2026-03-31T00:27:04.187,btc-updown-15m-1774916100,1774917000,Up,88575036001923099357927134537191900875577654795416166353365157236150907905650,20185144917101351762095387621347858550182589456475538683864077906296334124849,0.97,0.98,1407.14,319.59,0.01,0.02,0.03,319.59,1407.14,0.01,0.975,0.025,0.185084,0.814916,66774.88
1774916825188,2026-03-31T00:27:05.188,btc-updown-15m-1774916100,1774917000,Up,88575036001923099357927134537191900875577654795416166353365157236150907905650,20185144917101351762095387621347858550182589456475538683864077906296334124849,0.96,0.97,290.0,269.49,0.01,0.03,0.04,269.49,290.0,0.01,0.965,0.035,0.481671,0.518329,66774.88
1774916826190,2026-03-31T00:27:06.190,btc-updown-15m-1774916100,1774917000,Up,88575036001923099357927134537191900875577654795416166353365157236150907905650,20185144917101351762095387621347858550182589456475538683864077906296334124849,0.96,0.97,1305.79,93.0,0.01,0.03,0.04,93.0,1305.79,0.01,0.965,0.035,0.066486,0.933514,66774.88
1774916827190,2026-03-31T00:27:07.190,btc-updown-15m-1774916100,1774917000,Up,88575036001923099357927134537191900875577654795416166353365157236150907905650,20185144917101351762095387621347858550182589456475538683864077906296334124849,0.95,0.96,1060.66,1198.59,0.01,0.04,0.05,1198.59,1060.66,0.01,0.955,0.045,0.530526,0.469474,66771.62
1774916828190,2026-03-31T00:27:08.190,btc-updown-15m-1774916100,1774917000,Up,88575036001923099357927134537191900875577654795416166353365157236150907905650,20185144917101351762095387621347858550182589456475538683864077906296334124849,0.95,0.96,1086.67,1149.06,0.01,0.04,0.05,1149.06,1086.67,0.01,0.955,0.045,0.513953,0.486047,66771.62
1774916829191,2026-03-31T00:27:09.191,btc-updown-15m-1774916100,1774917000,Up,88575036001923099357927134537191900875577654795416166353365157236150907905650,20185144917101351762095387621347858550182589456475538683864077906296334124849,0.95,0.96,1093.3,1030.06,0.01,0.04,0.05,1030.06,1093.3,0.01,0.955,0.045,0.485109,0.514891,66771.62
1774916830192,2026-03-31T00:27:10.192,btc-updown-15m-1774916100,1774917000,Up,88575036001923099357927134537191900875577654795416166353365157236150907905650,20185144917101351762095387621347858550182589456475538683864077906296334124849,0.96,0.97,1316.84,60.0,0.01,0.03,0.04,60.0,1316.84,0.01,0.965,0.035,0.043578,0.956422,66771.63
1774916831192,2026-03-31T00:27:11.192,btc-updown-15m-1774916100,1774917000,Up,88575036001923099357927134537191900875577654795416166353365157236150907905650,20185144917101351762095387621347858550182589456475538683864077906296334124849,0.96,0.97,1040.5,1111.4,0.01,0.03,0.04,1111.4,1040.5,0.01,0.965,0.035,0.516474,0.483526,66771.63
1774916832193,2026-03-31T00:27:12.193,btc-updown-15m-1774916100,1774917000,Up,88575036001923099357927134537191900875577654795416166353365157236150907905650,20185144917101351762095387621347858550182589456475538683864077906296334124849,0.96,0.97,1040.5,1111.4,0.01,0.03,0.04,1111.4,1040.5,0.01,0.965,0.035,0.516474,0.483526,66771.63
1774916833194,2026-03-31T00:27:13.194,btc-updown-15m-1774916100,1774917000,Up,88575036001923099357927134537191900875577654795416166353365157236150907905650,20185144917101351762095387621347858550182589456475538683864077906296334124849,0.96,0.97,871.66,1726.06,0.01,0.03,0.04,1726.06,871.66,0.01,0.965,0.035,0.664452,0.335548,66776.0
1774916834195,2026-03-31T00:27:14.195,btc-updown-15m-1774916100,1774917000,Up,88575036001923099357927134537191900875577654795416166353365157236150907905650,20185144917101351762095387621347858550182589456475538683864077906296334124849,0.96,0.97,797.66,1758.48,0.01,0.03,0.04,1758.48,797.66,0.01,0.965,0.035,0.687944,0.312056,66776.0
1774916835195,2026-03-31T00:27:15.195,btc-updown-15m-1774916100,1774917000,Up,88575036001923099357927134537191900875577654795416166353365157236150907905650,20185144917101351762095387621347858550182589456475538683864077906296334124849,0.96,0.97,49.0,1792.48,0.01,0.03,0.04,1792.48,49.0,0.01,0.965,0.035,0.973391,0.026609,66776.0
1774916836196,2026-03-31T00:27:16.196,btc-updown-15m-1774916100,1774917000,Up,88575036001923099357927134537191900875577654795416166353365157236150907905650,20185144917101351762095387621347858550182589456475538683864077906296334124849,0.97,0.98,1543.16,1334.11,0.01,0.02,0.03,1334.11,1543.16,0.01,0.975,0.025,0.463672,0.536328,66786.9
1774916837196,2026-03-31T00:27:17.196,btc-updown-15m-1774916100,1774917000,Up,88575036001923099357927134537191900875577654795416166353365157236150907905650,20185144917101351762095387621347858550182589456475538683864077906296334124849,0.97,0.98,1532.76,1423.41,0.01,0.02,0.03,1423.41,1532.76,0.01,0.975,0.025,0.481505,0.518495,66786.9
1774916838197,2026-03-31T00:27:18.197,btc-updown-15m-1774916100,1774917000,Up,88575036001923099357927134537191900875577654795416166353365157236150907905650,20185144917101351762095387621347858550182589456475538683864077906296334124849,0.97,0.98,1609.76,305.02,0.01,0.02,0.03,305.02,1609.76,0.01,0.975,0.025,0.159298,0.840702,66786.9
1774916839197,2026-03-31T00:27:19.197,btc-updown-15m-1774916100,1774917000,Up,88575036001923099357927134537191900875577654795416166353365157236150907905650,20185144917101351762095387621347858550182589456475538683864077906296334124849,0.97,0.98,1588.42,1464.23,0.01,0.02,0.03,1464.23,1588.42,0.01,0.975,0.025,0.479659,0.520341,66783.63
1774916840198,2026-03-31T00:27:20.198,btc-updown-15m-1774916100,1774917000,Up,88575036001923099357927134537191900875577654795416166353365157236150907905650,20185144917101351762095387621347858550182589456475538683864077906296334124849,0.97,0.98,1593.42,321.97,0.01,0.02,0.03,321.97,1593.42,0.01,0.975,0.025,0.168096,0.831904,66783.63
1774916841199,2026-03-31T00:27:21.199,btc-updown-15m-1774916100,1774917000,Up,88575036001923099357927134537191900875577654795416166353365157236150907905650,20185144917101351762095387621347858550182589456475538683864077906296334124849,0.97,0.98,1608.42,296.39,0.01,0.02,0.03,296.39,1608.42,0.01,0.975,0.025,0.155601,0.844399,66783.63
1774916842199,2026-03-31T00:27:22.199,btc-updown-15m-1774916100,1774917000,Up,88575036001923099357927134537191900875577654795416166353365157236150907905650,20185144917101351762095387621347858550182589456475538683864077906296334124849,0.97,0.98,1603.42,296.39,0.01,0.02,0.03,296.39,1603.42,0.01,0.975,0.025,0.15601,0.84399,66778.05
1774916843199,2026-03-31T00:27:23.199,btc-updown-15m-1774916100,1774917000,Up,88575036001923099357927134537191900875577654795416166353365157236150907905650,20185144917101351762095387621347858550182589456475538683864077906296334124849,0.97,0.98,1603.42,296.39,0.01,0.02,0.03,296.39,1603.42,0.01,0.975,0.025,0.15601,0.84399,66778.05
1774916844200,2026-03-31T00:27:24.200,btc-updown-15m-1774916100,1774917000,Up,88575036001923099357927134537191900875577654795416166353365157236150907905650,20185144917101351762095387621347858550182589456475538683864077906296334124849,0.97,0.98,1603.42,296.39,0.01,0.02,0.03,296.39,1603.42,0.01,0.975,0.025,0.15601,0.84399,66778.05
1774916845201,2026-03-31T00:27:25.201,btc-updown-15m-1774916100,1774917000,Up,88575036001923099357927134537191900875577654795416166353365157236150907905650,20185144917101351762095387621347858550182589456475538683864077906296334124849,0.97,0.98,1603.42,296.39,0.01,0.02,0.03,296.39,1603.42,0.01,0.975,0.025,0.15601,0.84399,66778.05
1774916846202,2026-03-31T00:27:26.202,btc-updown-15m-1774916100,1774917000,Up,88575036001923099357927134537191900875577654795416166353365157236150907905650,20185144917101351762095387621347858550182589456475538683864077906296334124849,0.97,0.98,1521.31,1680.46,0.01,0.02,0.03,1680.46,1521.31,0.01,0.975,0.025,0.524853,0.475147,66778.05
1774916847203,2026-03-31T00:27:27.203,btc-updown-15m-1774916100,1774917000,Up,88575036001923099357927134537191900875577654795416166353365157236150907905650,20185144917101351762095387621347858550182589456475538683864077906296334124849,0.97,0.98,1226.62,740.46,0.01,0.02,0.03,740.46,1226.62,0.01,0.975,0.025,0.376426,0.623574,66778.05
1774916848204,2026-03-31T00:27:28.204,btc-updown-15m-1774916100,1774917000,Up,88575036001923099357927134537191900875577654795416166353365157236150907905650,20185144917101351762095387621347858550182589456475538683864077906296334124849,0.97,0.98,1222.62,872.65,0.01,0.02,0.03,872.65,1222.62,0.01,0.975,0.025,0.416486,0.583514,66778.06
1774916849205,2026-03-31T00:27:29.205,btc-updown-15m-1774916100,1774917000,Up,88575036001923099357927134537191900875577654795416166353365157236150907905650,20185144917101351762095387621347858550182589456475538683864077906296334124849,0.97,0.98,1216.49,857.6,0.01,0.02,0.03,857.6,1216.49,0.01,0.975,0.025,0.413483,0.586517,66778.06
1774916850206,2026-03-31T00:27:30.206,btc-updown-15m-1774916100,1774917000,Up,88575036001923099357927134537191900875577654795416166353365157236150907905650,20185144917101351762095387621347858550182589456475538683864077906296334124849,0.97,0.98,1187.33,1988.79,0.01,0.02,0.03,1988.79,1187.33,0.01,0.975,0.025,0.62617,0.37383,66778.06
1774916851206,2026-03-31T00:27:31.206,btc-updown-15m-1774916100,1774917000,Up,88575036001923099357927134537191900875577654795416166353365157236150907905650,20185144917101351762095387621347858550182589456475538683864077906296334124849,0.98,0.99,3200.28,2294.42,0.01,0.01,0.02,2294.42,3200.28,0.01,0.985,0.015,0.41757,0.58243,66797.37
1774916852206,2026-03-31T00:27:32.206,btc-updown-15m-1774916100,1774917000,Up,88575036001923099357927134537191900875577654795416166353365157236150907905650,20185144917101351762095387621347858550182589456475538683864077906296334124849,0.98,0.99,2916.32,2388.5,0.01,0.01,0.02,2388.5,2916.32,0.01,0.985,0.015,0.450251,0.549749,66797.37
1774916853207,2026-03-31T00:27:33.207,btc-updown-15m-1774916100,1774917000,Up,88575036001923099357927134537191900875577654795416166353365157236150907905650,20185144917101351762095387621347858550182589456475538683864077906296334124849,0.98,0.99,2324.14,2611.46,0.01,0.01,0.02,2611.46,2324.14,0.01,0.985,0.015,0.529107,0.470893,66797.37
1774916854208,2026-03-31T00:27:34.208,btc-updown-15m-1774916100,1774917000,Up,88575036001923099357927134537191900875577654795416166353365157236150907905650,20185144917101351762095387621347858550182589456475538683864077906296334124849,0.98,0.99,1710.1,3097.78,0.01,0.01,0.02,3097.78,1710.1,0.01,0.985,0.015,0.644313,0.355687,66797.38
1774916855210,2026-03-31T00:27:35.210,btc-updown-15m-1774916100,1774917000,Up,88575036001923099357927134537191900875577654795416166353365157236150907905650,20185144917101351762095387621347858550182589456475538683864077906296334124849,0.98,0.99,1646.83,2281.78,0.01,0.01,0.02,2281.78,1646.83,0.01,0.985,0.015,0.580811,0.419189,66797.38
1774916856212,2026-03-31T00:27:36.212,btc-updown-15m-1774916100,1774917000,Up,88575036001923099357927134537191900875577654795416166353365157236150907905650,20185144917101351762095387621347858550182589456475538683864077906296334124849,0.98,0.99,982.05,2931.52,0.01,0.01,0.02,2931.52,982.05,0.01,0.985,0.015,0.749065,0.250935,66797.38
1774916857212,2026-03-31T00:27:37.212,btc-updown-15m-1774916100,1774917000,Up,88575036001923099357927134537191900875577654795416166353365157236150907905650,20185144917101351762095387621347858550182589456475538683864077906296334124849,0.98,0.99,973.05,1462.61,0.01,0.01,0.02,1462.61,973.05,0.01,0.985,0.015,0.600498,0.399502,66781.67
1774916858213,2026-03-31T00:27:38.213,btc-updown-15m-1774916100,1774917000,Up,88575036001923099357927134537191900875577654795416166353365157236150907905650,20185144917101351762095387621347858550182589456475538683864077906296334124849,0.98,0.99,928.05,1444.61,0.01,0.01,0.02,1444.61,928.05,0.01,0.985,0.015,0.608857,0.391143,66781.67
1774916859213,2026-03-31T00:27:39.213,btc-updown-15m-1774916100,1774917000,Up,88575036001923099357927134537191900875577654795416166353365157236150907905650,20185144917101351762095387621347858550182589456475538683864077906296334124849,0.98,0.99,1362.89,1436.61,0.01,0.01,0.02,1436.61,1362.89,0.01,0.985,0.015,0.513167,0.486833,66781.67
1774916860214,2026-03-31T00:27:40.214,btc-updown-15m-1774916100,1774917000,Up,88575036001923099357927134537191900875577654795416166353365157236150907905650,20185144917101351762095387621347858550182589456475538683864077906296334124849,0.98,0.99,1089.33,1552.64,0.01,0.01,0.02,1552.64,1089.33,0.01,0.985,0.015,0.587683,0.412317,66783.16
1774916861215,2026-03-31T00:27:41.215,btc-updown-15m-1774916100,1774917000,Up,88575036001923099357927134537191900875577654795416166353365157236150907905650,20185144917101351762095387621347858550182589456475538683864077906296334124849,0.98,0.99,1089.33,1552.64,0.01,0.01,0.02,1552.64,1089.33,0.01,0.985,0.015,0.587683,0.412317,66783.16
1774916862216,2026-03-31T00:27:42.216,btc-updown-15m-1774916100,1774917000,Up,88575036001923099357927134537191900875577654795416166353365157236150907905650,20185144917101351762095387621347858550182589456475538683864077906296334124849,0.98,0.99,1462.33,1745.75,0.01,0.01,0.02,1745.75,1462.33,0.01,0.985,0.015,0.544173,0.455827,66783.16
1774916863216,2026-03-31T00:27:43.216,btc-updown-15m-1774916100,1774917000,Up,88575036001923099357927134537191900875577654795416166353365157236150907905650,20185144917101351762095387621347858550182589456475538683864077906296334124849,0.98,0.99,1270.3,1536.49,0.01,0.01,0.02,1536.49,1270.3,0.01,0.985,0.015,0.547419,0.452581,66786.48
1774916864216,2026-03-31T00:27:44.216,btc-updown-15m-1774916100,1774917000,Up,88575036001923099357927134537191900875577654795416166353365157236150907905650,20185144917101351762095387621347858550182589456475538683864077906296334124849,0.98,0.99,1289.89,2569.41,0.01,0.01,0.02,2569.41,1289.89,0.01,0.985,0.015,0.665771,0.334229,66786.48
1774916865217,2026-03-31T00:27:45.217,btc-updown-15m-1774916100,1774917000,Up,88575036001923099357927134537191900875577654795416166353365157236150907905650,20185144917101351762095387621347858550182589456475538683864077906296334124849,0.98,0.99,1195.19,2569.41,0.01,0.01,0.02,2569.41,1195.19,0.01,0.985,0.015,0.682519,0.317481,66786.48
1774916866218,2026-03-31T00:27:46.218,btc-updown-15m-1774916100,1774917000,Up,88575036001923099357927134537191900875577654795416166353365157236150907905650,20185144917101351762095387621347858550182589456475538683864077906296334124849,0.98,0.99,1195.19,2167.43,0.01,0.01,0.02,2167.43,1195.19,0.01,0.985,0.015,0.644566,0.355434,66787.94
1774916867219,2026-03-31T00:27:47.219,btc-updown-15m-1774916100,1774917000,Up,88575036001923099357927134537191900875577654795416166353365157236150907905650,20185144917101351762095387621347858550182589456475538683864077906296334124849,0.98,0.99,1195.19,2167.43,0.01,0.01,0.02,2167.43,1195.19,0.01,0.985,0.015,0.644566,0.355434,66787.94
1774916868220,2026-03-31T00:27:48.220,btc-updown-15m-1774916100,1774917000,Up,88575036001923099357927134537191900875577654795416166353365157236150907905650,20185144917101351762095387621347858550182589456475538683864077906296334124849,0.98,0.99,1175.75,2131.43,0.01,0.01,0.02,2131.43,1175.75,0.01,0.985,0.015,0.644486,0.355514,66787.94
1774916869220,2026-03-31T00:27:49.220,btc-updown-15m-1774916100,1774917000,Up,88575036001923099357927134537191900875577654795416166353365157236150907905650,20185144917101351762095387621347858550182589456475538683864077906296334124849,0.98,0.99,1175.75,2131.43,0.01,0.01,0.02,2131.43,1175.75,0.01,0.985,0.015,0.644486,0.355514,66790.59
1774916870220,2026-03-31T00:27:50.220,btc-updown-15m-1774916100,1774917000,Up,88575036001923099357927134537191900875577654795416166353365157236150907905650,20185144917101351762095387621347858550182589456475538683864077906296334124849,0.98,0.99,1146.0,2131.43,0.01,0.01,0.02,2131.43,1146.0,0.01,0.985,0.015,0.650336,0.349664,66790.59
1774916871221,2026-03-31T00:27:51.221,btc-updown-15m-1774916100,1774917000,Up,88575036001923099357927134537191900875577654795416166353365157236150907905650,20185144917101351762095387621347858550182589456475538683864077906296334124849,0.98,0.99,1150.33,2104.71,0.01,0.01,0.02,2104.71,1150.33,0.01,0.985,0.015,0.6466,0.3534,66790.59
1774916872222,2026-03-31T00:27:52.222,btc-updown-15m-1774916100,1774917000,Up,88575036001923099357927134537191900875577654795416166353365157236150907905650,20185144917101351762095387621347858550182589456475538683864077906296334124849,0.98,0.99,1175.02,2124.71,0.01,0.01,0.02,2124.71,1175.02,0.01,0.985,0.015,0.643904,0.356096,66790.59
1774916873222,2026-03-31T00:27:53.222,btc-updown-15m-1774916100,1774917000,Up,88575036001923099357927134537191900875577654795416166353365157236150907905650,20185144917101351762095387621347858550182589456475538683864077906296334124849,0.98,0.99,1175.02,2124.71,0.01,0.01,0.02,2124.71,1175.02,0.01,0.985,0.015,0.643904,0.356096,66790.59
1774916874223,2026-03-31T00:27:54.223,btc-updown-15m-1774916100,1774917000,Up,88575036001923099357927134537191900875577654795416166353365157236150907905650,20185144917101351762095387621347858550182589456475538683864077906296334124849,0.98,,,2064.71,,,0.02,2064.71,,,,,,,66790.59
1774916875224,2026-03-31T00:27:55.224,btc-updown-15m-1774916100,1774917000,Up,88575036001923099357927134537191900875577654795416166353365157236150907905650,20185144917101351762095387621347858550182589456475538683864077906296334124849,0.99,,,2295.49,,,0.01,2295.49,,,,,,,66790.59
1774916876224,2026-03-31T00:27:56.224,btc-updown-15m-1774916100,1774917000,Up,88575036001923099357927134537191900875577654795416166353365157236150907905650,20185144917101351762095387621347858550182589456475538683864077906296334124849,0.99,,,2377.08,,,0.01,2377.08,,,,,,,66790.59
1774916877225,2026-03-31T00:27:57.225,btc-updown-15m-1774916100,1774917000,Up,88575036001923099357927134537191900875577654795416166353365157236150907905650,20185144917101351762095387621347858550182589456475538683864077906296334124849,0.99,,,2227.27,,,0.01,2227.27,,,,,,,66790.59
1774916878225,2026-03-31T00:27:58.225,btc-updown-15m-1774916100,1774917000,Up,88575036001923099357927134537191900875577654795416166353365157236150907905650,20185144917101351762095387621347858550182589456475538683864077906296334124849,0.99,,,1894.46,,,0.01,1894.46,,,,,,,66785.68
1774916879226,2026-03-31T00:27:59.226,btc-updown-15m-1774916100,1774917000,Up,88575036001923099357927134537191900875577654795416166353365157236150907905650,20185144917101351762095387621347858550182589456475538683864077906296334124849,0.99,,,3287.71,,,0.01,3287.71,,,,,,,66785.68
1774916880227,2026-03-31T00:28:00.227,btc-updown-15m-1774916100,1774917000,Up,88575036001923099357927134537191900875577654795416166353365157236150907905650,20185144917101351762095387621347858550182589456475538683864077906296334124849,0.99,,,3232.71,,,0.01,3232.71,,,,,,,66785.68
1774916881228,2026-03-31T00:28:01.228,btc-updown-15m-1774916100,1774917000,Up,88575036001923099357927134537191900875577654795416166353365157236150907905650,20185144917101351762095387621347858550182589456475538683864077906296334124849,0.99,,,4871.28,,,0.01,4871.28,,,,,,,66780.39
1774916882229,2026-03-31T00:28:02.229,btc-updown-15m-1774916100,1774917000,Up,88575036001923099357927134537191900875577654795416166353365157236150907905650,20185144917101351762095387621347858550182589456475538683864077906296334124849,0.99,,,4877.78,,,0.01,4877.78,,,,,,,66780.39
1774916883230,2026-03-31T00:28:03.230,btc-updown-15m-1774916100,1774917000,Up,88575036001923099357927134537191900875577654795416166353365157236150907905650,20185144917101351762095387621347858550182589456475538683864077906296334124849,0.99,,,3094.78,,,0.01,3094.78,,,,,,,66780.39
1774916884231,2026-03-31T00:28:04.231,btc-updown-15m-1774916100,1774917000,Up,88575036001923099357927134537191900875577654795416166353365157236150907905650,20185144917101351762095387621347858550182589456475538683864077906296334124849,0.99,,,3094.78,,,0.01,3094.78,,,,,,,66777.11
1774916885232,2026-03-31T00:28:05.232,btc-updown-15m-1774916100,1774917000,Up,88575036001923099357927134537191900875577654795416166353365157236150907905650,20185144917101351762095387621347858550182589456475538683864077906296334124849,0.99,,,3164.78,,,0.01,3164.78,,,,,,,66777.11
1774916886232,2026-03-31T00:28:06.232,btc-updown-15m-1774916100,1774917000,Up,88575036001923099357927134537191900875577654795416166353365157236150907905650,20185144917101351762095387621347858550182589456475538683864077906296334124849,0.99,,,3164.78,,,0.01,3164.78,,,,,,,66777.11
1774916887233,2026-03-31T00:28:07.233,btc-updown-15m-1774916100,1774917000,Up,88575036001923099357927134537191900875577654795416166353365157236150907905650,20185144917101351762095387621347858550182589456475538683864077906296334124849,0.99,,,3162.46,,,0.01,3162.46,,,,,,,66777.12
1774916888233,2026-03-31T00:28:08.233,btc-updown-15m-1774916100,1774917000,Up,88575036001923099357927134537191900875577654795416166353365157236150907905650,20185144917101351762095387621347858550182589456475538683864077906296334124849,0.99,,,3162.46,,,0.01,3162.46,,,,,,,66777.12
1774916889234,2026-03-31T00:28:09.234,btc-updown-15m-1774916100,1774917000,Up,88575036001923099357927134537191900875577654795416166353365157236150907905650,20185144917101351762095387621347858550182589456475538683864077906296334124849,0.99,,,3068.46,,,0.01,3068.46,,,,,,,66777.12
1774916890234,2026-03-31T00:28:10.234,btc-updown-15m-1774916100,1774917000,Up,88575036001923099357927134537191900875577654795416166353365157236150907905650,20185144917101351762095387621347858550182589456475538683864077906296334124849,0.99,,,3083.51,,,0.01,3083.51,,,,,,,66777.11
1774916891235,2026-03-31T00:28:11.235,btc-updown-15m-1774916100,1774917000,Up,88575036001923099357927134537191900875577654795416166353365157236150907905650,20185144917101351762095387621347858550182589456475538683864077906296334124849,0.99,,,3083.51,,,0.01,3083.51,,,,,,,66777.11
1774916892235,2026-03-31T00:28:12.235,btc-updown-15m-1774916100,1774917000,Up,88575036001923099357927134537191900875577654795416166353365157236150907905650,20185144917101351762095387621347858550182589456475538683864077906296334124849,0.99,,,3083.51,,,0.01,3083.51,,,,,,,66777.11
1774916893236,2026-03-31T00:28:13.236,btc-updown-15m-1774916100,1774917000,Up,88575036001923099357927134537191900875577654795416166353365157236150907905650,20185144917101351762095387621347858550182589456475538683864077906296334124849,0.99,,,3083.51,,,0.01,3083.51,,,,,,,66777.11
1774916894237,2026-03-31T00:28:14.237,btc-updown-15m-1774916100,1774917000,Up,88575036001923099357927134537191900875577654795416166353365157236150907905650,20185144917101351762095387621347858550182589456475538683864077906296334124849,0.99,,,3083.51,,,0.01,3083.51,,,,,,,66777.11
1774916895237,2026-03-31T00:28:15.237,btc-updown-15m-1774916100,1774917000,Up,88575036001923099357927134537191900875577654795416166353365157236150907905650,20185144917101351762095387621347858550182589456475538683864077906296334124849,0.99,,,3577.56,,,0.01,3577.56,,,,,,,66777.11
1774916896239,2026-03-31T00:28:16.239,btc-updown-15m-1774916100,1774917000,Up,88575036001923099357927134537191900875577654795416166353365157236150907905650,20185144917101351762095387621347858550182589456475538683864077906296334124849,0.99,,,3577.56,,,0.01,3577.56,,,,,,,66777.12
1774916897240,2026-03-31T00:28:17.240,btc-updown-15m-1774916100,1774917000,Up,88575036001923099357927134537191900875577654795416166353365157236150907905650,20185144917101351762095387621347858550182589456475538683864077906296334124849,0.99,,,3577.56,,,0.01,3577.56,,,,,,,66777.12
1774916898241,2026-03-31T00:28:18.241,btc-updown-15m-1774916100,1774917000,Up,88575036001923099357927134537191900875577654795416166353365157236150907905650,20185144917101351762095387621347858550182589456475538683864077906296334124849,0.99,,,3577.56,,,0.01,3577.56,,,,,,,66777.12
1774916899241,2026-03-31T00:28:19.241,btc-updown-15m-1774916100,1774917000,Up,88575036001923099357927134537191900875577654795416166353365157236150907905650,20185144917101351762095387621347858550182589456475538683864077906296334124849,0.99,,,3577.56,,,0.01,3577.56,,,,,,,66777.12
1774916900242,2026-03-31T00:28:20.242,btc-updown-15m-1774916100,1774917000,Up,88575036001923099357927134537191900875577654795416166353365157236150907905650,20185144917101351762095387621347858550182589456475538683864077906296334124849,0.99,,,3577.24,,,0.01,3577.24,,,,,,,66777.12
1774916901243,2026-03-31T00:28:21.243,btc-updown-15m-1774916100,1774917000,Up,88575036001923099357927134537191900875577654795416166353365157236150907905650,20185144917101351762095387621347858550182589456475538683864077906296334124849,0.99,,,3577.24,,,0.01,3577.24,,,,,,,66777.12
1774916902244,2026-03-31T00:28:22.244,btc-updown-15m-1774916100,1774917000,Up,88575036001923099357927134537191900875577654795416166353365157236150907905650,20185144917101351762095387621347858550182589456475538683864077906296334124849,0.99,,,4545.29,,,0.01,4545.29,,,,,,,66759.93
1774916903245,2026-03-31T00:28:23.245,btc-updown-15m-1774916100,1774917000,Up,88575036001923099357927134537191900875577654795416166353365157236150907905650,20185144917101351762095387621347858550182589456475538683864077906296334124849,0.99,,,4255.29,,,0.01,4255.29,,,,,,,66759.93
1774916904246,2026-03-31T00:28:24.246,btc-updown-15m-1774916100,1774917000,Up,88575036001923099357927134537191900875577654795416166353365157236150907905650,20185144917101351762095387621347858550182589456475538683864077906296334124849,0.99,,,4155.29,,,0.01,4155.29,,,,,,,66759.93
1774916905247,2026-03-31T00:28:25.247,btc-updown-15m-1774916100,1774917000,Up,88575036001923099357927134537191900875577654795416166353365157236150907905650,20185144917101351762095387621347858550182589456475538683864077906296334124849,0.99,,,2778.29,,,0.01,2778.29,,,,,,,66780.24
1774916906248,2026-03-31T00:28:26.248,btc-updown-15m-1774916100,1774917000,Up,88575036001923099357927134537191900875577654795416166353365157236150907905650,20185144917101351762095387621347858550182589456475538683864077906296334124849,0.99,,,2778.29,,,0.01,2778.29,,,,,,,66780.24
1774916907249,2026-03-31T00:28:27.249,btc-updown-15m-1774916100,1774917000,Up,88575036001923099357927134537191900875577654795416166353365157236150907905650,20185144917101351762095387621347858550182589456475538683864077906296334124849,0.99,,,2778.29,,,0.01,2778.29,,,,,,,66780.24
1774916908250,2026-03-31T00:28:28.250,btc-updown-15m-1774916100,1774917000,Up,88575036001923099357927134537191900875577654795416166353365157236150907905650,20185144917101351762095387621347858550182589456475538683864077906296334124849,0.99,,,2778.29,,,0.01,2778.29,,,,,,,66780.23
1774916909251,2026-03-31T00:28:29.251,btc-updown-15m-1774916100,1774917000,Up,88575036001923099357927134537191900875577654795416166353365157236150907905650,20185144917101351762095387621347858550182589456475538683864077906296334124849,0.99,,,1173.2,,,0.01,1173.2,,,,,,,66780.23
1774916910252,2026-03-31T00:28:30.252,btc-updown-15m-1774916100,1774917000,Up,88575036001923099357927134537191900875577654795416166353365157236150907905650,20185144917101351762095387621347858550182589456475538683864077906296334124849,0.99,,,1173.2,,,0.01,1173.2,,,,,,,66780.23
1774916911253,2026-03-31T00:28:31.253,btc-updown-15m-1774916100,1774917000,Up,88575036001923099357927134537191900875577654795416166353365157236150907905650,20185144917101351762095387621347858550182589456475538683864077906296334124849,0.99,,,1180.73,,,0.01,1180.73,,,,,,,66780.23
1774916912254,2026-03-31T00:28:32.254,btc-updown-15m-1774916100,1774917000,Up,88575036001923099357927134537191900875577654795416166353365157236150907905650,20185144917101351762095387621347858550182589456475538683864077906296334124849,0.99,,,1180.73,,,0.01,1180.73,,,,,,,66780.23
1774916913255,2026-03-31T00:28:33.255,btc-updown-15m-1774916100,1774917000,Up,88575036001923099357927134537191900875577654795416166353365157236150907905650,20185144917101351762095387621347858550182589456475538683864077906296334124849,0.99,,,1180.73,,,0.01,1180.73,,,,,,,66780.23
1774916914256,2026-03-31T00:28:34.256,btc-updown-15m-1774916100,1774917000,Up,88575036001923099357927134537191900875577654795416166353365157236150907905650,20185144917101351762095387621347858550182589456475538683864077906296334124849,0.99,,,1180.73,,,0.01,1180.73,,,,,,,66780.23
1774916915257,2026-03-31T00:28:35.257,btc-updown-15m-1774916100,1774917000,Up,88575036001923099357927134537191900875577654795416166353365157236150907905650,20185144917101351762095387621347858550182589456475538683864077906296334124849,0.99,,,1180.73,,,0.01,1180.73,,,,,,,66780.23
1774916916258,2026-03-31T00:28:36.258,btc-updown-15m-1774916100,1774917000,Up,88575036001923099357927134537191900875577654795416166353365157236150907905650,20185144917101351762095387621347858550182589456475538683864077906296334124849,0.99,,,1180.73,,,0.01,1180.73,,,,,,,66780.23
1774916917258,2026-03-31T00:28:37.258,btc-updown-15m-1774916100,1774917000,Up,88575036001923099357927134537191900875577654795416166353365157236150907905650,20185144917101351762095387621347858550182589456475538683864077906296334124849,0.99,,,1180.73,,,0.01,1180.73,,,,,,,66780.24
1774916918259,2026-03-31T00:28:38.259,btc-updown-15m-1774916100,1774917000,Up,88575036001923099357927134537191900875577654795416166353365157236150907905650,20185144917101351762095387621347858550182589456475538683864077906296334124849,0.99,,,1180.73,,,0.01,1180.73,,,,,,,66780.24
1774916919261,2026-03-31T00:28:39.261,btc-updown-15m-1774916100,1774917000,Up,88575036001923099357927134537191900875577654795416166353365157236150907905650,20185144917101351762095387621347858550182589456475538683864077906296334124849,0.99,,,1180.73,,,0.01,1180.73,,,,,,,66780.24
1774916920262,2026-03-31T00:28:40.262,btc-updown-15m-1774916100,1774917000,Up,88575036001923099357927134537191900875577654795416166353365157236150907905650,20185144917101351762095387621347858550182589456475538683864077906296334124849,0.99,,,1180.73,,,0.01,1180.73,,,,,,,66786.47
1774916921262,2026-03-31T00:28:41.262,btc-updown-15m-1774916100,1774917000,Up,88575036001923099357927134537191900875577654795416166353365157236150907905650,20185144917101351762095387621347858550182589456475538683864077906296334124849,0.99,,,1180.73,,,0.01,1180.73,,,,,,,66786.47
1774916922262,2026-03-31T00:28:42.262,btc-updown-15m-1774916100,1774917000,Up,88575036001923099357927134537191900875577654795416166353365157236150907905650,20185144917101351762095387621347858550182589456475538683864077906296334124849,0.99,,,1180.73,,,0.01,1180.73,,,,,,,66786.47
1774916923264,2026-03-31T00:28:43.264,btc-updown-15m-1774916100,1774917000,Up,88575036001923099357927134537191900875577654795416166353365157236150907905650,20185144917101351762095387621347858550182589456475538683864077906296334124849,0.99,,,1180.73,,,0.01,1180.73,,,,,,,66790.61
1774916924265,2026-03-31T00:28:44.265,btc-updown-15m-1774916100,1774917000,Up,88575036001923099357927134537191900875577654795416166353365157236150907905650,20185144917101351762095387621347858550182589456475538683864077906296334124849,0.99,,,1180.73,,,0.01,1180.73,,,,,,,66790.61
1774916925265,2026-03-31T00:28:45.265,btc-updown-15m-1774916100,1774917000,Up,88575036001923099357927134537191900875577654795416166353365157236150907905650,20185144917101351762095387621347858550182589456475538683864077906296334124849,0.99,,,1180.73,,,0.01,1180.73,,,,,,,66790.61
1774916926266,2026-03-31T00:28:46.266,btc-updown-15m-1774916100,1774917000,Up,88575036001923099357927134537191900875577654795416166353365157236150907905650,20185144917101351762095387621347858550182589456475538683864077906296334124849,0.99,,,1180.73,,,0.01,1180.73,,,,,,,66792.0
1774916927266,2026-03-31T00:28:47.266,btc-updown-15m-1774916100,1774917000,Up,88575036001923099357927134537191900875577654795416166353365157236150907905650,20185144917101351762095387621347858550182589456475538683864077906296334124849,0.99,,,1180.73,,,0.01,1180.73,,,,,,,66792.0
1774916928268,2026-03-31T00:28:48.268,btc-updown-15m-1774916100,1774917000,Up,88575036001923099357927134537191900875577654795416166353365157236150907905650,20185144917101351762095387621347858550182589456475538683864077906296334124849,0.99,,,1180.73,,,0.01,1180.73,,,,,,,66792.0
1774916929268,2026-03-31T00:28:49.268,btc-updown-15m-1774916100,1774917000,Up,88575036001923099357927134537191900875577654795416166353365157236150907905650,20185144917101351762095387621347858550182589456475538683864077906296334124849,0.99,,,1180.73,,,0.01,1180.73,,,,,,,66799.79
1774916930269,2026-03-31T00:28:50.269,btc-updown-15m-1774916100,1774917000,Up,88575036001923099357927134537191900875577654795416166353365157236150907905650,20185144917101351762095387621347858550182589456475538683864077906296334124849,0.99,,,4980.68,,,0.01,4980.68,,,,,,,66799.79
1774916931270,2026-03-31T00:28:51.270,btc-updown-15m-1774916100,1774917000,Up,88575036001923099357927134537191900875577654795416166353365157236150907905650,20185144917101351762095387621347858550182589456475538683864077906296334124849,0.99,,,4980.68,,,0.01,4980.68,,,,,,,66799.79
1774916932271,2026-03-31T00:28:52.271,btc-updown-15m-1774916100,1774917000,Up,88575036001923099357927134537191900875577654795416166353365157236150907905650,20185144917101351762095387621347858550182589456475538683864077906296334124849,0.99,,,4980.68,,,0.01,4980.68,,,,,,,66796.98
1774916933272,2026-03-31T00:28:53.272,btc-updown-15m-1774916100,1774917000,Up,88575036001923099357927134537191900875577654795416166353365157236150907905650,20185144917101351762095387621347858550182589456475538683864077906296334124849,0.99,,,4980.68,,,0.01,4980.68,,,,,,,66796.98
1774916934272,2026-03-31T00:28:54.272,btc-updown-15m-1774916100,1774917000,Up,88575036001923099357927134537191900875577654795416166353365157236150907905650,20185144917101351762095387621347858550182589456475538683864077906296334124849,0.99,,,4980.68,,,0.01,4980.68,,,,,,,66796.98
1774916935272,2026-03-31T00:28:55.272,btc-updown-15m-1774916100,1774917000,Up,88575036001923099357927134537191900875577654795416166353365157236150907905650,20185144917101351762095387621347858550182589456475538683864077906296334124849,0.99,,,4980.68,,,0.01,4980.68,,,,,,,66796.99
1774916936273,2026-03-31T00:28:56.273,btc-updown-15m-1774916100,1774917000,Up,88575036001923099357927134537191900875577654795416166353365157236150907905650,20185144917101351762095387621347858550182589456475538683864077906296334124849,0.99,,,4980.68,,,0.01,4980.68,,,,,,,66796.99
1774916937274,2026-03-31T00:28:57.274,btc-updown-15m-1774916100,1774917000,Up,88575036001923099357927134537191900875577654795416166353365157236150907905650,20185144917101351762095387621347858550182589456475538683864077906296334124849,0.99,,,4980.68,,,0.01,4980.68,,,,,,,66796.99
1774916938274,2026-03-31T00:28:58.274,btc-updown-15m-1774916100,1774917000,Up,88575036001923099357927134537191900875577654795416166353365157236150907905650,20185144917101351762095387621347858550182589456475538683864077906296334124849,0.99,,,4980.68,,,0.01,4980.68,,,,,,,66796.99
1774916939275,2026-03-31T00:28:59.275,btc-updown-15m-1774916100,1774917000,Up,88575036001923099357927134537191900875577654795416166353365157236150907905650,20185144917101351762095387621347858550182589456475538683864077906296334124849,0.99,,,4980.68,,,0.01,4980.68,,,,,,,66796.99
1774916940275,2026-03-31T00:29:00.275,btc-updown-15m-1774916100,1774917000,Up,88575036001923099357927134537191900875577654795416166353365157236150907905650,20185144917101351762095387621347858550182589456475538683864077906296334124849,0.99,,,4980.68,,,0.01,4980.68,,,,,,,66796.99
1774916941276,2026-03-31T00:29:01.276,btc-updown-15m-1774916100,1774917000,Up,88575036001923099357927134537191900875577654795416166353365157236150907905650,20185144917101351762095387621347858550182589456475538683864077906296334124849,0.99,,,4980.68,,,0.01,4980.68,,,,,,,66796.99
1774916942277,2026-03-31T00:29:02.277,btc-updown-15m-1774916100,1774917000,Up,88575036001923099357927134537191900875577654795416166353365157236150907905650,20185144917101351762095387621347858550182589456475538683864077906296334124849,0.99,,,4980.68,,,0.01,4980.68,,,,,,,66796.99
1774916943277,2026-03-31T00:29:03.277,btc-updown-15m-1774916100,1774917000,Up,88575036001923099357927134537191900875577654795416166353365157236150907905650,20185144917101351762095387621347858550182589456475538683864077906296334124849,0.99,,,4980.68,,,0.01,4980.68,,,,,,,66796.99
1774916944277,2026-03-31T00:29:04.277,btc-updown-15m-1774916100,1774917000,Up,88575036001923099357927134537191900875577654795416166353365157236150907905650,20185144917101351762095387621347858550182589456475538683864077906296334124849,0.99,,,4980.68,,,0.01,4980.68,,,,,,,66799.03
1774916945278,2026-03-31T00:29:05.278,btc-updown-15m-1774916100,1774917000,Up,88575036001923099357927134537191900875577654795416166353365157236150907905650,20185144917101351762095387621347858550182589456475538683864077906296334124849,0.99,,,4980.68,,,0.01,4980.68,,,,,,,66799.03
1774916946279,2026-03-31T00:29:06.279,btc-updown-15m-1774916100,1774917000,Up,88575036001923099357927134537191900875577654795416166353365157236150907905650,20185144917101351762095387621347858550182589456475538683864077906296334124849,0.99,,,4980.68,,,0.01,4980.68,,,,,,,66799.03
1774916947280,2026-03-31T00:29:07.280,btc-updown-15m-1774916100,1774917000,Up,88575036001923099357927134537191900875577654795416166353365157236150907905650,20185144917101351762095387621347858550182589456475538683864077906296334124849,0.99,,,4980.68,,,0.01,4980.68,,,,,,,66810.37
1774916948280,2026-03-31T00:29:08.280,btc-updown-15m-1774916100,1774917000,Up,88575036001923099357927134537191900875577654795416166353365157236150907905650,20185144917101351762095387621347858550182589456475538683864077906296334124849,0.99,,,4980.68,,,0.01,4980.68,,,,,,,66810.37
1774916949282,2026-03-31T00:29:09.282,btc-updown-15m-1774916100,1774917000,Up,88575036001923099357927134537191900875577654795416166353365157236150907905650,20185144917101351762095387621347858550182589456475538683864077906296334124849,0.99,,,26989.08,,,0.01,26989.08,,,,,,,66810.37
1774916950282,2026-03-31T00:29:10.282,btc-updown-15m-1774916100,1774917000,Up,88575036001923099357927134537191900875577654795416166353365157236150907905650,20185144917101351762095387621347858550182589456475538683864077906296334124849,0.99,,,26989.08,,,0.01,26989.08,,,,,,,66817.07
1774916951283,2026-03-31T00:29:11.283,btc-updown-15m-1774916100,1774917000,Up,88575036001923099357927134537191900875577654795416166353365157236150907905650,20185144917101351762095387621347858550182589456475538683864077906296334124849,0.99,,,26989.08,,,0.01,26989.08,,,,,,,66817.07
1774916952284,2026-03-31T00:29:12.284,btc-updown-15m-1774916100,1774917000,Up,88575036001923099357927134537191900875577654795416166353365157236150907905650,20185144917101351762095387621347858550182589456475538683864077906296334124849,0.99,,,26989.08,,,0.01,26989.08,,,,,,,66817.07
1774916953285,2026-03-31T00:29:13.285,btc-updown-15m-1774916100,1774917000,Up,88575036001923099357927134537191900875577654795416166353365157236150907905650,20185144917101351762095387621347858550182589456475538683864077906296334124849,0.99,,,26989.08,,,0.01,26989.08,,,,,,,66818.0
1774916954285,2026-03-31T00:29:14.285,btc-updown-15m-1774916100,1774917000,Up,88575036001923099357927134537191900875577654795416166353365157236150907905650,20185144917101351762095387621347858550182589456475538683864077906296334124849,0.99,,,26989.08,,,0.01,26989.08,,,,,,,66818.0
1774916955286,2026-03-31T00:29:15.286,btc-updown-15m-1774916100,1774917000,Up,88575036001923099357927134537191900875577654795416166353365157236150907905650,20185144917101351762095387621347858550182589456475538683864077906296334124849,0.99,,,26989.08,,,0.01,26989.08,,,,,,,66818.0
1774916956286,2026-03-31T00:29:16.286,btc-updown-15m-1774916100,1774917000,Up,88575036001923099357927134537191900875577654795416166353365157236150907905650,20185144917101351762095387621347858550182589456475538683864077906296334124849,0.99,,,26989.08,,,0.01,26989.08,,,,,,,66823.51
1774916957288,2026-03-31T00:29:17.288,btc-updown-15m-1774916100,1774917000,Up,88575036001923099357927134537191900875577654795416166353365157236150907905650,20185144917101351762095387621347858550182589456475538683864077906296334124849,0.99,,,26989.08,,,0.01,26989.08,,,,,,,66823.51
1774916958288,2026-03-31T00:29:18.288,btc-updown-15m-1774916100,1774917000,Up,88575036001923099357927134537191900875577654795416166353365157236150907905650,20185144917101351762095387621347858550182589456475538683864077906296334124849,0.99,,,26989.08,,,0.01,26989.08,,,,,,,66823.51
1774916959289,2026-03-31T00:29:19.289,btc-updown-15m-1774916100,1774917000,Up,88575036001923099357927134537191900875577654795416166353365157236150907905650,20185144917101351762095387621347858550182589456475538683864077906296334124849,0.99,,,26989.08,,,0.01,26989.08,,,,,,,66823.51
1774916960289,2026-03-31T00:29:20.289,btc-updown-15m-1774916100,1774917000,Up,88575036001923099357927134537191900875577654795416166353365157236150907905650,20185144917101351762095387621347858550182589456475538683864077906296334124849,0.99,,,26989.08,,,0.01,26989.08,,,,,,,66823.51
1774916961290,2026-03-31T00:29:21.290,btc-updown-15m-1774916100,1774917000,Up,88575036001923099357927134537191900875577654795416166353365157236150907905650,20185144917101351762095387621347858550182589456475538683864077906296334124849,0.99,,,26989.08,,,0.01,26989.08,,,,,,,66823.51
1774916962290,2026-03-31T00:29:22.290,btc-updown-15m-1774916100,1774917000,Up,88575036001923099357927134537191900875577654795416166353365157236150907905650,20185144917101351762095387621347858550182589456475538683864077906296334124849,0.99,,,26827.77,,,0.01,26827.77,,,,,,,66821.18
1774916963292,2026-03-31T00:29:23.292,btc-updown-15m-1774916100,1774917000,Up,88575036001923099357927134537191900875577654795416166353365157236150907905650,20185144917101351762095387621347858550182589456475538683864077906296334124849,0.99,,,26827.77,,,0.01,26827.77,,,,,,,66821.18
1774916964293,2026-03-31T00:29:24.293,btc-updown-15m-1774916100,1774917000,Up,88575036001923099357927134537191900875577654795416166353365157236150907905650,20185144917101351762095387621347858550182589456475538683864077906296334124849,0.99,,,26827.77,,,0.01,26827.77,,,,,,,66821.18
1774916965293,2026-03-31T00:29:25.293,btc-updown-15m-1774916100,1774917000,Up,88575036001923099357927134537191900875577654795416166353365157236150907905650,20185144917101351762095387621347858550182589456475538683864077906296334124849,0.99,,,27014.48,,,0.01,27014.48,,,,,,,66813.49
1774916966294,2026-03-31T00:29:26.294,btc-updown-15m-1774916100,1774917000,Up,88575036001923099357927134537191900875577654795416166353365157236150907905650,20185144917101351762095387621347858550182589456475538683864077906296334124849,0.99,,,26989.28,,,0.01,26989.28,,,,,,,66813.49
1774916967294,2026-03-31T00:29:27.294,btc-updown-15m-1774916100,1774917000,Up,88575036001923099357927134537191900875577654795416166353365157236150907905650,20185144917101351762095387621347858550182589456475538683864077906296334124849,0.99,,,26989.28,,,0.01,26989.28,,,,,,,66813.49
1774916968295,2026-03-31T00:29:28.295,btc-updown-15m-1774916100,1774917000,Up,88575036001923099357927134537191900875577654795416166353365157236150907905650,20185144917101351762095387621347858550182589456475538683864077906296334124849,0.99,,,26989.28,,,0.01,26989.28,,,,,,,66813.5
1774916969296,2026-03-31T00:29:29.296,btc-updown-15m-1774916100,1774917000,Up,88575036001923099357927134537191900875577654795416166353365157236150907905650,20185144917101351762095387621347858550182589456475538683864077906296334124849,0.99,,,26989.28,,,0.01,26989.28,,,,,,,66813.5
1774916970296,2026-03-31T00:29:30.296,btc-updown-15m-1774916100,1774917000,Up,88575036001923099357927134537191900875577654795416166353365157236150907905650,20185144917101351762095387621347858550182589456475538683864077906296334124849,0.99,,,26989.28,,,0.01,26989.28,,,,,,,66813.5
1774916971296,2026-03-31T00:29:31.296,btc-updown-15m-1774916100,1774917000,Up,88575036001923099357927134537191900875577654795416166353365157236150907905650,20185144917101351762095387621347858550182589456475538683864077906296334124849,0.99,,,26989.28,,,0.01,26989.28,,,,,,,66813.5
1774916972297,2026-03-31T00:29:32.297,btc-updown-15m-1774916100,1774917000,Up,88575036001923099357927134537191900875577654795416166353365157236150907905650,20185144917101351762095387621347858550182589456475538683864077906296334124849,0.998,,,115.0,,,0.002,115.0,,,,,,,66813.5
1774916973298,2026-03-31T00:29:33.298,btc-updown-15m-1774916100,1774917000,Up,88575036001923099357927134537191900875577654795416166353365157236150907905650,20185144917101351762095387621347858550182589456475538683864077906296334124849,0.998,0.999,157.2,115.0,0.001,0.001,0.002,115.0,157.2,0.001,0.9985,0.0015,0.422483,0.577517,66813.5
1774916974299,2026-03-31T00:29:34.299,btc-updown-15m-1774916100,1774917000,Up,88575036001923099357927134537191900875577654795416166353365157236150907905650,20185144917101351762095387621347858550182589456475538683864077906296334124849,0.998,0.999,652.2,115.0,0.001,0.001,0.002,115.0,652.2,0.001,0.9985,0.0015,0.149896,0.850104,66800.63
1774916975300,2026-03-31T00:29:35.300,btc-updown-15m-1774916100,1774917000,Up,88575036001923099357927134537191900875577654795416166353365157236150907905650,20185144917101351762095387621347858550182589456475538683864077906296334124849,0.998,0.999,415.95,115.0,0.001,0.001,0.002,115.0,415.95,0.001,0.9985,0.0015,0.216593,0.783407,66800.63
1774916976300,2026-03-31T00:29:36.300,btc-updown-15m-1774916100,1774917000,Up,88575036001923099357927134537191900875577654795416166353365157236150907905650,20185144917101351762095387621347858550182589456475538683864077906296334124849,0.998,0.999,1009.85,319.31,0.001,0.001,0.002,319.31,1009.85,0.001,0.9985,0.0015,0.240234,0.759766,66800.63
1774916977301,2026-03-31T00:29:37.301,btc-updown-15m-1774916100,1774917000,Up,88575036001923099357927134537191900875577654795416166353365157236150907905650,20185144917101351762095387621347858550182589456475538683864077906296334124849,0.998,0.999,893.86,419.31,0.001,0.001,0.002,419.31,893.86,0.001,0.9985,0.0015,0.319311,0.680689,66800.63
1774916978302,2026-03-31T00:29:38.302,btc-updown-15m-1774916100,1774917000,Up,88575036001923099357927134537191900875577654795416166353365157236150907905650,20185144917101351762095387621347858550182589456475538683864077906296334124849,0.998,0.999,1824.87,501.31,0.001,0.001,0.002,501.31,1824.87,0.001,0.9985,0.0015,0.215508,0.784492,66800.63
1774916979303,2026-03-31T00:29:39.303,btc-updown-15m-1774916100,1774917000,Up,88575036001923099357927134537191900875577654795416166353365157236150907905650,20185144917101351762095387621347858550182589456475538683864077906296334124849,0.998,0.999,1787.17,501.31,0.001,0.001,0.002,501.31,1787.17,0.001,0.9985,0.0015,0.219058,0.780942,66800.63
1774916980304,2026-03-31T00:29:40.304,btc-updown-15m-1774916100,1774917000,Up,88575036001923099357927134537191900875577654795416166353365157236150907905650,20185144917101351762095387621347858550182589456475538683864077906296334124849,0.998,0.999,1713.46,530.31,0.001,0.001,0.002,530.31,1713.46,0.001,0.9985,0.0015,0.236348,0.763652,66800.63
1774916981306,2026-03-31T00:29:41.306,btc-updown-15m-1774916100,1774917000,Up,88575036001923099357927134537191900875577654795416166353365157236150907905650,20185144917101351762095387621347858550182589456475538683864077906296334124849,0.998,0.999,1713.46,530.31,0.001,0.001,0.002,530.31,1713.46,0.001,0.9985,0.0015,0.236348,0.763652,66800.63
1774916982306,2026-03-31T00:29:42.306,btc-updown-15m-1774916100,1774917000,Up,88575036001923099357927134537191900875577654795416166353365157236150907905650,20185144917101351762095387621347858550182589456475538683864077906296334124849,0.998,0.999,837.46,682.31,0.001,0.001,0.002,682.31,837.46,0.001,0.9985,0.0015,0.448956,0.551044,66800.63
1774916983307,2026-03-31T00:29:43.307,btc-updown-15m-1774916100,1774917000,Up,88575036001923099357927134537191900875577654795416166353365157236150907905650,20185144917101351762095387621347858550182589456475538683864077906296334124849,0.998,0.999,727.46,682.31,0.001,0.001,0.002,682.31,727.46,0.001,0.9985,0.0015,0.483987,0.516013,66797.38
1774916984307,2026-03-31T00:29:44.307,btc-updown-15m-1774916100,1774917000,Up,88575036001923099357927134537191900875577654795416166353365157236150907905650,20185144917101351762095387621347858550182589456475538683864077906296334124849,0.998,0.999,727.46,682.31,0.001,0.001,0.002,682.31,727.46,0.001,0.9985,0.0015,0.483987,0.516013,66797.38
1774916985309,2026-03-31T00:29:45.309,btc-updown-15m-1774916100,1774917000,Up,88575036001923099357927134537191900875577654795416166353365157236150907905650,20185144917101351762095387621347858550182589456475538683864077906296334124849,0.998,0.999,727.46,682.31,0.001,0.001,0.002,682.31,727.46,0.001,0.9985,0.0015,0.483987,0.516013,66797.38
1774916986310,2026-03-31T00:29:46.310,btc-updown-15m-1774916100,1774917000,Up,88575036001923099357927134537191900875577654795416166353365157236150907905650,20185144917101351762095387621347858550182589456475538683864077906296334124849,0.998,0.999,588.27,759.31,0.001,0.001,0.002,759.31,588.27,0.001,0.9985,0.0015,0.563462,0.436538,66797.37
1774916987311,2026-03-31T00:29:47.311,btc-updown-15m-1774916100,1774917000,Up,88575036001923099357927134537191900875577654795416166353365157236150907905650,20185144917101351762095387621347858550182589456475538683864077906296334124849,0.998,0.999,588.27,759.31,0.001,0.001,0.002,759.31,588.27,0.001,0.9985,0.0015,0.563462,0.436538,66797.37
1774916988311,2026-03-31T00:29:48.311,btc-updown-15m-1774916100,1774917000,Up,88575036001923099357927134537191900875577654795416166353365157236150907905650,20185144917101351762095387621347858550182589456475538683864077906296334124849,0.998,0.999,588.27,759.31,0.001,0.001,0.002,759.31,588.27,0.001,0.9985,0.0015,0.563462,0.436538,66797.37
1774916989312,2026-03-31T00:29:49.312,btc-updown-15m-1774916100,1774917000,Up,88575036001923099357927134537191900875577654795416166353365157236150907905650,20185144917101351762095387621347858550182589456475538683864077906296334124849,0.998,0.999,507.82,844.31,0.001,0.001,0.002,844.31,507.82,0.001,0.9985,0.0015,0.62443,0.37557,66819.77
1774916990313,2026-03-31T00:29:50.313,btc-updown-15m-1774916100,1774917000,Up,88575036001923099357927134537191900875577654795416166353365157236150907905650,20185144917101351762095387621347858550182589456475538683864077906296334124849,0.998,0.999,465.81,844.31,0.001,0.001,0.002,844.31,465.81,0.001,0.9985,0.0015,0.644452,0.355548,66819.77
1774916991313,2026-03-31T00:29:51.313,btc-updown-15m-1774916100,1774917000,Up,88575036001923099357927134537191900875577654795416166353365157236150907905650,20185144917101351762095387621347858550182589456475538683864077906296334124849,0.998,0.999,432.81,844.31,0.001,0.001,0.002,844.31,432.81,0.001,0.9985,0.0015,0.661105,0.338895,66819.77
1774916992314,2026-03-31T00:29:52.314,btc-updown-15m-1774916100,1774917000,Up,88575036001923099357927134537191900875577654795416166353365157236150907905650,20185144917101351762095387621347858550182589456475538683864077906296334124849,0.998,0.999,382.81,844.31,0.001,0.001,0.002,844.31,382.81,0.001,0.9985,0.0015,0.688042,0.311958,66819.78
1774916993315,2026-03-31T00:29:53.315,btc-updown-15m-1774916100,1774917000,Up,88575036001923099357927134537191900875577654795416166353365157236150907905650,20185144917101351762095387621347858550182589456475538683864077906296334124849,0.998,0.999,382.81,844.31,0.001,0.001,0.002,844.31,382.81,0.001,0.9985,0.0015,0.688042,0.311958,66819.78
1774916994316,2026-03-31T00:29:54.316,btc-updown-15m-1774916100,1774917000,Up,88575036001923099357927134537191900875577654795416166353365157236150907905650,20185144917101351762095387621347858550182589456475538683864077906296334124849,0.998,0.999,353.97,944.31,0.001,0.001,0.002,944.31,353.97,0.001,0.9985,0.0015,0.727355,0.272645,66819.78
1774916995317,2026-03-31T00:29:55.317,btc-updown-15m-1774916100,1774917000,Up,88575036001923099357927134537191900875577654795416166353365157236150907905650,20185144917101351762095387621347858550182589456475538683864077906296334124849,0.998,0.999,344.06,994.31,0.001,0.001,0.002,994.31,344.06,0.001,0.9985,0.0015,0.742926,0.257074,66819.76
1774916996318,2026-03-31T00:29:56.318,btc-updown-15m-1774916100,1774917000,Up,88575036001923099357927134537191900875577654795416166353365157236150907905650,20185144917101351762095387621347858550182589456475538683864077906296334124849,0.999,,,256.54,,,0.001,256.54,,,,,,,66819.76
1774916997319,2026-03-31T00:29:57.319,btc-updown-15m-1774916100,1774917000,Up,88575036001923099357927134537191900875577654795416166353365157236150907905650,20185144917101351762095387621347858550182589456475538683864077906296334124849,0.999,,,256.54,,,0.001,256.54,,,,,,,66819.76
1774916998320,2026-03-31T00:29:58.320,btc-updown-15m-1774916100,1774917000,Up,88575036001923099357927134537191900875577654795416166353365157236150907905650,20185144917101351762095387621347858550182589456475538683864077906296334124849,0.999,,,256.54,,,0.001,256.54,,,,,,,66815.48
