ts_ms,timestamp,window_slug,window_end_ts,outcome,yes_token_id,no_token_id,yes_bid,yes_ask,yes_ask_size,yes_bid_size,yes_spread,no_bid,no_ask,no_ask_size,no_bid_size,no_spread,yes_mid,no_mid,yes_imbalance,no_imbalance,btc_price
1775779200759,2026-04-10T00:00:00.759,btc-updown-15m-1775778300,1775779200,Up,94922388964830744709068513780757106756929158656887059081773542282471719745180,90117837038052339427808815018442500730814157311152168618668406329359772633870,0.99,,,61369.17,,,0.01,61369.17,,,,,,,71787.98
1775779200759,2026-04-10T00:00:00.759,btc-updown-15m-1775779200,1775780100,Up,38695399231721476877096504968920656384238820420284922561977249082682533098050,15850116068011637107032304871618163721955898959397512124188038254834447183522,0.53,0.54,100.18,144.63,0.01,0.46,0.47,144.63,100.18,0.01,0.535,0.465,0.590785,0.409215,71787.98
1775779201760,2026-04-10T00:00:01.760,btc-updown-15m-1775779200,1775780100,Up,38695399231721476877096504968920656384238820420284922561977249082682533098050,15850116068011637107032304871618163721955898959397512124188038254834447183522,0.53,0.54,100.18,144.63,0.01,0.46,0.47,133.99,254.0,0.01,0.535,0.465,0.590785,0.654656,71787.98
1775779202761,2026-04-10T00:00:02.761,btc-updown-15m-1775779200,1775780100,Up,38695399231721476877096504968920656384238820420284922561977249082682533098050,15850116068011637107032304871618163721955898959397512124188038254834447183522,0.52,0.53,129.28,80.03,0.01,0.47,0.48,80.03,129.28,0.01,0.525,0.475,0.382352,0.617648,71787.98
1775779203761,2026-04-10T00:00:03.761,btc-updown-15m-1775779200,1775780100,Up,38695399231721476877096504968920656384238820420284922561977249082682533098050,15850116068011637107032304871618163721955898959397512124188038254834447183522,0.52,0.53,21.28,79.98,0.01,0.47,0.48,79.98,21.28,0.01,0.525,0.475,0.789848,0.210152,71793.83
1775779204762,2026-04-10T00:00:04.762,btc-updown-15m-1775779200,1775780100,Up,38695399231721476877096504968920656384238820420284922561977249082682533098050,15850116068011637107032304871618163721955898959397512124188038254834447183522,0.52,0.53,125.2,36.02,0.01,0.47,0.48,36.02,125.2,0.01,0.525,0.475,0.223421,0.776579,71793.83
1775779205763,2026-04-10T00:00:05.763,btc-updown-15m-1775779200,1775780100,Up,38695399231721476877096504968920656384238820420284922561977249082682533098050,15850116068011637107032304871618163721955898959397512124188038254834447183522,0.52,0.53,125.2,36.02,0.01,0.47,0.48,36.02,125.2,0.01,0.525,0.475,0.223421,0.776579,71793.83
1775779206763,2026-04-10T00:00:06.763,btc-updown-15m-1775779200,1775780100,Up,38695399231721476877096504968920656384238820420284922561977249082682533098050,15850116068011637107032304871618163721955898959397512124188038254834447183522,0.5,0.51,53.74,177.72,0.01,0.49,0.5,177.72,53.74,0.01,0.505,0.495,0.767822,0.232178,71780.45
1775779207764,2026-04-10T00:00:07.764,btc-updown-15m-1775779200,1775780100,Up,38695399231721476877096504968920656384238820420284922561977249082682533098050,15850116068011637107032304871618163721955898959397512124188038254834447183522,0.5,0.51,84.78,185.82,0.01,0.49,0.5,185.82,84.78,0.01,0.505,0.495,0.686696,0.313304,71780.45
1775779208764,2026-04-10T00:00:08.764,btc-updown-15m-1775779200,1775780100,Up,38695399231721476877096504968920656384238820420284922561977249082682533098050,15850116068011637107032304871618163721955898959397512124188038254834447183522,0.5,0.51,16.21,155.82,0.01,0.49,0.5,155.82,16.21,0.01,0.505,0.495,0.905772,0.094228,71780.45
1775779209766,2026-04-10T00:00:09.766,btc-updown-15m-1775779200,1775780100,Up,38695399231721476877096504968920656384238820420284922561977249082682533098050,15850116068011637107032304871618163721955898959397512124188038254834447183522,0.5,0.52,9.79,170.82,0.02,0.48,0.5,170.82,9.79,0.02,0.51,0.49,0.945795,0.054205,71781.79
1775779210766,2026-04-10T00:00:10.766,btc-updown-15m-1775779200,1775780100,Up,38695399231721476877096504968920656384238820420284922561977249082682533098050,15850116068011637107032304871618163721955898959397512124188038254834447183522,0.5,0.52,256.46,114.5,0.02,0.48,0.5,114.5,256.46,0.02,0.51,0.49,0.308659,0.691341,71781.79
1775779211767,2026-04-10T00:00:11.767,btc-updown-15m-1775779200,1775780100,Up,38695399231721476877096504968920656384238820420284922561977249082682533098050,15850116068011637107032304871618163721955898959397512124188038254834447183522,0.5,0.51,245.03,44.15,0.01,0.49,0.5,19.15,242.0,0.01,0.505,0.495,0.152673,0.92667,71781.79
1775779212767,2026-04-10T00:00:12.767,btc-updown-15m-1775779200,1775780100,Up,38695399231721476877096504968920656384238820420284922561977249082682533098050,15850116068011637107032304871618163721955898959397512124188038254834447183522,0.49,0.5,275.7,526.18,0.01,0.5,0.51,520.9,435.7,0.01,0.495,0.505,0.656183,0.455467,71750.57
1775779213768,2026-04-10T00:00:13.768,btc-updown-15m-1775779200,1775780100,Up,38695399231721476877096504968920656384238820420284922561977249082682533098050,15850116068011637107032304871618163721955898959397512124188038254834447183522,0.49,0.5,481.1,393.84,0.01,0.5,0.51,393.84,481.1,0.01,0.495,0.505,0.450134,0.549866,71750.57
1775779214769,2026-04-10T00:00:14.769,btc-updown-15m-1775779200,1775780100,Up,38695399231721476877096504968920656384238820420284922561977249082682533098050,15850116068011637107032304871618163721955898959397512124188038254834447183522,0.49,0.5,911.1,320.25,0.01,0.5,0.51,320.25,911.1,0.01,0.495,0.505,0.26008,0.73992,71750.57
1775779215769,2026-04-10T00:00:15.769,btc-updown-15m-1775779200,1775780100,Up,38695399231721476877096504968920656384238820420284922561977249082682533098050,15850116068011637107032304871618163721955898959397512124188038254834447183522,0.43,0.44,133.49,27.22,0.01,0.56,0.57,27.22,133.49,0.01,0.435,0.565,0.169373,0.830627,71759.76
1775779216770,2026-04-10T00:00:16.770,btc-updown-15m-1775779200,1775780100,Up,38695399231721476877096504968920656384238820420284922561977249082682533098050,15850116068011637107032304871618163721955898959397512124188038254834447183522,0.43,0.44,121.9,81.7,0.01,0.56,0.57,81.7,121.9,0.01,0.435,0.565,0.401277,0.598723,71759.76
1775779217770,2026-04-10T00:00:17.770,btc-updown-15m-1775779200,1775780100,Up,38695399231721476877096504968920656384238820420284922561977249082682533098050,15850116068011637107032304871618163721955898959397512124188038254834447183522,0.43,0.44,166.01,215.7,0.01,0.56,0.57,215.7,166.01,0.01,0.435,0.565,0.565089,0.434911,71759.76
1775779218771,2026-04-10T00:00:18.771,btc-updown-15m-1775779200,1775780100,Up,38695399231721476877096504968920656384238820420284922561977249082682533098050,15850116068011637107032304871618163721955898959397512124188038254834447183522,0.43,0.44,225.3,58.7,0.01,0.56,0.57,58.7,225.3,0.01,0.435,0.565,0.20669,0.79331,71753.07
1775779219772,2026-04-10T00:00:19.772,btc-updown-15m-1775779200,1775780100,Up,38695399231721476877096504968920656384238820420284922561977249082682533098050,15850116068011637107032304871618163721955898959397512124188038254834447183522,0.43,0.44,225.3,58.7,0.01,0.56,0.57,58.7,225.3,0.01,0.435,0.565,0.20669,0.79331,71753.07
1775779220773,2026-04-10T00:00:20.773,btc-updown-15m-1775779200,1775780100,Up,38695399231721476877096504968920656384238820420284922561977249082682533098050,15850116068011637107032304871618163721955898959397512124188038254834447183522,0.43,0.44,198.39,68.7,0.01,0.56,0.57,68.7,198.39,0.01,0.435,0.565,0.257217,0.742783,71753.07
1775779221773,2026-04-10T00:00:21.773,btc-updown-15m-1775779200,1775780100,Up,38695399231721476877096504968920656384238820420284922561977249082682533098050,15850116068011637107032304871618163721955898959397512124188038254834447183522,0.42,0.43,292.96,535.39,0.01,0.57,0.58,535.39,292.96,0.01,0.425,0.575,0.646333,0.353667,71768.91
1775779222773,2026-04-10T00:00:22.773,btc-updown-15m-1775779200,1775780100,Up,38695399231721476877096504968920656384238820420284922561977249082682533098050,15850116068011637107032304871618163721955898959397512124188038254834447183522,0.48,0.49,174.98,158.53,0.01,0.51,0.52,158.53,174.98,0.01,0.485,0.515,0.475338,0.524662,71768.91
1775779223774,2026-04-10T00:00:23.774,btc-updown-15m-1775779200,1775780100,Up,38695399231721476877096504968920656384238820420284922561977249082682533098050,15850116068011637107032304871618163721955898959397512124188038254834447183522,0.5,0.51,418.71,233.0,0.01,0.49,0.5,233.0,418.71,0.01,0.505,0.495,0.357521,0.642479,71768.91
1775779224774,2026-04-10T00:00:24.774,btc-updown-15m-1775779200,1775780100,Up,38695399231721476877096504968920656384238820420284922561977249082682533098050,15850116068011637107032304871618163721955898959397512124188038254834447183522,0.5,0.51,288.4,65.0,0.01,0.49,0.5,65.0,288.4,0.01,0.505,0.495,0.183928,0.816072,71787.54
1775779225775,2026-04-10T00:00:25.775,btc-updown-15m-1775779200,1775780100,Up,38695399231721476877096504968920656384238820420284922561977249082682533098050,15850116068011637107032304871618163721955898959397512124188038254834447183522,0.5,0.51,58.14,104.2,0.01,0.49,0.5,104.2,58.14,0.01,0.505,0.495,0.641863,0.358137,71787.54
1775779226776,2026-04-10T00:00:26.776,btc-updown-15m-1775779200,1775780100,Up,38695399231721476877096504968920656384238820420284922561977249082682533098050,15850116068011637107032304871618163721955898959397512124188038254834447183522,0.52,0.53,207.81,150.91,0.01,0.47,0.48,150.91,207.81,0.01,0.525,0.475,0.42069,0.57931,71787.54
1775779227776,2026-04-10T00:00:27.776,btc-updown-15m-1775779200,1775780100,Up,38695399231721476877096504968920656384238820420284922561977249082682533098050,15850116068011637107032304871618163721955898959397512124188038254834447183522,0.51,0.52,402.0,12.0,0.01,0.48,0.49,12.0,402.0,0.01,0.515,0.485,0.028986,0.971014,71784.42
1775779228777,2026-04-10T00:00:28.777,btc-updown-15m-1775779200,1775780100,Up,38695399231721476877096504968920656384238820420284922561977249082682533098050,15850116068011637107032304871618163721955898959397512124188038254834447183522,0.49,0.5,223.75,285.0,0.01,0.5,0.51,285.0,223.75,0.01,0.495,0.505,0.560197,0.439803,71784.42
1775779229778,2026-04-10T00:00:29.778,btc-updown-15m-1775779200,1775780100,Up,38695399231721476877096504968920656384238820420284922561977249082682533098050,15850116068011637107032304871618163721955898959397512124188038254834447183522,0.49,0.5,223.75,285.0,0.01,0.5,0.51,285.0,223.75,0.01,0.495,0.505,0.560197,0.439803,71784.42
1775779230778,2026-04-10T00:00:30.778,btc-updown-15m-1775779200,1775780100,Up,38695399231721476877096504968920656384238820420284922561977249082682533098050,15850116068011637107032304871618163721955898959397512124188038254834447183522,0.52,0.53,57.05,262.58,0.01,0.47,0.48,262.58,57.05,0.01,0.525,0.475,0.821512,0.178488,71788.55
1775779231780,2026-04-10T00:00:31.780,btc-updown-15m-1775779200,1775780100,Up,38695399231721476877096504968920656384238820420284922561977249082682533098050,15850116068011637107032304871618163721955898959397512124188038254834447183522,0.52,0.53,57.05,262.58,0.01,0.47,0.48,262.58,57.05,0.01,0.525,0.475,0.821512,0.178488,71788.55
1775779232781,2026-04-10T00:00:32.781,btc-updown-15m-1775779200,1775780100,Up,38695399231721476877096504968920656384238820420284922561977249082682533098050,15850116068011637107032304871618163721955898959397512124188038254834447183522,0.53,0.54,168.13,97.81,0.01,0.46,0.47,97.81,168.13,0.01,0.535,0.465,0.36779,0.63221,71788.55
1775779233782,2026-04-10T00:00:33.782,btc-updown-15m-1775779200,1775780100,Up,38695399231721476877096504968920656384238820420284922561977249082682533098050,15850116068011637107032304871618163721955898959397512124188038254834447183522,0.52,0.54,775.13,70.0,0.02,0.46,0.48,70.0,775.13,0.02,0.53,0.47,0.082827,0.917173,71790.0
1775779234782,2026-04-10T00:00:34.782,btc-updown-15m-1775779200,1775780100,Up,38695399231721476877096504968920656384238820420284922561977249082682533098050,15850116068011637107032304871618163721955898959397512124188038254834447183522,0.52,0.53,839.0,5.97,0.01,0.47,0.48,5.97,839.0,0.01,0.525,0.475,0.007065,0.992935,71790.0
1775779235782,2026-04-10T00:00:35.782,btc-updown-15m-1775779200,1775780100,Up,38695399231721476877096504968920656384238820420284922561977249082682533098050,15850116068011637107032304871618163721955898959397512124188038254834447183522,0.48,0.49,219.0,33.14,0.01,0.51,0.52,33.14,219.0,0.01,0.485,0.515,0.131435,0.868565,71790.0
1775779236783,2026-04-10T00:00:36.783,btc-updown-15m-1775779200,1775780100,Up,38695399231721476877096504968920656384238820420284922561977249082682533098050,15850116068011637107032304871618163721955898959397512124188038254834447183522,0.48,0.49,330.65,15.91,0.01,0.51,0.52,15.91,330.65,0.01,0.485,0.515,0.045908,0.954092,71774.81
1775779237784,2026-04-10T00:00:37.784,btc-updown-15m-1775779200,1775780100,Up,38695399231721476877096504968920656384238820420284922561977249082682533098050,15850116068011637107032304871618163721955898959397512124188038254834447183522,0.47,0.49,737.08,50.0,0.02,0.51,0.53,50.0,737.08,0.02,0.48,0.52,0.063526,0.936474,71774.81
1775779238785,2026-04-10T00:00:38.785,btc-updown-15m-1775779200,1775780100,Up,38695399231721476877096504968920656384238820420284922561977249082682533098050,15850116068011637107032304871618163721955898959397512124188038254834447183522,0.46,0.47,214.06,6.74,0.01,0.53,0.54,6.74,214.06,0.01,0.465,0.535,0.030525,0.969475,71774.81
1775779239785,2026-04-10T00:00:39.785,btc-updown-15m-1775779200,1775780100,Up,38695399231721476877096504968920656384238820420284922561977249082682533098050,15850116068011637107032304871618163721955898959397512124188038254834447183522,0.46,0.47,599.49,1.74,0.01,0.53,0.54,1.74,599.49,0.01,0.465,0.535,0.002894,0.997106,71768.26
1775779240785,2026-04-10T00:00:40.785,btc-updown-15m-1775779200,1775780100,Up,38695399231721476877096504968920656384238820420284922561977249082682533098050,15850116068011637107032304871618163721955898959397512124188038254834447183522,0.45,0.46,397.0,73.8,0.01,0.54,0.55,73.8,397.0,0.01,0.455,0.545,0.156754,0.843246,71768.26
1775779241786,2026-04-10T00:00:41.786,btc-updown-15m-1775779200,1775780100,Up,38695399231721476877096504968920656384238820420284922561977249082682533098050,15850116068011637107032304871618163721955898959397512124188038254834447183522,0.44,0.46,331.02,85.05,0.02,0.54,0.56,85.05,331.02,0.02,0.45,0.55,0.204413,0.795587,71768.26
1775779242787,2026-04-10T00:00:42.787,btc-updown-15m-1775779200,1775780100,Up,38695399231721476877096504968920656384238820420284922561977249082682533098050,15850116068011637107032304871618163721955898959397512124188038254834447183522,0.44,0.45,568.39,8.19,0.01,0.55,0.56,3.19,568.39,0.01,0.445,0.555,0.014204,0.994419,71758.73
1775779243788,2026-04-10T00:00:43.788,btc-updown-15m-1775779200,1775780100,Up,38695399231721476877096504968920656384238820420284922561977249082682533098050,15850116068011637107032304871618163721955898959397512124188038254834447183522,0.42,0.44,311.54,19.03,0.02,0.56,0.58,19.03,311.54,0.02,0.43,0.57,0.057567,0.942433,71758.73
1775779244789,2026-04-10T00:00:44.789,btc-updown-15m-1775779200,1775780100,Up,38695399231721476877096504968920656384238820420284922561977249082682533098050,15850116068011637107032304871618163721955898959397512124188038254834447183522,0.45,0.46,0.07,75.0,0.01,0.54,0.55,75.0,0.07,0.01,0.455,0.545,0.999068,0.000932,71758.73
1775779245789,2026-04-10T00:00:45.789,btc-updown-15m-1775779200,1775780100,Up,38695399231721476877096504968920656384238820420284922561977249082682533098050,15850116068011637107032304871618163721955898959397512124188038254834447183522,0.48,0.49,55.0,168.0,0.01,0.51,0.52,168.0,55.0,0.01,0.485,0.515,0.753363,0.246637,71778.76
1775779246790,2026-04-10T00:00:46.790,btc-updown-15m-1775779200,1775780100,Up,38695399231721476877096504968920656384238820420284922561977249082682533098050,15850116068011637107032304871618163721955898959397512124188038254834447183522,0.48,0.49,30.0,193.0,0.01,0.51,0.52,193.0,30.0,0.01,0.485,0.515,0.865471,0.134529,71778.76
1775779247791,2026-04-10T00:00:47.791,btc-updown-15m-1775779200,1775780100,Up,38695399231721476877096504968920656384238820420284922561977249082682533098050,15850116068011637107032304871618163721955898959397512124188038254834447183522,0.48,0.5,41.0,166.46,0.02,0.5,0.52,166.46,41.0,0.02,0.49,0.51,0.802372,0.197628,71778.76
1775779248791,2026-04-10T00:00:48.791,btc-updown-15m-1775779200,1775780100,Up,38695399231721476877096504968920656384238820420284922561977249082682533098050,15850116068011637107032304871618163721955898959397512124188038254834447183522,0.48,0.5,41.0,166.46,0.02,0.5,0.52,166.46,41.0,0.02,0.49,0.51,0.802372,0.197628,71778.75
1775779249793,2026-04-10T00:00:49.793,btc-updown-15m-1775779200,1775780100,Up,38695399231721476877096504968920656384238820420284922561977249082682533098050,15850116068011637107032304871618163721955898959397512124188038254834447183522,0.49,0.5,205.21,2.0,0.01,0.5,0.51,2.0,205.21,0.01,0.495,0.505,0.009652,0.990348,71778.75
1775779250795,2026-04-10T00:00:50.795,btc-updown-15m-1775779200,1775780100,Up,38695399231721476877096504968920656384238820420284922561977249082682533098050,15850116068011637107032304871618163721955898959397512124188038254834447183522,0.49,0.5,193.21,52.0,0.01,0.5,0.51,52.0,193.21,0.01,0.495,0.505,0.212063,0.787937,71778.75
1775779251796,2026-04-10T00:00:51.796,btc-updown-15m-1775779200,1775780100,Up,38695399231721476877096504968920656384238820420284922561977249082682533098050,15850116068011637107032304871618163721955898959397512124188038254834447183522,0.49,0.5,193.21,52.0,0.01,0.5,0.51,52.0,193.21,0.01,0.495,0.505,0.212063,0.787937,71778.76
1775779252797,2026-04-10T00:00:52.797,btc-updown-15m-1775779200,1775780100,Up,38695399231721476877096504968920656384238820420284922561977249082682533098050,15850116068011637107032304871618163721955898959397512124188038254834447183522,0.49,0.5,140.41,62.0,0.01,0.5,0.51,62.0,140.41,0.01,0.495,0.505,0.306309,0.693691,71778.76
1775779253798,2026-04-10T00:00:53.798,btc-updown-15m-1775779200,1775780100,Up,38695399231721476877096504968920656384238820420284922561977249082682533098050,15850116068011637107032304871618163721955898959397512124188038254834447183522,0.49,0.5,140.41,50.22,0.01,0.5,0.51,50.22,140.41,0.01,0.495,0.505,0.263442,0.736558,71778.76
1775779254798,2026-04-10T00:00:54.798,btc-updown-15m-1775779200,1775780100,Up,38695399231721476877096504968920656384238820420284922561977249082682533098050,15850116068011637107032304871618163721955898959397512124188038254834447183522,0.49,0.5,140.41,50.22,0.01,0.5,0.51,50.22,140.41,0.01,0.495,0.505,0.263442,0.736558,71778.76
1775779255799,2026-04-10T00:00:55.799,btc-updown-15m-1775779200,1775780100,Up,38695399231721476877096504968920656384238820420284922561977249082682533098050,15850116068011637107032304871618163721955898959397512124188038254834447183522,0.49,0.5,140.41,50.22,0.01,0.5,0.51,50.22,140.41,0.01,0.495,0.505,0.263442,0.736558,71778.76
1775779256800,2026-04-10T00:00:56.800,btc-updown-15m-1775779200,1775780100,Up,38695399231721476877096504968920656384238820420284922561977249082682533098050,15850116068011637107032304871618163721955898959397512124188038254834447183522,0.49,0.5,140.41,50.22,0.01,0.5,0.51,50.22,140.41,0.01,0.495,0.505,0.263442,0.736558,71778.76
1775779257800,2026-04-10T00:00:57.800,btc-updown-15m-1775779200,1775780100,Up,38695399231721476877096504968920656384238820420284922561977249082682533098050,15850116068011637107032304871618163721955898959397512124188038254834447183522,0.49,0.5,140.41,50.22,0.01,0.5,0.51,50.22,140.41,0.01,0.495,0.505,0.263442,0.736558,71778.75
1775779258801,2026-04-10T00:00:58.801,btc-updown-15m-1775779200,1775780100,Up,38695399231721476877096504968920656384238820420284922561977249082682533098050,15850116068011637107032304871618163721955898959397512124188038254834447183522,0.49,0.5,140.41,50.22,0.01,0.5,0.51,50.22,140.41,0.01,0.495,0.505,0.263442,0.736558,71778.75
1775779259801,2026-04-10T00:00:59.801,btc-updown-15m-1775779200,1775780100,Up,38695399231721476877096504968920656384238820420284922561977249082682533098050,15850116068011637107032304871618163721955898959397512124188038254834447183522,0.51,0.53,102.92,268.0,0.02,0.47,0.49,268.0,102.92,0.02,0.52,0.48,0.722528,0.277472,71778.75
1775779260802,2026-04-10T00:01:00.802,btc-updown-15m-1775779200,1775780100,Up,38695399231721476877096504968920656384238820420284922561977249082682533098050,15850116068011637107032304871618163721955898959397512124188038254834447183522,0.53,0.54,246.46,10.0,0.01,0.46,0.47,10.0,246.46,0.01,0.535,0.465,0.038992,0.961008,71791.28
1775779261803,2026-04-10T00:01:01.803,btc-updown-15m-1775779200,1775780100,Up,38695399231721476877096504968920656384238820420284922561977249082682533098050,15850116068011637107032304871618163721955898959397512124188038254834447183522,0.53,0.54,328.46,165.0,0.01,0.46,0.47,165.0,328.46,0.01,0.535,0.465,0.334374,0.665626,71791.28
1775779262805,2026-04-10T00:01:02.805,btc-updown-15m-1775779200,1775780100,Up,38695399231721476877096504968920656384238820420284922561977249082682533098050,15850116068011637107032304871618163721955898959397512124188038254834447183522,0.52,0.53,37.46,172.0,0.01,0.47,0.48,172.0,37.46,0.01,0.525,0.475,0.821159,0.178841,71791.28
1775779263805,2026-04-10T00:01:03.805,btc-updown-15m-1775779200,1775780100,Up,38695399231721476877096504968920656384238820420284922561977249082682533098050,15850116068011637107032304871618163721955898959397512124188038254834447183522,0.52,0.53,5.56,299.79,0.01,0.47,0.48,299.79,5.56,0.01,0.525,0.475,0.981791,0.018209,71791.28
1775779264806,2026-04-10T00:01:04.806,btc-updown-15m-1775779200,1775780100,Up,38695399231721476877096504968920656384238820420284922561977249082682533098050,15850116068011637107032304871618163721955898959397512124188038254834447183522,0.52,0.53,18.0,284.79,0.01,0.47,0.48,284.79,18.0,0.01,0.525,0.475,0.940553,0.059447,71791.28
1775779265807,2026-04-10T00:01:05.807,btc-updown-15m-1775779200,1775780100,Up,38695399231721476877096504968920656384238820420284922561977249082682533098050,15850116068011637107032304871618163721955898959397512124188038254834447183522,0.49,0.5,62.0,272.82,0.01,0.5,0.51,272.82,62.0,0.01,0.495,0.505,0.814826,0.185174,71791.28
1775779266808,2026-04-10T00:01:06.808,btc-updown-15m-1775779200,1775780100,Up,38695399231721476877096504968920656384238820420284922561977249082682533098050,15850116068011637107032304871618163721955898959397512124188038254834447183522,0.49,0.5,62.0,272.82,0.01,0.5,0.51,272.82,62.0,0.01,0.495,0.505,0.814826,0.185174,71784.01
1775779267809,2026-04-10T00:01:07.809,btc-updown-15m-1775779200,1775780100,Up,38695399231721476877096504968920656384238820420284922561977249082682533098050,15850116068011637107032304871618163721955898959397512124188038254834447183522,0.49,0.5,77.0,324.02,0.01,0.5,0.51,324.02,77.0,0.01,0.495,0.505,0.80799,0.19201,71784.01
1775779268810,2026-04-10T00:01:08.810,btc-updown-15m-1775779200,1775780100,Up,38695399231721476877096504968920656384238820420284922561977249082682533098050,15850116068011637107032304871618163721955898959397512124188038254834447183522,0.49,0.5,5.0,739.05,0.01,0.5,0.51,739.05,5.0,0.01,0.495,0.505,0.99328,0.00672,71784.01
1775779269810,2026-04-10T00:01:09.810,btc-updown-15m-1775779200,1775780100,Up,38695399231721476877096504968920656384238820420284922561977249082682533098050,15850116068011637107032304871618163721955898959397512124188038254834447183522,0.51,0.52,90.0,239.92,0.01,0.48,0.49,239.92,90.0,0.01,0.515,0.485,0.727207,0.272793,71785.02
1775779270811,2026-04-10T00:01:10.811,btc-updown-15m-1775779200,1775780100,Up,38695399231721476877096504968920656384238820420284922561977249082682533098050,15850116068011637107032304871618163721955898959397512124188038254834447183522,0.51,0.52,90.0,239.92,0.01,0.48,0.49,239.92,90.0,0.01,0.515,0.485,0.727207,0.272793,71785.02
1775779271812,2026-04-10T00:01:11.812,btc-updown-15m-1775779200,1775780100,Up,38695399231721476877096504968920656384238820420284922561977249082682533098050,15850116068011637107032304871618163721955898959397512124188038254834447183522,0.51,0.52,90.0,239.92,0.01,0.48,0.49,239.92,90.0,0.01,0.515,0.485,0.727207,0.272793,71785.02
1775779272813,2026-04-10T00:01:12.813,btc-updown-15m-1775779200,1775780100,Up,38695399231721476877096504968920656384238820420284922561977249082682533098050,15850116068011637107032304871618163721955898959397512124188038254834447183522,0.51,0.52,90.0,239.92,0.01,0.48,0.49,239.92,90.0,0.01,0.515,0.485,0.727207,0.272793,71785.02
1775779273814,2026-04-10T00:01:13.814,btc-updown-15m-1775779200,1775780100,Up,38695399231721476877096504968920656384238820420284922561977249082682533098050,15850116068011637107032304871618163721955898959397512124188038254834447183522,0.51,0.52,90.0,239.92,0.01,0.48,0.49,239.92,90.0,0.01,0.515,0.485,0.727207,0.272793,71785.02
1775779274815,2026-04-10T00:01:14.815,btc-updown-15m-1775779200,1775780100,Up,38695399231721476877096504968920656384238820420284922561977249082682533098050,15850116068011637107032304871618163721955898959397512124188038254834447183522,0.51,0.52,197.54,55.0,0.01,0.48,0.49,55.0,197.54,0.01,0.515,0.485,0.217787,0.782213,71785.02
1775779275816,2026-04-10T00:01:15.816,btc-updown-15m-1775779200,1775780100,Up,38695399231721476877096504968920656384238820420284922561977249082682533098050,15850116068011637107032304871618163721955898959397512124188038254834447183522,0.5,0.51,182.0,90.0,0.01,0.49,0.5,90.0,182.0,0.01,0.505,0.495,0.330882,0.669118,71782.19
1775779276816,2026-04-10T00:01:16.816,btc-updown-15m-1775779200,1775780100,Up,38695399231721476877096504968920656384238820420284922561977249082682533098050,15850116068011637107032304871618163721955898959397512124188038254834447183522,0.5,0.51,182.0,90.0,0.01,0.49,0.5,90.0,182.0,0.01,0.505,0.495,0.330882,0.669118,71782.19
1775779277816,2026-04-10T00:01:17.816,btc-updown-15m-1775779200,1775780100,Up,38695399231721476877096504968920656384238820420284922561977249082682533098050,15850116068011637107032304871618163721955898959397512124188038254834447183522,0.5,0.51,118.78,100.0,0.01,0.49,0.5,100.0,118.78,0.01,0.505,0.495,0.45708,0.54292,71782.19
1775779278817,2026-04-10T00:01:18.817,btc-updown-15m-1775779200,1775780100,Up,38695399231721476877096504968920656384238820420284922561977249082682533098050,15850116068011637107032304871618163721955898959397512124188038254834447183522,0.51,0.52,162.0,25.7,0.01,0.48,0.49,25.7,162.0,0.01,0.515,0.485,0.136921,0.863079,71782.19
1775779279819,2026-04-10T00:01:19.819,btc-updown-15m-1775779200,1775780100,Up,38695399231721476877096504968920656384238820420284922561977249082682533098050,15850116068011637107032304871618163721955898959397512124188038254834447183522,0.51,0.52,264.96,22.46,0.01,0.48,0.49,22.46,264.96,0.01,0.515,0.485,0.078143,0.921857,71782.19
1775779280819,2026-04-10T00:01:20.819,btc-updown-15m-1775779200,1775780100,Up,38695399231721476877096504968920656384238820420284922561977249082682533098050,15850116068011637107032304871618163721955898959397512124188038254834447183522,0.51,0.52,264.96,22.46,0.01,0.48,0.49,22.46,264.96,0.01,0.515,0.485,0.078143,0.921857,71782.19
1775779281820,2026-04-10T00:01:21.820,btc-updown-15m-1775779200,1775780100,Up,38695399231721476877096504968920656384238820420284922561977249082682533098050,15850116068011637107032304871618163721955898959397512124188038254834447183522,0.51,0.52,535.96,39.85,0.01,0.48,0.49,39.85,535.96,0.01,0.515,0.485,0.069207,0.930793,71782.19
1775779282822,2026-04-10T00:01:22.822,btc-updown-15m-1775779200,1775780100,Up,38695399231721476877096504968920656384238820420284922561977249082682533098050,15850116068011637107032304871618163721955898959397512124188038254834447183522,0.5,0.52,555.96,202.04,0.02,0.48,0.5,202.04,555.96,0.02,0.51,0.49,0.266544,0.733456,71782.19
1775779283822,2026-04-10T00:01:23.822,btc-updown-15m-1775779200,1775780100,Up,38695399231721476877096504968920656384238820420284922561977249082682533098050,15850116068011637107032304871618163721955898959397512124188038254834447183522,0.5,0.51,76.0,114.61,0.01,0.49,0.5,114.61,76.0,0.01,0.505,0.495,0.60128,0.39872,71782.19
1775779284822,2026-04-10T00:01:24.822,btc-updown-15m-1775779200,1775780100,Up,38695399231721476877096504968920656384238820420284922561977249082682533098050,15850116068011637107032304871618163721955898959397512124188038254834447183522,0.5,0.51,76.0,142.87,0.01,0.49,0.5,142.87,76.0,0.01,0.505,0.495,0.652762,0.347238,71782.18
1775779285823,2026-04-10T00:01:25.823,btc-updown-15m-1775779200,1775780100,Up,38695399231721476877096504968920656384238820420284922561977249082682533098050,15850116068011637107032304871618163721955898959397512124188038254834447183522,0.5,0.51,76.0,142.87,0.01,0.49,0.5,142.87,76.0,0.01,0.505,0.495,0.652762,0.347238,71782.18
1775779286824,2026-04-10T00:01:26.824,btc-updown-15m-1775779200,1775780100,Up,38695399231721476877096504968920656384238820420284922561977249082682533098050,15850116068011637107032304871618163721955898959397512124188038254834447183522,0.49,0.5,16.43,10.0,0.01,0.5,0.51,10.0,16.43,0.01,0.495,0.505,0.378358,0.621642,71782.18
1775779287824,2026-04-10T00:01:27.824,btc-updown-15m-1775779200,1775780100,Up,38695399231721476877096504968920656384238820420284922561977249082682533098050,15850116068011637107032304871618163721955898959397512124188038254834447183522,0.49,0.5,16.43,10.0,0.01,0.5,0.51,10.0,16.43,0.01,0.495,0.505,0.378358,0.621642,71781.53
1775779288825,2026-04-10T00:01:28.825,btc-updown-15m-1775779200,1775780100,Up,38695399231721476877096504968920656384238820420284922561977249082682533098050,15850116068011637107032304871618163721955898959397512124188038254834447183522,0.49,0.5,445.07,10.0,0.01,0.5,0.51,10.0,445.07,0.01,0.495,0.505,0.021975,0.978025,71781.53
1775779289825,2026-04-10T00:01:29.825,btc-updown-15m-1775779200,1775780100,Up,38695399231721476877096504968920656384238820420284922561977249082682533098050,15850116068011637107032304871618163721955898959397512124188038254834447183522,0.49,0.5,487.07,10.0,0.01,0.5,0.51,10.0,487.07,0.01,0.495,0.505,0.020118,0.979882,71781.53
1775779290826,2026-04-10T00:01:30.826,btc-updown-15m-1775779200,1775780100,Up,38695399231721476877096504968920656384238820420284922561977249082682533098050,15850116068011637107032304871618163721955898959397512124188038254834447183522,0.49,0.5,480.07,15.0,0.01,0.5,0.51,15.0,480.07,0.01,0.495,0.505,0.030299,0.969701,71781.52
1775779291827,2026-04-10T00:01:31.827,btc-updown-15m-1775779200,1775780100,Up,38695399231721476877096504968920656384238820420284922561977249082682533098050,15850116068011637107032304871618163721955898959397512124188038254834447183522,0.49,0.5,480.07,15.0,0.01,0.5,0.51,15.0,480.07,0.01,0.495,0.505,0.030299,0.969701,71781.52
1775779292827,2026-04-10T00:01:32.827,btc-updown-15m-1775779200,1775780100,Up,38695399231721476877096504968920656384238820420284922561977249082682533098050,15850116068011637107032304871618163721955898959397512124188038254834447183522,0.49,0.5,490.07,88.0,0.01,0.5,0.51,88.0,490.07,0.01,0.495,0.505,0.152231,0.847769,71781.52
1775779293828,2026-04-10T00:01:33.828,btc-updown-15m-1775779200,1775780100,Up,38695399231721476877096504968920656384238820420284922561977249082682533098050,15850116068011637107032304871618163721955898959397512124188038254834447183522,0.49,0.5,490.07,74.03,0.01,0.5,0.51,74.03,490.07,0.01,0.495,0.505,0.131236,0.868764,71781.53
1775779294829,2026-04-10T00:01:34.829,btc-updown-15m-1775779200,1775780100,Up,38695399231721476877096504968920656384238820420284922561977249082682533098050,15850116068011637107032304871618163721955898959397512124188038254834447183522,0.49,0.5,490.07,74.03,0.01,0.5,0.51,74.03,490.07,0.01,0.495,0.505,0.131236,0.868764,71781.53
1775779295830,2026-04-10T00:01:35.830,btc-updown-15m-1775779200,1775780100,Up,38695399231721476877096504968920656384238820420284922561977249082682533098050,15850116068011637107032304871618163721955898959397512124188038254834447183522,0.49,0.5,495.07,68.34,0.01,0.5,0.51,68.34,495.07,0.01,0.495,0.505,0.121297,0.878703,71781.53
1775779296830,2026-04-10T00:01:36.830,btc-updown-15m-1775779200,1775780100,Up,38695399231721476877096504968920656384238820420284922561977249082682533098050,15850116068011637107032304871618163721955898959397512124188038254834447183522,0.52,0.54,6.74,88.79,0.02,0.46,0.48,88.79,6.74,0.02,0.53,0.47,0.929446,0.070554,71827.24
1775779297831,2026-04-10T00:01:37.831,btc-updown-15m-1775779200,1775780100,Up,38695399231721476877096504968920656384238820420284922561977249082682533098050,15850116068011637107032304871618163721955898959397512124188038254834447183522,0.59,0.6,108.0,36.18,0.01,0.4,0.41,36.18,78.0,0.01,0.595,0.405,0.250936,0.683132,71827.24
1775779298831,2026-04-10T00:01:38.831,btc-updown-15m-1775779200,1775780100,Up,38695399231721476877096504968920656384238820420284922561977249082682533098050,15850116068011637107032304871618163721955898959397512124188038254834447183522,0.6,0.62,245.99,41.37,0.02,0.38,0.4,41.37,245.99,0.02,0.61,0.39,0.143966,0.856034,71827.24
1775779299832,2026-04-10T00:01:39.832,btc-updown-15m-1775779200,1775780100,Up,38695399231721476877096504968920656384238820420284922561977249082682533098050,15850116068011637107032304871618163721955898959397512124188038254834447183522,0.59,0.6,121.84,61.03,0.01,0.4,0.41,61.03,121.84,0.01,0.595,0.405,0.333734,0.666266,71809.99
1775779300834,2026-04-10T00:01:40.834,btc-updown-15m-1775779200,1775780100,Up,38695399231721476877096504968920656384238820420284922561977249082682533098050,15850116068011637107032304871618163721955898959397512124188038254834447183522,0.59,0.6,373.24,3.55,0.01,0.4,0.41,3.55,373.24,0.01,0.595,0.405,0.009422,0.990578,71809.99
1775779301835,2026-04-10T00:01:41.835,btc-updown-15m-1775779200,1775780100,Up,38695399231721476877096504968920656384238820420284922561977249082682533098050,15850116068011637107032304871618163721955898959397512124188038254834447183522,0.59,0.6,425.57,13.55,0.01,0.4,0.41,13.55,425.57,0.01,0.595,0.405,0.030857,0.969143,71809.99
1775779302836,2026-04-10T00:01:42.836,btc-updown-15m-1775779200,1775780100,Up,38695399231721476877096504968920656384238820420284922561977249082682533098050,15850116068011637107032304871618163721955898959397512124188038254834447183522,0.56,0.57,402.6,35.0,0.01,0.43,0.44,35.0,402.6,0.01,0.565,0.435,0.079982,0.920018,71806.01
1775779303836,2026-04-10T00:01:43.836,btc-updown-15m-1775779200,1775780100,Up,38695399231721476877096504968920656384238820420284922561977249082682533098050,15850116068011637107032304871618163721955898959397512124188038254834447183522,0.56,0.57,480.8,60.0,0.01,0.43,0.44,60.0,480.8,0.01,0.565,0.435,0.110947,0.889053,71806.01
1775779304837,2026-04-10T00:01:44.837,btc-updown-15m-1775779200,1775780100,Up,38695399231721476877096504968920656384238820420284922561977249082682533098050,15850116068011637107032304871618163721955898959397512124188038254834447183522,0.57,0.58,196.0,155.8,0.01,0.42,0.43,155.8,196.0,0.01,0.575,0.425,0.442865,0.557135,71806.01
1775779305837,2026-04-10T00:01:45.837,btc-updown-15m-1775779200,1775780100,Up,38695399231721476877096504968920656384238820420284922561977249082682533098050,15850116068011637107032304871618163721955898959397512124188038254834447183522,0.59,0.6,30.0,31.0,0.01,0.4,0.41,31.0,30.0,0.01,0.595,0.405,0.508197,0.491803,71806.01
1775779306837,2026-04-10T00:01:46.837,btc-updown-15m-1775779200,1775780100,Up,38695399231721476877096504968920656384238820420284922561977249082682533098050,15850116068011637107032304871618163721955898959397512124188038254834447183522,0.58,0.6,103.4,239.0,0.02,0.4,0.42,239.0,103.4,0.02,0.59,0.41,0.698014,0.301986,71806.01
1775779307838,2026-04-10T00:01:47.838,btc-updown-15m-1775779200,1775780100,Up,38695399231721476877096504968920656384238820420284922561977249082682533098050,15850116068011637107032304871618163721955898959397512124188038254834447183522,0.58,0.59,30.0,253.6,0.01,0.41,0.42,253.6,30.0,0.01,0.585,0.415,0.894217,0.105783,71806.01
1775779308838,2026-04-10T00:01:48.838,btc-updown-15m-1775779200,1775780100,Up,38695399231721476877096504968920656384238820420284922561977249082682533098050,15850116068011637107032304871618163721955898959397512124188038254834447183522,0.58,0.59,13.45,253.84,0.01,0.41,0.42,253.84,13.45,0.01,0.585,0.415,0.94968,0.05032,71806.01
1775779309838,2026-04-10T00:01:49.838,btc-updown-15m-1775779200,1775780100,Up,38695399231721476877096504968920656384238820420284922561977249082682533098050,15850116068011637107032304871618163721955898959397512124188038254834447183522,0.58,0.59,158.0,345.84,0.01,0.41,0.42,345.84,158.0,0.01,0.585,0.415,0.686408,0.313592,71806.01
1775779310839,2026-04-10T00:01:50.839,btc-updown-15m-1775779200,1775780100,Up,38695399231721476877096504968920656384238820420284922561977249082682533098050,15850116068011637107032304871618163721955898959397512124188038254834447183522,0.58,0.59,93.0,462.74,0.01,0.41,0.42,462.74,93.0,0.01,0.585,0.415,0.832656,0.167344,71806.01
1775779311840,2026-04-10T00:01:51.840,btc-updown-15m-1775779200,1775780100,Up,38695399231721476877096504968920656384238820420284922561977249082682533098050,15850116068011637107032304871618163721955898959397512124188038254834447183522,0.62,0.63,481.07,99.18,0.01,0.37,0.38,240.18,462.99,0.01,0.625,0.375,0.170926,0.658433,71823.85
1775779312840,2026-04-10T00:01:52.840,btc-updown-15m-1775779200,1775780100,Up,38695399231721476877096504968920656384238820420284922561977249082682533098050,15850116068011637107032304871618163721955898959397512124188038254834447183522,0.62,0.63,462.99,167.18,0.01,0.37,0.38,167.18,462.99,0.01,0.625,0.375,0.265293,0.734707,71823.85
1775779313841,2026-04-10T00:01:53.841,btc-updown-15m-1775779200,1775780100,Up,38695399231721476877096504968920656384238820420284922561977249082682533098050,15850116068011637107032304871618163721955898959397512124188038254834447183522,0.62,0.63,462.99,167.18,0.01,0.37,0.38,167.18,462.99,0.01,0.625,0.375,0.265293,0.734707,71823.85
1775779314841,2026-04-10T00:01:54.841,btc-updown-15m-1775779200,1775780100,Up,38695399231721476877096504968920656384238820420284922561977249082682533098050,15850116068011637107032304871618163721955898959397512124188038254834447183522,0.62,0.63,462.99,167.18,0.01,0.37,0.38,167.18,462.99,0.01,0.625,0.375,0.265293,0.734707,71825.59
1775779315842,2026-04-10T00:01:55.842,btc-updown-15m-1775779200,1775780100,Up,38695399231721476877096504968920656384238820420284922561977249082682533098050,15850116068011637107032304871618163721955898959397512124188038254834447183522,0.62,0.63,429.21,228.18,0.01,0.37,0.38,228.18,429.21,0.01,0.625,0.375,0.3471,0.6529,71825.59
1775779316844,2026-04-10T00:01:56.844,btc-updown-15m-1775779200,1775780100,Up,38695399231721476877096504968920656384238820420284922561977249082682533098050,15850116068011637107032304871618163721955898959397512124188038254834447183522,0.62,0.63,429.21,228.18,0.01,0.37,0.38,228.18,429.21,0.01,0.625,0.375,0.3471,0.6529,71825.59
1775779317844,2026-04-10T00:01:57.844,btc-updown-15m-1775779200,1775780100,Up,38695399231721476877096504968920656384238820420284922561977249082682533098050,15850116068011637107032304871618163721955898959397512124188038254834447183522,0.64,0.65,61.7,313.02,0.01,0.35,0.36,313.02,61.7,0.01,0.645,0.355,0.835344,0.164656,71840.8
1775779318844,2026-04-10T00:01:58.844,btc-updown-15m-1775779200,1775780100,Up,38695399231721476877096504968920656384238820420284922561977249082682533098050,15850116068011637107032304871618163721955898959397512124188038254834447183522,0.66,0.67,483.43,308.4,0.01,0.33,0.34,308.4,483.43,0.01,0.665,0.335,0.389478,0.610522,71840.8
1775779319845,2026-04-10T00:01:59.845,btc-updown-15m-1775779200,1775780100,Up,38695399231721476877096504968920656384238820420284922561977249082682533098050,15850116068011637107032304871618163721955898959397512124188038254834447183522,0.66,0.67,198.61,624.0,0.01,0.33,0.34,624.0,198.61,0.01,0.665,0.335,0.758561,0.241439,71840.8
1775779320846,2026-04-10T00:02:00.846,btc-updown-15m-1775779200,1775780100,Up,38695399231721476877096504968920656384238820420284922561977249082682533098050,15850116068011637107032304871618163721955898959397512124188038254834447183522,0.66,0.67,764.69,36.63,0.01,0.34,0.35,50.0,10.8,0.01,0.665,0.345,0.045712,0.177632,71836.34
1775779321846,2026-04-10T00:02:01.846,btc-updown-15m-1775779200,1775780100,Up,38695399231721476877096504968920656384238820420284922561977249082682533098050,15850116068011637107032304871618163721955898959397512124188038254834447183522,0.64,0.65,900.94,53.28,0.01,0.35,0.36,53.28,900.94,0.01,0.645,0.355,0.055836,0.944164,71836.34
1775779322848,2026-04-10T00:02:02.848,btc-updown-15m-1775779200,1775780100,Up,38695399231721476877096504968920656384238820420284922561977249082682533098050,15850116068011637107032304871618163721955898959397512124188038254834447183522,0.64,0.65,491.48,43.78,0.01,0.35,0.36,43.78,491.48,0.01,0.645,0.355,0.081792,0.918208,71836.34
1775779323849,2026-04-10T00:02:03.849,btc-updown-15m-1775779200,1775780100,Up,38695399231721476877096504968920656384238820420284922561977249082682533098050,15850116068011637107032304871618163721955898959397512124188038254834447183522,0.63,0.64,149.77,55.0,0.01,0.36,0.37,55.0,149.77,0.01,0.635,0.365,0.268594,0.731406,71836.01
1775779324849,2026-04-10T00:02:04.849,btc-updown-15m-1775779200,1775780100,Up,38695399231721476877096504968920656384238820420284922561977249082682533098050,15850116068011637107032304871618163721955898959397512124188038254834447183522,0.63,0.64,149.77,55.0,0.01,0.36,0.37,55.0,149.77,0.01,0.635,0.365,0.268594,0.731406,71836.01
1775779325850,2026-04-10T00:02:05.850,btc-updown-15m-1775779200,1775780100,Up,38695399231721476877096504968920656384238820420284922561977249082682533098050,15850116068011637107032304871618163721955898959397512124188038254834447183522,0.63,0.64,137.19,61.43,0.01,0.36,0.37,61.43,137.19,0.01,0.635,0.365,0.309284,0.690716,71836.01
1775779326850,2026-04-10T00:02:06.850,btc-updown-15m-1775779200,1775780100,Up,38695399231721476877096504968920656384238820420284922561977249082682533098050,15850116068011637107032304871618163721955898959397512124188038254834447183522,0.63,0.64,137.19,61.43,0.01,0.36,0.37,61.43,137.19,0.01,0.635,0.365,0.309284,0.690716,71832.05
1775779327851,2026-04-10T00:02:07.851,btc-updown-15m-1775779200,1775780100,Up,38695399231721476877096504968920656384238820420284922561977249082682533098050,15850116068011637107032304871618163721955898959397512124188038254834447183522,0.63,0.64,531.06,2.29,0.01,0.36,0.37,2.29,531.06,0.01,0.635,0.365,0.004294,0.995706,71832.05
1775779328852,2026-04-10T00:02:08.852,btc-updown-15m-1775779200,1775780100,Up,38695399231721476877096504968920656384238820420284922561977249082682533098050,15850116068011637107032304871618163721955898959397512124188038254834447183522,0.63,0.64,500.17,78.29,0.01,0.36,0.37,78.29,500.17,0.01,0.635,0.365,0.135342,0.864658,71832.05
1775779329853,2026-04-10T00:02:09.853,btc-updown-15m-1775779200,1775780100,Up,38695399231721476877096504968920656384238820420284922561977249082682533098050,15850116068011637107032304871618163721955898959397512124188038254834447183522,0.63,0.64,500.17,78.29,0.01,0.36,0.37,78.29,500.17,0.01,0.635,0.365,0.135342,0.864658,71832.01
1775779330853,2026-04-10T00:02:10.853,btc-updown-15m-1775779200,1775780100,Up,38695399231721476877096504968920656384238820420284922561977249082682533098050,15850116068011637107032304871618163721955898959397512124188038254834447183522,0.63,0.64,500.17,78.29,0.01,0.36,0.37,78.29,500.17,0.01,0.635,0.365,0.135342,0.864658,71832.01
1775779331853,2026-04-10T00:02:11.853,btc-updown-15m-1775779200,1775780100,Up,38695399231721476877096504968920656384238820420284922561977249082682533098050,15850116068011637107032304871618163721955898959397512124188038254834447183522,0.63,0.64,500.17,78.29,0.01,0.36,0.37,78.29,500.17,0.01,0.635,0.365,0.135342,0.864658,71832.01
1775779332854,2026-04-10T00:02:12.854,btc-updown-15m-1775779200,1775780100,Up,38695399231721476877096504968920656384238820420284922561977249082682533098050,15850116068011637107032304871618163721955898959397512124188038254834447183522,0.55,0.56,43.51,11.85,0.01,0.43,0.45,11.85,123.08,0.02,0.555,0.44,0.214053,0.912177,71806.18
1775779333855,2026-04-10T00:02:13.855,btc-updown-15m-1775779200,1775780100,Up,38695399231721476877096504968920656384238820420284922561977249082682533098050,15850116068011637107032304871618163721955898959397512124188038254834447183522,0.56,0.57,319.58,107.5,0.01,0.43,0.44,107.5,319.58,0.01,0.565,0.435,0.251709,0.748291,71806.18
1775779334857,2026-04-10T00:02:14.857,btc-updown-15m-1775779200,1775780100,Up,38695399231721476877096504968920656384238820420284922561977249082682533098050,15850116068011637107032304871618163721955898959397512124188038254834447183522,0.56,0.57,322.61,20.27,0.01,0.43,0.44,20.27,322.61,0.01,0.565,0.435,0.059117,0.940883,71806.18
1775779335857,2026-04-10T00:02:15.857,btc-updown-15m-1775779200,1775780100,Up,38695399231721476877096504968920656384238820420284922561977249082682533098050,15850116068011637107032304871618163721955898959397512124188038254834447183522,0.58,0.59,7.18,164.5,0.01,0.41,0.42,164.5,7.18,0.01,0.585,0.415,0.958178,0.041822,71821.56
1775779336858,2026-04-10T00:02:16.858,btc-updown-15m-1775779200,1775780100,Up,38695399231721476877096504968920656384238820420284922561977249082682533098050,15850116068011637107032304871618163721955898959397512124188038254834447183522,0.58,0.61,20.19,284.74,0.03,0.39,0.42,284.74,20.19,0.03,0.595,0.405,0.933788,0.066212,71821.56
1775779337859,2026-04-10T00:02:17.859,btc-updown-15m-1775779200,1775780100,Up,38695399231721476877096504968920656384238820420284922561977249082682533098050,15850116068011637107032304871618163721955898959397512124188038254834447183522,0.58,0.61,20.19,284.74,0.03,0.39,0.42,284.74,20.19,0.03,0.595,0.405,0.933788,0.066212,71821.56
1775779338859,2026-04-10T00:02:18.859,btc-updown-15m-1775779200,1775780100,Up,38695399231721476877096504968920656384238820420284922561977249082682533098050,15850116068011637107032304871618163721955898959397512124188038254834447183522,0.6,0.61,82.69,91.0,0.01,0.39,0.4,91.0,82.69,0.01,0.605,0.395,0.523922,0.476078,71821.55
1775779339860,2026-04-10T00:02:19.860,btc-updown-15m-1775779200,1775780100,Up,38695399231721476877096504968920656384238820420284922561977249082682533098050,15850116068011637107032304871618163721955898959397512124188038254834447183522,0.6,0.61,82.69,91.0,0.01,0.39,0.4,91.0,82.69,0.01,0.605,0.395,0.523922,0.476078,71821.55
1775779340861,2026-04-10T00:02:20.861,btc-updown-15m-1775779200,1775780100,Up,38695399231721476877096504968920656384238820420284922561977249082682533098050,15850116068011637107032304871618163721955898959397512124188038254834447183522,0.6,0.61,15.19,244.5,0.01,0.39,0.4,244.5,15.19,0.01,0.605,0.395,0.941507,0.058493,71821.55
1775779341863,2026-04-10T00:02:21.863,btc-updown-15m-1775779200,1775780100,Up,38695399231721476877096504968920656384238820420284922561977249082682533098050,15850116068011637107032304871618163721955898959397512124188038254834447183522,0.61,0.62,5.33,112.58,0.01,0.38,0.39,112.58,5.33,0.01,0.615,0.385,0.954796,0.045204,71828.06
1775779342863,2026-04-10T00:02:22.863,btc-updown-15m-1775779200,1775780100,Up,38695399231721476877096504968920656384238820420284922561977249082682533098050,15850116068011637107032304871618163721955898959397512124188038254834447183522,0.62,0.63,336.15,75.6,0.01,0.37,0.38,75.6,336.15,0.01,0.625,0.375,0.183607,0.816393,71828.06
1775779343864,2026-04-10T00:02:23.864,btc-updown-15m-1775779200,1775780100,Up,38695399231721476877096504968920656384238820420284922561977249082682533098050,15850116068011637107032304871618163721955898959397512124188038254834447183522,0.62,0.63,302.88,110.72,0.01,0.37,0.38,110.72,302.88,0.01,0.625,0.375,0.267698,0.732302,71828.06
1775779344864,2026-04-10T00:02:24.864,btc-updown-15m-1775779200,1775780100,Up,38695399231721476877096504968920656384238820420284922561977249082682533098050,15850116068011637107032304871618163721955898959397512124188038254834447183522,0.62,0.63,137.88,95.72,0.01,0.37,0.38,95.72,137.88,0.01,0.625,0.375,0.40976,0.59024,71828.07
1775779345865,2026-04-10T00:02:25.865,btc-updown-15m-1775779200,1775780100,Up,38695399231721476877096504968920656384238820420284922561977249082682533098050,15850116068011637107032304871618163721955898959397512124188038254834447183522,0.62,0.63,144.87,146.72,0.01,0.37,0.38,146.72,144.87,0.01,0.625,0.375,0.503172,0.496828,71828.07
1775779346865,2026-04-10T00:02:26.865,btc-updown-15m-1775779200,1775780100,Up,38695399231721476877096504968920656384238820420284922561977249082682533098050,15850116068011637107032304871618163721955898959397512124188038254834447183522,0.62,0.63,144.87,146.72,0.01,0.37,0.38,146.72,144.87,0.01,0.625,0.375,0.503172,0.496828,71828.07
1775779347866,2026-04-10T00:02:27.866,btc-updown-15m-1775779200,1775780100,Up,38695399231721476877096504968920656384238820420284922561977249082682533098050,15850116068011637107032304871618163721955898959397512124188038254834447183522,0.63,0.64,406.5,123.0,0.01,0.36,0.37,123.0,406.5,0.01,0.635,0.365,0.232295,0.767705,71828.06
1775779348866,2026-04-10T00:02:28.866,btc-updown-15m-1775779200,1775780100,Up,38695399231721476877096504968920656384238820420284922561977249082682533098050,15850116068011637107032304871618163721955898959397512124188038254834447183522,0.62,0.64,565.58,12.5,0.02,0.36,0.38,12.5,565.58,0.02,0.63,0.37,0.021623,0.978377,71828.06
1775779349866,2026-04-10T00:02:29.866,btc-updown-15m-1775779200,1775780100,Up,38695399231721476877096504968920656384238820420284922561977249082682533098050,15850116068011637107032304871618163721955898959397512124188038254834447183522,0.61,0.62,10.35,121.0,0.01,0.38,0.39,121.0,10.35,0.01,0.615,0.385,0.921203,0.078797,71828.06
1775779350867,2026-04-10T00:02:30.867,btc-updown-15m-1775779200,1775780100,Up,38695399231721476877096504968920656384238820420284922561977249082682533098050,15850116068011637107032304871618163721955898959397512124188038254834447183522,0.61,0.62,157.0,251.67,0.01,0.38,0.39,251.67,157.0,0.01,0.615,0.385,0.615827,0.384173,71828.07
1775779351868,2026-04-10T00:02:31.868,btc-updown-15m-1775779200,1775780100,Up,38695399231721476877096504968920656384238820420284922561977249082682533098050,15850116068011637107032304871618163721955898959397512124188038254834447183522,0.62,0.64,78.42,525.5,0.02,0.36,0.38,525.5,78.42,0.02,0.63,0.37,0.870148,0.129852,71828.07
1775779352869,2026-04-10T00:02:32.869,btc-updown-15m-1775779200,1775780100,Up,38695399231721476877096504968920656384238820420284922561977249082682533098050,15850116068011637107032304871618163721955898959397512124188038254834447183522,0.65,0.67,396.6,20.0,0.02,0.33,0.35,20.0,396.6,0.02,0.66,0.34,0.048008,0.951992,71828.07
1775779353870,2026-04-10T00:02:33.870,btc-updown-15m-1775779200,1775780100,Up,38695399231721476877096504968920656384238820420284922561977249082682533098050,15850116068011637107032304871618163721955898959397512124188038254834447183522,0.65,0.67,463.11,60.0,0.02,0.33,0.35,60.0,463.11,0.02,0.66,0.34,0.114699,0.885301,71845.49
1775779354871,2026-04-10T00:02:34.871,btc-updown-15m-1775779200,1775780100,Up,38695399231721476877096504968920656384238820420284922561977249082682533098050,15850116068011637107032304871618163721955898959397512124188038254834447183522,0.65,0.67,463.11,60.0,0.02,0.33,0.35,60.0,463.11,0.02,0.66,0.34,0.114699,0.885301,71845.49
1775779355871,2026-04-10T00:02:35.871,btc-updown-15m-1775779200,1775780100,Up,38695399231721476877096504968920656384238820420284922561977249082682533098050,15850116068011637107032304871618163721955898959397512124188038254834447183522,0.65,0.66,57.5,31.11,0.01,0.34,0.35,31.11,57.5,0.01,0.655,0.345,0.351089,0.648911,71845.49
1775779356873,2026-04-10T00:02:36.873,btc-updown-15m-1775779200,1775780100,Up,38695399231721476877096504968920656384238820420284922561977249082682533098050,15850116068011637107032304871618163721955898959397512124188038254834447183522,0.65,0.66,57.5,31.11,0.01,0.34,0.35,31.11,57.5,0.01,0.655,0.345,0.351089,0.648911,71845.49
1775779357874,2026-04-10T00:02:37.874,btc-updown-15m-1775779200,1775780100,Up,38695399231721476877096504968920656384238820420284922561977249082682533098050,15850116068011637107032304871618163721955898959397512124188038254834447183522,0.65,0.66,57.5,31.11,0.01,0.34,0.35,31.11,57.5,0.01,0.655,0.345,0.351089,0.648911,71845.49
1775779358874,2026-04-10T00:02:38.874,btc-updown-15m-1775779200,1775780100,Up,38695399231721476877096504968920656384238820420284922561977249082682533098050,15850116068011637107032304871618163721955898959397512124188038254834447183522,0.65,0.66,27.96,108.11,0.01,0.34,0.35,108.11,27.96,0.01,0.655,0.345,0.794518,0.205482,71845.49
1775779359875,2026-04-10T00:02:39.875,btc-updown-15m-1775779200,1775780100,Up,38695399231721476877096504968920656384238820420284922561977249082682533098050,15850116068011637107032304871618163721955898959397512124188038254834447183522,0.65,0.66,25.84,275.11,0.01,0.34,0.35,275.11,25.84,0.01,0.655,0.345,0.914139,0.085861,71845.49
1775779360875,2026-04-10T00:02:40.875,btc-updown-15m-1775779200,1775780100,Up,38695399231721476877096504968920656384238820420284922561977249082682533098050,15850116068011637107032304871618163721955898959397512124188038254834447183522,0.66,0.67,58.58,443.4,0.01,0.33,0.34,443.4,58.58,0.01,0.665,0.335,0.883302,0.116698,71845.49
1775779361876,2026-04-10T00:02:41.876,btc-updown-15m-1775779200,1775780100,Up,38695399231721476877096504968920656384238820420284922561977249082682533098050,15850116068011637107032304871618163721955898959397512124188038254834447183522,0.67,0.68,236.36,13.92,0.01,0.32,0.33,13.92,236.36,0.01,0.675,0.325,0.055618,0.944382,71845.49
1775779362876,2026-04-10T00:02:42.876,btc-updown-15m-1775779200,1775780100,Up,38695399231721476877096504968920656384238820420284922561977249082682533098050,15850116068011637107032304871618163721955898959397512124188038254834447183522,0.67,0.68,206.09,785.92,0.01,0.32,0.33,785.92,206.09,0.01,0.675,0.325,0.79225,0.20775,71858.6
1775779363877,2026-04-10T00:02:43.877,btc-updown-15m-1775779200,1775780100,Up,38695399231721476877096504968920656384238820420284922561977249082682533098050,15850116068011637107032304871618163721955898959397512124188038254834447183522,0.68,0.69,264.19,1.12,0.01,0.31,0.32,1.12,264.19,0.01,0.685,0.315,0.004221,0.995779,71858.6
1775779364878,2026-04-10T00:02:44.878,btc-updown-15m-1775779200,1775780100,Up,38695399231721476877096504968920656384238820420284922561977249082682533098050,15850116068011637107032304871618163721955898959397512124188038254834447183522,0.68,0.69,251.86,116.1,0.01,0.31,0.32,116.1,251.86,0.01,0.685,0.315,0.315523,0.684477,71858.6
1775779365879,2026-04-10T00:02:45.879,btc-updown-15m-1775779200,1775780100,Up,38695399231721476877096504968920656384238820420284922561977249082682533098050,15850116068011637107032304871618163721955898959397512124188038254834447183522,0.68,0.69,244.86,112.1,0.01,0.31,0.32,112.1,244.86,0.01,0.685,0.315,0.314041,0.685959,71852.01
1775779366880,2026-04-10T00:02:46.880,btc-updown-15m-1775779200,1775780100,Up,38695399231721476877096504968920656384238820420284922561977249082682533098050,15850116068011637107032304871618163721955898959397512124188038254834447183522,0.67,0.68,460.85,55.88,0.01,0.32,0.33,55.88,460.85,0.01,0.675,0.325,0.108142,0.891858,71852.01
1775779367881,2026-04-10T00:02:47.881,btc-updown-15m-1775779200,1775780100,Up,38695399231721476877096504968920656384238820420284922561977249082682533098050,15850116068011637107032304871618163721955898959397512124188038254834447183522,0.67,0.68,172.49,191.88,0.01,0.32,0.33,191.88,172.49,0.01,0.675,0.325,0.526608,0.473392,71852.01
1775779368882,2026-04-10T00:02:48.882,btc-updown-15m-1775779200,1775780100,Up,38695399231721476877096504968920656384238820420284922561977249082682533098050,15850116068011637107032304871618163721955898959397512124188038254834447183522,0.67,0.68,172.49,191.88,0.01,0.32,0.33,191.88,172.49,0.01,0.675,0.325,0.526608,0.473392,71848.01
1775779369882,2026-04-10T00:02:49.882,btc-updown-15m-1775779200,1775780100,Up,38695399231721476877096504968920656384238820420284922561977249082682533098050,15850116068011637107032304871618163721955898959397512124188038254834447183522,0.67,0.68,172.49,191.88,0.01,0.32,0.33,191.88,172.49,0.01,0.675,0.325,0.526608,0.473392,71848.01
1775779370883,2026-04-10T00:02:50.883,btc-updown-15m-1775779200,1775780100,Up,38695399231721476877096504968920656384238820420284922561977249082682533098050,15850116068011637107032304871618163721955898959397512124188038254834447183522,0.67,0.68,172.49,191.88,0.01,0.32,0.33,191.88,172.49,0.01,0.675,0.325,0.526608,0.473392,71848.01
1775779371883,2026-04-10T00:02:51.883,btc-updown-15m-1775779200,1775780100,Up,38695399231721476877096504968920656384238820420284922561977249082682533098050,15850116068011637107032304871618163721955898959397512124188038254834447183522,0.66,0.68,762.48,26.6,0.02,0.32,0.34,26.6,762.48,0.02,0.67,0.33,0.03371,0.96629,71830.0
1775779372884,2026-04-10T00:02:52.884,btc-updown-15m-1775779200,1775780100,Up,38695399231721476877096504968920656384238820420284922561977249082682533098050,15850116068011637107032304871618163721955898959397512124188038254834447183522,0.61,0.62,276.64,5.67,0.01,0.38,0.39,5.67,276.64,0.01,0.615,0.385,0.020084,0.979916,71830.0
1775779373884,2026-04-10T00:02:53.884,btc-updown-15m-1775779200,1775780100,Up,38695399231721476877096504968920656384238820420284922561977249082682533098050,15850116068011637107032304871618163721955898959397512124188038254834447183522,0.54,0.55,127.95,21.18,0.01,0.45,0.46,21.18,127.95,0.01,0.545,0.455,0.142024,0.857976,71830.0
1775779374885,2026-04-10T00:02:54.885,btc-updown-15m-1775779200,1775780100,Up,38695399231721476877096504968920656384238820420284922561977249082682533098050,15850116068011637107032304871618163721955898959397512124188038254834447183522,0.54,0.55,410.04,16.72,0.01,0.45,0.46,11.5,512.04,0.01,0.545,0.455,0.039179,0.978034,71798.0
1775779375886,2026-04-10T00:02:55.886,btc-updown-15m-1775779200,1775780100,Up,38695399231721476877096504968920656384238820420284922561977249082682533098050,15850116068011637107032304871618163721955898959397512124188038254834447183522,0.54,0.55,499.31,11.5,0.01,0.45,0.46,11.5,499.31,0.01,0.545,0.455,0.022513,0.977487,71798.0
1775779376887,2026-04-10T00:02:56.887,btc-updown-15m-1775779200,1775780100,Up,38695399231721476877096504968920656384238820420284922561977249082682533098050,15850116068011637107032304871618163721955898959397512124188038254834447183522,0.54,0.55,338.42,363.6,0.01,0.45,0.46,363.6,338.42,0.01,0.545,0.455,0.517934,0.482066,71798.0
1775779377887,2026-04-10T00:02:57.887,btc-updown-15m-1775779200,1775780100,Up,38695399231721476877096504968920656384238820420284922561977249082682533098050,15850116068011637107032304871618163721955898959397512124188038254834447183522,0.54,0.55,35.84,546.8,0.01,0.45,0.46,546.8,35.84,0.01,0.545,0.455,0.938487,0.061513,71813.99
1775779378887,2026-04-10T00:02:58.887,btc-updown-15m-1775779200,1775780100,Up,38695399231721476877096504968920656384238820420284922561977249082682533098050,15850116068011637107032304871618163721955898959397512124188038254834447183522,0.59,0.6,241.66,25.0,0.01,0.4,0.41,25.0,241.66,0.01,0.595,0.405,0.093752,0.906248,71813.99
1775779379887,2026-04-10T00:02:59.887,btc-updown-15m-1775779200,1775780100,Up,38695399231721476877096504968920656384238820420284922561977249082682533098050,15850116068011637107032304871618163721955898959397512124188038254834447183522,0.58,0.59,265.8,51.0,0.01,0.41,0.42,51.0,265.8,0.01,0.585,0.415,0.160985,0.839015,71813.99
1775779380888,2026-04-10T00:03:00.888,btc-updown-15m-1775779200,1775780100,Up,38695399231721476877096504968920656384238820420284922561977249082682533098050,15850116068011637107032304871618163721955898959397512124188038254834447183522,0.55,0.56,78.0,32.97,0.01,0.44,0.45,32.97,78.0,0.01,0.555,0.445,0.297107,0.702893,71808.01
1775779381888,2026-04-10T00:03:01.888,btc-updown-15m-1775779200,1775780100,Up,38695399231721476877096504968920656384238820420284922561977249082682533098050,15850116068011637107032304871618163721955898959397512124188038254834447183522,0.55,0.56,175.0,74.29,0.01,0.44,0.45,74.29,175.0,0.01,0.555,0.445,0.298006,0.701994,71808.01
1775779382890,2026-04-10T00:03:02.890,btc-updown-15m-1775779200,1775780100,Up,38695399231721476877096504968920656384238820420284922561977249082682533098050,15850116068011637107032304871618163721955898959397512124188038254834447183522,0.55,0.56,206.42,41.43,0.01,0.44,0.45,41.43,206.42,0.01,0.555,0.445,0.167158,0.832842,71808.01
1775779383891,2026-04-10T00:03:03.891,btc-updown-15m-1775779200,1775780100,Up,38695399231721476877096504968920656384238820420284922561977249082682533098050,15850116068011637107032304871618163721955898959397512124188038254834447183522,0.55,0.56,230.66,10.88,0.01,0.44,0.45,10.88,230.66,0.01,0.555,0.445,0.045044,0.954956,71808.01
1775779384891,2026-04-10T00:03:04.891,btc-updown-15m-1775779200,1775780100,Up,38695399231721476877096504968920656384238820420284922561977249082682533098050,15850116068011637107032304871618163721955898959397512124188038254834447183522,0.55,0.56,218.66,28.38,0.01,0.44,0.45,28.38,218.66,0.01,0.555,0.445,0.11488,0.88512,71808.01
1775779385892,2026-04-10T00:03:05.892,btc-updown-15m-1775779200,1775780100,Up,38695399231721476877096504968920656384238820420284922561977249082682533098050,15850116068011637107032304871618163721955898959397512124188038254834447183522,0.54,0.55,127.27,203.3,0.01,0.45,0.46,203.3,127.27,0.01,0.545,0.455,0.614998,0.385002,71808.01
1775779386893,2026-04-10T00:03:06.893,btc-updown-15m-1775779200,1775780100,Up,38695399231721476877096504968920656384238820420284922561977249082682533098050,15850116068011637107032304871618163721955898959397512124188038254834447183522,0.53,0.54,329.0,96.35,0.01,0.46,0.47,96.35,329.0,0.01,0.535,0.465,0.226519,0.773481,71801.84
1775779387893,2026-04-10T00:03:07.893,btc-updown-15m-1775779200,1775780100,Up,38695399231721476877096504968920656384238820420284922561977249082682533098050,15850116068011637107032304871618163721955898959397512124188038254834447183522,0.53,0.54,136.78,86.04,0.01,0.46,0.47,86.04,136.78,0.01,0.535,0.465,0.386141,0.613859,71801.84
1775779388894,2026-04-10T00:03:08.894,btc-updown-15m-1775779200,1775780100,Up,38695399231721476877096504968920656384238820420284922561977249082682533098050,15850116068011637107032304871618163721955898959397512124188038254834447183522,0.53,0.55,166.09,98.5,0.02,0.45,0.47,98.5,166.09,0.02,0.54,0.46,0.372274,0.627726,71801.84
1775779389895,2026-04-10T00:03:09.895,btc-updown-15m-1775779200,1775780100,Up,38695399231721476877096504968920656384238820420284922561977249082682533098050,15850116068011637107032304871618163721955898959397512124188038254834447183522,0.53,0.54,65.0,114.5,0.01,0.46,0.47,114.5,65.0,0.01,0.535,0.465,0.637883,0.362117,71801.67
1775779390897,2026-04-10T00:03:10.897,btc-updown-15m-1775779200,1775780100,Up,38695399231721476877096504968920656384238820420284922561977249082682533098050,15850116068011637107032304871618163721955898959397512124188038254834447183522,0.53,0.54,65.0,107.17,0.01,0.46,0.47,107.17,65.0,0.01,0.535,0.465,0.622466,0.377534,71801.67
1775779391897,2026-04-10T00:03:11.897,btc-updown-15m-1775779200,1775780100,Up,38695399231721476877096504968920656384238820420284922561977249082682533098050,15850116068011637107032304871618163721955898959397512124188038254834447183522,0.53,0.54,65.0,107.17,0.01,0.46,0.47,107.17,65.0,0.01,0.535,0.465,0.622466,0.377534,71801.67
1775779392898,2026-04-10T00:03:12.898,btc-updown-15m-1775779200,1775780100,Up,38695399231721476877096504968920656384238820420284922561977249082682533098050,15850116068011637107032304871618163721955898959397512124188038254834447183522,0.53,0.54,65.0,107.17,0.01,0.46,0.47,107.17,65.0,0.01,0.535,0.465,0.622466,0.377534,71801.67
1775779393898,2026-04-10T00:03:13.898,btc-updown-15m-1775779200,1775780100,Up,38695399231721476877096504968920656384238820420284922561977249082682533098050,15850116068011637107032304871618163721955898959397512124188038254834447183522,0.53,0.54,65.0,107.17,0.01,0.46,0.47,107.17,65.0,0.01,0.535,0.465,0.622466,0.377534,71801.67
1775779394899,2026-04-10T00:03:14.899,btc-updown-15m-1775779200,1775780100,Up,38695399231721476877096504968920656384238820420284922561977249082682533098050,15850116068011637107032304871618163721955898959397512124188038254834447183522,0.53,0.54,79.44,128.17,0.01,0.46,0.47,128.17,79.44,0.01,0.535,0.465,0.617359,0.382641,71801.67
1775779395900,2026-04-10T00:03:15.900,btc-updown-15m-1775779200,1775780100,Up,38695399231721476877096504968920656384238820420284922561977249082682533098050,15850116068011637107032304871618163721955898959397512124188038254834447183522,0.53,0.54,75.69,128.17,0.01,0.46,0.47,128.17,75.69,0.01,0.535,0.465,0.628716,0.371284,71801.67
1775779396900,2026-04-10T00:03:16.900,btc-updown-15m-1775779200,1775780100,Up,38695399231721476877096504968920656384238820420284922561977249082682533098050,15850116068011637107032304871618163721955898959397512124188038254834447183522,0.53,0.54,55.69,117.54,0.01,0.46,0.47,117.54,55.69,0.01,0.535,0.465,0.67852,0.32148,71801.67
1775779397901,2026-04-10T00:03:17.901,btc-updown-15m-1775779200,1775780100,Up,38695399231721476877096504968920656384238820420284922561977249082682533098050,15850116068011637107032304871618163721955898959397512124188038254834447183522,0.53,0.54,55.69,117.54,0.01,0.46,0.47,117.54,55.69,0.01,0.535,0.465,0.67852,0.32148,71801.67
1775779398902,2026-04-10T00:03:18.902,btc-updown-15m-1775779200,1775780100,Up,38695399231721476877096504968920656384238820420284922561977249082682533098050,15850116068011637107032304871618163721955898959397512124188038254834447183522,0.53,0.54,55.69,117.54,0.01,0.46,0.47,117.54,55.69,0.01,0.535,0.465,0.67852,0.32148,71818.32
1775779399902,2026-04-10T00:03:19.902,btc-updown-15m-1775779200,1775780100,Up,38695399231721476877096504968920656384238820420284922561977249082682533098050,15850116068011637107032304871618163721955898959397512124188038254834447183522,0.58,0.59,6.35,443.15,0.01,0.41,0.42,443.15,6.35,0.01,0.585,0.415,0.985873,0.014127,71818.32
1775779400902,2026-04-10T00:03:20.902,btc-updown-15m-1775779200,1775780100,Up,38695399231721476877096504968920656384238820420284922561977249082682533098050,15850116068011637107032304871618163721955898959397512124188038254834447183522,0.6,0.61,5.21,72.0,0.01,0.39,0.4,72.0,5.21,0.01,0.605,0.395,0.932522,0.067478,71818.32
1775779401903,2026-04-10T00:03:21.903,btc-updown-15m-1775779200,1775780100,Up,38695399231721476877096504968920656384238820420284922561977249082682533098050,15850116068011637107032304871618163721955898959397512124188038254834447183522,0.6,0.61,15.0,318.85,0.01,0.39,0.4,318.85,15.0,0.01,0.605,0.395,0.95507,0.04493,71818.9
1775779402904,2026-04-10T00:03:22.904,btc-updown-15m-1775779200,1775780100,Up,38695399231721476877096504968920656384238820420284922561977249082682533098050,15850116068011637107032304871618163721955898959397512124188038254834447183522,0.58,0.59,11.09,100.02,0.01,0.41,0.42,100.02,11.09,0.01,0.585,0.415,0.900189,0.099811,71818.9
1775779403905,2026-04-10T00:03:23.905,btc-updown-15m-1775779200,1775780100,Up,38695399231721476877096504968920656384238820420284922561977249082682533098050,15850116068011637107032304871618163721955898959397512124188038254834447183522,0.57,0.59,180.09,128.67,0.02,0.41,0.43,128.67,180.09,0.02,0.58,0.42,0.416731,0.583269,71818.9
1775779404906,2026-04-10T00:03:24.906,btc-updown-15m-1775779200,1775780100,Up,38695399231721476877096504968920656384238820420284922561977249082682533098050,15850116068011637107032304871618163721955898959397512124188038254834447183522,0.57,0.58,684.77,196.12,0.01,0.42,0.43,196.12,684.77,0.01,0.575,0.425,0.222638,0.777362,71811.64
1775779405906,2026-04-10T00:03:25.906,btc-updown-15m-1775779200,1775780100,Up,38695399231721476877096504968920656384238820420284922561977249082682533098050,15850116068011637107032304871618163721955898959397512124188038254834447183522,0.57,0.58,439.77,107.01,0.01,0.42,0.43,107.01,439.77,0.01,0.575,0.425,0.195709,0.804291,71811.64
1775779406907,2026-04-10T00:03:26.907,btc-updown-15m-1775779200,1775780100,Up,38695399231721476877096504968920656384238820420284922561977249082682533098050,15850116068011637107032304871618163721955898959397512124188038254834447183522,0.57,0.58,439.77,107.01,0.01,0.42,0.43,107.01,439.77,0.01,0.575,0.425,0.195709,0.804291,71811.64
1775779407908,2026-04-10T00:03:27.908,btc-updown-15m-1775779200,1775780100,Up,38695399231721476877096504968920656384238820420284922561977249082682533098050,15850116068011637107032304871618163721955898959397512124188038254834447183522,0.57,0.58,104.08,190.92,0.01,0.42,0.43,190.92,104.08,0.01,0.575,0.425,0.647186,0.352814,71811.63
1775779408908,2026-04-10T00:03:28.908,btc-updown-15m-1775779200,1775780100,Up,38695399231721476877096504968920656384238820420284922561977249082682533098050,15850116068011637107032304871618163721955898959397512124188038254834447183522,0.57,0.58,104.08,190.92,0.01,0.42,0.43,190.92,104.08,0.01,0.575,0.425,0.647186,0.352814,71811.63
1775779409909,2026-04-10T00:03:29.909,btc-updown-15m-1775779200,1775780100,Up,38695399231721476877096504968920656384238820420284922561977249082682533098050,15850116068011637107032304871618163721955898959397512124188038254834447183522,0.57,0.58,104.08,190.92,0.01,0.42,0.43,190.92,104.08,0.01,0.575,0.425,0.647186,0.352814,71811.63
1775779410909,2026-04-10T00:03:30.909,btc-updown-15m-1775779200,1775780100,Up,38695399231721476877096504968920656384238820420284922561977249082682533098050,15850116068011637107032304871618163721955898959397512124188038254834447183522,0.61,0.62,25.35,25.0,0.01,0.38,0.39,25.0,25.35,0.01,0.615,0.385,0.496524,0.503476,71821.24
1775779411909,2026-04-10T00:03:31.909,btc-updown-15m-1775779200,1775780100,Up,38695399231721476877096504968920656384238820420284922561977249082682533098050,15850116068011637107032304871618163721955898959397512124188038254834447183522,0.61,0.62,191.91,158.5,0.01,0.38,0.39,158.5,191.91,0.01,0.615,0.385,0.452327,0.547673,71821.24
1775779412910,2026-04-10T00:03:32.910,btc-updown-15m-1775779200,1775780100,Up,38695399231721476877096504968920656384238820420284922561977249082682533098050,15850116068011637107032304871618163721955898959397512124188038254834447183522,0.61,0.62,243.57,189.5,0.01,0.38,0.39,189.5,243.57,0.01,0.615,0.385,0.437574,0.562426,71821.24
1775779413910,2026-04-10T00:03:33.910,btc-updown-15m-1775779200,1775780100,Up,38695399231721476877096504968920656384238820420284922561977249082682533098050,15850116068011637107032304871618163721955898959397512124188038254834447183522,0.61,0.62,223.57,194.5,0.01,0.38,0.39,194.5,223.57,0.01,0.615,0.385,0.465233,0.534767,71826.0
1775779414911,2026-04-10T00:03:34.911,btc-updown-15m-1775779200,1775780100,Up,38695399231721476877096504968920656384238820420284922561977249082682533098050,15850116068011637107032304871618163721955898959397512124188038254834447183522,0.61,0.62,320.22,243.5,0.01,0.38,0.39,243.5,320.22,0.01,0.615,0.385,0.431952,0.568048,71826.0
1775779415911,2026-04-10T00:03:35.911,btc-updown-15m-1775779200,1775780100,Up,38695399231721476877096504968920656384238820420284922561977249082682533098050,15850116068011637107032304871618163721955898959397512124188038254834447183522,0.61,0.62,315.38,357.5,0.01,0.38,0.39,357.5,315.38,0.01,0.615,0.385,0.531298,0.468702,71826.0
1775779416912,2026-04-10T00:03:36.912,btc-updown-15m-1775779200,1775780100,Up,38695399231721476877096504968920656384238820420284922561977249082682533098050,15850116068011637107032304871618163721955898959397512124188038254834447183522,0.6,0.61,234.0,9.55,0.01,0.39,0.4,9.55,234.0,0.01,0.605,0.395,0.039212,0.960788,71818.89
1775779417912,2026-04-10T00:03:37.912,btc-updown-15m-1775779200,1775780100,Up,38695399231721476877096504968920656384238820420284922561977249082682533098050,15850116068011637107032304871618163721955898959397512124188038254834447183522,0.57,0.59,265.74,165.35,0.02,0.41,0.43,165.35,265.74,0.02,0.58,0.42,0.383563,0.616437,71818.89
1775779418913,2026-04-10T00:03:38.913,btc-updown-15m-1775779200,1775780100,Up,38695399231721476877096504968920656384238820420284922561977249082682533098050,15850116068011637107032304871618163721955898959397512124188038254834447183522,0.57,0.58,329.37,160.35,0.01,0.42,0.43,160.35,329.37,0.01,0.575,0.425,0.327432,0.672568,71818.89
1775779419914,2026-04-10T00:03:39.914,btc-updown-15m-1775779200,1775780100,Up,38695399231721476877096504968920656384238820420284922561977249082682533098050,15850116068011637107032304871618163721955898959397512124188038254834447183522,0.57,0.58,329.37,160.35,0.01,0.42,0.43,160.35,329.37,0.01,0.575,0.425,0.327432,0.672568,71808.01
1775779420915,2026-04-10T00:03:40.915,btc-updown-15m-1775779200,1775780100,Up,38695399231721476877096504968920656384238820420284922561977249082682533098050,15850116068011637107032304871618163721955898959397512124188038254834447183522,0.57,0.58,329.37,160.35,0.01,0.42,0.43,160.35,329.37,0.01,0.575,0.425,0.327432,0.672568,71808.01
1775779421916,2026-04-10T00:03:41.916,btc-updown-15m-1775779200,1775780100,Up,38695399231721476877096504968920656384238820420284922561977249082682533098050,15850116068011637107032304871618163721955898959397512124188038254834447183522,0.57,0.58,329.37,160.35,0.01,0.42,0.43,160.35,329.37,0.01,0.575,0.425,0.327432,0.672568,71808.01
1775779422916,2026-04-10T00:03:42.916,btc-updown-15m-1775779200,1775780100,Up,38695399231721476877096504968920656384238820420284922561977249082682533098050,15850116068011637107032304871618163721955898959397512124188038254834447183522,0.57,0.58,329.37,160.35,0.01,0.42,0.43,160.35,329.37,0.01,0.575,0.425,0.327432,0.672568,71808.02
1775779423917,2026-04-10T00:03:43.917,btc-updown-15m-1775779200,1775780100,Up,38695399231721476877096504968920656384238820420284922561977249082682533098050,15850116068011637107032304871618163721955898959397512124188038254834447183522,0.57,0.58,329.37,160.35,0.01,0.42,0.43,160.35,329.37,0.01,0.575,0.425,0.327432,0.672568,71808.02
1775779424918,2026-04-10T00:03:44.918,btc-updown-15m-1775779200,1775780100,Up,38695399231721476877096504968920656384238820420284922561977249082682533098050,15850116068011637107032304871618163721955898959397512124188038254834447183522,0.57,0.58,329.37,160.35,0.01,0.42,0.43,160.35,329.37,0.01,0.575,0.425,0.327432,0.672568,71808.02
1775779425918,2026-04-10T00:03:45.918,btc-updown-15m-1775779200,1775780100,Up,38695399231721476877096504968920656384238820420284922561977249082682533098050,15850116068011637107032304871618163721955898959397512124188038254834447183522,0.57,0.58,329.37,160.35,0.01,0.42,0.43,160.35,329.37,0.01,0.575,0.425,0.327432,0.672568,71808.02
1775779426920,2026-04-10T00:03:46.920,btc-updown-15m-1775779200,1775780100,Up,38695399231721476877096504968920656384238820420284922561977249082682533098050,15850116068011637107032304871618163721955898959397512124188038254834447183522,0.57,0.58,329.37,160.35,0.01,0.42,0.43,160.35,329.37,0.01,0.575,0.425,0.327432,0.672568,71808.02
1775779427922,2026-04-10T00:03:47.922,btc-updown-15m-1775779200,1775780100,Up,38695399231721476877096504968920656384238820420284922561977249082682533098050,15850116068011637107032304871618163721955898959397512124188038254834447183522,0.57,0.58,329.37,160.35,0.01,0.42,0.43,160.35,329.37,0.01,0.575,0.425,0.327432,0.672568,71808.02
1775779428922,2026-04-10T00:03:48.922,btc-updown-15m-1775779200,1775780100,Up,38695399231721476877096504968920656384238820420284922561977249082682533098050,15850116068011637107032304871618163721955898959397512124188038254834447183522,0.55,0.56,62.05,13.77,0.01,0.44,0.45,13.77,62.05,0.01,0.555,0.445,0.181614,0.818386,71800.32
1775779429923,2026-04-10T00:03:49.923,btc-updown-15m-1775779200,1775780100,Up,38695399231721476877096504968920656384238820420284922561977249082682533098050,15850116068011637107032304871618163721955898959397512124188038254834447183522,0.53,0.54,50.0,326.83,0.01,0.46,0.47,326.83,50.0,0.01,0.535,0.465,0.867314,0.132686,71800.32
1775779430924,2026-04-10T00:03:50.924,btc-updown-15m-1775779200,1775780100,Up,38695399231721476877096504968920656384238820420284922561977249082682533098050,15850116068011637107032304871618163721955898959397512124188038254834447183522,0.53,0.54,75.74,381.0,0.01,0.46,0.47,381.0,75.74,0.01,0.535,0.465,0.834173,0.165827,71800.32
1775779431924,2026-04-10T00:03:51.924,btc-updown-15m-1775779200,1775780100,Up,38695399231721476877096504968920656384238820420284922561977249082682533098050,15850116068011637107032304871618163721955898959397512124188038254834447183522,0.55,0.56,45.05,148.55,0.01,0.44,0.45,148.55,45.05,0.01,0.555,0.445,0.767304,0.232696,71805.65
1775779432925,2026-04-10T00:03:52.925,btc-updown-15m-1775779200,1775780100,Up,38695399231721476877096504968920656384238820420284922561977249082682533098050,15850116068011637107032304871618163721955898959397512124188038254834447183522,0.55,0.56,45.05,148.55,0.01,0.44,0.45,148.55,45.05,0.01,0.555,0.445,0.767304,0.232696,71805.65
1775779433926,2026-04-10T00:03:53.926,btc-updown-15m-1775779200,1775780100,Up,38695399231721476877096504968920656384238820420284922561977249082682533098050,15850116068011637107032304871618163721955898959397512124188038254834447183522,0.56,0.57,144.96,65.0,0.01,0.43,0.44,65.0,144.96,0.01,0.565,0.435,0.309583,0.690417,71805.65
1775779434927,2026-04-10T00:03:54.927,btc-updown-15m-1775779200,1775780100,Up,38695399231721476877096504968920656384238820420284922561977249082682533098050,15850116068011637107032304871618163721955898959397512124188038254834447183522,0.56,0.57,144.96,65.0,0.01,0.43,0.44,65.0,144.96,0.01,0.565,0.435,0.309583,0.690417,71805.65
1775779435928,2026-04-10T00:03:55.928,btc-updown-15m-1775779200,1775780100,Up,38695399231721476877096504968920656384238820420284922561977249082682533098050,15850116068011637107032304871618163721955898959397512124188038254834447183522,0.56,0.57,144.96,65.0,0.01,0.43,0.44,65.0,144.96,0.01,0.565,0.435,0.309583,0.690417,71805.65
1775779436929,2026-04-10T00:03:56.929,btc-updown-15m-1775779200,1775780100,Up,38695399231721476877096504968920656384238820420284922561977249082682533098050,15850116068011637107032304871618163721955898959397512124188038254834447183522,0.56,0.57,144.96,65.0,0.01,0.43,0.44,65.0,144.96,0.01,0.565,0.435,0.309583,0.690417,71805.65
1775779437929,2026-04-10T00:03:57.929,btc-updown-15m-1775779200,1775780100,Up,38695399231721476877096504968920656384238820420284922561977249082682533098050,15850116068011637107032304871618163721955898959397512124188038254834447183522,0.53,0.56,22.5,300.93,0.03,0.44,0.47,300.93,22.5,0.03,0.545,0.455,0.930433,0.069567,71802.4
1775779438929,2026-04-10T00:03:58.929,btc-updown-15m-1775779200,1775780100,Up,38695399231721476877096504968920656384238820420284922561977249082682533098050,15850116068011637107032304871618163721955898959397512124188038254834447183522,0.53,0.56,22.5,300.93,0.03,0.44,0.47,300.93,22.5,0.03,0.545,0.455,0.930433,0.069567,71802.4
1775779439930,2026-04-10T00:03:59.930,btc-updown-15m-1775779200,1775780100,Up,38695399231721476877096504968920656384238820420284922561977249082682533098050,15850116068011637107032304871618163721955898959397512124188038254834447183522,0.53,0.56,22.5,300.93,0.03,0.44,0.47,300.93,22.5,0.03,0.545,0.455,0.930433,0.069567,71802.4
1775779440931,2026-04-10T00:04:00.931,btc-updown-15m-1775779200,1775780100,Up,38695399231721476877096504968920656384238820420284922561977249082682533098050,15850116068011637107032304871618163721955898959397512124188038254834447183522,0.53,0.56,22.5,300.93,0.03,0.44,0.47,300.93,22.5,0.03,0.545,0.455,0.930433,0.069567,71801.64
1775779441932,2026-04-10T00:04:01.932,btc-updown-15m-1775779200,1775780100,Up,38695399231721476877096504968920656384238820420284922561977249082682533098050,15850116068011637107032304871618163721955898959397512124188038254834447183522,0.53,0.56,22.5,300.93,0.03,0.44,0.47,300.93,22.5,0.03,0.545,0.455,0.930433,0.069567,71801.64
1775779442932,2026-04-10T00:04:02.932,btc-updown-15m-1775779200,1775780100,Up,38695399231721476877096504968920656384238820420284922561977249082682533098050,15850116068011637107032304871618163721955898959397512124188038254834447183522,0.55,0.56,64.73,107.0,0.01,0.44,0.45,107.0,64.73,0.01,0.555,0.445,0.623071,0.376929,71801.64
1775779443933,2026-04-10T00:04:03.933,btc-updown-15m-1775779200,1775780100,Up,38695399231721476877096504968920656384238820420284922561977249082682533098050,15850116068011637107032304871618163721955898959397512124188038254834447183522,0.56,0.57,43.48,516.68,0.01,0.43,0.44,516.68,43.48,0.01,0.565,0.435,0.922379,0.077621,71801.65
1775779444934,2026-04-10T00:04:04.934,btc-updown-15m-1775779200,1775780100,Up,38695399231721476877096504968920656384238820420284922561977249082682533098050,15850116068011637107032304871618163721955898959397512124188038254834447183522,0.54,0.55,270.0,55.2,0.01,0.45,0.46,55.2,270.0,0.01,0.545,0.455,0.169742,0.830258,71801.65
1775779445935,2026-04-10T00:04:05.935,btc-updown-15m-1775779200,1775780100,Up,38695399231721476877096504968920656384238820420284922561977249082682533098050,15850116068011637107032304871618163721955898959397512124188038254834447183522,0.54,0.55,270.0,55.2,0.01,0.45,0.46,55.2,270.0,0.01,0.545,0.455,0.169742,0.830258,71801.65
1775779446935,2026-04-10T00:04:06.935,btc-updown-15m-1775779200,1775780100,Up,38695399231721476877096504968920656384238820420284922561977249082682533098050,15850116068011637107032304871618163721955898959397512124188038254834447183522,0.53,0.54,396.77,180.93,0.01,0.46,0.47,180.93,396.77,0.01,0.535,0.465,0.31319,0.68681,71792.0
1775779447936,2026-04-10T00:04:07.936,btc-updown-15m-1775779200,1775780100,Up,38695399231721476877096504968920656384238820420284922561977249082682533098050,15850116068011637107032304871618163721955898959397512124188038254834447183522,0.52,0.54,693.44,9.67,0.02,0.46,0.48,9.67,693.44,0.02,0.53,0.47,0.013753,0.986247,71792.0
1775779448937,2026-04-10T00:04:08.937,btc-updown-15m-1775779200,1775780100,Up,38695399231721476877096504968920656384238820420284922561977249082682533098050,15850116068011637107032304871618163721955898959397512124188038254834447183522,0.51,0.52,90.89,30.0,0.01,0.48,0.49,30.0,90.89,0.01,0.515,0.485,0.248159,0.751841,71792.0
1775779449938,2026-04-10T00:04:09.938,btc-updown-15m-1775779200,1775780100,Up,38695399231721476877096504968920656384238820420284922561977249082682533098050,15850116068011637107032304871618163721955898959397512124188038254834447183522,0.51,0.53,61.0,641.5,0.02,0.47,0.49,641.5,61.0,0.02,0.52,0.48,0.913167,0.086833,71791.28
1775779450939,2026-04-10T00:04:10.939,btc-updown-15m-1775779200,1775780100,Up,38695399231721476877096504968920656384238820420284922561977249082682533098050,15850116068011637107032304871618163721955898959397512124188038254834447183522,0.51,0.53,61.0,641.5,0.02,0.47,0.49,641.5,61.0,0.02,0.52,0.48,0.913167,0.086833,71791.28
1775779451940,2026-04-10T00:04:11.940,btc-updown-15m-1775779200,1775780100,Up,38695399231721476877096504968920656384238820420284922561977249082682533098050,15850116068011637107032304871618163721955898959397512124188038254834447183522,0.54,0.55,11.8,421.5,0.01,0.45,0.46,421.5,11.8,0.01,0.545,0.455,0.972767,0.027233,71791.28
1775779452940,2026-04-10T00:04:12.940,btc-updown-15m-1775779200,1775780100,Up,38695399231721476877096504968920656384238820420284922561977249082682533098050,15850116068011637107032304871618163721955898959397512124188038254834447183522,0.53,0.55,413.57,30.77,0.02,0.45,0.47,30.77,413.57,0.02,0.54,0.46,0.069249,0.930751,71797.36
1775779453940,2026-04-10T00:04:13.940,btc-updown-15m-1775779200,1775780100,Up,38695399231721476877096504968920656384238820420284922561977249082682533098050,15850116068011637107032304871618163721955898959397512124188038254834447183522,0.52,0.53,388.0,77.5,0.01,0.47,0.48,77.5,388.0,0.01,0.525,0.475,0.166488,0.833512,71797.36
1775779454941,2026-04-10T00:04:14.941,btc-updown-15m-1775779200,1775780100,Up,38695399231721476877096504968920656384238820420284922561977249082682533098050,15850116068011637107032304871618163721955898959397512124188038254834447183522,0.52,0.53,388.0,77.5,0.01,0.47,0.48,77.5,388.0,0.01,0.525,0.475,0.166488,0.833512,71797.36
1775779455941,2026-04-10T00:04:15.941,btc-updown-15m-1775779200,1775780100,Up,38695399231721476877096504968920656384238820420284922561977249082682533098050,15850116068011637107032304871618163721955898959397512124188038254834447183522,0.52,0.53,388.0,77.5,0.01,0.47,0.48,77.5,388.0,0.01,0.525,0.475,0.166488,0.833512,71797.36
1775779456943,2026-04-10T00:04:16.943,btc-updown-15m-1775779200,1775780100,Up,38695399231721476877096504968920656384238820420284922561977249082682533098050,15850116068011637107032304871618163721955898959397512124188038254834447183522,0.52,0.53,388.0,77.5,0.01,0.47,0.48,77.5,388.0,0.01,0.525,0.475,0.166488,0.833512,71797.36
1775779457944,2026-04-10T00:04:17.944,btc-updown-15m-1775779200,1775780100,Up,38695399231721476877096504968920656384238820420284922561977249082682533098050,15850116068011637107032304871618163721955898959397512124188038254834447183522,0.52,0.53,51.45,83.38,0.01,0.47,0.48,83.38,51.45,0.01,0.525,0.475,0.618408,0.381592,71797.36
1775779458945,2026-04-10T00:04:18.945,btc-updown-15m-1775779200,1775780100,Up,38695399231721476877096504968920656384238820420284922561977249082682533098050,15850116068011637107032304871618163721955898959397512124188038254834447183522,0.57,0.58,136.51,25.0,0.01,0.42,0.43,25.0,136.51,0.01,0.575,0.425,0.154789,0.845211,71806.86
1775779459946,2026-04-10T00:04:19.946,btc-updown-15m-1775779200,1775780100,Up,38695399231721476877096504968920656384238820420284922561977249082682533098050,15850116068011637107032304871618163721955898959397512124188038254834447183522,0.55,0.56,388.05,23.96,0.01,0.44,0.45,23.96,388.05,0.01,0.555,0.445,0.058154,0.941846,71806.86
1775779460947,2026-04-10T00:04:20.947,btc-updown-15m-1775779200,1775780100,Up,38695399231721476877096504968920656384238820420284922561977249082682533098050,15850116068011637107032304871618163721955898959397512124188038254834447183522,0.55,0.56,388.05,23.96,0.01,0.44,0.45,23.96,388.05,0.01,0.555,0.445,0.058154,0.941846,71806.86
1775779461949,2026-04-10T00:04:21.949,btc-updown-15m-1775779200,1775780100,Up,38695399231721476877096504968920656384238820420284922561977249082682533098050,15850116068011637107032304871618163721955898959397512124188038254834447183522,0.55,0.56,287.19,23.41,0.01,0.44,0.45,23.41,287.19,0.01,0.555,0.445,0.07537,0.92463,71802.01
1775779462951,2026-04-10T00:04:22.951,btc-updown-15m-1775779200,1775780100,Up,38695399231721476877096504968920656384238820420284922561977249082682533098050,15850116068011637107032304871618163721955898959397512124188038254834447183522,0.55,0.56,251.47,11.12,0.01,0.44,0.45,11.12,251.47,0.01,0.555,0.445,0.042347,0.957653,71802.01
1775779463952,2026-04-10T00:04:23.952,btc-updown-15m-1775779200,1775780100,Up,38695399231721476877096504968920656384238820420284922561977249082682533098050,15850116068011637107032304871618163721955898959397512124188038254834447183522,0.55,0.56,326.61,11.12,0.01,0.44,0.45,11.12,326.61,0.01,0.555,0.445,0.032926,0.967074,71802.01
1775779464952,2026-04-10T00:04:24.952,btc-updown-15m-1775779200,1775780100,Up,38695399231721476877096504968920656384238820420284922561977249082682533098050,15850116068011637107032304871618163721955898959397512124188038254834447183522,0.55,0.56,341.61,5.12,0.01,0.44,0.45,5.12,341.61,0.01,0.555,0.445,0.014767,0.985233,71802.01
1775779465953,2026-04-10T00:04:25.953,btc-updown-15m-1775779200,1775780100,Up,38695399231721476877096504968920656384238820420284922561977249082682533098050,15850116068011637107032304871618163721955898959397512124188038254834447183522,0.55,0.56,341.61,5.12,0.01,0.44,0.45,5.12,341.61,0.01,0.555,0.445,0.014767,0.985233,71802.01
1775779466953,2026-04-10T00:04:26.953,btc-updown-15m-1775779200,1775780100,Up,38695399231721476877096504968920656384238820420284922561977249082682533098050,15850116068011637107032304871618163721955898959397512124188038254834447183522,0.55,0.56,341.61,5.12,0.01,0.44,0.45,5.12,341.61,0.01,0.555,0.445,0.014767,0.985233,71802.01
1775779467954,2026-04-10T00:04:27.954,btc-updown-15m-1775779200,1775780100,Up,38695399231721476877096504968920656384238820420284922561977249082682533098050,15850116068011637107032304871618163721955898959397512124188038254834447183522,0.55,0.56,341.61,5.12,0.01,0.44,0.45,5.12,341.61,0.01,0.555,0.445,0.014767,0.985233,71802.01
1775779468955,2026-04-10T00:04:28.955,btc-updown-15m-1775779200,1775780100,Up,38695399231721476877096504968920656384238820420284922561977249082682533098050,15850116068011637107032304871618163721955898959397512124188038254834447183522,0.55,0.56,341.61,5.12,0.01,0.44,0.45,5.12,341.61,0.01,0.555,0.445,0.014767,0.985233,71802.01
1775779469956,2026-04-10T00:04:29.956,btc-updown-15m-1775779200,1775780100,Up,38695399231721476877096504968920656384238820420284922561977249082682533098050,15850116068011637107032304871618163721955898959397512124188038254834447183522,0.55,0.56,341.61,5.12,0.01,0.44,0.45,5.12,341.61,0.01,0.555,0.445,0.014767,0.985233,71802.01
1775779470957,2026-04-10T00:04:30.957,btc-updown-15m-1775779200,1775780100,Up,38695399231721476877096504968920656384238820420284922561977249082682533098050,15850116068011637107032304871618163721955898959397512124188038254834447183522,0.55,0.56,341.61,5.12,0.01,0.44,0.45,5.12,341.61,0.01,0.555,0.445,0.014767,0.985233,71802.02
1775779471958,2026-04-10T00:04:31.958,btc-updown-15m-1775779200,1775780100,Up,38695399231721476877096504968920656384238820420284922561977249082682533098050,15850116068011637107032304871618163721955898959397512124188038254834447183522,0.56,0.58,218.51,72.0,0.02,0.42,0.44,72.0,218.51,0.02,0.57,0.43,0.24784,0.75216,71802.02
1775779472958,2026-04-10T00:04:32.958,btc-updown-15m-1775779200,1775780100,Up,38695399231721476877096504968920656384238820420284922561977249082682533098050,15850116068011637107032304871618163721955898959397512124188038254834447183522,0.61,0.62,2.92,403.5,0.01,0.38,0.39,403.5,2.92,0.01,0.615,0.385,0.992815,0.007185,71802.02
1775779473959,2026-04-10T00:04:33.959,btc-updown-15m-1775779200,1775780100,Up,38695399231721476877096504968920656384238820420284922561977249082682533098050,15850116068011637107032304871618163721955898959397512124188038254834447183522,0.62,0.63,205.33,127.97,0.01,0.37,0.38,127.97,205.33,0.01,0.625,0.375,0.383948,0.616052,71826.74
1775779474960,2026-04-10T00:04:34.960,btc-updown-15m-1775779200,1775780100,Up,38695399231721476877096504968920656384238820420284922561977249082682533098050,15850116068011637107032304871618163721955898959397512124188038254834447183522,0.62,0.63,292.33,111.13,0.01,0.37,0.38,111.13,292.33,0.01,0.625,0.375,0.275442,0.724558,71826.74
1775779475961,2026-04-10T00:04:35.961,btc-updown-15m-1775779200,1775780100,Up,38695399231721476877096504968920656384238820420284922561977249082682533098050,15850116068011637107032304871618163721955898959397512124188038254834447183522,0.62,0.63,292.33,85.13,0.01,0.37,0.38,85.13,292.33,0.01,0.625,0.375,0.225534,0.774466,71826.74
1775779476962,2026-04-10T00:04:36.962,btc-updown-15m-1775779200,1775780100,Up,38695399231721476877096504968920656384238820420284922561977249082682533098050,15850116068011637107032304871618163721955898959397512124188038254834447183522,0.62,0.63,39.44,182.63,0.01,0.37,0.38,182.63,39.44,0.01,0.625,0.375,0.822398,0.177602,71826.74
1775779477962,2026-04-10T00:04:37.962,btc-updown-15m-1775779200,1775780100,Up,38695399231721476877096504968920656384238820420284922561977249082682533098050,15850116068011637107032304871618163721955898959397512124188038254834447183522,0.62,0.63,39.44,182.63,0.01,0.37,0.38,182.63,39.44,0.01,0.625,0.375,0.822398,0.177602,71826.74
1775779478963,2026-04-10T00:04:38.963,btc-updown-15m-1775779200,1775780100,Up,38695399231721476877096504968920656384238820420284922561977249082682533098050,15850116068011637107032304871618163721955898959397512124188038254834447183522,0.63,0.64,347.67,145.0,0.01,0.36,0.37,145.0,347.67,0.01,0.635,0.365,0.294315,0.705685,71826.74
1775779479963,2026-04-10T00:04:39.963,btc-updown-15m-1775779200,1775780100,Up,38695399231721476877096504968920656384238820420284922561977249082682533098050,15850116068011637107032304871618163721955898959397512124188038254834447183522,0.63,0.64,347.67,145.0,0.01,0.36,0.37,145.0,347.67,0.01,0.635,0.365,0.294315,0.705685,71826.74
1775779480963,2026-04-10T00:04:40.963,btc-updown-15m-1775779200,1775780100,Up,38695399231721476877096504968920656384238820420284922561977249082682533098050,15850116068011637107032304871618163721955898959397512124188038254834447183522,0.63,0.64,347.67,145.0,0.01,0.36,0.37,145.0,347.67,0.01,0.635,0.365,0.294315,0.705685,71826.74
1775779481963,2026-04-10T00:04:41.963,btc-updown-15m-1775779200,1775780100,Up,38695399231721476877096504968920656384238820420284922561977249082682533098050,15850116068011637107032304871618163721955898959397512124188038254834447183522,0.6,0.62,40.0,26.12,0.02,0.38,0.4,26.12,40.0,0.02,0.61,0.39,0.395039,0.604961,71826.74
1775779482964,2026-04-10T00:04:42.964,btc-updown-15m-1775779200,1775780100,Up,38695399231721476877096504968920656384238820420284922561977249082682533098050,15850116068011637107032304871618163721955898959397512124188038254834447183522,0.58,0.59,238.0,12.92,0.01,0.41,0.42,12.92,238.0,0.01,0.585,0.415,0.051491,0.948509,71814.27
1775779483964,2026-04-10T00:04:43.964,btc-updown-15m-1775779200,1775780100,Up,38695399231721476877096504968920656384238820420284922561977249082682533098050,15850116068011637107032304871618163721955898959397512124188038254834447183522,0.58,0.59,238.0,12.92,0.01,0.41,0.42,12.92,238.0,0.01,0.585,0.415,0.051491,0.948509,71814.27
1775779484965,2026-04-10T00:04:44.965,btc-updown-15m-1775779200,1775780100,Up,38695399231721476877096504968920656384238820420284922561977249082682533098050,15850116068011637107032304871618163721955898959397512124188038254834447183522,0.6,0.61,41.0,49.05,0.01,0.39,0.4,49.05,41.0,0.01,0.605,0.395,0.544697,0.455303,71814.27
1775779485965,2026-04-10T00:04:45.965,btc-updown-15m-1775779200,1775780100,Up,38695399231721476877096504968920656384238820420284922561977249082682533098050,15850116068011637107032304871618163721955898959397512124188038254834447183522,0.6,0.61,86.0,181.35,0.01,0.39,0.4,181.35,86.0,0.01,0.605,0.395,0.678324,0.321676,71823.16
1775779486966,2026-04-10T00:04:46.966,btc-updown-15m-1775779200,1775780100,Up,38695399231721476877096504968920656384238820420284922561977249082682533098050,15850116068011637107032304871618163721955898959397512124188038254834447183522,0.64,0.65,446.0,233.5,0.01,0.35,0.36,233.5,446.0,0.01,0.645,0.355,0.343635,0.656365,71823.16
1775779487967,2026-04-10T00:04:47.967,btc-updown-15m-1775779200,1775780100,Up,38695399231721476877096504968920656384238820420284922561977249082682533098050,15850116068011637107032304871618163721955898959397512124188038254834447183522,0.64,0.65,681.83,90.08,0.01,0.35,0.36,90.08,681.83,0.01,0.645,0.355,0.116698,0.883302,71823.16
1775779488968,2026-04-10T00:04:48.968,btc-updown-15m-1775779200,1775780100,Up,38695399231721476877096504968920656384238820420284922561977249082682533098050,15850116068011637107032304871618163721955898959397512124188038254834447183522,0.64,0.65,317.61,396.58,0.01,0.35,0.36,396.58,317.61,0.01,0.645,0.355,0.555286,0.444714,71825.4
1775779489969,2026-04-10T00:04:49.969,btc-updown-15m-1775779200,1775780100,Up,38695399231721476877096504968920656384238820420284922561977249082682533098050,15850116068011637107032304871618163721955898959397512124188038254834447183522,0.64,0.65,317.61,396.58,0.01,0.35,0.36,396.58,317.61,0.01,0.645,0.355,0.555286,0.444714,71825.4
1775779490970,2026-04-10T00:04:50.970,btc-updown-15m-1775779200,1775780100,Up,38695399231721476877096504968920656384238820420284922561977249082682533098050,15850116068011637107032304871618163721955898959397512124188038254834447183522,0.64,0.65,317.61,396.58,0.01,0.35,0.36,396.58,317.61,0.01,0.645,0.355,0.555286,0.444714,71825.4
1775779491970,2026-04-10T00:04:51.970,btc-updown-15m-1775779200,1775780100,Up,38695399231721476877096504968920656384238820420284922561977249082682533098050,15850116068011637107032304871618163721955898959397512124188038254834447183522,0.63,0.65,525.02,87.0,0.02,0.35,0.37,87.0,525.02,0.02,0.64,0.36,0.142152,0.857848,71825.4
1775779492971,2026-04-10T00:04:52.971,btc-updown-15m-1775779200,1775780100,Up,38695399231721476877096504968920656384238820420284922561977249082682533098050,15850116068011637107032304871618163721955898959397512124188038254834447183522,0.63,0.64,96.67,75.29,0.01,0.36,0.37,75.29,96.67,0.01,0.635,0.365,0.437834,0.562166,71825.4
1775779493972,2026-04-10T00:04:53.972,btc-updown-15m-1775779200,1775780100,Up,38695399231721476877096504968920656384238820420284922561977249082682533098050,15850116068011637107032304871618163721955898959397512124188038254834447183522,0.63,0.64,79.64,66.0,0.01,0.36,0.37,66.0,79.64,0.01,0.635,0.365,0.453172,0.546828,71825.4
1775779494973,2026-04-10T00:04:54.973,btc-updown-15m-1775779200,1775780100,Up,38695399231721476877096504968920656384238820420284922561977249082682533098050,15850116068011637107032304871618163721955898959397512124188038254834447183522,0.63,0.64,79.64,19.0,0.01,0.36,0.37,19.0,79.64,0.01,0.635,0.365,0.19262,0.80738,71818.19
1775779495973,2026-04-10T00:04:55.973,btc-updown-15m-1775779200,1775780100,Up,38695399231721476877096504968920656384238820420284922561977249082682533098050,15850116068011637107032304871618163721955898959397512124188038254834447183522,0.59,0.6,324.36,103.34,0.01,0.4,0.41,103.34,324.36,0.01,0.595,0.405,0.241618,0.758382,71818.19
1775779496974,2026-04-10T00:04:56.974,btc-updown-15m-1775779200,1775780100,Up,38695399231721476877096504968920656384238820420284922561977249082682533098050,15850116068011637107032304871618163721955898959397512124188038254834447183522,0.59,0.6,324.36,111.9,0.01,0.4,0.41,111.9,324.36,0.01,0.595,0.405,0.256498,0.743502,71818.19
1775779497975,2026-04-10T00:04:57.975,btc-updown-15m-1775779200,1775780100,Up,38695399231721476877096504968920656384238820420284922561977249082682533098050,15850116068011637107032304871618163721955898959397512124188038254834447183522,0.59,0.6,324.36,111.9,0.01,0.4,0.41,111.9,324.36,0.01,0.595,0.405,0.256498,0.743502,71814.68
1775779498976,2026-04-10T00:04:58.976,btc-updown-15m-1775779200,1775780100,Up,38695399231721476877096504968920656384238820420284922561977249082682533098050,15850116068011637107032304871618163721955898959397512124188038254834447183522,0.58,0.6,423.86,75.9,0.02,0.4,0.42,75.9,423.86,0.02,0.59,0.41,0.151873,0.848127,71814.68
1775779499977,2026-04-10T00:04:59.977,btc-updown-15m-1775779200,1775780100,Up,38695399231721476877096504968920656384238820420284922561977249082682533098050,15850116068011637107032304871618163721955898959397512124188038254834447183522,0.58,0.6,423.86,75.9,0.02,0.4,0.42,75.9,423.86,0.02,0.59,0.41,0.151873,0.848127,71814.68
1775779500977,2026-04-10T00:05:00.977,btc-updown-15m-1775779200,1775780100,Up,38695399231721476877096504968920656384238820420284922561977249082682533098050,15850116068011637107032304871618163721955898959397512124188038254834447183522,0.58,0.6,423.86,75.9,0.02,0.4,0.42,75.9,423.86,0.02,0.59,0.41,0.151873,0.848127,71811.44
1775779501978,2026-04-10T00:05:01.978,btc-updown-15m-1775779200,1775780100,Up,38695399231721476877096504968920656384238820420284922561977249082682533098050,15850116068011637107032304871618163721955898959397512124188038254834447183522,0.58,0.59,217.19,79.5,0.01,0.41,0.42,79.5,217.19,0.01,0.585,0.415,0.267956,0.732044,71811.44
1775779502979,2026-04-10T00:05:02.979,btc-updown-15m-1775779200,1775780100,Up,38695399231721476877096504968920656384238820420284922561977249082682533098050,15850116068011637107032304871618163721955898959397512124188038254834447183522,0.58,0.59,83.0,69.0,0.01,0.41,0.42,69.0,83.0,0.01,0.585,0.415,0.453947,0.546053,71811.44
1775779503980,2026-04-10T00:05:03.980,btc-updown-15m-1775779200,1775780100,Up,38695399231721476877096504968920656384238820420284922561977249082682533098050,15850116068011637107032304871618163721955898959397512124188038254834447183522,0.58,0.59,83.28,90.5,0.01,0.41,0.42,90.5,83.28,0.01,0.585,0.415,0.520773,0.479227,71811.44
1775779504980,2026-04-10T00:05:04.980,btc-updown-15m-1775779200,1775780100,Up,38695399231721476877096504968920656384238820420284922561977249082682533098050,15850116068011637107032304871618163721955898959397512124188038254834447183522,0.58,0.59,83.28,90.5,0.01,0.41,0.42,90.5,83.28,0.01,0.585,0.415,0.520773,0.479227,71811.44
1775779505981,2026-04-10T00:05:05.981,btc-updown-15m-1775779200,1775780100,Up,38695399231721476877096504968920656384238820420284922561977249082682533098050,15850116068011637107032304871618163721955898959397512124188038254834447183522,0.61,0.62,32.37,207.0,0.01,0.38,0.39,207.0,27.37,0.01,0.615,0.385,0.86477,0.116781,71811.44
1775779506982,2026-04-10T00:05:06.982,btc-updown-15m-1775779200,1775780100,Up,38695399231721476877096504968920656384238820420284922561977249082682533098050,15850116068011637107032304871618163721955898959397512124188038254834447183522,0.62,0.63,82.46,189.0,0.01,0.37,0.38,189.0,82.46,0.01,0.625,0.375,0.696235,0.303765,71820.16
1775779507982,2026-04-10T00:05:07.982,btc-updown-15m-1775779200,1775780100,Up,38695399231721476877096504968920656384238820420284922561977249082682533098050,15850116068011637107032304871618163721955898959397512124188038254834447183522,0.62,0.63,82.46,189.0,0.01,0.37,0.38,189.0,82.46,0.01,0.625,0.375,0.696235,0.303765,71820.16
1775779508983,2026-04-10T00:05:08.983,btc-updown-15m-1775779200,1775780100,Up,38695399231721476877096504968920656384238820420284922561977249082682533098050,15850116068011637107032304871618163721955898959397512124188038254834447183522,0.58,0.59,17.98,75.06,0.01,0.41,0.42,75.06,17.98,0.01,0.585,0.415,0.80675,0.19325,71820.16
1775779509984,2026-04-10T00:05:09.984,btc-updown-15m-1775779200,1775780100,Up,38695399231721476877096504968920656384238820420284922561977249082682533098050,15850116068011637107032304871618163721955898959397512124188038254834447183522,0.56,0.57,227.32,14.21,0.01,0.43,0.44,14.21,227.32,0.01,0.565,0.435,0.058833,0.941167,71801.81
1775779510984,2026-04-10T00:05:10.984,btc-updown-15m-1775779200,1775780100,Up,38695399231721476877096504968920656384238820420284922561977249082682533098050,15850116068011637107032304871618163721955898959397512124188038254834447183522,0.54,0.56,262.45,30.67,0.02,0.44,0.46,30.67,262.45,0.02,0.55,0.45,0.104633,0.895367,71801.81
1775779511984,2026-04-10T00:05:11.984,btc-updown-15m-1775779200,1775780100,Up,38695399231721476877096504968920656384238820420284922561977249082682533098050,15850116068011637107032304871618163721955898959397512124188038254834447183522,0.54,0.55,161.91,277.97,0.01,0.45,0.46,277.97,161.91,0.01,0.545,0.455,0.631922,0.368078,71801.81
1775779512985,2026-04-10T00:05:12.985,btc-updown-15m-1775779200,1775780100,Up,38695399231721476877096504968920656384238820420284922561977249082682533098050,15850116068011637107032304871618163721955898959397512124188038254834447183522,0.54,0.55,161.91,277.97,0.01,0.45,0.46,277.97,161.91,0.01,0.545,0.455,0.631922,0.368078,71795.49
1775779513986,2026-04-10T00:05:13.986,btc-updown-15m-1775779200,1775780100,Up,38695399231721476877096504968920656384238820420284922561977249082682533098050,15850116068011637107032304871618163721955898959397512124188038254834447183522,0.54,0.55,161.91,277.97,0.01,0.45,0.46,277.97,161.91,0.01,0.545,0.455,0.631922,0.368078,71795.49
1775779514987,2026-04-10T00:05:14.987,btc-updown-15m-1775779200,1775780100,Up,38695399231721476877096504968920656384238820420284922561977249082682533098050,15850116068011637107032304871618163721955898959397512124188038254834447183522,0.56,0.57,20.0,11.0,0.01,0.43,0.44,11.0,20.0,0.01,0.565,0.435,0.354839,0.645161,71795.49
1775779515987,2026-04-10T00:05:15.987,btc-updown-15m-1775779200,1775780100,Up,38695399231721476877096504968920656384238820420284922561977249082682533098050,15850116068011637107032304871618163721955898959397512124188038254834447183522,0.58,0.6,34.46,10.0,0.02,0.4,0.42,10.0,34.46,0.02,0.59,0.41,0.224921,0.775079,71815.99
1775779516989,2026-04-10T00:05:16.989,btc-updown-15m-1775779200,1775780100,Up,38695399231721476877096504968920656384238820420284922561977249082682533098050,15850116068011637107032304871618163721955898959397512124188038254834447183522,0.6,0.61,178.7,239.5,0.01,0.39,0.4,239.5,178.7,0.01,0.605,0.395,0.572692,0.427308,71815.99
1775779517989,2026-04-10T00:05:17.989,btc-updown-15m-1775779200,1775780100,Up,38695399231721476877096504968920656384238820420284922561977249082682533098050,15850116068011637107032304871618163721955898959397512124188038254834447183522,0.59,0.6,25.0,2.0,0.01,0.4,0.41,2.0,25.0,0.01,0.595,0.405,0.074074,0.925926,71815.99
1775779518990,2026-04-10T00:05:18.990,btc-updown-15m-1775779200,1775780100,Up,38695399231721476877096504968920656384238820420284922561977249082682533098050,15850116068011637107032304871618163721955898959397512124188038254834447183522,0.59,0.6,196.1,47.0,0.01,0.4,0.41,47.0,196.1,0.01,0.595,0.405,0.193336,0.806664,71814.72
1775779519991,2026-04-10T00:05:19.991,btc-updown-15m-1775779200,1775780100,Up,38695399231721476877096504968920656384238820420284922561977249082682533098050,15850116068011637107032304871618163721955898959397512124188038254834447183522,0.59,0.6,196.1,47.0,0.01,0.4,0.41,47.0,196.1,0.01,0.595,0.405,0.193336,0.806664,71814.72
1775779520991,2026-04-10T00:05:20.991,btc-updown-15m-1775779200,1775780100,Up,38695399231721476877096504968920656384238820420284922561977249082682533098050,15850116068011637107032304871618163721955898959397512124188038254834447183522,0.58,0.6,157.0,231.65,0.02,0.4,0.42,231.65,157.0,0.02,0.59,0.41,0.596038,0.403962,71814.72
1775779521992,2026-04-10T00:05:21.992,btc-updown-15m-1775779200,1775780100,Up,38695399231721476877096504968920656384238820420284922561977249082682533098050,15850116068011637107032304871618163721955898959397512124188038254834447183522,0.56,0.57,257.0,38.53,0.01,0.43,0.44,38.53,257.0,0.01,0.565,0.435,0.130376,0.869624,71809.87
1775779522992,2026-04-10T00:05:22.992,btc-updown-15m-1775779200,1775780100,Up,38695399231721476877096504968920656384238820420284922561977249082682533098050,15850116068011637107032304871618163721955898959397512124188038254834447183522,0.56,0.57,257.0,38.53,0.01,0.43,0.44,38.53,257.0,0.01,0.565,0.435,0.130376,0.869624,71809.87
1775779523993,2026-04-10T00:05:23.993,btc-updown-15m-1775779200,1775780100,Up,38695399231721476877096504968920656384238820420284922561977249082682533098050,15850116068011637107032304871618163721955898959397512124188038254834447183522,0.55,0.56,90.0,236.56,0.01,0.44,0.45,231.0,84.72,0.01,0.555,0.445,0.7244,0.268339,71809.87
1775779524994,2026-04-10T00:05:24.994,btc-updown-15m-1775779200,1775780100,Up,38695399231721476877096504968920656384238820420284922561977249082682533098050,15850116068011637107032304871618163721955898959397512124188038254834447183522,0.55,0.56,75.0,259.5,0.01,0.44,0.45,259.5,75.0,0.01,0.555,0.445,0.775785,0.224215,71798.83
1775779525995,2026-04-10T00:05:25.995,btc-updown-15m-1775779200,1775780100,Up,38695399231721476877096504968920656384238820420284922561977249082682533098050,15850116068011637107032304871618163721955898959397512124188038254834447183522,0.55,0.56,75.0,259.5,0.01,0.44,0.45,259.5,75.0,0.01,0.555,0.445,0.775785,0.224215,71798.83
1775779526995,2026-04-10T00:05:26.995,btc-updown-15m-1775779200,1775780100,Up,38695399231721476877096504968920656384238820420284922561977249082682533098050,15850116068011637107032304871618163721955898959397512124188038254834447183522,0.55,0.56,75.0,260.09,0.01,0.44,0.45,260.09,75.0,0.01,0.555,0.445,0.77618,0.22382,71798.83
1775779527996,2026-04-10T00:05:27.996,btc-updown-15m-1775779200,1775780100,Up,38695399231721476877096504968920656384238820420284922561977249082682533098050,15850116068011637107032304871618163721955898959397512124188038254834447183522,0.57,0.58,37.25,176.0,0.01,0.42,0.43,176.0,37.25,0.01,0.575,0.425,0.825322,0.174678,71805.27
1775779528996,2026-04-10T00:05:28.996,btc-updown-15m-1775779200,1775780100,Up,38695399231721476877096504968920656384238820420284922561977249082682533098050,15850116068011637107032304871618163721955898959397512124188038254834447183522,0.57,0.58,37.25,176.0,0.01,0.42,0.43,176.0,37.25,0.01,0.575,0.425,0.825322,0.174678,71805.27
1775779529997,2026-04-10T00:05:29.997,btc-updown-15m-1775779200,1775780100,Up,38695399231721476877096504968920656384238820420284922561977249082682533098050,15850116068011637107032304871618163721955898959397512124188038254834447183522,0.57,0.58,37.25,176.0,0.01,0.42,0.43,176.0,37.25,0.01,0.575,0.425,0.825322,0.174678,71805.27
1775779530998,2026-04-10T00:05:30.998,btc-updown-15m-1775779200,1775780100,Up,38695399231721476877096504968920656384238820420284922561977249082682533098050,15850116068011637107032304871618163721955898959397512124188038254834447183522,0.57,0.58,37.25,176.0,0.01,0.42,0.43,176.0,37.25,0.01,0.575,0.425,0.825322,0.174678,71819.45
1775779531998,2026-04-10T00:05:31.998,btc-updown-15m-1775779200,1775780100,Up,38695399231721476877096504968920656384238820420284922561977249082682533098050,15850116068011637107032304871618163721955898959397512124188038254834447183522,0.61,0.63,5.54,603.5,0.02,0.37,0.39,603.5,5.54,0.02,0.62,0.38,0.990904,0.009096,71819.45
1775779532999,2026-04-10T00:05:32.999,btc-updown-15m-1775779200,1775780100,Up,38695399231721476877096504968920656384238820420284922561977249082682533098050,15850116068011637107032304871618163721955898959397512124188038254834447183522,0.63,0.64,8.66,243.5,0.01,0.36,0.37,243.5,8.66,0.01,0.635,0.365,0.965657,0.034343,71819.45
1775779533999,2026-04-10T00:05:33.999,btc-updown-15m-1775779200,1775780100,Up,38695399231721476877096504968920656384238820420284922561977249082682533098050,15850116068011637107032304871618163721955898959397512124188038254834447183522,0.65,0.66,411.0,159.11,0.01,0.34,0.35,159.11,411.0,0.01,0.655,0.345,0.279086,0.720914,71823.33
1775779535000,2026-04-10T00:05:35.000,btc-updown-15m-1775779200,1775780100,Up,38695399231721476877096504968920656384238820420284922561977249082682533098050,15850116068011637107032304871618163721955898959397512124188038254834447183522,0.65,0.66,411.0,159.11,0.01,0.34,0.35,159.11,411.0,0.01,0.655,0.345,0.279086,0.720914,71823.33
1775779536000,2026-04-10T00:05:36.000,btc-updown-15m-1775779200,1775780100,Up,38695399231721476877096504968920656384238820420284922561977249082682533098050,15850116068011637107032304871618163721955898959397512124188038254834447183522,0.66,0.68,159.76,20.0,0.02,0.32,0.34,20.0,159.76,0.02,0.67,0.33,0.111259,0.888741,71823.33
1775779537001,2026-04-10T00:05:37.001,btc-updown-15m-1775779200,1775780100,Up,38695399231721476877096504968920656384238820420284922561977249082682533098050,15850116068011637107032304871618163721955898959397512124188038254834447183522,0.68,0.69,7.09,455.9,0.01,0.31,0.32,455.9,7.09,0.01,0.685,0.315,0.984686,0.015314,71841.7
1775779538001,2026-04-10T00:05:38.001,btc-updown-15m-1775779200,1775780100,Up,38695399231721476877096504968920656384238820420284922561977249082682533098050,15850116068011637107032304871618163721955898959397512124188038254834447183522,0.69,0.7,2.69,636.44,0.01,0.3,0.31,472.5,16.32,0.01,0.695,0.305,0.995791,0.033387,71841.7
1775779539002,2026-04-10T00:05:39.002,btc-updown-15m-1775779200,1775780100,Up,38695399231721476877096504968920656384238820420284922561977249082682533098050,15850116068011637107032304871618163721955898959397512124188038254834447183522,0.69,0.7,13.95,510.45,0.01,0.3,0.31,510.45,13.95,0.01,0.695,0.305,0.973398,0.026602,71841.7
1775779540002,2026-04-10T00:05:40.002,btc-updown-15m-1775779200,1775780100,Up,38695399231721476877096504968920656384238820420284922561977249082682533098050,15850116068011637107032304871618163721955898959397512124188038254834447183522,0.71,0.72,331.55,235.75,0.01,0.28,0.29,235.75,331.55,0.01,0.715,0.285,0.415565,0.584435,71851.45
1775779541003,2026-04-10T00:05:41.003,btc-updown-15m-1775779200,1775780100,Up,38695399231721476877096504968920656384238820420284922561977249082682533098050,15850116068011637107032304871618163721955898959397512124188038254834447183522,0.69,0.71,333.62,85.9,0.02,0.29,0.31,85.9,333.62,0.02,0.7,0.3,0.204758,0.795242,71851.45
1775779542004,2026-04-10T00:05:42.004,btc-updown-15m-1775779200,1775780100,Up,38695399231721476877096504968920656384238820420284922561977249082682533098050,15850116068011637107032304871618163721955898959397512124188038254834447183522,0.69,0.71,333.62,85.9,0.02,0.29,0.31,85.9,333.62,0.02,0.7,0.3,0.204758,0.795242,71851.45
1775779543005,2026-04-10T00:05:43.005,btc-updown-15m-1775779200,1775780100,Up,38695399231721476877096504968920656384238820420284922561977249082682533098050,15850116068011637107032304871618163721955898959397512124188038254834447183522,0.69,0.72,43.1,239.05,0.03,0.28,0.31,244.05,43.1,0.03,0.705,0.295,0.847244,0.150096,71851.45
1775779544006,2026-04-10T00:05:44.006,btc-updown-15m-1775779200,1775780100,Up,38695399231721476877096504968920656384238820420284922561977249082682533098050,15850116068011637107032304871618163721955898959397512124188038254834447183522,0.71,0.72,11.24,444.43,0.01,0.28,0.29,444.43,11.24,0.01,0.715,0.285,0.975333,0.024667,71851.45
1775779545006,2026-04-10T00:05:45.006,btc-updown-15m-1775779200,1775780100,Up,38695399231721476877096504968920656384238820420284922561977249082682533098050,15850116068011637107032304871618163721955898959397512124188038254834447183522,0.71,0.72,19.4,441.22,0.01,0.28,0.29,441.22,19.4,0.01,0.715,0.285,0.957883,0.042117,71851.45
1775779546006,2026-04-10T00:05:46.006,btc-updown-15m-1775779200,1775780100,Up,38695399231721476877096504968920656384238820420284922561977249082682533098050,15850116068011637107032304871618163721955898959397512124188038254834447183522,0.71,0.72,19.4,441.22,0.01,0.28,0.29,441.22,19.4,0.01,0.715,0.285,0.957883,0.042117,71854.13
1775779547007,2026-04-10T00:05:47.007,btc-updown-15m-1775779200,1775780100,Up,38695399231721476877096504968920656384238820420284922561977249082682533098050,15850116068011637107032304871618163721955898959397512124188038254834447183522,0.72,0.73,211.0,131.0,0.01,0.27,0.28,131.0,211.0,0.01,0.725,0.275,0.383041,0.616959,71854.13
1775779548008,2026-04-10T00:05:48.008,btc-updown-15m-1775779200,1775780100,Up,38695399231721476877096504968920656384238820420284922561977249082682533098050,15850116068011637107032304871618163721955898959397512124188038254834447183522,0.72,0.73,115.0,704.49,0.01,0.27,0.28,704.49,115.0,0.01,0.725,0.275,0.859669,0.140331,71854.13
1775779549009,2026-04-10T00:05:49.009,btc-updown-15m-1775779200,1775780100,Up,38695399231721476877096504968920656384238820420284922561977249082682533098050,15850116068011637107032304871618163721955898959397512124188038254834447183522,0.74,0.75,254.05,310.39,0.01,0.25,0.26,310.39,326.05,0.01,0.745,0.255,0.549908,0.512303,71872.51
1775779550010,2026-04-10T00:05:50.010,btc-updown-15m-1775779200,1775780100,Up,38695399231721476877096504968920656384238820420284922561977249082682533098050,15850116068011637107032304871618163721955898959397512124188038254834447183522,0.73,0.74,136.0,50.0,0.01,0.26,0.27,50.0,136.0,0.01,0.735,0.265,0.268817,0.731183,71872.51
1775779551010,2026-04-10T00:05:51.010,btc-updown-15m-1775779200,1775780100,Up,38695399231721476877096504968920656384238820420284922561977249082682533098050,15850116068011637107032304871618163721955898959397512124188038254834447183522,0.73,0.74,96.95,97.0,0.01,0.26,0.27,97.0,96.95,0.01,0.735,0.265,0.500129,0.499871,71872.51
1775779552010,2026-04-10T00:05:52.010,btc-updown-15m-1775779200,1775780100,Up,38695399231721476877096504968920656384238820420284922561977249082682533098050,15850116068011637107032304871618163721955898959397512124188038254834447183522,0.73,0.74,197.85,186.42,0.01,0.26,0.27,186.42,197.85,0.01,0.735,0.265,0.485128,0.514872,71862.04
1775779553011,2026-04-10T00:05:53.011,btc-updown-15m-1775779200,1775780100,Up,38695399231721476877096504968920656384238820420284922561977249082682533098050,15850116068011637107032304871618163721955898959397512124188038254834447183522,0.73,0.74,92.59,229.0,0.01,0.26,0.27,229.0,92.59,0.01,0.735,0.265,0.712087,0.287913,71862.04
1775779554012,2026-04-10T00:05:54.012,btc-updown-15m-1775779200,1775780100,Up,38695399231721476877096504968920656384238820420284922561977249082682533098050,15850116068011637107032304871618163721955898959397512124188038254834447183522,0.73,0.74,37.73,207.0,0.01,0.26,0.27,207.0,37.73,0.01,0.735,0.265,0.84583,0.15417,71862.04
1775779555012,2026-04-10T00:05:55.012,btc-updown-15m-1775779200,1775780100,Up,38695399231721476877096504968920656384238820420284922561977249082682533098050,15850116068011637107032304871618163721955898959397512124188038254834447183522,0.73,0.74,37.73,207.0,0.01,0.26,0.27,207.0,37.73,0.01,0.735,0.265,0.84583,0.15417,71862.05
1775779556012,2026-04-10T00:05:56.012,btc-updown-15m-1775779200,1775780100,Up,38695399231721476877096504968920656384238820420284922561977249082682533098050,15850116068011637107032304871618163721955898959397512124188038254834447183522,0.72,0.73,82.98,373.0,0.01,0.27,0.28,373.0,82.98,0.01,0.725,0.275,0.818018,0.181982,71862.05
1775779557013,2026-04-10T00:05:57.013,btc-updown-15m-1775779200,1775780100,Up,38695399231721476877096504968920656384238820420284922561977249082682533098050,15850116068011637107032304871618163721955898959397512124188038254834447183522,0.72,0.73,104.98,383.0,0.01,0.27,0.28,383.0,104.98,0.01,0.725,0.275,0.784868,0.215132,71862.05
1775779558014,2026-04-10T00:05:58.014,btc-updown-15m-1775779200,1775780100,Up,38695399231721476877096504968920656384238820420284922561977249082682533098050,15850116068011637107032304871618163721955898959397512124188038254834447183522,0.72,0.73,13.98,525.11,0.01,0.27,0.28,525.11,13.98,0.01,0.725,0.275,0.974067,0.025933,71862.05
1775779559015,2026-04-10T00:05:59.015,btc-updown-15m-1775779200,1775780100,Up,38695399231721476877096504968920656384238820420284922561977249082682533098050,15850116068011637107032304871618163721955898959397512124188038254834447183522,0.73,0.74,33.35,163.4,0.01,0.26,0.27,163.4,33.35,0.01,0.735,0.265,0.830496,0.169504,71862.05
1775779560015,2026-04-10T00:06:00.015,btc-updown-15m-1775779200,1775780100,Up,38695399231721476877096504968920656384238820420284922561977249082682533098050,15850116068011637107032304871618163721955898959397512124188038254834447183522,0.73,0.74,231.15,225.72,0.01,0.26,0.27,225.72,231.15,0.01,0.735,0.265,0.494057,0.505943,71862.05
1775779561016,2026-04-10T00:06:01.016,btc-updown-15m-1775779200,1775780100,Up,38695399231721476877096504968920656384238820420284922561977249082682533098050,15850116068011637107032304871618163721955898959397512124188038254834447183522,0.73,0.74,9.59,795.83,0.01,0.26,0.27,795.83,9.59,0.01,0.735,0.265,0.988093,0.011907,71862.05
1775779562018,2026-04-10T00:06:02.018,btc-updown-15m-1775779200,1775780100,Up,38695399231721476877096504968920656384238820420284922561977249082682533098050,15850116068011637107032304871618163721955898959397512124188038254834447183522,0.74,0.75,320.95,421.84,0.01,0.25,0.26,421.84,320.95,0.01,0.745,0.255,0.567913,0.432087,71862.05
1775779563019,2026-04-10T00:06:03.019,btc-updown-15m-1775779200,1775780100,Up,38695399231721476877096504968920656384238820420284922561977249082682533098050,15850116068011637107032304871618163721955898959397512124188038254834447183522,0.74,0.75,320.95,110.87,0.01,0.25,0.26,110.87,320.95,0.01,0.745,0.255,0.25675,0.74325,71862.05
1775779564020,2026-04-10T00:06:04.020,btc-updown-15m-1775779200,1775780100,Up,38695399231721476877096504968920656384238820420284922561977249082682533098050,15850116068011637107032304871618163721955898959397512124188038254834447183522,0.74,0.75,320.95,425.69,0.01,0.25,0.26,425.69,320.95,0.01,0.745,0.255,0.570141,0.429859,71872.51
1775779565020,2026-04-10T00:06:05.020,btc-updown-15m-1775779200,1775780100,Up,38695399231721476877096504968920656384238820420284922561977249082682533098050,15850116068011637107032304871618163721955898959397512124188038254834447183522,0.74,0.75,233.78,712.08,0.01,0.25,0.26,712.08,233.78,0.01,0.745,0.255,0.752839,0.247161,71872.51
1775779566021,2026-04-10T00:06:06.021,btc-updown-15m-1775779200,1775780100,Up,38695399231721476877096504968920656384238820420284922561977249082682533098050,15850116068011637107032304871618163721955898959397512124188038254834447183522,0.75,0.76,9.07,360.49,0.01,0.24,0.25,360.49,9.07,0.01,0.755,0.245,0.975457,0.024543,71872.51
1775779567021,2026-04-10T00:06:07.021,btc-updown-15m-1775779200,1775780100,Up,38695399231721476877096504968920656384238820420284922561977249082682533098050,15850116068011637107032304871618163721955898959397512124188038254834447183522,0.75,0.76,20.39,532.99,0.01,0.24,0.25,532.99,20.39,0.01,0.755,0.245,0.963154,0.036846,71872.51
1775779568021,2026-04-10T00:06:08.021,btc-updown-15m-1775779200,1775780100,Up,38695399231721476877096504968920656384238820420284922561977249082682533098050,15850116068011637107032304871618163721955898959397512124188038254834447183522,0.75,0.76,8.39,597.99,0.01,0.24,0.25,597.99,8.39,0.01,0.755,0.245,0.986164,0.013836,71872.51
1775779569022,2026-04-10T00:06:09.022,btc-updown-15m-1775779200,1775780100,Up,38695399231721476877096504968920656384238820420284922561977249082682533098050,15850116068011637107032304871618163721955898959397512124188038254834447183522,0.75,0.76,8.39,597.99,0.01,0.24,0.25,597.99,8.39,0.01,0.755,0.245,0.986164,0.013836,71872.51
1775779570023,2026-04-10T00:06:10.023,btc-updown-15m-1775779200,1775780100,Up,38695399231721476877096504968920656384238820420284922561977249082682533098050,15850116068011637107032304871618163721955898959397512124188038254834447183522,0.75,0.76,8.39,622.99,0.01,0.24,0.25,622.99,8.39,0.01,0.755,0.245,0.986712,0.013288,71872.51
1775779571024,2026-04-10T00:06:11.024,btc-updown-15m-1775779200,1775780100,Up,38695399231721476877096504968920656384238820420284922561977249082682533098050,15850116068011637107032304871618163721955898959397512124188038254834447183522,0.75,0.76,436.71,10.0,0.01,0.24,0.25,4.0,436.71,0.01,0.755,0.245,0.022386,0.990924,71872.51
1775779572025,2026-04-10T00:06:12.025,btc-updown-15m-1775779200,1775780100,Up,38695399231721476877096504968920656384238820420284922561977249082682533098050,15850116068011637107032304871618163721955898959397512124188038254834447183522,0.71,0.72,287.29,68.27,0.01,0.28,0.29,68.27,287.29,0.01,0.715,0.285,0.192007,0.807993,71872.51
1775779573026,2026-04-10T00:06:13.026,btc-updown-15m-1775779200,1775780100,Up,38695399231721476877096504968920656384238820420284922561977249082682533098050,15850116068011637107032304871618163721955898959397512124188038254834447183522,0.68,0.69,233.05,53.18,0.01,0.31,0.32,53.18,233.05,0.01,0.685,0.315,0.185795,0.814205,71844.17
1775779574026,2026-04-10T00:06:14.026,btc-updown-15m-1775779200,1775780100,Up,38695399231721476877096504968920656384238820420284922561977249082682533098050,15850116068011637107032304871618163721955898959397512124188038254834447183522,0.68,0.69,294.51,3.18,0.01,0.31,0.32,3.18,294.51,0.01,0.685,0.315,0.010682,0.989318,71844.17
1775779575027,2026-04-10T00:06:15.027,btc-updown-15m-1775779200,1775780100,Up,38695399231721476877096504968920656384238820420284922561977249082682533098050,15850116068011637107032304871618163721955898959397512124188038254834447183522,0.68,0.69,112.51,48.12,0.01,0.31,0.32,48.12,112.51,0.01,0.685,0.315,0.29957,0.70043,71844.17
1775779576028,2026-04-10T00:06:16.028,btc-updown-15m-1775779200,1775780100,Up,38695399231721476877096504968920656384238820420284922561977249082682533098050,15850116068011637107032304871618163721955898959397512124188038254834447183522,0.68,0.69,56.75,95.11,0.01,0.31,0.32,95.11,56.75,0.01,0.685,0.315,0.626301,0.373699,71844.0
1775779577028,2026-04-10T00:06:17.028,btc-updown-15m-1775779200,1775780100,Up,38695399231721476877096504968920656384238820420284922561977249082682533098050,15850116068011637107032304871618163721955898959397512124188038254834447183522,0.68,0.69,47.69,110.11,0.01,0.31,0.32,110.11,47.69,0.01,0.685,0.315,0.697782,0.302218,71844.0
1775779578029,2026-04-10T00:06:18.029,btc-updown-15m-1775779200,1775780100,Up,38695399231721476877096504968920656384238820420284922561977249082682533098050,15850116068011637107032304871618163721955898959397512124188038254834447183522,0.69,0.7,68.03,156.16,0.01,0.3,0.31,156.16,68.03,0.01,0.695,0.305,0.696552,0.303448,71844.0
1775779579030,2026-04-10T00:06:19.030,btc-updown-15m-1775779200,1775780100,Up,38695399231721476877096504968920656384238820420284922561977249082682533098050,15850116068011637107032304871618163721955898959397512124188038254834447183522,0.68,0.7,279.2,12.0,0.02,0.3,0.32,12.0,279.2,0.02,0.69,0.31,0.041209,0.958791,71844.01
1775779580030,2026-04-10T00:06:20.030,btc-updown-15m-1775779200,1775780100,Up,38695399231721476877096504968920656384238820420284922561977249082682533098050,15850116068011637107032304871618163721955898959397512124188038254834447183522,0.68,0.7,279.2,12.0,0.02,0.3,0.32,12.0,279.2,0.02,0.69,0.31,0.041209,0.958791,71844.01
1775779581030,2026-04-10T00:06:21.030,btc-updown-15m-1775779200,1775780100,Up,38695399231721476877096504968920656384238820420284922561977249082682533098050,15850116068011637107032304871618163721955898959397512124188038254834447183522,0.7,0.73,30.27,531.0,0.03,0.27,0.3,531.0,30.27,0.03,0.715,0.285,0.946069,0.053931,71844.01
1775779582031,2026-04-10T00:06:22.031,btc-updown-15m-1775779200,1775780100,Up,38695399231721476877096504968920656384238820420284922561977249082682533098050,15850116068011637107032304871618163721955898959397512124188038254834447183522,0.7,0.73,30.27,531.0,0.03,0.27,0.3,531.0,30.27,0.03,0.715,0.285,0.946069,0.053931,71849.52
1775779583032,2026-04-10T00:06:23.032,btc-updown-15m-1775779200,1775780100,Up,38695399231721476877096504968920656384238820420284922561977249082682533098050,15850116068011637107032304871618163721955898959397512124188038254834447183522,0.72,0.73,40.74,400.0,0.01,0.27,0.28,400.0,40.74,0.01,0.725,0.275,0.907565,0.092435,71849.52
1775779584033,2026-04-10T00:06:24.033,btc-updown-15m-1775779200,1775780100,Up,38695399231721476877096504968920656384238820420284922561977249082682533098050,15850116068011637107032304871618163721955898959397512124188038254834447183522,0.72,0.73,40.74,400.0,0.01,0.27,0.28,400.0,40.74,0.01,0.725,0.275,0.907565,0.092435,71849.52
1775779585034,2026-04-10T00:06:25.034,btc-updown-15m-1775779200,1775780100,Up,38695399231721476877096504968920656384238820420284922561977249082682533098050,15850116068011637107032304871618163721955898959397512124188038254834447183522,0.72,0.73,40.74,400.0,0.01,0.27,0.28,400.0,40.74,0.01,0.725,0.275,0.907565,0.092435,71849.51
1775779586035,2026-04-10T00:06:26.035,btc-updown-15m-1775779200,1775780100,Up,38695399231721476877096504968920656384238820420284922561977249082682533098050,15850116068011637107032304871618163721955898959397512124188038254834447183522,0.72,0.73,40.74,400.0,0.01,0.27,0.28,400.0,40.74,0.01,0.725,0.275,0.907565,0.092435,71849.51
1775779587036,2026-04-10T00:06:27.036,btc-updown-15m-1775779200,1775780100,Up,38695399231721476877096504968920656384238820420284922561977249082682533098050,15850116068011637107032304871618163721955898959397512124188038254834447183522,0.75,0.76,21.8,260.0,0.01,0.24,0.25,260.0,21.8,0.01,0.755,0.245,0.92264,0.07736,71849.51
1775779588036,2026-04-10T00:06:28.036,btc-updown-15m-1775779200,1775780100,Up,38695399231721476877096504968920656384238820420284922561977249082682533098050,15850116068011637107032304871618163721955898959397512124188038254834447183522,0.76,0.77,180.81,284.44,0.01,0.23,0.24,284.44,180.81,0.01,0.765,0.235,0.61137,0.38863,71864.0
1775779589036,2026-04-10T00:06:29.036,btc-updown-15m-1775779200,1775780100,Up,38695399231721476877096504968920656384238820420284922561977249082682533098050,15850116068011637107032304871618163721955898959397512124188038254834447183522,0.76,0.77,180.81,284.44,0.01,0.23,0.24,284.44,180.81,0.01,0.765,0.235,0.61137,0.38863,71864.0
1775779590038,2026-04-10T00:06:30.038,btc-updown-15m-1775779200,1775780100,Up,38695399231721476877096504968920656384238820420284922561977249082682533098050,15850116068011637107032304871618163721955898959397512124188038254834447183522,0.76,0.77,235.23,141.44,0.01,0.23,0.24,141.44,235.23,0.01,0.765,0.235,0.375501,0.624499,71864.0
1775779591038,2026-04-10T00:06:31.038,btc-updown-15m-1775779200,1775780100,Up,38695399231721476877096504968920656384238820420284922561977249082682533098050,15850116068011637107032304871618163721955898959397512124188038254834447183522,0.76,0.77,225.23,162.44,0.01,0.23,0.24,162.44,225.23,0.01,0.765,0.235,0.419016,0.580984,71872.19
1775779592038,2026-04-10T00:06:32.038,btc-updown-15m-1775779200,1775780100,Up,38695399231721476877096504968920656384238820420284922561977249082682533098050,15850116068011637107032304871618163721955898959397512124188038254834447183522,0.76,0.77,13.5,316.62,0.01,0.23,0.24,316.62,13.5,0.01,0.765,0.235,0.959106,0.040894,71872.19
1775779593039,2026-04-10T00:06:33.039,btc-updown-15m-1775779200,1775780100,Up,38695399231721476877096504968920656384238820420284922561977249082682533098050,15850116068011637107032304871618163721955898959397512124188038254834447183522,0.76,0.77,123.41,291.95,0.01,0.23,0.24,291.95,123.41,0.01,0.765,0.235,0.702884,0.297116,71872.19
1775779594040,2026-04-10T00:06:34.040,btc-updown-15m-1775779200,1775780100,Up,38695399231721476877096504968920656384238820420284922561977249082682533098050,15850116068011637107032304871618163721955898959397512124188038254834447183522,0.76,0.77,123.41,291.95,0.01,0.23,0.24,291.95,123.41,0.01,0.765,0.235,0.702884,0.297116,71872.18
1775779595040,2026-04-10T00:06:35.040,btc-updown-15m-1775779200,1775780100,Up,38695399231721476877096504968920656384238820420284922561977249082682533098050,15850116068011637107032304871618163721955898959397512124188038254834447183522,0.75,0.76,12.05,345.5,0.01,0.24,0.25,345.5,12.05,0.01,0.755,0.245,0.966298,0.033702,71872.18
1775779596041,2026-04-10T00:06:36.041,btc-updown-15m-1775779200,1775780100,Up,38695399231721476877096504968920656384238820420284922561977249082682533098050,15850116068011637107032304871618163721955898959397512124188038254834447183522,0.75,0.76,12.05,345.5,0.01,0.24,0.25,345.5,12.05,0.01,0.755,0.245,0.966298,0.033702,71872.18
1775779597041,2026-04-10T00:06:37.041,btc-updown-15m-1775779200,1775780100,Up,38695399231721476877096504968920656384238820420284922561977249082682533098050,15850116068011637107032304871618163721955898959397512124188038254834447183522,0.74,0.75,139.0,55.5,0.01,0.25,0.26,55.5,139.0,0.01,0.745,0.255,0.285347,0.714653,71865.0
1775779598042,2026-04-10T00:06:38.042,btc-updown-15m-1775779200,1775780100,Up,38695399231721476877096504968920656384238820420284922561977249082682533098050,15850116068011637107032304871618163721955898959397512124188038254834447183522,0.74,0.75,139.0,55.5,0.01,0.25,0.26,55.5,139.0,0.01,0.745,0.255,0.285347,0.714653,71865.0
1775779599042,2026-04-10T00:06:39.042,btc-updown-15m-1775779200,1775780100,Up,38695399231721476877096504968920656384238820420284922561977249082682533098050,15850116068011637107032304871618163721955898959397512124188038254834447183522,0.79,0.8,40.0,116.47,0.01,0.2,0.21,116.47,40.0,0.01,0.795,0.205,0.74436,0.25564,71865.0
1775779600043,2026-04-10T00:06:40.043,btc-updown-15m-1775779200,1775780100,Up,38695399231721476877096504968920656384238820420284922561977249082682533098050,15850116068011637107032304871618163721955898959397512124188038254834447183522,0.78,0.79,195.37,50.0,0.01,0.21,0.22,50.0,195.37,0.01,0.785,0.215,0.203774,0.796226,71879.49
1775779601044,2026-04-10T00:06:41.044,btc-updown-15m-1775779200,1775780100,Up,38695399231721476877096504968920656384238820420284922561977249082682533098050,15850116068011637107032304871618163721955898959397512124188038254834447183522,0.78,0.79,189.21,55.0,0.01,0.21,0.22,55.0,189.21,0.01,0.785,0.215,0.225216,0.774784,71879.49
1775779602044,2026-04-10T00:06:42.044,btc-updown-15m-1775779200,1775780100,Up,38695399231721476877096504968920656384238820420284922561977249082682533098050,15850116068011637107032304871618163721955898959397512124188038254834447183522,0.75,0.76,266.89,92.46,0.01,0.24,0.25,92.46,266.89,0.01,0.755,0.245,0.257298,0.742702,71879.49
1775779603045,2026-04-10T00:06:43.045,btc-updown-15m-1775779200,1775780100,Up,38695399231721476877096504968920656384238820420284922561977249082682533098050,15850116068011637107032304871618163721955898959397512124188038254834447183522,0.73,0.74,227.04,3.0,0.01,0.26,0.27,3.0,227.04,0.01,0.735,0.265,0.013041,0.986959,71859.06
1775779604045,2026-04-10T00:06:44.045,btc-updown-15m-1775779200,1775780100,Up,38695399231721476877096504968920656384238820420284922561977249082682533098050,15850116068011637107032304871618163721955898959397512124188038254834447183522,0.73,0.74,227.04,3.0,0.01,0.26,0.27,3.0,227.04,0.01,0.735,0.265,0.013041,0.986959,71859.06
1775779605046,2026-04-10T00:06:45.046,btc-updown-15m-1775779200,1775780100,Up,38695399231721476877096504968920656384238820420284922561977249082682533098050,15850116068011637107032304871618163721955898959397512124188038254834447183522,0.74,0.75,341.7,151.0,0.01,0.25,0.26,151.0,341.7,0.01,0.745,0.255,0.306475,0.693525,71859.06
1775779606047,2026-04-10T00:06:46.047,btc-updown-15m-1775779200,1775780100,Up,38695399231721476877096504968920656384238820420284922561977249082682533098050,15850116068011637107032304871618163721955898959397512124188038254834447183522,0.74,0.75,375.7,24.14,0.01,0.25,0.26,24.14,375.7,0.01,0.745,0.255,0.060374,0.939626,71859.92
1775779607048,2026-04-10T00:06:47.048,btc-updown-15m-1775779200,1775780100,Up,38695399231721476877096504968920656384238820420284922561977249082682533098050,15850116068011637107032304871618163721955898959397512124188038254834447183522,0.74,0.75,243.7,19.14,0.01,0.25,0.26,19.14,243.7,0.01,0.745,0.255,0.07282,0.92718,71859.92
1775779608049,2026-04-10T00:06:48.049,btc-updown-15m-1775779200,1775780100,Up,38695399231721476877096504968920656384238820420284922561977249082682533098050,15850116068011637107032304871618163721955898959397512124188038254834447183522,0.74,0.75,243.7,19.14,0.01,0.25,0.26,19.14,243.7,0.01,0.745,0.255,0.07282,0.92718,71859.92
1775779609050,2026-04-10T00:06:49.050,btc-updown-15m-1775779200,1775780100,Up,38695399231721476877096504968920656384238820420284922561977249082682533098050,15850116068011637107032304871618163721955898959397512124188038254834447183522,0.74,0.75,243.7,19.14,0.01,0.25,0.26,19.14,243.7,0.01,0.745,0.255,0.07282,0.92718,71859.93
1775779610050,2026-04-10T00:06:50.050,btc-updown-15m-1775779200,1775780100,Up,38695399231721476877096504968920656384238820420284922561977249082682533098050,15850116068011637107032304871618163721955898959397512124188038254834447183522,0.74,0.75,192.7,10.67,0.01,0.25,0.26,10.67,192.7,0.01,0.745,0.255,0.052466,0.947534,71859.93
1775779611051,2026-04-10T00:06:51.051,btc-updown-15m-1775779200,1775780100,Up,38695399231721476877096504968920656384238820420284922561977249082682533098050,15850116068011637107032304871618163721955898959397512124188038254834447183522,0.74,0.75,221.9,63.75,0.01,0.25,0.26,63.75,221.9,0.01,0.745,0.255,0.223175,0.776825,71859.93
1775779612051,2026-04-10T00:06:52.051,btc-updown-15m-1775779200,1775780100,Up,38695399231721476877096504968920656384238820420284922561977249082682533098050,15850116068011637107032304871618163721955898959397512124188038254834447183522,0.74,0.75,94.2,339.45,0.01,0.25,0.26,339.45,94.2,0.01,0.745,0.255,0.782774,0.217226,71859.93
1775779613052,2026-04-10T00:06:53.052,btc-updown-15m-1775779200,1775780100,Up,38695399231721476877096504968920656384238820420284922561977249082682533098050,15850116068011637107032304871618163721955898959397512124188038254834447183522,0.74,0.75,260.4,75.56,0.01,0.25,0.26,75.56,260.4,0.01,0.745,0.255,0.224908,0.775092,71859.93
1775779614052,2026-04-10T00:06:54.052,btc-updown-15m-1775779200,1775780100,Up,38695399231721476877096504968920656384238820420284922561977249082682533098050,15850116068011637107032304871618163721955898959397512124188038254834447183522,0.73,0.75,175.2,344.47,0.02,0.25,0.27,344.47,175.2,0.02,0.74,0.26,0.662863,0.337137,71859.93
1775779615053,2026-04-10T00:06:55.053,btc-updown-15m-1775779200,1775780100,Up,38695399231721476877096504968920656384238820420284922561977249082682533098050,15850116068011637107032304871618163721955898959397512124188038254834447183522,0.73,0.75,216.36,139.96,0.02,0.25,0.27,139.96,216.36,0.02,0.74,0.26,0.392793,0.607207,71859.93
1775779616054,2026-04-10T00:06:56.054,btc-updown-15m-1775779200,1775780100,Up,38695399231721476877096504968920656384238820420284922561977249082682533098050,15850116068011637107032304871618163721955898959397512124188038254834447183522,0.73,0.75,216.36,139.96,0.02,0.25,0.27,139.96,216.36,0.02,0.74,0.26,0.392793,0.607207,71859.93
1775779617055,2026-04-10T00:06:57.055,btc-updown-15m-1775779200,1775780100,Up,38695399231721476877096504968920656384238820420284922561977249082682533098050,15850116068011637107032304871618163721955898959397512124188038254834447183522,0.73,0.75,216.36,139.96,0.02,0.25,0.27,139.96,216.36,0.02,0.74,0.26,0.392793,0.607207,71859.93
1775779618055,2026-04-10T00:06:58.055,btc-updown-15m-1775779200,1775780100,Up,38695399231721476877096504968920656384238820420284922561977249082682533098050,15850116068011637107032304871618163721955898959397512124188038254834447183522,0.74,0.75,150.87,274.5,0.01,0.25,0.26,274.5,150.87,0.01,0.745,0.255,0.645321,0.354679,71859.93
1775779619055,2026-04-10T00:06:59.055,btc-updown-15m-1775779200,1775780100,Up,38695399231721476877096504968920656384238820420284922561977249082682533098050,15850116068011637107032304871618163721955898959397512124188038254834447183522,0.74,0.75,150.87,274.5,0.01,0.25,0.26,274.5,150.87,0.01,0.745,0.255,0.645321,0.354679,71859.93
1775779620057,2026-04-10T00:07:00.057,btc-updown-15m-1775779200,1775780100,Up,38695399231721476877096504968920656384238820420284922561977249082682533098050,15850116068011637107032304871618163721955898959397512124188038254834447183522,0.74,0.75,194.95,299.5,0.01,0.25,0.26,299.5,194.95,0.01,0.745,0.255,0.605724,0.394276,71859.93
1775779621057,2026-04-10T00:07:01.057,btc-updown-15m-1775779200,1775780100,Up,38695399231721476877096504968920656384238820420284922561977249082682533098050,15850116068011637107032304871618163721955898959397512124188038254834447183522,0.74,0.76,191.79,110.0,0.02,0.24,0.26,110.0,191.79,0.02,0.75,0.25,0.364492,0.635508,71840.8
1775779622058,2026-04-10T00:07:02.058,btc-updown-15m-1775779200,1775780100,Up,38695399231721476877096504968920656384238820420284922561977249082682533098050,15850116068011637107032304871618163721955898959397512124188038254834447183522,0.68,0.7,50.0,10.28,0.02,0.3,0.32,10.28,50.0,0.02,0.69,0.31,0.170537,0.829463,71840.8
1775779623058,2026-04-10T00:07:03.058,btc-updown-15m-1775779200,1775780100,Up,38695399231721476877096504968920656384238820420284922561977249082682533098050,15850116068011637107032304871618163721955898959397512124188038254834447183522,0.61,0.65,153.08,165.2,0.04,0.35,0.39,165.2,153.08,0.04,0.63,0.37,0.51904,0.48096,71840.8
1775779624059,2026-04-10T00:07:04.059,btc-updown-15m-1775779200,1775780100,Up,38695399231721476877096504968920656384238820420284922561977249082682533098050,15850116068011637107032304871618163721955898959397512124188038254834447183522,0.58,0.59,10.71,159.17,0.01,0.41,0.42,159.17,10.71,0.01,0.585,0.415,0.936955,0.063045,71809.56
1775779625060,2026-04-10T00:07:05.060,btc-updown-15m-1775779200,1775780100,Up,38695399231721476877096504968920656384238820420284922561977249082682533098050,15850116068011637107032304871618163721955898959397512124188038254834447183522,0.58,0.59,349.67,43.06,0.01,0.41,0.42,43.06,349.67,0.01,0.585,0.415,0.109643,0.890357,71809.56
1775779626061,2026-04-10T00:07:06.061,btc-updown-15m-1775779200,1775780100,Up,38695399231721476877096504968920656384238820420284922561977249082682533098050,15850116068011637107032304871618163721955898959397512124188038254834447183522,0.58,0.59,273.15,27.88,0.01,0.41,0.42,27.88,273.15,0.01,0.585,0.415,0.092615,0.907385,71809.56
1775779627061,2026-04-10T00:07:07.061,btc-updown-15m-1775779200,1775780100,Up,38695399231721476877096504968920656384238820420284922561977249082682533098050,15850116068011637107032304871618163721955898959397512124188038254834447183522,0.58,0.59,226.34,59.67,0.01,0.41,0.42,59.67,226.34,0.01,0.585,0.415,0.208629,0.791371,71809.56
1775779628063,2026-04-10T00:07:08.063,btc-updown-15m-1775779200,1775780100,Up,38695399231721476877096504968920656384238820420284922561977249082682533098050,15850116068011637107032304871618163721955898959397512124188038254834447183522,0.58,0.59,320.17,52.16,0.01,0.41,0.42,52.16,320.17,0.01,0.585,0.415,0.140091,0.859909,71809.56
1775779629064,2026-04-10T00:07:09.064,btc-updown-15m-1775779200,1775780100,Up,38695399231721476877096504968920656384238820420284922561977249082682533098050,15850116068011637107032304871618163721955898959397512124188038254834447183522,0.58,0.59,320.17,52.16,0.01,0.41,0.42,52.16,320.17,0.01,0.585,0.415,0.140091,0.859909,71809.56
1775779630064,2026-04-10T00:07:10.064,btc-updown-15m-1775779200,1775780100,Up,38695399231721476877096504968920656384238820420284922561977249082682533098050,15850116068011637107032304871618163721955898959397512124188038254834447183522,0.46,0.54,381.06,72.0,0.08,0.46,0.54,72.0,381.06,0.08,0.5,0.5,0.158919,0.841081,71780.0
1775779631064,2026-04-10T00:07:11.064,btc-updown-15m-1775779200,1775780100,Up,38695399231721476877096504968920656384238820420284922561977249082682533098050,15850116068011637107032304871618163721955898959397512124188038254834447183522,0.47,0.48,208.36,6.0,0.01,0.52,0.53,6.0,208.36,0.01,0.475,0.525,0.02799,0.97201,71780.0
1775779632065,2026-04-10T00:07:12.065,btc-updown-15m-1775779200,1775780100,Up,38695399231721476877096504968920656384238820420284922561977249082682533098050,15850116068011637107032304871618163721955898959397512124188038254834447183522,0.47,0.48,175.38,46.52,0.01,0.52,0.53,46.52,175.38,0.01,0.475,0.525,0.209644,0.790356,71780.0
1775779633066,2026-04-10T00:07:13.066,btc-updown-15m-1775779200,1775780100,Up,38695399231721476877096504968920656384238820420284922561977249082682533098050,15850116068011637107032304871618163721955898959397512124188038254834447183522,0.47,0.48,237.32,21.96,0.01,0.52,0.53,21.96,237.32,0.01,0.475,0.525,0.084696,0.915304,71773.2
1775779634066,2026-04-10T00:07:14.066,btc-updown-15m-1775779200,1775780100,Up,38695399231721476877096504968920656384238820420284922561977249082682533098050,15850116068011637107032304871618163721955898959397512124188038254834447183522,0.47,0.48,14.12,114.69,0.01,0.52,0.53,114.69,14.12,0.01,0.475,0.525,0.890381,0.109619,71773.2
1775779635067,2026-04-10T00:07:15.067,btc-updown-15m-1775779200,1775780100,Up,38695399231721476877096504968920656384238820420284922561977249082682533098050,15850116068011637107032304871618163721955898959397512124188038254834447183522,0.52,0.54,56.86,80.69,0.02,0.46,0.48,80.69,56.86,0.02,0.53,0.47,0.586623,0.413377,71773.2
1775779636068,2026-04-10T00:07:16.068,btc-updown-15m-1775779200,1775780100,Up,38695399231721476877096504968920656384238820420284922561977249082682533098050,15850116068011637107032304871618163721955898959397512124188038254834447183522,0.5,0.51,15.0,207.79,0.01,0.49,0.5,207.79,15.0,0.01,0.505,0.495,0.932672,0.067328,71801.39
1775779637069,2026-04-10T00:07:17.069,btc-updown-15m-1775779200,1775780100,Up,38695399231721476877096504968920656384238820420284922561977249082682533098050,15850116068011637107032304871618163721955898959397512124188038254834447183522,0.5,0.51,22.26,201.78,0.01,0.49,0.5,201.78,22.26,0.01,0.505,0.495,0.900643,0.099357,71801.39
1775779638070,2026-04-10T00:07:18.070,btc-updown-15m-1775779200,1775780100,Up,38695399231721476877096504968920656384238820420284922561977249082682533098050,15850116068011637107032304871618163721955898959397512124188038254834447183522,0.49,0.5,1.01,86.0,0.01,0.5,0.51,86.0,1.01,0.01,0.495,0.505,0.988392,0.011608,71801.39
1775779639070,2026-04-10T00:07:19.070,btc-updown-15m-1775779200,1775780100,Up,38695399231721476877096504968920656384238820420284922561977249082682533098050,15850116068011637107032304871618163721955898959397512124188038254834447183522,0.48,0.49,56.79,43.49,0.01,0.51,0.52,38.49,63.79,0.01,0.485,0.515,0.433686,0.62368,71786.23
1775779640071,2026-04-10T00:07:20.071,btc-updown-15m-1775779200,1775780100,Up,38695399231721476877096504968920656384238820420284922561977249082682533098050,15850116068011637107032304871618163721955898959397512124188038254834447183522,0.48,0.5,263.29,17.0,0.02,0.5,0.52,17.0,263.29,0.02,0.49,0.51,0.060651,0.939349,71786.23
1775779641071,2026-04-10T00:07:21.071,btc-updown-15m-1775779200,1775780100,Up,38695399231721476877096504968920656384238820420284922561977249082682533098050,15850116068011637107032304871618163721955898959397512124188038254834447183522,0.46,0.47,50.0,118.07,0.01,0.53,0.54,118.07,50.0,0.01,0.465,0.535,0.702505,0.297495,71786.23
1775779642072,2026-04-10T00:07:22.072,btc-updown-15m-1775779200,1775780100,Up,38695399231721476877096504968920656384238820420284922561977249082682533098050,15850116068011637107032304871618163721955898959397512124188038254834447183522,0.45,0.47,25.05,345.5,0.02,0.53,0.55,345.5,25.05,0.02,0.46,0.54,0.932398,0.067602,71782.35
1775779643072,2026-04-10T00:07:23.072,btc-updown-15m-1775779200,1775780100,Up,38695399231721476877096504968920656384238820420284922561977249082682533098050,15850116068011637107032304871618163721955898959397512124188038254834447183522,0.47,0.49,136.91,263.9,0.02,0.51,0.53,263.9,136.91,0.02,0.48,0.52,0.658417,0.341583,71782.35
1775779644073,2026-04-10T00:07:24.073,btc-updown-15m-1775779200,1775780100,Up,38695399231721476877096504968920656384238820420284922561977249082682533098050,15850116068011637107032304871618163721955898959397512124188038254834447183522,0.45,0.46,463.5,203.17,0.01,0.54,0.55,203.17,463.5,0.01,0.455,0.545,0.304753,0.695247,71782.35
1775779645074,2026-04-10T00:07:25.074,btc-updown-15m-1775779200,1775780100,Up,38695399231721476877096504968920656384238820420284922561977249082682533098050,15850116068011637107032304871618163721955898959397512124188038254834447183522,0.45,0.46,353.5,183.17,0.01,0.54,0.55,183.17,353.5,0.01,0.455,0.545,0.341308,0.658692,71785.5
1775779646075,2026-04-10T00:07:26.075,btc-updown-15m-1775779200,1775780100,Up,38695399231721476877096504968920656384238820420284922561977249082682533098050,15850116068011637107032304871618163721955898959397512124188038254834447183522,0.45,0.46,353.5,183.17,0.01,0.54,0.55,183.17,353.5,0.01,0.455,0.545,0.341308,0.658692,71785.5
1775779647075,2026-04-10T00:07:27.075,btc-updown-15m-1775779200,1775780100,Up,38695399231721476877096504968920656384238820420284922561977249082682533098050,15850116068011637107032304871618163721955898959397512124188038254834447183522,0.45,0.46,319.4,238.17,0.01,0.54,0.55,238.17,319.4,0.01,0.455,0.545,0.427157,0.572843,71785.5
1775779648076,2026-04-10T00:07:28.076,btc-updown-15m-1775779200,1775780100,Up,38695399231721476877096504968920656384238820420284922561977249082682533098050,15850116068011637107032304871618163721955898959397512124188038254834447183522,0.45,0.46,280.02,228.17,0.01,0.54,0.55,228.17,280.02,0.01,0.455,0.545,0.448986,0.551014,71798.34
1775779649077,2026-04-10T00:07:29.077,btc-updown-15m-1775779200,1775780100,Up,38695399231721476877096504968920656384238820420284922561977249082682533098050,15850116068011637107032304871618163721955898959397512124188038254834447183522,0.51,0.52,7.0,429.99,0.01,0.48,0.49,429.99,7.0,0.01,0.515,0.485,0.983981,0.016019,71798.34
1775779650078,2026-04-10T00:07:30.078,btc-updown-15m-1775779200,1775780100,Up,38695399231721476877096504968920656384238820420284922561977249082682533098050,15850116068011637107032304871618163721955898959397512124188038254834447183522,0.52,0.53,356.31,439.38,0.01,0.47,0.48,439.38,356.31,0.01,0.525,0.475,0.5522,0.4478,71798.34
1775779651078,2026-04-10T00:07:31.078,btc-updown-15m-1775779200,1775780100,Up,38695399231721476877096504968920656384238820420284922561977249082682533098050,15850116068011637107032304871618163721955898959397512124188038254834447183522,0.56,0.57,6.0,235.29,0.01,0.43,0.44,235.29,6.0,0.01,0.565,0.435,0.975134,0.024866,71815.02
1775779652078,2026-04-10T00:07:32.078,btc-updown-15m-1775779200,1775780100,Up,38695399231721476877096504968920656384238820420284922561977249082682533098050,15850116068011637107032304871618163721955898959397512124188038254834447183522,0.57,0.58,9.06,253.52,0.01,0.42,0.43,253.52,9.06,0.01,0.575,0.425,0.965496,0.034504,71815.02
1775779653080,2026-04-10T00:07:33.080,btc-updown-15m-1775779200,1775780100,Up,38695399231721476877096504968920656384238820420284922561977249082682533098050,15850116068011637107032304871618163721955898959397512124188038254834447183522,0.57,0.58,164.06,160.0,0.01,0.42,0.43,160.0,164.06,0.01,0.575,0.425,0.493736,0.506264,71815.02
1775779654080,2026-04-10T00:07:34.080,btc-updown-15m-1775779200,1775780100,Up,38695399231721476877096504968920656384238820420284922561977249082682533098050,15850116068011637107032304871618163721955898959397512124188038254834447183522,0.57,0.59,53.34,205.27,0.02,0.41,0.43,205.27,53.34,0.02,0.58,0.42,0.793743,0.206257,71816.04
1775779655081,2026-04-10T00:07:35.081,btc-updown-15m-1775779200,1775780100,Up,38695399231721476877096504968920656384238820420284922561977249082682533098050,15850116068011637107032304871618163721955898959397512124188038254834447183522,0.59,0.61,52.95,124.5,0.02,0.39,0.41,124.5,52.95,0.02,0.6,0.4,0.701606,0.298394,71816.04
1775779656082,2026-04-10T00:07:36.082,btc-updown-15m-1775779200,1775780100,Up,38695399231721476877096504968920656384238820420284922561977249082682533098050,15850116068011637107032304871618163721955898959397512124188038254834447183522,0.61,0.63,454.98,140.0,0.02,0.37,0.39,140.0,454.98,0.02,0.62,0.38,0.235302,0.764698,71816.04
1775779657083,2026-04-10T00:07:37.083,btc-updown-15m-1775779200,1775780100,Up,38695399231721476877096504968920656384238820420284922561977249082682533098050,15850116068011637107032304871618163721955898959397512124188038254834447183522,0.57,0.58,22.32,16.0,0.01,0.42,0.43,16.0,22.32,0.01,0.575,0.425,0.417537,0.582463,71811.01
1775779658083,2026-04-10T00:07:38.083,btc-updown-15m-1775779200,1775780100,Up,38695399231721476877096504968920656384238820420284922561977249082682533098050,15850116068011637107032304871618163721955898959397512124188038254834447183522,0.57,0.58,286.97,73.0,0.01,0.42,0.43,73.0,286.97,0.01,0.575,0.425,0.202795,0.797205,71811.01
1775779659084,2026-04-10T00:07:39.084,btc-updown-15m-1775779200,1775780100,Up,38695399231721476877096504968920656384238820420284922561977249082682533098050,15850116068011637107032304871618163721955898959397512124188038254834447183522,0.57,0.58,394.97,73.0,0.01,0.42,0.43,73.0,394.97,0.01,0.575,0.425,0.155993,0.844007,71811.01
1775779660084,2026-04-10T00:07:40.084,btc-updown-15m-1775779200,1775780100,Up,38695399231721476877096504968920656384238820420284922561977249082682533098050,15850116068011637107032304871618163721955898959397512124188038254834447183522,0.57,0.58,415.97,73.0,0.01,0.42,0.43,73.0,415.97,0.01,0.575,0.425,0.149293,0.850707,71811.01
1775779661085,2026-04-10T00:07:41.085,btc-updown-15m-1775779200,1775780100,Up,38695399231721476877096504968920656384238820420284922561977249082682533098050,15850116068011637107032304871618163721955898959397512124188038254834447183522,0.57,0.58,415.97,73.0,0.01,0.42,0.43,73.0,415.97,0.01,0.575,0.425,0.149293,0.850707,71811.01
1775779662086,2026-04-10T00:07:42.086,btc-updown-15m-1775779200,1775780100,Up,38695399231721476877096504968920656384238820420284922561977249082682533098050,15850116068011637107032304871618163721955898959397512124188038254834447183522,0.56,0.58,545.97,11.0,0.02,0.42,0.44,11.0,545.97,0.02,0.57,0.43,0.01975,0.98025,71811.01
1775779663087,2026-04-10T00:07:43.087,btc-updown-15m-1775779200,1775780100,Up,38695399231721476877096504968920656384238820420284922561977249082682533098050,15850116068011637107032304871618163721955898959397512124188038254834447183522,0.56,0.57,443.5,1.0,0.01,0.43,0.44,1.0,443.5,0.01,0.565,0.435,0.00225,0.99775,71810.01
1775779664088,2026-04-10T00:07:44.088,btc-updown-15m-1775779200,1775780100,Up,38695399231721476877096504968920656384238820420284922561977249082682533098050,15850116068011637107032304871618163721955898959397512124188038254834447183522,0.55,0.56,412.5,23.08,0.01,0.44,0.45,23.08,412.5,0.01,0.555,0.445,0.052987,0.947013,71810.01
1775779665091,2026-04-10T00:07:45.091,btc-updown-15m-1775779200,1775780100,Up,38695399231721476877096504968920656384238820420284922561977249082682533098050,15850116068011637107032304871618163721955898959397512124188038254834447183522,0.54,0.55,153.09,50.0,0.01,0.45,0.46,50.0,153.09,0.01,0.545,0.455,0.246196,0.753804,71810.01
1775779666091,2026-04-10T00:07:46.091,btc-updown-15m-1775779200,1775780100,Up,38695399231721476877096504968920656384238820420284922561977249082682533098050,15850116068011637107032304871618163721955898959397512124188038254834447183522,0.54,0.55,153.09,50.0,0.01,0.45,0.46,50.0,153.09,0.01,0.545,0.455,0.246196,0.753804,71810.01
1775779667092,2026-04-10T00:07:47.092,btc-updown-15m-1775779200,1775780100,Up,38695399231721476877096504968920656384238820420284922561977249082682533098050,15850116068011637107032304871618163721955898959397512124188038254834447183522,0.54,0.55,153.09,50.0,0.01,0.45,0.46,50.0,153.09,0.01,0.545,0.455,0.246196,0.753804,71810.01
1775779668092,2026-04-10T00:07:48.092,btc-updown-15m-1775779200,1775780100,Up,38695399231721476877096504968920656384238820420284922561977249082682533098050,15850116068011637107032304871618163721955898959397512124188038254834447183522,0.54,0.55,64.63,80.0,0.01,0.45,0.46,80.0,64.63,0.01,0.545,0.455,0.553136,0.446864,71810.01
1775779669093,2026-04-10T00:07:49.093,btc-updown-15m-1775779200,1775780100,Up,38695399231721476877096504968920656384238820420284922561977249082682533098050,15850116068011637107032304871618163721955898959397512124188038254834447183522,0.54,0.55,64.63,80.0,0.01,0.45,0.46,80.0,64.63,0.01,0.545,0.455,0.553136,0.446864,71782.35
1775779670093,2026-04-10T00:07:50.093,btc-updown-15m-1775779200,1775780100,Up,38695399231721476877096504968920656384238820420284922561977249082682533098050,15850116068011637107032304871618163721955898959397512124188038254834447183522,0.49,0.52,43.14,35.0,0.03,0.48,0.51,35.0,43.14,0.03,0.505,0.495,0.447914,0.552086,71782.35
1775779671094,2026-04-10T00:07:51.094,btc-updown-15m-1775779200,1775780100,Up,38695399231721476877096504968920656384238820420284922561977249082682533098050,15850116068011637107032304871618163721955898959397512124188038254834447183522,0.49,0.5,26.5,189.72,0.01,0.5,0.51,189.72,26.5,0.01,0.495,0.505,0.87744,0.12256,71782.35
1775779672096,2026-04-10T00:07:52.096,btc-updown-15m-1775779200,1775780100,Up,38695399231721476877096504968920656384238820420284922561977249082682533098050,15850116068011637107032304871618163721955898959397512124188038254834447183522,0.52,0.53,31.39,261.17,0.01,0.47,0.48,261.17,31.39,0.01,0.525,0.475,0.892706,0.107294,71798.66
1775779673097,2026-04-10T00:07:53.097,btc-updown-15m-1775779200,1775780100,Up,38695399231721476877096504968920656384238820420284922561977249082682533098050,15850116068011637107032304871618163721955898959397512124188038254834447183522,0.52,0.53,26.1,262.46,0.01,0.47,0.48,262.46,26.1,0.01,0.525,0.475,0.909551,0.090449,71798.66
1775779674098,2026-04-10T00:07:54.098,btc-updown-15m-1775779200,1775780100,Up,38695399231721476877096504968920656384238820420284922561977249082682533098050,15850116068011637107032304871618163721955898959397512124188038254834447183522,0.53,0.54,5.0,217.28,0.01,0.46,0.47,217.28,5.0,0.01,0.535,0.465,0.977506,0.022494,71798.66
1775779675099,2026-04-10T00:07:55.099,btc-updown-15m-1775779200,1775780100,Up,38695399231721476877096504968920656384238820420284922561977249082682533098050,15850116068011637107032304871618163721955898959397512124188038254834447183522,0.54,0.55,55.0,384.82,0.01,0.45,0.46,384.82,55.0,0.01,0.545,0.455,0.874949,0.125051,71804.06
1775779676100,2026-04-10T00:07:56.100,btc-updown-15m-1775779200,1775780100,Up,38695399231721476877096504968920656384238820420284922561977249082682533098050,15850116068011637107032304871618163721955898959397512124188038254834447183522,0.55,0.56,96.0,20.0,0.01,0.44,0.45,20.0,96.0,0.01,0.555,0.445,0.172414,0.827586,71804.06
1775779677100,2026-04-10T00:07:57.100,btc-updown-15m-1775779200,1775780100,Up,38695399231721476877096504968920656384238820420284922561977249082682533098050,15850116068011637107032304871618163721955898959397512124188038254834447183522,0.55,0.56,255.96,10.0,0.01,0.44,0.45,10.0,255.96,0.01,0.555,0.445,0.0376,0.9624,71804.06
1775779678100,2026-04-10T00:07:58.100,btc-updown-15m-1775779200,1775780100,Up,38695399231721476877096504968920656384238820420284922561977249082682533098050,15850116068011637107032304871618163721955898959397512124188038254834447183522,0.55,0.56,255.96,10.0,0.01,0.44,0.45,10.0,255.96,0.01,0.555,0.445,0.0376,0.9624,71806.97
1775779679101,2026-04-10T00:07:59.101,btc-updown-15m-1775779200,1775780100,Up,38695399231721476877096504968920656384238820420284922561977249082682533098050,15850116068011637107032304871618163721955898959397512124188038254834447183522,0.55,0.56,255.96,10.0,0.01,0.44,0.45,10.0,255.96,0.01,0.555,0.445,0.0376,0.9624,71806.97
1775779680102,2026-04-10T00:08:00.102,btc-updown-15m-1775779200,1775780100,Up,38695399231721476877096504968920656384238820420284922561977249082682533098050,15850116068011637107032304871618163721955898959397512124188038254834447183522,0.61,0.62,156.04,92.38,0.01,0.38,0.39,92.38,156.04,0.01,0.615,0.385,0.37187,0.62813,71806.97
1775779681103,2026-04-10T00:08:01.103,btc-updown-15m-1775779200,1775780100,Up,38695399231721476877096504968920656384238820420284922561977249082682533098050,15850116068011637107032304871618163721955898959397512124188038254834447183522,0.61,0.62,154.04,52.38,0.01,0.38,0.39,52.38,154.04,0.01,0.615,0.385,0.253754,0.746246,71821.34
1775779682104,2026-04-10T00:08:02.104,btc-updown-15m-1775779200,1775780100,Up,38695399231721476877096504968920656384238820420284922561977249082682533098050,15850116068011637107032304871618163721955898959397512124188038254834447183522,0.61,0.62,154.04,52.38,0.01,0.38,0.39,52.38,154.04,0.01,0.615,0.385,0.253754,0.746246,71821.34
1775779683104,2026-04-10T00:08:03.104,btc-updown-15m-1775779200,1775780100,Up,38695399231721476877096504968920656384238820420284922561977249082682533098050,15850116068011637107032304871618163721955898959397512124188038254834447183522,0.61,0.62,154.04,52.38,0.01,0.38,0.39,52.38,154.04,0.01,0.615,0.385,0.253754,0.746246,71821.34
1775779684104,2026-04-10T00:08:04.104,btc-updown-15m-1775779200,1775780100,Up,38695399231721476877096504968920656384238820420284922561977249082682533098050,15850116068011637107032304871618163721955898959397512124188038254834447183522,0.58,0.61,278.5,18.51,0.03,0.39,0.42,18.51,278.5,0.03,0.595,0.405,0.062321,0.937679,71815.08
1775779685105,2026-04-10T00:08:05.105,btc-updown-15m-1775779200,1775780100,Up,38695399231721476877096504968920656384238820420284922561977249082682533098050,15850116068011637107032304871618163721955898959397512124188038254834447183522,0.57,0.58,69.74,81.23,0.01,0.42,0.43,81.23,69.74,0.01,0.575,0.425,0.538054,0.461946,71815.08
1775779686106,2026-04-10T00:08:06.106,btc-updown-15m-1775779200,1775780100,Up,38695399231721476877096504968920656384238820420284922561977249082682533098050,15850116068011637107032304871618163721955898959397512124188038254834447183522,0.55,0.56,112.0,104.14,0.01,0.44,0.45,104.14,112.0,0.01,0.555,0.445,0.481817,0.518183,71815.08
1775779687107,2026-04-10T00:08:07.107,btc-updown-15m-1775779200,1775780100,Up,38695399231721476877096504968920656384238820420284922561977249082682533098050,15850116068011637107032304871618163721955898959397512124188038254834447183522,0.55,0.56,112.0,104.14,0.01,0.44,0.45,104.14,112.0,0.01,0.555,0.445,0.481817,0.518183,71812.33
1775779688108,2026-04-10T00:08:08.108,btc-updown-15m-1775779200,1775780100,Up,38695399231721476877096504968920656384238820420284922561977249082682533098050,15850116068011637107032304871618163721955898959397512124188038254834447183522,0.55,0.56,112.0,104.14,0.01,0.44,0.45,104.14,112.0,0.01,0.555,0.445,0.481817,0.518183,71812.33
1775779689110,2026-04-10T00:08:09.110,btc-updown-15m-1775779200,1775780100,Up,38695399231721476877096504968920656384238820420284922561977249082682533098050,15850116068011637107032304871618163721955898959397512124188038254834447183522,0.55,0.56,228.83,74.22,0.01,0.44,0.45,74.22,228.83,0.01,0.555,0.445,0.24491,0.75509,71812.33
1775779690111,2026-04-10T00:08:10.111,btc-updown-15m-1775779200,1775780100,Up,38695399231721476877096504968920656384238820420284922561977249082682533098050,15850116068011637107032304871618163721955898959397512124188038254834447183522,0.56,0.59,55.0,10.0,0.03,0.41,0.44,10.0,55.0,0.03,0.575,0.425,0.153846,0.846154,71812.32
1775779691112,2026-04-10T00:08:11.112,btc-updown-15m-1775779200,1775780100,Up,38695399231721476877096504968920656384238820420284922561977249082682533098050,15850116068011637107032304871618163721955898959397512124188038254834447183522,0.56,0.59,55.0,10.0,0.03,0.41,0.44,10.0,55.0,0.03,0.575,0.425,0.153846,0.846154,71812.32
1775779692112,2026-04-10T00:08:12.112,btc-updown-15m-1775779200,1775780100,Up,38695399231721476877096504968920656384238820420284922561977249082682533098050,15850116068011637107032304871618163721955898959397512124188038254834447183522,0.55,0.57,12.5,5.0,0.02,0.43,0.45,5.0,12.5,0.02,0.56,0.44,0.285714,0.714286,71812.32
1775779693113,2026-04-10T00:08:13.113,btc-updown-15m-1775779200,1775780100,Up,38695399231721476877096504968920656384238820420284922561977249082682533098050,15850116068011637107032304871618163721955898959397512124188038254834447183522,0.55,0.56,213.5,58.86,0.01,0.44,0.45,58.86,213.5,0.01,0.555,0.445,0.216111,0.783889,71807.43
1775779694114,2026-04-10T00:08:14.114,btc-updown-15m-1775779200,1775780100,Up,38695399231721476877096504968920656384238820420284922561977249082682533098050,15850116068011637107032304871618163721955898959397512124188038254834447183522,0.55,0.56,96.0,40.1,0.01,0.44,0.45,40.1,96.0,0.01,0.555,0.445,0.294636,0.705364,71807.43
1775779695115,2026-04-10T00:08:15.115,btc-updown-15m-1775779200,1775780100,Up,38695399231721476877096504968920656384238820420284922561977249082682533098050,15850116068011637107032304871618163721955898959397512124188038254834447183522,0.55,0.56,96.0,40.1,0.01,0.44,0.45,40.1,96.0,0.01,0.555,0.445,0.294636,0.705364,71807.43
1775779696115,2026-04-10T00:08:16.115,btc-updown-15m-1775779200,1775780100,Up,38695399231721476877096504968920656384238820420284922561977249082682533098050,15850116068011637107032304871618163721955898959397512124188038254834447183522,0.55,0.56,96.0,40.1,0.01,0.44,0.45,40.1,96.0,0.01,0.555,0.445,0.294636,0.705364,71807.43
1775779697115,2026-04-10T00:08:17.115,btc-updown-15m-1775779200,1775780100,Up,38695399231721476877096504968920656384238820420284922561977249082682533098050,15850116068011637107032304871618163721955898959397512124188038254834447183522,0.55,0.56,96.0,40.1,0.01,0.44,0.45,40.1,96.0,0.01,0.555,0.445,0.294636,0.705364,71807.43
1775779698117,2026-04-10T00:08:18.117,btc-updown-15m-1775779200,1775780100,Up,38695399231721476877096504968920656384238820420284922561977249082682533098050,15850116068011637107032304871618163721955898959397512124188038254834447183522,0.52,0.54,22.5,3.34,0.02,0.46,0.48,3.34,22.5,0.02,0.53,0.47,0.129257,0.870743,71807.43
1775779699117,2026-04-10T00:08:19.117,btc-updown-15m-1775779200,1775780100,Up,38695399231721476877096504968920656384238820420284922561977249082682533098050,15850116068011637107032304871618163721955898959397512124188038254834447183522,0.47,0.48,231.0,166.88,0.01,0.52,0.53,145.99,211.0,0.01,0.475,0.525,0.419423,0.591053,71759.57
1775779700118,2026-04-10T00:08:20.118,btc-updown-15m-1775779200,1775780100,Up,38695399231721476877096504968920656384238820420284922561977249082682533098050,15850116068011637107032304871618163721955898959397512124188038254834447183522,0.43,0.44,50.0,118.07,0.01,0.56,0.57,118.07,50.0,0.01,0.435,0.565,0.702505,0.297495,71759.57
1775779701118,2026-04-10T00:08:21.118,btc-updown-15m-1775779200,1775780100,Up,38695399231721476877096504968920656384238820420284922561977249082682533098050,15850116068011637107032304871618163721955898959397512124188038254834447183522,0.42,0.43,600.32,418.92,0.01,0.57,0.58,418.92,600.32,0.01,0.425,0.575,0.411012,0.588988,71759.57
1775779702119,2026-04-10T00:08:22.119,btc-updown-15m-1775779200,1775780100,Up,38695399231721476877096504968920656384238820420284922561977249082682533098050,15850116068011637107032304871618163721955898959397512124188038254834447183522,0.4,0.41,236.0,157.19,0.01,0.59,0.6,157.19,236.0,0.01,0.405,0.595,0.399781,0.600219,71753.55
1775779703120,2026-04-10T00:08:23.120,btc-updown-15m-1775779200,1775780100,Up,38695399231721476877096504968920656384238820420284922561977249082682533098050,15850116068011637107032304871618163721955898959397512124188038254834447183522,0.39,0.4,46.26,30.36,0.01,0.6,0.61,30.36,46.26,0.01,0.395,0.605,0.396241,0.603759,71753.55
1775779704120,2026-04-10T00:08:24.120,btc-updown-15m-1775779200,1775780100,Up,38695399231721476877096504968920656384238820420284922561977249082682533098050,15850116068011637107032304871618163721955898959397512124188038254834447183522,0.39,0.41,108.99,230.13,0.02,0.59,0.61,230.13,108.99,0.02,0.4,0.6,0.678609,0.321391,71753.55
1775779705121,2026-04-10T00:08:25.121,btc-updown-15m-1775779200,1775780100,Up,38695399231721476877096504968920656384238820420284922561977249082682533098050,15850116068011637107032304871618163721955898959397512124188038254834447183522,0.39,0.4,65.37,216.78,0.01,0.6,0.61,216.78,65.37,0.01,0.395,0.605,0.768315,0.231685,71759.58
1775779706121,2026-04-10T00:08:26.121,btc-updown-15m-1775779200,1775780100,Up,38695399231721476877096504968920656384238820420284922561977249082682533098050,15850116068011637107032304871618163721955898959397512124188038254834447183522,0.39,0.4,65.37,216.78,0.01,0.6,0.61,216.78,65.37,0.01,0.395,0.605,0.768315,0.231685,71759.58
1775779707122,2026-04-10T00:08:27.122,btc-updown-15m-1775779200,1775780100,Up,38695399231721476877096504968920656384238820420284922561977249082682533098050,15850116068011637107032304871618163721955898959397512124188038254834447183522,0.37,0.38,5.0,118.33,0.01,0.62,0.63,118.33,5.0,0.01,0.375,0.625,0.959458,0.040542,71759.58
1775779708123,2026-04-10T00:08:28.123,btc-updown-15m-1775779200,1775780100,Up,38695399231721476877096504968920656384238820420284922561977249082682533098050,15850116068011637107032304871618163721955898959397512124188038254834447183522,0.36,0.38,362.12,26.43,0.02,0.62,0.64,26.43,362.12,0.02,0.37,0.63,0.068022,0.931978,71753.55
1775779709124,2026-04-10T00:08:29.124,btc-updown-15m-1775779200,1775780100,Up,38695399231721476877096504968920656384238820420284922561977249082682533098050,15850116068011637107032304871618163721955898959397512124188038254834447183522,0.36,0.37,107.29,26.43,0.01,0.63,0.64,26.43,107.29,0.01,0.365,0.635,0.197652,0.802348,71753.55
1775779710125,2026-04-10T00:08:30.125,btc-updown-15m-1775779200,1775780100,Up,38695399231721476877096504968920656384238820420284922561977249082682533098050,15850116068011637107032304871618163721955898959397512124188038254834447183522,0.36,0.37,168.93,39.42,0.01,0.63,0.64,39.42,168.93,0.01,0.365,0.635,0.189201,0.810799,71753.55
1775779711127,2026-04-10T00:08:31.127,btc-updown-15m-1775779200,1775780100,Up,38695399231721476877096504968920656384238820420284922561977249082682533098050,15850116068011637107032304871618163721955898959397512124188038254834447183522,0.36,0.37,168.93,39.42,0.01,0.63,0.64,39.42,168.93,0.01,0.365,0.635,0.189201,0.810799,71753.55
1775779712128,2026-04-10T00:08:32.128,btc-updown-15m-1775779200,1775780100,Up,38695399231721476877096504968920656384238820420284922561977249082682533098050,15850116068011637107032304871618163721955898959397512124188038254834447183522,0.36,0.37,168.93,39.42,0.01,0.63,0.64,39.42,168.93,0.01,0.365,0.635,0.189201,0.810799,71753.55
1775779713129,2026-04-10T00:08:33.129,btc-updown-15m-1775779200,1775780100,Up,38695399231721476877096504968920656384238820420284922561977249082682533098050,15850116068011637107032304871618163721955898959397512124188038254834447183522,0.36,0.37,168.93,39.42,0.01,0.63,0.64,39.42,168.93,0.01,0.365,0.635,0.189201,0.810799,71753.55
1775779714130,2026-04-10T00:08:34.130,btc-updown-15m-1775779200,1775780100,Up,38695399231721476877096504968920656384238820420284922561977249082682533098050,15850116068011637107032304871618163721955898959397512124188038254834447183522,0.36,0.37,93.28,59.42,0.01,0.63,0.64,59.42,93.28,0.01,0.365,0.635,0.389129,0.610871,71753.56
1775779715130,2026-04-10T00:08:35.130,btc-updown-15m-1775779200,1775780100,Up,38695399231721476877096504968920656384238820420284922561977249082682533098050,15850116068011637107032304871618163721955898959397512124188038254834447183522,0.37,0.38,61.75,28.0,0.01,0.62,0.63,272.53,31.98,0.01,0.375,0.625,0.311978,0.105021,71753.56
1775779716132,2026-04-10T00:08:36.132,btc-updown-15m-1775779200,1775780100,Up,38695399231721476877096504968920656384238820420284922561977249082682533098050,15850116068011637107032304871618163721955898959397512124188038254834447183522,0.36,0.39,446.34,110.87,0.03,0.61,0.64,110.87,446.34,0.03,0.375,0.625,0.198973,0.801027,71753.56
1775779717133,2026-04-10T00:08:37.133,btc-updown-15m-1775779200,1775780100,Up,38695399231721476877096504968920656384238820420284922561977249082682533098050,15850116068011637107032304871618163721955898959397512124188038254834447183522,0.35,0.36,77.39,172.95,0.01,0.64,0.65,172.95,77.39,0.01,0.355,0.645,0.69086,0.30914,71731.89
1775779718134,2026-04-10T00:08:38.134,btc-updown-15m-1775779200,1775780100,Up,38695399231721476877096504968920656384238820420284922561977249082682533098050,15850116068011637107032304871618163721955898959397512124188038254834447183522,0.35,0.36,217.39,129.37,0.01,0.64,0.65,129.37,217.39,0.01,0.355,0.645,0.373082,0.626918,71731.89
1775779719134,2026-04-10T00:08:39.134,btc-updown-15m-1775779200,1775780100,Up,38695399231721476877096504968920656384238820420284922561977249082682533098050,15850116068011637107032304871618163721955898959397512124188038254834447183522,0.34,0.36,350.41,1.13,0.02,0.64,0.66,1.13,350.41,0.02,0.35,0.65,0.003214,0.996786,71731.89
1775779720135,2026-04-10T00:08:40.135,btc-updown-15m-1775779200,1775780100,Up,38695399231721476877096504968920656384238820420284922561977249082682533098050,15850116068011637107032304871618163721955898959397512124188038254834447183522,0.33,0.35,262.37,2.57,0.02,0.65,0.67,2.57,262.37,0.02,0.34,0.66,0.0097,0.9903,71737.0
1775779721136,2026-04-10T00:08:41.136,btc-updown-15m-1775779200,1775780100,Up,38695399231721476877096504968920656384238820420284922561977249082682533098050,15850116068011637107032304871618163721955898959397512124188038254834447183522,0.33,0.36,160.4,397.27,0.03,0.64,0.67,397.27,160.4,0.03,0.345,0.655,0.712375,0.287625,71737.0
1775779722137,2026-04-10T00:08:42.137,btc-updown-15m-1775779200,1775780100,Up,38695399231721476877096504968920656384238820420284922561977249082682533098050,15850116068011637107032304871618163721955898959397512124188038254834447183522,0.35,0.36,145.67,57.9,0.01,0.64,0.65,57.9,145.67,0.01,0.355,0.645,0.284423,0.715577,71737.0
1775779723137,2026-04-10T00:08:43.137,btc-updown-15m-1775779200,1775780100,Up,38695399231721476877096504968920656384238820420284922561977249082682533098050,15850116068011637107032304871618163721955898959397512124188038254834447183522,0.35,0.36,214.97,39.73,0.01,0.64,0.65,39.73,214.97,0.01,0.355,0.645,0.155987,0.844013,71743.74
1775779724137,2026-04-10T00:08:44.137,btc-updown-15m-1775779200,1775780100,Up,38695399231721476877096504968920656384238820420284922561977249082682533098050,15850116068011637107032304871618163721955898959397512124188038254834447183522,0.35,0.36,28.07,216.58,0.01,0.64,0.65,216.58,28.07,0.01,0.355,0.645,0.885265,0.114735,71743.74
1775779725138,2026-04-10T00:08:45.138,btc-updown-15m-1775779200,1775780100,Up,38695399231721476877096504968920656384238820420284922561977249082682533098050,15850116068011637107032304871618163721955898959397512124188038254834447183522,0.35,0.36,28.07,216.58,0.01,0.64,0.65,216.58,28.07,0.01,0.355,0.645,0.885265,0.114735,71743.74
1775779726139,2026-04-10T00:08:46.139,btc-updown-15m-1775779200,1775780100,Up,38695399231721476877096504968920656384238820420284922561977249082682533098050,15850116068011637107032304871618163721955898959397512124188038254834447183522,0.35,0.36,125.98,186.86,0.01,0.64,0.65,186.86,125.98,0.01,0.355,0.645,0.597302,0.402698,71749.21
1775779727139,2026-04-10T00:08:47.139,btc-updown-15m-1775779200,1775780100,Up,38695399231721476877096504968920656384238820420284922561977249082682533098050,15850116068011637107032304871618163721955898959397512124188038254834447183522,0.35,0.36,58.42,204.86,0.01,0.64,0.65,204.86,58.42,0.01,0.355,0.645,0.778107,0.221893,71749.21
1775779728140,2026-04-10T00:08:48.140,btc-updown-15m-1775779200,1775780100,Up,38695399231721476877096504968920656384238820420284922561977249082682533098050,15850116068011637107032304871618163721955898959397512124188038254834447183522,0.37,0.38,9.36,10.0,0.01,0.62,0.63,10.0,9.36,0.01,0.375,0.625,0.516529,0.483471,71749.21
1775779729141,2026-04-10T00:08:49.141,btc-updown-15m-1775779200,1775780100,Up,38695399231721476877096504968920656384238820420284922561977249082682533098050,15850116068011637107032304871618163721955898959397512124188038254834447183522,0.37,0.38,191.6,337.53,0.01,0.62,0.63,337.53,191.6,0.01,0.375,0.625,0.637896,0.362104,71753.61
1775779730142,2026-04-10T00:08:50.142,btc-updown-15m-1775779200,1775780100,Up,38695399231721476877096504968920656384238820420284922561977249082682533098050,15850116068011637107032304871618163721955898959397512124188038254834447183522,0.37,0.38,191.6,337.53,0.01,0.62,0.63,337.53,191.6,0.01,0.375,0.625,0.637896,0.362104,71753.61
1775779731142,2026-04-10T00:08:51.142,btc-updown-15m-1775779200,1775780100,Up,38695399231721476877096504968920656384238820420284922561977249082682533098050,15850116068011637107032304871618163721955898959397512124188038254834447183522,0.37,0.38,191.6,337.53,0.01,0.62,0.63,337.53,191.6,0.01,0.375,0.625,0.637896,0.362104,71753.61
1775779732142,2026-04-10T00:08:52.142,btc-updown-15m-1775779200,1775780100,Up,38695399231721476877096504968920656384238820420284922561977249082682533098050,15850116068011637107032304871618163721955898959397512124188038254834447183522,0.37,0.38,56.62,168.06,0.01,0.62,0.63,168.06,56.62,0.01,0.375,0.625,0.747997,0.252003,71753.61
1775779733143,2026-04-10T00:08:53.143,btc-updown-15m-1775779200,1775780100,Up,38695399231721476877096504968920656384238820420284922561977249082682533098050,15850116068011637107032304871618163721955898959397512124188038254834447183522,0.33,0.34,83.77,118.2,0.01,0.66,0.67,118.2,83.77,0.01,0.335,0.665,0.585235,0.414765,71753.61
1775779734143,2026-04-10T00:08:54.143,btc-updown-15m-1775779200,1775780100,Up,38695399231721476877096504968920656384238820420284922561977249082682533098050,15850116068011637107032304871618163721955898959397512124188038254834447183522,0.33,0.34,104.35,210.7,0.01,0.66,0.67,210.7,104.35,0.01,0.335,0.665,0.668783,0.331217,71753.61
1775779735143,2026-04-10T00:08:55.143,btc-updown-15m-1775779200,1775780100,Up,38695399231721476877096504968920656384238820420284922561977249082682533098050,15850116068011637107032304871618163721955898959397512124188038254834447183522,0.33,0.34,104.35,210.7,0.01,0.66,0.67,210.7,104.35,0.01,0.335,0.665,0.668783,0.331217,71744.43
1775779736144,2026-04-10T00:08:56.144,btc-updown-15m-1775779200,1775780100,Up,38695399231721476877096504968920656384238820420284922561977249082682533098050,15850116068011637107032304871618163721955898959397512124188038254834447183522,0.33,0.34,104.35,210.7,0.01,0.66,0.67,210.7,104.35,0.01,0.335,0.665,0.668783,0.331217,71744.43
1775779737145,2026-04-10T00:08:57.145,btc-updown-15m-1775779200,1775780100,Up,38695399231721476877096504968920656384238820420284922561977249082682533098050,15850116068011637107032304871618163721955898959397512124188038254834447183522,0.33,0.34,104.35,210.7,0.01,0.66,0.67,210.7,104.35,0.01,0.335,0.665,0.668783,0.331217,71744.43
1775779738145,2026-04-10T00:08:58.145,btc-updown-15m-1775779200,1775780100,Up,38695399231721476877096504968920656384238820420284922561977249082682533098050,15850116068011637107032304871618163721955898959397512124188038254834447183522,0.33,0.35,31.3,608.6,0.02,0.65,0.67,608.6,31.3,0.02,0.34,0.66,0.951086,0.048914,71755.47
1775779739146,2026-04-10T00:08:59.146,btc-updown-15m-1775779200,1775780100,Up,38695399231721476877096504968920656384238820420284922561977249082682533098050,15850116068011637107032304871618163721955898959397512124188038254834447183522,0.34,0.39,14.37,578.82,0.05,0.61,0.66,578.82,14.37,0.05,0.365,0.635,0.975775,0.024225,71755.47
1775779740147,2026-04-10T00:09:00.147,btc-updown-15m-1775779200,1775780100,Up,38695399231721476877096504968920656384238820420284922561977249082682533098050,15850116068011637107032304871618163721955898959397512124188038254834447183522,0.38,0.39,24.37,286.6,0.01,0.61,0.62,286.6,24.37,0.01,0.385,0.615,0.921632,0.078368,71755.47
1775779741148,2026-04-10T00:09:01.148,btc-updown-15m-1775779200,1775780100,Up,38695399231721476877096504968920656384238820420284922561977249082682533098050,15850116068011637107032304871618163721955898959397512124188038254834447183522,0.43,0.44,74.75,239.73,0.01,0.56,0.57,239.73,74.75,0.01,0.435,0.565,0.762306,0.237694,71772.14
1775779742148,2026-04-10T00:09:02.148,btc-updown-15m-1775779200,1775780100,Up,38695399231721476877096504968920656384238820420284922561977249082682533098050,15850116068011637107032304871618163721955898959397512124188038254834447183522,0.43,0.44,2.35,221.41,0.01,0.56,0.57,221.41,2.35,0.01,0.435,0.565,0.989498,0.010502,71772.14
1775779743149,2026-04-10T00:09:03.149,btc-updown-15m-1775779200,1775780100,Up,38695399231721476877096504968920656384238820420284922561977249082682533098050,15850116068011637107032304871618163721955898959397512124188038254834447183522,0.43,0.44,260.85,93.12,0.01,0.56,0.57,93.12,260.85,0.01,0.435,0.565,0.263073,0.736927,71772.14
1775779744150,2026-04-10T00:09:04.150,btc-updown-15m-1775779200,1775780100,Up,38695399231721476877096504968920656384238820420284922561977249082682533098050,15850116068011637107032304871618163721955898959397512124188038254834447183522,0.43,0.44,260.85,93.12,0.01,0.56,0.57,93.12,260.85,0.01,0.435,0.565,0.263073,0.736927,71777.17
1775779745150,2026-04-10T00:09:05.150,btc-updown-15m-1775779200,1775780100,Up,38695399231721476877096504968920656384238820420284922561977249082682533098050,15850116068011637107032304871618163721955898959397512124188038254834447183522,0.43,0.44,260.85,93.12,0.01,0.56,0.57,93.12,260.85,0.01,0.435,0.565,0.263073,0.736927,71777.17
1775779746151,2026-04-10T00:09:06.151,btc-updown-15m-1775779200,1775780100,Up,38695399231721476877096504968920656384238820420284922561977249082682533098050,15850116068011637107032304871618163721955898959397512124188038254834447183522,0.48,0.49,50.0,104.0,0.01,0.51,0.53,268.3,50.0,0.02,0.485,0.52,0.675325,0.157085,71777.17
1775779747151,2026-04-10T00:09:07.151,btc-updown-15m-1775779200,1775780100,Up,38695399231721476877096504968920656384238820420284922561977249082682533098050,15850116068011637107032304871618163721955898959397512124188038254834447183522,0.51,0.52,50.0,84.0,0.01,0.48,0.49,84.0,50.0,0.01,0.515,0.485,0.626866,0.373134,71794.0
1775779748152,2026-04-10T00:09:08.152,btc-updown-15m-1775779200,1775780100,Up,38695399231721476877096504968920656384238820420284922561977249082682533098050,15850116068011637107032304871618163721955898959397512124188038254834447183522,0.53,0.54,7.0,28.12,0.01,0.46,0.47,28.12,7.0,0.01,0.535,0.465,0.800683,0.199317,71794.0
1775779749153,2026-04-10T00:09:09.153,btc-updown-15m-1775779200,1775780100,Up,38695399231721476877096504968920656384238820420284922561977249082682533098050,15850116068011637107032304871618163721955898959397512124188038254834447183522,0.55,0.56,200.66,162.44,0.01,0.44,0.45,162.44,200.66,0.01,0.555,0.445,0.44737,0.55263,71794.0
1775779750153,2026-04-10T00:09:10.153,btc-updown-15m-1775779200,1775780100,Up,38695399231721476877096504968920656384238820420284922561977249082682533098050,15850116068011637107032304871618163721955898959397512124188038254834447183522,0.58,0.59,25.5,117.58,0.01,0.41,0.42,117.58,25.5,0.01,0.585,0.415,0.821778,0.178222,71809.29
1775779751153,2026-04-10T00:09:11.153,btc-updown-15m-1775779200,1775780100,Up,38695399231721476877096504968920656384238820420284922561977249082682533098050,15850116068011637107032304871618163721955898959397512124188038254834447183522,0.58,0.59,76.5,110.19,0.01,0.41,0.42,110.19,76.5,0.01,0.585,0.415,0.59023,0.40977,71809.29
1775779752155,2026-04-10T00:09:12.155,btc-updown-15m-1775779200,1775780100,Up,38695399231721476877096504968920656384238820420284922561977249082682533098050,15850116068011637107032304871618163721955898959397512124188038254834447183522,0.58,0.59,76.5,110.19,0.01,0.41,0.42,110.19,76.5,0.01,0.585,0.415,0.59023,0.40977,71809.29
1775779753155,2026-04-10T00:09:13.155,btc-updown-15m-1775779200,1775780100,Up,38695399231721476877096504968920656384238820420284922561977249082682533098050,15850116068011637107032304871618163721955898959397512124188038254834447183522,0.58,0.59,267.05,115.19,0.01,0.41,0.42,115.19,267.05,0.01,0.585,0.415,0.301355,0.698645,71812.32
1775779754156,2026-04-10T00:09:14.156,btc-updown-15m-1775779200,1775780100,Up,38695399231721476877096504968920656384238820420284922561977249082682533098050,15850116068011637107032304871618163721955898959397512124188038254834447183522,0.6,0.61,170.5,92.5,0.01,0.39,0.4,92.5,170.5,0.01,0.605,0.395,0.351711,0.648289,71812.32
1775779755156,2026-04-10T00:09:15.156,btc-updown-15m-1775779200,1775780100,Up,38695399231721476877096504968920656384238820420284922561977249082682533098050,15850116068011637107032304871618163721955898959397512124188038254834447183522,0.62,0.63,297.83,188.25,0.01,0.37,0.38,188.25,297.83,0.01,0.625,0.375,0.387282,0.612718,71812.32
1775779756157,2026-04-10T00:09:16.157,btc-updown-15m-1775779200,1775780100,Up,38695399231721476877096504968920656384238820420284922561977249082682533098050,15850116068011637107032304871618163721955898959397512124188038254834447183522,0.61,0.62,53.09,150.0,0.01,0.38,0.39,150.0,53.09,0.01,0.615,0.385,0.738589,0.261411,71820.12
1775779757158,2026-04-10T00:09:17.158,btc-updown-15m-1775779200,1775780100,Up,38695399231721476877096504968920656384238820420284922561977249082682533098050,15850116068011637107032304871618163721955898959397512124188038254834447183522,0.61,0.62,78.89,61.99,0.01,0.38,0.39,61.99,78.89,0.01,0.615,0.385,0.44002,0.55998,71820.12
1775779758159,2026-04-10T00:09:18.159,btc-updown-15m-1775779200,1775780100,Up,38695399231721476877096504968920656384238820420284922561977249082682533098050,15850116068011637107032304871618163721955898959397512124188038254834447183522,0.6,0.61,20.0,30.12,0.01,0.39,0.4,30.12,20.0,0.01,0.605,0.395,0.600958,0.399042,71820.12
1775779759160,2026-04-10T00:09:19.160,btc-updown-15m-1775779200,1775780100,Up,38695399231721476877096504968920656384238820420284922561977249082682533098050,15850116068011637107032304871618163721955898959397512124188038254834447183522,0.58,0.59,5.0,52.5,0.01,0.41,0.42,52.5,5.0,0.01,0.585,0.415,0.913043,0.086957,71815.63
1775779760160,2026-04-10T00:09:20.160,btc-updown-15m-1775779200,1775780100,Up,38695399231721476877096504968920656384238820420284922561977249082682533098050,15850116068011637107032304871618163721955898959397512124188038254834447183522,0.58,0.59,5.0,52.5,0.01,0.41,0.42,52.5,5.0,0.01,0.585,0.415,0.913043,0.086957,71815.63
1775779761160,2026-04-10T00:09:21.160,btc-updown-15m-1775779200,1775780100,Up,38695399231721476877096504968920656384238820420284922561977249082682533098050,15850116068011637107032304871618163721955898959397512124188038254834447183522,0.53,0.56,30.0,163.95,0.03,0.44,0.47,163.95,30.0,0.03,0.545,0.455,0.845321,0.154679,71815.63
1775779762161,2026-04-10T00:09:22.161,btc-updown-15m-1775779200,1775780100,Up,38695399231721476877096504968920656384238820420284922561977249082682533098050,15850116068011637107032304871618163721955898959397512124188038254834447183522,0.52,0.53,85.0,260.06,0.01,0.47,0.48,260.06,85.0,0.01,0.525,0.475,0.753666,0.246334,71799.49
1775779763161,2026-04-10T00:09:23.161,btc-updown-15m-1775779200,1775780100,Up,38695399231721476877096504968920656384238820420284922561977249082682533098050,15850116068011637107032304871618163721955898959397512124188038254834447183522,0.55,0.56,8.0,515.9,0.01,0.44,0.45,515.9,8.0,0.01,0.555,0.445,0.98473,0.01527,71799.49
1775779764162,2026-04-10T00:09:24.162,btc-updown-15m-1775779200,1775780100,Up,38695399231721476877096504968920656384238820420284922561977249082682533098050,15850116068011637107032304871618163721955898959397512124188038254834447183522,0.55,0.58,50.0,654.18,0.03,0.42,0.45,654.18,50.0,0.03,0.565,0.435,0.928995,0.071005,71799.49
1775779765163,2026-04-10T00:09:25.163,btc-updown-15m-1775779200,1775780100,Up,38695399231721476877096504968920656384238820420284922561977249082682533098050,15850116068011637107032304871618163721955898959397512124188038254834447183522,0.55,0.58,50.0,654.18,0.03,0.42,0.45,654.18,50.0,0.03,0.565,0.435,0.928995,0.071005,71808.45
1775779766163,2026-04-10T00:09:26.163,btc-updown-15m-1775779200,1775780100,Up,38695399231721476877096504968920656384238820420284922561977249082682533098050,15850116068011637107032304871618163721955898959397512124188038254834447183522,0.55,0.58,50.0,654.18,0.03,0.42,0.45,654.18,50.0,0.03,0.565,0.435,0.928995,0.071005,71808.45
1775779767163,2026-04-10T00:09:27.163,btc-updown-15m-1775779200,1775780100,Up,38695399231721476877096504968920656384238820420284922561977249082682533098050,15850116068011637107032304871618163721955898959397512124188038254834447183522,0.59,0.6,14.58,263.27,0.01,0.4,0.41,263.27,14.58,0.01,0.595,0.405,0.947526,0.052474,71808.45
1775779768164,2026-04-10T00:09:28.164,btc-updown-15m-1775779200,1775780100,Up,38695399231721476877096504968920656384238820420284922561977249082682533098050,15850116068011637107032304871618163721955898959397512124188038254834447183522,0.59,0.6,15.8,257.5,0.01,0.4,0.41,257.5,15.8,0.01,0.595,0.405,0.942188,0.057812,71810.0
1775779769165,2026-04-10T00:09:29.165,btc-updown-15m-1775779200,1775780100,Up,38695399231721476877096504968920656384238820420284922561977249082682533098050,15850116068011637107032304871618163721955898959397512124188038254834447183522,0.59,0.6,324.3,59.27,0.01,0.4,0.41,59.27,324.3,0.01,0.595,0.405,0.154522,0.845478,71810.0
1775779770167,2026-04-10T00:09:30.167,btc-updown-15m-1775779200,1775780100,Up,38695399231721476877096504968920656384238820420284922561977249082682533098050,15850116068011637107032304871618163721955898959397512124188038254834447183522,0.57,0.6,275.5,291.87,0.03,0.4,0.43,291.87,275.5,0.03,0.585,0.415,0.514426,0.485574,71810.0
1775779771168,2026-04-10T00:09:31.168,btc-updown-15m-1775779200,1775780100,Up,38695399231721476877096504968920656384238820420284922561977249082682533098050,15850116068011637107032304871618163721955898959397512124188038254834447183522,0.59,0.6,221.5,72.0,0.01,0.4,0.41,72.0,221.5,0.01,0.595,0.405,0.245315,0.754685,71809.99
1775779772168,2026-04-10T00:09:32.168,btc-updown-15m-1775779200,1775780100,Up,38695399231721476877096504968920656384238820420284922561977249082682533098050,15850116068011637107032304871618163721955898959397512124188038254834447183522,0.59,0.6,246.5,32.78,0.01,0.4,0.41,32.78,246.5,0.01,0.595,0.405,0.117373,0.882627,71809.99
1775779773169,2026-04-10T00:09:33.169,btc-updown-15m-1775779200,1775780100,Up,38695399231721476877096504968920656384238820420284922561977249082682533098050,15850116068011637107032304871618163721955898959397512124188038254834447183522,0.54,0.55,21.0,55.68,0.01,0.45,0.46,55.68,21.0,0.01,0.545,0.455,0.726135,0.273865,71809.99
1775779774169,2026-04-10T00:09:34.169,btc-updown-15m-1775779200,1775780100,Up,38695399231721476877096504968920656384238820420284922561977249082682533098050,15850116068011637107032304871618163721955898959397512124188038254834447183522,0.54,0.55,21.0,55.68,0.01,0.45,0.46,55.68,21.0,0.01,0.545,0.455,0.726135,0.273865,71800.81
1775779775170,2026-04-10T00:09:35.170,btc-updown-15m-1775779200,1775780100,Up,38695399231721476877096504968920656384238820420284922561977249082682533098050,15850116068011637107032304871618163721955898959397512124188038254834447183522,0.54,0.55,21.0,55.68,0.01,0.45,0.46,55.68,21.0,0.01,0.545,0.455,0.726135,0.273865,71800.81
1775779776171,2026-04-10T00:09:36.171,btc-updown-15m-1775779200,1775780100,Up,38695399231721476877096504968920656384238820420284922561977249082682533098050,15850116068011637107032304871618163721955898959397512124188038254834447183522,0.54,0.55,21.0,55.68,0.01,0.45,0.46,55.68,21.0,0.01,0.545,0.455,0.726135,0.273865,71800.81
1775779777171,2026-04-10T00:09:37.171,btc-updown-15m-1775779200,1775780100,Up,38695399231721476877096504968920656384238820420284922561977249082682533098050,15850116068011637107032304871618163721955898959397512124188038254834447183522,0.52,0.53,181.79,161.0,0.01,0.47,0.48,161.0,181.79,0.01,0.525,0.475,0.469675,0.530325,71800.8
1775779778172,2026-04-10T00:09:38.172,btc-updown-15m-1775779200,1775780100,Up,38695399231721476877096504968920656384238820420284922561977249082682533098050,15850116068011637107032304871618163721955898959397512124188038254834447183522,0.52,0.53,181.79,161.0,0.01,0.47,0.48,161.0,181.79,0.01,0.525,0.475,0.469675,0.530325,71800.8
1775779779172,2026-04-10T00:09:39.172,btc-updown-15m-1775779200,1775780100,Up,38695399231721476877096504968920656384238820420284922561977249082682533098050,15850116068011637107032304871618163721955898959397512124188038254834447183522,0.52,0.53,181.79,161.0,0.01,0.47,0.48,161.0,181.79,0.01,0.525,0.475,0.469675,0.530325,71800.8
1775779780172,2026-04-10T00:09:40.172,btc-updown-15m-1775779200,1775780100,Up,38695399231721476877096504968920656384238820420284922561977249082682533098050,15850116068011637107032304871618163721955898959397512124188038254834447183522,0.52,0.53,181.79,161.0,0.01,0.47,0.48,161.0,181.79,0.01,0.525,0.475,0.469675,0.530325,71800.0
1775779781173,2026-04-10T00:09:41.173,btc-updown-15m-1775779200,1775780100,Up,38695399231721476877096504968920656384238820420284922561977249082682533098050,15850116068011637107032304871618163721955898959397512124188038254834447183522,0.52,0.53,181.79,161.0,0.01,0.47,0.48,161.0,181.79,0.01,0.525,0.475,0.469675,0.530325,71800.0
1775779782173,2026-04-10T00:09:42.173,btc-updown-15m-1775779200,1775780100,Up,38695399231721476877096504968920656384238820420284922561977249082682533098050,15850116068011637107032304871618163721955898959397512124188038254834447183522,0.52,0.55,117.06,92.0,0.03,0.45,0.48,92.0,117.06,0.03,0.535,0.465,0.440065,0.559935,71800.0
1775779783173,2026-04-10T00:09:43.173,btc-updown-15m-1775779200,1775780100,Up,38695399231721476877096504968920656384238820420284922561977249082682533098050,15850116068011637107032304871618163721955898959397512124188038254834447183522,0.49,0.51,284.5,56.91,0.02,0.49,0.51,56.91,284.5,0.02,0.5,0.5,0.166691,0.833309,71794.52
1775779784174,2026-04-10T00:09:44.174,btc-updown-15m-1775779200,1775780100,Up,38695399231721476877096504968920656384238820420284922561977249082682533098050,15850116068011637107032304871618163721955898959397512124188038254834447183522,0.49,0.5,98.0,139.44,0.01,0.5,0.51,139.44,98.0,0.01,0.495,0.505,0.587264,0.412736,71794.52
1775779785175,2026-04-10T00:09:45.175,btc-updown-15m-1775779200,1775780100,Up,38695399231721476877096504968920656384238820420284922561977249082682533098050,15850116068011637107032304871618163721955898959397512124188038254834447183522,0.49,0.5,78.0,184.44,0.01,0.5,0.51,184.44,78.0,0.01,0.495,0.505,0.702789,0.297211,71794.52
1775779786175,2026-04-10T00:09:46.175,btc-updown-15m-1775779200,1775780100,Up,38695399231721476877096504968920656384238820420284922561977249082682533098050,15850116068011637107032304871618163721955898959397512124188038254834447183522,0.49,0.5,78.0,184.44,0.01,0.5,0.51,184.44,78.0,0.01,0.495,0.505,0.702789,0.297211,71794.52
1775779787176,2026-04-10T00:09:47.176,btc-updown-15m-1775779200,1775780100,Up,38695399231721476877096504968920656384238820420284922561977249082682533098050,15850116068011637107032304871618163721955898959397512124188038254834447183522,0.49,0.5,78.0,184.44,0.01,0.5,0.51,184.44,78.0,0.01,0.495,0.505,0.702789,0.297211,71794.52
1775779788176,2026-04-10T00:09:48.176,btc-updown-15m-1775779200,1775780100,Up,38695399231721476877096504968920656384238820420284922561977249082682533098050,15850116068011637107032304871618163721955898959397512124188038254834447183522,0.49,0.5,83.0,163.38,0.01,0.5,0.51,163.38,83.0,0.01,0.495,0.505,0.663122,0.336878,71794.52
1775779789176,2026-04-10T00:09:49.176,btc-updown-15m-1775779200,1775780100,Up,38695399231721476877096504968920656384238820420284922561977249082682533098050,15850116068011637107032304871618163721955898959397512124188038254834447183522,0.49,0.5,83.0,163.38,0.01,0.5,0.51,163.38,83.0,0.01,0.495,0.505,0.663122,0.336878,71794.52
1775779790181,2026-04-10T00:09:50.181,btc-updown-15m-1775779200,1775780100,Up,38695399231721476877096504968920656384238820420284922561977249082682533098050,15850116068011637107032304871618163721955898959397512124188038254834447183522,0.53,0.54,95.04,10.0,0.01,0.46,0.47,10.0,95.04,0.01,0.535,0.465,0.095202,0.904798,71794.52
1775779791182,2026-04-10T00:09:51.182,btc-updown-15m-1775779200,1775780100,Up,38695399231721476877096504968920656384238820420284922561977249082682533098050,15850116068011637107032304871618163721955898959397512124188038254834447183522,0.53,0.54,125.04,49.39,0.01,0.46,0.47,49.39,125.04,0.01,0.535,0.465,0.283151,0.716849,71794.52
1775779792182,2026-04-10T00:09:52.182,btc-updown-15m-1775779200,1775780100,Up,38695399231721476877096504968920656384238820420284922561977249082682533098050,15850116068011637107032304871618163721955898959397512124188038254834447183522,0.53,0.54,93.31,49.39,0.01,0.46,0.47,49.39,93.31,0.01,0.535,0.465,0.346111,0.653889,71794.51
1775779793183,2026-04-10T00:09:53.183,btc-updown-15m-1775779200,1775780100,Up,38695399231721476877096504968920656384238820420284922561977249082682533098050,15850116068011637107032304871618163721955898959397512124188038254834447183522,0.53,0.54,93.31,44.39,0.01,0.46,0.47,44.39,93.31,0.01,0.535,0.465,0.322367,0.677633,71794.51
1775779794184,2026-04-10T00:09:54.184,btc-updown-15m-1775779200,1775780100,Up,38695399231721476877096504968920656384238820420284922561977249082682533098050,15850116068011637107032304871618163721955898959397512124188038254834447183522,0.54,0.55,461.06,40.88,0.01,0.45,0.46,40.88,461.06,0.01,0.545,0.455,0.081444,0.918556,71794.51
1775779795184,2026-04-10T00:09:55.184,btc-updown-15m-1775779200,1775780100,Up,38695399231721476877096504968920656384238820420284922561977249082682533098050,15850116068011637107032304871618163721955898959397512124188038254834447183522,0.54,0.55,461.06,40.88,0.01,0.45,0.46,40.88,461.06,0.01,0.545,0.455,0.081444,0.918556,71833.31
1775779796185,2026-04-10T00:09:56.185,btc-updown-15m-1775779200,1775780100,Up,38695399231721476877096504968920656384238820420284922561977249082682533098050,15850116068011637107032304871618163721955898959397512124188038254834447183522,0.68,0.69,35.0,6.0,0.01,0.31,0.32,6.0,35.0,0.01,0.685,0.315,0.146341,0.853659,71833.31
1775779797186,2026-04-10T00:09:57.186,btc-updown-15m-1775779200,1775780100,Up,38695399231721476877096504968920656384238820420284922561977249082682533098050,15850116068011637107032304871618163721955898959397512124188038254834447183522,0.67,0.68,146.76,20.98,0.01,0.32,0.33,20.98,146.76,0.01,0.675,0.325,0.125075,0.874925,71833.31
1775779798187,2026-04-10T00:09:58.187,btc-updown-15m-1775779200,1775780100,Up,38695399231721476877096504968920656384238820420284922561977249082682533098050,15850116068011637107032304871618163721955898959397512124188038254834447183522,0.67,0.68,121.43,55.52,0.01,0.32,0.33,55.52,121.43,0.01,0.675,0.325,0.313761,0.686239,71833.69
1775779799187,2026-04-10T00:09:59.187,btc-updown-15m-1775779200,1775780100,Up,38695399231721476877096504968920656384238820420284922561977249082682533098050,15850116068011637107032304871618163721955898959397512124188038254834447183522,0.67,0.68,43.76,46.98,0.01,0.32,0.33,46.98,43.76,0.01,0.675,0.325,0.517743,0.482257,71833.69
1775779800189,2026-04-10T00:10:00.189,btc-updown-15m-1775779200,1775780100,Up,38695399231721476877096504968920656384238820420284922561977249082682533098050,15850116068011637107032304871618163721955898959397512124188038254834447183522,0.67,0.68,43.76,46.98,0.01,0.32,0.33,46.98,43.76,0.01,0.675,0.325,0.517743,0.482257,71833.69
1775779801189,2026-04-10T00:10:01.189,btc-updown-15m-1775779200,1775780100,Up,38695399231721476877096504968920656384238820420284922561977249082682533098050,15850116068011637107032304871618163721955898959397512124188038254834447183522,0.67,0.68,132.6,11.5,0.01,0.32,0.33,11.5,132.6,0.01,0.675,0.325,0.079806,0.920194,71833.7
1775779802191,2026-04-10T00:10:02.191,btc-updown-15m-1775779200,1775780100,Up,38695399231721476877096504968920656384238820420284922561977249082682533098050,15850116068011637107032304871618163721955898959397512124188038254834447183522,0.67,0.68,106.26,6.5,0.01,0.32,0.33,6.5,106.26,0.01,0.675,0.325,0.057645,0.942355,71833.7
1775779803191,2026-04-10T00:10:03.191,btc-updown-15m-1775779200,1775780100,Up,38695399231721476877096504968920656384238820420284922561977249082682533098050,15850116068011637107032304871618163721955898959397512124188038254834447183522,0.6,0.62,28.0,52.24,0.02,0.38,0.4,52.24,28.0,0.02,0.61,0.39,0.651047,0.348953,71833.7
1775779804191,2026-04-10T00:10:04.191,btc-updown-15m-1775779200,1775780100,Up,38695399231721476877096504968920656384238820420284922561977249082682533098050,15850116068011637107032304871618163721955898959397512124188038254834447183522,0.44,0.45,95.01,121.0,0.01,0.55,0.56,121.0,95.01,0.01,0.445,0.555,0.560159,0.439841,71772.98
1775779805192,2026-04-10T00:10:05.192,btc-updown-15m-1775779200,1775780100,Up,38695399231721476877096504968920656384238820420284922561977249082682533098050,15850116068011637107032304871618163721955898959397512124188038254834447183522,0.44,0.45,184.74,36.9,0.01,0.55,0.56,36.9,184.74,0.01,0.445,0.555,0.166486,0.833514,71772.98
1775779806192,2026-04-10T00:10:06.192,btc-updown-15m-1775779200,1775780100,Up,38695399231721476877096504968920656384238820420284922561977249082682533098050,15850116068011637107032304871618163721955898959397512124188038254834447183522,0.44,0.45,18.37,93.73,0.01,0.55,0.56,93.73,18.37,0.01,0.445,0.555,0.836128,0.163872,71772.98
1775779807192,2026-04-10T00:10:07.192,btc-updown-15m-1775779200,1775780100,Up,38695399231721476877096504968920656384238820420284922561977249082682533098050,15850116068011637107032304871618163721955898959397512124188038254834447183522,0.51,0.52,87.07,141.89,0.01,0.48,0.49,141.89,87.07,0.01,0.515,0.485,0.619715,0.380285,71792.86
1775779808193,2026-04-10T00:10:08.193,btc-updown-15m-1775779200,1775780100,Up,38695399231721476877096504968920656384238820420284922561977249082682533098050,15850116068011637107032304871618163721955898959397512124188038254834447183522,0.51,0.52,4.57,169.39,0.01,0.48,0.49,169.39,4.57,0.01,0.515,0.485,0.97373,0.02627,71792.86
1775779809193,2026-04-10T00:10:09.193,btc-updown-15m-1775779200,1775780100,Up,38695399231721476877096504968920656384238820420284922561977249082682533098050,15850116068011637107032304871618163721955898959397512124188038254834447183522,0.51,0.52,1.77,153.08,0.01,0.48,0.49,153.08,1.77,0.01,0.515,0.485,0.98857,0.01143,71792.86
1775779810194,2026-04-10T00:10:10.194,btc-updown-15m-1775779200,1775780100,Up,38695399231721476877096504968920656384238820420284922561977249082682533098050,15850116068011637107032304871618163721955898959397512124188038254834447183522,0.5,0.52,6.26,32.84,0.02,0.48,0.5,32.84,6.26,0.02,0.51,0.49,0.839898,0.160102,71788.53
1775779811194,2026-04-10T00:10:11.194,btc-updown-15m-1775779200,1775780100,Up,38695399231721476877096504968920656384238820420284922561977249082682533098050,15850116068011637107032304871618163721955898959397512124188038254834447183522,0.5,0.51,301.0,5.8,0.01,0.49,0.5,5.8,301.0,0.01,0.505,0.495,0.018905,0.981095,71788.53
1775779812195,2026-04-10T00:10:12.195,btc-updown-15m-1775779200,1775780100,Up,38695399231721476877096504968920656384238820420284922561977249082682533098050,15850116068011637107032304871618163721955898959397512124188038254834447183522,0.5,0.51,301.0,5.8,0.01,0.49,0.5,5.8,301.0,0.01,0.505,0.495,0.018905,0.981095,71788.53
1775779813195,2026-04-10T00:10:13.195,btc-updown-15m-1775779200,1775780100,Up,38695399231721476877096504968920656384238820420284922561977249082682533098050,15850116068011637107032304871618163721955898959397512124188038254834447183522,0.47,0.48,80.38,181.0,0.01,0.52,0.53,181.0,80.38,0.01,0.475,0.525,0.692478,0.307522,71788.53
1775779814195,2026-04-10T00:10:14.195,btc-updown-15m-1775779200,1775780100,Up,38695399231721476877096504968920656384238820420284922561977249082682533098050,15850116068011637107032304871618163721955898959397512124188038254834447183522,0.47,0.48,87.48,141.0,0.01,0.52,0.53,141.0,87.48,0.01,0.475,0.525,0.617122,0.382878,71788.53
1775779815196,2026-04-10T00:10:15.196,btc-updown-15m-1775779200,1775780100,Up,38695399231721476877096504968920656384238820420284922561977249082682533098050,15850116068011637107032304871618163721955898959397512124188038254834447183522,0.47,0.48,87.48,141.0,0.01,0.52,0.53,141.0,87.48,0.01,0.475,0.525,0.617122,0.382878,71788.53
1775779816197,2026-04-10T00:10:16.197,btc-updown-15m-1775779200,1775780100,Up,38695399231721476877096504968920656384238820420284922561977249082682533098050,15850116068011637107032304871618163721955898959397512124188038254834447183522,0.46,0.48,18.5,113.5,0.02,0.52,0.54,113.5,18.5,0.02,0.47,0.53,0.859848,0.140152,71781.43
1775779817197,2026-04-10T00:10:17.197,btc-updown-15m-1775779200,1775780100,Up,38695399231721476877096504968920656384238820420284922561977249082682533098050,15850116068011637107032304871618163721955898959397512124188038254834447183522,0.46,0.48,18.5,113.5,0.02,0.52,0.54,113.5,18.5,0.02,0.47,0.53,0.859848,0.140152,71781.43
1775779818198,2026-04-10T00:10:18.198,btc-updown-15m-1775779200,1775780100,Up,38695399231721476877096504968920656384238820420284922561977249082682533098050,15850116068011637107032304871618163721955898959397512124188038254834447183522,0.46,0.48,18.5,113.5,0.02,0.52,0.54,113.5,18.5,0.02,0.47,0.53,0.859848,0.140152,71781.43
1775779819198,2026-04-10T00:10:19.198,btc-updown-15m-1775779200,1775780100,Up,38695399231721476877096504968920656384238820420284922561977249082682533098050,15850116068011637107032304871618163721955898959397512124188038254834447183522,0.46,0.47,45.0,123.5,0.01,0.53,0.54,123.5,45.0,0.01,0.465,0.535,0.732938,0.267062,71781.44
1775779820199,2026-04-10T00:10:20.199,btc-updown-15m-1775779200,1775780100,Up,38695399231721476877096504968920656384238820420284922561977249082682533098050,15850116068011637107032304871618163721955898959397512124188038254834447183522,0.46,0.47,45.0,123.5,0.01,0.53,0.54,123.5,45.0,0.01,0.465,0.535,0.732938,0.267062,71781.44
1775779821200,2026-04-10T00:10:21.200,btc-updown-15m-1775779200,1775780100,Up,38695399231721476877096504968920656384238820420284922561977249082682533098050,15850116068011637107032304871618163721955898959397512124188038254834447183522,0.46,0.47,45.0,123.5,0.01,0.53,0.54,123.5,45.0,0.01,0.465,0.535,0.732938,0.267062,71781.44
1775779822201,2026-04-10T00:10:22.201,btc-updown-15m-1775779200,1775780100,Up,38695399231721476877096504968920656384238820420284922561977249082682533098050,15850116068011637107032304871618163721955898959397512124188038254834447183522,0.46,0.47,45.0,123.5,0.01,0.53,0.54,123.5,45.0,0.01,0.465,0.535,0.732938,0.267062,71781.44
1775779823202,2026-04-10T00:10:23.202,btc-updown-15m-1775779200,1775780100,Up,38695399231721476877096504968920656384238820420284922561977249082682533098050,15850116068011637107032304871618163721955898959397512124188038254834447183522,0.46,0.51,9.39,65.71,0.05,0.49,0.54,65.71,9.39,0.05,0.485,0.515,0.874967,0.125033,71781.44
1775779824202,2026-04-10T00:10:24.202,btc-updown-15m-1775779200,1775780100,Up,38695399231721476877096504968920656384238820420284922561977249082682533098050,15850116068011637107032304871618163721955898959397512124188038254834447183522,0.49,0.5,102.0,217.0,0.01,0.5,0.51,217.0,102.0,0.01,0.495,0.505,0.680251,0.319749,71781.44
1775779825203,2026-04-10T00:10:25.203,btc-updown-15m-1775779200,1775780100,Up,38695399231721476877096504968920656384238820420284922561977249082682533098050,15850116068011637107032304871618163721955898959397512124188038254834447183522,0.49,0.5,94.5,211.26,0.01,0.5,0.51,211.26,94.5,0.01,0.495,0.505,0.690934,0.309066,71784.75
1775779826203,2026-04-10T00:10:26.203,btc-updown-15m-1775779200,1775780100,Up,38695399231721476877096504968920656384238820420284922561977249082682533098050,15850116068011637107032304871618163721955898959397512124188038254834447183522,0.49,0.5,94.5,211.26,0.01,0.5,0.51,211.26,94.5,0.01,0.495,0.505,0.690934,0.309066,71784.75
1775779827204,2026-04-10T00:10:27.204,btc-updown-15m-1775779200,1775780100,Up,38695399231721476877096504968920656384238820420284922561977249082682533098050,15850116068011637107032304871618163721955898959397512124188038254834447183522,0.54,0.55,91.67,79.42,0.01,0.45,0.46,79.42,91.67,0.01,0.545,0.455,0.4642,0.5358,71784.75
1775779828205,2026-04-10T00:10:28.205,btc-updown-15m-1775779200,1775780100,Up,38695399231721476877096504968920656384238820420284922561977249082682533098050,15850116068011637107032304871618163721955898959397512124188038254834447183522,0.53,0.54,6.02,175.0,0.01,0.46,0.47,175.0,6.02,0.01,0.535,0.465,0.966744,0.033256,71794.65
1775779829206,2026-04-10T00:10:29.206,btc-updown-15m-1775779200,1775780100,Up,38695399231721476877096504968920656384238820420284922561977249082682533098050,15850116068011637107032304871618163721955898959397512124188038254834447183522,0.53,0.54,102.67,168.0,0.01,0.46,0.47,168.0,102.67,0.01,0.535,0.465,0.620682,0.379318,71794.65
1775779830206,2026-04-10T00:10:30.206,btc-updown-15m-1775779200,1775780100,Up,38695399231721476877096504968920656384238820420284922561977249082682533098050,15850116068011637107032304871618163721955898959397512124188038254834447183522,0.51,0.54,248.13,0.93,0.03,0.46,0.49,0.93,248.13,0.03,0.525,0.475,0.003734,0.996266,71794.65
1775779831208,2026-04-10T00:10:31.208,btc-updown-15m-1775779200,1775780100,Up,38695399231721476877096504968920656384238820420284922561977249082682533098050,15850116068011637107032304871618163721955898959397512124188038254834447183522,0.5,0.51,156.0,71.0,0.01,0.49,0.5,71.0,156.0,0.01,0.505,0.495,0.312775,0.687225,71791.0
1775779832209,2026-04-10T00:10:32.209,btc-updown-15m-1775779200,1775780100,Up,38695399231721476877096504968920656384238820420284922561977249082682533098050,15850116068011637107032304871618163721955898959397512124188038254834447183522,0.5,0.51,156.0,71.0,0.01,0.49,0.5,71.0,156.0,0.01,0.505,0.495,0.312775,0.687225,71791.0
1775779833209,2026-04-10T00:10:33.209,btc-updown-15m-1775779200,1775780100,Up,38695399231721476877096504968920656384238820420284922561977249082682533098050,15850116068011637107032304871618163721955898959397512124188038254834447183522,0.46,0.5,488.98,5.61,0.04,0.5,0.54,5.61,488.98,0.04,0.48,0.52,0.011343,0.988657,71791.0
1775779834210,2026-04-10T00:10:34.210,btc-updown-15m-1775779200,1775780100,Up,38695399231721476877096504968920656384238820420284922561977249082682533098050,15850116068011637107032304871618163721955898959397512124188038254834447183522,0.46,0.5,488.98,5.61,0.04,0.5,0.54,5.61,488.98,0.04,0.48,0.52,0.011343,0.988657,71775.84
1775779835210,2026-04-10T00:10:35.210,btc-updown-15m-1775779200,1775780100,Up,38695399231721476877096504968920656384238820420284922561977249082682533098050,15850116068011637107032304871618163721955898959397512124188038254834447183522,0.46,0.5,488.98,5.61,0.04,0.5,0.54,5.61,488.98,0.04,0.48,0.52,0.011343,0.988657,71775.84
1775779836210,2026-04-10T00:10:36.210,btc-updown-15m-1775779200,1775780100,Up,38695399231721476877096504968920656384238820420284922561977249082682533098050,15850116068011637107032304871618163721955898959397512124188038254834447183522,0.44,0.45,53.0,98.5,0.01,0.55,0.56,98.5,53.0,0.01,0.445,0.555,0.650165,0.349835,71775.84
1775779837211,2026-04-10T00:10:37.211,btc-updown-15m-1775779200,1775780100,Up,38695399231721476877096504968920656384238820420284922561977249082682533098050,15850116068011637107032304871618163721955898959397512124188038254834447183522,0.47,0.48,60.5,236.89,0.01,0.52,0.53,236.89,60.5,0.01,0.475,0.525,0.796563,0.203437,71783.03
1775779838212,2026-04-10T00:10:38.212,btc-updown-15m-1775779200,1775780100,Up,38695399231721476877096504968920656384238820420284922561977249082682533098050,15850116068011637107032304871618163721955898959397512124188038254834447183522,0.47,0.48,55.5,238.22,0.01,0.52,0.53,238.22,55.5,0.01,0.475,0.525,0.811045,0.188955,71783.03
1775779839212,2026-04-10T00:10:39.212,btc-updown-15m-1775779200,1775780100,Up,38695399231721476877096504968920656384238820420284922561977249082682533098050,15850116068011637107032304871618163721955898959397512124188038254834447183522,0.47,0.48,55.5,238.22,0.01,0.52,0.53,238.22,55.5,0.01,0.475,0.525,0.811045,0.188955,71783.03
1775779840213,2026-04-10T00:10:40.213,btc-updown-15m-1775779200,1775780100,Up,38695399231721476877096504968920656384238820420284922561977249082682533098050,15850116068011637107032304871618163721955898959397512124188038254834447183522,0.49,0.51,50.0,89.67,0.02,0.49,0.51,89.67,50.0,0.02,0.5,0.5,0.642013,0.357987,71790.17
1775779841213,2026-04-10T00:10:41.213,btc-updown-15m-1775779200,1775780100,Up,38695399231721476877096504968920656384238820420284922561977249082682533098050,15850116068011637107032304871618163721955898959397512124188038254834447183522,0.51,0.53,90.0,252.5,0.02,0.47,0.49,252.5,90.0,0.02,0.52,0.48,0.737226,0.262774,71790.17
1775779842214,2026-04-10T00:10:42.214,btc-updown-15m-1775779200,1775780100,Up,38695399231721476877096504968920656384238820420284922561977249082682533098050,15850116068011637107032304871618163721955898959397512124188038254834447183522,0.52,0.53,197.5,63.79,0.01,0.47,0.48,63.79,197.5,0.01,0.525,0.475,0.244135,0.755865,71790.17
1775779843214,2026-04-10T00:10:43.214,btc-updown-15m-1775779200,1775780100,Up,38695399231721476877096504968920656384238820420284922561977249082682533098050,15850116068011637107032304871618163721955898959397512124188038254834447183522,0.52,0.53,218.89,29.79,0.01,0.47,0.48,29.79,218.89,0.01,0.525,0.475,0.119793,0.880207,71791.61
1775779844215,2026-04-10T00:10:44.215,btc-updown-15m-1775779200,1775780100,Up,38695399231721476877096504968920656384238820420284922561977249082682533098050,15850116068011637107032304871618163721955898959397512124188038254834447183522,0.52,0.53,53.81,15.62,0.01,0.47,0.48,15.62,53.81,0.01,0.525,0.475,0.224975,0.775025,71791.61
1775779845216,2026-04-10T00:10:45.216,btc-updown-15m-1775779200,1775780100,Up,38695399231721476877096504968920656384238820420284922561977249082682533098050,15850116068011637107032304871618163721955898959397512124188038254834447183522,0.52,0.53,53.81,15.62,0.01,0.47,0.48,15.62,53.81,0.01,0.525,0.475,0.224975,0.775025,71791.61
1775779846216,2026-04-10T00:10:46.216,btc-updown-15m-1775779200,1775780100,Up,38695399231721476877096504968920656384238820420284922561977249082682533098050,15850116068011637107032304871618163721955898959397512124188038254834447183522,0.52,0.53,53.81,15.62,0.01,0.47,0.48,15.62,53.81,0.01,0.525,0.475,0.224975,0.775025,71791.62
1775779847217,2026-04-10T00:10:47.217,btc-updown-15m-1775779200,1775780100,Up,38695399231721476877096504968920656384238820420284922561977249082682533098050,15850116068011637107032304871618163721955898959397512124188038254834447183522,0.52,0.53,53.81,15.62,0.01,0.47,0.48,15.62,53.81,0.01,0.525,0.475,0.224975,0.775025,71791.62
1775779848218,2026-04-10T00:10:48.218,btc-updown-15m-1775779200,1775780100,Up,38695399231721476877096504968920656384238820420284922561977249082682533098050,15850116068011637107032304871618163721955898959397512124188038254834447183522,0.52,0.55,234.45,94.32,0.03,0.45,0.48,94.32,234.45,0.03,0.535,0.465,0.286887,0.713113,71791.62
1775779849218,2026-04-10T00:10:49.218,btc-updown-15m-1775779200,1775780100,Up,38695399231721476877096504968920656384238820420284922561977249082682533098050,15850116068011637107032304871618163721955898959397512124188038254834447183522,0.53,0.54,19.05,63.51,0.01,0.46,0.47,63.51,19.05,0.01,0.535,0.465,0.769259,0.230741,71791.61
1775779850220,2026-04-10T00:10:50.220,btc-updown-15m-1775779200,1775780100,Up,38695399231721476877096504968920656384238820420284922561977249082682533098050,15850116068011637107032304871618163721955898959397512124188038254834447183522,0.53,0.54,19.05,63.51,0.01,0.46,0.47,63.51,19.05,0.01,0.535,0.465,0.769259,0.230741,71791.61
1775779851221,2026-04-10T00:10:51.221,btc-updown-15m-1775779200,1775780100,Up,38695399231721476877096504968920656384238820420284922561977249082682533098050,15850116068011637107032304871618163721955898959397512124188038254834447183522,0.53,0.54,19.05,63.51,0.01,0.46,0.47,63.51,19.05,0.01,0.535,0.465,0.769259,0.230741,71791.61
1775779852221,2026-04-10T00:10:52.221,btc-updown-15m-1775779200,1775780100,Up,38695399231721476877096504968920656384238820420284922561977249082682533098050,15850116068011637107032304871618163721955898959397512124188038254834447183522,0.53,0.54,19.05,63.51,0.01,0.46,0.47,63.51,19.05,0.01,0.535,0.465,0.769259,0.230741,71791.61
1775779853222,2026-04-10T00:10:53.222,btc-updown-15m-1775779200,1775780100,Up,38695399231721476877096504968920656384238820420284922561977249082682533098050,15850116068011637107032304871618163721955898959397512124188038254834447183522,0.53,0.54,19.05,63.51,0.01,0.46,0.47,63.51,19.05,0.01,0.535,0.465,0.769259,0.230741,71791.61
1775779854223,2026-04-10T00:10:54.223,btc-updown-15m-1775779200,1775780100,Up,38695399231721476877096504968920656384238820420284922561977249082682533098050,15850116068011637107032304871618163721955898959397512124188038254834447183522,0.53,0.55,251.95,34.51,0.02,0.45,0.47,34.51,251.95,0.02,0.54,0.46,0.120471,0.879529,71791.61
1775779855223,2026-04-10T00:10:55.223,btc-updown-15m-1775779200,1775780100,Up,38695399231721476877096504968920656384238820420284922561977249082682533098050,15850116068011637107032304871618163721955898959397512124188038254834447183522,0.46,0.48,104.2,38.42,0.02,0.52,0.54,38.42,104.2,0.02,0.47,0.53,0.269387,0.730613,71784.16
1775779856224,2026-04-10T00:10:56.224,btc-updown-15m-1775779200,1775780100,Up,38695399231721476877096504968920656384238820420284922561977249082682533098050,15850116068011637107032304871618163721955898959397512124188038254834447183522,0.46,0.48,195.2,81.06,0.02,0.52,0.54,81.06,195.2,0.02,0.47,0.53,0.293419,0.706581,71784.16
1775779857225,2026-04-10T00:10:57.225,btc-updown-15m-1775779200,1775780100,Up,38695399231721476877096504968920656384238820420284922561977249082682533098050,15850116068011637107032304871618163721955898959397512124188038254834447183522,0.47,0.56,50.0,207.15,0.09,0.41,0.47,24.0,105.5,0.06,0.515,0.44,0.805561,0.814672,71784.16
1775779858225,2026-04-10T00:10:58.225,btc-updown-15m-1775779200,1775780100,Up,38695399231721476877096504968920656384238820420284922561977249082682533098050,15850116068011637107032304871618163721955898959397512124188038254834447183522,0.6,0.63,59.46,37.85,0.03,0.37,0.4,37.85,59.46,0.03,0.615,0.385,0.388963,0.611037,71837.59
1775779859226,2026-04-10T00:10:59.226,btc-updown-15m-1775779200,1775780100,Up,38695399231721476877096504968920656384238820420284922561977249082682533098050,15850116068011637107032304871618163721955898959397512124188038254834447183522,0.68,0.7,16.0,326.43,0.02,0.3,0.32,326.43,16.0,0.02,0.69,0.31,0.953275,0.046725,71837.59
1775779860226,2026-04-10T00:11:00.226,btc-updown-15m-1775779200,1775780100,Up,38695399231721476877096504968920656384238820420284922561977249082682533098050,15850116068011637107032304871618163721955898959397512124188038254834447183522,0.7,0.71,42.26,222.78,0.01,0.29,0.3,222.78,42.26,0.01,0.705,0.295,0.840552,0.159448,71837.59
1775779861227,2026-04-10T00:11:01.227,btc-updown-15m-1775779200,1775780100,Up,38695399231721476877096504968920656384238820420284922561977249082682533098050,15850116068011637107032304871618163721955898959397512124188038254834447183522,0.67,0.69,35.0,309.0,0.02,0.31,0.33,309.0,35.0,0.02,0.68,0.32,0.898256,0.101744,71837.58
1775779862227,2026-04-10T00:11:02.227,btc-updown-15m-1775779200,1775780100,Up,38695399231721476877096504968920656384238820420284922561977249082682533098050,15850116068011637107032304871618163721955898959397512124188038254834447183522,0.7,0.71,89.56,25.1,0.01,0.29,0.3,25.1,89.56,0.01,0.705,0.295,0.218908,0.781092,71837.58
1775779863228,2026-04-10T00:11:03.228,btc-updown-15m-1775779200,1775780100,Up,38695399231721476877096504968920656384238820420284922561977249082682533098050,15850116068011637107032304871618163721955898959397512124188038254834447183522,0.65,0.66,235.84,54.0,0.01,0.34,0.35,46.57,158.84,0.01,0.655,0.345,0.18631,0.773283,71837.58
1775779864228,2026-04-10T00:11:04.228,btc-updown-15m-1775779200,1775780100,Up,38695399231721476877096504968920656384238820420284922561977249082682533098050,15850116068011637107032304871618163721955898959397512124188038254834447183522,0.65,0.66,18.11,157.97,0.01,0.34,0.35,157.97,18.11,0.01,0.655,0.345,0.897149,0.102851,71830.4
1775779865229,2026-04-10T00:11:05.229,btc-updown-15m-1775779200,1775780100,Up,38695399231721476877096504968920656384238820420284922561977249082682533098050,15850116068011637107032304871618163721955898959397512124188038254834447183522,0.67,0.68,230.53,33.46,0.01,0.32,0.33,33.46,230.53,0.01,0.675,0.325,0.126747,0.873253,71830.4
1775779866230,2026-04-10T00:11:06.230,btc-updown-15m-1775779200,1775780100,Up,38695399231721476877096504968920656384238820420284922561977249082682533098050,15850116068011637107032304871618163721955898959397512124188038254834447183522,0.66,0.68,54.4,89.04,0.02,0.32,0.34,89.04,54.4,0.02,0.67,0.33,0.620747,0.379253,71830.4
1775779867230,2026-04-10T00:11:07.230,btc-updown-15m-1775779200,1775780100,Up,38695399231721476877096504968920656384238820420284922561977249082682533098050,15850116068011637107032304871618163721955898959397512124188038254834447183522,0.64,0.65,126.54,371.26,0.01,0.35,0.36,371.26,126.54,0.01,0.645,0.355,0.745802,0.254198,71825.58
1775779868231,2026-04-10T00:11:08.231,btc-updown-15m-1775779200,1775780100,Up,38695399231721476877096504968920656384238820420284922561977249082682533098050,15850116068011637107032304871618163721955898959397512124188038254834447183522,0.64,0.65,20.96,350.26,0.01,0.35,0.36,350.26,20.96,0.01,0.645,0.355,0.943538,0.056462,71825.58
1775779869231,2026-04-10T00:11:09.231,btc-updown-15m-1775779200,1775780100,Up,38695399231721476877096504968920656384238820420284922561977249082682533098050,15850116068011637107032304871618163721955898959397512124188038254834447183522,0.64,0.66,92.92,378.26,0.02,0.34,0.36,378.26,92.92,0.02,0.65,0.35,0.802793,0.197207,71825.58
1775779870232,2026-04-10T00:11:10.232,btc-updown-15m-1775779200,1775780100,Up,38695399231721476877096504968920656384238820420284922561977249082682533098050,15850116068011637107032304871618163721955898959397512124188038254834447183522,0.65,0.67,47.86,56.29,0.02,0.33,0.35,56.29,47.86,0.02,0.66,0.34,0.54047,0.45953,71825.59
1775779871233,2026-04-10T00:11:11.233,btc-updown-15m-1775779200,1775780100,Up,38695399231721476877096504968920656384238820420284922561977249082682533098050,15850116068011637107032304871618163721955898959397512124188038254834447183522,0.68,0.69,60.0,108.0,0.01,0.31,0.32,108.0,60.0,0.01,0.685,0.315,0.642857,0.357143,71825.59
1775779872233,2026-04-10T00:11:12.233,btc-updown-15m-1775779200,1775780100,Up,38695399231721476877096504968920656384238820420284922561977249082682533098050,15850116068011637107032304871618163721955898959397512124188038254834447183522,0.72,0.73,2.89,298.5,0.01,0.27,0.28,298.5,2.89,0.01,0.725,0.275,0.990411,0.009589,71825.59
1775779873234,2026-04-10T00:11:13.234,btc-updown-15m-1775779200,1775780100,Up,38695399231721476877096504968920656384238820420284922561977249082682533098050,15850116068011637107032304871618163721955898959397512124188038254834447183522,0.75,0.76,11.53,52.0,0.01,0.24,0.25,52.0,11.53,0.01,0.755,0.245,0.818511,0.181489,71843.3
1775779874235,2026-04-10T00:11:14.235,btc-updown-15m-1775779200,1775780100,Up,38695399231721476877096504968920656384238820420284922561977249082682533098050,15850116068011637107032304871618163721955898959397512124188038254834447183522,0.76,0.77,145.71,106.91,0.01,0.23,0.24,53.9,117.0,0.01,0.765,0.235,0.423205,0.684611,71843.3
1775779875235,2026-04-10T00:11:15.235,btc-updown-15m-1775779200,1775780100,Up,38695399231721476877096504968920656384238820420284922561977249082682533098050,15850116068011637107032304871618163721955898959397512124188038254834447183522,0.76,0.78,177.68,25.3,0.02,0.22,0.24,25.3,177.68,0.02,0.77,0.23,0.124643,0.875357,71843.3
1775779876235,2026-04-10T00:11:16.235,btc-updown-15m-1775779200,1775780100,Up,38695399231721476877096504968920656384238820420284922561977249082682533098050,15850116068011637107032304871618163721955898959397512124188038254834447183522,0.77,0.78,186.78,31.0,0.01,0.22,0.23,31.0,186.78,0.01,0.775,0.225,0.142345,0.857655,71844.46
1775779877235,2026-04-10T00:11:17.235,btc-updown-15m-1775779200,1775780100,Up,38695399231721476877096504968920656384238820420284922561977249082682533098050,15850116068011637107032304871618163721955898959397512124188038254834447183522,0.78,0.79,5.0,52.2,0.01,0.21,0.22,52.2,5.0,0.01,0.785,0.215,0.912587,0.087413,71844.46
1775779878236,2026-04-10T00:11:18.236,btc-updown-15m-1775779200,1775780100,Up,38695399231721476877096504968920656384238820420284922561977249082682533098050,15850116068011637107032304871618163721955898959397512124188038254834447183522,0.79,0.8,25.0,263.73,0.01,0.2,0.21,263.73,25.0,0.01,0.795,0.205,0.913414,0.086586,71844.46
1775779879238,2026-04-10T00:11:19.238,btc-updown-15m-1775779200,1775780100,Up,38695399231721476877096504968920656384238820420284922561977249082682533098050,15850116068011637107032304871618163721955898959397512124188038254834447183522,0.79,0.8,25.0,177.65,0.01,0.2,0.21,177.65,25.0,0.01,0.795,0.205,0.876635,0.123365,71853.8
1775779880238,2026-04-10T00:11:20.238,btc-updown-15m-1775779200,1775780100,Up,38695399231721476877096504968920656384238820420284922561977249082682533098050,15850116068011637107032304871618163721955898959397512124188038254834447183522,0.79,0.8,25.0,177.65,0.01,0.2,0.21,177.65,25.0,0.01,0.795,0.205,0.876635,0.123365,71853.8
1775779881239,2026-04-10T00:11:21.239,btc-updown-15m-1775779200,1775780100,Up,38695399231721476877096504968920656384238820420284922561977249082682533098050,15850116068011637107032304871618163721955898959397512124188038254834447183522,0.79,0.8,25.02,134.89,0.01,0.2,0.21,134.89,25.02,0.01,0.795,0.205,0.843537,0.156463,71853.8
1775779882240,2026-04-10T00:11:22.240,btc-updown-15m-1775779200,1775780100,Up,38695399231721476877096504968920656384238820420284922561977249082682533098050,15850116068011637107032304871618163721955898959397512124188038254834447183522,0.78,0.79,41.69,258.44,0.01,0.21,0.22,258.44,41.69,0.01,0.785,0.215,0.861094,0.138906,71852.22
1775779883241,2026-04-10T00:11:23.241,btc-updown-15m-1775779200,1775780100,Up,38695399231721476877096504968920656384238820420284922561977249082682533098050,15850116068011637107032304871618163721955898959397512124188038254834447183522,0.79,0.8,166.35,205.0,0.01,0.2,0.21,205.0,166.35,0.01,0.795,0.205,0.55204,0.44796,71852.22
1775779884241,2026-04-10T00:11:24.241,btc-updown-15m-1775779200,1775780100,Up,38695399231721476877096504968920656384238820420284922561977249082682533098050,15850116068011637107032304871618163721955898959397512124188038254834447183522,0.79,0.8,189.11,172.38,0.01,0.2,0.21,172.38,189.11,0.01,0.795,0.205,0.47686,0.52314,71852.22
1775779885242,2026-04-10T00:11:25.242,btc-updown-15m-1775779200,1775780100,Up,38695399231721476877096504968920656384238820420284922561977249082682533098050,15850116068011637107032304871618163721955898959397512124188038254834447183522,0.79,0.8,389.06,137.38,0.01,0.2,0.21,137.38,389.06,0.01,0.795,0.205,0.26096,0.73904,71846.71
1775779886242,2026-04-10T00:11:26.242,btc-updown-15m-1775779200,1775780100,Up,38695399231721476877096504968920656384238820420284922561977249082682533098050,15850116068011637107032304871618163721955898959397512124188038254834447183522,0.79,0.8,124.55,128.02,0.01,0.2,0.21,123.02,120.0,0.01,0.795,0.205,0.506869,0.493787,71846.71
1775779887243,2026-04-10T00:11:27.243,btc-updown-15m-1775779200,1775780100,Up,38695399231721476877096504968920656384238820420284922561977249082682533098050,15850116068011637107032304871618163721955898959397512124188038254834447183522,0.79,0.8,13.56,62.87,0.01,0.2,0.21,62.87,13.56,0.01,0.795,0.205,0.822583,0.177417,71846.71
1775779888244,2026-04-10T00:11:28.244,btc-updown-15m-1775779200,1775780100,Up,38695399231721476877096504968920656384238820420284922561977249082682533098050,15850116068011637107032304871618163721955898959397512124188038254834447183522,0.8,0.81,74.92,280.78,0.01,0.19,0.2,280.78,74.92,0.01,0.805,0.195,0.789373,0.210627,71840.96
1775779889245,2026-04-10T00:11:29.245,btc-updown-15m-1775779200,1775780100,Up,38695399231721476877096504968920656384238820420284922561977249082682533098050,15850116068011637107032304871618163721955898959397512124188038254834447183522,0.8,0.81,74.92,280.78,0.01,0.19,0.2,280.78,74.92,0.01,0.805,0.195,0.789373,0.210627,71840.96
1775779890246,2026-04-10T00:11:30.246,btc-updown-15m-1775779200,1775780100,Up,38695399231721476877096504968920656384238820420284922561977249082682533098050,15850116068011637107032304871618163721955898959397512124188038254834447183522,0.8,0.81,74.92,280.78,0.01,0.19,0.2,280.78,74.92,0.01,0.805,0.195,0.789373,0.210627,71840.96
1775779891247,2026-04-10T00:11:31.247,btc-updown-15m-1775779200,1775780100,Up,38695399231721476877096504968920656384238820420284922561977249082682533098050,15850116068011637107032304871618163721955898959397512124188038254834447183522,0.8,0.81,310.66,28.0,0.01,0.19,0.2,28.0,310.66,0.01,0.805,0.195,0.082679,0.917321,71840.97
1775779892248,2026-04-10T00:11:32.248,btc-updown-15m-1775779200,1775780100,Up,38695399231721476877096504968920656384238820420284922561977249082682533098050,15850116068011637107032304871618163721955898959397512124188038254834447183522,0.8,0.81,359.73,33.0,0.01,0.19,0.2,33.0,359.73,0.01,0.805,0.195,0.084027,0.915973,71840.97
1775779893248,2026-04-10T00:11:33.248,btc-updown-15m-1775779200,1775780100,Up,38695399231721476877096504968920656384238820420284922561977249082682533098050,15850116068011637107032304871618163721955898959397512124188038254834447183522,0.8,0.81,277.05,44.87,0.01,0.19,0.2,44.87,277.05,0.01,0.805,0.195,0.139382,0.860618,71840.97
1775779894249,2026-04-10T00:11:34.249,btc-updown-15m-1775779200,1775780100,Up,38695399231721476877096504968920656384238820420284922561977249082682533098050,15850116068011637107032304871618163721955898959397512124188038254834447183522,0.8,0.81,277.05,44.87,0.01,0.19,0.2,44.87,277.05,0.01,0.805,0.195,0.139382,0.860618,71840.97
1775779895250,2026-04-10T00:11:35.250,btc-updown-15m-1775779200,1775780100,Up,38695399231721476877096504968920656384238820420284922561977249082682533098050,15850116068011637107032304871618163721955898959397512124188038254834447183522,0.8,0.81,279.85,64.87,0.01,0.19,0.2,64.87,279.85,0.01,0.805,0.195,0.188182,0.811818,71840.97
1775779896252,2026-04-10T00:11:36.252,btc-updown-15m-1775779200,1775780100,Up,38695399231721476877096504968920656384238820420284922561977249082682533098050,15850116068011637107032304871618163721955898959397512124188038254834447183522,0.8,0.81,279.85,64.87,0.01,0.19,0.2,64.87,279.85,0.01,0.805,0.195,0.188182,0.811818,71840.97
1775779897253,2026-04-10T00:11:37.253,btc-updown-15m-1775779200,1775780100,Up,38695399231721476877096504968920656384238820420284922561977249082682533098050,15850116068011637107032304871618163721955898959397512124188038254834447183522,0.8,0.81,279.85,64.87,0.01,0.19,0.2,64.87,279.85,0.01,0.805,0.195,0.188182,0.811818,71840.97
1775779898253,2026-04-10T00:11:38.253,btc-updown-15m-1775779200,1775780100,Up,38695399231721476877096504968920656384238820420284922561977249082682533098050,15850116068011637107032304871618163721955898959397512124188038254834447183522,0.8,0.81,190.85,47.0,0.01,0.19,0.2,47.0,190.85,0.01,0.805,0.195,0.197604,0.802396,71840.97
1775779899254,2026-04-10T00:11:39.254,btc-updown-15m-1775779200,1775780100,Up,38695399231721476877096504968920656384238820420284922561977249082682533098050,15850116068011637107032304871618163721955898959397512124188038254834447183522,0.8,0.81,190.85,43.07,0.01,0.19,0.2,43.07,190.85,0.01,0.805,0.195,0.184123,0.815877,71840.97
1775779900255,2026-04-10T00:11:40.255,btc-updown-15m-1775779200,1775780100,Up,38695399231721476877096504968920656384238820420284922561977249082682533098050,15850116068011637107032304871618163721955898959397512124188038254834447183522,0.8,0.81,190.85,43.07,0.01,0.19,0.2,43.07,190.85,0.01,0.805,0.195,0.184123,0.815877,71840.97
1775779901255,2026-04-10T00:11:41.255,btc-updown-15m-1775779200,1775780100,Up,38695399231721476877096504968920656384238820420284922561977249082682533098050,15850116068011637107032304871618163721955898959397512124188038254834447183522,0.8,0.81,190.85,43.07,0.01,0.19,0.2,43.07,190.85,0.01,0.805,0.195,0.184123,0.815877,71840.97
1775779902256,2026-04-10T00:11:42.256,btc-updown-15m-1775779200,1775780100,Up,38695399231721476877096504968920656384238820420284922561977249082682533098050,15850116068011637107032304871618163721955898959397512124188038254834447183522,0.8,0.81,36.32,56.74,0.01,0.19,0.2,56.74,36.32,0.01,0.805,0.195,0.609714,0.390286,71840.97
1775779903257,2026-04-10T00:11:43.257,btc-updown-15m-1775779200,1775780100,Up,38695399231721476877096504968920656384238820420284922561977249082682533098050,15850116068011637107032304871618163721955898959397512124188038254834447183522,0.8,0.81,36.32,56.74,0.01,0.19,0.2,56.74,36.32,0.01,0.805,0.195,0.609714,0.390286,71840.97
1775779904258,2026-04-10T00:11:44.258,btc-updown-15m-1775779200,1775780100,Up,38695399231721476877096504968920656384238820420284922561977249082682533098050,15850116068011637107032304871618163721955898959397512124188038254834447183522,0.8,0.81,26.32,103.74,0.01,0.19,0.2,103.74,26.32,0.01,0.805,0.195,0.797632,0.202368,71840.97
1775779905258,2026-04-10T00:11:45.258,btc-updown-15m-1775779200,1775780100,Up,38695399231721476877096504968920656384238820420284922561977249082682533098050,15850116068011637107032304871618163721955898959397512124188038254834447183522,0.81,0.82,160.18,73.68,0.01,0.18,0.19,73.68,160.18,0.01,0.815,0.185,0.31506,0.68494,71840.97
1775779906259,2026-04-10T00:11:46.259,btc-updown-15m-1775779200,1775780100,Up,38695399231721476877096504968920656384238820420284922561977249082682533098050,15850116068011637107032304871618163721955898959397512124188038254834447183522,0.81,0.82,160.18,73.68,0.01,0.18,0.19,73.68,160.18,0.01,0.815,0.185,0.31506,0.68494,71840.96
1775779907260,2026-04-10T00:11:47.260,btc-updown-15m-1775779200,1775780100,Up,38695399231721476877096504968920656384238820420284922561977249082682533098050,15850116068011637107032304871618163721955898959397512124188038254834447183522,0.81,0.82,110.18,130.65,0.01,0.18,0.19,130.65,110.18,0.01,0.815,0.185,0.542499,0.457501,71840.96
1775779908261,2026-04-10T00:11:48.261,btc-updown-15m-1775779200,1775780100,Up,38695399231721476877096504968920656384238820420284922561977249082682533098050,15850116068011637107032304871618163721955898959397512124188038254834447183522,0.81,0.82,110.18,129.38,0.01,0.18,0.19,129.38,110.18,0.01,0.815,0.185,0.540073,0.459927,71840.96
1775779909262,2026-04-10T00:11:49.262,btc-updown-15m-1775779200,1775780100,Up,38695399231721476877096504968920656384238820420284922561977249082682533098050,15850116068011637107032304871618163721955898959397512124188038254834447183522,0.81,0.82,110.18,129.38,0.01,0.18,0.19,129.38,110.18,0.01,0.815,0.185,0.540073,0.459927,71840.96
1775779910263,2026-04-10T00:11:50.263,btc-updown-15m-1775779200,1775780100,Up,38695399231721476877096504968920656384238820420284922561977249082682533098050,15850116068011637107032304871618163721955898959397512124188038254834447183522,0.81,0.82,110.18,129.38,0.01,0.18,0.19,129.38,110.18,0.01,0.815,0.185,0.540073,0.459927,71840.96
1775779911264,2026-04-10T00:11:51.264,btc-updown-15m-1775779200,1775780100,Up,38695399231721476877096504968920656384238820420284922561977249082682533098050,15850116068011637107032304871618163721955898959397512124188038254834447183522,0.81,0.82,60.18,25.43,0.01,0.18,0.19,25.43,60.18,0.01,0.815,0.185,0.297045,0.702955,71840.96
1775779912265,2026-04-10T00:11:52.265,btc-updown-15m-1775779200,1775780100,Up,38695399231721476877096504968920656384238820420284922561977249082682533098050,15850116068011637107032304871618163721955898959397512124188038254834447183522,0.81,0.82,60.18,25.43,0.01,0.18,0.19,25.43,60.18,0.01,0.815,0.185,0.297045,0.702955,71840.96
1775779913266,2026-04-10T00:11:53.266,btc-updown-15m-1775779200,1775780100,Up,38695399231721476877096504968920656384238820420284922561977249082682533098050,15850116068011637107032304871618163721955898959397512124188038254834447183522,0.81,0.82,50.18,272.23,0.01,0.18,0.19,272.23,50.18,0.01,0.815,0.185,0.84436,0.15564,71840.96
1775779914266,2026-04-10T00:11:54.266,btc-updown-15m-1775779200,1775780100,Up,38695399231721476877096504968920656384238820420284922561977249082682533098050,15850116068011637107032304871618163721955898959397512124188038254834447183522,0.81,0.82,50.18,419.8,0.01,0.18,0.19,419.8,50.18,0.01,0.815,0.185,0.893229,0.106771,71840.96
1775779915268,2026-04-10T00:11:55.268,btc-updown-15m-1775779200,1775780100,Up,38695399231721476877096504968920656384238820420284922561977249082682533098050,15850116068011637107032304871618163721955898959397512124188038254834447183522,0.81,0.82,50.18,419.8,0.01,0.18,0.19,419.8,50.18,0.01,0.815,0.185,0.893229,0.106771,71840.97
1775779916268,2026-04-10T00:11:56.268,btc-updown-15m-1775779200,1775780100,Up,38695399231721476877096504968920656384238820420284922561977249082682533098050,15850116068011637107032304871618163721955898959397512124188038254834447183522,0.81,0.82,11.41,187.45,0.01,0.18,0.19,187.45,11.41,0.01,0.815,0.185,0.942623,0.057377,71840.97
1775779917269,2026-04-10T00:11:57.269,btc-updown-15m-1775779200,1775780100,Up,38695399231721476877096504968920656384238820420284922561977249082682533098050,15850116068011637107032304871618163721955898959397512124188038254834447183522,0.81,0.82,11.41,187.45,0.01,0.18,0.19,187.45,11.41,0.01,0.815,0.185,0.942623,0.057377,71840.97
1775779918270,2026-04-10T00:11:58.270,btc-updown-15m-1775779200,1775780100,Up,38695399231721476877096504968920656384238820420284922561977249082682533098050,15850116068011637107032304871618163721955898959397512124188038254834447183522,0.81,0.82,11.41,187.45,0.01,0.18,0.19,187.45,11.41,0.01,0.815,0.185,0.942623,0.057377,71840.96
1775779919270,2026-04-10T00:11:59.270,btc-updown-15m-1775779200,1775780100,Up,38695399231721476877096504968920656384238820420284922561977249082682533098050,15850116068011637107032304871618163721955898959397512124188038254834447183522,0.81,0.82,11.41,285.14,0.01,0.18,0.19,285.14,11.41,0.01,0.815,0.185,0.961524,0.038476,71840.96
1775779920271,2026-04-10T00:12:00.271,btc-updown-15m-1775779200,1775780100,Up,38695399231721476877096504968920656384238820420284922561977249082682533098050,15850116068011637107032304871618163721955898959397512124188038254834447183522,0.82,0.83,16.59,43.75,0.01,0.17,0.18,43.75,16.59,0.01,0.825,0.175,0.725058,0.274942,71840.96
1775779921271,2026-04-10T00:12:01.271,btc-updown-15m-1775779200,1775780100,Up,38695399231721476877096504968920656384238820420284922561977249082682533098050,15850116068011637107032304871618163721955898959397512124188038254834447183522,0.82,0.83,15.38,192.75,0.01,0.17,0.18,192.75,15.38,0.01,0.825,0.175,0.926104,0.073896,71840.96
1775779922272,2026-04-10T00:12:02.272,btc-updown-15m-1775779200,1775780100,Up,38695399231721476877096504968920656384238820420284922561977249082682533098050,15850116068011637107032304871618163721955898959397512124188038254834447183522,0.82,0.84,24.11,262.75,0.02,0.16,0.18,262.75,24.11,0.02,0.83,0.17,0.915952,0.084048,71840.96
1775779923272,2026-04-10T00:12:03.272,btc-updown-15m-1775779200,1775780100,Up,38695399231721476877096504968920656384238820420284922561977249082682533098050,15850116068011637107032304871618163721955898959397512124188038254834447183522,0.82,0.84,24.11,262.75,0.02,0.16,0.18,262.75,24.11,0.02,0.83,0.17,0.915952,0.084048,71840.96
1775779924273,2026-04-10T00:12:04.273,btc-updown-15m-1775779200,1775780100,Up,38695399231721476877096504968920656384238820420284922561977249082682533098050,15850116068011637107032304871618163721955898959397512124188038254834447183522,0.88,0.89,235.3,26.22,0.01,0.11,0.12,26.22,235.3,0.01,0.885,0.115,0.10026,0.89974,71876.0
1775779925273,2026-04-10T00:12:05.273,btc-updown-15m-1775779200,1775780100,Up,38695399231721476877096504968920656384238820420284922561977249082682533098050,15850116068011637107032304871618163721955898959397512124188038254834447183522,0.93,0.94,40.28,69.85,0.01,0.06,0.07,69.85,40.28,0.01,0.935,0.065,0.63425,0.36575,71876.0
1775779926273,2026-04-10T00:12:06.273,btc-updown-15m-1775779200,1775780100,Up,38695399231721476877096504968920656384238820420284922561977249082682533098050,15850116068011637107032304871618163721955898959397512124188038254834447183522,0.93,0.94,105.4,245.55,0.01,0.06,0.07,245.55,105.4,0.01,0.935,0.065,0.699672,0.300328,71876.0
1775779927273,2026-04-10T00:12:07.273,btc-updown-15m-1775779200,1775780100,Up,38695399231721476877096504968920656384238820420284922561977249082682533098050,15850116068011637107032304871618163721955898959397512124188038254834447183522,0.94,0.95,58.93,350.58,0.01,0.05,0.06,350.58,58.93,0.01,0.945,0.055,0.856096,0.143904,71875.99
1775779928275,2026-04-10T00:12:08.275,btc-updown-15m-1775779200,1775780100,Up,38695399231721476877096504968920656384238820420284922561977249082682533098050,15850116068011637107032304871618163721955898959397512124188038254834447183522,0.94,0.95,85.23,209.34,0.01,0.05,0.06,209.34,85.23,0.01,0.945,0.055,0.710663,0.289337,71875.99
1775779929276,2026-04-10T00:12:09.276,btc-updown-15m-1775779200,1775780100,Up,38695399231721476877096504968920656384238820420284922561977249082682533098050,15850116068011637107032304871618163721955898959397512124188038254834447183522,0.94,0.95,282.45,107.22,0.01,0.05,0.09,261.95,406.45,0.04,0.945,0.07,0.275156,0.608094,71875.99
1775779930276,2026-04-10T00:12:10.276,btc-updown-15m-1775779200,1775780100,Up,38695399231721476877096504968920656384238820420284922561977249082682533098050,15850116068011637107032304871618163721955898959397512124188038254834447183522,0.95,0.96,8.9,10.0,0.01,0.04,0.05,10.0,8.9,0.01,0.955,0.045,0.529101,0.470899,71894.85
1775779931277,2026-04-10T00:12:11.277,btc-updown-15m-1775779200,1775780100,Up,38695399231721476877096504968920656384238820420284922561977249082682533098050,15850116068011637107032304871618163721955898959397512124188038254834447183522,0.96,0.97,574.76,116.69,0.01,0.03,0.04,116.69,574.76,0.01,0.965,0.035,0.168761,0.831239,71894.85
1775779932278,2026-04-10T00:12:12.278,btc-updown-15m-1775779200,1775780100,Up,38695399231721476877096504968920656384238820420284922561977249082682533098050,15850116068011637107032304871618163721955898959397512124188038254834447183522,0.95,0.97,535.72,275.58,0.02,0.03,0.05,275.58,535.72,0.02,0.96,0.04,0.339677,0.660323,71894.85
1775779933278,2026-04-10T00:12:13.278,btc-updown-15m-1775779200,1775780100,Up,38695399231721476877096504968920656384238820420284922561977249082682533098050,15850116068011637107032304871618163721955898959397512124188038254834447183522,0.95,0.96,327.87,225.47,0.01,0.04,0.05,225.47,327.87,0.01,0.955,0.045,0.407471,0.592529,71890.77
1775779934279,2026-04-10T00:12:14.279,btc-updown-15m-1775779200,1775780100,Up,38695399231721476877096504968920656384238820420284922561977249082682533098050,15850116068011637107032304871618163721955898959397512124188038254834447183522,0.95,0.96,327.87,225.47,0.01,0.04,0.05,225.47,327.87,0.01,0.955,0.045,0.407471,0.592529,71890.77
1775779935279,2026-04-10T00:12:15.279,btc-updown-15m-1775779200,1775780100,Up,38695399231721476877096504968920656384238820420284922561977249082682533098050,15850116068011637107032304871618163721955898959397512124188038254834447183522,0.94,0.95,57.59,36.87,0.01,0.05,0.06,36.87,57.59,0.01,0.945,0.055,0.390324,0.609676,71890.77
1775779936280,2026-04-10T00:12:16.280,btc-updown-15m-1775779200,1775780100,Up,38695399231721476877096504968920656384238820420284922561977249082682533098050,15850116068011637107032304871618163721955898959397512124188038254834447183522,0.94,0.95,19.56,83.27,0.01,0.05,0.06,83.27,19.56,0.01,0.945,0.055,0.809783,0.190217,71875.04
1775779937281,2026-04-10T00:12:17.281,btc-updown-15m-1775779200,1775780100,Up,38695399231721476877096504968920656384238820420284922561977249082682533098050,15850116068011637107032304871618163721955898959397512124188038254834447183522,0.92,0.94,155.18,179.04,0.02,0.06,0.08,179.04,155.18,0.02,0.93,0.07,0.535695,0.464305,71875.04
1775779938281,2026-04-10T00:12:18.281,btc-updown-15m-1775779200,1775780100,Up,38695399231721476877096504968920656384238820420284922561977249082682533098050,15850116068011637107032304871618163721955898959397512124188038254834447183522,0.92,0.94,155.18,179.04,0.02,0.06,0.08,179.04,155.18,0.02,0.93,0.07,0.535695,0.464305,71875.04
1775779939281,2026-04-10T00:12:19.281,btc-updown-15m-1775779200,1775780100,Up,38695399231721476877096504968920656384238820420284922561977249082682533098050,15850116068011637107032304871618163721955898959397512124188038254834447183522,0.89,0.91,75.14,251.0,0.02,0.09,0.11,251.0,75.14,0.02,0.9,0.1,0.769608,0.230392,71861.77
1775779940282,2026-04-10T00:12:20.282,btc-updown-15m-1775779200,1775780100,Up,38695399231721476877096504968920656384238820420284922561977249082682533098050,15850116068011637107032304871618163721955898959397512124188038254834447183522,0.9,0.91,160.14,41.0,0.01,0.09,0.1,41.0,160.14,0.01,0.905,0.095,0.203838,0.796162,71861.77
1775779941282,2026-04-10T00:12:21.282,btc-updown-15m-1775779200,1775780100,Up,38695399231721476877096504968920656384238820420284922561977249082682533098050,15850116068011637107032304871618163721955898959397512124188038254834447183522,0.9,0.91,160.14,41.0,0.01,0.09,0.1,41.0,160.14,0.01,0.905,0.095,0.203838,0.796162,71861.77
1775779942283,2026-04-10T00:12:22.283,btc-updown-15m-1775779200,1775780100,Up,38695399231721476877096504968920656384238820420284922561977249082682533098050,15850116068011637107032304871618163721955898959397512124188038254834447183522,0.9,0.91,456.78,8.7,0.01,0.09,0.1,8.7,456.78,0.01,0.905,0.095,0.01869,0.98131,71859.99
1775779943285,2026-04-10T00:12:23.285,btc-updown-15m-1775779200,1775780100,Up,38695399231721476877096504968920656384238820420284922561977249082682533098050,15850116068011637107032304871618163721955898959397512124188038254834447183522,0.88,0.89,6.29,261.5,0.01,0.11,0.12,261.5,6.29,0.01,0.885,0.115,0.976511,0.023489,71859.99
1775779944286,2026-04-10T00:12:24.286,btc-updown-15m-1775779200,1775780100,Up,38695399231721476877096504968920656384238820420284922561977249082682533098050,15850116068011637107032304871618163721955898959397512124188038254834447183522,0.89,0.9,220.07,240.42,0.01,0.1,0.11,240.42,220.07,0.01,0.895,0.105,0.522096,0.477904,71859.99
1775779945287,2026-04-10T00:12:25.287,btc-updown-15m-1775779200,1775780100,Up,38695399231721476877096504968920656384238820420284922561977249082682533098050,15850116068011637107032304871618163721955898959397512124188038254834447183522,0.9,0.91,233.05,63.12,0.01,0.09,0.1,63.12,233.05,0.01,0.905,0.095,0.213121,0.786879,71861.74
1775779946288,2026-04-10T00:12:26.288,btc-updown-15m-1775779200,1775780100,Up,38695399231721476877096504968920656384238820420284922561977249082682533098050,15850116068011637107032304871618163721955898959397512124188038254834447183522,0.88,0.89,191.03,225.75,0.01,0.11,0.12,225.75,191.03,0.01,0.885,0.115,0.541653,0.458347,71861.74
1775779947289,2026-04-10T00:12:27.289,btc-updown-15m-1775779200,1775780100,Up,38695399231721476877096504968920656384238820420284922561977249082682533098050,15850116068011637107032304871618163721955898959397512124188038254834447183522,0.9,0.91,238.05,13.0,0.01,0.09,0.1,13.0,238.05,0.01,0.905,0.095,0.051783,0.948217,71861.74
1775779948290,2026-04-10T00:12:28.290,btc-updown-15m-1775779200,1775780100,Up,38695399231721476877096504968920656384238820420284922561977249082682533098050,15850116068011637107032304871618163721955898959397512124188038254834447183522,0.87,0.91,288.5,19.18,0.04,0.09,0.13,6.79,288.5,0.04,0.89,0.11,0.062337,0.977006,71839.94
1775779949291,2026-04-10T00:12:29.291,btc-updown-15m-1775779200,1775780100,Up,38695399231721476877096504968920656384238820420284922561977249082682533098050,15850116068011637107032304871618163721955898959397512124188038254834447183522,0.86,0.87,15.0,19.08,0.01,0.13,0.14,19.08,15.0,0.01,0.865,0.135,0.559859,0.440141,71839.94
1775779950291,2026-04-10T00:12:30.291,btc-updown-15m-1775779200,1775780100,Up,38695399231721476877096504968920656384238820420284922561977249082682533098050,15850116068011637107032304871618163721955898959397512124188038254834447183522,0.86,0.87,84.01,354.25,0.01,0.13,0.14,354.25,84.01,0.01,0.865,0.135,0.80831,0.19169,71839.94
1775779951292,2026-04-10T00:12:31.292,btc-updown-15m-1775779200,1775780100,Up,38695399231721476877096504968920656384238820420284922561977249082682533098050,15850116068011637107032304871618163721955898959397512124188038254834447183522,0.88,0.89,279.79,41.83,0.01,0.11,0.12,41.83,279.79,0.01,0.885,0.115,0.13006,0.86994,71852.0
1775779952293,2026-04-10T00:12:32.293,btc-updown-15m-1775779200,1775780100,Up,38695399231721476877096504968920656384238820420284922561977249082682533098050,15850116068011637107032304871618163721955898959397512124188038254834447183522,0.88,0.89,114.69,270.0,0.01,0.11,0.12,270.0,114.69,0.01,0.885,0.115,0.701864,0.298136,71852.0
1775779953293,2026-04-10T00:12:33.293,btc-updown-15m-1775779200,1775780100,Up,38695399231721476877096504968920656384238820420284922561977249082682533098050,15850116068011637107032304871618163721955898959397512124188038254834447183522,0.88,0.89,106.69,270.0,0.01,0.11,0.12,270.0,106.69,0.01,0.885,0.115,0.71677,0.28323,71852.0
1775779954293,2026-04-10T00:12:34.293,btc-updown-15m-1775779200,1775780100,Up,38695399231721476877096504968920656384238820420284922561977249082682533098050,15850116068011637107032304871618163721955898959397512124188038254834447183522,0.88,0.89,177.43,31.0,0.01,0.11,0.12,31.0,177.43,0.01,0.885,0.115,0.148731,0.851269,71851.99
1775779955294,2026-04-10T00:12:35.294,btc-updown-15m-1775779200,1775780100,Up,38695399231721476877096504968920656384238820420284922561977249082682533098050,15850116068011637107032304871618163721955898959397512124188038254834447183522,0.88,0.89,177.43,31.0,0.01,0.11,0.12,31.0,177.43,0.01,0.885,0.115,0.148731,0.851269,71851.99
1775779956294,2026-04-10T00:12:36.294,btc-updown-15m-1775779200,1775780100,Up,38695399231721476877096504968920656384238820420284922561977249082682533098050,15850116068011637107032304871618163721955898959397512124188038254834447183522,0.9,0.91,55.0,78.0,0.01,0.09,0.1,78.0,55.0,0.01,0.905,0.095,0.586466,0.413534,71851.99
1775779957294,2026-04-10T00:12:37.294,btc-updown-15m-1775779200,1775780100,Up,38695399231721476877096504968920656384238820420284922561977249082682533098050,15850116068011637107032304871618163721955898959397512124188038254834447183522,0.91,0.92,37.93,331.92,0.01,0.08,0.09,331.92,37.93,0.01,0.915,0.085,0.897445,0.102555,71837.58
1775779958295,2026-04-10T00:12:38.295,btc-updown-15m-1775779200,1775780100,Up,38695399231721476877096504968920656384238820420284922561977249082682533098050,15850116068011637107032304871618163721955898959397512124188038254834447183522,0.91,0.92,201.65,35.0,0.01,0.08,0.09,35.0,201.65,0.01,0.915,0.085,0.147898,0.852102,71837.58
1775779959295,2026-04-10T00:12:39.295,btc-updown-15m-1775779200,1775780100,Up,38695399231721476877096504968920656384238820420284922561977249082682533098050,15850116068011637107032304871618163721955898959397512124188038254834447183522,0.83,0.85,352.0,156.15,0.02,0.15,0.17,156.15,269.0,0.02,0.84,0.16,0.307291,0.632718,71837.58
1775779960296,2026-04-10T00:12:40.296,btc-updown-15m-1775779200,1775780100,Up,38695399231721476877096504968920656384238820420284922561977249082682533098050,15850116068011637107032304871618163721955898959397512124188038254834447183522,0.7,0.74,138.84,1.86,0.04,0.26,0.3,1.86,138.84,0.04,0.72,0.28,0.01322,0.98678,71812.25
1775779961297,2026-04-10T00:12:41.297,btc-updown-15m-1775779200,1775780100,Up,38695399231721476877096504968920656384238820420284922561977249082682533098050,15850116068011637107032304871618163721955898959397512124188038254834447183522,0.69,0.7,20.0,10.3,0.01,0.3,0.31,10.3,20.0,0.01,0.695,0.305,0.339934,0.660066,71812.25
1775779962298,2026-04-10T00:12:42.298,btc-updown-15m-1775779200,1775780100,Up,38695399231721476877096504968920656384238820420284922561977249082682533098050,15850116068011637107032304871618163721955898959397512124188038254834447183522,0.68,0.69,37.65,69.61,0.01,0.31,0.32,69.61,37.65,0.01,0.685,0.315,0.648984,0.351016,71812.25
1775779963299,2026-04-10T00:12:43.299,btc-updown-15m-1775779200,1775780100,Up,38695399231721476877096504968920656384238820420284922561977249082682533098050,15850116068011637107032304871618163721955898959397512124188038254834447183522,0.7,0.72,70.44,16.5,0.02,0.28,0.3,16.5,70.44,0.02,0.71,0.29,0.189786,0.810214,71809.84
1775779964299,2026-04-10T00:12:44.299,btc-updown-15m-1775779200,1775780100,Up,38695399231721476877096504968920656384238820420284922561977249082682533098050,15850116068011637107032304871618163721955898959397512124188038254834447183522,0.7,0.71,91.8,42.09,0.01,0.29,0.3,42.09,91.8,0.01,0.705,0.295,0.314363,0.685637,71809.84
1775779965300,2026-04-10T00:12:45.300,btc-updown-15m-1775779200,1775780100,Up,38695399231721476877096504968920656384238820420284922561977249082682533098050,15850116068011637107032304871618163721955898959397512124188038254834447183522,0.7,0.71,110.0,15.96,0.01,0.29,0.3,15.96,110.0,0.01,0.705,0.295,0.126707,0.873293,71809.84
1775779966301,2026-04-10T00:12:46.301,btc-updown-15m-1775779200,1775780100,Up,38695399231721476877096504968920656384238820420284922561977249082682533098050,15850116068011637107032304871618163721955898959397512124188038254834447183522,0.74,0.75,269.93,18.58,0.01,0.25,0.26,18.58,269.93,0.01,0.745,0.255,0.0644,0.9356,71809.84
1775779967301,2026-04-10T00:12:47.301,btc-updown-15m-1775779200,1775780100,Up,38695399231721476877096504968920656384238820420284922561977249082682533098050,15850116068011637107032304871618163721955898959397512124188038254834447183522,0.7,0.72,154.08,1.5,0.02,0.28,0.3,1.5,154.08,0.02,0.71,0.29,0.009641,0.990359,71809.84
1775779968302,2026-04-10T00:12:48.302,btc-updown-15m-1775779200,1775780100,Up,38695399231721476877096504968920656384238820420284922561977249082682533098050,15850116068011637107032304871618163721955898959397512124188038254834447183522,0.71,0.72,32.08,67.45,0.01,0.28,0.29,67.45,32.08,0.01,0.715,0.285,0.677685,0.322315,71809.84
1775779969302,2026-04-10T00:12:49.302,btc-updown-15m-1775779200,1775780100,Up,38695399231721476877096504968920656384238820420284922561977249082682533098050,15850116068011637107032304871618163721955898959397512124188038254834447183522,0.71,0.72,32.08,67.45,0.01,0.28,0.29,67.45,32.08,0.01,0.715,0.285,0.677685,0.322315,71809.84
1775779970303,2026-04-10T00:12:50.303,btc-updown-15m-1775779200,1775780100,Up,38695399231721476877096504968920656384238820420284922561977249082682533098050,15850116068011637107032304871618163721955898959397512124188038254834447183522,0.71,0.72,32.08,67.45,0.01,0.28,0.29,67.45,32.08,0.01,0.715,0.285,0.677685,0.322315,71809.84
1775779971303,2026-04-10T00:12:51.303,btc-updown-15m-1775779200,1775780100,Up,38695399231721476877096504968920656384238820420284922561977249082682533098050,15850116068011637107032304871618163721955898959397512124188038254834447183522,0.71,0.72,32.08,67.45,0.01,0.28,0.29,67.45,32.08,0.01,0.715,0.285,0.677685,0.322315,71809.84
1775779972305,2026-04-10T00:12:52.305,btc-updown-15m-1775779200,1775780100,Up,38695399231721476877096504968920656384238820420284922561977249082682533098050,15850116068011637107032304871618163721955898959397512124188038254834447183522,0.71,0.72,32.08,67.45,0.01,0.28,0.29,67.45,32.08,0.01,0.715,0.285,0.677685,0.322315,71809.84
1775779973305,2026-04-10T00:12:53.305,btc-updown-15m-1775779200,1775780100,Up,38695399231721476877096504968920656384238820420284922561977249082682533098050,15850116068011637107032304871618163721955898959397512124188038254834447183522,0.7,0.71,6.84,75.28,0.01,0.29,0.3,75.28,6.84,0.01,0.705,0.295,0.916707,0.083293,71809.84
1775779974306,2026-04-10T00:12:54.306,btc-updown-15m-1775779200,1775780100,Up,38695399231721476877096504968920656384238820420284922561977249082682533098050,15850116068011637107032304871618163721955898959397512124188038254834447183522,0.68,0.69,146.0,88.96,0.01,0.31,0.32,88.96,146.0,0.01,0.685,0.315,0.378618,0.621382,71809.84
1775779975307,2026-04-10T00:12:55.307,btc-updown-15m-1775779200,1775780100,Up,38695399231721476877096504968920656384238820420284922561977249082682533098050,15850116068011637107032304871618163721955898959397512124188038254834447183522,0.68,0.69,146.0,88.96,0.01,0.31,0.32,88.96,146.0,0.01,0.685,0.315,0.378618,0.621382,71809.83
1775779976307,2026-04-10T00:12:56.307,btc-updown-15m-1775779200,1775780100,Up,38695399231721476877096504968920656384238820420284922561977249082682533098050,15850116068011637107032304871618163721955898959397512124188038254834447183522,0.71,0.72,131.26,36.0,0.01,0.28,0.29,36.0,131.26,0.01,0.715,0.285,0.215234,0.784766,71809.83
1775779977308,2026-04-10T00:12:57.308,btc-updown-15m-1775779200,1775780100,Up,38695399231721476877096504968920656384238820420284922561977249082682533098050,15850116068011637107032304871618163721955898959397512124188038254834447183522,0.71,0.72,7.26,111.5,0.01,0.28,0.29,111.5,7.26,0.01,0.715,0.285,0.938868,0.061132,71809.83
1775779978308,2026-04-10T00:12:58.308,btc-updown-15m-1775779200,1775780100,Up,38695399231721476877096504968920656384238820420284922561977249082682533098050,15850116068011637107032304871618163721955898959397512124188038254834447183522,0.72,0.73,327.58,57.48,0.01,0.27,0.28,57.48,327.58,0.01,0.725,0.275,0.149275,0.850725,71811.36
1775779979309,2026-04-10T00:12:59.309,btc-updown-15m-1775779200,1775780100,Up,38695399231721476877096504968920656384238820420284922561977249082682533098050,15850116068011637107032304871618163721955898959397512124188038254834447183522,0.72,0.73,371.94,45.0,0.01,0.27,0.28,45.0,371.94,0.01,0.725,0.275,0.107929,0.892071,71811.36
1775779980310,2026-04-10T00:13:00.310,btc-updown-15m-1775779200,1775780100,Up,38695399231721476877096504968920656384238820420284922561977249082682533098050,15850116068011637107032304871618163721955898959397512124188038254834447183522,0.68,0.7,49.0,109.0,0.02,0.3,0.32,109.0,49.0,0.02,0.69,0.31,0.689873,0.310127,71811.36
1775779981310,2026-04-10T00:13:01.310,btc-updown-15m-1775779200,1775780100,Up,38695399231721476877096504968920656384238820420284922561977249082682533098050,15850116068011637107032304871618163721955898959397512124188038254834447183522,0.62,0.65,102.0,32.0,0.03,0.35,0.38,32.0,102.0,0.03,0.635,0.365,0.238806,0.761194,71800.01
1775779982311,2026-04-10T00:13:02.311,btc-updown-15m-1775779200,1775780100,Up,38695399231721476877096504968920656384238820420284922561977249082682533098050,15850116068011637107032304871618163721955898959397512124188038254834447183522,0.62,0.63,40.87,9.28,0.01,0.37,0.38,9.28,40.87,0.01,0.625,0.375,0.185045,0.814955,71800.01
1775779983311,2026-04-10T00:13:03.311,btc-updown-15m-1775779200,1775780100,Up,38695399231721476877096504968920656384238820420284922561977249082682533098050,15850116068011637107032304871618163721955898959397512124188038254834447183522,0.65,0.66,172.22,31.14,0.01,0.34,0.35,31.14,172.22,0.01,0.655,0.345,0.153127,0.846873,71800.01
1775779984312,2026-04-10T00:13:04.312,btc-updown-15m-1775779200,1775780100,Up,38695399231721476877096504968920656384238820420284922561977249082682533098050,15850116068011637107032304871618163721955898959397512124188038254834447183522,0.65,0.66,172.22,31.14,0.01,0.33,0.35,61.41,30.88,0.02,0.655,0.34,0.153127,0.334597,71805.03
1775779985312,2026-04-10T00:13:05.312,btc-updown-15m-1775779200,1775780100,Up,38695399231721476877096504968920656384238820420284922561977249082682533098050,15850116068011637107032304871618163721955898959397512124188038254834447183522,0.66,0.67,25.88,15.0,0.01,0.33,0.34,15.0,25.88,0.01,0.665,0.335,0.366928,0.633072,71805.03
1775779986313,2026-04-10T00:13:06.313,btc-updown-15m-1775779200,1775780100,Up,38695399231721476877096504968920656384238820420284922561977249082682533098050,15850116068011637107032304871618163721955898959397512124188038254834447183522,0.67,0.68,57.35,28.34,0.01,0.32,0.33,28.34,57.35,0.01,0.675,0.325,0.330727,0.669273,71805.03
1775779987313,2026-04-10T00:13:07.313,btc-updown-15m-1775779200,1775780100,Up,38695399231721476877096504968920656384238820420284922561977249082682533098050,15850116068011637107032304871618163721955898959397512124188038254834447183522,0.65,0.68,54.04,24.54,0.03,0.32,0.35,24.54,54.04,0.03,0.665,0.335,0.312293,0.687707,71803.26
1775779988314,2026-04-10T00:13:08.314,btc-updown-15m-1775779200,1775780100,Up,38695399231721476877096504968920656384238820420284922561977249082682533098050,15850116068011637107032304871618163721955898959397512124188038254834447183522,0.67,0.68,196.25,82.94,0.01,0.32,0.33,82.94,196.25,0.01,0.675,0.325,0.297074,0.702926,71803.26
1775779989315,2026-04-10T00:13:09.315,btc-updown-15m-1775779200,1775780100,Up,38695399231721476877096504968920656384238820420284922561977249082682533098050,15850116068011637107032304871618163721955898959397512124188038254834447183522,0.67,0.68,272.25,195.9,0.01,0.32,0.33,195.9,272.25,0.01,0.675,0.325,0.418456,0.581544,71803.26
1775779990316,2026-04-10T00:13:10.316,btc-updown-15m-1775779200,1775780100,Up,38695399231721476877096504968920656384238820420284922561977249082682533098050,15850116068011637107032304871618163721955898959397512124188038254834447183522,0.67,0.68,272.25,195.9,0.01,0.32,0.33,195.9,272.25,0.01,0.675,0.325,0.418456,0.581544,71803.27
1775779991317,2026-04-10T00:13:11.317,btc-updown-15m-1775779200,1775780100,Up,38695399231721476877096504968920656384238820420284922561977249082682533098050,15850116068011637107032304871618163721955898959397512124188038254834447183522,0.67,0.68,272.25,195.9,0.01,0.32,0.33,195.9,272.25,0.01,0.675,0.325,0.418456,0.581544,71803.27
1775779992317,2026-04-10T00:13:12.317,btc-updown-15m-1775779200,1775780100,Up,38695399231721476877096504968920656384238820420284922561977249082682533098050,15850116068011637107032304871618163721955898959397512124188038254834447183522,0.65,0.68,34.56,70.65,0.03,0.32,0.35,70.65,34.56,0.03,0.665,0.335,0.671514,0.328486,71803.27
1775779993318,2026-04-10T00:13:13.318,btc-updown-15m-1775779200,1775780100,Up,38695399231721476877096504968920656384238820420284922561977249082682533098050,15850116068011637107032304871618163721955898959397512124188038254834447183522,0.65,0.68,34.56,70.65,0.03,0.32,0.35,70.65,34.56,0.03,0.665,0.335,0.671514,0.328486,71803.25
1775779994318,2026-04-10T00:13:14.318,btc-updown-15m-1775779200,1775780100,Up,38695399231721476877096504968920656384238820420284922561977249082682533098050,15850116068011637107032304871618163721955898959397512124188038254834447183522,0.65,0.66,278.12,36.0,0.01,0.34,0.35,36.0,278.12,0.01,0.655,0.345,0.114606,0.885394,71803.25
1775779995319,2026-04-10T00:13:15.319,btc-updown-15m-1775779200,1775780100,Up,38695399231721476877096504968920656384238820420284922561977249082682533098050,15850116068011637107032304871618163721955898959397512124188038254834447183522,0.65,0.66,278.12,36.0,0.01,0.34,0.35,36.0,278.12,0.01,0.655,0.345,0.114606,0.885394,71803.25
1775779996319,2026-04-10T00:13:16.319,btc-updown-15m-1775779200,1775780100,Up,38695399231721476877096504968920656384238820420284922561977249082682533098050,15850116068011637107032304871618163721955898959397512124188038254834447183522,0.65,0.66,87.27,122.45,0.01,0.34,0.35,122.45,87.27,0.01,0.655,0.345,0.583874,0.416126,71803.26
1775779997319,2026-04-10T00:13:17.319,btc-updown-15m-1775779200,1775780100,Up,38695399231721476877096504968920656384238820420284922561977249082682533098050,15850116068011637107032304871618163721955898959397512124188038254834447183522,0.65,0.66,87.27,122.45,0.01,0.34,0.35,122.45,87.27,0.01,0.655,0.345,0.583874,0.416126,71803.26
1775779998319,2026-04-10T00:13:18.319,btc-updown-15m-1775779200,1775780100,Up,38695399231721476877096504968920656384238820420284922561977249082682533098050,15850116068011637107032304871618163721955898959397512124188038254834447183522,0.65,0.66,87.27,122.45,0.01,0.34,0.35,122.45,87.27,0.01,0.655,0.345,0.583874,0.416126,71803.26
1775779999320,2026-04-10T00:13:19.320,btc-updown-15m-1775779200,1775780100,Up,38695399231721476877096504968920656384238820420284922561977249082682533098050,15850116068011637107032304871618163721955898959397512124188038254834447183522,0.65,0.66,87.27,122.45,0.01,0.34,0.35,122.45,87.27,0.01,0.655,0.345,0.583874,0.416126,71800.01
1775780000321,2026-04-10T00:13:20.321,btc-updown-15m-1775779200,1775780100,Up,38695399231721476877096504968920656384238820420284922561977249082682533098050,15850116068011637107032304871618163721955898959397512124188038254834447183522,0.65,0.66,87.27,122.45,0.01,0.34,0.35,122.45,87.27,0.01,0.655,0.345,0.583874,0.416126,71800.01
1775780001321,2026-04-10T00:13:21.321,btc-updown-15m-1775779200,1775780100,Up,38695399231721476877096504968920656384238820420284922561977249082682533098050,15850116068011637107032304871618163721955898959397512124188038254834447183522,0.65,0.66,87.27,122.45,0.01,0.34,0.35,122.45,87.27,0.01,0.655,0.345,0.583874,0.416126,71800.01
1775780002322,2026-04-10T00:13:22.322,btc-updown-15m-1775779200,1775780100,Up,38695399231721476877096504968920656384238820420284922561977249082682533098050,15850116068011637107032304871618163721955898959397512124188038254834447183522,0.65,0.66,87.27,122.45,0.01,0.34,0.35,122.45,87.27,0.01,0.655,0.345,0.583874,0.416126,71787.41
1775780003322,2026-04-10T00:13:23.322,btc-updown-15m-1775779200,1775780100,Up,38695399231721476877096504968920656384238820420284922561977249082682533098050,15850116068011637107032304871618163721955898959397512124188038254834447183522,0.65,0.66,87.27,122.45,0.01,0.34,0.35,122.45,87.27,0.01,0.655,0.345,0.583874,0.416126,71787.41
1775780004323,2026-04-10T00:13:24.323,btc-updown-15m-1775779200,1775780100,Up,38695399231721476877096504968920656384238820420284922561977249082682533098050,15850116068011637107032304871618163721955898959397512124188038254834447183522,0.65,0.66,87.27,122.45,0.01,0.34,0.35,122.45,87.27,0.01,0.655,0.345,0.583874,0.416126,71787.41
1775780005324,2026-04-10T00:13:25.324,btc-updown-15m-1775779200,1775780100,Up,38695399231721476877096504968920656384238820420284922561977249082682533098050,15850116068011637107032304871618163721955898959397512124188038254834447183522,0.65,0.66,87.27,122.45,0.01,0.34,0.35,122.45,87.27,0.01,0.655,0.345,0.583874,0.416126,71787.4
1775780006325,2026-04-10T00:13:26.325,btc-updown-15m-1775779200,1775780100,Up,38695399231721476877096504968920656384238820420284922561977249082682533098050,15850116068011637107032304871618163721955898959397512124188038254834447183522,0.65,0.66,87.27,122.45,0.01,0.34,0.35,122.45,87.27,0.01,0.655,0.345,0.583874,0.416126,71787.4
1775780007327,2026-04-10T00:13:27.327,btc-updown-15m-1775779200,1775780100,Up,38695399231721476877096504968920656384238820420284922561977249082682533098050,15850116068011637107032304871618163721955898959397512124188038254834447183522,0.65,0.66,87.27,122.45,0.01,0.34,0.35,122.45,87.27,0.01,0.655,0.345,0.583874,0.416126,71787.4
1775780008328,2026-04-10T00:13:28.328,btc-updown-15m-1775779200,1775780100,Up,38695399231721476877096504968920656384238820420284922561977249082682533098050,15850116068011637107032304871618163721955898959397512124188038254834447183522,0.65,0.66,87.27,122.45,0.01,0.34,0.35,122.45,87.27,0.01,0.655,0.345,0.583874,0.416126,71787.4
1775780009329,2026-04-10T00:13:29.329,btc-updown-15m-1775779200,1775780100,Up,38695399231721476877096504968920656384238820420284922561977249082682533098050,15850116068011637107032304871618163721955898959397512124188038254834447183522,0.65,0.66,87.27,122.45,0.01,0.34,0.35,122.45,87.27,0.01,0.655,0.345,0.583874,0.416126,71787.4
1775780010331,2026-04-10T00:13:30.331,btc-updown-15m-1775779200,1775780100,Up,38695399231721476877096504968920656384238820420284922561977249082682533098050,15850116068011637107032304871618163721955898959397512124188038254834447183522,0.65,0.66,87.27,122.45,0.01,0.34,0.35,122.45,87.27,0.01,0.655,0.345,0.583874,0.416126,71787.4
1775780011332,2026-04-10T00:13:31.332,btc-updown-15m-1775779200,1775780100,Up,38695399231721476877096504968920656384238820420284922561977249082682533098050,15850116068011637107032304871618163721955898959397512124188038254834447183522,0.65,0.66,87.27,122.45,0.01,0.34,0.35,122.45,87.27,0.01,0.655,0.345,0.583874,0.416126,71772.98
1775780012334,2026-04-10T00:13:32.334,btc-updown-15m-1775779200,1775780100,Up,38695399231721476877096504968920656384238820420284922561977249082682533098050,15850116068011637107032304871618163721955898959397512124188038254834447183522,0.65,0.66,87.27,122.45,0.01,0.34,0.35,122.45,87.27,0.01,0.655,0.345,0.583874,0.416126,71772.98
1775780013334,2026-04-10T00:13:33.334,btc-updown-15m-1775779200,1775780100,Up,38695399231721476877096504968920656384238820420284922561977249082682533098050,15850116068011637107032304871618163721955898959397512124188038254834447183522,0.65,0.66,87.27,122.45,0.01,0.34,0.35,122.45,87.27,0.01,0.655,0.345,0.583874,0.416126,71772.98
1775780014335,2026-04-10T00:13:34.335,btc-updown-15m-1775779200,1775780100,Up,38695399231721476877096504968920656384238820420284922561977249082682533098050,15850116068011637107032304871618163721955898959397512124188038254834447183522,0.35,0.37,13.95,101.0,0.02,0.34,0.35,122.45,87.27,0.01,0.36,0.345,0.878643,0.416126,71767.68
1775780015336,2026-04-10T00:13:35.336,btc-updown-15m-1775779200,1775780100,Up,38695399231721476877096504968920656384238820420284922561977249082682533098050,15850116068011637107032304871618163721955898959397512124188038254834447183522,0.39,0.4,156.77,60.75,0.01,0.34,0.35,122.45,87.27,0.01,0.395,0.345,0.279285,0.416126,71767.68
1775780016336,2026-04-10T00:13:36.336,btc-updown-15m-1775779200,1775780100,Up,38695399231721476877096504968920656384238820420284922561977249082682533098050,15850116068011637107032304871618163721955898959397512124188038254834447183522,0.39,0.4,58.24,72.63,0.01,0.34,0.35,122.45,87.27,0.01,0.395,0.345,0.554978,0.416126,71767.68
1775780017338,2026-04-10T00:13:37.338,btc-updown-15m-1775779200,1775780100,Up,38695399231721476877096504968920656384238820420284922561977249082682533098050,15850116068011637107032304871618163721955898959397512124188038254834447183522,0.39,0.4,6.34,149.0,0.01,0.34,0.35,122.45,87.27,0.01,0.395,0.345,0.959186,0.416126,71767.68
1775780018338,2026-04-10T00:13:38.338,btc-updown-15m-1775779200,1775780100,Up,38695399231721476877096504968920656384238820420284922561977249082682533098050,15850116068011637107032304871618163721955898959397512124188038254834447183522,0.39,0.4,6.34,149.0,0.01,0.34,0.35,122.45,87.27,0.01,0.395,0.345,0.959186,0.416126,71767.68
1775780019340,2026-04-10T00:13:39.340,btc-updown-15m-1775779200,1775780100,Up,38695399231721476877096504968920656384238820420284922561977249082682533098050,15850116068011637107032304871618163721955898959397512124188038254834447183522,0.39,0.4,6.34,109.0,0.01,0.34,0.35,122.45,87.27,0.01,0.395,0.345,0.945032,0.416126,71767.68
1775780020340,2026-04-10T00:13:40.340,btc-updown-15m-1775779200,1775780100,Up,38695399231721476877096504968920656384238820420284922561977249082682533098050,15850116068011637107032304871618163721955898959397512124188038254834447183522,0.43,0.44,9.17,182.4,0.01,0.34,0.35,122.45,87.27,0.01,0.435,0.345,0.952132,0.416126,71773.85
1775780021341,2026-04-10T00:13:41.341,btc-updown-15m-1775779200,1775780100,Up,38695399231721476877096504968920656384238820420284922561977249082682533098050,15850116068011637107032304871618163721955898959397512124188038254834447183522,0.43,0.44,5.23,167.4,0.01,0.34,0.35,122.45,87.27,0.01,0.435,0.345,0.969704,0.416126,71773.85
1775780022341,2026-04-10T00:13:42.341,btc-updown-15m-1775779200,1775780100,Up,38695399231721476877096504968920656384238820420284922561977249082682533098050,15850116068011637107032304871618163721955898959397512124188038254834447183522,0.42,0.47,55.49,167.03,0.05,0.34,0.35,122.45,87.27,0.01,0.445,0.345,0.750629,0.416126,71773.85
1775780023342,2026-04-10T00:13:43.342,btc-updown-15m-1775779200,1775780100,Up,38695399231721476877096504968920656384238820420284922561977249082682533098050,15850116068011637107032304871618163721955898959397512124188038254834447183522,0.46,0.47,12.23,135.0,0.01,0.34,0.35,122.45,87.27,0.01,0.465,0.345,0.916933,0.416126,71780.0
1775780024342,2026-04-10T00:13:44.342,btc-updown-15m-1775779200,1775780100,Up,38695399231721476877096504968920656384238820420284922561977249082682533098050,15850116068011637107032304871618163721955898959397512124188038254834447183522,0.46,0.47,12.23,135.0,0.01,0.34,0.35,122.45,87.27,0.01,0.465,0.345,0.916933,0.416126,71780.0
1775780025343,2026-04-10T00:13:45.343,btc-updown-15m-1775779200,1775780100,Up,38695399231721476877096504968920656384238820420284922561977249082682533098050,15850116068011637107032304871618163721955898959397512124188038254834447183522,0.46,0.47,52.0,123.72,0.01,0.34,0.35,122.45,87.27,0.01,0.465,0.345,0.704075,0.416126,71780.0
1775780026344,2026-04-10T00:13:46.344,btc-updown-15m-1775779200,1775780100,Up,38695399231721476877096504968920656384238820420284922561977249082682533098050,15850116068011637107032304871618163721955898959397512124188038254834447183522,0.46,0.47,57.49,36.14,0.01,0.34,0.35,122.45,87.27,0.01,0.465,0.345,0.385987,0.416126,71780.0
1775780027345,2026-04-10T00:13:47.345,btc-updown-15m-1775779200,1775780100,Up,38695399231721476877096504968920656384238820420284922561977249082682533098050,15850116068011637107032304871618163721955898959397512124188038254834447183522,0.46,0.47,57.49,36.14,0.01,0.34,0.35,122.45,87.27,0.01,0.465,0.345,0.385987,0.416126,71780.0
1775780028346,2026-04-10T00:13:48.346,btc-updown-15m-1775779200,1775780100,Up,38695399231721476877096504968920656384238820420284922561977249082682533098050,15850116068011637107032304871618163721955898959397512124188038254834447183522,0.45,0.46,48.63,59.92,0.01,0.34,0.35,122.45,87.27,0.01,0.455,0.345,0.552004,0.416126,71780.0
1775780029348,2026-04-10T00:13:49.348,btc-updown-15m-1775779200,1775780100,Up,38695399231721476877096504968920656384238820420284922561977249082682533098050,15850116068011637107032304871618163721955898959397512124188038254834447183522,0.4,0.42,167.0,315.61,0.02,0.34,0.35,122.45,87.27,0.01,0.41,0.345,0.653965,0.416126,71778.01
1775780030349,2026-04-10T00:13:50.349,btc-updown-15m-1775779200,1775780100,Up,38695399231721476877096504968920656384238820420284922561977249082682533098050,15850116068011637107032304871618163721955898959397512124188038254834447183522,0.4,0.41,32.58,70.12,0.01,0.34,0.35,122.45,87.27,0.01,0.405,0.345,0.682765,0.416126,71778.01
1775780031350,2026-04-10T00:13:51.350,btc-updown-15m-1775779200,1775780100,Up,38695399231721476877096504968920656384238820420284922561977249082682533098050,15850116068011637107032304871618163721955898959397512124188038254834447183522,0.4,0.41,26.58,56.78,0.01,0.34,0.35,122.45,87.27,0.01,0.405,0.345,0.681142,0.416126,71778.01
1775780032350,2026-04-10T00:13:52.350,btc-updown-15m-1775779200,1775780100,Up,38695399231721476877096504968920656384238820420284922561977249082682533098050,15850116068011637107032304871618163721955898959397512124188038254834447183522,0.4,0.41,31.58,7.27,0.01,0.34,0.35,122.45,87.27,0.01,0.405,0.345,0.18713,0.416126,71776.73
1775780033352,2026-04-10T00:13:53.352,btc-updown-15m-1775779200,1775780100,Up,38695399231721476877096504968920656384238820420284922561977249082682533098050,15850116068011637107032304871618163721955898959397512124188038254834447183522,0.39,0.4,106.0,115.7,0.01,0.34,0.35,122.45,87.27,0.01,0.395,0.345,0.521876,0.416126,71776.73
1775780034352,2026-04-10T00:13:54.352,btc-updown-15m-1775779200,1775780100,Up,38695399231721476877096504968920656384238820420284922561977249082682533098050,15850116068011637107032304871618163721955898959397512124188038254834447183522,0.39,0.4,55.09,100.0,0.01,0.34,0.35,122.45,87.27,0.01,0.395,0.345,0.644787,0.416126,71776.73
1775780035353,2026-04-10T00:13:55.353,btc-updown-15m-1775779200,1775780100,Up,38695399231721476877096504968920656384238820420284922561977249082682533098050,15850116068011637107032304871618163721955898959397512124188038254834447183522,0.37,0.38,63.1,21.0,0.01,0.34,0.35,122.45,87.27,0.01,0.375,0.345,0.249703,0.416126,71776.02
1775780036354,2026-04-10T00:13:56.354,btc-updown-15m-1775779200,1775780100,Up,38695399231721476877096504968920656384238820420284922561977249082682533098050,15850116068011637107032304871618163721955898959397512124188038254834447183522,0.36,0.37,61.0,65.6,0.01,0.34,0.35,122.45,87.27,0.01,0.365,0.345,0.518167,0.416126,71776.02
1775780037354,2026-04-10T00:13:57.354,btc-updown-15m-1775779200,1775780100,Up,38695399231721476877096504968920656384238820420284922561977249082682533098050,15850116068011637107032304871618163721955898959397512124188038254834447183522,0.34,0.35,145.34,105.0,0.01,0.34,0.35,122.45,87.27,0.01,0.345,0.345,0.41943,0.416126,71776.02
1775780038355,2026-04-10T00:13:58.355,btc-updown-15m-1775779200,1775780100,Up,38695399231721476877096504968920656384238820420284922561977249082682533098050,15850116068011637107032304871618163721955898959397512124188038254834447183522,0.25,0.26,20.0,211.17,0.01,0.34,0.35,122.45,87.27,0.01,0.255,0.345,0.913484,0.416126,71760.9
1775780039355,2026-04-10T00:13:59.355,btc-updown-15m-1775779200,1775780100,Up,38695399231721476877096504968920656384238820420284922561977249082682533098050,15850116068011637107032304871618163721955898959397512124188038254834447183522,0.24,0.25,846.0,55.58,0.01,0.34,0.35,122.45,87.27,0.01,0.245,0.345,0.061647,0.416126,71760.9
1775780040356,2026-04-10T00:14:00.356,btc-updown-15m-1775779200,1775780100,Up,38695399231721476877096504968920656384238820420284922561977249082682533098050,15850116068011637107032304871618163721955898959397512124188038254834447183522,0.23,0.25,6.12,52.0,0.02,0.34,0.35,122.45,87.27,0.01,0.24,0.345,0.894701,0.416126,71760.9
1775780041357,2026-04-10T00:14:01.357,btc-updown-15m-1775779200,1775780100,Up,38695399231721476877096504968920656384238820420284922561977249082682533098050,15850116068011637107032304871618163721955898959397512124188038254834447183522,0.19,0.2,76.98,87.72,0.01,0.34,0.35,122.45,87.27,0.01,0.195,0.345,0.532605,0.416126,71760.91
1775780042358,2026-04-10T00:14:02.358,btc-updown-15m-1775779200,1775780100,Up,38695399231721476877096504968920656384238820420284922561977249082682533098050,15850116068011637107032304871618163721955898959397512124188038254834447183522,0.19,0.2,22.7,148.88,0.01,0.34,0.35,122.45,87.27,0.01,0.195,0.345,0.8677,0.416126,71760.91
1775780043358,2026-04-10T00:14:03.358,btc-updown-15m-1775779200,1775780100,Up,38695399231721476877096504968920656384238820420284922561977249082682533098050,15850116068011637107032304871618163721955898959397512124188038254834447183522,0.19,0.23,60.37,118.25,0.04,0.34,0.35,122.45,87.27,0.01,0.21,0.345,0.66202,0.416126,71760.91
1775780044359,2026-04-10T00:14:04.359,btc-updown-15m-1775779200,1775780100,Up,38695399231721476877096504968920656384238820420284922561977249082682533098050,15850116068011637107032304871618163721955898959397512124188038254834447183522,0.19,0.2,15.47,126.46,0.01,0.34,0.35,122.45,87.27,0.01,0.195,0.345,0.891003,0.416126,71755.18
1775780045361,2026-04-10T00:14:05.361,btc-updown-15m-1775779200,1775780100,Up,38695399231721476877096504968920656384238820420284922561977249082682533098050,15850116068011637107032304871618163721955898959397512124188038254834447183522,0.19,0.2,15.47,126.46,0.01,0.34,0.35,122.45,87.27,0.01,0.195,0.345,0.891003,0.416126,71755.18
1775780046361,2026-04-10T00:14:06.361,btc-updown-15m-1775779200,1775780100,Up,38695399231721476877096504968920656384238820420284922561977249082682533098050,15850116068011637107032304871618163721955898959397512124188038254834447183522,0.15,0.16,9.24,96.75,0.01,0.34,0.35,122.45,87.27,0.01,0.155,0.345,0.912822,0.416126,71755.18
1775780047362,2026-04-10T00:14:07.362,btc-updown-15m-1775779200,1775780100,Up,38695399231721476877096504968920656384238820420284922561977249082682533098050,15850116068011637107032304871618163721955898959397512124188038254834447183522,0.11,0.12,30.0,51.74,0.01,0.34,0.35,122.45,87.27,0.01,0.115,0.345,0.632983,0.416126,71733.65
1775780048363,2026-04-10T00:14:08.363,btc-updown-15m-1775779200,1775780100,Up,38695399231721476877096504968920656384238820420284922561977249082682533098050,15850116068011637107032304871618163721955898959397512124188038254834447183522,0.11,0.12,245.22,5.74,0.01,0.34,0.35,122.45,87.27,0.01,0.115,0.345,0.022872,0.416126,71733.65
1775780049364,2026-04-10T00:14:09.364,btc-updown-15m-1775779200,1775780100,Up,38695399231721476877096504968920656384238820420284922561977249082682533098050,15850116068011637107032304871618163721955898959397512124188038254834447183522,0.11,0.12,211.26,45.38,0.01,0.34,0.35,122.45,87.27,0.01,0.115,0.345,0.176824,0.416126,71733.65
1775780050365,2026-04-10T00:14:10.365,btc-updown-15m-1775779200,1775780100,Up,38695399231721476877096504968920656384238820420284922561977249082682533098050,15850116068011637107032304871618163721955898959397512124188038254834447183522,0.08,0.09,161.92,243.53,0.01,0.34,0.35,122.45,87.27,0.01,0.085,0.345,0.600641,0.416126,71723.61
1775780051366,2026-04-10T00:14:11.366,btc-updown-15m-1775779200,1775780100,Up,38695399231721476877096504968920656384238820420284922561977249082682533098050,15850116068011637107032304871618163721955898959397512124188038254834447183522,0.08,0.09,194.42,27.3,0.01,0.34,0.35,122.45,87.27,0.01,0.085,0.345,0.123128,0.416126,71723.61
1775780052366,2026-04-10T00:14:12.366,btc-updown-15m-1775779200,1775780100,Up,38695399231721476877096504968920656384238820420284922561977249082682533098050,15850116068011637107032304871618163721955898959397512124188038254834447183522,0.06,0.08,124.01,137.16,0.02,0.34,0.35,122.45,87.27,0.01,0.07,0.345,0.525175,0.416126,71723.61
1775780053367,2026-04-10T00:14:13.367,btc-updown-15m-1775779200,1775780100,Up,38695399231721476877096504968920656384238820420284922561977249082682533098050,15850116068011637107032304871618163721955898959397512124188038254834447183522,0.04,0.06,76.11,59.49,0.02,0.34,0.35,122.45,87.27,0.01,0.05,0.345,0.438717,0.416126,71716.22
1775780054367,2026-04-10T00:14:14.367,btc-updown-15m-1775779200,1775780100,Up,38695399231721476877096504968920656384238820420284922561977249082682533098050,15850116068011637107032304871618163721955898959397512124188038254834447183522,0.03,0.04,91.74,541.58,0.01,0.34,0.35,122.45,87.27,0.01,0.035,0.345,0.855144,0.416126,71716.22
1775780055368,2026-04-10T00:14:15.368,btc-updown-15m-1775779200,1775780100,Up,38695399231721476877096504968920656384238820420284922561977249082682533098050,15850116068011637107032304871618163721955898959397512124188038254834447183522,0.03,0.04,145.24,130.42,0.01,0.34,0.35,122.45,87.27,0.01,0.035,0.345,0.473119,0.416126,71716.22
1775780056368,2026-04-10T00:14:16.368,btc-updown-15m-1775779200,1775780100,Up,38695399231721476877096504968920656384238820420284922561977249082682533098050,15850116068011637107032304871618163721955898959397512124188038254834447183522,0.02,0.03,191.63,789.52,0.01,0.34,0.35,122.45,87.27,0.01,0.025,0.345,0.804688,0.416126,71709.02
1775780057369,2026-04-10T00:14:17.369,btc-updown-15m-1775779200,1775780100,Up,38695399231721476877096504968920656384238820420284922561977249082682533098050,15850116068011637107032304871618163721955898959397512124188038254834447183522,0.03,0.04,46.29,89.12,0.01,0.34,0.35,122.45,87.27,0.01,0.035,0.345,0.658149,0.416126,71709.02
1775780058370,2026-04-10T00:14:18.370,btc-updown-15m-1775779200,1775780100,Up,38695399231721476877096504968920656384238820420284922561977249082682533098050,15850116068011637107032304871618163721955898959397512124188038254834447183522,0.03,0.05,30.0,40.0,0.02,0.95,0.96,30.0,15.0,0.01,0.04,0.955,0.571429,0.333333,71709.02
1775780059370,2026-04-10T00:14:19.370,btc-updown-15m-1775779200,1775780100,Up,38695399231721476877096504968920656384238820420284922561977249082682533098050,15850116068011637107032304871618163721955898959397512124188038254834447183522,0.02,0.05,203.95,913.18,0.03,0.95,0.98,913.18,203.95,0.03,0.035,0.965,0.817434,0.182566,71720.85
1775780060371,2026-04-10T00:14:20.371,btc-updown-15m-1775779200,1775780100,Up,38695399231721476877096504968920656384238820420284922561977249082682533098050,15850116068011637107032304871618163721955898959397512124188038254834447183522,0.02,0.05,98.99,884.57,0.03,0.95,0.98,884.57,98.99,0.03,0.035,0.965,0.899355,0.100645,71720.85
1775780061372,2026-04-10T00:14:21.372,btc-updown-15m-1775779200,1775780100,Up,38695399231721476877096504968920656384238820420284922561977249082682533098050,15850116068011637107032304871618163721955898959397512124188038254834447183522,0.03,0.05,50.0,153.63,0.02,0.95,0.97,153.63,50.0,0.02,0.04,0.96,0.754457,0.245543,71720.85
1775780062373,2026-04-10T00:14:22.373,btc-updown-15m-1775779200,1775780100,Up,38695399231721476877096504968920656384238820420284922561977249082682533098050,15850116068011637107032304871618163721955898959397512124188038254834447183522,0.03,0.05,64.06,106.05,0.02,0.95,0.97,106.05,64.06,0.02,0.04,0.96,0.62342,0.37658,71720.85
1775780063373,2026-04-10T00:14:23.373,btc-updown-15m-1775779200,1775780100,Up,38695399231721476877096504968920656384238820420284922561977249082682533098050,15850116068011637107032304871618163721955898959397512124188038254834447183522,0.03,0.04,5.0,100.9,0.01,0.96,0.97,100.9,5.0,0.01,0.035,0.965,0.952786,0.047214,71720.85
1775780064373,2026-04-10T00:14:24.373,btc-updown-15m-1775779200,1775780100,Up,38695399231721476877096504968920656384238820420284922561977249082682533098050,15850116068011637107032304871618163721955898959397512124188038254834447183522,0.03,0.04,35.0,150.42,0.01,0.96,0.97,150.42,35.0,0.01,0.035,0.965,0.811239,0.188761,71720.85
1775780065374,2026-04-10T00:14:25.374,btc-updown-15m-1775779200,1775780100,Up,38695399231721476877096504968920656384238820420284922561977249082682533098050,15850116068011637107032304871618163721955898959397512124188038254834447183522,0.04,0.05,41.78,75.0,0.01,0.95,0.96,75.0,71.78,0.01,0.045,0.955,0.642233,0.489031,71727.39
1775780066374,2026-04-10T00:14:26.374,btc-updown-15m-1775779200,1775780100,Up,38695399231721476877096504968920656384238820420284922561977249082682533098050,15850116068011637107032304871618163721955898959397512124188038254834447183522,0.04,0.05,41.23,55.0,0.01,0.95,0.96,55.0,41.23,0.01,0.045,0.955,0.571547,0.428453,71727.39
1775780067375,2026-04-10T00:14:27.375,btc-updown-15m-1775779200,1775780100,Up,38695399231721476877096504968920656384238820420284922561977249082682533098050,15850116068011637107032304871618163721955898959397512124188038254834447183522,0.04,0.05,49.29,93.83,0.01,0.95,0.96,93.83,49.29,0.01,0.045,0.955,0.655604,0.344396,71727.39
1775780068376,2026-04-10T00:14:28.376,btc-updown-15m-1775779200,1775780100,Up,38695399231721476877096504968920656384238820420284922561977249082682533098050,15850116068011637107032304871618163721955898959397512124188038254834447183522,0.04,0.06,13.24,86.54,0.02,0.94,0.96,86.54,13.24,0.02,0.05,0.95,0.867308,0.132692,71727.39
1775780069377,2026-04-10T00:14:29.377,btc-updown-15m-1775779200,1775780100,Up,38695399231721476877096504968920656384238820420284922561977249082682533098050,15850116068011637107032304871618163721955898959397512124188038254834447183522,0.04,0.06,243.58,94.04,0.02,0.94,0.96,94.04,243.58,0.02,0.05,0.95,0.278538,0.721462,71727.39
1775780070378,2026-04-10T00:14:30.378,btc-updown-15m-1775779200,1775780100,Up,38695399231721476877096504968920656384238820420284922561977249082682533098050,15850116068011637107032304871618163721955898959397512124188038254834447183522,0.04,0.05,25.85,22.52,0.01,0.95,0.96,22.52,25.85,0.01,0.045,0.955,0.465578,0.534422,71727.39
1775780071378,2026-04-10T00:14:31.378,btc-updown-15m-1775779200,1775780100,Up,38695399231721476877096504968920656384238820420284922561977249082682533098050,15850116068011637107032304871618163721955898959397512124188038254834447183522,0.07,0.1,25.0,84.53,0.03,0.9,0.93,84.53,25.0,0.03,0.085,0.915,0.771752,0.228248,71741.44
1775780072380,2026-04-10T00:14:32.380,btc-updown-15m-1775779200,1775780100,Up,38695399231721476877096504968920656384238820420284922561977249082682533098050,15850116068011637107032304871618163721955898959397512124188038254834447183522,0.08,0.09,116.84,29.39,0.01,0.91,0.92,29.39,116.84,0.01,0.085,0.915,0.200985,0.799015,71741.44
1775780073380,2026-04-10T00:14:33.380,btc-updown-15m-1775779200,1775780100,Up,38695399231721476877096504968920656384238820420284922561977249082682533098050,15850116068011637107032304871618163721955898959397512124188038254834447183522,0.08,0.09,164.45,43.3,0.01,0.91,0.92,43.3,164.45,0.01,0.085,0.915,0.208424,0.791576,71741.44
1775780074381,2026-04-10T00:14:34.381,btc-updown-15m-1775779200,1775780100,Up,38695399231721476877096504968920656384238820420284922561977249082682533098050,15850116068011637107032304871618163721955898959397512124188038254834447183522,0.08,0.09,222.49,22.3,0.01,0.91,0.92,22.3,222.49,0.01,0.085,0.915,0.091098,0.908902,71744.34
1775780075381,2026-04-10T00:14:35.381,btc-updown-15m-1775779200,1775780100,Up,38695399231721476877096504968920656384238820420284922561977249082682533098050,15850116068011637107032304871618163721955898959397512124188038254834447183522,0.08,0.1,91.27,191.61,0.02,0.9,0.92,191.61,91.27,0.02,0.09,0.91,0.677354,0.322646,71744.34
1775780076382,2026-04-10T00:14:36.382,btc-updown-15m-1775779200,1775780100,Up,38695399231721476877096504968920656384238820420284922561977249082682533098050,15850116068011637107032304871618163721955898959397512124188038254834447183522,0.38,0.64,52.5,160.52,0.26,0.36,0.62,160.52,52.5,0.26,0.51,0.49,0.753544,0.246456,71744.34
1775780077382,2026-04-10T00:14:37.382,btc-updown-15m-1775779200,1775780100,Up,38695399231721476877096504968920656384238820420284922561977249082682533098050,15850116068011637107032304871618163721955898959397512124188038254834447183522,0.68,0.69,14.73,113.0,0.01,0.31,0.32,113.0,14.73,0.01,0.685,0.315,0.884679,0.115321,71803.24
1775780078383,2026-04-10T00:14:38.383,btc-updown-15m-1775779200,1775780100,Up,38695399231721476877096504968920656384238820420284922561977249082682533098050,15850116068011637107032304871618163721955898959397512124188038254834447183522,0.68,0.69,15.1,30.0,0.01,0.31,0.32,30.0,15.1,0.01,0.685,0.315,0.665188,0.334812,71803.24
1775780079384,2026-04-10T00:14:39.384,btc-updown-15m-1775779200,1775780100,Up,38695399231721476877096504968920656384238820420284922561977249082682533098050,15850116068011637107032304871618163721955898959397512124188038254834447183522,0.58,0.71,5.0,157.11,0.13,0.29,0.42,157.11,5.0,0.13,0.645,0.355,0.969157,0.030843,71803.24
1775780080384,2026-04-10T00:14:40.384,btc-updown-15m-1775779200,1775780100,Up,38695399231721476877096504968920656384238820420284922561977249082682533098050,15850116068011637107032304871618163721955898959397512124188038254834447183522,0.71,0.72,57.38,35.79,0.01,0.28,0.29,35.79,57.38,0.01,0.715,0.285,0.384137,0.615863,71799.72
1775780081385,2026-04-10T00:14:41.385,btc-updown-15m-1775779200,1775780100,Up,38695399231721476877096504968920656384238820420284922561977249082682533098050,15850116068011637107032304871618163721955898959397512124188038254834447183522,0.62,0.63,13.3,20.0,0.01,0.37,0.38,20.0,13.3,0.01,0.625,0.375,0.600601,0.399399,71799.72
1775780082385,2026-04-10T00:14:42.385,btc-updown-15m-1775779200,1775780100,Up,38695399231721476877096504968920656384238820420284922561977249082682533098050,15850116068011637107032304871618163721955898959397512124188038254834447183522,0.6,0.68,15.0,167.55,0.08,0.32,0.4,167.55,15.0,0.08,0.64,0.36,0.917831,0.082169,71799.72
1775780083387,2026-04-10T00:14:43.387,btc-updown-15m-1775779200,1775780100,Up,38695399231721476877096504968920656384238820420284922561977249082682533098050,15850116068011637107032304871618163721955898959397512124188038254834447183522,0.66,0.67,21.12,277.48,0.01,0.33,0.34,277.48,21.12,0.01,0.665,0.335,0.92927,0.07073,71799.72
1775780084388,2026-04-10T00:14:44.388,btc-updown-15m-1775779200,1775780100,Up,38695399231721476877096504968920656384238820420284922561977249082682533098050,15850116068011637107032304871618163721955898959397512124188038254834447183522,0.66,0.67,21.12,234.89,0.01,0.33,0.34,234.89,21.12,0.01,0.665,0.335,0.917503,0.082497,71799.72
1775780085389,2026-04-10T00:14:45.389,btc-updown-15m-1775779200,1775780100,Up,38695399231721476877096504968920656384238820420284922561977249082682533098050,15850116068011637107032304871618163721955898959397512124188038254834447183522,0.66,0.67,12.12,208.39,0.01,0.33,0.34,208.39,12.12,0.01,0.665,0.335,0.945037,0.054963,71799.72
1775780086390,2026-04-10T00:14:46.390,btc-updown-15m-1775779200,1775780100,Up,38695399231721476877096504968920656384238820420284922561977249082682533098050,15850116068011637107032304871618163721955898959397512124188038254834447183522,0.67,0.69,21.0,4.45,0.02,0.31,0.33,4.45,21.0,0.02,0.68,0.32,0.174853,0.825147,71799.72
1775780087390,2026-04-10T00:14:47.390,btc-updown-15m-1775779200,1775780100,Up,38695399231721476877096504968920656384238820420284922561977249082682533098050,15850116068011637107032304871618163721955898959397512124188038254834447183522,0.67,0.68,6.31,19.66,0.01,0.32,0.33,19.66,6.31,0.01,0.675,0.325,0.757027,0.242973,71799.72
1775780088391,2026-04-10T00:14:48.391,btc-updown-15m-1775779200,1775780100,Up,38695399231721476877096504968920656384238820420284922561977249082682533098050,15850116068011637107032304871618163721955898959397512124188038254834447183522,0.66,0.71,5.0,138.78,0.05,0.29,0.34,138.78,5.0,0.05,0.685,0.315,0.965225,0.034775,71799.72
1775780089391,2026-04-10T00:14:49.391,btc-updown-15m-1775779200,1775780100,Up,38695399231721476877096504968920656384238820420284922561977249082682533098050,15850116068011637107032304871618163721955898959397512124188038254834447183522,0.58,0.63,60.0,31.66,0.05,0.37,0.42,31.66,60.0,0.05,0.605,0.395,0.345407,0.654593,71794.83
1775780090391,2026-04-10T00:14:50.391,btc-updown-15m-1775779200,1775780100,Up,38695399231721476877096504968920656384238820420284922561977249082682533098050,15850116068011637107032304871618163721955898959397512124188038254834447183522,0.62,0.63,52.54,5.59,0.01,0.37,0.38,5.59,52.54,0.01,0.625,0.375,0.096164,0.903836,71794.83
1775780091392,2026-04-10T00:14:51.392,btc-updown-15m-1775779200,1775780100,Up,38695399231721476877096504968920656384238820420284922561977249082682533098050,15850116068011637107032304871618163721955898959397512124188038254834447183522,0.59,0.6,19.92,11.99,0.01,0.4,0.41,11.99,19.92,0.01,0.595,0.405,0.375744,0.624256,71794.83
1775780092393,2026-04-10T00:14:52.393,btc-updown-15m-1775779200,1775780100,Up,38695399231721476877096504968920656384238820420284922561977249082682533098050,15850116068011637107032304871618163721955898959397512124188038254834447183522,0.55,0.63,24.0,28.39,0.08,0.37,0.45,28.39,24.0,0.08,0.59,0.41,0.541897,0.458103,71794.83
1775780093394,2026-04-10T00:14:53.394,btc-updown-15m-1775779200,1775780100,Up,38695399231721476877096504968920656384238820420284922561977249082682533098050,15850116068011637107032304871618163721955898959397512124188038254834447183522,0.41,0.5,39.46,26.91,0.09,0.5,0.59,26.91,39.46,0.09,0.455,0.545,0.405454,0.594546,71794.83
1775780094395,2026-04-10T00:14:54.395,btc-updown-15m-1775779200,1775780100,Up,38695399231721476877096504968920656384238820420284922561977249082682533098050,15850116068011637107032304871618163721955898959397512124188038254834447183522,0.21,0.52,62.05,45.64,0.31,0.48,0.79,45.64,62.05,0.31,0.365,0.635,0.423809,0.576191,71794.83
1775780095396,2026-04-10T00:14:55.396,btc-updown-15m-1775779200,1775780100,Up,38695399231721476877096504968920656384238820420284922561977249082682533098050,15850116068011637107032304871618163721955898959397512124188038254834447183522,0.23,0.48,20.96,25.4,0.25,0.52,0.77,25.4,20.96,0.25,0.355,0.645,0.547886,0.452114,71820.27
1775780096396,2026-04-10T00:14:56.396,btc-updown-15m-1775779200,1775780100,Up,38695399231721476877096504968920656384238820420284922561977249082682533098050,15850116068011637107032304871618163721955898959397512124188038254834447183522,0.86,0.89,90.01,23.47,0.03,0.11,0.14,23.47,90.01,0.03,0.875,0.125,0.206821,0.793179,71820.27
1775780097397,2026-04-10T00:14:57.397,btc-updown-15m-1775779200,1775780100,Up,38695399231721476877096504968920656384238820420284922561977249082682533098050,15850116068011637107032304871618163721955898959397512124188038254834447183522,0.88,0.89,40.53,225.57,0.01,0.11,0.12,225.57,40.53,0.01,0.885,0.115,0.847689,0.152311,71820.27
1775780098398,2026-04-10T00:14:58.398,btc-updown-15m-1775779200,1775780100,Up,38695399231721476877096504968920656384238820420284922561977249082682533098050,15850116068011637107032304871618163721955898959397512124188038254834447183522,0.93,0.94,181.32,152.45,0.01,0.06,0.07,152.45,181.32,0.01,0.935,0.065,0.456752,0.543248,71816.0
1775780099398,2026-04-10T00:14:59.398,btc-updown-15m-1775779200,1775780100,Up,38695399231721476877096504968920656384238820420284922561977249082682533098050,15850116068011637107032304871618163721955898959397512124188038254834447183522,0.99,,,2834.38,,,0.01,2834.38,,,,,,,71816.0
1775780100400,2026-04-10T00:15:00.400,btc-updown-15m-1775779200,1775780100,Up,38695399231721476877096504968920656384238820420284922561977249082682533098050,15850116068011637107032304871618163721955898959397512124188038254834447183522,0.99,,,62111.89,,,0.01,62111.89,,,,,,,71816.0
1775780100400,2026-04-10T00:15:00.400,btc-updown-15m-1775780100,1775781000,,22559815892146386968431519634450299752605949719103529230809436880456243442586,69409123436887961651219328397468567392773603033537777692700612457631963343695,0.55,0.56,184.81,122.82,0.01,0.44,0.45,122.82,184.81,0.01,0.555,0.445,0.399246,0.600754,71816.0
1775780101400,2026-04-10T00:15:01.400,btc-updown-15m-1775780100,1775781000,,22559815892146386968431519634450299752605949719103529230809436880456243442586,69409123436887961651219328397468567392773603033537777692700612457631963343695,0.54,0.56,113.21,98.76,0.02,0.44,0.46,98.76,113.21,0.02,0.55,0.45,0.465915,0.534085,71811.86
