ts_ms,timestamp,window_slug,window_end_ts,outcome,yes_token_id,no_token_id,yes_bid,yes_ask,yes_ask_size,yes_bid_size,yes_spread,no_bid,no_ask,no_ask_size,no_bid_size,no_spread,yes_mid,no_mid,yes_imbalance,no_imbalance,btc_price
1775088000970,2026-04-02T00:00:00.970,btc-updown-15m-1775087100,1775088000,Up,68029254272010564873448305419242401104981870337563155069370353721010154636442,50693475393133460971564483795674700473587014446712214012901283054310827466568,0.99,,,57156.69,,,0.01,57156.69,,,,,,,68106.86
1775088000970,2026-04-02T00:00:00.970,btc-updown-15m-1775088000,1775088900,Up,97157393620546067921107477749024780393693953836060716340958637202932417991675,23717176631191013542990128995527648018230243504257685041560141692210649140817,0.53,0.54,41.88,128.82,0.01,0.46,0.47,128.82,41.88,0.01,0.535,0.465,0.754657,0.245343,68106.86
1775088001970,2026-04-02T00:00:01.970,btc-updown-15m-1775088000,1775088900,Up,97157393620546067921107477749024780393693953836060716340958637202932417991675,23717176631191013542990128995527648018230243504257685041560141692210649140817,0.53,0.54,46.88,26.04,0.01,0.46,0.47,26.04,46.88,0.01,0.535,0.465,0.357104,0.642896,68106.86
1775088002970,2026-04-02T00:00:02.970,btc-updown-15m-1775088000,1775088900,Up,97157393620546067921107477749024780393693953836060716340958637202932417991675,23717176631191013542990128995527648018230243504257685041560141692210649140817,0.52,0.53,8.96,30.0,0.01,0.46,0.47,16.04,206.02,0.01,0.525,0.465,0.770021,0.927767,68106.86
1775088003971,2026-04-02T00:00:03.971,btc-updown-15m-1775088000,1775088900,Up,97157393620546067921107477749024780393693953836060716340958637202932417991675,23717176631191013542990128995527648018230243504257685041560141692210649140817,0.5,0.51,179.0,38.56,0.01,0.49,0.5,173.56,122.0,0.01,0.505,0.495,0.177238,0.412776,68100.05
1775088004971,2026-04-02T00:00:04.971,btc-updown-15m-1775088000,1775088900,Up,97157393620546067921107477749024780393693953836060716340958637202932417991675,23717176631191013542990128995527648018230243504257685041560141692210649140817,0.47,0.48,209.0,151.97,0.01,0.52,0.53,151.97,209.0,0.01,0.475,0.525,0.421005,0.578995,68100.05
1775088005972,2026-04-02T00:00:05.972,btc-updown-15m-1775088000,1775088900,Up,97157393620546067921107477749024780393693953836060716340958637202932417991675,23717176631191013542990128995527648018230243504257685041560141692210649140817,0.45,0.46,354.59,126.33,0.01,0.54,0.55,126.33,20.0,0.01,0.455,0.545,0.262684,0.136677,68100.05
1775088006973,2026-04-02T00:00:06.973,btc-updown-15m-1775088000,1775088900,Up,97157393620546067921107477749024780393693953836060716340958637202932417991675,23717176631191013542990128995527648018230243504257685041560141692210649140817,0.41,0.42,253.0,27.92,0.01,0.58,0.59,27.92,253.0,0.01,0.415,0.585,0.099388,0.900612,68075.23
1775088007973,2026-04-02T00:00:07.973,btc-updown-15m-1775088000,1775088900,Up,97157393620546067921107477749024780393693953836060716340958637202932417991675,23717176631191013542990128995527648018230243504257685041560141692210649140817,0.4,0.41,285.0,92.49,0.01,0.59,0.6,101.49,285.0,0.01,0.405,0.595,0.245013,0.737406,68075.23
1775088008973,2026-04-02T00:00:08.973,btc-updown-15m-1775088000,1775088900,Up,97157393620546067921107477749024780393693953836060716340958637202932417991675,23717176631191013542990128995527648018230243504257685041560141692210649140817,0.4,0.41,222.92,204.3,0.01,0.59,0.6,204.3,222.92,0.01,0.405,0.595,0.478208,0.521792,68075.23
1775088009974,2026-04-02T00:00:09.974,btc-updown-15m-1775088000,1775088900,Up,97157393620546067921107477749024780393693953836060716340958637202932417991675,23717176631191013542990128995527648018230243504257685041560141692210649140817,0.41,0.43,12.46,281.45,0.02,0.57,0.59,281.45,49.0,0.02,0.42,0.58,0.957606,0.148283,68082.47
1775088010975,2026-04-02T00:00:10.975,btc-updown-15m-1775088000,1775088900,Up,97157393620546067921107477749024780393693953836060716340958637202932417991675,23717176631191013542990128995527648018230243504257685041560141692210649140817,0.42,0.43,6.0,426.37,0.01,0.56,0.58,426.37,18.39,0.02,0.425,0.57,0.986123,0.041348,68082.47
1775088011976,2026-04-02T00:00:11.976,btc-updown-15m-1775088000,1775088900,Up,97157393620546067921107477749024780393693953836060716340958637202932417991675,23717176631191013542990128995527648018230243504257685041560141692210649140817,0.44,0.45,764.23,493.0,0.01,0.55,0.56,493.0,764.23,0.01,0.445,0.555,0.392132,0.607868,68082.47
1775088012977,2026-04-02T00:00:12.977,btc-updown-15m-1775088000,1775088900,Up,97157393620546067921107477749024780393693953836060716340958637202932417991675,23717176631191013542990128995527648018230243504257685041560141692210649140817,0.44,0.45,670.79,548.8,0.01,0.55,0.56,548.8,670.79,0.01,0.445,0.555,0.449987,0.550013,68101.47
1775088013977,2026-04-02T00:00:13.977,btc-updown-15m-1775088000,1775088900,Up,97157393620546067921107477749024780393693953836060716340958637202932417991675,23717176631191013542990128995527648018230243504257685041560141692210649140817,0.44,0.45,643.45,318.27,0.01,0.55,0.56,318.27,643.45,0.01,0.445,0.555,0.330938,0.669062,68101.47
1775088014977,2026-04-02T00:00:14.977,btc-updown-15m-1775088000,1775088900,Up,97157393620546067921107477749024780393693953836060716340958637202932417991675,23717176631191013542990128995527648018230243504257685041560141692210649140817,0.44,0.45,547.45,361.24,0.01,0.55,0.56,361.24,547.45,0.01,0.445,0.555,0.397539,0.602461,68101.47
1775088015978,2026-04-02T00:00:15.978,btc-updown-15m-1775088000,1775088900,Up,97157393620546067921107477749024780393693953836060716340958637202932417991675,23717176631191013542990128995527648018230243504257685041560141692210649140817,0.45,0.46,17.26,362.23,0.01,0.54,0.55,362.23,17.26,0.01,0.455,0.545,0.954518,0.045482,68102.84
1775088016979,2026-04-02T00:00:16.979,btc-updown-15m-1775088000,1775088900,Up,97157393620546067921107477749024780393693953836060716340958637202932417991675,23717176631191013542990128995527648018230243504257685041560141692210649140817,0.46,0.47,46.5,588.0,0.01,0.53,0.54,588.0,46.5,0.01,0.465,0.535,0.926714,0.073286,68102.84
1775088017980,2026-04-02T00:00:17.980,btc-updown-15m-1775088000,1775088900,Up,97157393620546067921107477749024780393693953836060716340958637202932417991675,23717176631191013542990128995527648018230243504257685041560141692210649140817,0.51,0.52,320.48,11.0,0.01,0.48,0.49,11.0,320.48,0.01,0.515,0.485,0.033185,0.966815,68102.84
1775088018980,2026-04-02T00:00:18.980,btc-updown-15m-1775088000,1775088900,Up,97157393620546067921107477749024780393693953836060716340958637202932417991675,23717176631191013542990128995527648018230243504257685041560141692210649140817,0.46,0.47,43.7,300.88,0.01,0.53,0.54,300.88,68.0,0.01,0.465,0.535,0.873179,0.184342,68103.97
1775088019980,2026-04-02T00:00:19.980,btc-updown-15m-1775088000,1775088900,Up,97157393620546067921107477749024780393693953836060716340958637202932417991675,23717176631191013542990128995527648018230243504257685041560141692210649140817,0.47,0.48,1054.16,153.26,0.01,0.52,0.53,153.26,1054.16,0.01,0.475,0.525,0.126932,0.873068,68103.97
1775088020981,2026-04-02T00:00:20.981,btc-updown-15m-1775088000,1775088900,Up,97157393620546067921107477749024780393693953836060716340958637202932417991675,23717176631191013542990128995527648018230243504257685041560141692210649140817,0.47,0.48,1061.16,378.27,0.01,0.52,0.53,378.27,1061.16,0.01,0.475,0.525,0.262792,0.737208,68103.97
1775088021983,2026-04-02T00:00:21.983,btc-updown-15m-1775088000,1775088900,Up,97157393620546067921107477749024780393693953836060716340958637202932417991675,23717176631191013542990128995527648018230243504257685041560141692210649140817,0.47,0.48,1061.16,378.27,0.01,0.52,0.53,378.27,1061.16,0.01,0.475,0.525,0.262792,0.737208,68103.97
1775088022983,2026-04-02T00:00:22.983,btc-updown-15m-1775088000,1775088900,Up,97157393620546067921107477749024780393693953836060716340958637202932417991675,23717176631191013542990128995527648018230243504257685041560141692210649140817,0.47,0.48,1061.16,378.27,0.01,0.52,0.53,378.27,1061.16,0.01,0.475,0.525,0.262792,0.737208,68103.97
1775088023984,2026-04-02T00:00:23.984,btc-updown-15m-1775088000,1775088900,Up,97157393620546067921107477749024780393693953836060716340958637202932417991675,23717176631191013542990128995527648018230243504257685041560141692210649140817,0.47,0.48,1291.77,97.87,0.01,0.52,0.53,97.87,1291.77,0.01,0.475,0.525,0.070428,0.929572,68103.97
1775088024984,2026-04-02T00:00:24.984,btc-updown-15m-1775088000,1775088900,Up,97157393620546067921107477749024780393693953836060716340958637202932417991675,23717176631191013542990128995527648018230243504257685041560141692210649140817,0.42,0.43,1058.0,256.58,0.01,0.57,0.58,256.58,1058.0,0.01,0.425,0.575,0.19518,0.80482,68090.2
1775088025985,2026-04-02T00:00:25.985,btc-updown-15m-1775088000,1775088900,Up,97157393620546067921107477749024780393693953836060716340958637202932417991675,23717176631191013542990128995527648018230243504257685041560141692210649140817,0.44,0.45,815.48,284.0,0.01,0.55,0.57,136.0,21.0,0.02,0.445,0.56,0.258304,0.133758,68090.2
1775088026985,2026-04-02T00:00:26.985,btc-updown-15m-1775088000,1775088900,Up,97157393620546067921107477749024780393693953836060716340958637202932417991675,23717176631191013542990128995527648018230243504257685041560141692210649140817,0.44,0.45,828.48,271.0,0.01,0.55,0.56,271.0,828.48,0.01,0.445,0.555,0.24648,0.75352,68090.2
1775088027986,2026-04-02T00:00:27.986,btc-updown-15m-1775088000,1775088900,Up,97157393620546067921107477749024780393693953836060716340958637202932417991675,23717176631191013542990128995527648018230243504257685041560141692210649140817,0.41,0.43,437.0,254.54,0.02,0.57,0.59,254.54,437.0,0.02,0.42,0.58,0.368077,0.631923,68088.47
1775088028986,2026-04-02T00:00:28.986,btc-updown-15m-1775088000,1775088900,Up,97157393620546067921107477749024780393693953836060716340958637202932417991675,23717176631191013542990128995527648018230243504257685041560141692210649140817,0.41,0.42,511.97,295.76,0.01,0.58,0.59,295.76,511.97,0.01,0.415,0.585,0.366162,0.633838,68088.47
1775088029986,2026-04-02T00:00:29.986,btc-updown-15m-1775088000,1775088900,Up,97157393620546067921107477749024780393693953836060716340958637202932417991675,23717176631191013542990128995527648018230243504257685041560141692210649140817,0.4,0.41,49.0,355.64,0.01,0.59,0.6,383.93,49.0,0.01,0.405,0.595,0.878905,0.113182,68088.47
1775088030987,2026-04-02T00:00:30.987,btc-updown-15m-1775088000,1775088900,Up,97157393620546067921107477749024780393693953836060716340958637202932417991675,23717176631191013542990128995527648018230243504257685041560141692210649140817,0.4,0.41,1284.8,74.0,0.01,0.59,0.6,74.0,1284.8,0.01,0.405,0.595,0.05446,0.94554,68076.14
1775088031988,2026-04-02T00:00:31.988,btc-updown-15m-1775088000,1775088900,Up,97157393620546067921107477749024780393693953836060716340958637202932417991675,23717176631191013542990128995527648018230243504257685041560141692210649140817,0.4,0.41,697.91,34.0,0.01,0.59,0.6,34.0,697.91,0.01,0.405,0.595,0.046454,0.953546,68076.14
1775088032989,2026-04-02T00:00:32.989,btc-updown-15m-1775088000,1775088900,Up,97157393620546067921107477749024780393693953836060716340958637202932417991675,23717176631191013542990128995527648018230243504257685041560141692210649140817,0.38,0.4,339.0,282.88,0.02,0.6,0.62,282.88,339.0,0.02,0.39,0.61,0.454879,0.545121,68076.14
1775088033989,2026-04-02T00:00:33.989,btc-updown-15m-1775088000,1775088900,Up,97157393620546067921107477749024780393693953836060716340958637202932417991675,23717176631191013542990128995527648018230243504257685041560141692210649140817,0.38,0.39,260.35,249.88,0.01,0.61,0.62,249.88,260.35,0.01,0.385,0.615,0.48974,0.51026,68076.15
1775088034990,2026-04-02T00:00:34.990,btc-updown-15m-1775088000,1775088900,Up,97157393620546067921107477749024780393693953836060716340958637202932417991675,23717176631191013542990128995527648018230243504257685041560141692210649140817,0.35,0.36,199.47,366.58,0.01,0.63,0.65,366.58,1294.14,0.02,0.355,0.64,0.647611,0.779264,68076.15
1775088035991,2026-04-02T00:00:35.991,btc-updown-15m-1775088000,1775088900,Up,97157393620546067921107477749024780393693953836060716340958637202932417991675,23717176631191013542990128995527648018230243504257685041560141692210649140817,0.35,0.36,1604.51,19.34,0.01,0.64,0.65,19.34,1604.51,0.01,0.355,0.645,0.01191,0.98809,68076.15
1775088036991,2026-04-02T00:00:36.991,btc-updown-15m-1775088000,1775088900,Up,97157393620546067921107477749024780393693953836060716340958637202932417991675,23717176631191013542990128995527648018230243504257685041560141692210649140817,0.35,0.36,1219.51,11.64,0.01,0.64,0.65,11.64,1219.51,0.01,0.355,0.645,0.009455,0.990545,68071.6
1775088037992,2026-04-02T00:00:37.992,btc-updown-15m-1775088000,1775088900,Up,97157393620546067921107477749024780393693953836060716340958637202932417991675,23717176631191013542990128995527648018230243504257685041560141692210649140817,0.34,0.35,114.0,497.98,0.01,0.65,0.66,497.98,114.0,0.01,0.345,0.655,0.813719,0.186281,68071.6
1775088038992,2026-04-02T00:00:38.992,btc-updown-15m-1775088000,1775088900,Up,97157393620546067921107477749024780393693953836060716340958637202932417991675,23717176631191013542990128995527648018230243504257685041560141692210649140817,0.34,0.35,307.95,214.98,0.01,0.65,0.66,214.98,307.95,0.01,0.345,0.655,0.411107,0.588893,68071.6
1775088039993,2026-04-02T00:00:39.993,btc-updown-15m-1775088000,1775088900,Up,97157393620546067921107477749024780393693953836060716340958637202932417991675,23717176631191013542990128995527648018230243504257685041560141692210649140817,0.33,0.34,105.0,333.0,0.01,0.66,0.67,333.0,105.0,0.01,0.335,0.665,0.760274,0.239726,68065.01
1775088040994,2026-04-02T00:00:40.994,btc-updown-15m-1775088000,1775088900,Up,97157393620546067921107477749024780393693953836060716340958637202932417991675,23717176631191013542990128995527648018230243504257685041560141692210649140817,0.36,0.37,44.59,223.08,0.01,0.63,0.64,27.08,44.59,0.01,0.365,0.635,0.833414,0.622157,68065.01
1775088041994,2026-04-02T00:00:41.994,btc-updown-15m-1775088000,1775088900,Up,97157393620546067921107477749024780393693953836060716340958637202932417991675,23717176631191013542990128995527648018230243504257685041560141692210649140817,0.36,0.37,201.07,262.08,0.01,0.63,0.64,262.08,201.07,0.01,0.365,0.635,0.565864,0.434136,68065.01
1775088042995,2026-04-02T00:00:42.995,btc-updown-15m-1775088000,1775088900,Up,97157393620546067921107477749024780393693953836060716340958637202932417991675,23717176631191013542990128995527648018230243504257685041560141692210649140817,0.37,0.38,25.34,14.0,0.01,0.62,0.63,14.0,25.34,0.01,0.375,0.625,0.355872,0.644128,68079.55
1775088043996,2026-04-02T00:00:43.996,btc-updown-15m-1775088000,1775088900,Up,97157393620546067921107477749024780393693953836060716340958637202932417991675,23717176631191013542990128995527648018230243504257685041560141692210649140817,0.39,0.4,1.5,320.56,0.01,0.6,0.61,320.56,1.5,0.01,0.395,0.605,0.995342,0.004658,68079.55
1775088044997,2026-04-02T00:00:44.997,btc-updown-15m-1775088000,1775088900,Up,97157393620546067921107477749024780393693953836060716340958637202932417991675,23717176631191013542990128995527648018230243504257685041560141692210649140817,0.39,0.4,1.5,320.56,0.01,0.6,0.61,320.56,1.5,0.01,0.395,0.605,0.995342,0.004658,68079.55
1775088045997,2026-04-02T00:00:45.997,btc-updown-15m-1775088000,1775088900,Up,97157393620546067921107477749024780393693953836060716340958637202932417991675,23717176631191013542990128995527648018230243504257685041560141692210649140817,0.39,0.4,1.5,320.56,0.01,0.6,0.61,320.56,1.5,0.01,0.395,0.605,0.995342,0.004658,68079.55
1775088046999,2026-04-02T00:00:46.999,btc-updown-15m-1775088000,1775088900,Up,97157393620546067921107477749024780393693953836060716340958637202932417991675,23717176631191013542990128995527648018230243504257685041560141692210649140817,0.39,0.4,1.5,320.56,0.01,0.6,0.61,320.56,1.5,0.01,0.395,0.605,0.995342,0.004658,68079.55
1775088048001,2026-04-02T00:00:48.001,btc-updown-15m-1775088000,1775088900,Up,97157393620546067921107477749024780393693953836060716340958637202932417991675,23717176631191013542990128995527648018230243504257685041560141692210649140817,0.39,0.4,1.5,320.56,0.01,0.6,0.61,320.56,1.5,0.01,0.395,0.605,0.995342,0.004658,68079.55
1775088049002,2026-04-02T00:00:49.002,btc-updown-15m-1775088000,1775088900,Up,97157393620546067921107477749024780393693953836060716340958637202932417991675,23717176631191013542990128995527648018230243504257685041560141692210649140817,0.39,0.4,85.0,283.6,0.01,0.6,0.61,283.6,85.0,0.01,0.395,0.605,0.769398,0.230602,68079.55
1775088050002,2026-04-02T00:00:50.002,btc-updown-15m-1775088000,1775088900,Up,97157393620546067921107477749024780393693953836060716340958637202932417991675,23717176631191013542990128995527648018230243504257685041560141692210649140817,0.39,0.4,434.87,191.6,0.01,0.6,0.61,191.6,434.87,0.01,0.395,0.605,0.305841,0.694159,68079.55
1775088051002,2026-04-02T00:00:51.002,btc-updown-15m-1775088000,1775088900,Up,97157393620546067921107477749024780393693953836060716340958637202932417991675,23717176631191013542990128995527648018230243504257685041560141692210649140817,0.39,0.4,353.87,17.0,0.01,0.6,0.61,17.0,353.87,0.01,0.395,0.605,0.045838,0.954162,68079.55
1775088052003,2026-04-02T00:00:52.003,btc-updown-15m-1775088000,1775088900,Up,97157393620546067921107477749024780393693953836060716340958637202932417991675,23717176631191013542990128995527648018230243504257685041560141692210649140817,0.39,0.4,388.86,24.0,0.01,0.6,0.61,24.0,388.86,0.01,0.395,0.605,0.058131,0.941869,68079.55
1775088053003,2026-04-02T00:00:53.003,btc-updown-15m-1775088000,1775088900,Up,97157393620546067921107477749024780393693953836060716340958637202932417991675,23717176631191013542990128995527648018230243504257685041560141692210649140817,0.39,0.4,347.69,37.0,0.01,0.6,0.61,37.0,347.69,0.01,0.395,0.605,0.096181,0.903819,68079.55
1775088054004,2026-04-02T00:00:54.004,btc-updown-15m-1775088000,1775088900,Up,97157393620546067921107477749024780393693953836060716340958637202932417991675,23717176631191013542990128995527648018230243504257685041560141692210649140817,0.39,0.4,81.33,417.0,0.01,0.6,0.61,417.0,81.33,0.01,0.395,0.605,0.836795,0.163205,68079.55
1775088055004,2026-04-02T00:00:55.004,btc-updown-15m-1775088000,1775088900,Up,97157393620546067921107477749024780393693953836060716340958637202932417991675,23717176631191013542990128995527648018230243504257685041560141692210649140817,0.39,0.4,48.83,433.72,0.01,0.6,0.61,433.72,48.83,0.01,0.395,0.605,0.898808,0.101192,68079.55
1775088056005,2026-04-02T00:00:56.005,btc-updown-15m-1775088000,1775088900,Up,97157393620546067921107477749024780393693953836060716340958637202932417991675,23717176631191013542990128995527648018230243504257685041560141692210649140817,0.39,0.4,48.83,433.72,0.01,0.6,0.61,433.72,48.83,0.01,0.395,0.605,0.898808,0.101192,68079.55
1775088057006,2026-04-02T00:00:57.006,btc-updown-15m-1775088000,1775088900,Up,97157393620546067921107477749024780393693953836060716340958637202932417991675,23717176631191013542990128995527648018230243504257685041560141692210649140817,0.39,0.4,48.83,433.72,0.01,0.6,0.61,433.72,48.83,0.01,0.395,0.605,0.898808,0.101192,68079.55
1775088058006,2026-04-02T00:00:58.006,btc-updown-15m-1775088000,1775088900,Up,97157393620546067921107477749024780393693953836060716340958637202932417991675,23717176631191013542990128995527648018230243504257685041560141692210649140817,0.39,0.4,58.42,1230.4,0.01,0.6,0.61,1251.4,63.42,0.01,0.395,0.605,0.954672,0.048235,68082.95
1775088059009,2026-04-02T00:00:59.009,btc-updown-15m-1775088000,1775088900,Up,97157393620546067921107477749024780393693953836060716340958637202932417991675,23717176631191013542990128995527648018230243504257685041560141692210649140817,0.39,0.4,58.42,1230.4,0.01,0.6,0.61,1230.4,58.42,0.01,0.395,0.605,0.954672,0.045328,68082.95
1775088060010,2026-04-02T00:01:00.010,btc-updown-15m-1775088000,1775088900,Up,97157393620546067921107477749024780393693953836060716340958637202932417991675,23717176631191013542990128995527648018230243504257685041560141692210649140817,0.39,0.4,144.41,184.0,0.01,0.6,0.61,184.0,145.41,0.01,0.395,0.605,0.560275,0.441426,68082.95
1775088061011,2026-04-02T00:01:01.011,btc-updown-15m-1775088000,1775088900,Up,97157393620546067921107477749024780393693953836060716340958637202932417991675,23717176631191013542990128995527648018230243504257685041560141692210649140817,0.39,0.4,130.78,226.0,0.01,0.6,0.61,184.0,157.78,0.01,0.395,0.605,0.633444,0.461642,68082.95
1775088062012,2026-04-02T00:01:02.012,btc-updown-15m-1775088000,1775088900,Up,97157393620546067921107477749024780393693953836060716340958637202932417991675,23717176631191013542990128995527648018230243504257685041560141692210649140817,0.43,0.45,23.95,159.0,0.02,0.55,0.57,159.0,23.95,0.02,0.44,0.56,0.86909,0.13091,68082.95
1775088063013,2026-04-02T00:01:03.013,btc-updown-15m-1775088000,1775088900,Up,97157393620546067921107477749024780393693953836060716340958637202932417991675,23717176631191013542990128995527648018230243504257685041560141692210649140817,0.47,0.48,79.96,1172.0,0.01,0.52,0.53,1152.0,87.14,0.01,0.475,0.525,0.936132,0.070323,68082.95
1775088064013,2026-04-02T00:01:04.013,btc-updown-15m-1775088000,1775088900,Up,97157393620546067921107477749024780393693953836060716340958637202932417991675,23717176631191013542990128995527648018230243504257685041560141692210649140817,0.47,0.48,78.65,10.0,0.01,0.52,0.53,10.0,78.65,0.01,0.475,0.525,0.112803,0.887197,68110.11
1775088065014,2026-04-02T00:01:05.014,btc-updown-15m-1775088000,1775088900,Up,97157393620546067921107477749024780393693953836060716340958637202932417991675,23717176631191013542990128995527648018230243504257685041560141692210649140817,0.46,0.47,55.8,56.0,0.01,0.52,0.54,22.0,367.58,0.02,0.465,0.53,0.500894,0.943529,68110.11
1775088066015,2026-04-02T00:01:06.015,btc-updown-15m-1775088000,1775088900,Up,97157393620546067921107477749024780393693953836060716340958637202932417991675,23717176631191013542990128995527648018230243504257685041560141692210649140817,0.46,0.47,60.54,49.0,0.01,0.53,0.54,49.0,60.54,0.01,0.465,0.535,0.447325,0.552675,68110.11
1775088067015,2026-04-02T00:01:07.015,btc-updown-15m-1775088000,1775088900,Up,97157393620546067921107477749024780393693953836060716340958637202932417991675,23717176631191013542990128995527648018230243504257685041560141692210649140817,0.46,0.47,52.32,1234.0,0.01,0.53,0.54,1416.0,32.54,0.01,0.465,0.535,0.959326,0.022464,68104.42
1775088068016,2026-04-02T00:01:08.016,btc-updown-15m-1775088000,1775088900,Up,97157393620546067921107477749024780393693953836060716340958637202932417991675,23717176631191013542990128995527648018230243504257685041560141692210649140817,0.46,0.47,60.99,1245.0,0.01,0.53,0.54,1245.0,60.99,0.01,0.465,0.535,0.9533,0.0467,68104.42
1775088069016,2026-04-02T00:01:09.016,btc-updown-15m-1775088000,1775088900,Up,97157393620546067921107477749024780393693953836060716340958637202932417991675,23717176631191013542990128995527648018230243504257685041560141692210649140817,0.48,0.49,160.0,19.47,0.01,0.51,0.52,19.47,160.0,0.01,0.485,0.515,0.108486,0.891514,68104.42
1775088070017,2026-04-02T00:01:10.017,btc-updown-15m-1775088000,1775088900,Up,97157393620546067921107477749024780393693953836060716340958637202932417991675,23717176631191013542990128995527648018230243504257685041560141692210649140817,0.47,0.48,554.71,20.0,0.01,0.52,0.53,20.0,554.71,0.01,0.475,0.525,0.0348,0.9652,68107.82
1775088071018,2026-04-02T00:01:11.018,btc-updown-15m-1775088000,1775088900,Up,97157393620546067921107477749024780393693953836060716340958637202932417991675,23717176631191013542990128995527648018230243504257685041560141692210649140817,0.47,0.48,610.71,1.43,0.01,0.52,0.53,21.43,600.71,0.01,0.475,0.525,0.002336,0.965554,68107.82
1775088072019,2026-04-02T00:01:12.019,btc-updown-15m-1775088000,1775088900,Up,97157393620546067921107477749024780393693953836060716340958637202932417991675,23717176631191013542990128995527648018230243504257685041560141692210649140817,0.46,0.47,261.57,30.0,0.01,0.53,0.54,30.0,261.57,0.01,0.465,0.535,0.102891,0.897109,68107.82
1775088073019,2026-04-02T00:01:13.019,btc-updown-15m-1775088000,1775088900,Up,97157393620546067921107477749024780393693953836060716340958637202932417991675,23717176631191013542990128995527648018230243504257685041560141692210649140817,0.46,0.47,34.89,67.0,0.01,0.53,0.54,67.0,34.89,0.01,0.465,0.535,0.657572,0.342428,68107.83
1775088074020,2026-04-02T00:01:14.020,btc-updown-15m-1775088000,1775088900,Up,97157393620546067921107477749024780393693953836060716340958637202932417991675,23717176631191013542990128995527648018230243504257685041560141692210649140817,0.46,0.47,34.89,67.0,0.01,0.53,0.54,67.0,34.89,0.01,0.465,0.535,0.657572,0.342428,68107.83
1775088075021,2026-04-02T00:01:15.021,btc-updown-15m-1775088000,1775088900,Up,97157393620546067921107477749024780393693953836060716340958637202932417991675,23717176631191013542990128995527648018230243504257685041560141692210649140817,0.46,0.47,34.89,67.0,0.01,0.53,0.54,67.0,34.89,0.01,0.465,0.535,0.657572,0.342428,68107.83
1775088076022,2026-04-02T00:01:16.022,btc-updown-15m-1775088000,1775088900,Up,97157393620546067921107477749024780393693953836060716340958637202932417991675,23717176631191013542990128995527648018230243504257685041560141692210649140817,0.46,0.47,281.5,21.25,0.01,0.53,0.54,21.25,281.5,0.01,0.465,0.535,0.07019,0.92981,68107.82
1775088077023,2026-04-02T00:01:17.023,btc-updown-15m-1775088000,1775088900,Up,97157393620546067921107477749024780393693953836060716340958637202932417991675,23717176631191013542990128995527648018230243504257685041560141692210649140817,0.46,0.47,70.5,950.25,0.01,0.53,0.54,950.25,70.5,0.01,0.465,0.535,0.930933,0.069067,68107.82
1775088078024,2026-04-02T00:01:18.024,btc-updown-15m-1775088000,1775088900,Up,97157393620546067921107477749024780393693953836060716340958637202932417991675,23717176631191013542990128995527648018230243504257685041560141692210649140817,0.43,0.44,11.15,16.0,0.01,0.56,0.57,16.0,11.15,0.01,0.435,0.565,0.589319,0.410681,68107.82
1775088079025,2026-04-02T00:01:19.025,btc-updown-15m-1775088000,1775088900,Up,97157393620546067921107477749024780393693953836060716340958637202932417991675,23717176631191013542990128995527648018230243504257685041560141692210649140817,0.42,0.43,605.0,207.5,0.01,0.57,0.58,207.5,605.0,0.01,0.425,0.575,0.255385,0.744615,68097.24
1775088080025,2026-04-02T00:01:20.025,btc-updown-15m-1775088000,1775088900,Up,97157393620546067921107477749024780393693953836060716340958637202932417991675,23717176631191013542990128995527648018230243504257685041560141692210649140817,0.42,0.43,605.0,207.5,0.01,0.57,0.58,207.5,605.0,0.01,0.425,0.575,0.255385,0.744615,68097.24
1775088081027,2026-04-02T00:01:21.027,btc-updown-15m-1775088000,1775088900,Up,97157393620546067921107477749024780393693953836060716340958637202932417991675,23717176631191013542990128995527648018230243504257685041560141692210649140817,0.42,0.43,605.0,207.5,0.01,0.57,0.58,207.5,605.0,0.01,0.425,0.575,0.255385,0.744615,68097.24
1775088082028,2026-04-02T00:01:22.028,btc-updown-15m-1775088000,1775088900,Up,97157393620546067921107477749024780393693953836060716340958637202932417991675,23717176631191013542990128995527648018230243504257685041560141692210649140817,0.42,0.43,214.0,362.5,0.01,0.57,0.58,362.5,214.0,0.01,0.425,0.575,0.628794,0.371206,68097.23
1775088083029,2026-04-02T00:01:23.029,btc-updown-15m-1775088000,1775088900,Up,97157393620546067921107477749024780393693953836060716340958637202932417991675,23717176631191013542990128995527648018230243504257685041560141692210649140817,0.46,0.47,150.21,226.0,0.01,0.53,0.54,226.0,150.21,0.01,0.465,0.535,0.600728,0.399272,68097.23
1775088084029,2026-04-02T00:01:24.029,btc-updown-15m-1775088000,1775088900,Up,97157393620546067921107477749024780393693953836060716340958637202932417991675,23717176631191013542990128995527648018230243504257685041560141692210649140817,0.46,0.48,226.23,1520.5,0.02,0.52,0.54,1520.5,226.23,0.02,0.47,0.53,0.870484,0.129516,68097.23
1775088085030,2026-04-02T00:01:25.030,btc-updown-15m-1775088000,1775088900,Up,97157393620546067921107477749024780393693953836060716340958637202932417991675,23717176631191013542990128995527648018230243504257685041560141692210649140817,0.47,0.48,226.33,1171.0,0.01,0.52,0.53,1171.0,226.33,0.01,0.475,0.525,0.838027,0.161973,68108.33
1775088086031,2026-04-02T00:01:26.031,btc-updown-15m-1775088000,1775088900,Up,97157393620546067921107477749024780393693953836060716340958637202932417991675,23717176631191013542990128995527648018230243504257685041560141692210649140817,0.44,0.45,269.97,92.5,0.01,0.55,0.56,92.5,269.97,0.01,0.445,0.555,0.255194,0.744806,68108.33
1775088087032,2026-04-02T00:01:27.032,btc-updown-15m-1775088000,1775088900,Up,97157393620546067921107477749024780393693953836060716340958637202932417991675,23717176631191013542990128995527648018230243504257685041560141692210649140817,0.44,0.45,478.61,50.0,0.01,0.55,0.56,50.0,478.61,0.01,0.445,0.555,0.094588,0.905412,68108.33
1775088088032,2026-04-02T00:01:28.032,btc-updown-15m-1775088000,1775088900,Up,97157393620546067921107477749024780393693953836060716340958637202932417991675,23717176631191013542990128995527648018230243504257685041560141692210649140817,0.44,0.45,478.61,50.0,0.01,0.55,0.56,50.0,478.61,0.01,0.445,0.555,0.094588,0.905412,68098.97
1775088089033,2026-04-02T00:01:29.033,btc-updown-15m-1775088000,1775088900,Up,97157393620546067921107477749024780393693953836060716340958637202932417991675,23717176631191013542990128995527648018230243504257685041560141692210649140817,0.44,0.45,478.61,50.0,0.01,0.55,0.56,50.0,478.61,0.01,0.445,0.555,0.094588,0.905412,68098.97
1775088090034,2026-04-02T00:01:30.034,btc-updown-15m-1775088000,1775088900,Up,97157393620546067921107477749024780393693953836060716340958637202932417991675,23717176631191013542990128995527648018230243504257685041560141692210649140817,0.44,0.45,478.61,50.0,0.01,0.55,0.56,50.0,478.61,0.01,0.445,0.555,0.094588,0.905412,68098.97
1775088091035,2026-04-02T00:01:31.035,btc-updown-15m-1775088000,1775088900,Up,97157393620546067921107477749024780393693953836060716340958637202932417991675,23717176631191013542990128995527648018230243504257685041560141692210649140817,0.44,0.45,461.47,126.0,0.01,0.55,0.56,126.0,461.47,0.01,0.445,0.555,0.214479,0.785521,68098.98
1775088092036,2026-04-02T00:01:32.036,btc-updown-15m-1775088000,1775088900,Up,97157393620546067921107477749024780393693953836060716340958637202932417991675,23717176631191013542990128995527648018230243504257685041560141692210649140817,0.44,0.45,461.47,126.0,0.01,0.55,0.56,126.0,461.47,0.01,0.445,0.555,0.214479,0.785521,68098.98
1775088093037,2026-04-02T00:01:33.037,btc-updown-15m-1775088000,1775088900,Up,97157393620546067921107477749024780393693953836060716340958637202932417991675,23717176631191013542990128995527648018230243504257685041560141692210649140817,0.44,0.45,147.0,1304.5,0.01,0.55,0.56,1304.5,147.0,0.01,0.445,0.555,0.898725,0.101275,68098.98
1775088094038,2026-04-02T00:01:34.038,btc-updown-15m-1775088000,1775088900,Up,97157393620546067921107477749024780393693953836060716340958637202932417991675,23717176631191013542990128995527648018230243504257685041560141692210649140817,0.46,0.47,47.0,372.79,0.01,0.53,0.54,372.79,47.0,0.01,0.465,0.535,0.888039,0.111961,68102.38
1775088095039,2026-04-02T00:01:35.039,btc-updown-15m-1775088000,1775088900,Up,97157393620546067921107477749024780393693953836060716340958637202932417991675,23717176631191013542990128995527648018230243504257685041560141692210649140817,0.47,0.48,39.0,402.31,0.01,0.52,0.53,402.31,39.0,0.01,0.475,0.525,0.911627,0.088373,68102.38
1775088096039,2026-04-02T00:01:36.039,btc-updown-15m-1775088000,1775088900,Up,97157393620546067921107477749024780393693953836060716340958637202932417991675,23717176631191013542990128995527648018230243504257685041560141692210649140817,0.47,0.48,34.39,1171.5,0.01,0.52,0.53,1171.5,34.39,0.01,0.475,0.525,0.971482,0.028518,68102.38
1775088097039,2026-04-02T00:01:37.039,btc-updown-15m-1775088000,1775088900,Up,97157393620546067921107477749024780393693953836060716340958637202932417991675,23717176631191013542990128995527648018230243504257685041560141692210649140817,0.47,0.49,26.03,1612.28,0.02,0.51,0.53,1612.28,26.03,0.02,0.48,0.52,0.984112,0.015888,68109.19
1775088098040,2026-04-02T00:01:38.040,btc-updown-15m-1775088000,1775088900,Up,97157393620546067921107477749024780393693953836060716340958637202932417991675,23717176631191013542990128995527648018230243504257685041560141692210649140817,0.47,0.5,24.03,1599.5,0.03,0.5,0.53,1599.5,24.03,0.03,0.485,0.515,0.985199,0.014801,68109.19
1775088099041,2026-04-02T00:01:39.041,btc-updown-15m-1775088000,1775088900,Up,97157393620546067921107477749024780393693953836060716340958637202932417991675,23717176631191013542990128995527648018230243504257685041560141692210649140817,0.49,0.5,54.03,1335.53,0.01,0.5,0.51,1335.53,54.03,0.01,0.495,0.505,0.961117,0.038883,68109.19
1775088100042,2026-04-02T00:01:40.042,btc-updown-15m-1775088000,1775088900,Up,97157393620546067921107477749024780393693953836060716340958637202932417991675,23717176631191013542990128995527648018230243504257685041560141692210649140817,0.49,0.5,54.03,1335.53,0.01,0.5,0.51,1335.53,54.03,0.01,0.495,0.505,0.961117,0.038883,68109.19
1775088101043,2026-04-02T00:01:41.043,btc-updown-15m-1775088000,1775088900,Up,97157393620546067921107477749024780393693953836060716340958637202932417991675,23717176631191013542990128995527648018230243504257685041560141692210649140817,0.49,0.5,54.03,1335.53,0.01,0.5,0.51,1335.53,54.03,0.01,0.495,0.505,0.961117,0.038883,68109.19
1775088102044,2026-04-02T00:01:42.044,btc-updown-15m-1775088000,1775088900,Up,97157393620546067921107477749024780393693953836060716340958637202932417991675,23717176631191013542990128995527648018230243504257685041560141692210649140817,0.49,0.5,54.03,1335.53,0.01,0.5,0.51,1335.53,54.03,0.01,0.495,0.505,0.961117,0.038883,68109.19
1775088103045,2026-04-02T00:01:43.045,btc-updown-15m-1775088000,1775088900,Up,97157393620546067921107477749024780393693953836060716340958637202932417991675,23717176631191013542990128995527648018230243504257685041560141692210649140817,0.49,0.5,54.03,1335.53,0.01,0.5,0.51,1335.53,54.03,0.01,0.495,0.505,0.961117,0.038883,68109.2
1775088104045,2026-04-02T00:01:44.045,btc-updown-15m-1775088000,1775088900,Up,97157393620546067921107477749024780393693953836060716340958637202932417991675,23717176631191013542990128995527648018230243504257685041560141692210649140817,0.49,0.5,54.03,1335.53,0.01,0.5,0.51,1335.53,54.03,0.01,0.495,0.505,0.961117,0.038883,68109.2
1775088105046,2026-04-02T00:01:45.046,btc-updown-15m-1775088000,1775088900,Up,97157393620546067921107477749024780393693953836060716340958637202932417991675,23717176631191013542990128995527648018230243504257685041560141692210649140817,0.49,0.5,572.53,5.0,0.01,0.5,0.51,5.0,572.53,0.01,0.495,0.505,0.008658,0.991342,68109.2
1775088106048,2026-04-02T00:01:46.048,btc-updown-15m-1775088000,1775088900,Up,97157393620546067921107477749024780393693953836060716340958637202932417991675,23717176631191013542990128995527648018230243504257685041560141692210649140817,0.49,0.5,566.65,5.0,0.01,0.5,0.51,5.0,566.65,0.01,0.495,0.505,0.008747,0.991253,68109.19
1775088107050,2026-04-02T00:01:47.050,btc-updown-15m-1775088000,1775088900,Up,97157393620546067921107477749024780393693953836060716340958637202932417991675,23717176631191013542990128995527648018230243504257685041560141692210649140817,0.49,0.5,566.65,5.0,0.01,0.5,0.51,5.0,566.65,0.01,0.495,0.505,0.008747,0.991253,68109.19
1775088108050,2026-04-02T00:01:48.050,btc-updown-15m-1775088000,1775088900,Up,97157393620546067921107477749024780393693953836060716340958637202932417991675,23717176631191013542990128995527648018230243504257685041560141692210649140817,0.49,0.5,566.65,5.0,0.01,0.5,0.51,5.0,566.65,0.01,0.495,0.505,0.008747,0.991253,68109.19
1775088109052,2026-04-02T00:01:49.052,btc-updown-15m-1775088000,1775088900,Up,97157393620546067921107477749024780393693953836060716340958637202932417991675,23717176631191013542990128995527648018230243504257685041560141692210649140817,0.48,0.49,314.5,48.76,0.01,0.51,0.52,48.76,314.5,0.01,0.485,0.515,0.134229,0.865771,68109.2
1775088110053,2026-04-02T00:01:50.053,btc-updown-15m-1775088000,1775088900,Up,97157393620546067921107477749024780393693953836060716340958637202932417991675,23717176631191013542990128995527648018230243504257685041560141692210649140817,0.48,0.49,314.5,48.76,0.01,0.51,0.52,48.76,314.5,0.01,0.485,0.515,0.134229,0.865771,68109.2
1775088111053,2026-04-02T00:01:51.053,btc-updown-15m-1775088000,1775088900,Up,97157393620546067921107477749024780393693953836060716340958637202932417991675,23717176631191013542990128995527648018230243504257685041560141692210649140817,0.47,0.49,1330.5,318.0,0.02,0.51,0.53,318.0,1330.5,0.02,0.48,0.52,0.192903,0.807097,68109.2
1775088112054,2026-04-02T00:01:52.054,btc-updown-15m-1775088000,1775088900,Up,97157393620546067921107477749024780393693953836060716340958637202932417991675,23717176631191013542990128995527648018230243504257685041560141692210649140817,0.47,0.48,309.66,35.0,0.01,0.52,0.53,35.0,309.66,0.01,0.475,0.525,0.101549,0.898451,68107.75
1775088113054,2026-04-02T00:01:53.054,btc-updown-15m-1775088000,1775088900,Up,97157393620546067921107477749024780393693953836060716340958637202932417991675,23717176631191013542990128995527648018230243504257685041560141692210649140817,0.47,0.48,309.66,35.0,0.01,0.52,0.53,35.0,309.66,0.01,0.475,0.525,0.101549,0.898451,68107.75
1775088114055,2026-04-02T00:01:54.055,btc-updown-15m-1775088000,1775088900,Up,97157393620546067921107477749024780393693953836060716340958637202932417991675,23717176631191013542990128995527648018230243504257685041560141692210649140817,0.47,0.48,356.16,158.96,0.01,0.52,0.53,35.0,309.66,0.01,0.475,0.525,0.308588,0.898451,68107.75
1775088115055,2026-04-02T00:01:55.055,btc-updown-15m-1775088000,1775088900,Up,97157393620546067921107477749024780393693953836060716340958637202932417991675,23717176631191013542990128995527648018230243504257685041560141692210649140817,0.47,0.48,473.71,26.96,0.01,0.52,0.53,26.96,473.71,0.01,0.475,0.525,0.053848,0.946152,68105.82
1775088116055,2026-04-02T00:01:56.055,btc-updown-15m-1775088000,1775088900,Up,97157393620546067921107477749024780393693953836060716340958637202932417991675,23717176631191013542990128995527648018230243504257685041560141692210649140817,0.47,0.48,473.71,26.96,0.01,0.52,0.53,26.96,473.71,0.01,0.475,0.525,0.053848,0.946152,68105.82
1775088117056,2026-04-02T00:01:57.056,btc-updown-15m-1775088000,1775088900,Up,97157393620546067921107477749024780393693953836060716340958637202932417991675,23717176631191013542990128995527648018230243504257685041560141692210649140817,0.47,0.48,473.71,26.96,0.01,0.52,0.53,26.96,473.71,0.01,0.475,0.525,0.053848,0.946152,68105.82
1775088118056,2026-04-02T00:01:58.056,btc-updown-15m-1775088000,1775088900,Up,97157393620546067921107477749024780393693953836060716340958637202932417991675,23717176631191013542990128995527648018230243504257685041560141692210649140817,0.47,0.48,473.71,26.96,0.01,0.52,0.53,26.96,473.71,0.01,0.475,0.525,0.053848,0.946152,68105.82
1775088119057,2026-04-02T00:01:59.057,btc-updown-15m-1775088000,1775088900,Up,97157393620546067921107477749024780393693953836060716340958637202932417991675,23717176631191013542990128995527648018230243504257685041560141692210649140817,0.47,0.48,473.71,26.96,0.01,0.52,0.53,26.96,473.71,0.01,0.475,0.525,0.053848,0.946152,68105.82
1775088120057,2026-04-02T00:02:00.057,btc-updown-15m-1775088000,1775088900,Up,97157393620546067921107477749024780393693953836060716340958637202932417991675,23717176631191013542990128995527648018230243504257685041560141692210649140817,0.47,0.48,165.0,558.5,0.01,0.52,0.53,558.5,165.0,0.01,0.475,0.525,0.771942,0.228058,68105.82
1775088121058,2026-04-02T00:02:01.058,btc-updown-15m-1775088000,1775088900,Up,97157393620546067921107477749024780393693953836060716340958637202932417991675,23717176631191013542990128995527648018230243504257685041560141692210649140817,0.47,0.48,165.0,558.5,0.01,0.52,0.53,558.5,165.0,0.01,0.475,0.525,0.771942,0.228058,68105.82
1775088122058,2026-04-02T00:02:02.058,btc-updown-15m-1775088000,1775088900,Up,97157393620546067921107477749024780393693953836060716340958637202932417991675,23717176631191013542990128995527648018230243504257685041560141692210649140817,0.47,0.48,6.0,1434.52,0.01,0.52,0.53,1434.52,6.0,0.01,0.475,0.525,0.995835,0.004165,68105.82
1775088123059,2026-04-02T00:02:03.059,btc-updown-15m-1775088000,1775088900,Up,97157393620546067921107477749024780393693953836060716340958637202932417991675,23717176631191013542990128995527648018230243504257685041560141692210649140817,0.49,0.5,31.85,531.5,0.01,0.5,0.51,531.5,31.85,0.01,0.495,0.505,0.943463,0.056537,68105.82
1775088124060,2026-04-02T00:02:04.060,btc-updown-15m-1775088000,1775088900,Up,97157393620546067921107477749024780393693953836060716340958637202932417991675,23717176631191013542990128995527648018230243504257685041560141692210649140817,0.49,0.5,25.85,559.5,0.01,0.5,0.51,559.5,25.85,0.01,0.495,0.505,0.955838,0.044162,68110.2
1775088125061,2026-04-02T00:02:05.061,btc-updown-15m-1775088000,1775088900,Up,97157393620546067921107477749024780393693953836060716340958637202932417991675,23717176631191013542990128995527648018230243504257685041560141692210649140817,0.49,0.5,25.85,559.5,0.01,0.5,0.51,559.5,25.85,0.01,0.495,0.505,0.955838,0.044162,68110.2
1775088126061,2026-04-02T00:02:06.061,btc-updown-15m-1775088000,1775088900,Up,97157393620546067921107477749024780393693953836060716340958637202932417991675,23717176631191013542990128995527648018230243504257685041560141692210649140817,0.49,0.5,25.85,559.5,0.01,0.5,0.51,559.5,25.85,0.01,0.495,0.505,0.955838,0.044162,68110.2
1775088127063,2026-04-02T00:02:07.063,btc-updown-15m-1775088000,1775088900,Up,97157393620546067921107477749024780393693953836060716340958637202932417991675,23717176631191013542990128995527648018230243504257685041560141692210649140817,0.49,0.5,25.85,559.5,0.01,0.5,0.51,559.5,25.85,0.01,0.495,0.505,0.955838,0.044162,68110.19
1775088128064,2026-04-02T00:02:08.064,btc-updown-15m-1775088000,1775088900,Up,97157393620546067921107477749024780393693953836060716340958637202932417991675,23717176631191013542990128995527648018230243504257685041560141692210649140817,0.49,0.5,25.85,559.5,0.01,0.5,0.51,559.5,25.85,0.01,0.495,0.505,0.955838,0.044162,68110.19
1775088129066,2026-04-02T00:02:09.066,btc-updown-15m-1775088000,1775088900,Up,97157393620546067921107477749024780393693953836060716340958637202932417991675,23717176631191013542990128995527648018230243504257685041560141692210649140817,0.49,0.5,53.85,456.53,0.01,0.5,0.51,456.53,53.85,0.01,0.495,0.505,0.89449,0.10551,68110.19
1775088130067,2026-04-02T00:02:10.067,btc-updown-15m-1775088000,1775088900,Up,97157393620546067921107477749024780393693953836060716340958637202932417991675,23717176631191013542990128995527648018230243504257685041560141692210649140817,0.49,0.5,217.96,357.6,0.01,0.5,0.51,360.6,58.85,0.01,0.495,0.505,0.621308,0.140303,68110.19
1775088131067,2026-04-02T00:02:11.067,btc-updown-15m-1775088000,1775088900,Up,97157393620546067921107477749024780393693953836060716340958637202932417991675,23717176631191013542990128995527648018230243504257685041560141692210649140817,0.49,0.5,222.08,1212.6,0.01,0.5,0.51,357.6,217.96,0.01,0.495,0.505,0.845206,0.378692,68110.19
1775088132068,2026-04-02T00:02:12.068,btc-updown-15m-1775088000,1775088900,Up,97157393620546067921107477749024780393693953836060716340958637202932417991675,23717176631191013542990128995527648018230243504257685041560141692210649140817,0.49,0.5,577.58,3.0,0.01,0.5,0.51,1212.6,222.08,0.01,0.495,0.505,0.005167,0.154794,68110.19
1775088133069,2026-04-02T00:02:13.069,btc-updown-15m-1775088000,1775088900,Up,97157393620546067921107477749024780393693953836060716340958637202932417991675,23717176631191013542990128995527648018230243504257685041560141692210649140817,0.48,0.49,214.0,321.38,0.01,0.51,0.52,321.38,214.0,0.01,0.485,0.515,0.600284,0.399716,68110.2
1775088134069,2026-04-02T00:02:14.069,btc-updown-15m-1775088000,1775088900,Up,97157393620546067921107477749024780393693953836060716340958637202932417991675,23717176631191013542990128995527648018230243504257685041560141692210649140817,0.48,0.49,214.0,321.38,0.01,0.51,0.52,321.38,214.0,0.01,0.485,0.515,0.600284,0.399716,68110.2
1775088135070,2026-04-02T00:02:15.070,btc-updown-15m-1775088000,1775088900,Up,97157393620546067921107477749024780393693953836060716340958637202932417991675,23717176631191013542990128995527648018230243504257685041560141692210649140817,0.48,0.49,214.0,321.38,0.01,0.51,0.52,321.38,214.0,0.01,0.485,0.515,0.600284,0.399716,68110.2
1775088136071,2026-04-02T00:02:16.071,btc-updown-15m-1775088000,1775088900,Up,97157393620546067921107477749024780393693953836060716340958637202932417991675,23717176631191013542990128995527648018230243504257685041560141692210649140817,0.48,0.49,182.78,352.46,0.01,0.51,0.52,331.5,182.78,0.01,0.485,0.515,0.658508,0.35541,68110.2
1775088137072,2026-04-02T00:02:17.072,btc-updown-15m-1775088000,1775088900,Up,97157393620546067921107477749024780393693953836060716340958637202932417991675,23717176631191013542990128995527648018230243504257685041560141692210649140817,0.48,0.49,182.78,352.46,0.01,0.51,0.52,352.46,182.78,0.01,0.485,0.515,0.658508,0.341492,68110.2
1775088138073,2026-04-02T00:02:18.073,btc-updown-15m-1775088000,1775088900,Up,97157393620546067921107477749024780393693953836060716340958637202932417991675,23717176631191013542990128995527648018230243504257685041560141692210649140817,0.48,0.49,182.78,352.46,0.01,0.51,0.52,352.46,182.78,0.01,0.485,0.515,0.658508,0.341492,68110.2
1775088139073,2026-04-02T00:02:19.073,btc-updown-15m-1775088000,1775088900,Up,97157393620546067921107477749024780393693953836060716340958637202932417991675,23717176631191013542990128995527648018230243504257685041560141692210649140817,0.45,0.46,53.0,115.89,0.01,0.54,0.55,115.89,53.0,0.01,0.455,0.545,0.686186,0.313814,68107.51
1775088140074,2026-04-02T00:02:20.074,btc-updown-15m-1775088000,1775088900,Up,97157393620546067921107477749024780393693953836060716340958637202932417991675,23717176631191013542990128995527648018230243504257685041560141692210649140817,0.45,0.46,662.0,115.93,0.01,0.54,0.55,115.93,662.0,0.01,0.455,0.545,0.149024,0.850976,68107.51
1775088141075,2026-04-02T00:02:21.075,btc-updown-15m-1775088000,1775088900,Up,97157393620546067921107477749024780393693953836060716340958637202932417991675,23717176631191013542990128995527648018230243504257685041560141692210649140817,0.42,0.44,9.77,26.0,0.02,0.54,0.57,31.0,753.5,0.03,0.43,0.555,0.726866,0.960484,68107.51
1775088142076,2026-04-02T00:02:22.076,btc-updown-15m-1775088000,1775088900,Up,97157393620546067921107477749024780393693953836060716340958637202932417991675,23717176631191013542990128995527648018230243504257685041560141692210649140817,0.36,0.37,130.22,115.92,0.01,0.63,0.65,76.78,82.72,0.02,0.365,0.64,0.470951,0.518621,68069.31
1775088143076,2026-04-02T00:02:23.076,btc-updown-15m-1775088000,1775088900,Up,97157393620546067921107477749024780393693953836060716340958637202932417991675,23717176631191013542990128995527648018230243504257685041560141692210649140817,0.36,0.37,137.22,133.3,0.01,0.63,0.64,133.3,137.22,0.01,0.365,0.635,0.492755,0.507245,68069.31
1775088144078,2026-04-02T00:02:24.078,btc-updown-15m-1775088000,1775088900,Up,97157393620546067921107477749024780393693953836060716340958637202932417991675,23717176631191013542990128995527648018230243504257685041560141692210649140817,0.36,0.37,378.22,132.0,0.01,0.63,0.64,132.0,378.22,0.01,0.365,0.635,0.258712,0.741288,68069.31
1775088145078,2026-04-02T00:02:25.078,btc-updown-15m-1775088000,1775088900,Up,97157393620546067921107477749024780393693953836060716340958637202932417991675,23717176631191013542990128995527648018230243504257685041560141692210649140817,0.36,0.37,1322.16,111.0,0.01,0.63,0.64,111.0,1322.16,0.01,0.365,0.635,0.077451,0.922549,68063.2
1775088146079,2026-04-02T00:02:26.079,btc-updown-15m-1775088000,1775088900,Up,97157393620546067921107477749024780393693953836060716340958637202932417991675,23717176631191013542990128995527648018230243504257685041560141692210649140817,0.32,0.34,282.0,119.5,0.02,0.66,0.68,119.5,282.0,0.02,0.33,0.67,0.297634,0.702366,68063.2
1775088147079,2026-04-02T00:02:27.079,btc-updown-15m-1775088000,1775088900,Up,97157393620546067921107477749024780393693953836060716340958637202932417991675,23717176631191013542990128995527648018230243504257685041560141692210649140817,0.34,0.35,206.7,5.0,0.01,0.65,0.66,5.0,206.7,0.01,0.345,0.655,0.023618,0.976382,68063.2
1775088148080,2026-04-02T00:02:28.080,btc-updown-15m-1775088000,1775088900,Up,97157393620546067921107477749024780393693953836060716340958637202932417991675,23717176631191013542990128995527648018230243504257685041560141692210649140817,0.34,0.35,243.14,213.0,0.01,0.65,0.66,213.0,243.14,0.01,0.345,0.655,0.466962,0.533038,68069.32
1775088149081,2026-04-02T00:02:29.081,btc-updown-15m-1775088000,1775088900,Up,97157393620546067921107477749024780393693953836060716340958637202932417991675,23717176631191013542990128995527648018230243504257685041560141692210649140817,0.34,0.35,258.0,398.5,0.01,0.65,0.66,398.5,258.0,0.01,0.345,0.655,0.607007,0.392993,68069.32
1775088150082,2026-04-02T00:02:30.082,btc-updown-15m-1775088000,1775088900,Up,97157393620546067921107477749024780393693953836060716340958637202932417991675,23717176631191013542990128995527648018230243504257685041560141692210649140817,0.35,0.36,49.66,325.5,0.01,0.64,0.65,325.5,49.66,0.01,0.355,0.645,0.86763,0.13237,68069.32
1775088151083,2026-04-02T00:02:31.083,btc-updown-15m-1775088000,1775088900,Up,97157393620546067921107477749024780393693953836060716340958637202932417991675,23717176631191013542990128995527648018230243504257685041560141692210649140817,0.35,0.36,49.66,325.5,0.01,0.64,0.65,325.5,49.66,0.01,0.355,0.645,0.86763,0.13237,68069.32
1775088152083,2026-04-02T00:02:32.083,btc-updown-15m-1775088000,1775088900,Up,97157393620546067921107477749024780393693953836060716340958637202932417991675,23717176631191013542990128995527648018230243504257685041560141692210649140817,0.36,0.37,303.0,219.66,0.01,0.63,0.64,229.66,262.0,0.01,0.365,0.635,0.420273,0.532889,68069.32
1775088153084,2026-04-02T00:02:33.084,btc-updown-15m-1775088000,1775088900,Up,97157393620546067921107477749024780393693953836060716340958637202932417991675,23717176631191013542990128995527648018230243504257685041560141692210649140817,0.36,0.37,222.93,171.46,0.01,0.63,0.64,171.46,276.29,0.01,0.365,0.635,0.434747,0.617063,68069.32
1775088154084,2026-04-02T00:02:34.084,btc-updown-15m-1775088000,1775088900,Up,97157393620546067921107477749024780393693953836060716340958637202932417991675,23717176631191013542990128995527648018230243504257685041560141692210649140817,0.36,0.37,242.93,179.46,0.01,0.63,0.64,179.46,242.93,0.01,0.365,0.635,0.424868,0.575132,68073.99
1775088155085,2026-04-02T00:02:35.085,btc-updown-15m-1775088000,1775088900,Up,97157393620546067921107477749024780393693953836060716340958637202932417991675,23717176631191013542990128995527648018230243504257685041560141692210649140817,0.38,0.39,248.0,210.0,0.01,0.61,0.62,210.0,248.0,0.01,0.385,0.615,0.458515,0.541485,68073.99
1775088156086,2026-04-02T00:02:36.086,btc-updown-15m-1775088000,1775088900,Up,97157393620546067921107477749024780393693953836060716340958637202932417991675,23717176631191013542990128995527648018230243504257685041560141692210649140817,0.36,0.38,248.0,33.45,0.02,0.61,0.62,13.0,609.57,0.01,0.37,0.615,0.118849,0.979119,68073.99
1775088157087,2026-04-02T00:02:37.087,btc-updown-15m-1775088000,1775088900,Up,97157393620546067921107477749024780393693953836060716340958637202932417991675,23717176631191013542990128995527648018230243504257685041560141692210649140817,0.35,0.36,244.55,8.0,0.01,0.64,0.65,8.0,244.55,0.01,0.355,0.645,0.031677,0.968323,68076.0
1775088158088,2026-04-02T00:02:38.088,btc-updown-15m-1775088000,1775088900,Up,97157393620546067921107477749024780393693953836060716340958637202932417991675,23717176631191013542990128995527648018230243504257685041560141692210649140817,0.35,0.36,14.95,1695.7,0.01,0.64,0.65,1695.7,14.95,0.01,0.355,0.645,0.991261,0.008739,68076.0
1775088159088,2026-04-02T00:02:39.088,btc-updown-15m-1775088000,1775088900,Up,97157393620546067921107477749024780393693953836060716340958637202932417991675,23717176631191013542990128995527648018230243504257685041560141692210649140817,0.35,0.36,49.5,1707.5,0.01,0.64,0.65,1707.5,49.5,0.01,0.355,0.645,0.971827,0.028173,68076.0
1775088160089,2026-04-02T00:02:40.089,btc-updown-15m-1775088000,1775088900,Up,97157393620546067921107477749024780393693953836060716340958637202932417991675,23717176631191013542990128995527648018230243504257685041560141692210649140817,0.32,0.33,7.5,167.0,0.01,0.67,0.68,167.0,7.5,0.01,0.325,0.675,0.95702,0.04298,68066.6
1775088161090,2026-04-02T00:02:41.090,btc-updown-15m-1775088000,1775088900,Up,97157393620546067921107477749024780393693953836060716340958637202932417991675,23717176631191013542990128995527648018230243504257685041560141692210649140817,0.32,0.33,1139.96,230.0,0.01,0.67,0.68,230.0,1139.96,0.01,0.325,0.675,0.167888,0.832112,68066.6
1775088162090,2026-04-02T00:02:42.090,btc-updown-15m-1775088000,1775088900,Up,97157393620546067921107477749024780393693953836060716340958637202932417991675,23717176631191013542990128995527648018230243504257685041560141692210649140817,0.32,0.33,1234.69,212.32,0.01,0.67,0.68,212.32,1234.69,0.01,0.325,0.675,0.14673,0.85327,68066.6
1775088163092,2026-04-02T00:02:43.092,btc-updown-15m-1775088000,1775088900,Up,97157393620546067921107477749024780393693953836060716340958637202932417991675,23717176631191013542990128995527648018230243504257685041560141692210649140817,0.32,0.33,1338.69,151.32,0.01,0.67,0.68,151.32,1338.69,0.01,0.325,0.675,0.101556,0.898444,68066.6
1775088164092,2026-04-02T00:02:44.092,btc-updown-15m-1775088000,1775088900,Up,97157393620546067921107477749024780393693953836060716340958637202932417991675,23717176631191013542990128995527648018230243504257685041560141692210649140817,0.32,0.33,1361.19,109.32,0.01,0.67,0.68,109.32,1361.19,0.01,0.325,0.675,0.074342,0.925658,68066.6
1775088165093,2026-04-02T00:02:45.093,btc-updown-15m-1775088000,1775088900,Up,97157393620546067921107477749024780393693953836060716340958637202932417991675,23717176631191013542990128995527648018230243504257685041560141692210649140817,0.36,0.38,21.52,131.0,0.02,0.62,0.64,131.0,21.52,0.02,0.37,0.63,0.858904,0.141096,68066.6
1775088166093,2026-04-02T00:02:46.093,btc-updown-15m-1775088000,1775088900,Up,97157393620546067921107477749024780393693953836060716340958637202932417991675,23717176631191013542990128995527648018230243504257685041560141692210649140817,0.37,0.38,325.35,113.0,0.01,0.62,0.63,113.0,325.35,0.01,0.375,0.625,0.257785,0.742215,68075.99
1775088167093,2026-04-02T00:02:47.093,btc-updown-15m-1775088000,1775088900,Up,97157393620546067921107477749024780393693953836060716340958637202932417991675,23717176631191013542990128995527648018230243504257685041560141692210649140817,0.37,0.38,14.0,491.97,0.01,0.62,0.63,113.0,325.35,0.01,0.375,0.625,0.97233,0.742215,68075.99
1775088168094,2026-04-02T00:02:48.094,btc-updown-15m-1775088000,1775088900,Up,97157393620546067921107477749024780393693953836060716340958637202932417991675,23717176631191013542990128995527648018230243504257685041560141692210649140817,0.37,0.38,14.0,491.97,0.01,0.62,0.63,491.97,14.0,0.01,0.375,0.625,0.97233,0.02767,68075.99
1775088169095,2026-04-02T00:02:49.095,btc-updown-15m-1775088000,1775088900,Up,97157393620546067921107477749024780393693953836060716340958637202932417991675,23717176631191013542990128995527648018230243504257685041560141692210649140817,0.37,0.38,14.0,491.97,0.01,0.62,0.63,491.97,14.0,0.01,0.375,0.625,0.97233,0.02767,68075.99
1775088170095,2026-04-02T00:02:50.095,btc-updown-15m-1775088000,1775088900,Up,97157393620546067921107477749024780393693953836060716340958637202932417991675,23717176631191013542990128995527648018230243504257685041560141692210649140817,0.37,0.38,14.0,491.97,0.01,0.62,0.63,491.97,14.0,0.01,0.375,0.625,0.97233,0.02767,68075.99
1775088171096,2026-04-02T00:02:51.096,btc-updown-15m-1775088000,1775088900,Up,97157393620546067921107477749024780393693953836060716340958637202932417991675,23717176631191013542990128995527648018230243504257685041560141692210649140817,0.37,0.38,14.0,491.97,0.01,0.62,0.63,491.97,14.0,0.01,0.375,0.625,0.97233,0.02767,68075.99
1775088172098,2026-04-02T00:02:52.098,btc-updown-15m-1775088000,1775088900,Up,97157393620546067921107477749024780393693953836060716340958637202932417991675,23717176631191013542990128995527648018230243504257685041560141692210649140817,0.37,0.38,114.0,229.91,0.01,0.62,0.63,229.91,114.0,0.01,0.375,0.625,0.668518,0.331482,68075.99
1775088173099,2026-04-02T00:02:53.099,btc-updown-15m-1775088000,1775088900,Up,97157393620546067921107477749024780393693953836060716340958637202932417991675,23717176631191013542990128995527648018230243504257685041560141692210649140817,0.37,0.38,114.0,229.91,0.01,0.62,0.63,229.91,114.0,0.01,0.375,0.625,0.668518,0.331482,68075.99
1775088174100,2026-04-02T00:02:54.100,btc-updown-15m-1775088000,1775088900,Up,97157393620546067921107477749024780393693953836060716340958637202932417991675,23717176631191013542990128995527648018230243504257685041560141692210649140817,0.38,0.39,251.31,258.5,0.01,0.61,0.62,258.5,251.31,0.01,0.385,0.615,0.507052,0.492948,68075.99
1775088175100,2026-04-02T00:02:55.100,btc-updown-15m-1775088000,1775088900,Up,97157393620546067921107477749024780393693953836060716340958637202932417991675,23717176631191013542990128995527648018230243504257685041560141692210649140817,0.39,0.4,83.7,15.97,0.01,0.6,0.61,15.97,83.7,0.01,0.395,0.605,0.160229,0.839771,68082.8
1775088176101,2026-04-02T00:02:56.101,btc-updown-15m-1775088000,1775088900,Up,97157393620546067921107477749024780393693953836060716340958637202932417991675,23717176631191013542990128995527648018230243504257685041560141692210649140817,0.39,0.4,83.7,15.97,0.01,0.6,0.61,15.97,83.7,0.01,0.395,0.605,0.160229,0.839771,68082.8
1775088177102,2026-04-02T00:02:57.102,btc-updown-15m-1775088000,1775088900,Up,97157393620546067921107477749024780393693953836060716340958637202932417991675,23717176631191013542990128995527648018230243504257685041560141692210649140817,0.39,0.4,83.7,15.97,0.01,0.6,0.61,15.97,83.7,0.01,0.395,0.605,0.160229,0.839771,68082.8
1775088178102,2026-04-02T00:02:58.102,btc-updown-15m-1775088000,1775088900,Up,97157393620546067921107477749024780393693953836060716340958637202932417991675,23717176631191013542990128995527648018230243504257685041560141692210649140817,0.39,0.4,63.7,339.97,0.01,0.6,0.61,339.97,63.7,0.01,0.395,0.605,0.842198,0.157802,68082.81
1775088179103,2026-04-02T00:02:59.103,btc-updown-15m-1775088000,1775088900,Up,97157393620546067921107477749024780393693953836060716340958637202932417991675,23717176631191013542990128995527648018230243504257685041560141692210649140817,0.39,0.4,1320.5,47.0,0.01,0.6,0.61,47.0,1320.5,0.01,0.395,0.605,0.034369,0.965631,68082.81
1775088180105,2026-04-02T00:03:00.105,btc-updown-15m-1775088000,1775088900,Up,97157393620546067921107477749024780393693953836060716340958637202932417991675,23717176631191013542990128995527648018230243504257685041560141692210649140817,0.39,0.4,1320.5,47.0,0.01,0.6,0.61,47.0,1320.5,0.01,0.395,0.605,0.034369,0.965631,68082.81
1775088181105,2026-04-02T00:03:01.105,btc-updown-15m-1775088000,1775088900,Up,97157393620546067921107477749024780393693953836060716340958637202932417991675,23717176631191013542990128995527648018230243504257685041560141692210649140817,0.37,0.38,21.0,1643.14,0.01,0.61,0.63,1436.39,28.3,0.02,0.375,0.62,0.987381,0.019321,68084.18
1775088182106,2026-04-02T00:03:02.106,btc-updown-15m-1775088000,1775088900,Up,97157393620546067921107477749024780393693953836060716340958637202932417991675,23717176631191013542990128995527648018230243504257685041560141692210649140817,0.4,0.41,32.65,1314.5,0.01,0.59,0.6,1314.5,32.65,0.01,0.405,0.595,0.975764,0.024236,68084.18
1775088183107,2026-04-02T00:03:03.107,btc-updown-15m-1775088000,1775088900,Up,97157393620546067921107477749024780393693953836060716340958637202932417991675,23717176631191013542990128995527648018230243504257685041560141692210649140817,0.4,0.41,21.65,1569.8,0.01,0.59,0.6,1569.8,21.65,0.01,0.405,0.595,0.986396,0.013604,68084.18
1775088184107,2026-04-02T00:03:04.107,btc-updown-15m-1775088000,1775088900,Up,97157393620546067921107477749024780393693953836060716340958637202932417991675,23717176631191013542990128995527648018230243504257685041560141692210649140817,0.4,0.41,6.21,1574.16,0.01,0.59,0.6,1574.16,8.65,0.01,0.405,0.595,0.996071,0.005465,68084.18
1775088185108,2026-04-02T00:03:05.108,btc-updown-15m-1775088000,1775088900,Up,97157393620546067921107477749024780393693953836060716340958637202932417991675,23717176631191013542990128995527648018230243504257685041560141692210649140817,0.4,0.41,6.21,1559.16,0.01,0.59,0.6,1559.16,6.21,0.01,0.405,0.595,0.996033,0.003967,68084.18
1775088186108,2026-04-02T00:03:06.108,btc-updown-15m-1775088000,1775088900,Up,97157393620546067921107477749024780393693953836060716340958637202932417991675,23717176631191013542990128995527648018230243504257685041560141692210649140817,0.42,0.43,234.73,213.0,0.01,0.57,0.58,213.0,234.73,0.01,0.425,0.575,0.475733,0.524267,68084.18
1775088187109,2026-04-02T00:03:07.109,btc-updown-15m-1775088000,1775088900,Up,97157393620546067921107477749024780393693953836060716340958637202932417991675,23717176631191013542990128995527648018230243504257685041560141692210649140817,0.42,0.43,234.73,208.0,0.01,0.57,0.58,208.0,234.73,0.01,0.425,0.575,0.469812,0.530188,68087.58
1775088188110,2026-04-02T00:03:08.110,btc-updown-15m-1775088000,1775088900,Up,97157393620546067921107477749024780393693953836060716340958637202932417991675,23717176631191013542990128995527648018230243504257685041560141692210649140817,0.42,0.43,1260.54,173.0,0.01,0.57,0.58,173.0,1260.54,0.01,0.425,0.575,0.12068,0.87932,68087.58
1775088189110,2026-04-02T00:03:09.110,btc-updown-15m-1775088000,1775088900,Up,97157393620546067921107477749024780393693953836060716340958637202932417991675,23717176631191013542990128995527648018230243504257685041560141692210649140817,0.42,0.43,1379.02,117.0,0.01,0.57,0.58,117.0,1379.02,0.01,0.425,0.575,0.078208,0.921792,68087.58
1775088190111,2026-04-02T00:03:10.111,btc-updown-15m-1775088000,1775088900,Up,97157393620546067921107477749024780393693953836060716340958637202932417991675,23717176631191013542990128995527648018230243504257685041560141692210649140817,0.42,0.43,1379.02,117.0,0.01,0.57,0.58,117.0,1379.02,0.01,0.425,0.575,0.078208,0.921792,68087.59
1775088191112,2026-04-02T00:03:11.112,btc-updown-15m-1775088000,1775088900,Up,97157393620546067921107477749024780393693953836060716340958637202932417991675,23717176631191013542990128995527648018230243504257685041560141692210649140817,0.42,0.43,1379.02,117.0,0.01,0.57,0.58,117.0,1379.02,0.01,0.425,0.575,0.078208,0.921792,68087.59
1775088192112,2026-04-02T00:03:12.112,btc-updown-15m-1775088000,1775088900,Up,97157393620546067921107477749024780393693953836060716340958637202932417991675,23717176631191013542990128995527648018230243504257685041560141692210649140817,0.42,0.43,1379.02,117.0,0.01,0.57,0.58,117.0,1379.02,0.01,0.425,0.575,0.078208,0.921792,68087.59
1775088193113,2026-04-02T00:03:13.113,btc-updown-15m-1775088000,1775088900,Up,97157393620546067921107477749024780393693953836060716340958637202932417991675,23717176631191013542990128995527648018230243504257685041560141692210649140817,0.4,0.41,7.5,20.0,0.01,0.59,0.6,20.0,7.5,0.01,0.405,0.595,0.727273,0.272727,68087.59
1775088194113,2026-04-02T00:03:14.113,btc-updown-15m-1775088000,1775088900,Up,97157393620546067921107477749024780393693953836060716340958637202932417991675,23717176631191013542990128995527648018230243504257685041560141692210649140817,0.38,0.39,1170.73,66.75,0.01,0.61,0.62,66.75,1170.73,0.01,0.385,0.615,0.05394,0.94606,68087.59
1775088195113,2026-04-02T00:03:15.113,btc-updown-15m-1775088000,1775088900,Up,97157393620546067921107477749024780393693953836060716340958637202932417991675,23717176631191013542990128995527648018230243504257685041560141692210649140817,0.38,0.39,1176.41,44.0,0.01,0.61,0.62,44.0,1176.41,0.01,0.385,0.615,0.036053,0.963947,68087.59
1775088196114,2026-04-02T00:03:16.114,btc-updown-15m-1775088000,1775088900,Up,97157393620546067921107477749024780393693953836060716340958637202932417991675,23717176631191013542990128995527648018230243504257685041560141692210649140817,0.33,0.35,1111.0,172.5,0.02,0.65,0.67,172.5,1111.0,0.02,0.34,0.66,0.134398,0.865602,68074.01
1775088197115,2026-04-02T00:03:17.115,btc-updown-15m-1775088000,1775088900,Up,97157393620546067921107477749024780393693953836060716340958637202932417991675,23717176631191013542990128995527648018230243504257685041560141692210649140817,0.33,0.34,1222.0,82.3,0.01,0.66,0.67,82.3,1222.0,0.01,0.335,0.665,0.063099,0.936901,68074.01
1775088198115,2026-04-02T00:03:18.115,btc-updown-15m-1775088000,1775088900,Up,97157393620546067921107477749024780393693953836060716340958637202932417991675,23717176631191013542990128995527648018230243504257685041560141692210649140817,0.33,0.34,1238.87,72.3,0.01,0.66,0.67,72.3,1238.87,0.01,0.335,0.665,0.055142,0.944858,68074.01
1775088199116,2026-04-02T00:03:19.116,btc-updown-15m-1775088000,1775088900,Up,97157393620546067921107477749024780393693953836060716340958637202932417991675,23717176631191013542990128995527648018230243504257685041560141692210649140817,0.33,0.34,1238.87,48.18,0.01,0.66,0.67,48.18,1238.87,0.01,0.335,0.665,0.037434,0.962566,68074.01
1775088200116,2026-04-02T00:03:20.116,btc-updown-15m-1775088000,1775088900,Up,97157393620546067921107477749024780393693953836060716340958637202932417991675,23717176631191013542990128995527648018230243504257685041560141692210649140817,0.36,0.38,5.0,1491.86,0.02,0.63,0.64,340.25,7.2,0.01,0.37,0.635,0.99666,0.020722,68074.01
1775088201117,2026-04-02T00:03:21.117,btc-updown-15m-1775088000,1775088900,Up,97157393620546067921107477749024780393693953836060716340958637202932417991675,23717176631191013542990128995527648018230243504257685041560141692210649140817,0.37,0.38,17.0,446.66,0.01,0.62,0.63,446.66,17.0,0.01,0.375,0.625,0.963335,0.036665,68074.01
1775088202117,2026-04-02T00:03:22.117,btc-updown-15m-1775088000,1775088900,Up,97157393620546067921107477749024780393693953836060716340958637202932417991675,23717176631191013542990128995527648018230243504257685041560141692210649140817,0.37,0.38,17.0,606.66,0.01,0.62,0.63,606.66,17.0,0.01,0.375,0.625,0.972742,0.027258,68083.6
1775088203118,2026-04-02T00:03:23.118,btc-updown-15m-1775088000,1775088900,Up,97157393620546067921107477749024780393693953836060716340958637202932417991675,23717176631191013542990128995527648018230243504257685041560141692210649140817,0.38,0.39,32.69,294.5,0.01,0.61,0.62,294.5,32.69,0.01,0.385,0.615,0.900089,0.099911,68083.6
1775088204119,2026-04-02T00:03:24.119,btc-updown-15m-1775088000,1775088900,Up,97157393620546067921107477749024780393693953836060716340958637202932417991675,23717176631191013542990128995527648018230243504257685041560141692210649140817,0.38,0.39,32.69,294.5,0.01,0.61,0.62,294.5,32.69,0.01,0.385,0.615,0.900089,0.099911,68083.6
1775088205120,2026-04-02T00:03:25.120,btc-updown-15m-1775088000,1775088900,Up,97157393620546067921107477749024780393693953836060716340958637202932417991675,23717176631191013542990128995527648018230243504257685041560141692210649140817,0.38,0.4,48.19,1615.25,0.02,0.6,0.62,1615.25,48.19,0.02,0.39,0.61,0.97103,0.02897,68084.3
1775088206120,2026-04-02T00:03:26.120,btc-updown-15m-1775088000,1775088900,Up,97157393620546067921107477749024780393693953836060716340958637202932417991675,23717176631191013542990128995527648018230243504257685041560141692210649140817,0.37,0.38,298.78,34.96,0.01,0.62,0.63,34.96,298.78,0.01,0.375,0.625,0.104752,0.895248,68084.3
1775088207122,2026-04-02T00:03:27.122,btc-updown-15m-1775088000,1775088900,Up,97157393620546067921107477749024780393693953836060716340958637202932417991675,23717176631191013542990128995527648018230243504257685041560141692210649140817,0.37,0.38,1246.93,39.96,0.01,0.62,0.63,39.96,1246.93,0.01,0.375,0.625,0.031052,0.968948,68084.3
1775088208123,2026-04-02T00:03:28.123,btc-updown-15m-1775088000,1775088900,Up,97157393620546067921107477749024780393693953836060716340958637202932417991675,23717176631191013542990128995527648018230243504257685041560141692210649140817,0.34,0.35,4.9,8.51,0.01,0.65,0.66,8.51,4.9,0.01,0.345,0.655,0.634601,0.365399,68074.01
1775088209123,2026-04-02T00:03:29.123,btc-updown-15m-1775088000,1775088900,Up,97157393620546067921107477749024780393693953836060716340958637202932417991675,23717176631191013542990128995527648018230243504257685041560141692210649140817,0.33,0.35,1544.4,44.0,0.02,0.65,0.67,44.0,1544.4,0.02,0.34,0.66,0.027701,0.972299,68074.01
1775088210123,2026-04-02T00:03:30.123,btc-updown-15m-1775088000,1775088900,Up,97157393620546067921107477749024780393693953836060716340958637202932417991675,23717176631191013542990128995527648018230243504257685041560141692210649140817,0.33,0.34,1226.0,55.0,0.01,0.66,0.67,55.0,1226.0,0.01,0.335,0.665,0.042935,0.957065,68074.01
1775088211124,2026-04-02T00:03:31.124,btc-updown-15m-1775088000,1775088900,Up,97157393620546067921107477749024780393693953836060716340958637202932417991675,23717176631191013542990128995527648018230243504257685041560141692210649140817,0.33,0.34,1226.0,55.0,0.01,0.66,0.67,55.0,1226.0,0.01,0.335,0.665,0.042935,0.957065,68070.98
1775088212125,2026-04-02T00:03:32.125,btc-updown-15m-1775088000,1775088900,Up,97157393620546067921107477749024780393693953836060716340958637202932417991675,23717176631191013542990128995527648018230243504257685041560141692210649140817,0.32,0.33,254.0,67.0,0.01,0.66,0.68,152.0,1530.0,0.02,0.325,0.67,0.208723,0.909631,68070.98
1775088213126,2026-04-02T00:03:33.126,btc-updown-15m-1775088000,1775088900,Up,97157393620546067921107477749024780393693953836060716340958637202932417991675,23717176631191013542990128995527648018230243504257685041560141692210649140817,0.32,0.33,254.0,67.0,0.01,0.67,0.68,67.0,254.0,0.01,0.325,0.675,0.208723,0.791277,68070.98
1775088214127,2026-04-02T00:03:34.127,btc-updown-15m-1775088000,1775088900,Up,97157393620546067921107477749024780393693953836060716340958637202932417991675,23717176631191013542990128995527648018230243504257685041560141692210649140817,0.27,0.29,20.67,166.61,0.02,0.71,0.73,166.61,20.67,0.02,0.28,0.72,0.88963,0.11037,68050.01
1775088215128,2026-04-02T00:03:35.128,btc-updown-15m-1775088000,1775088900,Up,97157393620546067921107477749024780393693953836060716340958637202932417991675,23717176631191013542990128995527648018230243504257685041560141692210649140817,0.26,0.27,765.0,71.5,0.01,0.73,0.74,71.5,765.0,0.01,0.265,0.735,0.085475,0.914525,68050.01
1775088216129,2026-04-02T00:03:36.129,btc-updown-15m-1775088000,1775088900,Up,97157393620546067921107477749024780393693953836060716340958637202932417991675,23717176631191013542990128995527648018230243504257685041560141692210649140817,0.26,0.27,962.0,128.0,0.01,0.73,0.74,61.96,1256.0,0.01,0.265,0.735,0.117431,0.952988,68050.01
1775088217129,2026-04-02T00:03:37.129,btc-updown-15m-1775088000,1775088900,Up,97157393620546067921107477749024780393693953836060716340958637202932417991675,23717176631191013542990128995527648018230243504257685041560141692210649140817,0.26,0.27,962.0,128.0,0.01,0.73,0.74,128.0,962.0,0.01,0.265,0.735,0.117431,0.882569,68050.01
1775088218130,2026-04-02T00:03:38.130,btc-updown-15m-1775088000,1775088900,Up,97157393620546067921107477749024780393693953836060716340958637202932417991675,23717176631191013542990128995527648018230243504257685041560141692210649140817,0.26,0.27,962.0,128.0,0.01,0.73,0.74,128.0,962.0,0.01,0.265,0.735,0.117431,0.882569,68050.01
1775088219131,2026-04-02T00:03:39.131,btc-updown-15m-1775088000,1775088900,Up,97157393620546067921107477749024780393693953836060716340958637202932417991675,23717176631191013542990128995527648018230243504257685041560141692210649140817,0.26,0.27,1400.0,54.0,0.01,0.73,0.74,54.0,1400.0,0.01,0.265,0.735,0.037139,0.962861,68050.01
1775088220131,2026-04-02T00:03:40.131,btc-updown-15m-1775088000,1775088900,Up,97157393620546067921107477749024780393693953836060716340958637202932417991675,23717176631191013542990128995527648018230243504257685041560141692210649140817,0.25,0.26,193.0,105.75,0.01,0.74,0.75,105.75,193.0,0.01,0.255,0.745,0.353975,0.646025,68050.01
1775088221132,2026-04-02T00:03:41.132,btc-updown-15m-1775088000,1775088900,Up,97157393620546067921107477749024780393693953836060716340958637202932417991675,23717176631191013542990128995527648018230243504257685041560141692210649140817,0.25,0.26,1032.65,168.13,0.01,0.74,0.75,168.13,1032.65,0.01,0.255,0.745,0.140017,0.859983,68050.01
1775088222132,2026-04-02T00:03:42.132,btc-updown-15m-1775088000,1775088900,Up,97157393620546067921107477749024780393693953836060716340958637202932417991675,23717176631191013542990128995527648018230243504257685041560141692210649140817,0.26,0.27,101.5,948.97,0.01,0.73,0.74,574.97,112.5,0.01,0.265,0.735,0.903377,0.163644,68050.01
1775088223134,2026-04-02T00:03:43.134,btc-updown-15m-1775088000,1775088900,Up,97157393620546067921107477749024780393693953836060716340958637202932417991675,23717176631191013542990128995527648018230243504257685041560141692210649140817,0.26,0.27,193.5,757.96,0.01,0.73,0.74,757.96,193.5,0.01,0.265,0.735,0.796628,0.203372,68053.16
1775088224134,2026-04-02T00:03:44.134,btc-updown-15m-1775088000,1775088900,Up,97157393620546067921107477749024780393693953836060716340958637202932417991675,23717176631191013542990128995527648018230243504257685041560141692210649140817,0.27,0.28,28.1,507.78,0.01,0.72,0.73,507.78,28.1,0.01,0.275,0.725,0.947563,0.052437,68053.16
1775088225135,2026-04-02T00:03:45.135,btc-updown-15m-1775088000,1775088900,Up,97157393620546067921107477749024780393693953836060716340958637202932417991675,23717176631191013542990128995527648018230243504257685041560141692210649140817,0.27,0.28,33.14,511.2,0.01,0.72,0.73,511.2,33.14,0.01,0.275,0.725,0.939119,0.060881,68053.16
1775088226136,2026-04-02T00:03:46.136,btc-updown-15m-1775088000,1775088900,Up,97157393620546067921107477749024780393693953836060716340958637202932417991675,23717176631191013542990128995527648018230243504257685041560141692210649140817,0.27,0.28,19.14,518.69,0.01,0.72,0.73,518.69,19.14,0.01,0.275,0.725,0.964413,0.035587,68053.17
1775088227137,2026-04-02T00:03:47.137,btc-updown-15m-1775088000,1775088900,Up,97157393620546067921107477749024780393693953836060716340958637202932417991675,23717176631191013542990128995527648018230243504257685041560141692210649140817,0.28,0.29,13.0,1361.5,0.01,0.71,0.72,1361.5,13.0,0.01,0.285,0.715,0.990542,0.009458,68053.17
1775088228138,2026-04-02T00:03:48.138,btc-updown-15m-1775088000,1775088900,Up,97157393620546067921107477749024780393693953836060716340958637202932417991675,23717176631191013542990128995527648018230243504257685041560141692210649140817,0.28,0.29,11.58,523.69,0.01,0.71,0.72,1361.5,13.0,0.01,0.285,0.715,0.978366,0.009458,68053.17
1775088229138,2026-04-02T00:03:49.138,btc-updown-15m-1775088000,1775088900,Up,97157393620546067921107477749024780393693953836060716340958637202932417991675,23717176631191013542990128995527648018230243504257685041560141692210649140817,0.28,0.29,39.54,529.69,0.01,0.71,0.72,529.69,39.54,0.01,0.285,0.715,0.930538,0.069462,68056.05
1775088230139,2026-04-02T00:03:50.139,btc-updown-15m-1775088000,1775088900,Up,97157393620546067921107477749024780393693953836060716340958637202932417991675,23717176631191013542990128995527648018230243504257685041560141692210649140817,0.28,0.29,39.54,529.69,0.01,0.71,0.72,529.69,39.54,0.01,0.285,0.715,0.930538,0.069462,68056.05
1775088231139,2026-04-02T00:03:51.139,btc-updown-15m-1775088000,1775088900,Up,97157393620546067921107477749024780393693953836060716340958637202932417991675,23717176631191013542990128995527648018230243504257685041560141692210649140817,0.28,0.29,92.12,286.74,0.01,0.71,0.72,286.74,92.12,0.01,0.285,0.715,0.756849,0.243151,68056.05
1775088232141,2026-04-02T00:03:52.141,btc-updown-15m-1775088000,1775088900,Up,97157393620546067921107477749024780393693953836060716340958637202932417991675,23717176631191013542990128995527648018230243504257685041560141692210649140817,0.28,0.29,134.18,291.74,0.01,0.71,0.72,291.74,134.18,0.01,0.285,0.715,0.684964,0.315036,68056.05
1775088233141,2026-04-02T00:03:53.141,btc-updown-15m-1775088000,1775088900,Up,97157393620546067921107477749024780393693953836060716340958637202932417991675,23717176631191013542990128995527648018230243504257685041560141692210649140817,0.28,0.29,134.18,291.74,0.01,0.71,0.72,291.74,134.18,0.01,0.285,0.715,0.684964,0.315036,68056.05
1775088234141,2026-04-02T00:03:54.141,btc-updown-15m-1775088000,1775088900,Up,97157393620546067921107477749024780393693953836060716340958637202932417991675,23717176631191013542990128995527648018230243504257685041560141692210649140817,0.29,0.3,4.8,95.47,0.01,0.7,0.71,95.47,4.8,0.01,0.295,0.705,0.952129,0.047871,68056.05
1775088235141,2026-04-02T00:03:55.141,btc-updown-15m-1775088000,1775088900,Up,97157393620546067921107477749024780393693953836060716340958637202932417991675,23717176631191013542990128995527648018230243504257685041560141692210649140817,0.3,0.31,23.0,581.5,0.01,0.69,0.7,581.5,23.0,0.01,0.305,0.695,0.961952,0.038048,68062.87
1775088236142,2026-04-02T00:03:56.142,btc-updown-15m-1775088000,1775088900,Up,97157393620546067921107477749024780393693953836060716340958637202932417991675,23717176631191013542990128995527648018230243504257685041560141692210649140817,0.3,0.31,17.0,1538.92,0.01,0.69,0.7,1538.92,17.0,0.01,0.305,0.695,0.989074,0.010926,68062.87
1775088237143,2026-04-02T00:03:57.143,btc-updown-15m-1775088000,1775088900,Up,97157393620546067921107477749024780393693953836060716340958637202932417991675,23717176631191013542990128995527648018230243504257685041560141692210649140817,0.31,0.32,11.93,336.48,0.01,0.68,0.69,336.48,11.93,0.01,0.315,0.685,0.965759,0.034241,68062.87
1775088238144,2026-04-02T00:03:58.144,btc-updown-15m-1775088000,1775088900,Up,97157393620546067921107477749024780393693953836060716340958637202932417991675,23717176631191013542990128995527648018230243504257685041560141692210649140817,0.31,0.32,11.93,336.48,0.01,0.68,0.69,336.48,11.93,0.01,0.315,0.685,0.965759,0.034241,68065.36
1775088239145,2026-04-02T00:03:59.145,btc-updown-15m-1775088000,1775088900,Up,97157393620546067921107477749024780393693953836060716340958637202932417991675,23717176631191013542990128995527648018230243504257685041560141692210649140817,0.31,0.35,547.67,642.26,0.04,0.65,0.69,642.26,547.67,0.04,0.33,0.67,0.539746,0.460254,68065.36
1775088240145,2026-04-02T00:04:00.145,btc-updown-15m-1775088000,1775088900,Up,97157393620546067921107477749024780393693953836060716340958637202932417991675,23717176631191013542990128995527648018230243504257685041560141692210649140817,0.32,0.33,100.5,391.0,0.01,0.67,0.68,391.0,100.5,0.01,0.325,0.675,0.795524,0.204476,68065.36
1775088241145,2026-04-02T00:04:01.145,btc-updown-15m-1775088000,1775088900,Up,97157393620546067921107477749024780393693953836060716340958637202932417991675,23717176631191013542990128995527648018230243504257685041560141692210649140817,0.33,0.34,14.05,1762.05,0.01,0.66,0.67,1690.5,14.05,0.01,0.335,0.665,0.992089,0.008243,68096.28
1775088242146,2026-04-02T00:04:02.146,btc-updown-15m-1775088000,1775088900,Up,97157393620546067921107477749024780393693953836060716340958637202932417991675,23717176631191013542990128995527648018230243504257685041560141692210649140817,0.44,0.46,82.0,1445.5,0.02,0.54,0.56,1445.5,82.0,0.02,0.45,0.55,0.946318,0.053682,68096.28
1775088243146,2026-04-02T00:04:03.146,btc-updown-15m-1775088000,1775088900,Up,97157393620546067921107477749024780393693953836060716340958637202932417991675,23717176631191013542990128995527648018230243504257685041560141692210649140817,0.45,0.46,104.0,251.93,0.01,0.54,0.55,251.93,104.0,0.01,0.455,0.545,0.707808,0.292192,68096.28
1775088244147,2026-04-02T00:04:04.147,btc-updown-15m-1775088000,1775088900,Up,97157393620546067921107477749024780393693953836060716340958637202932417991675,23717176631191013542990128995527648018230243504257685041560141692210649140817,0.45,0.46,90.93,1340.33,0.01,0.54,0.55,1340.33,90.93,0.01,0.455,0.545,0.936469,0.063531,68102.38
1775088245147,2026-04-02T00:04:05.147,btc-updown-15m-1775088000,1775088900,Up,97157393620546067921107477749024780393693953836060716340958637202932417991675,23717176631191013542990128995527648018230243504257685041560141692210649140817,0.46,0.48,27.0,102.0,0.02,0.52,0.54,102.0,27.0,0.02,0.47,0.53,0.790698,0.209302,68102.38
1775088246148,2026-04-02T00:04:06.148,btc-updown-15m-1775088000,1775088900,Up,97157393620546067921107477749024780393693953836060716340958637202932417991675,23717176631191013542990128995527648018230243504257685041560141692210649140817,0.47,0.48,85.2,1018.81,0.01,0.52,0.53,1018.81,85.2,0.01,0.475,0.525,0.922827,0.077173,68102.38
1775088247149,2026-04-02T00:04:07.149,btc-updown-15m-1775088000,1775088900,Up,97157393620546067921107477749024780393693953836060716340958637202932417991675,23717176631191013542990128995527648018230243504257685041560141692210649140817,0.47,0.48,63.91,1280.62,0.01,0.52,0.53,1063.81,125.4,0.01,0.475,0.525,0.952467,0.105448,68110.85
1775088248149,2026-04-02T00:04:08.149,btc-updown-15m-1775088000,1775088900,Up,97157393620546067921107477749024780393693953836060716340958637202932417991675,23717176631191013542990128995527648018230243504257685041560141692210649140817,0.48,0.49,270.5,130.0,0.01,0.51,0.52,130.0,270.5,0.01,0.485,0.515,0.324594,0.675406,68110.85
1775088249150,2026-04-02T00:04:09.150,btc-updown-15m-1775088000,1775088900,Up,97157393620546067921107477749024780393693953836060716340958637202932417991675,23717176631191013542990128995527648018230243504257685041560141692210649140817,0.45,0.46,391.0,93.28,0.01,0.54,0.55,93.28,391.0,0.01,0.455,0.545,0.192616,0.807384,68110.85
1775088250150,2026-04-02T00:04:10.150,btc-updown-15m-1775088000,1775088900,Up,97157393620546067921107477749024780393693953836060716340958637202932417991675,23717176631191013542990128995527648018230243504257685041560141692210649140817,0.44,0.45,33.52,68.75,0.01,0.55,0.56,68.75,33.52,0.01,0.445,0.555,0.67224,0.32776,68104.2
1775088251151,2026-04-02T00:04:11.151,btc-updown-15m-1775088000,1775088900,Up,97157393620546067921107477749024780393693953836060716340958637202932417991675,23717176631191013542990128995527648018230243504257685041560141692210649140817,0.44,0.45,21.1,1265.69,0.01,0.55,0.56,1265.69,21.1,0.01,0.445,0.555,0.983603,0.016397,68104.2
1775088252152,2026-04-02T00:04:12.152,btc-updown-15m-1775088000,1775088900,Up,97157393620546067921107477749024780393693953836060716340958637202932417991675,23717176631191013542990128995527648018230243504257685041560141692210649140817,0.44,0.45,21.1,1265.69,0.01,0.55,0.56,1265.69,21.1,0.01,0.445,0.555,0.983603,0.016397,68104.2
1775088253153,2026-04-02T00:04:13.153,btc-updown-15m-1775088000,1775088900,Up,97157393620546067921107477749024780393693953836060716340958637202932417991675,23717176631191013542990128995527648018230243504257685041560141692210649140817,0.47,0.48,51.43,14.0,0.01,0.52,0.53,14.0,51.43,0.01,0.475,0.525,0.213969,0.786031,68107.79
1775088254153,2026-04-02T00:04:14.153,btc-updown-15m-1775088000,1775088900,Up,97157393620546067921107477749024780393693953836060716340958637202932417991675,23717176631191013542990128995527648018230243504257685041560141692210649140817,0.47,0.48,14.43,277.0,0.01,0.52,0.53,277.0,14.43,0.01,0.475,0.525,0.950486,0.049514,68107.79
1775088255155,2026-04-02T00:04:15.155,btc-updown-15m-1775088000,1775088900,Up,97157393620546067921107477749024780393693953836060716340958637202932417991675,23717176631191013542990128995527648018230243504257685041560141692210649140817,0.47,0.48,14.43,277.0,0.01,0.52,0.53,277.0,14.43,0.01,0.475,0.525,0.950486,0.049514,68107.79
1775088256156,2026-04-02T00:04:16.156,btc-updown-15m-1775088000,1775088900,Up,97157393620546067921107477749024780393693953836060716340958637202932417991675,23717176631191013542990128995527648018230243504257685041560141692210649140817,0.46,0.48,134.98,733.56,0.02,0.52,0.54,733.56,134.98,0.02,0.47,0.53,0.84459,0.15541,68114.41
1775088257156,2026-04-02T00:04:17.156,btc-updown-15m-1775088000,1775088900,Up,97157393620546067921107477749024780393693953836060716340958637202932417991675,23717176631191013542990128995527648018230243504257685041560141692210649140817,0.49,0.5,15.0,1340.59,0.01,0.5,0.51,1340.59,15.0,0.01,0.495,0.505,0.988935,0.011065,68114.41
1775088258157,2026-04-02T00:04:18.157,btc-updown-15m-1775088000,1775088900,Up,97157393620546067921107477749024780393693953836060716340958637202932417991675,23717176631191013542990128995527648018230243504257685041560141692210649140817,0.49,0.5,15.0,1340.59,0.01,0.5,0.51,1340.59,15.0,0.01,0.495,0.505,0.988935,0.011065,68114.41
1775088259157,2026-04-02T00:04:19.157,btc-updown-15m-1775088000,1775088900,Up,97157393620546067921107477749024780393693953836060716340958637202932417991675,23717176631191013542990128995527648018230243504257685041560141692210649140817,0.57,0.58,88.7,151.5,0.01,0.42,0.43,151.5,88.7,0.01,0.575,0.425,0.630724,0.369276,68158.46
1775088260158,2026-04-02T00:04:20.158,btc-updown-15m-1775088000,1775088900,Up,97157393620546067921107477749024780393693953836060716340958637202932417991675,23717176631191013542990128995527648018230243504257685041560141692210649140817,0.57,0.59,70.34,1395.26,0.02,0.41,0.43,1395.26,70.34,0.02,0.58,0.42,0.952006,0.047994,68158.46
1775088261158,2026-04-02T00:04:21.158,btc-updown-15m-1775088000,1775088900,Up,97157393620546067921107477749024780393693953836060716340958637202932417991675,23717176631191013542990128995527648018230243504257685041560141692210649140817,0.6,0.62,90.35,47.09,0.02,0.38,0.4,47.09,90.35,0.02,0.61,0.39,0.342622,0.657378,68158.46
1775088262158,2026-04-02T00:04:22.158,btc-updown-15m-1775088000,1775088900,Up,97157393620546067921107477749024780393693953836060716340958637202932417991675,23717176631191013542990128995527648018230243504257685041560141692210649140817,0.57,0.58,226.84,278.95,0.01,0.42,0.43,257.95,247.84,0.01,0.575,0.425,0.551513,0.490006,68138.41
1775088263159,2026-04-02T00:04:23.159,btc-updown-15m-1775088000,1775088900,Up,97157393620546067921107477749024780393693953836060716340958637202932417991675,23717176631191013542990128995527648018230243504257685041560141692210649140817,0.57,0.58,126.5,53.09,0.01,0.42,0.43,51.33,130.41,0.01,0.575,0.425,0.295618,0.717564,68138.41
1775088264159,2026-04-02T00:04:24.159,btc-updown-15m-1775088000,1775088900,Up,97157393620546067921107477749024780393693953836060716340958637202932417991675,23717176631191013542990128995527648018230243504257685041560141692210649140817,0.57,0.58,316.02,28.83,0.01,0.42,0.43,97.17,364.16,0.01,0.575,0.425,0.083602,0.78937,68138.41
1775088265159,2026-04-02T00:04:25.159,btc-updown-15m-1775088000,1775088900,Up,97157393620546067921107477749024780393693953836060716340958637202932417991675,23717176631191013542990128995527648018230243504257685041560141692210649140817,0.57,0.58,93.61,32.2,0.01,0.42,0.43,32.2,93.61,0.01,0.575,0.425,0.255941,0.744059,68132.81
1775088266161,2026-04-02T00:04:26.161,btc-updown-15m-1775088000,1775088900,Up,97157393620546067921107477749024780393693953836060716340958637202932417991675,23717176631191013542990128995527648018230243504257685041560141692210649140817,0.56,0.57,154.64,1073.0,0.01,0.43,0.44,1073.0,154.64,0.01,0.565,0.435,0.874035,0.125965,68132.81
1775088267163,2026-04-02T00:04:27.163,btc-updown-15m-1775088000,1775088900,Up,97157393620546067921107477749024780393693953836060716340958637202932417991675,23717176631191013542990128995527648018230243504257685041560141692210649140817,0.56,0.57,164.64,75.4,0.01,0.43,0.44,75.4,164.64,0.01,0.565,0.435,0.314114,0.685886,68132.81
1775088268163,2026-04-02T00:04:28.163,btc-updown-15m-1775088000,1775088900,Up,97157393620546067921107477749024780393693953836060716340958637202932417991675,23717176631191013542990128995527648018230243504257685041560141692210649140817,0.55,0.56,221.01,51.09,0.01,0.43,0.45,39.54,410.73,0.02,0.555,0.44,0.187762,0.912186,68132.81
1775088269163,2026-04-02T00:04:29.163,btc-updown-15m-1775088000,1775088900,Up,97157393620546067921107477749024780393693953836060716340958637202932417991675,23717176631191013542990128995527648018230243504257685041560141692210649140817,0.55,0.56,241.01,48.09,0.01,0.44,0.45,48.09,241.01,0.01,0.555,0.445,0.166344,0.833656,68132.81
1775088270164,2026-04-02T00:04:30.164,btc-updown-15m-1775088000,1775088900,Up,97157393620546067921107477749024780393693953836060716340958637202932417991675,23717176631191013542990128995527648018230243504257685041560141692210649140817,0.55,0.56,127.62,64.97,0.01,0.44,0.45,139.09,127.62,0.01,0.555,0.445,0.337349,0.478497,68132.81
1775088271165,2026-04-02T00:04:31.165,btc-updown-15m-1775088000,1775088900,Up,97157393620546067921107477749024780393693953836060716340958637202932417991675,23717176631191013542990128995527648018230243504257685041560141692210649140817,0.55,0.56,116.85,141.97,0.01,0.44,0.45,141.97,116.85,0.01,0.555,0.445,0.548528,0.451472,68121.65
1775088272166,2026-04-02T00:04:32.166,btc-updown-15m-1775088000,1775088900,Up,97157393620546067921107477749024780393693953836060716340958637202932417991675,23717176631191013542990128995527648018230243504257685041560141692210649140817,0.52,0.53,148.63,16.45,0.01,0.47,0.48,16.45,148.63,0.01,0.525,0.475,0.099649,0.900351,68121.65
1775088273167,2026-04-02T00:04:33.167,btc-updown-15m-1775088000,1775088900,Up,97157393620546067921107477749024780393693953836060716340958637202932417991675,23717176631191013542990128995527648018230243504257685041560141692210649140817,0.52,0.53,148.63,22.24,0.01,0.47,0.48,22.24,148.63,0.01,0.525,0.475,0.130157,0.869843,68121.65
1775088274167,2026-04-02T00:04:34.167,btc-updown-15m-1775088000,1775088900,Up,97157393620546067921107477749024780393693953836060716340958637202932417991675,23717176631191013542990128995527648018230243504257685041560141692210649140817,0.49,0.5,197.55,174.0,0.01,0.5,0.51,169.0,185.55,0.01,0.495,0.505,0.468308,0.523339,68119.59
1775088275167,2026-04-02T00:04:35.167,btc-updown-15m-1775088000,1775088900,Up,97157393620546067921107477749024780393693953836060716340958637202932417991675,23717176631191013542990128995527648018230243504257685041560141692210649140817,0.49,0.5,252.56,1205.5,0.01,0.5,0.51,1205.5,252.56,0.01,0.495,0.505,0.826784,0.173216,68119.59
1775088276168,2026-04-02T00:04:36.168,btc-updown-15m-1775088000,1775088900,Up,97157393620546067921107477749024780393693953836060716340958637202932417991675,23717176631191013542990128995527648018230243504257685041560141692210649140817,0.51,0.52,37.63,14.3,0.01,0.48,0.49,14.3,37.63,0.01,0.515,0.485,0.275371,0.724629,68119.59
1775088277168,2026-04-02T00:04:37.168,btc-updown-15m-1775088000,1775088900,Up,97157393620546067921107477749024780393693953836060716340958637202932417991675,23717176631191013542990128995527648018230243504257685041560141692210649140817,0.51,0.52,75.82,1218.46,0.01,0.48,0.49,1218.46,75.82,0.01,0.515,0.485,0.941419,0.058581,68119.18
1775088278169,2026-04-02T00:04:38.169,btc-updown-15m-1775088000,1775088900,Up,97157393620546067921107477749024780393693953836060716340958637202932417991675,23717176631191013542990128995527648018230243504257685041560141692210649140817,0.51,0.52,75.82,1218.46,0.01,0.48,0.49,1218.46,75.82,0.01,0.515,0.485,0.941419,0.058581,68119.18
1775088279169,2026-04-02T00:04:39.169,btc-updown-15m-1775088000,1775088900,Up,97157393620546067921107477749024780393693953836060716340958637202932417991675,23717176631191013542990128995527648018230243504257685041560141692210649140817,0.51,0.52,75.82,1218.46,0.01,0.48,0.49,1218.46,75.82,0.01,0.515,0.485,0.941419,0.058581,68119.18
1775088280169,2026-04-02T00:04:40.169,btc-updown-15m-1775088000,1775088900,Up,97157393620546067921107477749024780393693953836060716340958637202932417991675,23717176631191013542990128995527648018230243504257685041560141692210649140817,0.51,0.54,40.09,1551.48,0.03,0.46,0.49,1551.48,40.09,0.03,0.525,0.475,0.974811,0.025189,68124.32
1775088281170,2026-04-02T00:04:41.170,btc-updown-15m-1775088000,1775088900,Up,97157393620546067921107477749024780393693953836060716340958637202932417991675,23717176631191013542990128995527648018230243504257685041560141692210649140817,0.53,0.54,56.09,195.53,0.01,0.46,0.47,195.53,56.09,0.01,0.535,0.465,0.777084,0.222916,68124.32
1775088282170,2026-04-02T00:04:42.170,btc-updown-15m-1775088000,1775088900,Up,97157393620546067921107477749024780393693953836060716340958637202932417991675,23717176631191013542990128995527648018230243504257685041560141692210649140817,0.5,0.52,661.44,31.0,0.02,0.48,0.5,31.0,661.44,0.02,0.51,0.49,0.044769,0.955231,68124.32
1775088283171,2026-04-02T00:04:43.171,btc-updown-15m-1775088000,1775088900,Up,97157393620546067921107477749024780393693953836060716340958637202932417991675,23717176631191013542990128995527648018230243504257685041560141692210649140817,0.46,0.47,257.08,17.0,0.01,0.53,0.54,17.0,257.08,0.01,0.465,0.535,0.062026,0.937974,68108.82
1775088284172,2026-04-02T00:04:44.172,btc-updown-15m-1775088000,1775088900,Up,97157393620546067921107477749024780393693953836060716340958637202932417991675,23717176631191013542990128995527648018230243504257685041560141692210649140817,0.46,0.47,20.0,1378.03,0.01,0.53,0.54,1378.03,20.0,0.01,0.465,0.535,0.985694,0.014306,68108.82
1775088285172,2026-04-02T00:04:45.172,btc-updown-15m-1775088000,1775088900,Up,97157393620546067921107477749024780393693953836060716340958637202932417991675,23717176631191013542990128995527648018230243504257685041560141692210649140817,0.49,0.5,80.0,390.5,0.01,0.5,0.51,390.5,80.0,0.01,0.495,0.505,0.829968,0.170032,68108.82
1775088286175,2026-04-02T00:04:46.175,btc-updown-15m-1775088000,1775088900,Up,97157393620546067921107477749024780393693953836060716340958637202932417991675,23717176631191013542990128995527648018230243504257685041560141692210649140817,0.49,0.5,62.32,1347.27,0.01,0.5,0.51,1347.27,62.32,0.01,0.495,0.505,0.955789,0.044211,68112.18
1775088287176,2026-04-02T00:04:47.176,btc-updown-15m-1775088000,1775088900,Up,97157393620546067921107477749024780393693953836060716340958637202932417991675,23717176631191013542990128995527648018230243504257685041560141692210649140817,0.49,0.5,53.32,1329.7,0.01,0.5,0.51,1329.7,53.32,0.01,0.495,0.505,0.961447,0.038553,68112.18
1775088288176,2026-04-02T00:04:48.176,btc-updown-15m-1775088000,1775088900,Up,97157393620546067921107477749024780393693953836060716340958637202932417991675,23717176631191013542990128995527648018230243504257685041560141692210649140817,0.49,0.5,151.32,1392.02,0.01,0.5,0.51,1392.02,151.32,0.01,0.495,0.505,0.901953,0.098047,68112.18
1775088289177,2026-04-02T00:04:49.177,btc-updown-15m-1775088000,1775088900,Up,97157393620546067921107477749024780393693953836060716340958637202932417991675,23717176631191013542990128995527648018230243504257685041560141692210649140817,0.49,0.5,151.32,1392.02,0.01,0.5,0.51,1392.02,151.32,0.01,0.495,0.505,0.901953,0.098047,68112.18
1775088290177,2026-04-02T00:04:50.177,btc-updown-15m-1775088000,1775088900,Up,97157393620546067921107477749024780393693953836060716340958637202932417991675,23717176631191013542990128995527648018230243504257685041560141692210649140817,0.49,0.5,151.32,1392.02,0.01,0.5,0.51,1392.02,151.32,0.01,0.495,0.505,0.901953,0.098047,68112.18
1775088291178,2026-04-02T00:04:51.178,btc-updown-15m-1775088000,1775088900,Up,97157393620546067921107477749024780393693953836060716340958637202932417991675,23717176631191013542990128995527648018230243504257685041560141692210649140817,0.49,0.5,163.32,1320.25,0.01,0.5,0.51,1320.25,163.32,0.01,0.495,0.505,0.889914,0.110086,68112.18
1775088292180,2026-04-02T00:04:52.180,btc-updown-15m-1775088000,1775088900,Up,97157393620546067921107477749024780393693953836060716340958637202932417991675,23717176631191013542990128995527648018230243504257685041560141692210649140817,0.49,0.5,148.32,1268.25,0.01,0.5,0.51,1268.25,148.32,0.01,0.495,0.505,0.895296,0.104704,68112.17
1775088293181,2026-04-02T00:04:53.181,btc-updown-15m-1775088000,1775088900,Up,97157393620546067921107477749024780393693953836060716340958637202932417991675,23717176631191013542990128995527648018230243504257685041560141692210649140817,0.49,0.5,148.32,1268.25,0.01,0.5,0.51,1268.25,148.32,0.01,0.495,0.505,0.895296,0.104704,68112.17
1775088294182,2026-04-02T00:04:54.182,btc-updown-15m-1775088000,1775088900,Up,97157393620546067921107477749024780393693953836060716340958637202932417991675,23717176631191013542990128995527648018230243504257685041560141692210649140817,0.5,0.51,120.0,419.42,0.01,0.49,0.5,419.42,120.0,0.01,0.505,0.495,0.777539,0.222461,68112.17
1775088295183,2026-04-02T00:04:55.183,btc-updown-15m-1775088000,1775088900,Up,97157393620546067921107477749024780393693953836060716340958637202932417991675,23717176631191013542990128995527648018230243504257685041560141692210649140817,0.51,0.52,96.0,153.0,0.01,0.48,0.49,153.0,96.0,0.01,0.515,0.485,0.614458,0.385542,68122.45
1775088296184,2026-04-02T00:04:56.184,btc-updown-15m-1775088000,1775088900,Up,97157393620546067921107477749024780393693953836060716340958637202932417991675,23717176631191013542990128995527648018230243504257685041560141692210649140817,0.53,0.54,23.0,316.5,0.01,0.46,0.47,316.5,23.0,0.01,0.535,0.465,0.932253,0.067747,68122.45
1775088297184,2026-04-02T00:04:57.184,btc-updown-15m-1775088000,1775088900,Up,97157393620546067921107477749024780393693953836060716340958637202932417991675,23717176631191013542990128995527648018230243504257685041560141692210649140817,0.53,0.54,34.99,216.0,0.01,0.46,0.47,216.0,34.99,0.01,0.535,0.465,0.860592,0.139408,68122.45
1775088298185,2026-04-02T00:04:58.185,btc-updown-15m-1775088000,1775088900,Up,97157393620546067921107477749024780393693953836060716340958637202932417991675,23717176631191013542990128995527648018230243504257685041560141692210649140817,0.53,0.54,34.99,216.0,0.01,0.46,0.47,216.0,34.99,0.01,0.535,0.465,0.860592,0.139408,68122.45
1775088299185,2026-04-02T00:04:59.185,btc-updown-15m-1775088000,1775088900,Up,97157393620546067921107477749024780393693953836060716340958637202932417991675,23717176631191013542990128995527648018230243504257685041560141692210649140817,0.53,0.54,34.99,216.0,0.01,0.46,0.47,216.0,34.99,0.01,0.535,0.465,0.860592,0.139408,68122.45
1775088300186,2026-04-02T00:05:00.186,btc-updown-15m-1775088000,1775088900,Up,97157393620546067921107477749024780393693953836060716340958637202932417991675,23717176631191013542990128995527648018230243504257685041560141692210649140817,0.53,0.54,34.99,216.0,0.01,0.46,0.47,216.0,34.99,0.01,0.535,0.465,0.860592,0.139408,68122.45
1775088301186,2026-04-02T00:05:01.186,btc-updown-15m-1775088000,1775088900,Up,97157393620546067921107477749024780393693953836060716340958637202932417991675,23717176631191013542990128995527648018230243504257685041560141692210649140817,0.54,0.55,393.87,178.86,0.01,0.45,0.46,213.79,393.87,0.01,0.545,0.455,0.312294,0.648175,68122.46
1775088302186,2026-04-02T00:05:02.186,btc-updown-15m-1775088000,1775088900,Up,97157393620546067921107477749024780393693953836060716340958637202932417991675,23717176631191013542990128995527648018230243504257685041560141692210649140817,0.53,0.54,215.86,436.45,0.01,0.46,0.47,436.45,215.86,0.01,0.535,0.465,0.669084,0.330916,68122.46
1775088303187,2026-04-02T00:05:03.187,btc-updown-15m-1775088000,1775088900,Up,97157393620546067921107477749024780393693953836060716340958637202932417991675,23717176631191013542990128995527648018230243504257685041560141692210649140817,0.53,0.54,108.82,202.0,0.01,0.46,0.47,202.0,108.82,0.01,0.535,0.465,0.649894,0.350106,68122.46
1775088304188,2026-04-02T00:05:04.188,btc-updown-15m-1775088000,1775088900,Up,97157393620546067921107477749024780393693953836060716340958637202932417991675,23717176631191013542990128995527648018230243504257685041560141692210649140817,0.51,0.52,226.54,137.5,0.01,0.48,0.49,137.5,226.54,0.01,0.515,0.485,0.377706,0.622294,68123.89
1775088305189,2026-04-02T00:05:05.189,btc-updown-15m-1775088000,1775088900,Up,97157393620546067921107477749024780393693953836060716340958637202932417991675,23717176631191013542990128995527648018230243504257685041560141692210649140817,0.51,0.52,154.26,111.7,0.01,0.48,0.49,111.7,154.26,0.01,0.515,0.485,0.419988,0.580012,68123.89
1775088306190,2026-04-02T00:05:06.190,btc-updown-15m-1775088000,1775088900,Up,97157393620546067921107477749024780393693953836060716340958637202932417991675,23717176631191013542990128995527648018230243504257685041560141692210649140817,0.51,0.52,284.87,19.45,0.01,0.48,0.49,19.45,284.87,0.01,0.515,0.485,0.063913,0.936087,68123.89
1775088307190,2026-04-02T00:05:07.190,btc-updown-15m-1775088000,1775088900,Up,97157393620546067921107477749024780393693953836060716340958637202932417991675,23717176631191013542990128995527648018230243504257685041560141692210649140817,0.51,0.52,266.53,31.44,0.01,0.48,0.49,31.44,266.53,0.01,0.515,0.485,0.105514,0.894486,68122.45
1775088308191,2026-04-02T00:05:08.191,btc-updown-15m-1775088000,1775088900,Up,97157393620546067921107477749024780393693953836060716340958637202932417991675,23717176631191013542990128995527648018230243504257685041560141692210649140817,0.51,0.52,266.53,31.44,0.01,0.48,0.49,31.44,266.53,0.01,0.515,0.485,0.105514,0.894486,68122.45
1775088309191,2026-04-02T00:05:09.191,btc-updown-15m-1775088000,1775088900,Up,97157393620546067921107477749024780393693953836060716340958637202932417991675,23717176631191013542990128995527648018230243504257685041560141692210649140817,0.5,0.51,337.86,72.5,0.01,0.49,0.5,72.5,337.86,0.01,0.505,0.495,0.176674,0.823326,68122.45
1775088310192,2026-04-02T00:05:10.192,btc-updown-15m-1775088000,1775088900,Up,97157393620546067921107477749024780393693953836060716340958637202932417991675,23717176631191013542990128995527648018230243504257685041560141692210649140817,0.5,0.51,337.86,72.5,0.01,0.49,0.5,72.5,337.86,0.01,0.505,0.495,0.176674,0.823326,68122.46
1775088311192,2026-04-02T00:05:11.192,btc-updown-15m-1775088000,1775088900,Up,97157393620546067921107477749024780393693953836060716340958637202932417991675,23717176631191013542990128995527648018230243504257685041560141692210649140817,0.5,0.51,337.86,72.5,0.01,0.49,0.5,72.5,337.86,0.01,0.505,0.495,0.176674,0.823326,68122.46
1775088312193,2026-04-02T00:05:12.193,btc-updown-15m-1775088000,1775088900,Up,97157393620546067921107477749024780393693953836060716340958637202932417991675,23717176631191013542990128995527648018230243504257685041560141692210649140817,0.5,0.51,337.86,72.5,0.01,0.49,0.5,72.5,337.86,0.01,0.505,0.495,0.176674,0.823326,68122.46
1775088313194,2026-04-02T00:05:13.194,btc-updown-15m-1775088000,1775088900,Up,97157393620546067921107477749024780393693953836060716340958637202932417991675,23717176631191013542990128995527648018230243504257685041560141692210649140817,0.49,0.51,526.27,263.27,0.02,0.49,0.51,263.27,526.27,0.02,0.5,0.5,0.333447,0.666553,68121.0
1775088314194,2026-04-02T00:05:14.194,btc-updown-15m-1775088000,1775088900,Up,97157393620546067921107477749024780393693953836060716340958637202932417991675,23717176631191013542990128995527648018230243504257685041560141692210649140817,0.49,0.5,246.0,280.76,0.01,0.5,0.51,280.76,246.0,0.01,0.495,0.505,0.532994,0.467006,68121.0
1775088315195,2026-04-02T00:05:15.195,btc-updown-15m-1775088000,1775088900,Up,97157393620546067921107477749024780393693953836060716340958637202932417991675,23717176631191013542990128995527648018230243504257685041560141692210649140817,0.49,0.5,235.96,240.76,0.01,0.5,0.51,240.76,235.96,0.01,0.495,0.505,0.505034,0.494966,68121.0
1775088316195,2026-04-02T00:05:16.195,btc-updown-15m-1775088000,1775088900,Up,97157393620546067921107477749024780393693953836060716340958637202932417991675,23717176631191013542990128995527648018230243504257685041560141692210649140817,0.49,0.5,235.96,240.76,0.01,0.5,0.51,240.76,235.96,0.01,0.495,0.505,0.505034,0.494966,68121.0
1775088317196,2026-04-02T00:05:17.196,btc-updown-15m-1775088000,1775088900,Up,97157393620546067921107477749024780393693953836060716340958637202932417991675,23717176631191013542990128995527648018230243504257685041560141692210649140817,0.49,0.5,235.96,240.76,0.01,0.5,0.51,240.76,235.96,0.01,0.495,0.505,0.505034,0.494966,68121.0
1775088318196,2026-04-02T00:05:18.196,btc-updown-15m-1775088000,1775088900,Up,97157393620546067921107477749024780393693953836060716340958637202932417991675,23717176631191013542990128995527648018230243504257685041560141692210649140817,0.49,0.5,235.96,240.76,0.01,0.5,0.51,240.76,235.96,0.01,0.495,0.505,0.505034,0.494966,68121.0
1775088319199,2026-04-02T00:05:19.199,btc-updown-15m-1775088000,1775088900,Up,97157393620546067921107477749024780393693953836060716340958637202932417991675,23717176631191013542990128995527648018230243504257685041560141692210649140817,0.48,0.49,1131.0,18.8,0.01,0.51,0.52,18.8,1131.0,0.01,0.485,0.515,0.016351,0.983649,68112.19
1775088320199,2026-04-02T00:05:20.199,btc-updown-15m-1775088000,1775088900,Up,97157393620546067921107477749024780393693953836060716340958637202932417991675,23717176631191013542990128995527648018230243504257685041560141692210649140817,0.45,0.47,580.38,95.56,0.02,0.53,0.55,95.56,580.38,0.02,0.46,0.54,0.141373,0.858627,68112.19
1775088321199,2026-04-02T00:05:21.199,btc-updown-15m-1775088000,1775088900,Up,97157393620546067921107477749024780393693953836060716340958637202932417991675,23717176631191013542990128995527648018230243504257685041560141692210649140817,0.4,0.42,254.0,92.59,0.02,0.58,0.6,92.59,254.0,0.02,0.41,0.59,0.267146,0.732854,68112.19
1775088322200,2026-04-02T00:05:22.200,btc-updown-15m-1775088000,1775088900,Up,97157393620546067921107477749024780393693953836060716340958637202932417991675,23717176631191013542990128995527648018230243504257685041560141692210649140817,0.42,0.44,168.52,33.0,0.02,0.56,0.58,33.0,168.52,0.02,0.43,0.57,0.163755,0.836245,68098.43
1775088323200,2026-04-02T00:05:23.200,btc-updown-15m-1775088000,1775088900,Up,97157393620546067921107477749024780393693953836060716340958637202932417991675,23717176631191013542990128995527648018230243504257685041560141692210649140817,0.43,0.44,208.52,168.5,0.01,0.56,0.57,168.5,208.52,0.01,0.435,0.565,0.446926,0.553074,68098.43
1775088324202,2026-04-02T00:05:24.202,btc-updown-15m-1775088000,1775088900,Up,97157393620546067921107477749024780393693953836060716340958637202932417991675,23717176631191013542990128995527648018230243504257685041560141692210649140817,0.43,0.44,232.52,186.27,0.01,0.56,0.57,186.27,232.52,0.01,0.435,0.565,0.444781,0.555219,68098.43
1775088325203,2026-04-02T00:05:25.203,btc-updown-15m-1775088000,1775088900,Up,97157393620546067921107477749024780393693953836060716340958637202932417991675,23717176631191013542990128995527648018230243504257685041560141692210649140817,0.43,0.44,232.52,186.27,0.01,0.56,0.57,186.27,232.52,0.01,0.435,0.565,0.444781,0.555219,68098.43
1775088326204,2026-04-02T00:05:26.204,btc-updown-15m-1775088000,1775088900,Up,97157393620546067921107477749024780393693953836060716340958637202932417991675,23717176631191013542990128995527648018230243504257685041560141692210649140817,0.43,0.44,246.52,174.74,0.01,0.56,0.57,174.74,246.52,0.01,0.435,0.565,0.414803,0.585197,68098.43
1775088327204,2026-04-02T00:05:27.204,btc-updown-15m-1775088000,1775088900,Up,97157393620546067921107477749024780393693953836060716340958637202932417991675,23717176631191013542990128995527648018230243504257685041560141692210649140817,0.43,0.44,246.52,174.74,0.01,0.56,0.57,174.74,246.52,0.01,0.435,0.565,0.414803,0.585197,68098.43
1775088328206,2026-04-02T00:05:28.206,btc-updown-15m-1775088000,1775088900,Up,97157393620546067921107477749024780393693953836060716340958637202932417991675,23717176631191013542990128995527648018230243504257685041560141692210649140817,0.43,0.44,246.52,174.74,0.01,0.56,0.57,174.74,246.52,0.01,0.435,0.565,0.414803,0.585197,68098.43
1775088329207,2026-04-02T00:05:29.207,btc-updown-15m-1775088000,1775088900,Up,97157393620546067921107477749024780393693953836060716340958637202932417991675,23717176631191013542990128995527648018230243504257685041560141692210649140817,0.43,0.44,195.24,967.74,0.01,0.56,0.57,967.74,195.24,0.01,0.435,0.565,0.832121,0.167879,68098.43
1775088330207,2026-04-02T00:05:30.207,btc-updown-15m-1775088000,1775088900,Up,97157393620546067921107477749024780393693953836060716340958637202932417991675,23717176631191013542990128995527648018230243504257685041560141692210649140817,0.42,0.43,44.3,64.0,0.01,0.57,0.58,64.0,44.3,0.01,0.425,0.575,0.590951,0.409049,68098.43
1775088331207,2026-04-02T00:05:31.207,btc-updown-15m-1775088000,1775088900,Up,97157393620546067921107477749024780393693953836060716340958637202932417991675,23717176631191013542990128995527648018230243504257685041560141692210649140817,0.41,0.43,423.87,115.0,0.02,0.57,0.59,115.0,423.87,0.02,0.42,0.58,0.21341,0.78659,68098.43
1775088332208,2026-04-02T00:05:32.208,btc-updown-15m-1775088000,1775088900,Up,97157393620546067921107477749024780393693953836060716340958637202932417991675,23717176631191013542990128995527648018230243504257685041560141692210649140817,0.41,0.42,1335.49,23.94,0.01,0.58,0.59,23.94,1335.49,0.01,0.415,0.585,0.01761,0.98239,68098.43
1775088333209,2026-04-02T00:05:33.209,btc-updown-15m-1775088000,1775088900,Up,97157393620546067921107477749024780393693953836060716340958637202932417991675,23717176631191013542990128995527648018230243504257685041560141692210649140817,0.39,0.4,247.0,297.35,0.01,0.6,0.61,297.35,247.0,0.01,0.395,0.605,0.546248,0.453752,68098.43
1775088334209,2026-04-02T00:05:34.209,btc-updown-15m-1775088000,1775088900,Up,97157393620546067921107477749024780393693953836060716340958637202932417991675,23717176631191013542990128995527648018230243504257685041560141692210649140817,0.39,0.4,247.0,297.35,0.01,0.6,0.61,297.35,247.0,0.01,0.395,0.605,0.546248,0.453752,68094.19
1775088335210,2026-04-02T00:05:35.210,btc-updown-15m-1775088000,1775088900,Up,97157393620546067921107477749024780393693953836060716340958637202932417991675,23717176631191013542990128995527648018230243504257685041560141692210649140817,0.39,0.4,247.0,297.35,0.01,0.6,0.61,297.35,247.0,0.01,0.395,0.605,0.546248,0.453752,68094.19
1775088336211,2026-04-02T00:05:36.211,btc-updown-15m-1775088000,1775088900,Up,97157393620546067921107477749024780393693953836060716340958637202932417991675,23717176631191013542990128995527648018230243504257685041560141692210649140817,0.39,0.4,238.0,242.87,0.01,0.6,0.61,242.87,238.0,0.01,0.395,0.605,0.505064,0.494936,68094.19
1775088337212,2026-04-02T00:05:37.212,btc-updown-15m-1775088000,1775088900,Up,97157393620546067921107477749024780393693953836060716340958637202932417991675,23717176631191013542990128995527648018230243504257685041560141692210649140817,0.39,0.4,238.0,242.87,0.01,0.6,0.61,242.87,238.0,0.01,0.395,0.605,0.505064,0.494936,68094.18
1775088338213,2026-04-02T00:05:38.213,btc-updown-15m-1775088000,1775088900,Up,97157393620546067921107477749024780393693953836060716340958637202932417991675,23717176631191013542990128995527648018230243504257685041560141692210649140817,0.39,0.4,213.0,211.02,0.01,0.6,0.61,211.02,213.0,0.01,0.395,0.605,0.497665,0.502335,68094.18
1775088339214,2026-04-02T00:05:39.214,btc-updown-15m-1775088000,1775088900,Up,97157393620546067921107477749024780393693953836060716340958637202932417991675,23717176631191013542990128995527648018230243504257685041560141692210649140817,0.39,0.4,213.0,211.02,0.01,0.6,0.61,211.02,213.0,0.01,0.395,0.605,0.497665,0.502335,68094.18
1775088340214,2026-04-02T00:05:40.214,btc-updown-15m-1775088000,1775088900,Up,97157393620546067921107477749024780393693953836060716340958637202932417991675,23717176631191013542990128995527648018230243504257685041560141692210649140817,0.39,0.4,213.0,211.02,0.01,0.6,0.61,211.02,213.0,0.01,0.395,0.605,0.497665,0.502335,68094.19
1775088341215,2026-04-02T00:05:41.215,btc-updown-15m-1775088000,1775088900,Up,97157393620546067921107477749024780393693953836060716340958637202932417991675,23717176631191013542990128995527648018230243504257685041560141692210649140817,0.39,0.4,213.0,211.02,0.01,0.6,0.61,211.02,213.0,0.01,0.395,0.605,0.497665,0.502335,68094.19
1775088342215,2026-04-02T00:05:42.215,btc-updown-15m-1775088000,1775088900,Up,97157393620546067921107477749024780393693953836060716340958637202932417991675,23717176631191013542990128995527648018230243504257685041560141692210649140817,0.39,0.4,219.0,156.2,0.01,0.6,0.61,156.2,219.0,0.01,0.395,0.605,0.416311,0.583689,68094.19
1775088343217,2026-04-02T00:05:43.217,btc-updown-15m-1775088000,1775088900,Up,97157393620546067921107477749024780393693953836060716340958637202932417991675,23717176631191013542990128995527648018230243504257685041560141692210649140817,0.37,0.38,1332.0,120.96,0.01,0.62,0.63,120.96,1332.0,0.01,0.375,0.625,0.083251,0.916749,68090.06
1775088344217,2026-04-02T00:05:44.217,btc-updown-15m-1775088000,1775088900,Up,97157393620546067921107477749024780393693953836060716340958637202932417991675,23717176631191013542990128995527648018230243504257685041560141692210649140817,0.38,0.4,137.0,14.0,0.02,0.6,0.62,14.0,137.0,0.02,0.39,0.61,0.092715,0.907285,68090.06
1775088345218,2026-04-02T00:05:45.218,btc-updown-15m-1775088000,1775088900,Up,97157393620546067921107477749024780393693953836060716340958637202932417991675,23717176631191013542990128995527648018230243504257685041560141692210649140817,0.39,0.41,60.17,1327.0,0.02,0.59,0.61,1327.0,60.17,0.02,0.4,0.6,0.956624,0.043376,68090.06
1775088346219,2026-04-02T00:05:46.219,btc-updown-15m-1775088000,1775088900,Up,97157393620546067921107477749024780393693953836060716340958637202932417991675,23717176631191013542990128995527648018230243504257685041560141692210649140817,0.39,0.4,13.52,1332.64,0.01,0.6,0.61,1332.64,13.52,0.01,0.395,0.605,0.989957,0.010043,68090.06
1775088347220,2026-04-02T00:05:47.220,btc-updown-15m-1775088000,1775088900,Up,97157393620546067921107477749024780393693953836060716340958637202932417991675,23717176631191013542990128995527648018230243504257685041560141692210649140817,0.39,0.4,13.52,1332.64,0.01,0.6,0.61,1332.64,13.52,0.01,0.395,0.605,0.989957,0.010043,68090.06
1775088348221,2026-04-02T00:05:48.221,btc-updown-15m-1775088000,1775088900,Up,97157393620546067921107477749024780393693953836060716340958637202932417991675,23717176631191013542990128995527648018230243504257685041560141692210649140817,0.37,0.39,1376.44,94.0,0.02,0.61,0.63,94.0,1376.44,0.02,0.38,0.62,0.063926,0.936074,68090.06
1775088349222,2026-04-02T00:05:49.222,btc-updown-15m-1775088000,1775088900,Up,97157393620546067921107477749024780393693953836060716340958637202932417991675,23717176631191013542990128995527648018230243504257685041560141692210649140817,0.37,0.38,1218.0,81.0,0.01,0.62,0.63,81.0,1218.0,0.01,0.375,0.625,0.062356,0.937644,68090.06
1775088350223,2026-04-02T00:05:50.223,btc-updown-15m-1775088000,1775088900,Up,97157393620546067921107477749024780393693953836060716340958637202932417991675,23717176631191013542990128995527648018230243504257685041560141692210649140817,0.37,0.38,1218.0,81.0,0.01,0.62,0.63,81.0,1218.0,0.01,0.375,0.625,0.062356,0.937644,68090.06
1775088351223,2026-04-02T00:05:51.223,btc-updown-15m-1775088000,1775088900,Up,97157393620546067921107477749024780393693953836060716340958637202932417991675,23717176631191013542990128995527648018230243504257685041560141692210649140817,0.37,0.38,1263.0,124.96,0.01,0.62,0.63,124.96,1263.0,0.01,0.375,0.625,0.090031,0.909969,68090.06
1775088352224,2026-04-02T00:05:52.224,btc-updown-15m-1775088000,1775088900,Up,97157393620546067921107477749024780393693953836060716340958637202932417991675,23717176631191013542990128995527648018230243504257685041560141692210649140817,0.41,0.44,60.0,1493.0,0.03,0.58,0.59,65.0,58.2,0.01,0.425,0.585,0.961365,0.472403,68104.36
1775088353224,2026-04-02T00:05:53.224,btc-updown-15m-1775088000,1775088900,Up,97157393620546067921107477749024780393693953836060716340958637202932417991675,23717176631191013542990128995527648018230243504257685041560141692210649140817,0.46,0.48,9.72,1590.57,0.02,0.53,0.54,1566.07,5.27,0.01,0.47,0.535,0.993926,0.003354,68104.36
1775088354225,2026-04-02T00:05:54.225,btc-updown-15m-1775088000,1775088900,Up,97157393620546067921107477749024780393693953836060716340958637202932417991675,23717176631191013542990128995527648018230243504257685041560141692210649140817,0.5,0.52,80.0,1347.89,0.02,0.48,0.5,1347.89,80.0,0.02,0.51,0.49,0.943973,0.056027,68104.36
1775088355225,2026-04-02T00:05:55.225,btc-updown-15m-1775088000,1775088900,Up,97157393620546067921107477749024780393693953836060716340958637202932417991675,23717176631191013542990128995527648018230243504257685041560141692210649140817,0.51,0.53,163.5,1323.16,0.02,0.47,0.49,1323.16,163.5,0.02,0.52,0.48,0.890022,0.109978,68122.84
1775088356227,2026-04-02T00:05:56.227,btc-updown-15m-1775088000,1775088900,Up,97157393620546067921107477749024780393693953836060716340958637202932417991675,23717176631191013542990128995527648018230243504257685041560141692210649140817,0.54,0.55,241.43,52.36,0.01,0.45,0.46,52.36,241.43,0.01,0.545,0.455,0.178223,0.821777,68122.84
1775088357227,2026-04-02T00:05:57.227,btc-updown-15m-1775088000,1775088900,Up,97157393620546067921107477749024780393693953836060716340958637202932417991675,23717176631191013542990128995527648018230243504257685041560141692210649140817,0.54,0.55,454.74,19.0,0.01,0.45,0.46,19.0,454.74,0.01,0.545,0.455,0.040106,0.959894,68122.84
1775088358228,2026-04-02T00:05:58.228,btc-updown-15m-1775088000,1775088900,Up,97157393620546067921107477749024780393693953836060716340958637202932417991675,23717176631191013542990128995527648018230243504257685041560141692210649140817,0.53,0.54,196.81,1036.36,0.01,0.46,0.47,1036.36,196.81,0.01,0.535,0.465,0.840403,0.159597,68122.85
1775088359228,2026-04-02T00:05:59.228,btc-updown-15m-1775088000,1775088900,Up,97157393620546067921107477749024780393693953836060716340958637202932417991675,23717176631191013542990128995527648018230243504257685041560141692210649140817,0.53,0.54,168.95,1068.36,0.01,0.46,0.47,1068.36,168.95,0.01,0.535,0.465,0.863454,0.136546,68122.85
1775088360229,2026-04-02T00:06:00.229,btc-updown-15m-1775088000,1775088900,Up,97157393620546067921107477749024780393693953836060716340958637202932417991675,23717176631191013542990128995527648018230243504257685041560141692210649140817,0.53,0.54,46.37,1012.36,0.01,0.46,0.47,1012.36,46.37,0.01,0.535,0.465,0.956202,0.043798,68122.85
1775088361230,2026-04-02T00:06:01.230,btc-updown-15m-1775088000,1775088900,Up,97157393620546067921107477749024780393693953836060716340958637202932417991675,23717176631191013542990128995527648018230243504257685041560141692210649140817,0.5,0.51,280.0,26.0,0.01,0.48,0.49,4.5,312.9,0.01,0.505,0.485,0.084967,0.985822,68118.7
1775088362231,2026-04-02T00:06:02.231,btc-updown-15m-1775088000,1775088900,Up,97157393620546067921107477749024780393693953836060716340958637202932417991675,23717176631191013542990128995527648018230243504257685041560141692210649140817,0.5,0.51,1398.0,57.0,0.01,0.49,0.5,57.0,1398.0,0.01,0.505,0.495,0.039175,0.960825,68118.7
1775088363231,2026-04-02T00:06:03.231,btc-updown-15m-1775088000,1775088900,Up,97157393620546067921107477749024780393693953836060716340958637202932417991675,23717176631191013542990128995527648018230243504257685041560141692210649140817,0.48,0.49,364.5,126.93,0.01,0.51,0.52,126.93,364.5,0.01,0.485,0.515,0.258287,0.741713,68118.7
1775088364232,2026-04-02T00:06:04.232,btc-updown-15m-1775088000,1775088900,Up,97157393620546067921107477749024780393693953836060716340958637202932417991675,23717176631191013542990128995527648018230243504257685041560141692210649140817,0.5,0.51,75.79,137.05,0.01,0.49,0.5,137.05,75.79,0.01,0.505,0.495,0.643911,0.356089,68115.25
1775088365232,2026-04-02T00:06:05.232,btc-updown-15m-1775088000,1775088900,Up,97157393620546067921107477749024780393693953836060716340958637202932417991675,23717176631191013542990128995527648018230243504257685041560141692210649140817,0.5,0.51,282.29,32.0,0.01,0.49,0.5,32.0,282.29,0.01,0.505,0.495,0.101817,0.898183,68115.25
1775088366233,2026-04-02T00:06:06.233,btc-updown-15m-1775088000,1775088900,Up,97157393620546067921107477749024780393693953836060716340958637202932417991675,23717176631191013542990128995527648018230243504257685041560141692210649140817,0.5,0.51,1301.0,19.62,0.01,0.49,0.5,19.62,1301.0,0.01,0.505,0.495,0.014857,0.985143,68115.25
1775088367234,2026-04-02T00:06:07.234,btc-updown-15m-1775088000,1775088900,Up,97157393620546067921107477749024780393693953836060716340958637202932417991675,23717176631191013542990128995527648018230243504257685041560141692210649140817,0.52,0.53,41.86,11.62,0.01,0.47,0.48,11.62,41.86,0.01,0.525,0.475,0.217277,0.782723,68119.53
1775088368235,2026-04-02T00:06:08.235,btc-updown-15m-1775088000,1775088900,Up,97157393620546067921107477749024780393693953836060716340958637202932417991675,23717176631191013542990128995527648018230243504257685041560141692210649140817,0.53,0.54,192.39,136.14,0.01,0.46,0.47,136.14,192.39,0.01,0.535,0.465,0.414391,0.585609,68119.53
1775088369236,2026-04-02T00:06:09.236,btc-updown-15m-1775088000,1775088900,Up,97157393620546067921107477749024780393693953836060716340958637202932417991675,23717176631191013542990128995527648018230243504257685041560141692210649140817,0.53,0.54,313.39,117.14,0.01,0.46,0.47,117.14,313.39,0.01,0.535,0.465,0.272083,0.727917,68119.53
1775088370236,2026-04-02T00:06:10.236,btc-updown-15m-1775088000,1775088900,Up,97157393620546067921107477749024780393693953836060716340958637202932417991675,23717176631191013542990128995527648018230243504257685041560141692210649140817,0.53,0.54,286.88,169.14,0.01,0.46,0.47,169.14,286.88,0.01,0.535,0.465,0.370905,0.629095,68119.53
1775088371237,2026-04-02T00:06:11.237,btc-updown-15m-1775088000,1775088900,Up,97157393620546067921107477749024780393693953836060716340958637202932417991675,23717176631191013542990128995527648018230243504257685041560141692210649140817,0.53,0.54,286.88,169.14,0.01,0.46,0.47,169.14,286.88,0.01,0.535,0.465,0.370905,0.629095,68119.53
1775088372238,2026-04-02T00:06:12.238,btc-updown-15m-1775088000,1775088900,Up,97157393620546067921107477749024780393693953836060716340958637202932417991675,23717176631191013542990128995527648018230243504257685041560141692210649140817,0.53,0.54,286.88,169.14,0.01,0.46,0.47,169.14,286.88,0.01,0.535,0.465,0.370905,0.629095,68119.53
1775088373239,2026-04-02T00:06:13.239,btc-updown-15m-1775088000,1775088900,Up,97157393620546067921107477749024780393693953836060716340958637202932417991675,23717176631191013542990128995527648018230243504257685041560141692210649140817,0.53,0.54,51.28,1283.02,0.01,0.46,0.47,1283.02,51.28,0.01,0.535,0.465,0.961568,0.038432,68119.53
1775088374240,2026-04-02T00:06:14.240,btc-updown-15m-1775088000,1775088900,Up,97157393620546067921107477749024780393693953836060716340958637202932417991675,23717176631191013542990128995527648018230243504257685041560141692210649140817,0.53,0.54,46.28,295.07,0.01,0.46,0.47,295.07,46.28,0.01,0.535,0.465,0.864421,0.135579,68119.53
1775088375241,2026-04-02T00:06:15.241,btc-updown-15m-1775088000,1775088900,Up,97157393620546067921107477749024780393693953836060716340958637202932417991675,23717176631191013542990128995527648018230243504257685041560141692210649140817,0.54,0.55,175.98,1048.74,0.01,0.45,0.46,1048.74,175.98,0.01,0.545,0.455,0.85631,0.14369,68119.53
1775088376242,2026-04-02T00:06:16.242,btc-updown-15m-1775088000,1775088900,Up,97157393620546067921107477749024780393693953836060716340958637202932417991675,23717176631191013542990128995527648018230243504257685041560141692210649140817,0.54,0.55,146.81,1170.74,0.01,0.45,0.46,1170.74,146.81,0.01,0.545,0.455,0.888573,0.111427,68122.93
1775088377242,2026-04-02T00:06:17.242,btc-updown-15m-1775088000,1775088900,Up,97157393620546067921107477749024780393693953836060716340958637202932417991675,23717176631191013542990128995527648018230243504257685041560141692210649140817,0.54,0.55,146.81,1170.74,0.01,0.45,0.46,1170.74,146.81,0.01,0.545,0.455,0.888573,0.111427,68122.93
1775088378242,2026-04-02T00:06:18.242,btc-updown-15m-1775088000,1775088900,Up,97157393620546067921107477749024780393693953836060716340958637202932417991675,23717176631191013542990128995527648018230243504257685041560141692210649140817,0.59,0.6,199.83,47.0,0.01,0.4,0.41,47.0,199.83,0.01,0.595,0.405,0.190414,0.809586,68122.93
1775088379243,2026-04-02T00:06:19.243,btc-updown-15m-1775088000,1775088900,Up,97157393620546067921107477749024780393693953836060716340958637202932417991675,23717176631191013542990128995527648018230243504257685041560141692210649140817,0.6,0.61,20.0,260.72,0.01,0.39,0.4,274.5,20.0,0.01,0.605,0.395,0.928755,0.067912,68136.57
1775088380243,2026-04-02T00:06:20.243,btc-updown-15m-1775088000,1775088900,Up,97157393620546067921107477749024780393693953836060716340958637202932417991675,23717176631191013542990128995527648018230243504257685041560141692210649140817,0.6,0.61,20.0,260.72,0.01,0.39,0.4,260.72,20.0,0.01,0.605,0.395,0.928755,0.071245,68136.57
1775088381244,2026-04-02T00:06:21.244,btc-updown-15m-1775088000,1775088900,Up,97157393620546067921107477749024780393693953836060716340958637202932417991675,23717176631191013542990128995527648018230243504257685041560141692210649140817,0.61,0.62,597.45,41.0,0.01,0.38,0.39,116.0,596.65,0.01,0.615,0.385,0.064218,0.837227,68136.57
1775088382244,2026-04-02T00:06:22.244,btc-updown-15m-1775088000,1775088900,Up,97157393620546067921107477749024780393693953836060716340958637202932417991675,23717176631191013542990128995527648018230243504257685041560141692210649140817,0.61,0.62,124.78,1128.28,0.01,0.38,0.39,1128.28,124.78,0.01,0.615,0.385,0.90042,0.09958,68136.56
1775088383245,2026-04-02T00:06:23.245,btc-updown-15m-1775088000,1775088900,Up,97157393620546067921107477749024780393693953836060716340958637202932417991675,23717176631191013542990128995527648018230243504257685041560141692210649140817,0.62,0.63,229.71,24.03,0.01,0.37,0.38,24.03,229.71,0.01,0.625,0.375,0.094703,0.905297,68136.56
1775088384245,2026-04-02T00:06:24.245,btc-updown-15m-1775088000,1775088900,Up,97157393620546067921107477749024780393693953836060716340958637202932417991675,23717176631191013542990128995527648018230243504257685041560141692210649140817,0.65,0.66,9.49,1363.93,0.01,0.34,0.35,1363.93,9.49,0.01,0.655,0.345,0.99309,0.00691,68136.56
1775088385245,2026-04-02T00:06:25.245,btc-updown-15m-1775088000,1775088900,Up,97157393620546067921107477749024780393693953836060716340958637202932417991675,23717176631191013542990128995527648018230243504257685041560141692210649140817,0.7,0.71,100.0,1166.0,0.01,0.29,0.3,1166.0,100.0,0.01,0.705,0.295,0.921011,0.078989,68158.46
1775088386246,2026-04-02T00:06:26.246,btc-updown-15m-1775088000,1775088900,Up,97157393620546067921107477749024780393693953836060716340958637202932417991675,23717176631191013542990128995527648018230243504257685041560141692210649140817,0.7,0.71,235.37,1155.0,0.01,0.29,0.3,1155.0,235.37,0.01,0.705,0.295,0.830714,0.169286,68158.46
1775088387247,2026-04-02T00:06:27.247,btc-updown-15m-1775088000,1775088900,Up,97157393620546067921107477749024780393693953836060716340958637202932417991675,23717176631191013542990128995527648018230243504257685041560141692210649140817,0.7,0.71,682.5,7.0,0.01,0.29,0.3,859.32,232.92,0.01,0.705,0.295,0.010152,0.21325,68158.46
1775088388248,2026-04-02T00:06:28.248,btc-updown-15m-1775088000,1775088900,Up,97157393620546067921107477749024780393693953836060716340958637202932417991675,23717176631191013542990128995527648018230243504257685041560141692210649140817,0.69,0.7,179.5,451.0,0.01,0.3,0.32,1288.25,37.0,0.02,0.695,0.31,0.715305,0.027919,68164.87
1775088389248,2026-04-02T00:06:29.248,btc-updown-15m-1775088000,1775088900,Up,97157393620546067921107477749024780393693953836060716340958637202932417991675,23717176631191013542990128995527648018230243504257685041560141692210649140817,0.72,0.73,85.17,1085.0,0.01,0.27,0.28,1085.0,85.17,0.01,0.725,0.275,0.927216,0.072784,68164.87
1775088390249,2026-04-02T00:06:30.249,btc-updown-15m-1775088000,1775088900,Up,97157393620546067921107477749024780393693953836060716340958637202932417991675,23717176631191013542990128995527648018230243504257685041560141692210649140817,0.69,0.7,75.3,994.5,0.01,0.3,0.31,994.5,75.3,0.01,0.695,0.305,0.929613,0.070387,68164.87
1775088391250,2026-04-02T00:06:31.250,btc-updown-15m-1775088000,1775088900,Up,97157393620546067921107477749024780393693953836060716340958637202932417991675,23717176631191013542990128995527648018230243504257685041560141692210649140817,0.68,0.69,123.8,159.65,0.01,0.31,0.32,159.65,123.8,0.01,0.685,0.315,0.563239,0.436761,68157.01
1775088392251,2026-04-02T00:06:32.251,btc-updown-15m-1775088000,1775088900,Up,97157393620546067921107477749024780393693953836060716340958637202932417991675,23717176631191013542990128995527648018230243504257685041560141692210649140817,0.69,0.7,45.53,1445.61,0.01,0.3,0.31,1445.61,45.53,0.01,0.695,0.305,0.969466,0.030534,68157.01
1775088393251,2026-04-02T00:06:33.251,btc-updown-15m-1775088000,1775088900,Up,97157393620546067921107477749024780393693953836060716340958637202932417991675,23717176631191013542990128995527648018230243504257685041560141692210649140817,0.69,0.7,54.53,1634.71,0.01,0.3,0.31,1634.71,54.53,0.01,0.695,0.305,0.967719,0.032281,68157.01
1775088394252,2026-04-02T00:06:34.252,btc-updown-15m-1775088000,1775088900,Up,97157393620546067921107477749024780393693953836060716340958637202932417991675,23717176631191013542990128995527648018230243504257685041560141692210649140817,0.7,0.71,22.0,615.91,0.01,0.29,0.3,615.91,22.0,0.01,0.705,0.295,0.965512,0.034488,68157.05
1775088395252,2026-04-02T00:06:35.252,btc-updown-15m-1775088000,1775088900,Up,97157393620546067921107477749024780393693953836060716340958637202932417991675,23717176631191013542990128995527648018230243504257685041560141692210649140817,0.71,0.72,314.49,978.15,0.01,0.28,0.29,978.15,314.49,0.01,0.715,0.285,0.756707,0.243293,68157.05
1775088396253,2026-04-02T00:06:36.253,btc-updown-15m-1775088000,1775088900,Up,97157393620546067921107477749024780393693953836060716340958637202932417991675,23717176631191013542990128995527648018230243504257685041560141692210649140817,0.71,0.72,18.68,1394.65,0.01,0.28,0.29,1394.65,18.68,0.01,0.715,0.285,0.986783,0.013217,68157.05
1775088397254,2026-04-02T00:06:37.254,btc-updown-15m-1775088000,1775088900,Up,97157393620546067921107477749024780393693953836060716340958637202932417991675,23717176631191013542990128995527648018230243504257685041560141692210649140817,0.7,0.71,369.5,72.0,0.01,0.29,0.3,72.0,369.5,0.01,0.705,0.295,0.16308,0.83692,68163.56
1775088398254,2026-04-02T00:06:38.254,btc-updown-15m-1775088000,1775088900,Up,97157393620546067921107477749024780393693953836060716340958637202932417991675,23717176631191013542990128995527648018230243504257685041560141692210649140817,0.68,0.69,529.0,5.96,0.01,0.31,0.32,5.96,529.0,0.01,0.685,0.315,0.011141,0.988859,68163.56
1775088399255,2026-04-02T00:06:39.255,btc-updown-15m-1775088000,1775088900,Up,97157393620546067921107477749024780393693953836060716340958637202932417991675,23717176631191013542990128995527648018230243504257685041560141692210649140817,0.68,0.69,606.5,45.66,0.01,0.31,0.32,45.66,606.5,0.01,0.685,0.315,0.070013,0.929987,68163.56
1775088400255,2026-04-02T00:06:40.255,btc-updown-15m-1775088000,1775088900,Up,97157393620546067921107477749024780393693953836060716340958637202932417991675,23717176631191013542990128995527648018230243504257685041560141692210649140817,0.68,0.69,1472.5,64.65,0.01,0.31,0.32,64.65,1472.5,0.01,0.685,0.315,0.042058,0.957942,68157.05
1775088401256,2026-04-02T00:06:41.256,btc-updown-15m-1775088000,1775088900,Up,97157393620546067921107477749024780393693953836060716340958637202932417991675,23717176631191013542990128995527648018230243504257685041560141692210649140817,0.67,0.69,1610.0,91.0,0.02,0.31,0.33,91.0,1610.0,0.02,0.68,0.32,0.053498,0.946502,68157.05
1775088402257,2026-04-02T00:06:42.257,btc-updown-15m-1775088000,1775088900,Up,97157393620546067921107477749024780393693953836060716340958637202932417991675,23717176631191013542990128995527648018230243504257685041560141692210649140817,0.65,0.66,690.0,2.71,0.01,0.34,0.35,2.71,690.0,0.01,0.655,0.345,0.003912,0.996088,68157.05
1775088403257,2026-04-02T00:06:43.257,btc-updown-15m-1775088000,1775088900,Up,97157393620546067921107477749024780393693953836060716340958637202932417991675,23717176631191013542990128995527648018230243504257685041560141692210649140817,0.64,0.65,54.63,361.5,0.01,0.35,0.36,361.5,54.63,0.01,0.645,0.355,0.868719,0.131281,68148.98
1775088404258,2026-04-02T00:06:44.258,btc-updown-15m-1775088000,1775088900,Up,97157393620546067921107477749024780393693953836060716340958637202932417991675,23717176631191013542990128995527648018230243504257685041560141692210649140817,0.64,0.65,1248.62,41.0,0.01,0.35,0.36,41.0,1248.62,0.01,0.645,0.355,0.031792,0.968208,68148.98
1775088405259,2026-04-02T00:06:45.259,btc-updown-15m-1775088000,1775088900,Up,97157393620546067921107477749024780393693953836060716340958637202932417991675,23717176631191013542990128995527648018230243504257685041560141692210649140817,0.59,0.6,193.0,61.0,0.01,0.39,0.4,54.0,53.0,0.01,0.595,0.395,0.240157,0.495327,68148.98
1775088406259,2026-04-02T00:06:46.259,btc-updown-15m-1775088000,1775088900,Up,97157393620546067921107477749024780393693953836060716340958637202932417991675,23717176631191013542990128995527648018230243504257685041560141692210649140817,0.59,0.6,178.0,61.0,0.01,0.4,0.41,61.0,178.0,0.01,0.595,0.405,0.25523,0.74477,68136.54
1775088407260,2026-04-02T00:06:47.260,btc-updown-15m-1775088000,1775088900,Up,97157393620546067921107477749024780393693953836060716340958637202932417991675,23717176631191013542990128995527648018230243504257685041560141692210649140817,0.57,0.6,1455.84,21.0,0.03,0.4,0.43,21.0,1455.84,0.03,0.585,0.415,0.01422,0.98578,68136.54
1775088408261,2026-04-02T00:06:48.261,btc-updown-15m-1775088000,1775088900,Up,97157393620546067921107477749024780393693953836060716340958637202932417991675,23717176631191013542990128995527648018230243504257685041560141692210649140817,0.58,0.6,25.0,51.0,0.02,0.4,0.42,51.0,25.0,0.02,0.59,0.41,0.671053,0.328947,68136.54
1775088409261,2026-04-02T00:06:49.261,btc-updown-15m-1775088000,1775088900,Up,97157393620546067921107477749024780393693953836060716340958637202932417991675,23717176631191013542990128995527648018230243504257685041560141692210649140817,0.62,0.63,18.84,53.0,0.01,0.38,0.42,1406.97,20.0,0.04,0.625,0.4,0.737751,0.014016,68140.26
1775088410261,2026-04-02T00:06:50.261,btc-updown-15m-1775088000,1775088900,Up,97157393620546067921107477749024780393693953836060716340958637202932417991675,23717176631191013542990128995527648018230243504257685041560141692210649140817,0.65,0.66,37.35,1165.5,0.01,0.34,0.36,1145.0,12.35,0.02,0.655,0.35,0.968949,0.010671,68140.26
1775088411262,2026-04-02T00:06:51.262,btc-updown-15m-1775088000,1775088900,Up,97157393620546067921107477749024780393693953836060716340958637202932417991675,23717176631191013542990128995527648018230243504257685041560141692210649140817,0.66,0.67,347.0,1072.26,0.01,0.33,0.34,1072.26,347.0,0.01,0.665,0.335,0.755506,0.244494,68140.26
1775088412262,2026-04-02T00:06:52.262,btc-updown-15m-1775088000,1775088900,Up,97157393620546067921107477749024780393693953836060716340958637202932417991675,23717176631191013542990128995527648018230243504257685041560141692210649140817,0.65,0.67,229.0,970.5,0.02,0.33,0.34,76.0,309.0,0.01,0.66,0.335,0.809087,0.802597,68145.11
1775088413263,2026-04-02T00:06:53.263,btc-updown-15m-1775088000,1775088900,Up,97157393620546067921107477749024780393693953836060716340958637202932417991675,23717176631191013542990128995527648018230243504257685041560141692210649140817,0.65,0.66,15.0,926.07,0.01,0.34,0.35,926.07,15.0,0.01,0.655,0.345,0.984061,0.015939,68145.11
1775088414264,2026-04-02T00:06:54.264,btc-updown-15m-1775088000,1775088900,Up,97157393620546067921107477749024780393693953836060716340958637202932417991675,23717176631191013542990128995527648018230243504257685041560141692210649140817,0.66,0.67,124.73,68.0,0.01,0.33,0.34,68.0,124.73,0.01,0.665,0.335,0.352825,0.647175,68145.11
1775088415265,2026-04-02T00:06:55.265,btc-updown-15m-1775088000,1775088900,Up,97157393620546067921107477749024780393693953836060716340958637202932417991675,23717176631191013542990128995527648018230243504257685041560141692210649140817,0.66,0.67,150.65,68.0,0.01,0.33,0.34,68.0,150.65,0.01,0.665,0.335,0.310999,0.689001,68145.12
1775088416265,2026-04-02T00:06:56.265,btc-updown-15m-1775088000,1775088900,Up,97157393620546067921107477749024780393693953836060716340958637202932417991675,23717176631191013542990128995527648018230243504257685041560141692210649140817,0.66,0.67,150.65,68.0,0.01,0.33,0.34,68.0,150.65,0.01,0.665,0.335,0.310999,0.689001,68145.12
1775088417266,2026-04-02T00:06:57.266,btc-updown-15m-1775088000,1775088900,Up,97157393620546067921107477749024780393693953836060716340958637202932417991675,23717176631191013542990128995527648018230243504257685041560141692210649140817,0.66,0.67,123.65,289.95,0.01,0.33,0.34,289.95,123.65,0.01,0.665,0.335,0.70104,0.29896,68145.12
1775088418266,2026-04-02T00:06:58.266,btc-updown-15m-1775088000,1775088900,Up,97157393620546067921107477749024780393693953836060716340958637202932417991675,23717176631191013542990128995527648018230243504257685041560141692210649140817,0.66,0.67,124.5,135.0,0.01,0.33,0.34,135.0,124.5,0.01,0.665,0.335,0.520231,0.479769,68145.11
1775088419267,2026-04-02T00:06:59.267,btc-updown-15m-1775088000,1775088900,Up,97157393620546067921107477749024780393693953836060716340958637202932417991675,23717176631191013542990128995527648018230243504257685041560141692210649140817,0.63,0.65,340.5,40.0,0.02,0.35,0.37,40.0,340.5,0.02,0.64,0.36,0.105125,0.894875,68145.11
1775088420268,2026-04-02T00:07:00.268,btc-updown-15m-1775088000,1775088900,Up,97157393620546067921107477749024780393693953836060716340958637202932417991675,23717176631191013542990128995527648018230243504257685041560141692210649140817,0.63,0.64,271.86,254.09,0.01,0.36,0.37,254.09,271.86,0.01,0.635,0.365,0.483107,0.516893,68145.11
1775088421268,2026-04-02T00:07:01.268,btc-updown-15m-1775088000,1775088900,Up,97157393620546067921107477749024780393693953836060716340958637202932417991675,23717176631191013542990128995527648018230243504257685041560141692210649140817,0.67,0.68,91.62,1286.5,0.01,0.32,0.33,1286.5,91.62,0.01,0.675,0.325,0.933518,0.066482,68158.64
1775088422268,2026-04-02T00:07:02.268,btc-updown-15m-1775088000,1775088900,Up,97157393620546067921107477749024780393693953836060716340958637202932417991675,23717176631191013542990128995527648018230243504257685041560141692210649140817,0.69,0.7,40.0,7.72,0.01,0.29,0.31,1.24,159.14,0.02,0.695,0.3,0.161777,0.992268,68158.64
1775088423269,2026-04-02T00:07:03.269,btc-updown-15m-1775088000,1775088900,Up,97157393620546067921107477749024780393693953836060716340958637202932417991675,23717176631191013542990128995527648018230243504257685041560141692210649140817,0.66,0.67,491.4,64.0,0.01,0.33,0.34,64.0,491.4,0.01,0.665,0.335,0.115232,0.884768,68158.64
1775088424270,2026-04-02T00:07:04.270,btc-updown-15m-1775088000,1775088900,Up,97157393620546067921107477749024780393693953836060716340958637202932417991675,23717176631191013542990128995527648018230243504257685041560141692210649140817,0.66,0.67,52.35,67.21,0.01,0.33,0.34,67.21,52.35,0.01,0.665,0.335,0.562145,0.437855,68147.79
1775088425272,2026-04-02T00:07:05.272,btc-updown-15m-1775088000,1775088900,Up,97157393620546067921107477749024780393693953836060716340958637202932417991675,23717176631191013542990128995527648018230243504257685041560141692210649140817,0.66,0.67,34.88,116.0,0.01,0.33,0.34,116.0,34.88,0.01,0.665,0.335,0.768823,0.231177,68147.79
1775088426273,2026-04-02T00:07:06.273,btc-updown-15m-1775088000,1775088900,Up,97157393620546067921107477749024780393693953836060716340958637202932417991675,23717176631191013542990128995527648018230243504257685041560141692210649140817,0.65,0.66,1059.0,238.67,0.01,0.34,0.35,14.17,131.02,0.01,0.655,0.345,0.183922,0.902404,68147.79
1775088427273,2026-04-02T00:07:07.273,btc-updown-15m-1775088000,1775088900,Up,97157393620546067921107477749024780393693953836060716340958637202932417991675,23717176631191013542990128995527648018230243504257685041560141692210649140817,0.65,0.66,1153.0,131.05,0.01,0.34,0.35,131.05,1153.0,0.01,0.655,0.345,0.10206,0.89794,68152.94
1775088428274,2026-04-02T00:07:08.274,btc-updown-15m-1775088000,1775088900,Up,97157393620546067921107477749024780393693953836060716340958637202932417991675,23717176631191013542990128995527648018230243504257685041560141692210649140817,0.66,0.69,20.0,1368.75,0.03,0.31,0.34,1368.75,20.0,0.03,0.675,0.325,0.985599,0.014401,68152.94
1775088429275,2026-04-02T00:07:09.275,btc-updown-15m-1775088000,1775088900,Up,97157393620546067921107477749024780393693953836060716340958637202932417991675,23717176631191013542990128995527648018230243504257685041560141692210649140817,0.69,0.7,32.85,935.0,0.01,0.3,0.31,935.0,32.85,0.01,0.695,0.305,0.966059,0.033941,68152.94
1775088430275,2026-04-02T00:07:10.275,btc-updown-15m-1775088000,1775088900,Up,97157393620546067921107477749024780393693953836060716340958637202932417991675,23717176631191013542990128995527648018230243504257685041560141692210649140817,0.69,0.7,42.85,277.74,0.01,0.3,0.31,277.74,42.85,0.01,0.695,0.305,0.86634,0.13366,68152.94
1775088431275,2026-04-02T00:07:11.275,btc-updown-15m-1775088000,1775088900,Up,97157393620546067921107477749024780393693953836060716340958637202932417991675,23717176631191013542990128995527648018230243504257685041560141692210649140817,0.66,0.67,123.78,154.5,0.01,0.33,0.34,154.5,123.78,0.01,0.665,0.335,0.555196,0.444804,68152.94
1775088432276,2026-04-02T00:07:12.276,btc-updown-15m-1775088000,1775088900,Up,97157393620546067921107477749024780393693953836060716340958637202932417991675,23717176631191013542990128995527648018230243504257685041560141692210649140817,0.64,0.65,497.84,97.91,0.01,0.35,0.36,97.91,497.84,0.01,0.645,0.355,0.164347,0.835653,68152.94
1775088433276,2026-04-02T00:07:13.276,btc-updown-15m-1775088000,1775088900,Up,97157393620546067921107477749024780393693953836060716340958637202932417991675,23717176631191013542990128995527648018230243504257685041560141692210649140817,0.63,0.65,1372.09,50.55,0.02,0.35,0.37,50.55,1372.09,0.02,0.64,0.36,0.035533,0.964467,68147.79
1775088434276,2026-04-02T00:07:14.276,btc-updown-15m-1775088000,1775088900,Up,97157393620546067921107477749024780393693953836060716340958637202932417991675,23717176631191013542990128995527648018230243504257685041560141692210649140817,0.6,0.61,37.22,166.5,0.01,0.39,0.4,166.5,37.22,0.01,0.605,0.395,0.817298,0.182702,68147.79
1775088435277,2026-04-02T00:07:15.277,btc-updown-15m-1775088000,1775088900,Up,97157393620546067921107477749024780393693953836060716340958637202932417991675,23717176631191013542990128995527648018230243504257685041560141692210649140817,0.6,0.61,1245.9,90.32,0.01,0.39,0.4,90.32,1245.9,0.01,0.605,0.395,0.067594,0.932406,68147.79
1775088436278,2026-04-02T00:07:16.278,btc-updown-15m-1775088000,1775088900,Up,97157393620546067921107477749024780393693953836060716340958637202932417991675,23717176631191013542990128995527648018230243504257685041560141692210649140817,0.6,0.61,1245.9,0.32,0.01,0.39,0.4,0.32,1245.9,0.01,0.605,0.395,0.000257,0.999743,68141.34
1775088437278,2026-04-02T00:07:17.278,btc-updown-15m-1775088000,1775088900,Up,97157393620546067921107477749024780393693953836060716340958637202932417991675,23717176631191013542990128995527648018230243504257685041560141692210649140817,0.6,0.61,1245.9,0.32,0.01,0.39,0.4,0.32,1245.9,0.01,0.605,0.395,0.000257,0.999743,68141.34
1775088438278,2026-04-02T00:07:18.278,btc-updown-15m-1775088000,1775088900,Up,97157393620546067921107477749024780393693953836060716340958637202932417991675,23717176631191013542990128995527648018230243504257685041560141692210649140817,0.6,0.61,1245.9,0.32,0.01,0.39,0.4,0.32,1245.9,0.01,0.605,0.395,0.000257,0.999743,68141.34
1775088439278,2026-04-02T00:07:19.278,btc-updown-15m-1775088000,1775088900,Up,97157393620546067921107477749024780393693953836060716340958637202932417991675,23717176631191013542990128995527648018230243504257685041560141692210649140817,0.58,0.59,205.73,124.44,0.01,0.41,0.42,124.44,205.73,0.01,0.585,0.415,0.376897,0.623103,68132.28
1775088440279,2026-04-02T00:07:20.279,btc-updown-15m-1775088000,1775088900,Up,97157393620546067921107477749024780393693953836060716340958637202932417991675,23717176631191013542990128995527648018230243504257685041560141692210649140817,0.57,0.58,353.37,54.0,0.01,0.42,0.43,54.0,353.37,0.01,0.575,0.425,0.132558,0.867442,68132.28
1775088441280,2026-04-02T00:07:21.280,btc-updown-15m-1775088000,1775088900,Up,97157393620546067921107477749024780393693953836060716340958637202932417991675,23717176631191013542990128995527648018230243504257685041560141692210649140817,0.57,0.58,1240.37,49.34,0.01,0.42,0.43,49.34,1240.37,0.01,0.575,0.425,0.038257,0.961743,68132.28
1775088442281,2026-04-02T00:07:22.281,btc-updown-15m-1775088000,1775088900,Up,97157393620546067921107477749024780393693953836060716340958637202932417991675,23717176631191013542990128995527648018230243504257685041560141692210649140817,0.49,0.51,21.0,34.49,0.02,0.49,0.51,34.49,21.0,0.02,0.5,0.5,0.621553,0.378447,68116.09
1775088443281,2026-04-02T00:07:23.281,btc-updown-15m-1775088000,1775088900,Up,97157393620546067921107477749024780393693953836060716340958637202932417991675,23717176631191013542990128995527648018230243504257685041560141692210649140817,0.48,0.49,1060.14,379.5,0.01,0.51,0.52,379.5,1060.14,0.01,0.485,0.515,0.263608,0.736392,68116.09
1775088444282,2026-04-02T00:07:24.282,btc-updown-15m-1775088000,1775088900,Up,97157393620546067921107477749024780393693953836060716340958637202932417991675,23717176631191013542990128995527648018230243504257685041560141692210649140817,0.48,0.5,23.0,799.5,0.02,0.51,0.52,551.5,0.95,0.01,0.49,0.515,0.972036,0.00172,68116.09
1775088445282,2026-04-02T00:07:25.282,btc-updown-15m-1775088000,1775088900,Up,97157393620546067921107477749024780393693953836060716340958637202932417991675,23717176631191013542990128995527648018230243504257685041560141692210649140817,0.56,0.57,13.0,296.5,0.01,0.43,0.44,296.5,13.0,0.01,0.565,0.435,0.957997,0.042003,68126.08
1775088446283,2026-04-02T00:07:26.283,btc-updown-15m-1775088000,1775088900,Up,97157393620546067921107477749024780393693953836060716340958637202932417991675,23717176631191013542990128995527648018230243504257685041560141692210649140817,0.57,0.58,53.89,363.12,0.01,0.42,0.43,363.12,53.89,0.01,0.575,0.425,0.87077,0.12923,68126.08
1775088447283,2026-04-02T00:07:27.283,btc-updown-15m-1775088000,1775088900,Up,97157393620546067921107477749024780393693953836060716340958637202932417991675,23717176631191013542990128995527648018230243504257685041560141692210649140817,0.57,0.58,937.72,210.51,0.01,0.42,0.43,210.51,937.72,0.01,0.575,0.425,0.183334,0.816666,68126.08
1775088448284,2026-04-02T00:07:28.284,btc-updown-15m-1775088000,1775088900,Up,97157393620546067921107477749024780393693953836060716340958637202932417991675,23717176631191013542990128995527648018230243504257685041560141692210649140817,0.57,0.58,937.72,210.51,0.01,0.42,0.43,210.51,937.72,0.01,0.575,0.425,0.183334,0.816666,68128.0
1775088449285,2026-04-02T00:07:29.285,btc-updown-15m-1775088000,1775088900,Up,97157393620546067921107477749024780393693953836060716340958637202932417991675,23717176631191013542990128995527648018230243504257685041560141692210649140817,0.57,0.58,85.23,213.01,0.01,0.42,0.43,213.01,85.23,0.01,0.575,0.425,0.714223,0.285777,68128.0
1775088450286,2026-04-02T00:07:30.286,btc-updown-15m-1775088000,1775088900,Up,97157393620546067921107477749024780393693953836060716340958637202932417991675,23717176631191013542990128995527648018230243504257685041560141692210649140817,0.56,0.57,484.77,16.37,0.01,0.43,0.44,16.37,484.77,0.01,0.565,0.435,0.032666,0.967334,68128.0
1775088451286,2026-04-02T00:07:31.286,btc-updown-15m-1775088000,1775088900,Up,97157393620546067921107477749024780393693953836060716340958637202932417991675,23717176631191013542990128995527648018230243504257685041560141692210649140817,0.55,0.57,340.0,36.54,0.02,0.43,0.45,36.54,340.0,0.02,0.56,0.44,0.097041,0.902959,68126.09
1775088452287,2026-04-02T00:07:32.287,btc-updown-15m-1775088000,1775088900,Up,97157393620546067921107477749024780393693953836060716340958637202932417991675,23717176631191013542990128995527648018230243504257685041560141692210649140817,0.54,0.56,1390.65,97.0,0.02,0.44,0.46,97.0,1390.65,0.02,0.55,0.45,0.065204,0.934796,68126.09
1775088453287,2026-04-02T00:07:33.287,btc-updown-15m-1775088000,1775088900,Up,97157393620546067921107477749024780393693953836060716340958637202932417991675,23717176631191013542990128995527648018230243504257685041560141692210649140817,0.54,0.55,1262.5,100.0,0.01,0.45,0.46,100.0,1262.5,0.01,0.545,0.455,0.073394,0.926606,68126.09
1775088454288,2026-04-02T00:07:34.288,btc-updown-15m-1775088000,1775088900,Up,97157393620546067921107477749024780393693953836060716340958637202932417991675,23717176631191013542990128995527648018230243504257685041560141692210649140817,0.53,0.55,1271.5,131.5,0.02,0.45,0.47,131.5,1271.5,0.02,0.54,0.46,0.093728,0.906272,68126.09
1775088455289,2026-04-02T00:07:35.289,btc-updown-15m-1775088000,1775088900,Up,97157393620546067921107477749024780393693953836060716340958637202932417991675,23717176631191013542990128995527648018230243504257685041560141692210649140817,0.53,0.54,218.24,108.5,0.01,0.46,0.47,108.5,218.24,0.01,0.535,0.465,0.332068,0.667932,68126.09
1775088456290,2026-04-02T00:07:36.290,btc-updown-15m-1775088000,1775088900,Up,97157393620546067921107477749024780393693953836060716340958637202932417991675,23717176631191013542990128995527648018230243504257685041560141692210649140817,0.56,0.58,32.0,382.5,0.02,0.43,0.44,79.5,20.0,0.01,0.57,0.435,0.922799,0.201005,68126.09
1775088457290,2026-04-02T00:07:37.290,btc-updown-15m-1775088000,1775088900,Up,97157393620546067921107477749024780393693953836060716340958637202932417991675,23717176631191013542990128995527648018230243504257685041560141692210649140817,0.59,0.6,19.0,168.77,0.01,0.4,0.41,168.77,19.0,0.01,0.595,0.405,0.898812,0.101188,68129.52
1775088458290,2026-04-02T00:07:38.290,btc-updown-15m-1775088000,1775088900,Up,97157393620546067921107477749024780393693953836060716340958637202932417991675,23717176631191013542990128995527648018230243504257685041560141692210649140817,0.59,0.6,73.58,456.34,0.01,0.4,0.41,456.34,73.58,0.01,0.595,0.405,0.861149,0.138851,68129.52
1775088459291,2026-04-02T00:07:39.291,btc-updown-15m-1775088000,1775088900,Up,97157393620546067921107477749024780393693953836060716340958637202932417991675,23717176631191013542990128995527648018230243504257685041560141692210649140817,0.61,0.62,31.0,1214.91,0.01,0.38,0.39,1214.91,31.0,0.01,0.615,0.385,0.975119,0.024881,68129.52
1775088460292,2026-04-02T00:07:40.292,btc-updown-15m-1775088000,1775088900,Up,97157393620546067921107477749024780393693953836060716340958637202932417991675,23717176631191013542990128995527648018230243504257685041560141692210649140817,0.63,0.64,125.5,5.0,0.01,0.36,0.37,5.0,125.5,0.01,0.635,0.365,0.038314,0.961686,68136.32
1775088461293,2026-04-02T00:07:41.293,btc-updown-15m-1775088000,1775088900,Up,97157393620546067921107477749024780393693953836060716340958637202932417991675,23717176631191013542990128995527648018230243504257685041560141692210649140817,0.63,0.64,108.59,428.0,0.01,0.36,0.37,428.0,108.59,0.01,0.635,0.365,0.797629,0.202371,68136.32
1775088462293,2026-04-02T00:07:42.293,btc-updown-15m-1775088000,1775088900,Up,97157393620546067921107477749024780393693953836060716340958637202932417991675,23717176631191013542990128995527648018230243504257685041560141692210649140817,0.63,0.64,108.59,428.0,0.01,0.36,0.37,428.0,108.59,0.01,0.635,0.365,0.797629,0.202371,68136.32
1775088463295,2026-04-02T00:07:43.295,btc-updown-15m-1775088000,1775088900,Up,97157393620546067921107477749024780393693953836060716340958637202932417991675,23717176631191013542990128995527648018230243504257685041560141692210649140817,0.63,0.64,71.59,1261.34,0.01,0.36,0.37,1261.34,71.59,0.01,0.635,0.365,0.946291,0.053709,68136.33
1775088464296,2026-04-02T00:07:44.296,btc-updown-15m-1775088000,1775088900,Up,97157393620546067921107477749024780393693953836060716340958637202932417991675,23717176631191013542990128995527648018230243504257685041560141692210649140817,0.63,0.64,57.5,1267.58,0.01,0.36,0.37,1267.58,57.5,0.01,0.635,0.365,0.956606,0.043394,68136.33
1775088465297,2026-04-02T00:07:45.297,btc-updown-15m-1775088000,1775088900,Up,97157393620546067921107477749024780393693953836060716340958637202932417991675,23717176631191013542990128995527648018230243504257685041560141692210649140817,0.63,0.64,99.5,439.56,0.01,0.36,0.37,439.56,99.5,0.01,0.635,0.365,0.815419,0.184581,68136.33
1775088466297,2026-04-02T00:07:46.297,btc-updown-15m-1775088000,1775088900,Up,97157393620546067921107477749024780393693953836060716340958637202932417991675,23717176631191013542990128995527648018230243504257685041560141692210649140817,0.63,0.64,99.5,439.56,0.01,0.36,0.37,439.56,99.5,0.01,0.635,0.365,0.815419,0.184581,68136.33
1775088467297,2026-04-02T00:07:47.297,btc-updown-15m-1775088000,1775088900,Up,97157393620546067921107477749024780393693953836060716340958637202932417991675,23717176631191013542990128995527648018230243504257685041560141692210649140817,0.63,0.64,114.61,429.33,0.01,0.36,0.37,429.33,114.61,0.01,0.635,0.365,0.789297,0.210703,68136.33
1775088468298,2026-04-02T00:07:48.298,btc-updown-15m-1775088000,1775088900,Up,97157393620546067921107477749024780393693953836060716340958637202932417991675,23717176631191013542990128995527648018230243504257685041560141692210649140817,0.63,0.64,472.61,103.0,0.01,0.36,0.37,429.33,114.61,0.01,0.635,0.365,0.178941,0.210703,68136.33
1775088469298,2026-04-02T00:07:49.298,btc-updown-15m-1775088000,1775088900,Up,97157393620546067921107477749024780393693953836060716340958637202932417991675,23717176631191013542990128995527648018230243504257685041560141692210649140817,0.63,0.64,472.61,103.0,0.01,0.36,0.37,103.0,472.61,0.01,0.635,0.365,0.178941,0.821059,68136.32
1775088470299,2026-04-02T00:07:50.299,btc-updown-15m-1775088000,1775088900,Up,97157393620546067921107477749024780393693953836060716340958637202932417991675,23717176631191013542990128995527648018230243504257685041560141692210649140817,0.63,0.64,1128.61,32.94,0.01,0.36,0.37,32.94,1128.61,0.01,0.635,0.365,0.028359,0.971641,68136.32
1775088471300,2026-04-02T00:07:51.300,btc-updown-15m-1775088000,1775088900,Up,97157393620546067921107477749024780393693953836060716340958637202932417991675,23717176631191013542990128995527648018230243504257685041560141692210649140817,0.63,0.64,1128.61,32.94,0.01,0.36,0.37,32.94,1128.61,0.01,0.635,0.365,0.028359,0.971641,68136.32
1775088472301,2026-04-02T00:07:52.301,btc-updown-15m-1775088000,1775088900,Up,97157393620546067921107477749024780393693953836060716340958637202932417991675,23717176631191013542990128995527648018230243504257685041560141692210649140817,0.63,0.64,946.61,138.29,0.01,0.36,0.37,138.29,946.61,0.01,0.635,0.365,0.127468,0.872532,68136.32
1775088473302,2026-04-02T00:07:53.302,btc-updown-15m-1775088000,1775088900,Up,97157393620546067921107477749024780393693953836060716340958637202932417991675,23717176631191013542990128995527648018230243504257685041560141692210649140817,0.63,0.64,946.61,138.29,0.01,0.36,0.37,138.29,946.61,0.01,0.635,0.365,0.127468,0.872532,68136.32
1775088474303,2026-04-02T00:07:54.303,btc-updown-15m-1775088000,1775088900,Up,97157393620546067921107477749024780393693953836060716340958637202932417991675,23717176631191013542990128995527648018230243504257685041560141692210649140817,0.62,0.63,1184.55,31.61,0.01,0.37,0.38,31.61,1184.55,0.01,0.625,0.375,0.025992,0.974008,68136.32
1775088475304,2026-04-02T00:07:55.304,btc-updown-15m-1775088000,1775088900,Up,97157393620546067921107477749024780393693953836060716340958637202932417991675,23717176631191013542990128995527648018230243504257685041560141692210649140817,0.62,0.63,1383.55,2.35,0.01,0.37,0.38,2.35,1383.55,0.01,0.625,0.375,0.001696,0.998304,68136.32
1775088476304,2026-04-02T00:07:56.304,btc-updown-15m-1775088000,1775088900,Up,97157393620546067921107477749024780393693953836060716340958637202932417991675,23717176631191013542990128995527648018230243504257685041560141692210649140817,0.63,0.65,179.5,271.76,0.02,0.35,0.37,271.76,179.5,0.02,0.64,0.36,0.602225,0.397775,68136.32
1775088477305,2026-04-02T00:07:57.305,btc-updown-15m-1775088000,1775088900,Up,97157393620546067921107477749024780393693953836060716340958637202932417991675,23717176631191013542990128995527648018230243504257685041560141692210649140817,0.63,0.65,179.5,271.76,0.02,0.35,0.37,271.76,179.5,0.02,0.64,0.36,0.602225,0.397775,68136.32
1775088478306,2026-04-02T00:07:58.306,btc-updown-15m-1775088000,1775088900,Up,97157393620546067921107477749024780393693953836060716340958637202932417991675,23717176631191013542990128995527648018230243504257685041560141692210649140817,0.64,0.65,94.0,1259.43,0.01,0.35,0.36,1259.43,94.0,0.01,0.645,0.355,0.930547,0.069453,68139.73
1775088479307,2026-04-02T00:07:59.307,btc-updown-15m-1775088000,1775088900,Up,97157393620546067921107477749024780393693953836060716340958637202932417991675,23717176631191013542990128995527648018230243504257685041560141692210649140817,0.64,0.65,94.0,1259.43,0.01,0.35,0.36,1259.43,94.0,0.01,0.645,0.355,0.930547,0.069453,68139.73
1775088480307,2026-04-02T00:08:00.307,btc-updown-15m-1775088000,1775088900,Up,97157393620546067921107477749024780393693953836060716340958637202932417991675,23717176631191013542990128995527648018230243504257685041560141692210649140817,0.66,0.67,41.0,12.0,0.01,0.33,0.34,12.0,41.0,0.01,0.665,0.335,0.226415,0.773585,68139.73
1775088481308,2026-04-02T00:08:01.308,btc-updown-15m-1775088000,1775088900,Up,97157393620546067921107477749024780393693953836060716340958637202932417991675,23717176631191013542990128995527648018230243504257685041560141692210649140817,0.62,0.63,203.5,10.0,0.01,0.35,0.38,3.99,1624.28,0.03,0.625,0.365,0.046838,0.99755,68139.74
1775088482309,2026-04-02T00:08:02.309,btc-updown-15m-1775088000,1775088900,Up,97157393620546067921107477749024780393693953836060716340958637202932417991675,23717176631191013542990128995527648018230243504257685041560141692210649140817,0.6,0.61,904.0,154.28,0.01,0.39,0.4,154.28,904.0,0.01,0.605,0.395,0.145784,0.854216,68139.74
1775088483309,2026-04-02T00:08:03.309,btc-updown-15m-1775088000,1775088900,Up,97157393620546067921107477749024780393693953836060716340958637202932417991675,23717176631191013542990128995527648018230243504257685041560141692210649140817,0.6,0.61,252.0,145.5,0.01,0.39,0.4,145.5,252.0,0.01,0.605,0.395,0.366038,0.633962,68139.74
1775088484310,2026-04-02T00:08:04.310,btc-updown-15m-1775088000,1775088900,Up,97157393620546067921107477749024780393693953836060716340958637202932417991675,23717176631191013542990128995527648018230243504257685041560141692210649140817,0.59,0.61,1113.0,153.76,0.02,0.39,0.41,153.76,1113.0,0.02,0.6,0.4,0.121381,0.878619,68136.34
1775088485313,2026-04-02T00:08:05.313,btc-updown-15m-1775088000,1775088900,Up,97157393620546067921107477749024780393693953836060716340958637202932417991675,23717176631191013542990128995527648018230243504257685041560141692210649140817,0.59,0.61,1113.0,153.76,0.02,0.39,0.41,153.76,1113.0,0.02,0.6,0.4,0.121381,0.878619,68136.34
1775088486313,2026-04-02T00:08:06.313,btc-updown-15m-1775088000,1775088900,Up,97157393620546067921107477749024780393693953836060716340958637202932417991675,23717176631191013542990128995527648018230243504257685041560141692210649140817,0.59,0.6,156.0,164.23,0.01,0.4,0.41,164.23,156.0,0.01,0.595,0.405,0.51285,0.48715,68136.34
1775088487314,2026-04-02T00:08:07.314,btc-updown-15m-1775088000,1775088900,Up,97157393620546067921107477749024780393693953836060716340958637202932417991675,23717176631191013542990128995527648018230243504257685041560141692210649140817,0.59,0.6,156.0,164.23,0.01,0.4,0.41,164.23,156.0,0.01,0.595,0.405,0.51285,0.48715,68136.34
1775088488314,2026-04-02T00:08:08.314,btc-updown-15m-1775088000,1775088900,Up,97157393620546067921107477749024780393693953836060716340958637202932417991675,23717176631191013542990128995527648018230243504257685041560141692210649140817,0.62,0.63,60.0,45.0,0.01,0.37,0.38,45.0,60.0,0.01,0.625,0.375,0.428571,0.571429,68136.34
1775088489315,2026-04-02T00:08:09.315,btc-updown-15m-1775088000,1775088900,Up,97157393620546067921107477749024780393693953836060716340958637202932417991675,23717176631191013542990128995527648018230243504257685041560141692210649140817,0.64,0.65,64.0,1330.26,0.01,0.35,0.36,1330.26,64.0,0.01,0.645,0.355,0.954098,0.045902,68136.34
1775088490315,2026-04-02T00:08:10.315,btc-updown-15m-1775088000,1775088900,Up,97157393620546067921107477749024780393693953836060716340958637202932417991675,23717176631191013542990128995527648018230243504257685041560141692210649140817,0.64,0.66,160.5,1353.76,0.02,0.34,0.36,1353.76,160.5,0.02,0.65,0.35,0.894008,0.105992,68143.14
1775088491316,2026-04-02T00:08:11.316,btc-updown-15m-1775088000,1775088900,Up,97157393620546067921107477749024780393693953836060716340958637202932417991675,23717176631191013542990128995527648018230243504257685041560141692210649140817,0.65,0.67,20.0,82.5,0.02,0.33,0.35,82.5,20.0,0.02,0.66,0.34,0.804878,0.195122,68143.14
1775088492317,2026-04-02T00:08:12.317,btc-updown-15m-1775088000,1775088900,Up,97157393620546067921107477749024780393693953836060716340958637202932417991675,23717176631191013542990128995527648018230243504257685041560141692210649140817,0.69,0.7,12.0,76.0,0.01,0.3,0.31,76.0,12.0,0.01,0.695,0.305,0.863636,0.136364,68143.14
1775088493317,2026-04-02T00:08:13.317,btc-updown-15m-1775088000,1775088900,Up,97157393620546067921107477749024780393693953836060716340958637202932417991675,23717176631191013542990128995527648018230243504257685041560141692210649140817,0.69,0.7,33.0,1206.76,0.01,0.3,0.31,1206.76,33.0,0.01,0.695,0.305,0.973382,0.026618,68154.18
1775088494318,2026-04-02T00:08:14.318,btc-updown-15m-1775088000,1775088900,Up,97157393620546067921107477749024780393693953836060716340958637202932417991675,23717176631191013542990128995527648018230243504257685041560141692210649140817,0.7,0.71,115.0,228.27,0.01,0.29,0.3,228.27,115.0,0.01,0.705,0.295,0.664987,0.335013,68154.18
1775088495319,2026-04-02T00:08:15.319,btc-updown-15m-1775088000,1775088900,Up,97157393620546067921107477749024780393693953836060716340958637202932417991675,23717176631191013542990128995527648018230243504257685041560141692210649140817,0.7,0.72,420.5,1275.77,0.02,0.28,0.3,1275.77,420.5,0.02,0.71,0.29,0.752103,0.247897,68154.18
1775088496319,2026-04-02T00:08:16.319,btc-updown-15m-1775088000,1775088900,Up,97157393620546067921107477749024780393693953836060716340958637202932417991675,23717176631191013542990128995527648018230243504257685041560141692210649140817,0.7,0.72,420.5,1275.77,0.02,0.28,0.3,1275.77,420.5,0.02,0.71,0.29,0.752103,0.247897,68154.18
1775088497320,2026-04-02T00:08:17.320,btc-updown-15m-1775088000,1775088900,Up,97157393620546067921107477749024780393693953836060716340958637202932417991675,23717176631191013542990128995527648018230243504257685041560141692210649140817,0.71,0.72,463.11,142.26,0.01,0.28,0.29,142.26,463.11,0.01,0.715,0.285,0.234997,0.765003,68154.18
1775088498321,2026-04-02T00:08:18.321,btc-updown-15m-1775088000,1775088900,Up,97157393620546067921107477749024780393693953836060716340958637202932417991675,23717176631191013542990128995527648018230243504257685041560141692210649140817,0.71,0.72,458.21,128.26,0.01,0.28,0.29,128.26,458.21,0.01,0.715,0.285,0.218698,0.781302,68154.18
1775088499322,2026-04-02T00:08:19.322,btc-updown-15m-1775088000,1775088900,Up,97157393620546067921107477749024780393693953836060716340958637202932417991675,23717176631191013542990128995527648018230243504257685041560141692210649140817,0.71,0.73,229.55,1378.57,0.02,0.27,0.29,1378.57,229.55,0.02,0.72,0.28,0.857256,0.142744,68154.17
1775088500322,2026-04-02T00:08:20.322,btc-updown-15m-1775088000,1775088900,Up,97157393620546067921107477749024780393693953836060716340958637202932417991675,23717176631191013542990128995527648018230243504257685041560141692210649140817,0.72,0.73,159.87,219.26,0.01,0.27,0.28,219.26,159.87,0.01,0.725,0.275,0.578324,0.421676,68154.17
1775088501322,2026-04-02T00:08:21.322,btc-updown-15m-1775088000,1775088900,Up,97157393620546067921107477749024780393693953836060716340958637202932417991675,23717176631191013542990128995527648018230243504257685041560141692210649140817,0.71,0.72,149.5,142.46,0.01,0.28,0.29,180.46,52.5,0.01,0.715,0.285,0.487944,0.225361,68154.17
1775088502323,2026-04-02T00:08:22.323,btc-updown-15m-1775088000,1775088900,Up,97157393620546067921107477749024780393693953836060716340958637202932417991675,23717176631191013542990128995527648018230243504257685041560141692210649140817,0.71,0.72,89.5,180.46,0.01,0.28,0.29,180.46,89.5,0.01,0.715,0.285,0.668469,0.331531,68154.18
1775088503324,2026-04-02T00:08:23.324,btc-updown-15m-1775088000,1775088900,Up,97157393620546067921107477749024780393693953836060716340958637202932417991675,23717176631191013542990128995527648018230243504257685041560141692210649140817,0.71,0.72,89.5,180.46,0.01,0.28,0.29,180.46,89.5,0.01,0.715,0.285,0.668469,0.331531,68154.18
1775088504326,2026-04-02T00:08:24.326,btc-updown-15m-1775088000,1775088900,Up,97157393620546067921107477749024780393693953836060716340958637202932417991675,23717176631191013542990128995527648018230243504257685041560141692210649140817,0.72,0.73,239.78,190.0,0.01,0.27,0.28,190.0,239.78,0.01,0.725,0.275,0.442087,0.557913,68154.18
1775088505326,2026-04-02T00:08:25.326,btc-updown-15m-1775088000,1775088900,Up,97157393620546067921107477749024780393693953836060716340958637202932417991675,23717176631191013542990128995527648018230243504257685041560141692210649140817,0.72,0.73,239.78,190.0,0.01,0.27,0.28,190.0,239.78,0.01,0.725,0.275,0.442087,0.557913,68156.1
1775088506327,2026-04-02T00:08:26.327,btc-updown-15m-1775088000,1775088900,Up,97157393620546067921107477749024780393693953836060716340958637202932417991675,23717176631191013542990128995527648018230243504257685041560141692210649140817,0.71,0.72,17.86,127.0,0.01,0.28,0.29,127.0,17.86,0.01,0.715,0.285,0.876709,0.123291,68156.1
1775088507327,2026-04-02T00:08:27.327,btc-updown-15m-1775088000,1775088900,Up,97157393620546067921107477749024780393693953836060716340958637202932417991675,23717176631191013542990128995527648018230243504257685041560141692210649140817,0.69,0.7,412.5,9.0,0.01,0.3,0.31,9.0,412.5,0.01,0.695,0.305,0.021352,0.978648,68156.1
1775088508328,2026-04-02T00:08:28.328,btc-updown-15m-1775088000,1775088900,Up,97157393620546067921107477749024780393693953836060716340958637202932417991675,23717176631191013542990128995527648018230243504257685041560141692210649140817,0.69,0.7,589.9,9.0,0.01,0.3,0.31,9.0,589.9,0.01,0.695,0.305,0.015028,0.984972,68154.2
1775088509330,2026-04-02T00:08:29.330,btc-updown-15m-1775088000,1775088900,Up,97157393620546067921107477749024780393693953836060716340958637202932417991675,23717176631191013542990128995527648018230243504257685041560141692210649140817,0.69,0.7,589.9,9.0,0.01,0.3,0.31,9.0,589.9,0.01,0.695,0.305,0.015028,0.984972,68154.2
1775088510330,2026-04-02T00:08:30.330,btc-updown-15m-1775088000,1775088900,Up,97157393620546067921107477749024780393693953836060716340958637202932417991675,23717176631191013542990128995527648018230243504257685041560141692210649140817,0.71,0.73,46.14,1433.61,0.02,0.27,0.29,1433.61,46.14,0.02,0.72,0.28,0.968819,0.031181,68154.2
1775088511330,2026-04-02T00:08:31.330,btc-updown-15m-1775088000,1775088900,Up,97157393620546067921107477749024780393693953836060716340958637202932417991675,23717176631191013542990128995527648018230243504257685041560141692210649140817,0.73,0.75,38.96,1888.41,0.02,0.25,0.27,1232.4,63.96,0.02,0.74,0.26,0.979786,0.049338,68160.98
1775088512331,2026-04-02T00:08:32.331,btc-updown-15m-1775088000,1775088900,Up,97157393620546067921107477749024780393693953836060716340958637202932417991675,23717176631191013542990128995527648018230243504257685041560141692210649140817,0.74,0.75,25.96,1395.76,0.01,0.25,0.26,1395.76,25.96,0.01,0.745,0.255,0.98174,0.01826,68160.98
1775088513332,2026-04-02T00:08:33.332,btc-updown-15m-1775088000,1775088900,Up,97157393620546067921107477749024780393693953836060716340958637202932417991675,23717176631191013542990128995527648018230243504257685041560141692210649140817,0.74,0.76,189.37,1481.76,0.02,0.24,0.26,1481.76,189.37,0.02,0.75,0.25,0.886681,0.113319,68160.98
1775088514332,2026-04-02T00:08:34.332,btc-updown-15m-1775088000,1775088900,Up,97157393620546067921107477749024780393693953836060716340958637202932417991675,23717176631191013542990128995527648018230243504257685041560141692210649140817,0.75,0.76,132.37,1322.26,0.01,0.24,0.25,1322.26,132.37,0.01,0.755,0.245,0.909001,0.090999,68160.99
1775088515333,2026-04-02T00:08:35.333,btc-updown-15m-1775088000,1775088900,Up,97157393620546067921107477749024780393693953836060716340958637202932417991675,23717176631191013542990128995527648018230243504257685041560141692210649140817,0.75,0.76,12.0,1186.26,0.01,0.24,0.25,1186.26,12.0,0.01,0.755,0.245,0.989985,0.010015,68160.99
1775088516333,2026-04-02T00:08:36.333,btc-updown-15m-1775088000,1775088900,Up,97157393620546067921107477749024780393693953836060716340958637202932417991675,23717176631191013542990128995527648018230243504257685041560141692210649140817,0.75,0.76,7.0,1072.29,0.01,0.24,0.25,1072.29,7.0,0.01,0.755,0.245,0.993514,0.006486,68160.99
1775088517334,2026-04-02T00:08:37.334,btc-updown-15m-1775088000,1775088900,Up,97157393620546067921107477749024780393693953836060716340958637202932417991675,23717176631191013542990128995527648018230243504257685041560141692210649140817,0.75,0.76,7.0,1072.29,0.01,0.24,0.25,1072.29,7.0,0.01,0.755,0.245,0.993514,0.006486,68160.98
1775088518335,2026-04-02T00:08:38.335,btc-updown-15m-1775088000,1775088900,Up,97157393620546067921107477749024780393693953836060716340958637202932417991675,23717176631191013542990128995527648018230243504257685041560141692210649140817,0.72,0.73,13.19,92.0,0.01,0.27,0.28,92.0,13.19,0.01,0.725,0.275,0.874608,0.125392,68160.98
1775088519335,2026-04-02T00:08:39.335,btc-updown-15m-1775088000,1775088900,Up,97157393620546067921107477749024780393693953836060716340958637202932417991675,23717176631191013542990128995527648018230243504257685041560141692210649140817,0.69,0.73,1561.45,797.18,0.04,0.27,0.28,91.64,1379.7,0.01,0.71,0.275,0.337984,0.937717,68160.98
1775088520336,2026-04-02T00:08:40.336,btc-updown-15m-1775088000,1775088900,Up,97157393620546067921107477749024780393693953836060716340958637202932417991675,23717176631191013542990128995527648018230243504257685041560141692210649140817,0.7,0.71,177.37,72.5,0.01,0.29,0.3,72.5,177.37,0.01,0.705,0.295,0.290151,0.709849,68158.69
1775088521337,2026-04-02T00:08:41.337,btc-updown-15m-1775088000,1775088900,Up,97157393620546067921107477749024780393693953836060716340958637202932417991675,23717176631191013542990128995527648018230243504257685041560141692210649140817,0.7,0.71,46.0,104.5,0.01,0.29,0.3,104.5,46.0,0.01,0.705,0.295,0.694352,0.305648,68158.69
1775088522339,2026-04-02T00:08:42.339,btc-updown-15m-1775088000,1775088900,Up,97157393620546067921107477749024780393693953836060716340958637202932417991675,23717176631191013542990128995527648018230243504257685041560141692210649140817,0.71,0.72,245.5,20.0,0.01,0.28,0.29,20.0,245.5,0.01,0.715,0.285,0.07533,0.92467,68158.69
1775088523339,2026-04-02T00:08:43.339,btc-updown-15m-1775088000,1775088900,Up,97157393620546067921107477749024780393693953836060716340958637202932417991675,23717176631191013542990128995527648018230243504257685041560141692210649140817,0.71,0.72,39.56,103.25,0.01,0.28,0.29,103.25,39.56,0.01,0.715,0.285,0.722989,0.277011,68158.7
1775088524340,2026-04-02T00:08:44.340,btc-updown-15m-1775088000,1775088900,Up,97157393620546067921107477749024780393693953836060716340958637202932417991675,23717176631191013542990128995527648018230243504257685041560141692210649140817,0.72,0.73,196.19,14.44,0.01,0.27,0.28,14.44,196.19,0.01,0.725,0.275,0.068556,0.931444,68158.7
1775088525341,2026-04-02T00:08:45.341,btc-updown-15m-1775088000,1775088900,Up,97157393620546067921107477749024780393693953836060716340958637202932417991675,23717176631191013542990128995527648018230243504257685041560141692210649140817,0.72,0.73,196.19,14.44,0.01,0.27,0.28,14.44,196.19,0.01,0.725,0.275,0.068556,0.931444,68158.7
1775088526341,2026-04-02T00:08:46.341,btc-updown-15m-1775088000,1775088900,Up,97157393620546067921107477749024780393693953836060716340958637202932417991675,23717176631191013542990128995527648018230243504257685041560141692210649140817,0.73,0.74,161.5,1047.0,0.01,0.26,0.27,1047.0,161.5,0.01,0.735,0.265,0.866363,0.133637,68158.69
1775088527341,2026-04-02T00:08:47.341,btc-updown-15m-1775088000,1775088900,Up,97157393620546067921107477749024780393693953836060716340958637202932417991675,23717176631191013542990128995527648018230243504257685041560141692210649140817,0.71,0.74,657.35,36.1,0.03,0.26,0.29,36.1,657.35,0.03,0.725,0.275,0.052059,0.947941,68158.69
1775088528342,2026-04-02T00:08:48.342,btc-updown-15m-1775088000,1775088900,Up,97157393620546067921107477749024780393693953836060716340958637202932417991675,23717176631191013542990128995527648018230243504257685041560141692210649140817,0.7,0.71,165.0,21.86,0.01,0.29,0.3,21.86,165.0,0.01,0.705,0.295,0.116986,0.883014,68158.69
1775088529342,2026-04-02T00:08:49.342,btc-updown-15m-1775088000,1775088900,Up,97157393620546067921107477749024780393693953836060716340958637202932417991675,23717176631191013542990128995527648018230243504257685041560141692210649140817,0.7,0.71,165.0,21.86,0.01,0.29,0.3,21.86,165.0,0.01,0.705,0.295,0.116986,0.883014,68154.19
1775088530343,2026-04-02T00:08:50.343,btc-updown-15m-1775088000,1775088900,Up,97157393620546067921107477749024780393693953836060716340958637202932417991675,23717176631191013542990128995527648018230243504257685041560141692210649140817,0.7,0.71,107.62,66.0,0.01,0.29,0.3,66.0,107.62,0.01,0.705,0.295,0.380141,0.619859,68154.19
1775088531344,2026-04-02T00:08:51.344,btc-updown-15m-1775088000,1775088900,Up,97157393620546067921107477749024780393693953836060716340958637202932417991675,23717176631191013542990128995527648018230243504257685041560141692210649140817,0.69,0.7,41.0,27.0,0.01,0.29,0.3,66.0,107.62,0.01,0.695,0.295,0.397059,0.619859,68154.19
1775088532345,2026-04-02T00:08:52.345,btc-updown-15m-1775088000,1775088900,Up,97157393620546067921107477749024780393693953836060716340958637202932417991675,23717176631191013542990128995527648018230243504257685041560141692210649140817,0.71,0.72,97.23,143.0,0.01,0.28,0.29,143.0,97.23,0.01,0.715,0.285,0.595263,0.404737,68150.67
1775088533345,2026-04-02T00:08:53.345,btc-updown-15m-1775088000,1775088900,Up,97157393620546067921107477749024780393693953836060716340958637202932417991675,23717176631191013542990128995527648018230243504257685041560141692210649140817,0.7,0.71,1085.5,20.0,0.01,0.29,0.3,20.0,1085.5,0.01,0.705,0.295,0.018091,0.981909,68150.67
1775088534346,2026-04-02T00:08:54.346,btc-updown-15m-1775088000,1775088900,Up,97157393620546067921107477749024780393693953836060716340958637202932417991675,23717176631191013542990128995527648018230243504257685041560141692210649140817,0.7,0.72,7.0,1518.1,0.02,0.28,0.3,1518.1,7.0,0.02,0.71,0.29,0.99541,0.00459,68150.67
1775088535347,2026-04-02T00:08:55.347,btc-updown-15m-1775088000,1775088900,Up,97157393620546067921107477749024780393693953836060716340958637202932417991675,23717176631191013542990128995527648018230243504257685041560141692210649140817,0.71,0.72,12.0,527.33,0.01,0.28,0.29,527.33,12.0,0.01,0.715,0.285,0.97775,0.02225,68150.68
1775088536348,2026-04-02T00:08:56.348,btc-updown-15m-1775088000,1775088900,Up,97157393620546067921107477749024780393693953836060716340958637202932417991675,23717176631191013542990128995527648018230243504257685041560141692210649140817,0.72,0.73,33.7,14.0,0.01,0.27,0.28,14.0,33.7,0.01,0.725,0.275,0.293501,0.706499,68150.68
1775088537349,2026-04-02T00:08:57.349,btc-updown-15m-1775088000,1775088900,Up,97157393620546067921107477749024780393693953836060716340958637202932417991675,23717176631191013542990128995527648018230243504257685041560141692210649140817,0.72,0.73,33.7,14.0,0.01,0.27,0.28,14.0,33.7,0.01,0.725,0.275,0.293501,0.706499,68150.68
1775088538350,2026-04-02T00:08:58.350,btc-updown-15m-1775088000,1775088900,Up,97157393620546067921107477749024780393693953836060716340958637202932417991675,23717176631191013542990128995527648018230243504257685041560141692210649140817,0.72,0.73,11.7,1564.44,0.01,0.27,0.28,1564.44,11.7,0.01,0.725,0.275,0.992577,0.007423,68152.76
1775088539350,2026-04-02T00:08:59.350,btc-updown-15m-1775088000,1775088900,Up,97157393620546067921107477749024780393693953836060716340958637202932417991675,23717176631191013542990128995527648018230243504257685041560141692210649140817,0.74,0.77,38.0,182.29,0.03,0.23,0.26,182.29,38.0,0.03,0.755,0.245,0.8275,0.1725,68152.76
1775088540350,2026-04-02T00:09:00.350,btc-updown-15m-1775088000,1775088900,Up,97157393620546067921107477749024780393693953836060716340958637202932417991675,23717176631191013542990128995527648018230243504257685041560141692210649140817,0.76,0.77,32.0,433.0,0.01,0.23,0.24,433.0,94.09,0.01,0.765,0.235,0.931183,0.178508,68152.76
1775088541351,2026-04-02T00:09:01.351,btc-updown-15m-1775088000,1775088900,Up,97157393620546067921107477749024780393693953836060716340958637202932417991675,23717176631191013542990128995527648018230243504257685041560141692210649140817,0.73,0.74,10.0,42.0,0.01,0.25,0.26,61.75,1438.89,0.01,0.735,0.255,0.807692,0.958851,68155.88
1775088542351,2026-04-02T00:09:02.351,btc-updown-15m-1775088000,1775088900,Up,97157393620546067921107477749024780393693953836060716340958637202932417991675,23717176631191013542990128995527648018230243504257685041560141692210649140817,0.73,0.74,1332.57,17.0,0.01,0.26,0.27,17.0,1332.57,0.01,0.735,0.265,0.012597,0.987403,68155.88
1775088543352,2026-04-02T00:09:03.352,btc-updown-15m-1775088000,1775088900,Up,97157393620546067921107477749024780393693953836060716340958637202932417991675,23717176631191013542990128995527648018230243504257685041560141692210649140817,0.7,0.72,155.5,49.4,0.02,0.28,0.3,49.4,155.5,0.02,0.71,0.29,0.241093,0.758907,68155.88
1775088544353,2026-04-02T00:09:04.353,btc-updown-15m-1775088000,1775088900,Up,97157393620546067921107477749024780393693953836060716340958637202932417991675,23717176631191013542990128995527648018230243504257685041560141692210649140817,0.7,0.71,298.02,238.5,0.01,0.29,0.3,238.5,298.02,0.01,0.705,0.295,0.444531,0.555469,68155.88
1775088545353,2026-04-02T00:09:05.353,btc-updown-15m-1775088000,1775088900,Up,97157393620546067921107477749024780393693953836060716340958637202932417991675,23717176631191013542990128995527648018230243504257685041560141692210649140817,0.64,0.71,1717.89,110.77,0.07,0.29,0.36,110.77,1717.89,0.07,0.675,0.325,0.060574,0.939426,68155.88
1775088546354,2026-04-02T00:09:06.354,btc-updown-15m-1775088000,1775088900,Up,97157393620546067921107477749024780393693953836060716340958637202932417991675,23717176631191013542990128995527648018230243504257685041560141692210649140817,0.65,0.66,61.93,1215.81,0.01,0.34,0.35,1215.81,61.93,0.01,0.655,0.345,0.951532,0.048468,68155.88
1775088547355,2026-04-02T00:09:07.355,btc-updown-15m-1775088000,1775088900,Up,97157393620546067921107477749024780393693953836060716340958637202932417991675,23717176631191013542990128995527648018230243504257685041560141692210649140817,0.67,0.7,138.89,1370.91,0.03,0.3,0.33,1407.91,164.0,0.03,0.685,0.315,0.908008,0.104332,68148.44
1775088548355,2026-04-02T00:09:08.355,btc-updown-15m-1775088000,1775088900,Up,97157393620546067921107477749024780393693953836060716340958637202932417991675,23717176631191013542990128995527648018230243504257685041560141692210649140817,0.65,0.66,22.74,46.0,0.01,0.34,0.35,46.0,22.74,0.01,0.655,0.345,0.669188,0.330812,68148.44
1775088549355,2026-04-02T00:09:09.355,btc-updown-15m-1775088000,1775088900,Up,97157393620546067921107477749024780393693953836060716340958637202932417991675,23717176631191013542990128995527648018230243504257685041560141692210649140817,0.65,0.66,234.08,179.5,0.01,0.34,0.35,179.5,234.08,0.01,0.655,0.345,0.434015,0.565985,68148.44
1775088550356,2026-04-02T00:09:10.356,btc-updown-15m-1775088000,1775088900,Up,97157393620546067921107477749024780393693953836060716340958637202932417991675,23717176631191013542990128995527648018230243504257685041560141692210649140817,0.65,0.66,42.9,283.92,0.01,0.34,0.35,283.92,42.9,0.01,0.655,0.345,0.868735,0.131265,68144.89
1775088551357,2026-04-02T00:09:11.357,btc-updown-15m-1775088000,1775088900,Up,97157393620546067921107477749024780393693953836060716340958637202932417991675,23717176631191013542990128995527648018230243504257685041560141692210649140817,0.7,0.71,14.16,125.5,0.01,0.29,0.3,125.5,14.16,0.01,0.705,0.295,0.898611,0.101389,68144.89
1775088552358,2026-04-02T00:09:12.358,btc-updown-15m-1775088000,1775088900,Up,97157393620546067921107477749024780393693953836060716340958637202932417991675,23717176631191013542990128995527648018230243504257685041560141692210649140817,0.7,0.71,63.1,1095.0,0.01,0.29,0.3,1095.0,63.1,0.01,0.705,0.295,0.945514,0.054486,68144.89
1775088553358,2026-04-02T00:09:13.358,btc-updown-15m-1775088000,1775088900,Up,97157393620546067921107477749024780393693953836060716340958637202932417991675,23717176631191013542990128995527648018230243504257685041560141692210649140817,0.7,0.71,71.69,1115.0,0.01,0.29,0.3,1115.0,71.69,0.01,0.705,0.295,0.939588,0.060412,68148.45
1775088554358,2026-04-02T00:09:14.358,btc-updown-15m-1775088000,1775088900,Up,97157393620546067921107477749024780393693953836060716340958637202932417991675,23717176631191013542990128995527648018230243504257685041560141692210649140817,0.7,0.71,23.64,322.0,0.01,0.29,0.3,322.0,23.64,0.01,0.705,0.295,0.931605,0.068395,68148.45
1775088555359,2026-04-02T00:09:15.359,btc-updown-15m-1775088000,1775088900,Up,97157393620546067921107477749024780393693953836060716340958637202932417991675,23717176631191013542990128995527648018230243504257685041560141692210649140817,0.7,0.71,23.64,358.61,0.01,0.29,0.3,358.61,23.64,0.01,0.705,0.295,0.938156,0.061844,68148.45
1775088556360,2026-04-02T00:09:16.360,btc-updown-15m-1775088000,1775088900,Up,97157393620546067921107477749024780393693953836060716340958637202932417991675,23717176631191013542990128995527648018230243504257685041560141692210649140817,0.7,0.71,63.64,392.27,0.01,0.29,0.3,392.27,63.64,0.01,0.705,0.295,0.860411,0.139589,68151.78
1775088557360,2026-04-02T00:09:17.360,btc-updown-15m-1775088000,1775088900,Up,97157393620546067921107477749024780393693953836060716340958637202932417991675,23717176631191013542990128995527648018230243504257685041560141692210649140817,0.71,0.72,25.36,411.72,0.01,0.28,0.29,411.72,25.36,0.01,0.715,0.285,0.941979,0.058021,68151.78
1775088558362,2026-04-02T00:09:18.362,btc-updown-15m-1775088000,1775088900,Up,97157393620546067921107477749024780393693953836060716340958637202932417991675,23717176631191013542990128995527648018230243504257685041560141692210649140817,0.71,0.73,28.7,1344.72,0.02,0.27,0.29,1344.72,28.7,0.02,0.72,0.28,0.979103,0.020897,68151.78
1775088559362,2026-04-02T00:09:19.362,btc-updown-15m-1775088000,1775088900,Up,97157393620546067921107477749024780393693953836060716340958637202932417991675,23717176631191013542990128995527648018230243504257685041560141692210649140817,0.76,0.77,242.84,186.0,0.01,0.23,0.25,497.4,237.84,0.02,0.765,0.24,0.433728,0.323486,68159.15
1775088560363,2026-04-02T00:09:20.363,btc-updown-15m-1775088000,1775088900,Up,97157393620546067921107477749024780393693953836060716340958637202932417991675,23717176631191013542990128995527648018230243504257685041560141692210649140817,0.76,0.77,242.84,186.0,0.01,0.23,0.24,186.0,242.84,0.01,0.765,0.235,0.433728,0.566272,68159.15
1775088561364,2026-04-02T00:09:21.364,btc-updown-15m-1775088000,1775088900,Up,97157393620546067921107477749024780393693953836060716340958637202932417991675,23717176631191013542990128995527648018230243504257685041560141692210649140817,0.76,0.77,190.68,1136.12,0.01,0.23,0.24,1136.12,190.68,0.01,0.765,0.235,0.856286,0.143714,68159.15
1775088562365,2026-04-02T00:09:22.365,btc-updown-15m-1775088000,1775088900,Up,97157393620546067921107477749024780393693953836060716340958637202932417991675,23717176631191013542990128995527648018230243504257685041560141692210649140817,0.76,0.77,163.18,1206.12,0.01,0.23,0.24,1206.12,163.18,0.01,0.765,0.235,0.88083,0.11917,68160.47
1775088563366,2026-04-02T00:09:23.366,btc-updown-15m-1775088000,1775088900,Up,97157393620546067921107477749024780393693953836060716340958637202932417991675,23717176631191013542990128995527648018230243504257685041560141692210649140817,0.77,0.78,270.5,186.0,0.01,0.22,0.23,186.0,270.5,0.01,0.775,0.225,0.407448,0.592552,68160.47
1775088564366,2026-04-02T00:09:24.366,btc-updown-15m-1775088000,1775088900,Up,97157393620546067921107477749024780393693953836060716340958637202932417991675,23717176631191013542990128995527648018230243504257685041560141692210649140817,0.79,0.8,105.75,1177.32,0.01,0.2,0.21,1177.32,105.75,0.01,0.795,0.205,0.91758,0.08242,68160.47
1775088565367,2026-04-02T00:09:25.367,btc-updown-15m-1775088000,1775088900,Up,97157393620546067921107477749024780393693953836060716340958637202932417991675,23717176631191013542990128995527648018230243504257685041560141692210649140817,0.81,0.82,187.08,1264.31,0.01,0.18,0.2,1414.02,147.57,0.02,0.815,0.19,0.871103,0.0945,68168.91
1775088566369,2026-04-02T00:09:26.369,btc-updown-15m-1775088000,1775088900,Up,97157393620546067921107477749024780393693953836060716340958637202932417991675,23717176631191013542990128995527648018230243504257685041560141692210649140817,0.81,0.82,174.25,1204.81,0.01,0.18,0.19,1204.81,174.25,0.01,0.815,0.185,0.873646,0.126354,68168.91
1775088567369,2026-04-02T00:09:27.369,btc-updown-15m-1775088000,1775088900,Up,97157393620546067921107477749024780393693953836060716340958637202932417991675,23717176631191013542990128995527648018230243504257685041560141692210649140817,0.81,0.82,174.25,1204.81,0.01,0.18,0.19,1204.81,174.25,0.01,0.815,0.185,0.873646,0.126354,68168.91
1775088568370,2026-04-02T00:09:28.370,btc-updown-15m-1775088000,1775088900,Up,97157393620546067921107477749024780393693953836060716340958637202932417991675,23717176631191013542990128995527648018230243504257685041560141692210649140817,0.81,0.82,57.75,1208.31,0.01,0.18,0.19,1208.31,57.75,0.01,0.815,0.185,0.954386,0.045614,68172.87
1775088569371,2026-04-02T00:09:29.371,btc-updown-15m-1775088000,1775088900,Up,97157393620546067921107477749024780393693953836060716340958637202932417991675,23717176631191013542990128995527648018230243504257685041560141692210649140817,0.81,0.82,57.75,1208.31,0.01,0.18,0.19,1208.31,57.75,0.01,0.815,0.185,0.954386,0.045614,68172.87
1775088570371,2026-04-02T00:09:30.371,btc-updown-15m-1775088000,1775088900,Up,97157393620546067921107477749024780393693953836060716340958637202932417991675,23717176631191013542990128995527648018230243504257685041560141692210649140817,0.8,0.81,288.02,30.0,0.01,0.19,0.2,30.0,288.02,0.01,0.805,0.195,0.094334,0.905666,68172.87
1775088571373,2026-04-02T00:09:31.373,btc-updown-15m-1775088000,1775088900,Up,97157393620546067921107477749024780393693953836060716340958637202932417991675,23717176631191013542990128995527648018230243504257685041560141692210649140817,0.77,0.78,380.34,50.0,0.01,0.22,0.23,15.0,238.5,0.01,0.775,0.225,0.116187,0.940828,68164.81
1775088572374,2026-04-02T00:09:32.374,btc-updown-15m-1775088000,1775088900,Up,97157393620546067921107477749024780393693953836060716340958637202932417991675,23717176631191013542990128995527648018230243504257685041560141692210649140817,0.78,0.79,95.0,1199.38,0.01,0.21,0.22,1199.38,95.0,0.01,0.785,0.215,0.926606,0.073394,68164.81
1775088573374,2026-04-02T00:09:33.374,btc-updown-15m-1775088000,1775088900,Up,97157393620546067921107477749024780393693953836060716340958637202932417991675,23717176631191013542990128995527648018230243504257685041560141692210649140817,0.78,0.8,306.0,1383.24,0.02,0.2,0.22,1383.24,306.0,0.02,0.79,0.21,0.818853,0.181147,68164.81
1775088574374,2026-04-02T00:09:34.374,btc-updown-15m-1775088000,1775088900,Up,97157393620546067921107477749024780393693953836060716340958637202932417991675,23717176631191013542990128995527648018230243504257685041560141692210649140817,0.79,0.8,338.05,1268.71,0.01,0.2,0.21,1268.71,338.05,0.01,0.795,0.205,0.789608,0.210392,68164.82
1775088575374,2026-04-02T00:09:35.374,btc-updown-15m-1775088000,1775088900,Up,97157393620546067921107477749024780393693953836060716340958637202932417991675,23717176631191013542990128995527648018230243504257685041560141692210649140817,0.79,0.8,338.05,1268.71,0.01,0.2,0.21,1268.71,338.05,0.01,0.795,0.205,0.789608,0.210392,68164.82
1775088576376,2026-04-02T00:09:36.376,btc-updown-15m-1775088000,1775088900,Up,97157393620546067921107477749024780393693953836060716340958637202932417991675,23717176631191013542990128995527648018230243504257685041560141692210649140817,0.77,0.78,445.5,49.0,0.01,0.22,0.23,49.0,445.5,0.01,0.775,0.225,0.09909,0.90091,68164.82
1775088577377,2026-04-02T00:09:37.377,btc-updown-15m-1775088000,1775088900,Up,97157393620546067921107477749024780393693953836060716340958637202932417991675,23717176631191013542990128995527648018230243504257685041560141692210649140817,0.77,0.78,536.1,101.0,0.01,0.22,0.23,101.0,536.1,0.01,0.775,0.225,0.158531,0.841469,68164.82
1775088578377,2026-04-02T00:09:38.377,btc-updown-15m-1775088000,1775088900,Up,97157393620546067921107477749024780393693953836060716340958637202932417991675,23717176631191013542990128995527648018230243504257685041560141692210649140817,0.77,0.78,536.1,101.0,0.01,0.22,0.23,101.0,536.1,0.01,0.775,0.225,0.158531,0.841469,68164.82
1775088579378,2026-04-02T00:09:39.378,btc-updown-15m-1775088000,1775088900,Up,97157393620546067921107477749024780393693953836060716340958637202932417991675,23717176631191013542990128995527648018230243504257685041560141692210649140817,0.77,0.78,536.1,101.0,0.01,0.22,0.23,101.0,536.1,0.01,0.775,0.225,0.158531,0.841469,68164.82
1775088580379,2026-04-02T00:09:40.379,btc-updown-15m-1775088000,1775088900,Up,97157393620546067921107477749024780393693953836060716340958637202932417991675,23717176631191013542990128995527648018230243504257685041560141692210649140817,0.77,0.78,593.6,35.0,0.01,0.22,0.23,35.0,593.6,0.01,0.775,0.225,0.055679,0.944321,68164.81
1775088581380,2026-04-02T00:09:41.380,btc-updown-15m-1775088000,1775088900,Up,97157393620546067921107477749024780393693953836060716340958637202932417991675,23717176631191013542990128995527648018230243504257685041560141692210649140817,0.77,0.79,182.9,1398.5,0.02,0.21,0.23,1398.5,182.9,0.02,0.78,0.22,0.884343,0.115657,68164.81
1775088582380,2026-04-02T00:09:42.380,btc-updown-15m-1775088000,1775088900,Up,97157393620546067921107477749024780393693953836060716340958637202932417991675,23717176631191013542990128995527648018230243504257685041560141692210649140817,0.77,0.79,182.9,1398.5,0.02,0.21,0.23,1398.5,182.9,0.02,0.78,0.22,0.884343,0.115657,68164.81
1775088583381,2026-04-02T00:09:43.381,btc-updown-15m-1775088000,1775088900,Up,97157393620546067921107477749024780393693953836060716340958637202932417991675,23717176631191013542990128995527648018230243504257685041560141692210649140817,0.78,0.79,213.31,1157.17,0.01,0.21,0.22,1157.17,213.31,0.01,0.785,0.215,0.844354,0.155646,68164.81
1775088584383,2026-04-02T00:09:44.383,btc-updown-15m-1775088000,1775088900,Up,97157393620546067921107477749024780393693953836060716340958637202932417991675,23717176631191013542990128995527648018230243504257685041560141692210649140817,0.77,0.78,35.0,50.0,0.01,0.22,0.23,50.0,35.0,0.01,0.775,0.225,0.588235,0.411765,68164.81
1775088585383,2026-04-02T00:09:45.383,btc-updown-15m-1775088000,1775088900,Up,97157393620546067921107477749024780393693953836060716340958637202932417991675,23717176631191013542990128995527648018230243504257685041560141692210649140817,0.77,0.78,35.0,50.0,0.01,0.22,0.23,50.0,35.0,0.01,0.775,0.225,0.588235,0.411765,68164.81
1775088586383,2026-04-02T00:09:46.383,btc-updown-15m-1775088000,1775088900,Up,97157393620546067921107477749024780393693953836060716340958637202932417991675,23717176631191013542990128995527648018230243504257685041560141692210649140817,0.77,0.78,35.0,50.0,0.01,0.22,0.23,50.0,35.0,0.01,0.775,0.225,0.588235,0.411765,68164.82
1775088587384,2026-04-02T00:09:47.384,btc-updown-15m-1775088000,1775088900,Up,97157393620546067921107477749024780393693953836060716340958637202932417991675,23717176631191013542990128995527648018230243504257685041560141692210649140817,0.69,0.7,29.71,650.03,0.01,0.29,0.31,633.29,176.0,0.02,0.695,0.3,0.956292,0.217475,68164.82
1775088588385,2026-04-02T00:09:48.385,btc-updown-15m-1775088000,1775088900,Up,97157393620546067921107477749024780393693953836060716340958637202932417991675,23717176631191013542990128995527648018230243504257685041560141692210649140817,0.63,0.64,340.11,81.02,0.01,0.36,0.37,81.02,340.11,0.01,0.635,0.365,0.192387,0.807613,68164.82
1775088589385,2026-04-02T00:09:49.385,btc-updown-15m-1775088000,1775088900,Up,97157393620546067921107477749024780393693953836060716340958637202932417991675,23717176631191013542990128995527648018230243504257685041560141692210649140817,0.62,0.64,1247.46,175.0,0.02,0.36,0.38,175.0,1247.46,0.02,0.63,0.37,0.123026,0.876974,68140.06
1775088590386,2026-04-02T00:09:50.386,btc-updown-15m-1775088000,1775088900,Up,97157393620546067921107477749024780393693953836060716340958637202932417991675,23717176631191013542990128995527648018230243504257685041560141692210649140817,0.62,0.63,1258.0,225.5,0.01,0.37,0.38,225.5,1258.0,0.01,0.625,0.375,0.152005,0.847995,68140.06
1775088591387,2026-04-02T00:09:51.387,btc-updown-15m-1775088000,1775088900,Up,97157393620546067921107477749024780393693953836060716340958637202932417991675,23717176631191013542990128995527648018230243504257685041560141692210649140817,0.62,0.63,1258.0,225.5,0.01,0.37,0.38,225.5,1258.0,0.01,0.625,0.375,0.152005,0.847995,68140.06
1775088592387,2026-04-02T00:09:52.387,btc-updown-15m-1775088000,1775088900,Up,97157393620546067921107477749024780393693953836060716340958637202932417991675,23717176631191013542990128995527648018230243504257685041560141692210649140817,0.62,0.63,1050.84,185.57,0.01,0.37,0.38,185.57,1050.84,0.01,0.625,0.375,0.150088,0.849912,68140.07
1775088593388,2026-04-02T00:09:53.388,btc-updown-15m-1775088000,1775088900,Up,97157393620546067921107477749024780393693953836060716340958637202932417991675,23717176631191013542990128995527648018230243504257685041560141692210649140817,0.62,0.63,937.92,241.57,0.01,0.37,0.38,241.57,937.92,0.01,0.625,0.375,0.204809,0.795191,68140.07
1775088594389,2026-04-02T00:09:54.389,btc-updown-15m-1775088000,1775088900,Up,97157393620546067921107477749024780393693953836060716340958637202932417991675,23717176631191013542990128995527648018230243504257685041560141692210649140817,0.64,0.65,932.1,205.5,0.01,0.35,0.36,205.5,932.1,0.01,0.645,0.355,0.180643,0.819357,68140.07
1775088595389,2026-04-02T00:09:55.389,btc-updown-15m-1775088000,1775088900,Up,97157393620546067921107477749024780393693953836060716340958637202932417991675,23717176631191013542990128995527648018230243504257685041560141692210649140817,0.64,0.65,932.1,205.5,0.01,0.35,0.36,205.5,932.1,0.01,0.645,0.355,0.180643,0.819357,68140.07
1775088596390,2026-04-02T00:09:56.390,btc-updown-15m-1775088000,1775088900,Up,97157393620546067921107477749024780393693953836060716340958637202932417991675,23717176631191013542990128995527648018230243504257685041560141692210649140817,0.65,0.66,170.0,132.5,0.01,0.34,0.35,132.5,170.0,0.01,0.655,0.345,0.438017,0.561983,68140.07
1775088597390,2026-04-02T00:09:57.390,btc-updown-15m-1775088000,1775088900,Up,97157393620546067921107477749024780393693953836060716340958637202932417991675,23717176631191013542990128995527648018230243504257685041560141692210649140817,0.65,0.67,28.0,360.39,0.02,0.33,0.35,360.39,28.0,0.02,0.66,0.34,0.927908,0.072092,68140.07
1775088598391,2026-04-02T00:09:58.391,btc-updown-15m-1775088000,1775088900,Up,97157393620546067921107477749024780393693953836060716340958637202932417991675,23717176631191013542990128995527648018230243504257685041560141692210649140817,0.73,0.74,41.95,88.34,0.01,0.26,0.27,88.34,41.95,0.01,0.735,0.265,0.678026,0.321974,68151.24
1775088599391,2026-04-02T00:09:59.391,btc-updown-15m-1775088000,1775088900,Up,97157393620546067921107477749024780393693953836060716340958637202932417991675,23717176631191013542990128995527648018230243504257685041560141692210649140817,0.73,0.74,41.95,88.34,0.01,0.26,0.27,88.34,41.95,0.01,0.735,0.265,0.678026,0.321974,68151.24
1775088600392,2026-04-02T00:10:00.392,btc-updown-15m-1775088000,1775088900,Up,97157393620546067921107477749024780393693953836060716340958637202932417991675,23717176631191013542990128995527648018230243504257685041560141692210649140817,0.73,0.74,41.95,88.34,0.01,0.26,0.27,88.34,41.95,0.01,0.735,0.265,0.678026,0.321974,68151.24
1775088601393,2026-04-02T00:10:01.393,btc-updown-15m-1775088000,1775088900,Up,97157393620546067921107477749024780393693953836060716340958637202932417991675,23717176631191013542990128995527648018230243504257685041560141692210649140817,0.74,0.75,217.66,255.5,0.01,0.25,0.26,255.5,217.66,0.01,0.745,0.255,0.539986,0.460014,68151.24
1775088602393,2026-04-02T00:10:02.393,btc-updown-15m-1775088000,1775088900,Up,97157393620546067921107477749024780393693953836060716340958637202932417991675,23717176631191013542990128995527648018230243504257685041560141692210649140817,0.74,0.75,222.66,213.96,0.01,0.25,0.26,213.96,222.66,0.01,0.745,0.255,0.490037,0.509963,68151.24
1775088603394,2026-04-02T00:10:03.394,btc-updown-15m-1775088000,1775088900,Up,97157393620546067921107477749024780393693953836060716340958637202932417991675,23717176631191013542990128995527648018230243504257685041560141692210649140817,0.79,0.8,56.0,8.73,0.01,0.22,0.23,307.93,1.98,0.01,0.795,0.225,0.134868,0.006389,68151.24
1775088604395,2026-04-02T00:10:04.395,btc-updown-15m-1775088000,1775088900,Up,97157393620546067921107477749024780393693953836060716340958637202932417991675,23717176631191013542990128995527648018230243504257685041560141692210649140817,0.79,0.8,141.8,164.5,0.01,0.2,0.21,164.5,141.8,0.01,0.795,0.205,0.537055,0.462945,68162.14
1775088605396,2026-04-02T00:10:05.396,btc-updown-15m-1775088000,1775088900,Up,97157393620546067921107477749024780393693953836060716340958637202932417991675,23717176631191013542990128995527648018230243504257685041560141692210649140817,0.79,0.8,141.8,164.5,0.01,0.2,0.21,164.5,141.8,0.01,0.795,0.205,0.537055,0.462945,68162.14
1775088606397,2026-04-02T00:10:06.397,btc-updown-15m-1775088000,1775088900,Up,97157393620546067921107477749024780393693953836060716340958637202932417991675,23717176631191013542990128995527648018230243504257685041560141692210649140817,0.79,0.8,173.56,229.42,0.01,0.2,0.21,229.42,173.56,0.01,0.795,0.205,0.569309,0.430691,68162.14
1775088607397,2026-04-02T00:10:07.397,btc-updown-15m-1775088000,1775088900,Up,97157393620546067921107477749024780393693953836060716340958637202932417991675,23717176631191013542990128995527648018230243504257685041560141692210649140817,0.87,0.88,230.77,210.5,0.01,0.12,0.13,219.5,203.77,0.01,0.875,0.125,0.477032,0.481418,68184.54
1775088608399,2026-04-02T00:10:08.399,btc-updown-15m-1775088000,1775088900,Up,97157393620546067921107477749024780393693953836060716340958637202932417991675,23717176631191013542990128995527648018230243504257685041560141692210649140817,0.87,0.88,330.23,90.0,0.01,0.12,0.13,90.0,330.23,0.01,0.875,0.125,0.214168,0.785832,68184.54
1775088609400,2026-04-02T00:10:09.400,btc-updown-15m-1775088000,1775088900,Up,97157393620546067921107477749024780393693953836060716340958637202932417991675,23717176631191013542990128995527648018230243504257685041560141692210649140817,0.87,0.88,268.84,66.5,0.01,0.12,0.13,66.5,268.84,0.01,0.875,0.125,0.198306,0.801694,68184.54
1775088610400,2026-04-02T00:10:10.400,btc-updown-15m-1775088000,1775088900,Up,97157393620546067921107477749024780393693953836060716340958637202932417991675,23717176631191013542990128995527648018230243504257685041560141692210649140817,0.87,0.88,432.84,73.5,0.01,0.12,0.13,23.96,265.84,0.01,0.875,0.125,0.145159,0.917322,68187.34
1775088611400,2026-04-02T00:10:11.400,btc-updown-15m-1775088000,1775088900,Up,97157393620546067921107477749024780393693953836060716340958637202932417991675,23717176631191013542990128995527648018230243504257685041560141692210649140817,0.84,0.85,156.6,19.85,0.01,0.15,0.16,19.85,156.6,0.01,0.845,0.155,0.112496,0.887504,68187.34
1775088612401,2026-04-02T00:10:12.401,btc-updown-15m-1775088000,1775088900,Up,97157393620546067921107477749024780393693953836060716340958637202932417991675,23717176631191013542990128995527648018230243504257685041560141692210649140817,0.81,0.82,1368.11,1073.83,0.01,0.18,0.19,1109.94,1231.0,0.01,0.815,0.185,0.439745,0.525857,68187.34
1775088613402,2026-04-02T00:10:13.402,btc-updown-15m-1775088000,1775088900,Up,97157393620546067921107477749024780393693953836060716340958637202932417991675,23717176631191013542990128995527648018230243504257685041560141692210649140817,0.78,0.79,275.31,150.23,0.01,0.21,0.22,150.23,275.31,0.01,0.785,0.215,0.353034,0.646966,68166.14
1775088614402,2026-04-02T00:10:14.402,btc-updown-15m-1775088000,1775088900,Up,97157393620546067921107477749024780393693953836060716340958637202932417991675,23717176631191013542990128995527648018230243504257685041560141692210649140817,0.77,0.79,1336.78,34.5,0.02,0.21,0.23,34.5,1336.78,0.02,0.78,0.22,0.025159,0.974841,68166.14
1775088615403,2026-04-02T00:10:15.403,btc-updown-15m-1775088000,1775088900,Up,97157393620546067921107477749024780393693953836060716340958637202932417991675,23717176631191013542990128995527648018230243504257685041560141692210649140817,0.77,0.78,335.42,171.5,0.01,0.22,0.23,171.5,335.42,0.01,0.775,0.225,0.338318,0.661682,68166.14
1775088616403,2026-04-02T00:10:16.403,btc-updown-15m-1775088000,1775088900,Up,97157393620546067921107477749024780393693953836060716340958637202932417991675,23717176631191013542990128995527648018230243504257685041560141692210649140817,0.77,0.78,329.12,155.5,0.01,0.22,0.23,155.5,329.12,0.01,0.775,0.225,0.32087,0.67913,68166.15
1775088617404,2026-04-02T00:10:17.404,btc-updown-15m-1775088000,1775088900,Up,97157393620546067921107477749024780393693953836060716340958637202932417991675,23717176631191013542990128995527648018230243504257685041560141692210649140817,0.77,0.78,46.71,216.5,0.01,0.22,0.23,216.5,46.71,0.01,0.775,0.225,0.822537,0.177463,68166.15
1775088618405,2026-04-02T00:10:18.405,btc-updown-15m-1775088000,1775088900,Up,97157393620546067921107477749024780393693953836060716340958637202932417991675,23717176631191013542990128995527648018230243504257685041560141692210649140817,0.77,0.78,46.71,216.5,0.01,0.22,0.23,216.5,46.71,0.01,0.775,0.225,0.822537,0.177463,68166.15
1775088619406,2026-04-02T00:10:19.406,btc-updown-15m-1775088000,1775088900,Up,97157393620546067921107477749024780393693953836060716340958637202932417991675,23717176631191013542990128995527648018230243504257685041560141692210649140817,0.78,0.79,418.81,27.46,0.01,0.21,0.22,27.46,418.81,0.01,0.785,0.215,0.061532,0.938468,68166.14
1775088620407,2026-04-02T00:10:20.407,btc-updown-15m-1775088000,1775088900,Up,97157393620546067921107477749024780393693953836060716340958637202932417991675,23717176631191013542990128995527648018230243504257685041560141692210649140817,0.78,0.79,418.81,27.46,0.01,0.21,0.22,27.46,418.81,0.01,0.785,0.215,0.061532,0.938468,68166.14
1775088621408,2026-04-02T00:10:21.408,btc-updown-15m-1775088000,1775088900,Up,97157393620546067921107477749024780393693953836060716340958637202932417991675,23717176631191013542990128995527648018230243504257685041560141692210649140817,0.78,0.79,418.81,27.46,0.01,0.21,0.22,27.46,418.81,0.01,0.785,0.215,0.061532,0.938468,68166.14
1775088622409,2026-04-02T00:10:22.409,btc-updown-15m-1775088000,1775088900,Up,97157393620546067921107477749024780393693953836060716340958637202932417991675,23717176631191013542990128995527648018230243504257685041560141692210649140817,0.78,0.8,20.0,1310.03,0.02,0.2,0.22,1310.03,20.0,0.02,0.79,0.21,0.984963,0.015037,68166.14
1775088623409,2026-04-02T00:10:23.409,btc-updown-15m-1775088000,1775088900,Up,97157393620546067921107477749024780393693953836060716340958637202932417991675,23717176631191013542990128995527648018230243504257685041560141692210649140817,0.79,0.83,120.0,1381.08,0.04,0.17,0.21,1381.08,120.0,0.04,0.81,0.19,0.920058,0.079942,68166.14
1775088624410,2026-04-02T00:10:24.410,btc-updown-15m-1775088000,1775088900,Up,97157393620546067921107477749024780393693953836060716340958637202932417991675,23717176631191013542990128995527648018230243504257685041560141692210649140817,0.83,0.85,260.5,242.5,0.02,0.15,0.17,242.5,260.5,0.02,0.84,0.16,0.482107,0.517893,68166.14
1775088625410,2026-04-02T00:10:25.410,btc-updown-15m-1775088000,1775088900,Up,97157393620546067921107477749024780393693953836060716340958637202932417991675,23717176631191013542990128995527648018230243504257685041560141692210649140817,0.84,0.85,278.18,1082.0,0.01,0.15,0.16,1082.0,278.18,0.01,0.845,0.155,0.795483,0.204517,68172.35
1775088626411,2026-04-02T00:10:26.411,btc-updown-15m-1775088000,1775088900,Up,97157393620546067921107477749024780393693953836060716340958637202932417991675,23717176631191013542990128995527648018230243504257685041560141692210649140817,0.84,0.85,209.68,1102.31,0.01,0.15,0.16,1102.31,209.68,0.01,0.845,0.155,0.840182,0.159818,68172.35
1775088627412,2026-04-02T00:10:27.412,btc-updown-15m-1775088000,1775088900,Up,97157393620546067921107477749024780393693953836060716340958637202932417991675,23717176631191013542990128995527648018230243504257685041560141692210649140817,0.82,0.83,1144.93,4.0,0.01,0.17,0.18,4.0,1144.93,0.01,0.825,0.175,0.003482,0.996518,68172.35
1775088628412,2026-04-02T00:10:28.412,btc-updown-15m-1775088000,1775088900,Up,97157393620546067921107477749024780393693953836060716340958637202932417991675,23717176631191013542990128995527648018230243504257685041560141692210649140817,0.82,0.84,128.0,1170.11,0.02,0.17,0.18,170.11,107.94,0.01,0.83,0.175,0.901395,0.388204,68172.35
1775088629412,2026-04-02T00:10:29.412,btc-updown-15m-1775088000,1775088900,Up,97157393620546067921107477749024780393693953836060716340958637202932417991675,23717176631191013542990128995527648018230243504257685041560141692210649140817,0.83,0.85,237.68,311.0,0.02,0.15,0.17,311.0,237.68,0.02,0.84,0.16,0.566815,0.433185,68172.35
1775088630413,2026-04-02T00:10:30.413,btc-updown-15m-1775088000,1775088900,Up,97157393620546067921107477749024780393693953836060716340958637202932417991675,23717176631191013542990128995527648018230243504257685041560141692210649140817,0.87,0.88,27.1,82.18,0.01,0.12,0.14,41.02,132.1,0.02,0.875,0.13,0.752013,0.763055,68172.35
1775088631413,2026-04-02T00:10:31.413,btc-updown-15m-1775088000,1775088900,Up,97157393620546067921107477749024780393693953836060716340958637202932417991675,23717176631191013542990128995527648018230243504257685041560141692210649140817,0.89,0.9,37.17,1135.18,0.01,0.1,0.11,1135.18,37.17,0.01,0.895,0.105,0.968294,0.031706,68184.08
1775088632413,2026-04-02T00:10:32.413,btc-updown-15m-1775088000,1775088900,Up,97157393620546067921107477749024780393693953836060716340958637202932417991675,23717176631191013542990128995527648018230243504257685041560141692210649140817,0.89,0.9,29.52,1201.0,0.01,0.1,0.11,1201.0,29.52,0.01,0.895,0.105,0.97601,0.02399,68184.08
1775088633414,2026-04-02T00:10:33.414,btc-updown-15m-1775088000,1775088900,Up,97157393620546067921107477749024780393693953836060716340958637202932417991675,23717176631191013542990128995527648018230243504257685041560141692210649140817,0.89,0.9,31.94,1180.18,0.01,0.1,0.11,1180.18,31.94,0.01,0.895,0.105,0.973649,0.026351,68184.08
1775088634414,2026-04-02T00:10:34.414,btc-updown-15m-1775088000,1775088900,Up,97157393620546067921107477749024780393693953836060716340958637202932417991675,23717176631191013542990128995527648018230243504257685041560141692210649140817,0.9,0.91,266.27,56.83,0.01,0.09,0.1,56.83,266.27,0.01,0.905,0.095,0.17589,0.82411,68190.0
1775088635415,2026-04-02T00:10:35.415,btc-updown-15m-1775088000,1775088900,Up,97157393620546067921107477749024780393693953836060716340958637202932417991675,23717176631191013542990128995527648018230243504257685041560141692210649140817,0.86,0.89,105.0,26.9,0.03,0.11,0.14,26.9,105.0,0.03,0.875,0.125,0.203942,0.796058,68190.0
1775088636415,2026-04-02T00:10:36.415,btc-updown-15m-1775088000,1775088900,Up,97157393620546067921107477749024780393693953836060716340958637202932417991675,23717176631191013542990128995527648018230243504257685041560141692210649140817,0.88,0.9,52.0,978.1,0.02,0.1,0.12,1202.58,52.0,0.02,0.89,0.11,0.949519,0.041448,68190.0
1775088637415,2026-04-02T00:10:37.415,btc-updown-15m-1775088000,1775088900,Up,97157393620546067921107477749024780393693953836060716340958637202932417991675,23717176631191013542990128995527648018230243504257685041560141692210649140817,0.89,0.9,25.0,1356.78,0.01,0.1,0.11,1356.78,25.0,0.01,0.895,0.105,0.981907,0.018093,68189.99
1775088638416,2026-04-02T00:10:38.416,btc-updown-15m-1775088000,1775088900,Up,97157393620546067921107477749024780393693953836060716340958637202932417991675,23717176631191013542990128995527648018230243504257685041560141692210649140817,0.9,0.91,136.22,115.0,0.01,0.09,0.1,115.0,136.22,0.01,0.905,0.095,0.457766,0.542234,68189.99
1775088639418,2026-04-02T00:10:39.418,btc-updown-15m-1775088000,1775088900,Up,97157393620546067921107477749024780393693953836060716340958637202932417991675,23717176631191013542990128995527648018230243504257685041560141692210649140817,0.92,0.93,126.6,112.5,0.01,0.07,0.08,112.5,126.6,0.01,0.925,0.075,0.470514,0.529486,68189.99
1775088640418,2026-04-02T00:10:40.418,btc-updown-15m-1775088000,1775088900,Up,97157393620546067921107477749024780393693953836060716340958637202932417991675,23717176631191013542990128995527648018230243504257685041560141692210649140817,0.93,0.94,177.49,75.4,0.01,0.06,0.07,75.4,177.49,0.01,0.935,0.065,0.298153,0.701847,68203.99
1775088641419,2026-04-02T00:10:41.419,btc-updown-15m-1775088000,1775088900,Up,97157393620546067921107477749024780393693953836060716340958637202932417991675,23717176631191013542990128995527648018230243504257685041560141692210649140817,0.93,0.94,246.1,271.88,0.01,0.06,0.07,230.88,220.27,0.01,0.935,0.065,0.524885,0.488241,68203.99
1775088642420,2026-04-02T00:10:42.420,btc-updown-15m-1775088000,1775088900,Up,97157393620546067921107477749024780393693953836060716340958637202932417991675,23717176631191013542990128995527648018230243504257685041560141692210649140817,0.91,0.93,250.71,274.95,0.02,0.07,0.08,42.5,108.71,0.01,0.92,0.075,0.523057,0.718934,68203.99
1775088643421,2026-04-02T00:10:43.421,btc-updown-15m-1775088000,1775088900,Up,97157393620546067921107477749024780393693953836060716340958637202932417991675,23717176631191013542990128995527648018230243504257685041560141692210649140817,0.91,0.93,180.42,1204.67,0.02,0.07,0.09,1204.67,180.42,0.02,0.92,0.08,0.869741,0.130259,68198.53
1775088644422,2026-04-02T00:10:44.422,btc-updown-15m-1775088000,1775088900,Up,97157393620546067921107477749024780393693953836060716340958637202932417991675,23717176631191013542990128995527648018230243504257685041560141692210649140817,0.91,0.93,592.71,240.95,0.02,0.07,0.09,240.95,592.71,0.02,0.92,0.08,0.289027,0.710973,68198.53
1775088645422,2026-04-02T00:10:45.422,btc-updown-15m-1775088000,1775088900,Up,97157393620546067921107477749024780393693953836060716340958637202932417991675,23717176631191013542990128995527648018230243504257685041560141692210649140817,0.91,0.92,319.62,137.95,0.01,0.08,0.09,137.95,319.62,0.01,0.915,0.085,0.301484,0.698516,68198.53
1775088646422,2026-04-02T00:10:46.422,btc-updown-15m-1775088000,1775088900,Up,97157393620546067921107477749024780393693953836060716340958637202932417991675,23717176631191013542990128995527648018230243504257685041560141692210649140817,0.89,0.91,379.57,925.5,0.02,0.09,0.11,925.5,379.57,0.02,0.9,0.1,0.709157,0.290843,68191.05
1775088647422,2026-04-02T00:10:47.422,btc-updown-15m-1775088000,1775088900,Up,97157393620546067921107477749024780393693953836060716340958637202932417991675,23717176631191013542990128995527648018230243504257685041560141692210649140817,0.9,0.92,20.0,1145.1,0.02,0.08,0.1,1145.1,20.0,0.02,0.91,0.09,0.982834,0.017166,68191.05
1775088648423,2026-04-02T00:10:48.423,btc-updown-15m-1775088000,1775088900,Up,97157393620546067921107477749024780393693953836060716340958637202932417991675,23717176631191013542990128995527648018230243504257685041560141692210649140817,0.91,0.92,62.0,46.36,0.01,0.08,0.09,46.36,62.0,0.01,0.915,0.085,0.427833,0.572167,68191.05
1775088649423,2026-04-02T00:10:49.423,btc-updown-15m-1775088000,1775088900,Up,97157393620546067921107477749024780393693953836060716340958637202932417991675,23717176631191013542990128995527648018230243504257685041560141692210649140817,0.91,0.92,37.5,1120.29,0.01,0.08,0.09,1120.29,37.5,0.01,0.915,0.085,0.967611,0.032389,68196.95
1775088650424,2026-04-02T00:10:50.424,btc-updown-15m-1775088000,1775088900,Up,97157393620546067921107477749024780393693953836060716340958637202932417991675,23717176631191013542990128995527648018230243504257685041560141692210649140817,0.86,0.87,71.0,755.53,0.01,0.12,0.14,5.68,404.41,0.02,0.865,0.13,0.914099,0.986149,68196.95
1775088651424,2026-04-02T00:10:51.424,btc-updown-15m-1775088000,1775088900,Up,97157393620546067921107477749024780393693953836060716340958637202932417991675,23717176631191013542990128995527648018230243504257685041560141692210649140817,0.86,0.87,287.29,21.0,0.01,0.13,0.14,21.0,287.29,0.01,0.865,0.135,0.068118,0.931882,68196.95
1775088652426,2026-04-02T00:10:52.426,btc-updown-15m-1775088000,1775088900,Up,97157393620546067921107477749024780393693953836060716340958637202932417991675,23717176631191013542990128995527648018230243504257685041560141692210649140817,0.84,0.85,193.55,163.25,0.01,0.15,0.16,163.25,193.55,0.01,0.845,0.155,0.457539,0.542461,68176.58
1775088653427,2026-04-02T00:10:53.427,btc-updown-15m-1775088000,1775088900,Up,97157393620546067921107477749024780393693953836060716340958637202932417991675,23717176631191013542990128995527648018230243504257685041560141692210649140817,0.84,0.85,154.55,143.25,0.01,0.15,0.16,143.25,154.55,0.01,0.845,0.155,0.481028,0.518972,68176.58
1775088654427,2026-04-02T00:10:54.427,btc-updown-15m-1775088000,1775088900,Up,97157393620546067921107477749024780393693953836060716340958637202932417991675,23717176631191013542990128995527648018230243504257685041560141692210649140817,0.87,0.88,228.0,10.38,0.01,0.12,0.13,10.38,228.0,0.01,0.875,0.125,0.043544,0.956456,68176.58
1775088655428,2026-04-02T00:10:55.428,btc-updown-15m-1775088000,1775088900,Up,97157393620546067921107477749024780393693953836060716340958637202932417991675,23717176631191013542990128995527648018230243504257685041560141692210649140817,0.87,0.88,8.31,1596.53,0.01,0.12,0.13,1596.53,8.31,0.01,0.875,0.125,0.994822,0.005178,68181.75
1775088656428,2026-04-02T00:10:56.428,btc-updown-15m-1775088000,1775088900,Up,97157393620546067921107477749024780393693953836060716340958637202932417991675,23717176631191013542990128995527648018230243504257685041560141692210649140817,0.88,0.89,58.04,1296.91,0.01,0.11,0.12,1296.91,58.04,0.01,0.885,0.115,0.957164,0.042836,68181.75
1775088657430,2026-04-02T00:10:57.430,btc-updown-15m-1775088000,1775088900,Up,97157393620546067921107477749024780393693953836060716340958637202932417991675,23717176631191013542990128995527648018230243504257685041560141692210649140817,0.88,0.89,23.87,1112.66,0.01,0.11,0.12,1112.66,23.87,0.01,0.885,0.115,0.978997,0.021003,68181.75
1775088658431,2026-04-02T00:10:58.431,btc-updown-15m-1775088000,1775088900,Up,97157393620546067921107477749024780393693953836060716340958637202932417991675,23717176631191013542990128995527648018230243504257685041560141692210649140817,0.9,0.91,8.43,74.63,0.01,0.09,0.1,74.63,8.43,0.01,0.905,0.095,0.898507,0.101493,68188.44
1775088659432,2026-04-02T00:10:59.432,btc-updown-15m-1775088000,1775088900,Up,97157393620546067921107477749024780393693953836060716340958637202932417991675,23717176631191013542990128995527648018230243504257685041560141692210649140817,0.9,0.91,241.15,72.13,0.01,0.09,0.1,72.13,241.15,0.01,0.905,0.095,0.230241,0.769759,68188.44
1775088660432,2026-04-02T00:11:00.432,btc-updown-15m-1775088000,1775088900,Up,97157393620546067921107477749024780393693953836060716340958637202932417991675,23717176631191013542990128995527648018230243504257685041560141692210649140817,0.9,0.91,203.73,302.23,0.01,0.09,0.1,282.23,211.93,0.01,0.905,0.095,0.59734,0.428869,68188.44
1775088661432,2026-04-02T00:11:01.432,btc-updown-15m-1775088000,1775088900,Up,97157393620546067921107477749024780393693953836060716340958637202932417991675,23717176631191013542990128995527648018230243504257685041560141692210649140817,0.93,0.94,176.27,36.48,0.01,0.08,0.09,1339.58,22.52,0.01,0.935,0.085,0.171469,0.016533,68199.86
1775088662432,2026-04-02T00:11:02.432,btc-updown-15m-1775088000,1775088900,Up,97157393620546067921107477749024780393693953836060716340958637202932417991675,23717176631191013542990128995527648018230243504257685041560141692210649140817,0.94,0.95,160.0,246.06,0.01,0.05,0.06,39.06,176.43,0.01,0.945,0.055,0.60597,0.818739,68199.86
1775088663432,2026-04-02T00:11:03.432,btc-updown-15m-1775088000,1775088900,Up,97157393620546067921107477749024780393693953836060716340958637202932417991675,23717176631191013542990128995527648018230243504257685041560141692210649140817,0.93,0.94,236.79,1033.56,0.01,0.06,0.07,1033.56,236.79,0.01,0.935,0.065,0.813603,0.186397,68199.86
1775088664433,2026-04-02T00:11:04.433,btc-updown-15m-1775088000,1775088900,Up,97157393620546067921107477749024780393693953836060716340958637202932417991675,23717176631191013542990128995527648018230243504257685041560141692210649140817,0.93,0.94,13.93,1297.06,0.01,0.06,0.07,1297.06,13.93,0.01,0.935,0.065,0.989374,0.010626,68204.89
1775088665434,2026-04-02T00:11:05.434,btc-updown-15m-1775088000,1775088900,Up,97157393620546067921107477749024780393693953836060716340958637202932417991675,23717176631191013542990128995527648018230243504257685041560141692210649140817,0.94,0.95,103.54,1175.99,0.01,0.05,0.06,1155.99,93.54,0.01,0.945,0.055,0.91908,0.07486,68204.89
1775088666435,2026-04-02T00:11:06.435,btc-updown-15m-1775088000,1775088900,Up,97157393620546067921107477749024780393693953836060716340958637202932417991675,23717176631191013542990128995527648018230243504257685041560141692210649140817,0.94,0.95,63.54,1197.99,0.01,0.05,0.06,1197.99,63.54,0.01,0.945,0.055,0.949633,0.050367,68204.89
1775088667437,2026-04-02T00:11:07.437,btc-updown-15m-1775088000,1775088900,Up,97157393620546067921107477749024780393693953836060716340958637202932417991675,23717176631191013542990128995527648018230243504257685041560141692210649140817,0.94,0.95,43.58,1247.99,0.01,0.05,0.06,1247.99,43.58,0.01,0.945,0.055,0.966258,0.033742,68204.89
1775088668438,2026-04-02T00:11:08.438,btc-updown-15m-1775088000,1775088900,Up,97157393620546067921107477749024780393693953836060716340958637202932417991675,23717176631191013542990128995527648018230243504257685041560141692210649140817,0.94,0.95,81.69,1247.99,0.01,0.05,0.06,1247.99,81.69,0.01,0.945,0.055,0.938564,0.061436,68204.89
1775088669439,2026-04-02T00:11:09.439,btc-updown-15m-1775088000,1775088900,Up,97157393620546067921107477749024780393693953836060716340958637202932417991675,23717176631191013542990128995527648018230243504257685041560141692210649140817,0.94,0.95,9.7,1397.99,0.01,0.05,0.06,1397.99,9.7,0.01,0.945,0.055,0.993109,0.006891,68204.89
1775088670439,2026-04-02T00:11:10.439,btc-updown-15m-1775088000,1775088900,Up,97157393620546067921107477749024780393693953836060716340958637202932417991675,23717176631191013542990128995527648018230243504257685041560141692210649140817,0.95,0.96,392.27,71.06,0.01,0.04,0.05,71.06,392.27,0.01,0.955,0.045,0.153368,0.846632,68204.9
1775088671440,2026-04-02T00:11:11.440,btc-updown-15m-1775088000,1775088900,Up,97157393620546067921107477749024780393693953836060716340958637202932417991675,23717176631191013542990128995527648018230243504257685041560141692210649140817,0.95,0.96,377.22,103.06,0.01,0.04,0.05,103.06,377.22,0.01,0.955,0.045,0.214583,0.785417,68204.9
1775088672440,2026-04-02T00:11:12.440,btc-updown-15m-1775088000,1775088900,Up,97157393620546067921107477749024780393693953836060716340958637202932417991675,23717176631191013542990128995527648018230243504257685041560141692210649140817,0.95,0.96,349.22,83.06,0.01,0.04,0.05,83.06,349.22,0.01,0.955,0.045,0.192144,0.807856,68204.9
1775088673440,2026-04-02T00:11:13.440,btc-updown-15m-1775088000,1775088900,Up,97157393620546067921107477749024780393693953836060716340958637202932417991675,23717176631191013542990128995527648018230243504257685041560141692210649140817,0.95,0.96,349.22,83.06,0.01,0.04,0.05,83.06,349.22,0.01,0.955,0.045,0.192144,0.807856,68204.89
1775088674441,2026-04-02T00:11:14.441,btc-updown-15m-1775088000,1775088900,Up,97157393620546067921107477749024780393693953836060716340958637202932417991675,23717176631191013542990128995527648018230243504257685041560141692210649140817,0.94,0.96,330.22,1095.71,0.02,0.04,0.06,1095.71,330.22,0.02,0.95,0.05,0.768418,0.231582,68204.89
1775088675441,2026-04-02T00:11:15.441,btc-updown-15m-1775088000,1775088900,Up,97157393620546067921107477749024780393693953836060716340958637202932417991675,23717176631191013542990128995527648018230243504257685041560141692210649140817,0.94,0.96,337.22,1225.87,0.02,0.04,0.06,1225.87,337.22,0.02,0.95,0.05,0.784261,0.215739,68204.89
1775088676442,2026-04-02T00:11:16.442,btc-updown-15m-1775088000,1775088900,Up,97157393620546067921107477749024780393693953836060716340958637202932417991675,23717176631191013542990128995527648018230243504257685041560141692210649140817,0.95,0.96,127.22,128.9,0.01,0.04,0.05,150.5,127.22,0.01,0.955,0.045,0.50328,0.458087,68209.99
1775088677443,2026-04-02T00:11:17.443,btc-updown-15m-1775088000,1775088900,Up,97157393620546067921107477749024780393693953836060716340958637202932417991675,23717176631191013542990128995527648018230243504257685041560141692210649140817,0.95,0.96,127.22,128.9,0.01,0.04,0.05,128.9,127.22,0.01,0.955,0.045,0.50328,0.49672,68209.99
1775088678444,2026-04-02T00:11:18.444,btc-updown-15m-1775088000,1775088900,Up,97157393620546067921107477749024780393693953836060716340958637202932417991675,23717176631191013542990128995527648018230243504257685041560141692210649140817,0.95,0.96,69.61,1163.21,0.01,0.04,0.05,1163.21,69.61,0.01,0.955,0.045,0.943536,0.056464,68209.99
1775088679445,2026-04-02T00:11:19.445,btc-updown-15m-1775088000,1775088900,Up,97157393620546067921107477749024780393693953836060716340958637202932417991675,23717176631191013542990128995527648018230243504257685041560141692210649140817,0.95,0.96,69.61,1163.21,0.01,0.04,0.05,1163.21,69.61,0.01,0.955,0.045,0.943536,0.056464,68209.99
1775088680445,2026-04-02T00:11:20.445,btc-updown-15m-1775088000,1775088900,Up,97157393620546067921107477749024780393693953836060716340958637202932417991675,23717176631191013542990128995527648018230243504257685041560141692210649140817,0.95,0.96,30.08,1153.41,0.01,0.04,0.05,1153.41,30.08,0.01,0.955,0.045,0.974584,0.025416,68209.99
1775088681445,2026-04-02T00:11:21.445,btc-updown-15m-1775088000,1775088900,Up,97157393620546067921107477749024780393693953836060716340958637202932417991675,23717176631191013542990128995527648018230243504257685041560141692210649140817,0.96,0.97,474.0,184.34,0.01,0.03,0.04,184.34,474.0,0.01,0.965,0.035,0.280007,0.719993,68209.99
1775088682446,2026-04-02T00:11:22.446,btc-updown-15m-1775088000,1775088900,Up,97157393620546067921107477749024780393693953836060716340958637202932417991675,23717176631191013542990128995527648018230243504257685041560141692210649140817,0.96,0.97,474.0,314.59,0.01,0.03,0.04,314.59,474.0,0.01,0.965,0.035,0.398927,0.601073,68213.99
1775088683447,2026-04-02T00:11:23.447,btc-updown-15m-1775088000,1775088900,Up,97157393620546067921107477749024780393693953836060716340958637202932417991675,23717176631191013542990128995527648018230243504257685041560141692210649140817,0.96,0.97,496.0,639.84,0.01,0.03,0.04,314.59,474.0,0.01,0.965,0.035,0.563319,0.601073,68213.99
1775088684447,2026-04-02T00:11:24.447,btc-updown-15m-1775088000,1775088900,Up,97157393620546067921107477749024780393693953836060716340958637202932417991675,23717176631191013542990128995527648018230243504257685041560141692210649140817,0.96,0.97,451.81,660.84,0.01,0.03,0.04,639.84,513.92,0.01,0.965,0.035,0.593933,0.445431,68213.99
1775088685448,2026-04-02T00:11:25.448,btc-updown-15m-1775088000,1775088900,Up,97157393620546067921107477749024780393693953836060716340958637202932417991675,23717176631191013542990128995527648018230243504257685041560141692210649140817,0.96,0.97,449.96,307.59,0.01,0.03,0.04,307.59,449.96,0.01,0.965,0.035,0.406033,0.593967,68218.34
1775088686448,2026-04-02T00:11:26.448,btc-updown-15m-1775088000,1775088900,Up,97157393620546067921107477749024780393693953836060716340958637202932417991675,23717176631191013542990128995527648018230243504257685041560141692210649140817,0.96,0.97,277.46,1282.59,0.01,0.03,0.04,1282.59,277.46,0.01,0.965,0.035,0.822147,0.177853,68218.34
1775088687450,2026-04-02T00:11:27.450,btc-updown-15m-1775088000,1775088900,Up,97157393620546067921107477749024780393693953836060716340958637202932417991675,23717176631191013542990128995527648018230243504257685041560141692210649140817,0.96,0.97,41.89,1326.69,0.01,0.03,0.04,1326.69,41.89,0.01,0.965,0.035,0.969392,0.030608,68218.34
1775088688451,2026-04-02T00:11:28.451,btc-updown-15m-1775088000,1775088900,Up,97157393620546067921107477749024780393693953836060716340958637202932417991675,23717176631191013542990128995527648018230243504257685041560141692210649140817,0.96,0.97,45.62,1467.08,0.01,0.03,0.04,1467.08,45.62,0.01,0.965,0.035,0.969842,0.030158,68224.51
1775088689452,2026-04-02T00:11:29.452,btc-updown-15m-1775088000,1775088900,Up,97157393620546067921107477749024780393693953836060716340958637202932417991675,23717176631191013542990128995527648018230243504257685041560141692210649140817,0.96,0.97,50.58,1621.32,0.01,0.03,0.04,1621.32,50.58,0.01,0.965,0.035,0.969747,0.030253,68224.51
1775088690452,2026-04-02T00:11:30.452,btc-updown-15m-1775088000,1775088900,Up,97157393620546067921107477749024780393693953836060716340958637202932417991675,23717176631191013542990128995527648018230243504257685041560141692210649140817,0.96,0.97,72.07,1647.32,0.01,0.03,0.04,1627.32,83.42,0.01,0.965,0.035,0.958084,0.048763,68224.51
1775088691453,2026-04-02T00:11:31.453,btc-updown-15m-1775088000,1775088900,Up,97157393620546067921107477749024780393693953836060716340958637202932417991675,23717176631191013542990128995527648018230243504257685041560141692210649140817,0.96,0.97,68.91,1699.87,0.01,0.03,0.04,1699.87,68.91,0.01,0.965,0.035,0.961041,0.038959,68224.52
1775088692454,2026-04-02T00:11:32.454,btc-updown-15m-1775088000,1775088900,Up,97157393620546067921107477749024780393693953836060716340958637202932417991675,23717176631191013542990128995527648018230243504257685041560141692210649140817,0.96,0.97,68.91,1699.87,0.01,0.03,0.04,1699.87,68.91,0.01,0.965,0.035,0.961041,0.038959,68224.52
1775088693455,2026-04-02T00:11:33.455,btc-updown-15m-1775088000,1775088900,Up,97157393620546067921107477749024780393693953836060716340958637202932417991675,23717176631191013542990128995527648018230243504257685041560141692210649140817,0.96,0.97,68.91,1699.87,0.01,0.03,0.04,1699.87,68.91,0.01,0.965,0.035,0.961041,0.038959,68224.52
1775088694456,2026-04-02T00:11:34.456,btc-updown-15m-1775088000,1775088900,Up,97157393620546067921107477749024780393693953836060716340958637202932417991675,23717176631191013542990128995527648018230243504257685041560141692210649140817,0.96,0.97,7.38,1745.12,0.01,0.03,0.04,1745.12,7.38,0.01,0.965,0.035,0.995789,0.004211,68224.51
1775088695457,2026-04-02T00:11:35.457,btc-updown-15m-1775088000,1775088900,Up,97157393620546067921107477749024780393693953836060716340958637202932417991675,23717176631191013542990128995527648018230243504257685041560141692210649140817,0.97,0.98,1558.17,337.49,0.01,0.02,0.03,337.49,1558.17,0.01,0.975,0.025,0.178033,0.821967,68224.51
1775088696458,2026-04-02T00:11:36.458,btc-updown-15m-1775088000,1775088900,Up,97157393620546067921107477749024780393693953836060716340958637202932417991675,23717176631191013542990128995527648018230243504257685041560141692210649140817,0.97,0.98,1365.41,349.49,0.01,0.02,0.03,349.49,1365.41,0.01,0.975,0.025,0.203796,0.796204,68224.51
1775088697458,2026-04-02T00:11:37.458,btc-updown-15m-1775088000,1775088900,Up,97157393620546067921107477749024780393693953836060716340958637202932417991675,23717176631191013542990128995527648018230243504257685041560141692210649140817,0.97,0.98,1643.41,247.48,0.01,0.02,0.03,443.16,1182.72,0.01,0.975,0.025,0.13088,0.727434,68210.06
1775088698459,2026-04-02T00:11:38.459,btc-updown-15m-1775088000,1775088900,Up,97157393620546067921107477749024780393693953836060716340958637202932417991675,23717176631191013542990128995527648018230243504257685041560141692210649140817,0.96,0.97,354.3,303.74,0.01,0.03,0.04,303.74,354.3,0.01,0.965,0.035,0.461583,0.538417,68210.06
1775088699460,2026-04-02T00:11:39.460,btc-updown-15m-1775088000,1775088900,Up,97157393620546067921107477749024780393693953836060716340958637202932417991675,23717176631191013542990128995527648018230243504257685041560141692210649140817,0.96,0.97,1126.25,50.91,0.01,0.03,0.04,50.91,1126.25,0.01,0.965,0.035,0.043248,0.956752,68210.06
1775088700461,2026-04-02T00:11:40.461,btc-updown-15m-1775088000,1775088900,Up,97157393620546067921107477749024780393693953836060716340958637202932417991675,23717176631191013542990128995527648018230243504257685041560141692210649140817,0.96,0.97,1139.89,38.77,0.01,0.03,0.04,38.77,1139.89,0.01,0.965,0.035,0.032893,0.967107,68208.01
1775088701463,2026-04-02T00:11:41.463,btc-updown-15m-1775088000,1775088900,Up,97157393620546067921107477749024780393693953836060716340958637202932417991675,23717176631191013542990128995527648018230243504257685041560141692210649140817,0.95,0.96,49.0,1200.63,0.01,0.04,0.05,1200.63,49.0,0.01,0.955,0.045,0.960788,0.039212,68208.01
1775088702464,2026-04-02T00:11:42.464,btc-updown-15m-1775088000,1775088900,Up,97157393620546067921107477749024780393693953836060716340958637202932417991675,23717176631191013542990128995527648018230243504257685041560141692210649140817,0.95,0.96,49.0,1200.63,0.01,0.04,0.05,1200.63,49.0,0.01,0.955,0.045,0.960788,0.039212,68208.01
1775088703464,2026-04-02T00:11:43.464,btc-updown-15m-1775088000,1775088900,Up,97157393620546067921107477749024780393693953836060716340958637202932417991675,23717176631191013542990128995527648018230243504257685041560141692210649140817,0.95,0.97,1175.58,1264.63,0.02,0.03,0.05,1264.63,1175.58,0.02,0.96,0.04,0.518246,0.481754,68208.01
1775088704465,2026-04-02T00:11:44.465,btc-updown-15m-1775088000,1775088900,Up,97157393620546067921107477749024780393693953836060716340958637202932417991675,23717176631191013542990128995527648018230243504257685041560141692210649140817,0.95,0.97,1175.58,1264.63,0.02,0.03,0.05,1264.63,1175.58,0.02,0.96,0.04,0.518246,0.481754,68208.01
1775088705465,2026-04-02T00:11:45.465,btc-updown-15m-1775088000,1775088900,Up,97157393620546067921107477749024780393693953836060716340958637202932417991675,23717176631191013542990128995527648018230243504257685041560141692210649140817,0.95,0.97,1175.58,1264.63,0.02,0.03,0.05,1264.63,1175.58,0.02,0.96,0.04,0.518246,0.481754,68208.01
1775088706465,2026-04-02T00:11:46.465,btc-updown-15m-1775088000,1775088900,Up,97157393620546067921107477749024780393693953836060716340958637202932417991675,23717176631191013542990128995527648018230243504257685041560141692210649140817,0.95,0.97,1175.58,1264.63,0.02,0.03,0.05,1264.63,1175.58,0.02,0.96,0.04,0.518246,0.481754,68206.23
1775088707467,2026-04-02T00:11:47.467,btc-updown-15m-1775088000,1775088900,Up,97157393620546067921107477749024780393693953836060716340958637202932417991675,23717176631191013542990128995527648018230243504257685041560141692210649140817,0.95,0.96,70.86,1162.43,0.01,0.03,0.05,1264.63,1175.58,0.02,0.955,0.04,0.942544,0.481754,68206.23
1775088708467,2026-04-02T00:11:48.467,btc-updown-15m-1775088000,1775088900,Up,97157393620546067921107477749024780393693953836060716340958637202932417991675,23717176631191013542990128995527648018230243504257685041560141692210649140817,0.95,0.97,1232.3,1237.43,0.02,0.03,0.05,1237.43,1232.3,0.02,0.96,0.04,0.501039,0.498961,68206.23
1775088709468,2026-04-02T00:11:49.468,btc-updown-15m-1775088000,1775088900,Up,97157393620546067921107477749024780393693953836060716340958637202932417991675,23717176631191013542990128995527648018230243504257685041560141692210649140817,0.95,0.97,1232.3,1237.43,0.02,0.03,0.05,1237.43,1232.3,0.02,0.96,0.04,0.501039,0.498961,68192.4
1775088710469,2026-04-02T00:11:50.469,btc-updown-15m-1775088000,1775088900,Up,97157393620546067921107477749024780393693953836060716340958637202932417991675,23717176631191013542990128995527648018230243504257685041560141692210649140817,0.92,0.94,91.5,935.37,0.02,0.06,0.08,935.37,91.5,0.02,0.93,0.07,0.910894,0.089106,68192.4
1775088711469,2026-04-02T00:11:51.469,btc-updown-15m-1775088000,1775088900,Up,97157393620546067921107477749024780393693953836060716340958637202932417991675,23717176631191013542990128995527648018230243504257685041560141692210649140817,0.92,0.93,204.1,5.0,0.01,0.07,0.08,5.0,204.1,0.01,0.925,0.075,0.023912,0.976088,68192.4
1775088712469,2026-04-02T00:11:52.469,btc-updown-15m-1775088000,1775088900,Up,97157393620546067921107477749024780393693953836060716340958637202932417991675,23717176631191013542990128995527648018230243504257685041560141692210649140817,0.91,0.92,67.24,1094.0,0.01,0.08,0.09,1094.0,67.24,0.01,0.915,0.085,0.942096,0.057904,68184.0
1775088713470,2026-04-02T00:11:53.470,btc-updown-15m-1775088000,1775088900,Up,97157393620546067921107477749024780393693953836060716340958637202932417991675,23717176631191013542990128995527648018230243504257685041560141692210649140817,0.91,0.92,67.24,1094.0,0.01,0.08,0.09,1094.0,67.24,0.01,0.915,0.085,0.942096,0.057904,68184.0
1775088714471,2026-04-02T00:11:54.471,btc-updown-15m-1775088000,1775088900,Up,97157393620546067921107477749024780393693953836060716340958637202932417991675,23717176631191013542990128995527648018230243504257685041560141692210649140817,0.88,0.89,70.5,1090.0,0.01,0.1,0.12,1085.0,289.5,0.02,0.885,0.11,0.93925,0.210622,68184.0
1775088715472,2026-04-02T00:11:55.472,btc-updown-15m-1775088000,1775088900,Up,97157393620546067921107477749024780393693953836060716340958637202932417991675,23717176631191013542990128995527648018230243504257685041560141692210649140817,0.88,0.9,148.5,1266.41,0.02,0.1,0.12,1266.41,148.5,0.02,0.89,0.11,0.895046,0.104954,68174.16
1775088716473,2026-04-02T00:11:56.473,btc-updown-15m-1775088000,1775088900,Up,97157393620546067921107477749024780393693953836060716340958637202932417991675,23717176631191013542990128995527648018230243504257685041560141692210649140817,0.88,0.9,168.5,1324.0,0.02,0.1,0.12,1324.0,168.5,0.02,0.89,0.11,0.887102,0.112898,68174.16
1775088717474,2026-04-02T00:11:57.474,btc-updown-15m-1775088000,1775088900,Up,97157393620546067921107477749024780393693953836060716340958637202932417991675,23717176631191013542990128995527648018230243504257685041560141692210649140817,0.89,0.9,130.14,917.0,0.01,0.11,0.12,1325.66,3.0,0.01,0.895,0.115,0.875719,0.002258,68174.16
1775088718475,2026-04-02T00:11:58.475,btc-updown-15m-1775088000,1775088900,Up,97157393620546067921107477749024780393693953836060716340958637202932417991675,23717176631191013542990128995527648018230243504257685041560141692210649140817,0.89,0.91,310.99,1253.0,0.02,0.09,0.11,1253.0,310.99,0.02,0.9,0.1,0.801156,0.198844,68174.16
1775088719475,2026-04-02T00:11:59.475,btc-updown-15m-1775088000,1775088900,Up,97157393620546067921107477749024780393693953836060716340958637202932417991675,23717176631191013542990128995527648018230243504257685041560141692210649140817,0.92,0.93,15.0,385.0,0.01,0.07,0.1,1789.36,35.0,0.03,0.925,0.085,0.9625,0.019185,68174.16
1775088720476,2026-04-02T00:12:00.476,btc-updown-15m-1775088000,1775088900,Up,97157393620546067921107477749024780393693953836060716340958637202932417991675,23717176631191013542990128995527648018230243504257685041560141692210649140817,0.92,0.94,303.55,1154.0,0.02,0.06,0.08,1154.0,303.55,0.02,0.93,0.07,0.79174,0.20826,68174.16
1775088721476,2026-04-02T00:12:01.476,btc-updown-15m-1775088000,1775088900,Up,97157393620546067921107477749024780393693953836060716340958637202932417991675,23717176631191013542990128995527648018230243504257685041560141692210649140817,0.93,0.94,200.37,1227.37,0.01,0.06,0.07,1227.37,200.37,0.01,0.935,0.065,0.859659,0.140341,68183.66
1775088722477,2026-04-02T00:12:02.477,btc-updown-15m-1775088000,1775088900,Up,97157393620546067921107477749024780393693953836060716340958637202932417991675,23717176631191013542990128995527648018230243504257685041560141692210649140817,0.93,0.94,132.5,1198.37,0.01,0.06,0.07,1198.37,132.5,0.01,0.935,0.065,0.900441,0.099559,68183.66
1775088723477,2026-04-02T00:12:03.477,btc-updown-15m-1775088000,1775088900,Up,97157393620546067921107477749024780393693953836060716340958637202932417991675,23717176631191013542990128995527648018230243504257685041560141692210649140817,0.91,0.92,122.5,95.55,0.01,0.08,0.09,95.55,122.5,0.01,0.915,0.085,0.438202,0.561798,68183.66
1775088724478,2026-04-02T00:12:04.478,btc-updown-15m-1775088000,1775088900,Up,97157393620546067921107477749024780393693953836060716340958637202932417991675,23717176631191013542990128995527648018230243504257685041560141692210649140817,0.91,0.92,122.5,95.55,0.01,0.08,0.09,95.55,122.5,0.01,0.915,0.085,0.438202,0.561798,68175.19
1775088725479,2026-04-02T00:12:05.479,btc-updown-15m-1775088000,1775088900,Up,97157393620546067921107477749024780393693953836060716340958637202932417991675,23717176631191013542990128995527648018230243504257685041560141692210649140817,0.91,0.92,122.5,95.55,0.01,0.08,0.09,95.55,122.5,0.01,0.915,0.085,0.438202,0.561798,68175.19
1775088726479,2026-04-02T00:12:06.479,btc-updown-15m-1775088000,1775088900,Up,97157393620546067921107477749024780393693953836060716340958637202932417991675,23717176631191013542990128995527648018230243504257685041560141692210649140817,0.91,0.92,44.84,139.0,0.01,0.08,0.09,139.0,44.84,0.01,0.915,0.085,0.756092,0.243908,68175.19
1775088727480,2026-04-02T00:12:07.480,btc-updown-15m-1775088000,1775088900,Up,97157393620546067921107477749024780393693953836060716340958637202932417991675,23717176631191013542990128995527648018230243504257685041560141692210649140817,0.91,0.92,14.9,148.0,0.01,0.08,0.09,148.0,14.9,0.01,0.915,0.085,0.908533,0.091467,68175.18
1775088728481,2026-04-02T00:12:08.481,btc-updown-15m-1775088000,1775088900,Up,97157393620546067921107477749024780393693953836060716340958637202932417991675,23717176631191013542990128995527648018230243504257685041560141692210649140817,0.91,0.92,135.9,1127.88,0.01,0.08,0.09,1139.0,135.9,0.01,0.915,0.085,0.892465,0.106597,68175.18
1775088729482,2026-04-02T00:12:09.482,btc-updown-15m-1775088000,1775088900,Up,97157393620546067921107477749024780393693953836060716340958637202932417991675,23717176631191013542990128995527648018230243504257685041560141692210649140817,0.91,0.92,110.62,1127.88,0.01,0.08,0.09,1127.88,110.62,0.01,0.915,0.085,0.910682,0.089318,68175.18
1775088730482,2026-04-02T00:12:10.482,btc-updown-15m-1775088000,1775088900,Up,97157393620546067921107477749024780393693953836060716340958637202932417991675,23717176631191013542990128995527648018230243504257685041560141692210649140817,0.91,0.92,156.99,891.0,0.01,0.08,0.09,891.0,156.99,0.01,0.915,0.085,0.850199,0.149801,68175.18
1775088731483,2026-04-02T00:12:11.483,btc-updown-15m-1775088000,1775088900,Up,97157393620546067921107477749024780393693953836060716340958637202932417991675,23717176631191013542990128995527648018230243504257685041560141692210649140817,0.91,0.92,52.0,967.0,0.01,0.08,0.09,967.0,52.0,0.01,0.915,0.085,0.94897,0.05103,68175.18
1775088732484,2026-04-02T00:12:12.484,btc-updown-15m-1775088000,1775088900,Up,97157393620546067921107477749024780393693953836060716340958637202932417991675,23717176631191013542990128995527648018230243504257685041560141692210649140817,0.87,0.88,16.86,5.0,0.01,0.11,0.13,74.42,263.32,0.02,0.875,0.12,0.228728,0.779653,68175.18
1775088733484,2026-04-02T00:12:13.484,btc-updown-15m-1775088000,1775088900,Up,97157393620546067921107477749024780393693953836060716340958637202932417991675,23717176631191013542990128995527648018230243504257685041560141692210649140817,0.87,0.88,58.05,1005.0,0.01,0.12,0.13,1005.0,58.05,0.01,0.875,0.125,0.945393,0.054607,68166.88
1775088734485,2026-04-02T00:12:14.485,btc-updown-15m-1775088000,1775088900,Up,97157393620546067921107477749024780393693953836060716340958637202932417991675,23717176631191013542990128995527648018230243504257685041560141692210649140817,0.87,0.88,58.05,1005.0,0.01,0.12,0.13,1005.0,58.05,0.01,0.875,0.125,0.945393,0.054607,68166.88
1775088735486,2026-04-02T00:12:15.486,btc-updown-15m-1775088000,1775088900,Up,97157393620546067921107477749024780393693953836060716340958637202932417991675,23717176631191013542990128995527648018230243504257685041560141692210649140817,0.87,0.88,32.0,1313.0,0.01,0.12,0.13,1313.0,32.0,0.01,0.875,0.125,0.976208,0.023792,68166.88
1775088736486,2026-04-02T00:12:16.486,btc-updown-15m-1775088000,1775088900,Up,97157393620546067921107477749024780393693953836060716340958637202932417991675,23717176631191013542990128995527648018230243504257685041560141692210649140817,0.87,0.88,42.0,170.74,0.01,0.12,0.13,170.74,42.0,0.01,0.875,0.125,0.802576,0.197424,68165.01
1775088737487,2026-04-02T00:12:17.487,btc-updown-15m-1775088000,1775088900,Up,97157393620546067921107477749024780393693953836060716340958637202932417991675,23717176631191013542990128995527648018230243504257685041560141692210649140817,0.87,0.88,42.0,170.74,0.01,0.12,0.13,170.74,42.0,0.01,0.875,0.125,0.802576,0.197424,68165.01
1775088738488,2026-04-02T00:12:18.488,btc-updown-15m-1775088000,1775088900,Up,97157393620546067921107477749024780393693953836060716340958637202932417991675,23717176631191013542990128995527648018230243504257685041560141692210649140817,0.87,0.88,42.0,170.74,0.01,0.12,0.13,170.74,42.0,0.01,0.875,0.125,0.802576,0.197424,68165.01
1775088739488,2026-04-02T00:12:19.488,btc-updown-15m-1775088000,1775088900,Up,97157393620546067921107477749024780393693953836060716340958637202932417991675,23717176631191013542990128995527648018230243504257685041560141692210649140817,0.86,0.87,44.0,897.55,0.01,0.13,0.14,897.55,44.0,0.01,0.865,0.135,0.953269,0.046731,68165.01
1775088740488,2026-04-02T00:12:20.488,btc-updown-15m-1775088000,1775088900,Up,97157393620546067921107477749024780393693953836060716340958637202932417991675,23717176631191013542990128995527648018230243504257685041560141692210649140817,0.86,0.87,44.25,924.55,0.01,0.13,0.14,924.55,44.25,0.01,0.865,0.135,0.954325,0.045675,68165.01
1775088741489,2026-04-02T00:12:21.489,btc-updown-15m-1775088000,1775088900,Up,97157393620546067921107477749024780393693953836060716340958637202932417991675,23717176631191013542990128995527648018230243504257685041560141692210649140817,0.86,0.87,33.25,1348.05,0.01,0.13,0.14,1348.05,33.25,0.01,0.865,0.135,0.975928,0.024072,68165.01
1775088742490,2026-04-02T00:12:22.490,btc-updown-15m-1775088000,1775088900,Up,97157393620546067921107477749024780393693953836060716340958637202932417991675,23717176631191013542990128995527648018230243504257685041560141692210649140817,0.87,0.88,54.0,8.47,0.01,0.12,0.13,8.47,54.0,0.01,0.875,0.125,0.135585,0.864415,68165.0
1775088743491,2026-04-02T00:12:23.491,btc-updown-15m-1775088000,1775088900,Up,97157393620546067921107477749024780393693953836060716340958637202932417991675,23717176631191013542990128995527648018230243504257685041560141692210649140817,0.85,0.86,91.37,130.0,0.01,0.12,0.13,52.0,22.0,0.01,0.855,0.125,0.587252,0.297297,68165.0
1775088744491,2026-04-02T00:12:24.491,btc-updown-15m-1775088000,1775088900,Up,97157393620546067921107477749024780393693953836060716340958637202932417991675,23717176631191013542990128995527648018230243504257685041560141692210649140817,0.83,0.84,151.0,819.41,0.01,0.16,0.17,819.41,151.0,0.01,0.835,0.165,0.844396,0.155604,68165.0
1775088745492,2026-04-02T00:12:25.492,btc-updown-15m-1775088000,1775088900,Up,97157393620546067921107477749024780393693953836060716340958637202932417991675,23717176631191013542990128995527648018230243504257685041560141692210649140817,0.83,0.84,85.52,1269.85,0.01,0.16,0.17,1269.85,85.52,0.01,0.835,0.165,0.936903,0.063097,68153.77
1775088746493,2026-04-02T00:12:26.493,btc-updown-15m-1775088000,1775088900,Up,97157393620546067921107477749024780393693953836060716340958637202932417991675,23717176631191013542990128995527648018230243504257685041560141692210649140817,0.84,0.86,5.0,1364.14,0.02,0.14,0.16,1364.14,5.0,0.02,0.85,0.15,0.996348,0.003652,68153.77
1775088747494,2026-04-02T00:12:27.494,btc-updown-15m-1775088000,1775088900,Up,97157393620546067921107477749024780393693953836060716340958637202932417991675,23717176631191013542990128995527648018230243504257685041560141692210649140817,0.86,0.87,195.76,105.0,0.01,0.13,0.14,105.0,195.76,0.01,0.865,0.135,0.349116,0.650884,68153.77
1775088748495,2026-04-02T00:12:28.495,btc-updown-15m-1775088000,1775088900,Up,97157393620546067921107477749024780393693953836060716340958637202932417991675,23717176631191013542990128995527648018230243504257685041560141692210649140817,0.87,0.89,164.5,80.21,0.02,0.11,0.13,80.21,164.5,0.02,0.88,0.12,0.327776,0.672224,68154.55
1775088749496,2026-04-02T00:12:29.496,btc-updown-15m-1775088000,1775088900,Up,97157393620546067921107477749024780393693953836060716340958637202932417991675,23717176631191013542990128995527648018230243504257685041560141692210649140817,0.87,0.89,164.5,80.21,0.02,0.11,0.13,80.21,164.5,0.02,0.88,0.12,0.327776,0.672224,68154.55
1775088750496,2026-04-02T00:12:30.496,btc-updown-15m-1775088000,1775088900,Up,97157393620546067921107477749024780393693953836060716340958637202932417991675,23717176631191013542990128995527648018230243504257685041560141692210649140817,0.88,0.89,116.87,935.97,0.01,0.11,0.12,935.97,116.87,0.01,0.885,0.115,0.888995,0.111005,68154.55
1775088751497,2026-04-02T00:12:31.497,btc-updown-15m-1775088000,1775088900,Up,97157393620546067921107477749024780393693953836060716340958637202932417991675,23717176631191013542990128995527648018230243504257685041560141692210649140817,0.89,0.9,38.05,1401.5,0.01,0.1,0.11,1401.5,38.05,0.01,0.895,0.105,0.973568,0.026432,68161.76
1775088752498,2026-04-02T00:12:32.498,btc-updown-15m-1775088000,1775088900,Up,97157393620546067921107477749024780393693953836060716340958637202932417991675,23717176631191013542990128995527648018230243504257685041560141692210649140817,0.89,0.9,20.0,1392.64,0.01,0.1,0.11,1392.64,20.0,0.01,0.895,0.105,0.985842,0.014158,68161.76
1775088753498,2026-04-02T00:12:33.498,btc-updown-15m-1775088000,1775088900,Up,97157393620546067921107477749024780393693953836060716340958637202932417991675,23717176631191013542990128995527648018230243504257685041560141692210649140817,0.89,0.91,120.0,1377.4,0.02,0.09,0.11,1377.4,120.0,0.02,0.9,0.1,0.919861,0.080139,68161.76
1775088754499,2026-04-02T00:12:34.499,btc-updown-15m-1775088000,1775088900,Up,97157393620546067921107477749024780393693953836060716340958637202932417991675,23717176631191013542990128995527648018230243504257685041560141692210649140817,0.9,0.91,95.0,1221.47,0.01,0.09,0.1,1221.47,95.0,0.01,0.905,0.095,0.927837,0.072163,68161.76
1775088755500,2026-04-02T00:12:35.500,btc-updown-15m-1775088000,1775088900,Up,97157393620546067921107477749024780393693953836060716340958637202932417991675,23717176631191013542990128995527648018230243504257685041560141692210649140817,0.9,0.91,95.0,1221.47,0.01,0.09,0.1,1221.47,95.0,0.01,0.905,0.095,0.927837,0.072163,68161.76
1775088756501,2026-04-02T00:12:36.501,btc-updown-15m-1775088000,1775088900,Up,97157393620546067921107477749024780393693953836060716340958637202932417991675,23717176631191013542990128995527648018230243504257685041560141692210649140817,0.87,0.88,175.91,16.46,0.01,0.12,0.13,16.46,175.91,0.01,0.875,0.125,0.085564,0.914436,68161.76
1775088757501,2026-04-02T00:12:37.501,btc-updown-15m-1775088000,1775088900,Up,97157393620546067921107477749024780393693953836060716340958637202932417991675,23717176631191013542990128995527648018230243504257685041560141692210649140817,0.86,0.87,237.3,17.12,0.01,0.13,0.14,17.12,237.3,0.01,0.865,0.135,0.06729,0.93271,68157.55
1775088758503,2026-04-02T00:12:38.503,btc-updown-15m-1775088000,1775088900,Up,97157393620546067921107477749024780393693953836060716340958637202932417991675,23717176631191013542990128995527648018230243504257685041560141692210649140817,0.84,0.85,118.0,180.5,0.01,0.15,0.16,180.5,118.0,0.01,0.845,0.155,0.60469,0.39531,68157.55
1775088759503,2026-04-02T00:12:39.503,btc-updown-15m-1775088000,1775088900,Up,97157393620546067921107477749024780393693953836060716340958637202932417991675,23717176631191013542990128995527648018230243504257685041560141692210649140817,0.84,0.85,118.0,180.5,0.01,0.15,0.16,180.5,118.0,0.01,0.845,0.155,0.60469,0.39531,68157.55
1775088760504,2026-04-02T00:12:40.504,btc-updown-15m-1775088000,1775088900,Up,97157393620546067921107477749024780393693953836060716340958637202932417991675,23717176631191013542990128995527648018230243504257685041560141692210649140817,0.84,0.85,95.0,174.31,0.01,0.15,0.16,174.31,95.0,0.01,0.845,0.155,0.647247,0.352753,68157.55
1775088761505,2026-04-02T00:12:41.505,btc-updown-15m-1775088000,1775088900,Up,97157393620546067921107477749024780393693953836060716340958637202932417991675,23717176631191013542990128995527648018230243504257685041560141692210649140817,0.84,0.85,95.0,174.31,0.01,0.15,0.16,174.31,95.0,0.01,0.845,0.155,0.647247,0.352753,68157.55
1775088762506,2026-04-02T00:12:42.506,btc-updown-15m-1775088000,1775088900,Up,97157393620546067921107477749024780393693953836060716340958637202932417991675,23717176631191013542990128995527648018230243504257685041560141692210649140817,0.84,0.85,87.42,1425.81,0.01,0.15,0.16,1425.81,87.42,0.01,0.845,0.155,0.94223,0.05777,68157.55
1775088763507,2026-04-02T00:12:43.507,btc-updown-15m-1775088000,1775088900,Up,97157393620546067921107477749024780393693953836060716340958637202932417991675,23717176631191013542990128995527648018230243504257685041560141692210649140817,0.84,0.85,87.42,1425.81,0.01,0.15,0.16,1425.81,87.42,0.01,0.845,0.155,0.94223,0.05777,68157.54
1775088764508,2026-04-02T00:12:44.508,btc-updown-15m-1775088000,1775088900,Up,97157393620546067921107477749024780393693953836060716340958637202932417991675,23717176631191013542990128995527648018230243504257685041560141692210649140817,0.84,0.85,87.42,1539.93,0.01,0.15,0.16,1539.93,87.42,0.01,0.845,0.155,0.946281,0.053719,68157.54
1775088765509,2026-04-02T00:12:45.509,btc-updown-15m-1775088000,1775088900,Up,97157393620546067921107477749024780393693953836060716340958637202932417991675,23717176631191013542990128995527648018230243504257685041560141692210649140817,0.84,0.85,80.42,1495.93,0.01,0.15,0.16,1495.93,80.42,0.01,0.845,0.155,0.948983,0.051017,68157.54
1775088766511,2026-04-02T00:12:46.511,btc-updown-15m-1775088000,1775088900,Up,97157393620546067921107477749024780393693953836060716340958637202932417991675,23717176631191013542990128995527648018230243504257685041560141692210649140817,0.84,0.85,64.67,1287.24,0.01,0.15,0.16,1287.24,64.67,0.01,0.845,0.155,0.952164,0.047836,68155.1
1775088767512,2026-04-02T00:12:47.512,btc-updown-15m-1775088000,1775088900,Up,97157393620546067921107477749024780393693953836060716340958637202932417991675,23717176631191013542990128995527648018230243504257685041560141692210649140817,0.84,0.85,5.0,1365.02,0.01,0.15,0.16,1365.02,5.0,0.01,0.845,0.155,0.99635,0.00365,68155.1
1775088768512,2026-04-02T00:12:48.512,btc-updown-15m-1775088000,1775088900,Up,97157393620546067921107477749024780393693953836060716340958637202932417991675,23717176631191013542990128995527648018230243504257685041560141692210649140817,0.84,0.86,17.0,1323.02,0.02,0.14,0.16,1323.02,17.0,0.02,0.85,0.15,0.987314,0.012686,68155.1
1775088769514,2026-04-02T00:12:49.514,btc-updown-15m-1775088000,1775088900,Up,97157393620546067921107477749024780393693953836060716340958637202932417991675,23717176631191013542990128995527648018230243504257685041560141692210649140817,0.84,0.86,17.0,1323.02,0.02,0.14,0.16,1323.02,17.0,0.02,0.85,0.15,0.987314,0.012686,68155.1
1775088770515,2026-04-02T00:12:50.515,btc-updown-15m-1775088000,1775088900,Up,97157393620546067921107477749024780393693953836060716340958637202932417991675,23717176631191013542990128995527648018230243504257685041560141692210649140817,0.84,0.86,17.0,1323.02,0.02,0.14,0.16,1323.02,17.0,0.02,0.85,0.15,0.987314,0.012686,68155.1
1775088771515,2026-04-02T00:12:51.515,btc-updown-15m-1775088000,1775088900,Up,97157393620546067921107477749024780393693953836060716340958637202932417991675,23717176631191013542990128995527648018230243504257685041560141692210649140817,0.86,0.87,5.0,1300.41,0.01,0.13,0.14,1300.41,5.0,0.01,0.865,0.135,0.99617,0.00383,68155.1
1775088772516,2026-04-02T00:12:52.516,btc-updown-15m-1775088000,1775088900,Up,97157393620546067921107477749024780393693953836060716340958637202932417991675,23717176631191013542990128995527648018230243504257685041560141692210649140817,0.86,0.87,5.0,1300.41,0.01,0.13,0.14,1300.41,5.0,0.01,0.865,0.135,0.99617,0.00383,68155.09
1775088773517,2026-04-02T00:12:53.517,btc-updown-15m-1775088000,1775088900,Up,97157393620546067921107477749024780393693953836060716340958637202932417991675,23717176631191013542990128995527648018230243504257685041560141692210649140817,0.86,0.87,5.0,1300.41,0.01,0.13,0.14,1300.41,5.0,0.01,0.865,0.135,0.99617,0.00383,68155.09
1775088774518,2026-04-02T00:12:54.518,btc-updown-15m-1775088000,1775088900,Up,97157393620546067921107477749024780393693953836060716340958637202932417991675,23717176631191013542990128995527648018230243504257685041560141692210649140817,0.86,0.87,25.0,1404.34,0.01,0.13,0.14,1300.41,5.0,0.01,0.865,0.135,0.982509,0.00383,68155.09
1775088775519,2026-04-02T00:12:55.519,btc-updown-15m-1775088000,1775088900,Up,97157393620546067921107477749024780393693953836060716340958637202932417991675,23717176631191013542990128995527648018230243504257685041560141692210649140817,0.86,0.87,25.0,1404.34,0.01,0.13,0.14,1404.34,25.0,0.01,0.865,0.135,0.982509,0.017491,68155.09
1775088776521,2026-04-02T00:12:56.521,btc-updown-15m-1775088000,1775088900,Up,97157393620546067921107477749024780393693953836060716340958637202932417991675,23717176631191013542990128995527648018230243504257685041560141692210649140817,0.86,0.87,25.0,1404.34,0.01,0.13,0.14,1404.34,25.0,0.01,0.865,0.135,0.982509,0.017491,68155.09
1775088777521,2026-04-02T00:12:57.521,btc-updown-15m-1775088000,1775088900,Up,97157393620546067921107477749024780393693953836060716340958637202932417991675,23717176631191013542990128995527648018230243504257685041560141692210649140817,0.86,0.88,34.0,1733.63,0.02,0.12,0.14,1733.63,34.0,0.02,0.87,0.13,0.980765,0.019235,68155.09
1775088778522,2026-04-02T00:12:58.522,btc-updown-15m-1775088000,1775088900,Up,97157393620546067921107477749024780393693953836060716340958637202932417991675,23717176631191013542990128995527648018230243504257685041560141692210649140817,0.88,0.89,310.78,283.0,0.01,0.11,0.12,283.0,310.78,0.01,0.885,0.115,0.476607,0.523393,68155.09
1775088779524,2026-04-02T00:12:59.524,btc-updown-15m-1775088000,1775088900,Up,97157393620546067921107477749024780393693953836060716340958637202932417991675,23717176631191013542990128995527648018230243504257685041560141692210649140817,0.88,0.89,310.78,283.0,0.01,0.11,0.12,283.0,310.78,0.01,0.885,0.115,0.476607,0.523393,68155.09
1775088780526,2026-04-02T00:13:00.526,btc-updown-15m-1775088000,1775088900,Up,97157393620546067921107477749024780393693953836060716340958637202932417991675,23717176631191013542990128995527648018230243504257685041560141692210649140817,0.88,0.89,32.0,284.0,0.01,0.11,0.12,284.0,32.0,0.01,0.885,0.115,0.898734,0.101266,68155.09
1775088781526,2026-04-02T00:13:01.526,btc-updown-15m-1775088000,1775088900,Up,97157393620546067921107477749024780393693953836060716340958637202932417991675,23717176631191013542990128995527648018230243504257685041560141692210649140817,0.94,0.95,542.54,281.5,0.01,0.05,0.06,281.5,542.54,0.01,0.945,0.055,0.34161,0.65839,68167.4
1775088782526,2026-04-02T00:13:02.526,btc-updown-15m-1775088000,1775088900,Up,97157393620546067921107477749024780393693953836060716340958637202932417991675,23717176631191013542990128995527648018230243504257685041560141692210649140817,0.94,0.95,555.38,252.83,0.01,0.05,0.06,252.83,555.38,0.01,0.945,0.055,0.312827,0.687173,68167.4
1775088783527,2026-04-02T00:13:03.527,btc-updown-15m-1775088000,1775088900,Up,97157393620546067921107477749024780393693953836060716340958637202932417991675,23717176631191013542990128995527648018230243504257685041560141692210649140817,0.94,0.95,568.27,236.16,0.01,0.05,0.06,236.16,568.27,0.01,0.945,0.055,0.293574,0.706426,68167.4
1775088784529,2026-04-02T00:13:04.529,btc-updown-15m-1775088000,1775088900,Up,97157393620546067921107477749024780393693953836060716340958637202932417991675,23717176631191013542990128995527648018230243504257685041560141692210649140817,0.94,0.95,544.18,231.49,0.01,0.05,0.06,231.49,544.18,0.01,0.945,0.055,0.298439,0.701561,68167.4
1775088785530,2026-04-02T00:13:05.530,btc-updown-15m-1775088000,1775088900,Up,97157393620546067921107477749024780393693953836060716340958637202932417991675,23717176631191013542990128995527648018230243504257685041560141692210649140817,0.94,0.95,544.18,231.49,0.01,0.05,0.06,231.49,544.18,0.01,0.945,0.055,0.298439,0.701561,68167.4
1775088786531,2026-04-02T00:13:06.531,btc-updown-15m-1775088000,1775088900,Up,97157393620546067921107477749024780393693953836060716340958637202932417991675,23717176631191013542990128995527648018230243504257685041560141692210649140817,0.94,0.95,499.03,293.49,0.01,0.05,0.06,231.49,544.18,0.01,0.945,0.055,0.370325,0.701561,68167.4
1775088787532,2026-04-02T00:13:07.532,btc-updown-15m-1775088000,1775088900,Up,97157393620546067921107477749024780393693953836060716340958637202932417991675,23717176631191013542990128995527648018230243504257685041560141692210649140817,0.94,0.95,383.5,1296.49,0.01,0.05,0.06,1296.49,383.5,0.01,0.945,0.055,0.771725,0.228275,68169.29
1775088788533,2026-04-02T00:13:08.533,btc-updown-15m-1775088000,1775088900,Up,97157393620546067921107477749024780393693953836060716340958637202932417991675,23717176631191013542990128995527648018230243504257685041560141692210649140817,0.94,0.96,120.0,1538.49,0.02,0.04,0.06,1538.49,120.0,0.02,0.95,0.05,0.927645,0.072355,68169.29
1775088789533,2026-04-02T00:13:09.533,btc-updown-15m-1775088000,1775088900,Up,97157393620546067921107477749024780393693953836060716340958637202932417991675,23717176631191013542990128995527648018230243504257685041560141692210649140817,0.95,0.96,142.0,1183.5,0.01,0.04,0.05,1183.5,142.0,0.01,0.955,0.045,0.892871,0.107129,68169.29
1775088790534,2026-04-02T00:13:10.534,btc-updown-15m-1775088000,1775088900,Up,97157393620546067921107477749024780393693953836060716340958637202932417991675,23717176631191013542990128995527648018230243504257685041560141692210649140817,0.95,0.96,86.64,1214.5,0.01,0.04,0.05,1214.5,86.64,0.01,0.955,0.045,0.933412,0.066588,68171.3
1775088791535,2026-04-02T00:13:11.535,btc-updown-15m-1775088000,1775088900,Up,97157393620546067921107477749024780393693953836060716340958637202932417991675,23717176631191013542990128995527648018230243504257685041560141692210649140817,0.95,0.96,86.64,1214.0,0.01,0.04,0.05,1214.0,86.64,0.01,0.955,0.045,0.933387,0.066613,68171.3
1775088792535,2026-04-02T00:13:12.535,btc-updown-15m-1775088000,1775088900,Up,97157393620546067921107477749024780393693953836060716340958637202932417991675,23717176631191013542990128995527648018230243504257685041560141692210649140817,0.95,0.96,86.64,1214.0,0.01,0.04,0.05,1214.0,86.64,0.01,0.955,0.045,0.933387,0.066613,68171.3
1775088793535,2026-04-02T00:13:13.535,btc-updown-15m-1775088000,1775088900,Up,97157393620546067921107477749024780393693953836060716340958637202932417991675,23717176631191013542990128995527648018230243504257685041560141692210649140817,0.95,0.96,83.29,1624.1,0.01,0.04,0.05,1595.1,105.79,0.01,0.955,0.045,0.951218,0.062197,68173.11
1775088794537,2026-04-02T00:13:14.537,btc-updown-15m-1775088000,1775088900,Up,97157393620546067921107477749024780393693953836060716340958637202932417991675,23717176631191013542990128995527648018230243504257685041560141692210649140817,0.95,0.96,35.7,1606.02,0.01,0.04,0.05,1606.02,35.7,0.01,0.955,0.045,0.978255,0.021745,68173.11
1775088795537,2026-04-02T00:13:15.537,btc-updown-15m-1775088000,1775088900,Up,97157393620546067921107477749024780393693953836060716340958637202932417991675,23717176631191013542990128995527648018230243504257685041560141692210649140817,0.97,0.98,1274.6,413.5,0.01,0.02,0.03,413.5,1274.6,0.01,0.975,0.025,0.24495,0.75505,68173.11
1775088796538,2026-04-02T00:13:16.538,btc-updown-15m-1775088000,1775088900,Up,97157393620546067921107477749024780393693953836060716340958637202932417991675,23717176631191013542990128995527648018230243504257685041560141692210649140817,0.98,0.99,8175.57,90.43,0.01,0.01,0.02,90.43,8175.57,0.01,0.985,0.015,0.01094,0.98906,68190.48
1775088797539,2026-04-02T00:13:17.539,btc-updown-15m-1775088000,1775088900,Up,97157393620546067921107477749024780393693953836060716340958637202932417991675,23717176631191013542990128995527648018230243504257685041560141692210649140817,0.98,0.99,8624.54,541.61,0.01,0.01,0.02,541.61,8624.54,0.01,0.985,0.015,0.059088,0.940912,68190.48
1775088798540,2026-04-02T00:13:18.540,btc-updown-15m-1775088000,1775088900,Up,97157393620546067921107477749024780393693953836060716340958637202932417991675,23717176631191013542990128995527648018230243504257685041560141692210649140817,0.98,0.99,8814.21,522.61,0.01,0.01,0.02,522.61,8814.21,0.01,0.985,0.015,0.055973,0.944027,68190.48
1775088799541,2026-04-02T00:13:19.541,btc-updown-15m-1775088000,1775088900,Up,97157393620546067921107477749024780393693953836060716340958637202932417991675,23717176631191013542990128995527648018230243504257685041560141692210649140817,0.98,0.99,8842.94,644.93,0.01,0.01,0.02,644.93,8842.94,0.01,0.985,0.015,0.067974,0.932026,68190.47
1775088800542,2026-04-02T00:13:20.542,btc-updown-15m-1775088000,1775088900,Up,97157393620546067921107477749024780393693953836060716340958637202932417991675,23717176631191013542990128995527648018230243504257685041560141692210649140817,0.98,0.99,8780.38,497.06,0.01,0.01,0.02,497.06,8780.38,0.01,0.985,0.015,0.053577,0.946423,68190.47
1775088801543,2026-04-02T00:13:21.543,btc-updown-15m-1775088000,1775088900,Up,97157393620546067921107477749024780393693953836060716340958637202932417991675,23717176631191013542990128995527648018230243504257685041560141692210649140817,0.98,0.99,8638.05,867.64,0.01,0.01,0.02,867.64,8646.74,0.01,0.985,0.015,0.091276,0.908808,68190.47
1775088802545,2026-04-02T00:13:22.545,btc-updown-15m-1775088000,1775088900,Up,97157393620546067921107477749024780393693953836060716340958637202932417991675,23717176631191013542990128995527648018230243504257685041560141692210649140817,0.98,0.99,8268.72,895.32,0.01,0.01,0.02,895.32,8268.72,0.01,0.985,0.015,0.097699,0.902301,68190.48
1775088803545,2026-04-02T00:13:23.545,btc-updown-15m-1775088000,1775088900,Up,97157393620546067921107477749024780393693953836060716340958637202932417991675,23717176631191013542990128995527648018230243504257685041560141692210649140817,0.98,0.99,8358.66,1112.04,0.01,0.01,0.02,895.32,8268.72,0.01,0.985,0.015,0.117419,0.902301,68190.48
1775088804546,2026-04-02T00:13:24.546,btc-updown-15m-1775088000,1775088900,Up,97157393620546067921107477749024780393693953836060716340958637202932417991675,23717176631191013542990128995527648018230243504257685041560141692210649140817,0.98,0.99,8339.43,1156.09,0.01,0.01,0.02,1122.09,8348.98,0.01,0.985,0.015,0.121751,0.881524,68190.48
1775088805547,2026-04-02T00:13:25.547,btc-updown-15m-1775088000,1775088900,Up,97157393620546067921107477749024780393693953836060716340958637202932417991675,23717176631191013542990128995527648018230243504257685041560141692210649140817,0.98,0.99,8325.24,1184.32,0.01,0.01,0.02,1184.32,8325.24,0.01,0.985,0.015,0.12454,0.87546,68191.99
1775088806547,2026-04-02T00:13:26.547,btc-updown-15m-1775088000,1775088900,Up,97157393620546067921107477749024780393693953836060716340958637202932417991675,23717176631191013542990128995527648018230243504257685041560141692210649140817,0.98,0.99,8321.14,1183.32,0.01,0.01,0.02,1184.32,8325.24,0.01,0.985,0.015,0.124502,0.87546,68191.99
1775088807548,2026-04-02T00:13:27.548,btc-updown-15m-1775088000,1775088900,Up,97157393620546067921107477749024780393693953836060716340958637202932417991675,23717176631191013542990128995527648018230243504257685041560141692210649140817,0.98,0.99,8300.64,1153.09,0.01,0.01,0.02,1153.09,8300.64,0.01,0.985,0.015,0.121972,0.878028,68191.99
1775088808548,2026-04-02T00:13:28.548,btc-updown-15m-1775088000,1775088900,Up,97157393620546067921107477749024780393693953836060716340958637202932417991675,23717176631191013542990128995527648018230243504257685041560141692210649140817,0.98,0.99,8284.03,1158.09,0.01,0.01,0.02,1158.09,8284.03,0.01,0.985,0.015,0.122651,0.877349,68192.0
1775088809549,2026-04-02T00:13:29.549,btc-updown-15m-1775088000,1775088900,Up,97157393620546067921107477749024780393693953836060716340958637202932417991675,23717176631191013542990128995527648018230243504257685041560141692210649140817,0.98,0.99,8284.03,1155.57,0.01,0.01,0.02,1155.57,8284.03,0.01,0.985,0.015,0.122417,0.877583,68192.0
1775088810551,2026-04-02T00:13:30.551,btc-updown-15m-1775088000,1775088900,Up,97157393620546067921107477749024780393693953836060716340958637202932417991675,23717176631191013542990128995527648018230243504257685041560141692210649140817,0.98,0.99,8130.38,1284.94,0.01,0.01,0.02,1284.94,8130.38,0.01,0.985,0.015,0.136473,0.863527,68192.0
1775088811552,2026-04-02T00:13:31.552,btc-updown-15m-1775088000,1775088900,Up,97157393620546067921107477749024780393693953836060716340958637202932417991675,23717176631191013542990128995527648018230243504257685041560141692210649140817,0.98,0.99,2072.49,2270.61,0.01,0.01,0.02,2270.61,2572.49,0.01,0.985,0.015,0.522809,0.531166,68203.52
1775088812553,2026-04-02T00:13:32.553,btc-updown-15m-1775088000,1775088900,Up,97157393620546067921107477749024780393693953836060716340958637202932417991675,23717176631191013542990128995527648018230243504257685041560141692210649140817,0.98,0.99,1780.96,2722.86,0.01,0.01,0.02,2722.86,1831.46,0.01,0.985,0.015,0.604567,0.402137,68203.52
1775088813554,2026-04-02T00:13:33.554,btc-updown-15m-1775088000,1775088900,Up,97157393620546067921107477749024780393693953836060716340958637202932417991675,23717176631191013542990128995527648018230243504257685041560141692210649140817,0.99,,,9633.21,,,0.01,6706.1,,,,,,,68203.52
1775088814554,2026-04-02T00:13:34.554,btc-updown-15m-1775088000,1775088900,Up,97157393620546067921107477749024780393693953836060716340958637202932417991675,23717176631191013542990128995527648018230243504257685041560141692210649140817,0.99,,,9599.17,,,0.01,9599.17,,,,,,,68217.14
1775088815555,2026-04-02T00:13:35.555,btc-updown-15m-1775088000,1775088900,Up,97157393620546067921107477749024780393693953836060716340958637202932417991675,23717176631191013542990128995527648018230243504257685041560141692210649140817,0.99,,,9599.17,,,0.01,9599.17,,,,,,,68217.14
1775088816555,2026-04-02T00:13:36.555,btc-updown-15m-1775088000,1775088900,Up,97157393620546067921107477749024780393693953836060716340958637202932417991675,23717176631191013542990128995527648018230243504257685041560141692210649140817,0.99,,,12007.37,,,0.01,12007.37,,,,,,,68217.14
1775088817557,2026-04-02T00:13:37.557,btc-updown-15m-1775088000,1775088900,Up,97157393620546067921107477749024780393693953836060716340958637202932417991675,23717176631191013542990128995527648018230243504257685041560141692210649140817,0.99,,,11890.13,,,0.01,11890.13,,,,,,,68218.34
1775088818558,2026-04-02T00:13:38.558,btc-updown-15m-1775088000,1775088900,Up,97157393620546067921107477749024780393693953836060716340958637202932417991675,23717176631191013542990128995527648018230243504257685041560141692210649140817,0.99,,,11892.38,,,0.01,11892.38,,,,,,,68218.34
1775088819558,2026-04-02T00:13:39.558,btc-updown-15m-1775088000,1775088900,Up,97157393620546067921107477749024780393693953836060716340958637202932417991675,23717176631191013542990128995527648018230243504257685041560141692210649140817,0.99,,,11892.38,,,0.01,11892.38,,,,,,,68218.34
1775088820559,2026-04-02T00:13:40.559,btc-updown-15m-1775088000,1775088900,Up,97157393620546067921107477749024780393693953836060716340958637202932417991675,23717176631191013542990128995527648018230243504257685041560141692210649140817,0.99,,,12020.79,,,0.01,12020.79,,,,,,,68221.69
1775088821559,2026-04-02T00:13:41.559,btc-updown-15m-1775088000,1775088900,Up,97157393620546067921107477749024780393693953836060716340958637202932417991675,23717176631191013542990128995527648018230243504257685041560141692210649140817,0.99,,,12020.79,,,0.01,12020.79,,,,,,,68221.69
1775088822560,2026-04-02T00:13:42.560,btc-updown-15m-1775088000,1775088900,Up,97157393620546067921107477749024780393693953836060716340958637202932417991675,23717176631191013542990128995527648018230243504257685041560141692210649140817,0.99,,,12020.79,,,0.01,12020.79,,,,,,,68221.69
1775088823561,2026-04-02T00:13:43.561,btc-updown-15m-1775088000,1775088900,Up,97157393620546067921107477749024780393693953836060716340958637202932417991675,23717176631191013542990128995527648018230243504257685041560141692210649140817,0.99,,,13818.97,,,0.01,13818.97,,,,,,,68226.74
1775088824562,2026-04-02T00:13:44.562,btc-updown-15m-1775088000,1775088900,Up,97157393620546067921107477749024780393693953836060716340958637202932417991675,23717176631191013542990128995527648018230243504257685041560141692210649140817,0.99,,,13818.97,,,0.01,13818.97,,,,,,,68226.74
1775088825562,2026-04-02T00:13:45.562,btc-updown-15m-1775088000,1775088900,Up,97157393620546067921107477749024780393693953836060716340958637202932417991675,23717176631191013542990128995527648018230243504257685041560141692210649140817,0.99,,,13737.37,,,0.01,13737.37,,,,,,,68226.74
1775088826563,2026-04-02T00:13:46.563,btc-updown-15m-1775088000,1775088900,Up,97157393620546067921107477749024780393693953836060716340958637202932417991675,23717176631191013542990128995527648018230243504257685041560141692210649140817,0.99,,,13652.42,,,0.01,13652.42,,,,,,,68226.74
1775088827563,2026-04-02T00:13:47.563,btc-updown-15m-1775088000,1775088900,Up,97157393620546067921107477749024780393693953836060716340958637202932417991675,23717176631191013542990128995527648018230243504257685041560141692210649140817,0.99,,,13647.42,,,0.01,13647.42,,,,,,,68226.74
1775088828564,2026-04-02T00:13:48.564,btc-updown-15m-1775088000,1775088900,Up,97157393620546067921107477749024780393693953836060716340958637202932417991675,23717176631191013542990128995527648018230243504257685041560141692210649140817,0.99,,,13632.07,,,0.01,13632.07,,,,,,,68226.74
1775088829565,2026-04-02T00:13:49.565,btc-updown-15m-1775088000,1775088900,Up,97157393620546067921107477749024780393693953836060716340958637202932417991675,23717176631191013542990128995527648018230243504257685041560141692210649140817,0.99,,,13642.02,,,0.01,13642.02,,,,,,,68227.69
1775088830566,2026-04-02T00:13:50.566,btc-updown-15m-1775088000,1775088900,Up,97157393620546067921107477749024780393693953836060716340958637202932417991675,23717176631191013542990128995527648018230243504257685041560141692210649140817,0.99,,,13642.02,,,0.01,13642.02,,,,,,,68227.69
1775088831567,2026-04-02T00:13:51.567,btc-updown-15m-1775088000,1775088900,Up,97157393620546067921107477749024780393693953836060716340958637202932417991675,23717176631191013542990128995527648018230243504257685041560141692210649140817,0.99,,,13642.02,,,0.01,13642.02,,,,,,,68227.69
1775088832568,2026-04-02T00:13:52.568,btc-updown-15m-1775088000,1775088900,Up,97157393620546067921107477749024780393693953836060716340958637202932417991675,23717176631191013542990128995527648018230243504257685041560141692210649140817,0.99,,,13642.02,,,0.01,13642.02,,,,,,,68227.69
1775088833570,2026-04-02T00:13:53.570,btc-updown-15m-1775088000,1775088900,Up,97157393620546067921107477749024780393693953836060716340958637202932417991675,23717176631191013542990128995527648018230243504257685041560141692210649140817,0.99,,,13642.02,,,0.01,13642.02,,,,,,,68227.69
1775088834571,2026-04-02T00:13:54.571,btc-updown-15m-1775088000,1775088900,Up,97157393620546067921107477749024780393693953836060716340958637202932417991675,23717176631191013542990128995527648018230243504257685041560141692210649140817,0.99,,,13642.02,,,0.01,13642.02,,,,,,,68227.69
1775088835571,2026-04-02T00:13:55.571,btc-updown-15m-1775088000,1775088900,Up,97157393620546067921107477749024780393693953836060716340958637202932417991675,23717176631191013542990128995527648018230243504257685041560141692210649140817,0.99,,,13642.02,,,0.01,13642.02,,,,,,,68227.69
1775088836572,2026-04-02T00:13:56.572,btc-updown-15m-1775088000,1775088900,Up,97157393620546067921107477749024780393693953836060716340958637202932417991675,23717176631191013542990128995527648018230243504257685041560141692210649140817,0.99,,,13642.02,,,0.01,13642.02,,,,,,,68227.69
1775088837573,2026-04-02T00:13:57.573,btc-updown-15m-1775088000,1775088900,Up,97157393620546067921107477749024780393693953836060716340958637202932417991675,23717176631191013542990128995527648018230243504257685041560141692210649140817,0.99,,,13642.02,,,0.01,13642.02,,,,,,,68227.69
1775088838574,2026-04-02T00:13:58.574,btc-updown-15m-1775088000,1775088900,Up,97157393620546067921107477749024780393693953836060716340958637202932417991675,23717176631191013542990128995527648018230243504257685041560141692210649140817,0.99,,,13675.42,,,0.01,13675.42,,,,,,,68226.75
1775088839574,2026-04-02T00:13:59.574,btc-updown-15m-1775088000,1775088900,Up,97157393620546067921107477749024780393693953836060716340958637202932417991675,23717176631191013542990128995527648018230243504257685041560141692210649140817,0.99,,,13657.01,,,0.01,13657.01,,,,,,,68226.75
1775088840576,2026-04-02T00:14:00.576,btc-updown-15m-1775088000,1775088900,Up,97157393620546067921107477749024780393693953836060716340958637202932417991675,23717176631191013542990128995527648018230243504257685041560141692210649140817,0.99,,,13657.01,,,0.01,13657.01,,,,,,,68226.75
1775088841576,2026-04-02T00:14:01.576,btc-updown-15m-1775088000,1775088900,Up,97157393620546067921107477749024780393693953836060716340958637202932417991675,23717176631191013542990128995527648018230243504257685041560141692210649140817,0.99,,,13539.94,,,0.01,13539.94,,,,,,,68226.75
1775088842577,2026-04-02T00:14:02.577,btc-updown-15m-1775088000,1775088900,Up,97157393620546067921107477749024780393693953836060716340958637202932417991675,23717176631191013542990128995527648018230243504257685041560141692210649140817,0.99,,,13539.94,,,0.01,13539.94,,,,,,,68226.75
1775088843578,2026-04-02T00:14:03.578,btc-updown-15m-1775088000,1775088900,Up,97157393620546067921107477749024780393693953836060716340958637202932417991675,23717176631191013542990128995527648018230243504257685041560141692210649140817,0.99,,,13539.94,,,0.01,13539.94,,,,,,,68226.75
1775088844579,2026-04-02T00:14:04.579,btc-updown-15m-1775088000,1775088900,Up,97157393620546067921107477749024780393693953836060716340958637202932417991675,23717176631191013542990128995527648018230243504257685041560141692210649140817,0.99,,,13539.94,,,0.01,13539.94,,,,,,,68234.21
1775088845579,2026-04-02T00:14:05.579,btc-updown-15m-1775088000,1775088900,Up,97157393620546067921107477749024780393693953836060716340958637202932417991675,23717176631191013542990128995527648018230243504257685041560141692210649140817,0.99,,,13539.94,,,0.01,13539.94,,,,,,,68234.21
1775088846580,2026-04-02T00:14:06.580,btc-updown-15m-1775088000,1775088900,Up,97157393620546067921107477749024780393693953836060716340958637202932417991675,23717176631191013542990128995527648018230243504257685041560141692210649140817,0.99,,,13539.94,,,0.01,13539.94,,,,,,,68234.21
1775088847581,2026-04-02T00:14:07.581,btc-updown-15m-1775088000,1775088900,Up,97157393620546067921107477749024780393693953836060716340958637202932417991675,23717176631191013542990128995527648018230243504257685041560141692210649140817,0.99,,,13539.94,,,0.01,13539.94,,,,,,,68234.2
1775088848581,2026-04-02T00:14:08.581,btc-updown-15m-1775088000,1775088900,Up,97157393620546067921107477749024780393693953836060716340958637202932417991675,23717176631191013542990128995527648018230243504257685041560141692210649140817,0.99,,,13539.94,,,0.01,13539.94,,,,,,,68234.2
1775088849582,2026-04-02T00:14:09.582,btc-updown-15m-1775088000,1775088900,Up,97157393620546067921107477749024780393693953836060716340958637202932417991675,23717176631191013542990128995527648018230243504257685041560141692210649140817,0.99,,,13539.94,,,0.01,13539.94,,,,,,,68234.2
1775088850584,2026-04-02T00:14:10.584,btc-updown-15m-1775088000,1775088900,Up,97157393620546067921107477749024780393693953836060716340958637202932417991675,23717176631191013542990128995527648018230243504257685041560141692210649140817,0.99,,,13539.94,,,0.01,13539.94,,,,,,,68229.56
1775088851584,2026-04-02T00:14:11.584,btc-updown-15m-1775088000,1775088900,Up,97157393620546067921107477749024780393693953836060716340958637202932417991675,23717176631191013542990128995527648018230243504257685041560141692210649140817,0.99,,,13539.94,,,0.01,13539.94,,,,,,,68229.56
1775088852585,2026-04-02T00:14:12.585,btc-updown-15m-1775088000,1775088900,Up,97157393620546067921107477749024780393693953836060716340958637202932417991675,23717176631191013542990128995527648018230243504257685041560141692210649140817,0.99,,,16058.1,,,0.01,16058.1,,,,,,,68229.56
1775088853585,2026-04-02T00:14:13.585,btc-updown-15m-1775088000,1775088900,Up,97157393620546067921107477749024780393693953836060716340958637202932417991675,23717176631191013542990128995527648018230243504257685041560141692210649140817,0.99,,,16058.1,,,0.01,16058.1,,,,,,,68229.56
1775088854586,2026-04-02T00:14:14.586,btc-updown-15m-1775088000,1775088900,Up,97157393620546067921107477749024780393693953836060716340958637202932417991675,23717176631191013542990128995527648018230243504257685041560141692210649140817,0.99,,,16058.1,,,0.01,16058.1,,,,,,,68229.56
1775088855586,2026-04-02T00:14:15.586,btc-updown-15m-1775088000,1775088900,Up,97157393620546067921107477749024780393693953836060716340958637202932417991675,23717176631191013542990128995527648018230243504257685041560141692210649140817,0.99,,,16058.1,,,0.01,16058.1,,,,,,,68229.56
1775088856587,2026-04-02T00:14:16.587,btc-updown-15m-1775088000,1775088900,Up,97157393620546067921107477749024780393693953836060716340958637202932417991675,23717176631191013542990128995527648018230243504257685041560141692210649140817,0.99,,,16058.1,,,0.01,16058.1,,,,,,,68216.47
1775088857588,2026-04-02T00:14:17.588,btc-updown-15m-1775088000,1775088900,Up,97157393620546067921107477749024780393693953836060716340958637202932417991675,23717176631191013542990128995527648018230243504257685041560141692210649140817,0.99,,,16058.1,,,0.01,16058.1,,,,,,,68216.47
1775088858589,2026-04-02T00:14:18.589,btc-updown-15m-1775088000,1775088900,Up,97157393620546067921107477749024780393693953836060716340958637202932417991675,23717176631191013542990128995527648018230243504257685041560141692210649140817,0.99,,,16058.1,,,0.01,16058.1,,,,,,,68216.47
1775088859589,2026-04-02T00:14:19.589,btc-updown-15m-1775088000,1775088900,Up,97157393620546067921107477749024780393693953836060716340958637202932417991675,23717176631191013542990128995527648018230243504257685041560141692210649140817,0.99,,,16058.1,,,0.01,16058.1,,,,,,,68211.73
1775088860591,2026-04-02T00:14:20.591,btc-updown-15m-1775088000,1775088900,Up,97157393620546067921107477749024780393693953836060716340958637202932417991675,23717176631191013542990128995527648018230243504257685041560141692210649140817,0.99,,,16058.1,,,0.01,16058.1,,,,,,,68211.73
1775088861591,2026-04-02T00:14:21.591,btc-updown-15m-1775088000,1775088900,Up,97157393620546067921107477749024780393693953836060716340958637202932417991675,23717176631191013542990128995527648018230243504257685041560141692210649140817,0.99,,,16058.1,,,0.01,16058.1,,,,,,,68211.73
1775088862592,2026-04-02T00:14:22.592,btc-updown-15m-1775088000,1775088900,Up,97157393620546067921107477749024780393693953836060716340958637202932417991675,23717176631191013542990128995527648018230243504257685041560141692210649140817,0.99,,,16058.1,,,0.01,16058.1,,,,,,,68211.72
1775088863593,2026-04-02T00:14:23.593,btc-updown-15m-1775088000,1775088900,Up,97157393620546067921107477749024780393693953836060716340958637202932417991675,23717176631191013542990128995527648018230243504257685041560141692210649140817,0.99,,,16058.1,,,0.01,16058.1,,,,,,,68211.72
1775088864594,2026-04-02T00:14:24.594,btc-updown-15m-1775088000,1775088900,Up,97157393620546067921107477749024780393693953836060716340958637202932417991675,23717176631191013542990128995527648018230243504257685041560141692210649140817,0.99,,,16058.1,,,0.01,16058.1,,,,,,,68211.72
1775088865595,2026-04-02T00:14:25.595,btc-updown-15m-1775088000,1775088900,Up,97157393620546067921107477749024780393693953836060716340958637202932417991675,23717176631191013542990128995527648018230243504257685041560141692210649140817,0.99,,,16058.1,,,0.01,16058.1,,,,,,,68211.73
1775088866596,2026-04-02T00:14:26.596,btc-updown-15m-1775088000,1775088900,Up,97157393620546067921107477749024780393693953836060716340958637202932417991675,23717176631191013542990128995527648018230243504257685041560141692210649140817,0.99,,,16058.1,,,0.01,16058.1,,,,,,,68211.73
1775088867597,2026-04-02T00:14:27.597,btc-updown-15m-1775088000,1775088900,Up,97157393620546067921107477749024780393693953836060716340958637202932417991675,23717176631191013542990128995527648018230243504257685041560141692210649140817,0.99,,,16058.1,,,0.01,16058.1,,,,,,,68211.73
1775088868599,2026-04-02T00:14:28.599,btc-updown-15m-1775088000,1775088900,Up,97157393620546067921107477749024780393693953836060716340958637202932417991675,23717176631191013542990128995527648018230243504257685041560141692210649140817,0.99,,,16058.1,,,0.01,16058.1,,,,,,,68211.72
1775088869600,2026-04-02T00:14:29.600,btc-updown-15m-1775088000,1775088900,Up,97157393620546067921107477749024780393693953836060716340958637202932417991675,23717176631191013542990128995527648018230243504257685041560141692210649140817,0.99,,,16058.1,,,0.01,16058.1,,,,,,,68211.72
1775088870600,2026-04-02T00:14:30.600,btc-updown-15m-1775088000,1775088900,Up,97157393620546067921107477749024780393693953836060716340958637202932417991675,23717176631191013542990128995527648018230243504257685041560141692210649140817,0.99,,,15439.73,,,0.01,16058.1,,,,,,,68211.72
1775088871601,2026-04-02T00:14:31.601,btc-updown-15m-1775088000,1775088900,Up,97157393620546067921107477749024780393693953836060716340958637202932417991675,23717176631191013542990128995527648018230243504257685041560141692210649140817,0.99,,,15439.73,,,0.01,15439.73,,,,,,,68211.72
1775088872602,2026-04-02T00:14:32.602,btc-updown-15m-1775088000,1775088900,Up,97157393620546067921107477749024780393693953836060716340958637202932417991675,23717176631191013542990128995527648018230243504257685041560141692210649140817,0.99,,,15439.73,,,0.01,15439.73,,,,,,,68211.72
1775088873603,2026-04-02T00:14:33.603,btc-updown-15m-1775088000,1775088900,Up,97157393620546067921107477749024780393693953836060716340958637202932417991675,23717176631191013542990128995527648018230243504257685041560141692210649140817,0.99,,,15439.73,,,0.01,15439.73,,,,,,,68211.72
1775088874603,2026-04-02T00:14:34.603,btc-updown-15m-1775088000,1775088900,Up,97157393620546067921107477749024780393693953836060716340958637202932417991675,23717176631191013542990128995527648018230243504257685041560141692210649140817,0.99,,,15439.73,,,0.01,15439.73,,,,,,,68211.72
1775088875604,2026-04-02T00:14:35.604,btc-updown-15m-1775088000,1775088900,Up,97157393620546067921107477749024780393693953836060716340958637202932417991675,23717176631191013542990128995527648018230243504257685041560141692210649140817,0.99,,,15439.73,,,0.01,15439.73,,,,,,,68211.72
1775088876605,2026-04-02T00:14:36.605,btc-updown-15m-1775088000,1775088900,Up,97157393620546067921107477749024780393693953836060716340958637202932417991675,23717176631191013542990128995527648018230243504257685041560141692210649140817,0.99,,,15439.73,,,0.01,15439.73,,,,,,,68211.72
1775088877607,2026-04-02T00:14:37.607,btc-updown-15m-1775088000,1775088900,Up,97157393620546067921107477749024780393693953836060716340958637202932417991675,23717176631191013542990128995527648018230243504257685041560141692210649140817,0.99,,,15439.73,,,0.01,15439.73,,,,,,,68209.83
1775088878609,2026-04-02T00:14:38.609,btc-updown-15m-1775088000,1775088900,Up,97157393620546067921107477749024780393693953836060716340958637202932417991675,23717176631191013542990128995527648018230243504257685041560141692210649140817,0.99,,,15439.73,,,0.01,15439.73,,,,,,,68209.83
1775088879609,2026-04-02T00:14:39.609,btc-updown-15m-1775088000,1775088900,Up,97157393620546067921107477749024780393693953836060716340958637202932417991675,23717176631191013542990128995527648018230243504257685041560141692210649140817,0.99,,,15439.73,,,0.01,15439.73,,,,,,,68209.83
1775088880610,2026-04-02T00:14:40.610,btc-updown-15m-1775088000,1775088900,Up,97157393620546067921107477749024780393693953836060716340958637202932417991675,23717176631191013542990128995527648018230243504257685041560141692210649140817,0.99,,,15439.73,,,0.01,15439.73,,,,,,,68198.08
1775088881611,2026-04-02T00:14:41.611,btc-updown-15m-1775088000,1775088900,Up,97157393620546067921107477749024780393693953836060716340958637202932417991675,23717176631191013542990128995527648018230243504257685041560141692210649140817,0.99,,,15439.73,,,0.01,15439.73,,,,,,,68198.08
1775088882613,2026-04-02T00:14:42.613,btc-updown-15m-1775088000,1775088900,Up,97157393620546067921107477749024780393693953836060716340958637202932417991675,23717176631191013542990128995527648018230243504257685041560141692210649140817,0.99,,,15439.73,,,0.01,15439.73,,,,,,,68198.08
1775088883615,2026-04-02T00:14:43.615,btc-updown-15m-1775088000,1775088900,Up,97157393620546067921107477749024780393693953836060716340958637202932417991675,23717176631191013542990128995527648018230243504257685041560141692210649140817,0.99,,,25930.83,,,0.01,25930.83,,,,,,,68202.99
1775088884616,2026-04-02T00:14:44.616,btc-updown-15m-1775088000,1775088900,Up,97157393620546067921107477749024780393693953836060716340958637202932417991675,23717176631191013542990128995527648018230243504257685041560141692210649140817,0.99,,,25930.83,,,0.01,25930.83,,,,,,,68202.99
1775088885617,2026-04-02T00:14:45.617,btc-updown-15m-1775088000,1775088900,Up,97157393620546067921107477749024780393693953836060716340958637202932417991675,23717176631191013542990128995527648018230243504257685041560141692210649140817,0.99,,,25930.83,,,0.01,25930.83,,,,,,,68202.99
1775088886618,2026-04-02T00:14:46.618,btc-updown-15m-1775088000,1775088900,Up,97157393620546067921107477749024780393693953836060716340958637202932417991675,23717176631191013542990128995527648018230243504257685041560141692210649140817,0.99,,,25930.83,,,0.01,25930.83,,,,,,,68207.15
1775088887618,2026-04-02T00:14:47.618,btc-updown-15m-1775088000,1775088900,Up,97157393620546067921107477749024780393693953836060716340958637202932417991675,23717176631191013542990128995527648018230243504257685041560141692210649140817,0.99,,,25930.83,,,0.01,25930.83,,,,,,,68207.15
1775088888619,2026-04-02T00:14:48.619,btc-updown-15m-1775088000,1775088900,Up,97157393620546067921107477749024780393693953836060716340958637202932417991675,23717176631191013542990128995527648018230243504257685041560141692210649140817,0.99,,,25930.83,,,0.01,25930.83,,,,,,,68207.15
1775088889620,2026-04-02T00:14:49.620,btc-updown-15m-1775088000,1775088900,Up,97157393620546067921107477749024780393693953836060716340958637202932417991675,23717176631191013542990128995527648018230243504257685041560141692210649140817,0.99,,,25930.83,,,0.01,25930.83,,,,,,,68207.16
1775088890621,2026-04-02T00:14:50.621,btc-updown-15m-1775088000,1775088900,Up,97157393620546067921107477749024780393693953836060716340958637202932417991675,23717176631191013542990128995527648018230243504257685041560141692210649140817,0.99,,,25930.83,,,0.01,25930.83,,,,,,,68207.16
1775088891622,2026-04-02T00:14:51.622,btc-updown-15m-1775088000,1775088900,Up,97157393620546067921107477749024780393693953836060716340958637202932417991675,23717176631191013542990128995527648018230243504257685041560141692210649140817,0.99,,,25930.83,,,0.01,25930.83,,,,,,,68207.16
1775088892623,2026-04-02T00:14:52.623,btc-updown-15m-1775088000,1775088900,Up,97157393620546067921107477749024780393693953836060716340958637202932417991675,23717176631191013542990128995527648018230243504257685041560141692210649140817,0.99,,,25930.83,,,0.01,25930.83,,,,,,,68207.16
