ts_ms,timestamp,window_slug,window_end_ts,outcome,yes_token_id,no_token_id,yes_bid,yes_ask,yes_ask_size,yes_bid_size,yes_spread,no_bid,no_ask,no_ask_size,no_bid_size,no_spread,yes_mid,no_mid,yes_imbalance,no_imbalance,btc_price
1775433600815,2026-04-06T00:00:00.815,btc-updown-15m-1775432700,1775433600,Up,84877248343709601098461305202704577493292318291446941242708227638150834732476,54825307575793992887395574567050436124298865045159769601454091616660637435177,0.99,,,91961.78,,,0.01,91961.78,,,,,,,69034.18
1775433600815,2026-04-06T00:00:00.815,btc-updown-15m-1775433600,1775434500,Up,95167885969113266504867831764936237194318828264372852700231644786070379744432,19849302119209428539674025239449101810031960970765254902437702717134987694488,0.35,0.39,51.87,108.15,0.04,0.61,0.65,108.15,51.87,0.04,0.37,0.63,0.675853,0.324147,69034.18
1775433601815,2026-04-06T00:00:01.815,btc-updown-15m-1775433600,1775434500,Up,95167885969113266504867831764936237194318828264372852700231644786070379744432,19849302119209428539674025239449101810031960970765254902437702717134987694488,0.35,0.37,12.29,200.0,0.02,0.63,0.65,200.0,12.29,0.02,0.36,0.64,0.942107,0.057893,69034.18
1775433602816,2026-04-06T00:00:02.816,btc-updown-15m-1775433600,1775434500,Up,95167885969113266504867831764936237194318828264372852700231644786070379744432,19849302119209428539674025239449101810031960970765254902437702717134987694488,0.39,0.4,218.16,365.0,0.01,0.6,0.61,365.0,218.16,0.01,0.395,0.605,0.6259,0.3741,69050.0
1775433603816,2026-04-06T00:00:03.816,btc-updown-15m-1775433600,1775434500,Up,95167885969113266504867831764936237194318828264372852700231644786070379744432,19849302119209428539674025239449101810031960970765254902437702717134987694488,0.41,0.42,399.69,75.0,0.01,0.58,0.59,75.0,399.69,0.01,0.415,0.585,0.157998,0.842002,69050.0
1775433604817,2026-04-06T00:00:04.817,btc-updown-15m-1775433600,1775434500,Up,95167885969113266504867831764936237194318828264372852700231644786070379744432,19849302119209428539674025239449101810031960970765254902437702717134987694488,0.42,0.44,586.7,178.78,0.02,0.56,0.58,178.78,586.7,0.02,0.43,0.57,0.233553,0.766447,69050.0
1775433605818,2026-04-06T00:00:05.818,btc-updown-15m-1775433600,1775434500,Up,95167885969113266504867831764936237194318828264372852700231644786070379744432,19849302119209428539674025239449101810031960970765254902437702717134987694488,0.43,0.44,158.92,291.48,0.01,0.56,0.57,291.48,158.92,0.01,0.435,0.565,0.647158,0.352842,69124.93
1775433606819,2026-04-06T00:00:06.819,btc-updown-15m-1775433600,1775434500,Up,95167885969113266504867831764936237194318828264372852700231644786070379744432,19849302119209428539674025239449101810031960970765254902437702717134987694488,0.43,0.44,69.9,378.48,0.01,0.56,0.57,378.48,69.9,0.01,0.435,0.565,0.844105,0.155895,69124.93
1775433607819,2026-04-06T00:00:07.819,btc-updown-15m-1775433600,1775434500,Up,95167885969113266504867831764936237194318828264372852700231644786070379744432,19849302119209428539674025239449101810031960970765254902437702717134987694488,0.44,0.45,482.95,125.61,0.01,0.55,0.56,125.61,482.95,0.01,0.445,0.555,0.206405,0.793595,69124.93
1775433608820,2026-04-06T00:00:08.820,btc-updown-15m-1775433600,1775434500,Up,95167885969113266504867831764936237194318828264372852700231644786070379744432,19849302119209428539674025239449101810031960970765254902437702717134987694488,0.43,0.44,28.63,4.24,0.01,0.54,0.57,14.24,538.18,0.03,0.435,0.555,0.128993,0.974223,69125.4
1775433609820,2026-04-06T00:00:09.820,btc-updown-15m-1775433600,1775434500,Up,95167885969113266504867831764936237194318828264372852700231644786070379744432,19849302119209428539674025239449101810031960970765254902437702717134987694488,0.45,0.46,340.65,308.04,0.01,0.54,0.55,308.04,340.65,0.01,0.455,0.545,0.474865,0.525135,69125.4
1775433610821,2026-04-06T00:00:10.821,btc-updown-15m-1775433600,1775434500,Up,95167885969113266504867831764936237194318828264372852700231644786070379744432,19849302119209428539674025239449101810031960970765254902437702717134987694488,0.46,0.47,1343.3,1000.29,0.01,0.53,0.54,1000.29,1343.3,0.01,0.465,0.535,0.42682,0.57318,69125.4
1775433611822,2026-04-06T00:00:11.822,btc-updown-15m-1775433600,1775434500,Up,95167885969113266504867831764936237194318828264372852700231644786070379744432,19849302119209428539674025239449101810031960970765254902437702717134987694488,0.52,0.53,40.51,35.0,0.01,0.47,0.48,35.0,40.51,0.01,0.525,0.475,0.463515,0.536485,69166.2
1775433612824,2026-04-06T00:00:12.824,btc-updown-15m-1775433600,1775434500,Up,95167885969113266504867831764936237194318828264372852700231644786070379744432,19849302119209428539674025239449101810031960970765254902437702717134987694488,0.53,0.65,177.12,50.0,0.12,0.35,0.47,50.0,177.12,0.12,0.59,0.41,0.220148,0.779852,69166.2
1775433613825,2026-04-06T00:00:13.825,btc-updown-15m-1775433600,1775434500,Up,95167885969113266504867831764936237194318828264372852700231644786070379744432,19849302119209428539674025239449101810031960970765254902437702717134987694488,0.5,0.51,302.3,76.92,0.01,0.49,0.5,76.92,302.3,0.01,0.505,0.495,0.202837,0.797163,69166.2
1775433614826,2026-04-06T00:00:14.826,btc-updown-15m-1775433600,1775434500,Up,95167885969113266504867831764936237194318828264372852700231644786070379744432,19849302119209428539674025239449101810031960970765254902437702717134987694488,0.55,0.61,16.45,155.0,0.06,0.39,0.45,155.0,16.45,0.06,0.58,0.42,0.904054,0.095946,69185.86
1775433615827,2026-04-06T00:00:15.827,btc-updown-15m-1775433600,1775434500,Up,95167885969113266504867831764936237194318828264372852700231644786070379744432,19849302119209428539674025239449101810031960970765254902437702717134987694488,0.56,0.58,70.0,7.36,0.02,0.42,0.44,7.36,70.0,0.02,0.57,0.43,0.09514,0.90486,69185.86
1775433616827,2026-04-06T00:00:16.827,btc-updown-15m-1775433600,1775434500,Up,95167885969113266504867831764936237194318828264372852700231644786070379744432,19849302119209428539674025239449101810031960970765254902437702717134987694488,0.59,0.61,35.0,330.25,0.02,0.39,0.41,330.25,35.0,0.02,0.6,0.4,0.904175,0.095825,69185.86
1775433617828,2026-04-06T00:00:17.828,btc-updown-15m-1775433600,1775434500,Up,95167885969113266504867831764936237194318828264372852700231644786070379744432,19849302119209428539674025239449101810031960970765254902437702717134987694488,0.64,0.66,62.67,137.42,0.02,0.34,0.36,137.42,62.67,0.02,0.65,0.35,0.686791,0.313209,69200.39
1775433618829,2026-04-06T00:00:18.829,btc-updown-15m-1775433600,1775434500,Up,95167885969113266504867831764936237194318828264372852700231644786070379744432,19849302119209428539674025239449101810031960970765254902437702717134987694488,0.65,0.66,111.33,31.11,0.01,0.34,0.35,31.11,111.33,0.01,0.655,0.345,0.218408,0.781592,69200.39
1775433619830,2026-04-06T00:00:19.830,btc-updown-15m-1775433600,1775434500,Up,95167885969113266504867831764936237194318828264372852700231644786070379744432,19849302119209428539674025239449101810031960970765254902437702717134987694488,0.66,0.67,225.79,20.0,0.01,0.33,0.34,20.0,225.79,0.01,0.665,0.335,0.08137,0.91863,69200.39
1775433620832,2026-04-06T00:00:20.832,btc-updown-15m-1775433600,1775434500,Up,95167885969113266504867831764936237194318828264372852700231644786070379744432,19849302119209428539674025239449101810031960970765254902437702717134987694488,0.65,0.68,9.4,162.85,0.03,0.32,0.35,162.85,9.4,0.03,0.665,0.335,0.945428,0.054572,69188.88
1775433621833,2026-04-06T00:00:21.833,btc-updown-15m-1775433600,1775434500,Up,95167885969113266504867831764936237194318828264372852700231644786070379744432,19849302119209428539674025239449101810031960970765254902437702717134987694488,0.65,0.7,85.25,7.03,0.05,0.3,0.35,7.03,85.25,0.05,0.675,0.325,0.076181,0.923819,69188.88
1775433622833,2026-04-06T00:00:22.833,btc-updown-15m-1775433600,1775434500,Up,95167885969113266504867831764936237194318828264372852700231644786070379744432,19849302119209428539674025239449101810031960970765254902437702717134987694488,0.65,0.66,128.02,10.0,0.01,0.34,0.35,10.0,128.02,0.01,0.655,0.345,0.072453,0.927547,69188.88
1775433623834,2026-04-06T00:00:23.834,btc-updown-15m-1775433600,1775434500,Up,95167885969113266504867831764936237194318828264372852700231644786070379744432,19849302119209428539674025239449101810031960970765254902437702717134987694488,0.65,0.66,91.66,10.28,0.01,0.34,0.35,10.28,91.66,0.01,0.655,0.345,0.100844,0.899156,69181.14
1775433624835,2026-04-06T00:00:24.835,btc-updown-15m-1775433600,1775434500,Up,95167885969113266504867831764936237194318828264372852700231644786070379744432,19849302119209428539674025239449101810031960970765254902437702717134987694488,0.69,0.7,55.25,89.0,0.01,0.3,0.31,89.0,55.25,0.01,0.695,0.305,0.616984,0.383016,69181.14
1775433625835,2026-04-06T00:00:25.835,btc-updown-15m-1775433600,1775434500,Up,95167885969113266504867831764936237194318828264372852700231644786070379744432,19849302119209428539674025239449101810031960970765254902437702717134987694488,0.69,0.7,4.34,168.65,0.01,0.3,0.31,168.65,4.34,0.01,0.695,0.305,0.974912,0.025088,69181.14
1775433626836,2026-04-06T00:00:26.836,btc-updown-15m-1775433600,1775434500,Up,95167885969113266504867831764936237194318828264372852700231644786070379744432,19849302119209428539674025239449101810031960970765254902437702717134987694488,0.72,0.73,479.02,5.0,0.01,0.27,0.28,5.0,479.02,0.01,0.725,0.275,0.01033,0.98967,69199.98
1775433627836,2026-04-06T00:00:27.836,btc-updown-15m-1775433600,1775434500,Up,95167885969113266504867831764936237194318828264372852700231644786070379744432,19849302119209428539674025239449101810031960970765254902437702717134987694488,0.68,0.71,295.0,113.0,0.03,0.29,0.32,113.0,295.0,0.03,0.695,0.305,0.276961,0.723039,69199.98
1775433628837,2026-04-06T00:00:28.837,btc-updown-15m-1775433600,1775434500,Up,95167885969113266504867831764936237194318828264372852700231644786070379744432,19849302119209428539674025239449101810031960970765254902437702717134987694488,0.7,0.71,363.63,2.83,0.01,0.29,0.3,2.83,363.63,0.01,0.705,0.295,0.007723,0.992277,69199.98
1775433629837,2026-04-06T00:00:29.837,btc-updown-15m-1775433600,1775434500,Up,95167885969113266504867831764936237194318828264372852700231644786070379744432,19849302119209428539674025239449101810031960970765254902437702717134987694488,0.69,0.7,458.95,55.08,0.01,0.3,0.31,55.08,458.95,0.01,0.695,0.305,0.107153,0.892847,69190.15
1775433630838,2026-04-06T00:00:30.838,btc-updown-15m-1775433600,1775434500,Up,95167885969113266504867831764936237194318828264372852700231644786070379744432,19849302119209428539674025239449101810031960970765254902437702717134987694488,0.68,0.69,164.0,76.26,0.01,0.31,0.32,76.26,164.0,0.01,0.685,0.315,0.317406,0.682594,69190.15
1775433631838,2026-04-06T00:00:31.838,btc-updown-15m-1775433600,1775434500,Up,95167885969113266504867831764936237194318828264372852700231644786070379744432,19849302119209428539674025239449101810031960970765254902437702717134987694488,0.7,0.71,96.24,74.0,0.01,0.29,0.3,74.0,96.24,0.01,0.705,0.295,0.43468,0.56532,69190.15
1775433632839,2026-04-06T00:00:32.839,btc-updown-15m-1775433600,1775434500,Up,95167885969113266504867831764936237194318828264372852700231644786070379744432,19849302119209428539674025239449101810031960970765254902437702717134987694488,0.71,0.73,78.63,50.55,0.02,0.27,0.29,50.55,78.63,0.02,0.72,0.28,0.391314,0.608686,69215.99
1775433633839,2026-04-06T00:00:33.839,btc-updown-15m-1775433600,1775434500,Up,95167885969113266504867831764936237194318828264372852700231644786070379744432,19849302119209428539674025239449101810031960970765254902437702717134987694488,0.68,0.74,286.21,76.23,0.06,0.26,0.32,76.23,286.21,0.06,0.71,0.29,0.210324,0.789676,69215.99
1775433634840,2026-04-06T00:00:34.840,btc-updown-15m-1775433600,1775434500,Up,95167885969113266504867831764936237194318828264372852700231644786070379744432,19849302119209428539674025239449101810031960970765254902437702717134987694488,0.72,0.73,43.22,10.0,0.01,0.27,0.28,10.0,43.22,0.01,0.725,0.275,0.187899,0.812101,69215.99
1775433635840,2026-04-06T00:00:35.840,btc-updown-15m-1775433600,1775434500,Up,95167885969113266504867831764936237194318828264372852700231644786070379744432,19849302119209428539674025239449101810031960970765254902437702717134987694488,0.72,0.73,31.96,70.89,0.01,0.27,0.28,70.89,31.96,0.01,0.725,0.275,0.689256,0.310744,69215.98
1775433636842,2026-04-06T00:00:36.842,btc-updown-15m-1775433600,1775434500,Up,95167885969113266504867831764936237194318828264372852700231644786070379744432,19849302119209428539674025239449101810031960970765254902437702717134987694488,0.72,0.73,69.43,11.94,0.01,0.27,0.28,11.94,69.43,0.01,0.725,0.275,0.146737,0.853263,69215.98
1775433637842,2026-04-06T00:00:37.842,btc-updown-15m-1775433600,1775434500,Up,95167885969113266504867831764936237194318828264372852700231644786070379744432,19849302119209428539674025239449101810031960970765254902437702717134987694488,0.73,0.74,141.62,5.0,0.01,0.26,0.27,5.0,141.62,0.01,0.735,0.265,0.034102,0.965898,69215.98
1775433638843,2026-04-06T00:00:38.843,btc-updown-15m-1775433600,1775434500,Up,95167885969113266504867831764936237194318828264372852700231644786070379744432,19849302119209428539674025239449101810031960970765254902437702717134987694488,0.74,0.75,220.0,1074.06,0.01,0.25,0.26,1074.06,220.0,0.01,0.745,0.255,0.829992,0.170008,69200.01
1775433639843,2026-04-06T00:00:39.843,btc-updown-15m-1775433600,1775434500,Up,95167885969113266504867831764936237194318828264372852700231644786070379744432,19849302119209428539674025239449101810031960970765254902437702717134987694488,0.74,0.75,413.68,594.73,0.01,0.25,0.26,594.73,413.68,0.01,0.745,0.255,0.58977,0.41023,69200.01
1775433640843,2026-04-06T00:00:40.843,btc-updown-15m-1775433600,1775434500,Up,95167885969113266504867831764936237194318828264372852700231644786070379744432,19849302119209428539674025239449101810031960970765254902437702717134987694488,0.74,0.75,401.98,552.42,0.01,0.25,0.26,552.42,401.98,0.01,0.745,0.255,0.578814,0.421186,69200.01
1775433641845,2026-04-06T00:00:41.845,btc-updown-15m-1775433600,1775434500,Up,95167885969113266504867831764936237194318828264372852700231644786070379744432,19849302119209428539674025239449101810031960970765254902437702717134987694488,0.75,0.76,187.0,51.0,0.01,0.24,0.25,51.0,187.0,0.01,0.755,0.245,0.214286,0.785714,69222.0
1775433642846,2026-04-06T00:00:42.846,btc-updown-15m-1775433600,1775434500,Up,95167885969113266504867831764936237194318828264372852700231644786070379744432,19849302119209428539674025239449101810031960970765254902437702717134987694488,0.77,0.78,88.08,55.0,0.01,0.22,0.23,55.0,135.16,0.01,0.775,0.225,0.3844,0.71077,69222.0
1775433643846,2026-04-06T00:00:43.846,btc-updown-15m-1775433600,1775434500,Up,95167885969113266504867831764936237194318828264372852700231644786070379744432,19849302119209428539674025239449101810031960970765254902437702717134987694488,0.78,0.79,400.77,6.41,0.01,0.21,0.22,6.41,400.77,0.01,0.785,0.215,0.015742,0.984258,69222.0
1775433644846,2026-04-06T00:00:44.846,btc-updown-15m-1775433600,1775434500,Up,95167885969113266504867831764936237194318828264372852700231644786070379744432,19849302119209428539674025239449101810031960970765254902437702717134987694488,0.78,0.79,62.17,45.0,0.01,0.21,0.22,45.0,62.17,0.01,0.785,0.215,0.419894,0.580106,69243.09
1775433645847,2026-04-06T00:00:45.847,btc-updown-15m-1775433600,1775434500,Up,95167885969113266504867831764936237194318828264372852700231644786070379744432,19849302119209428539674025239449101810031960970765254902437702717134987694488,0.76,0.79,506.0,10.0,0.03,0.21,0.24,10.0,506.0,0.03,0.775,0.225,0.01938,0.98062,69243.09
1775433646847,2026-04-06T00:00:46.847,btc-updown-15m-1775433600,1775434500,Up,95167885969113266504867831764936237194318828264372852700231644786070379744432,19849302119209428539674025239449101810031960970765254902437702717134987694488,0.7,0.72,419.77,5.0,0.02,0.28,0.3,5.0,419.77,0.02,0.71,0.29,0.011771,0.988229,69243.09
1775433647848,2026-04-06T00:00:47.848,btc-updown-15m-1775433600,1775434500,Up,95167885969113266504867831764936237194318828264372852700231644786070379744432,19849302119209428539674025239449101810031960970765254902437702717134987694488,0.64,0.66,7.0,38.13,0.02,0.34,0.36,38.13,7.0,0.02,0.65,0.35,0.844893,0.155107,69160.15
1775433648848,2026-04-06T00:00:48.848,btc-updown-15m-1775433600,1775434500,Up,95167885969113266504867831764936237194318828264372852700231644786070379744432,19849302119209428539674025239449101810031960970765254902437702717134987694488,0.68,0.7,30.0,58.0,0.02,0.3,0.32,58.0,30.0,0.02,0.69,0.31,0.659091,0.340909,69160.15
1775433649850,2026-04-06T00:00:49.850,btc-updown-15m-1775433600,1775434500,Up,95167885969113266504867831764936237194318828264372852700231644786070379744432,19849302119209428539674025239449101810031960970765254902437702717134987694488,0.69,0.7,288.43,15.0,0.01,0.3,0.31,15.0,288.43,0.01,0.695,0.305,0.049435,0.950565,69160.15
1775433650851,2026-04-06T00:00:50.851,btc-updown-15m-1775433600,1775434500,Up,95167885969113266504867831764936237194318828264372852700231644786070379744432,19849302119209428539674025239449101810031960970765254902437702717134987694488,0.63,0.66,503.91,26.29,0.03,0.34,0.37,26.29,503.91,0.03,0.645,0.355,0.049585,0.950415,69135.24
1775433651851,2026-04-06T00:00:51.851,btc-updown-15m-1775433600,1775434500,Up,95167885969113266504867831764936237194318828264372852700231644786070379744432,19849302119209428539674025239449101810031960970765254902437702717134987694488,0.6,0.62,58.0,20.0,0.02,0.38,0.4,20.0,58.0,0.02,0.61,0.39,0.25641,0.74359,69135.24
1775433652853,2026-04-06T00:00:52.853,btc-updown-15m-1775433600,1775434500,Up,95167885969113266504867831764936237194318828264372852700231644786070379744432,19849302119209428539674025239449101810031960970765254902437702717134987694488,0.57,0.59,103.55,11.0,0.02,0.41,0.43,11.0,103.55,0.02,0.58,0.42,0.096028,0.903972,69135.24
1775433653853,2026-04-06T00:00:53.853,btc-updown-15m-1775433600,1775434500,Up,95167885969113266504867831764936237194318828264372852700231644786070379744432,19849302119209428539674025239449101810031960970765254902437702717134987694488,0.58,0.59,219.55,15.0,0.01,0.41,0.42,15.0,219.55,0.01,0.585,0.415,0.063952,0.936048,69107.87
1775433654855,2026-04-06T00:00:54.855,btc-updown-15m-1775433600,1775434500,Up,95167885969113266504867831764936237194318828264372852700231644786070379744432,19849302119209428539674025239449101810031960970765254902437702717134987694488,0.57,0.58,125.0,9.62,0.01,0.42,0.43,9.62,125.0,0.01,0.575,0.425,0.07146,0.92854,69107.87
1775433655855,2026-04-06T00:00:55.855,btc-updown-15m-1775433600,1775434500,Up,95167885969113266504867831764936237194318828264372852700231644786070379744432,19849302119209428539674025239449101810031960970765254902437702717134987694488,0.57,0.58,41.55,114.51,0.01,0.42,0.43,114.51,41.55,0.01,0.575,0.425,0.733756,0.266244,69107.87
1775433656857,2026-04-06T00:00:56.857,btc-updown-15m-1775433600,1775434500,Up,95167885969113266504867831764936237194318828264372852700231644786070379744432,19849302119209428539674025239449101810031960970765254902437702717134987694488,0.57,0.58,151.68,82.51,0.01,0.42,0.43,82.51,151.68,0.01,0.575,0.425,0.352321,0.647679,69116.0
1775433657857,2026-04-06T00:00:57.857,btc-updown-15m-1775433600,1775434500,Up,95167885969113266504867831764936237194318828264372852700231644786070379744432,19849302119209428539674025239449101810031960970765254902437702717134987694488,0.58,0.59,100.0,76.51,0.01,0.41,0.42,76.51,100.0,0.01,0.585,0.415,0.43346,0.56654,69116.0
1775433658857,2026-04-06T00:00:58.857,btc-updown-15m-1775433600,1775434500,Up,95167885969113266504867831764936237194318828264372852700231644786070379744432,19849302119209428539674025239449101810031960970765254902437702717134987694488,0.58,0.59,88.62,101.51,0.01,0.41,0.42,101.51,88.62,0.01,0.585,0.415,0.533898,0.466102,69116.0
1775433659858,2026-04-06T00:00:59.858,btc-updown-15m-1775433600,1775434500,Up,95167885969113266504867831764936237194318828264372852700231644786070379744432,19849302119209428539674025239449101810031960970765254902437702717134987694488,0.61,0.62,10.9,24.35,0.01,0.38,0.39,24.35,10.9,0.01,0.615,0.385,0.69078,0.30922,69133.29
1775433660858,2026-04-06T00:01:00.858,btc-updown-15m-1775433600,1775434500,Up,95167885969113266504867831764936237194318828264372852700231644786070379744432,19849302119209428539674025239449101810031960970765254902437702717134987694488,0.65,0.67,111.8,125.0,0.02,0.33,0.35,125.0,101.8,0.02,0.66,0.34,0.527872,0.448854,69133.29
1775433661858,2026-04-06T00:01:01.858,btc-updown-15m-1775433600,1775434500,Up,95167885969113266504867831764936237194318828264372852700231644786070379744432,19849302119209428539674025239449101810031960970765254902437702717134987694488,0.7,0.71,56.34,70.0,0.01,0.29,0.3,70.0,56.34,0.01,0.705,0.295,0.55406,0.44594,69133.29
1775433662859,2026-04-06T00:01:02.859,btc-updown-15m-1775433600,1775434500,Up,95167885969113266504867831764936237194318828264372852700231644786070379744432,19849302119209428539674025239449101810031960970765254902437702717134987694488,0.73,0.76,36.15,161.52,0.03,0.24,0.27,161.52,36.15,0.03,0.745,0.255,0.817119,0.182881,69210.38
1775433663860,2026-04-06T00:01:03.860,btc-updown-15m-1775433600,1775434500,Up,95167885969113266504867831764936237194318828264372852700231644786070379744432,19849302119209428539674025239449101810031960970765254902437702717134987694488,0.73,0.76,41.15,138.52,0.03,0.24,0.27,138.52,41.15,0.03,0.745,0.255,0.770969,0.229031,69210.38
1775433664860,2026-04-06T00:01:04.860,btc-updown-15m-1775433600,1775434500,Up,95167885969113266504867831764936237194318828264372852700231644786070379744432,19849302119209428539674025239449101810031960970765254902437702717134987694488,0.77,0.78,124.72,175.65,0.01,0.22,0.23,175.65,124.72,0.01,0.775,0.225,0.584779,0.415221,69210.38
1775433665861,2026-04-06T00:01:05.861,btc-updown-15m-1775433600,1775434500,Up,95167885969113266504867831764936237194318828264372852700231644786070379744432,19849302119209428539674025239449101810031960970765254902437702717134987694488,0.78,0.79,100.1,224.36,0.01,0.21,0.22,224.36,100.1,0.01,0.785,0.215,0.691487,0.308513,69219.05
1775433666861,2026-04-06T00:01:06.861,btc-updown-15m-1775433600,1775434500,Up,95167885969113266504867831764936237194318828264372852700231644786070379744432,19849302119209428539674025239449101810031960970765254902437702717134987694488,0.79,0.8,9.84,113.0,0.01,0.2,0.21,113.0,9.84,0.01,0.795,0.205,0.919896,0.080104,69219.05
1775433667862,2026-04-06T00:01:07.862,btc-updown-15m-1775433600,1775434500,Up,95167885969113266504867831764936237194318828264372852700231644786070379744432,19849302119209428539674025239449101810031960970765254902437702717134987694488,0.78,0.79,103.0,3.04,0.01,0.21,0.22,3.04,103.0,0.01,0.785,0.215,0.028668,0.971332,69219.05
1775433668863,2026-04-06T00:01:08.863,btc-updown-15m-1775433600,1775434500,Up,95167885969113266504867831764936237194318828264372852700231644786070379744432,19849302119209428539674025239449101810031960970765254902437702717134987694488,0.8,0.82,288.6,61.0,0.02,0.18,0.2,61.0,288.6,0.02,0.81,0.19,0.174485,0.825515,69250.0
1775433669864,2026-04-06T00:01:09.864,btc-updown-15m-1775433600,1775434500,Up,95167885969113266504867831764936237194318828264372852700231644786070379744432,19849302119209428539674025239449101810031960970765254902437702717134987694488,0.84,0.86,352.2,10.0,0.02,0.14,0.16,10.0,352.2,0.02,0.85,0.15,0.027609,0.972391,69250.0
1775433670864,2026-04-06T00:01:10.864,btc-updown-15m-1775433600,1775434500,Up,95167885969113266504867831764936237194318828264372852700231644786070379744432,19849302119209428539674025239449101810031960970765254902437702717134987694488,0.85,0.87,284.27,15.0,0.02,0.13,0.15,15.0,284.27,0.02,0.86,0.14,0.050122,0.949878,69250.0
1775433671865,2026-04-06T00:01:11.865,btc-updown-15m-1775433600,1775434500,Up,95167885969113266504867831764936237194318828264372852700231644786070379744432,19849302119209428539674025239449101810031960970765254902437702717134987694488,0.81,0.82,15.0,5.0,0.01,0.18,0.19,5.0,15.0,0.01,0.815,0.185,0.25,0.75,69291.92
1775433672865,2026-04-06T00:01:12.865,btc-updown-15m-1775433600,1775434500,Up,95167885969113266504867831764936237194318828264372852700231644786070379744432,19849302119209428539674025239449101810031960970765254902437702717134987694488,0.84,0.86,48.25,5.0,0.02,0.14,0.16,5.0,48.25,0.02,0.85,0.15,0.093897,0.906103,69291.92
1775433673866,2026-04-06T00:01:13.866,btc-updown-15m-1775433600,1775434500,Up,95167885969113266504867831764936237194318828264372852700231644786070379744432,19849302119209428539674025239449101810031960970765254902437702717134987694488,0.85,0.88,142.0,63.07,0.03,0.13,0.15,71.07,10.0,0.02,0.865,0.14,0.307554,0.12335,69291.92
1775433674867,2026-04-06T00:01:14.867,btc-updown-15m-1775433600,1775434500,Up,95167885969113266504867831764936237194318828264372852700231644786070379744432,19849302119209428539674025239449101810031960970765254902437702717134987694488,0.89,0.9,41.0,21.0,0.01,0.1,0.11,21.0,41.0,0.01,0.895,0.105,0.33871,0.66129,69424.19
1775433675868,2026-04-06T00:01:15.868,btc-updown-15m-1775433600,1775434500,Up,95167885969113266504867831764936237194318828264372852700231644786070379744432,19849302119209428539674025239449101810031960970765254902437702717134987694488,0.89,0.91,74.28,103.0,0.02,0.09,0.11,103.0,73.18,0.02,0.9,0.1,0.581002,0.415371,69424.19
1775433676869,2026-04-06T00:01:16.869,btc-updown-15m-1775433600,1775434500,Up,95167885969113266504867831764936237194318828264372852700231644786070379744432,19849302119209428539674025239449101810031960970765254902437702717134987694488,0.9,0.91,0.55,355.0,0.01,0.09,0.1,355.0,0.55,0.01,0.905,0.095,0.998453,0.001547,69424.19
1775433677870,2026-04-06T00:01:17.870,btc-updown-15m-1775433600,1775434500,Up,95167885969113266504867831764936237194318828264372852700231644786070379744432,19849302119209428539674025239449101810031960970765254902437702717134987694488,0.91,0.93,986.92,339.67,0.02,0.07,0.09,339.67,986.92,0.02,0.92,0.08,0.256047,0.743953,69490.49
1775433678871,2026-04-06T00:01:18.871,btc-updown-15m-1775433600,1775434500,Up,95167885969113266504867831764936237194318828264372852700231644786070379744432,19849302119209428539674025239449101810031960970765254902437702717134987694488,0.92,0.93,738.92,152.97,0.01,0.07,0.08,152.97,738.92,0.01,0.925,0.075,0.171512,0.828488,69490.49
1775433679872,2026-04-06T00:01:19.872,btc-updown-15m-1775433600,1775434500,Up,95167885969113266504867831764936237194318828264372852700231644786070379744432,19849302119209428539674025239449101810031960970765254902437702717134987694488,0.92,0.93,736.76,155.29,0.01,0.07,0.08,155.29,736.76,0.01,0.925,0.075,0.174082,0.825918,69490.49
1775433680873,2026-04-06T00:01:20.873,btc-updown-15m-1775433600,1775434500,Up,95167885969113266504867831764936237194318828264372852700231644786070379744432,19849302119209428539674025239449101810031960970765254902437702717134987694488,0.92,0.93,375.9,216.29,0.01,0.07,0.08,202.29,375.9,0.01,0.925,0.075,0.365238,0.650132,69529.99
1775433681874,2026-04-06T00:01:21.874,btc-updown-15m-1775433600,1775434500,Up,95167885969113266504867831764936237194318828264372852700231644786070379744432,19849302119209428539674025239449101810031960970765254902437702717134987694488,0.92,0.93,860.35,60.0,0.01,0.07,0.09,4.43,604.35,0.02,0.925,0.08,0.065193,0.992723,69529.99
1775433682874,2026-04-06T00:01:22.874,btc-updown-15m-1775433600,1775434500,Up,95167885969113266504867831764936237194318828264372852700231644786070379744432,19849302119209428539674025239449101810031960970765254902437702717134987694488,0.91,0.92,83.78,132.43,0.01,0.08,0.09,132.43,83.78,0.01,0.915,0.085,0.612506,0.387494,69529.99
1775433683876,2026-04-06T00:01:23.876,btc-updown-15m-1775433600,1775434500,Up,95167885969113266504867831764936237194318828264372852700231644786070379744432,19849302119209428539674025239449101810031960970765254902437702717134987694488,0.92,0.93,289.45,29.5,0.01,0.07,0.08,41.5,274.45,0.01,0.925,0.075,0.092491,0.86865,69550.06
1775433684876,2026-04-06T00:01:24.876,btc-updown-15m-1775433600,1775434500,Up,95167885969113266504867831764936237194318828264372852700231644786070379744432,19849302119209428539674025239449101810031960970765254902437702717134987694488,0.91,0.92,3.66,109.49,0.01,0.08,0.09,109.49,3.66,0.01,0.915,0.085,0.967654,0.032346,69550.06
1775433685878,2026-04-06T00:01:25.878,btc-updown-15m-1775433600,1775434500,Up,95167885969113266504867831764936237194318828264372852700231644786070379744432,19849302119209428539674025239449101810031960970765254902437702717134987694488,0.92,0.93,173.93,100.0,0.01,0.07,0.08,62.0,173.93,0.01,0.925,0.075,0.365057,0.73721,69550.06
1775433686878,2026-04-06T00:01:26.878,btc-updown-15m-1775433600,1775434500,Up,95167885969113266504867831764936237194318828264372852700231644786070379744432,19849302119209428539674025239449101810031960970765254902437702717134987694488,0.91,0.92,158.62,136.03,0.01,0.08,0.09,136.03,158.62,0.01,0.915,0.085,0.461666,0.538334,69580.51
1775433687879,2026-04-06T00:01:27.879,btc-updown-15m-1775433600,1775434500,Up,95167885969113266504867831764936237194318828264372852700231644786070379744432,19849302119209428539674025239449101810031960970765254902437702717134987694488,0.9,0.92,124.95,97.9,0.02,0.08,0.1,97.9,124.95,0.02,0.91,0.09,0.439309,0.560691,69580.51
1775433688881,2026-04-06T00:01:28.881,btc-updown-15m-1775433600,1775434500,Up,95167885969113266504867831764936237194318828264372852700231644786070379744432,19849302119209428539674025239449101810031960970765254902437702717134987694488,0.9,0.91,189.72,118.9,0.01,0.09,0.1,118.9,189.72,0.01,0.905,0.095,0.385263,0.614737,69580.51
1775433689881,2026-04-06T00:01:29.881,btc-updown-15m-1775433600,1775434500,Up,95167885969113266504867831764936237194318828264372852700231644786070379744432,19849302119209428539674025239449101810031960970765254902437702717134987694488,0.9,0.91,10.0,147.31,0.01,0.09,0.1,147.31,10.0,0.01,0.905,0.095,0.936431,0.063569,69563.0
1775433690882,2026-04-06T00:01:30.882,btc-updown-15m-1775433600,1775434500,Up,95167885969113266504867831764936237194318828264372852700231644786070379744432,19849302119209428539674025239449101810031960970765254902437702717134987694488,0.9,0.91,213.66,72.29,0.01,0.09,0.1,72.29,213.66,0.01,0.905,0.095,0.252806,0.747194,69563.0
1775433691884,2026-04-06T00:01:31.884,btc-updown-15m-1775433600,1775434500,Up,95167885969113266504867831764936237194318828264372852700231644786070379744432,19849302119209428539674025239449101810031960970765254902437702717134987694488,0.9,0.91,31.22,14.0,0.01,0.09,0.1,14.0,31.22,0.01,0.905,0.095,0.309598,0.690402,69563.0
1775433692884,2026-04-06T00:01:32.884,btc-updown-15m-1775433600,1775434500,Up,95167885969113266504867831764936237194318828264372852700231644786070379744432,19849302119209428539674025239449101810031960970765254902437702717134987694488,0.87,0.89,89.51,26.53,0.02,0.11,0.12,10.0,78.55,0.01,0.88,0.115,0.228628,0.887069,69492.04
1775433693885,2026-04-06T00:01:33.885,btc-updown-15m-1775433600,1775434500,Up,95167885969113266504867831764936237194318828264372852700231644786070379744432,19849302119209428539674025239449101810031960970765254902437702717134987694488,0.88,0.9,51.04,41.0,0.02,0.1,0.12,41.0,51.04,0.02,0.89,0.11,0.445458,0.554542,69492.04
1775433694886,2026-04-06T00:01:34.886,btc-updown-15m-1775433600,1775434500,Up,95167885969113266504867831764936237194318828264372852700231644786070379744432,19849302119209428539674025239449101810031960970765254902437702717134987694488,0.89,0.9,212.29,10.0,0.01,0.1,0.11,10.0,212.29,0.01,0.895,0.105,0.044986,0.955014,69492.04
1775433695887,2026-04-06T00:01:35.887,btc-updown-15m-1775433600,1775434500,Up,95167885969113266504867831764936237194318828264372852700231644786070379744432,19849302119209428539674025239449101810031960970765254902437702717134987694488,0.89,0.9,258.85,5.0,0.01,0.1,0.11,5.0,258.85,0.01,0.895,0.105,0.01895,0.98105,69479.04
1775433696887,2026-04-06T00:01:36.887,btc-updown-15m-1775433600,1775434500,Up,95167885969113266504867831764936237194318828264372852700231644786070379744432,19849302119209428539674025239449101810031960970765254902437702717134987694488,0.91,0.93,95.0,41.0,0.02,0.07,0.09,41.0,95.0,0.02,0.92,0.08,0.301471,0.698529,69479.04
1775433697887,2026-04-06T00:01:37.887,btc-updown-15m-1775433600,1775434500,Up,95167885969113266504867831764936237194318828264372852700231644786070379744432,19849302119209428539674025239449101810031960970765254902437702717134987694488,0.65,0.93,100.42,117.78,0.28,0.07,0.35,117.78,100.42,0.28,0.79,0.21,0.53978,0.46022,69479.04
1775433698888,2026-04-06T00:01:38.888,btc-updown-15m-1775433600,1775434500,Up,95167885969113266504867831764936237194318828264372852700231644786070379744432,19849302119209428539674025239449101810031960970765254902437702717134987694488,0.89,0.91,12.0,10.0,0.02,0.09,0.11,10.0,12.0,0.02,0.9,0.1,0.454545,0.545455,69485.87
1775433699888,2026-04-06T00:01:39.888,btc-updown-15m-1775433600,1775434500,Up,95167885969113266504867831764936237194318828264372852700231644786070379744432,19849302119209428539674025239449101810031960970765254902437702717134987694488,0.88,0.9,143.37,30.0,0.02,0.1,0.12,30.0,143.37,0.02,0.89,0.11,0.17304,0.82696,69485.87
1775433700888,2026-04-06T00:01:40.888,btc-updown-15m-1775433600,1775434500,Up,95167885969113266504867831764936237194318828264372852700231644786070379744432,19849302119209428539674025239449101810031960970765254902437702717134987694488,0.88,0.89,75.18,60.97,0.01,0.11,0.12,60.97,75.18,0.01,0.885,0.115,0.447815,0.552185,69485.87
1775433701889,2026-04-06T00:01:41.889,btc-updown-15m-1775433600,1775434500,Up,95167885969113266504867831764936237194318828264372852700231644786070379744432,19849302119209428539674025239449101810031960970765254902437702717134987694488,0.9,0.91,68.22,133.0,0.01,0.09,0.1,133.0,68.22,0.01,0.905,0.095,0.660968,0.339032,69525.35
1775433702890,2026-04-06T00:01:42.890,btc-updown-15m-1775433600,1775434500,Up,95167885969113266504867831764936237194318828264372852700231644786070379744432,19849302119209428539674025239449101810031960970765254902437702717134987694488,0.9,0.91,145.32,19.0,0.01,0.09,0.1,19.0,143.12,0.01,0.905,0.095,0.115628,0.882803,69525.35
1775433703891,2026-04-06T00:01:43.891,btc-updown-15m-1775433600,1775434500,Up,95167885969113266504867831764936237194318828264372852700231644786070379744432,19849302119209428539674025239449101810031960970765254902437702717134987694488,0.9,0.91,143.12,19.0,0.01,0.09,0.11,12.72,206.12,0.02,0.905,0.1,0.117197,0.941875,69525.35
1775433704892,2026-04-06T00:01:44.892,btc-updown-15m-1775433600,1775434500,Up,95167885969113266504867831764936237194318828264372852700231644786070379744432,19849302119209428539674025239449101810031960970765254902437702717134987694488,0.88,0.9,5.0,92.23,0.02,0.1,0.11,5.0,63.0,0.01,0.89,0.105,0.948576,0.926471,69494.26
1775433705893,2026-04-06T00:01:45.893,btc-updown-15m-1775433600,1775434500,Up,95167885969113266504867831764936237194318828264372852700231644786070379744432,19849302119209428539674025239449101810031960970765254902437702717134987694488,0.87,0.88,21.58,206.26,0.01,0.12,0.13,178.26,16.58,0.01,0.875,0.125,0.905284,0.085095,69494.26
1775433706893,2026-04-06T00:01:46.893,btc-updown-15m-1775433600,1775434500,Up,95167885969113266504867831764936237194318828264372852700231644786070379744432,19849302119209428539674025239449101810031960970765254902437702717134987694488,0.87,0.88,53.0,139.26,0.01,0.12,0.13,139.26,53.0,0.01,0.875,0.125,0.724332,0.275668,69494.26
1775433707893,2026-04-06T00:01:47.893,btc-updown-15m-1775433600,1775434500,Up,95167885969113266504867831764936237194318828264372852700231644786070379744432,19849302119209428539674025239449101810031960970765254902437702717134987694488,0.88,0.9,117.5,164.41,0.02,0.1,0.12,164.41,117.5,0.02,0.89,0.11,0.5832,0.4168,69479.48
1775433708894,2026-04-06T00:01:48.894,btc-updown-15m-1775433600,1775434500,Up,95167885969113266504867831764936237194318828264372852700231644786070379744432,19849302119209428539674025239449101810031960970765254902437702717134987694488,0.89,0.9,3.0,82.18,0.01,0.1,0.11,82.18,3.0,0.01,0.895,0.105,0.96478,0.03522,69479.48
1775433709895,2026-04-06T00:01:49.895,btc-updown-15m-1775433600,1775434500,Up,95167885969113266504867831764936237194318828264372852700231644786070379744432,19849302119209428539674025239449101810031960970765254902437702717134987694488,0.89,0.9,37.77,82.18,0.01,0.1,0.11,82.18,37.77,0.01,0.895,0.105,0.685119,0.314881,69479.48
1775433710896,2026-04-06T00:01:50.896,btc-updown-15m-1775433600,1775434500,Up,95167885969113266504867831764936237194318828264372852700231644786070379744432,19849302119209428539674025239449101810031960970765254902437702717134987694488,0.88,0.9,135.27,35.27,0.02,0.1,0.12,35.27,135.27,0.02,0.89,0.11,0.206814,0.793186,69480.97
1775433711897,2026-04-06T00:01:51.897,btc-updown-15m-1775433600,1775434500,Up,95167885969113266504867831764936237194318828264372852700231644786070379744432,19849302119209428539674025239449101810031960970765254902437702717134987694488,0.88,0.9,25.0,435.85,0.02,0.1,0.12,435.85,25.0,0.02,0.89,0.11,0.945752,0.054248,69480.97
1775433712898,2026-04-06T00:01:52.898,btc-updown-15m-1775433600,1775434500,Up,95167885969113266504867831764936237194318828264372852700231644786070379744432,19849302119209428539674025239449101810031960970765254902437702717134987694488,0.9,0.91,103.44,29.0,0.01,0.09,0.1,29.0,103.44,0.01,0.905,0.095,0.218967,0.781033,69480.97
1775433713898,2026-04-06T00:01:53.898,btc-updown-15m-1775433600,1775434500,Up,95167885969113266504867831764936237194318828264372852700231644786070379744432,19849302119209428539674025239449101810031960970765254902437702717134987694488,0.89,0.9,30.0,28.18,0.01,0.1,0.11,28.18,30.0,0.01,0.895,0.105,0.484359,0.515641,69492.03
1775433714898,2026-04-06T00:01:54.898,btc-updown-15m-1775433600,1775434500,Up,95167885969113266504867831764936237194318828264372852700231644786070379744432,19849302119209428539674025239449101810031960970765254902437702717134987694488,0.89,0.9,49.0,68.18,0.01,0.1,0.11,68.18,49.0,0.01,0.895,0.105,0.58184,0.41816,69492.03
1775433715899,2026-04-06T00:01:55.899,btc-updown-15m-1775433600,1775434500,Up,95167885969113266504867831764936237194318828264372852700231644786070379744432,19849302119209428539674025239449101810031960970765254902437702717134987694488,0.91,0.92,131.73,78.01,0.01,0.08,0.09,78.01,131.73,0.01,0.915,0.085,0.371937,0.628063,69492.03
1775433716900,2026-04-06T00:01:56.900,btc-updown-15m-1775433600,1775434500,Up,95167885969113266504867831764936237194318828264372852700231644786070379744432,19849302119209428539674025239449101810031960970765254902437702717134987694488,0.91,0.92,129.55,134.23,0.01,0.08,0.09,134.23,129.55,0.01,0.915,0.085,0.508871,0.491129,69538.0
1775433717901,2026-04-06T00:01:57.901,btc-updown-15m-1775433600,1775434500,Up,95167885969113266504867831764936237194318828264372852700231644786070379744432,19849302119209428539674025239449101810031960970765254902437702717134987694488,0.91,0.92,129.37,95.23,0.01,0.08,0.09,95.23,129.37,0.01,0.915,0.085,0.423998,0.576002,69538.0
1775433718901,2026-04-06T00:01:58.901,btc-updown-15m-1775433600,1775434500,Up,95167885969113266504867831764936237194318828264372852700231644786070379744432,19849302119209428539674025239449101810031960970765254902437702717134987694488,0.91,0.92,106.93,123.11,0.01,0.08,0.09,123.11,106.93,0.01,0.915,0.085,0.535168,0.464832,69538.0
1775433719901,2026-04-06T00:01:59.901,btc-updown-15m-1775433600,1775434500,Up,95167885969113266504867831764936237194318828264372852700231644786070379744432,19849302119209428539674025239449101810031960970765254902437702717134987694488,0.91,0.92,118.93,57.8,0.01,0.08,0.09,57.8,118.93,0.01,0.915,0.085,0.327053,0.672947,69540.95
1775433720903,2026-04-06T00:02:00.903,btc-updown-15m-1775433600,1775434500,Up,95167885969113266504867831764936237194318828264372852700231644786070379744432,19849302119209428539674025239449101810031960970765254902437702717134987694488,0.91,0.92,69.25,512.46,0.01,0.08,0.09,512.46,69.25,0.01,0.915,0.085,0.880954,0.119046,69540.95
1775433721904,2026-04-06T00:02:01.904,btc-updown-15m-1775433600,1775434500,Up,95167885969113266504867831764936237194318828264372852700231644786070379744432,19849302119209428539674025239449101810031960970765254902437702717134987694488,0.91,0.92,14.5,304.35,0.01,0.08,0.09,304.35,14.5,0.01,0.915,0.085,0.954524,0.045476,69540.95
1775433722905,2026-04-06T00:02:02.905,btc-updown-15m-1775433600,1775434500,Up,95167885969113266504867831764936237194318828264372852700231644786070379744432,19849302119209428539674025239449101810031960970765254902437702717134987694488,0.91,0.92,9.5,164.79,0.01,0.08,0.09,164.79,9.5,0.01,0.915,0.085,0.945493,0.054507,69569.29
1775433723905,2026-04-06T00:02:03.905,btc-updown-15m-1775433600,1775434500,Up,95167885969113266504867831764936237194318828264372852700231644786070379744432,19849302119209428539674025239449101810031960970765254902437702717134987694488,0.91,0.92,183.94,5.0,0.01,0.08,0.09,5.0,183.94,0.01,0.915,0.085,0.026463,0.973537,69569.29
1775433724906,2026-04-06T00:02:04.906,btc-updown-15m-1775433600,1775434500,Up,95167885969113266504867831764936237194318828264372852700231644786070379744432,19849302119209428539674025239449101810031960970765254902437702717134987694488,0.91,0.92,172.5,618.72,0.01,0.08,0.09,618.72,172.5,0.01,0.915,0.085,0.781982,0.218018,69569.29
1775433725907,2026-04-06T00:02:05.907,btc-updown-15m-1775433600,1775434500,Up,95167885969113266504867831764936237194318828264372852700231644786070379744432,19849302119209428539674025239449101810031960970765254902437702717134987694488,0.91,0.92,150.62,41.18,0.01,0.08,0.09,41.18,150.62,0.01,0.915,0.085,0.214703,0.785297,69484.6
1775433726908,2026-04-06T00:02:06.908,btc-updown-15m-1775433600,1775434500,Up,95167885969113266504867831764936237194318828264372852700231644786070379744432,19849302119209428539674025239449101810031960970765254902437702717134987694488,0.9,0.92,217.12,30.0,0.02,0.08,0.1,30.0,217.12,0.02,0.91,0.09,0.121399,0.878601,69484.6
1775433727909,2026-04-06T00:02:07.909,btc-updown-15m-1775433600,1775434500,Up,95167885969113266504867831764936237194318828264372852700231644786070379744432,19849302119209428539674025239449101810031960970765254902437702717134987694488,0.88,0.89,76.0,108.14,0.01,0.11,0.12,108.14,76.0,0.01,0.885,0.115,0.587271,0.412729,69484.6
1775433728910,2026-04-06T00:02:08.910,btc-updown-15m-1775433600,1775434500,Up,95167885969113266504867831764936237194318828264372852700231644786070379744432,19849302119209428539674025239449101810031960970765254902437702717134987694488,0.88,0.89,79.75,179.14,0.01,0.11,0.12,179.14,79.75,0.01,0.885,0.115,0.691954,0.308046,69456.03
1775433729911,2026-04-06T00:02:09.911,btc-updown-15m-1775433600,1775434500,Up,95167885969113266504867831764936237194318828264372852700231644786070379744432,19849302119209428539674025239449101810031960970765254902437702717134987694488,0.88,0.89,79.75,179.14,0.01,0.11,0.12,179.14,79.75,0.01,0.885,0.115,0.691954,0.308046,69456.03
1775433730911,2026-04-06T00:02:10.911,btc-updown-15m-1775433600,1775434500,Up,95167885969113266504867831764936237194318828264372852700231644786070379744432,19849302119209428539674025239449101810031960970765254902437702717134987694488,0.88,0.89,15.0,496.45,0.01,0.11,0.12,496.45,15.0,0.01,0.885,0.115,0.970672,0.029328,69456.03
1775433731912,2026-04-06T00:02:11.912,btc-updown-15m-1775433600,1775434500,Up,95167885969113266504867831764936237194318828264372852700231644786070379744432,19849302119209428539674025239449101810031960970765254902437702717134987694488,0.89,0.9,2.94,392.04,0.01,0.1,0.11,392.04,2.94,0.01,0.895,0.105,0.992557,0.007443,69509.99
1775433732913,2026-04-06T00:02:12.913,btc-updown-15m-1775433600,1775434500,Up,95167885969113266504867831764936237194318828264372852700231644786070379744432,19849302119209428539674025239449101810031960970765254902437702717134987694488,0.89,0.9,2.94,392.04,0.01,0.1,0.11,392.04,2.94,0.01,0.895,0.105,0.992557,0.007443,69509.99
1775433733913,2026-04-06T00:02:13.913,btc-updown-15m-1775433600,1775434500,Up,95167885969113266504867831764936237194318828264372852700231644786070379744432,19849302119209428539674025239449101810031960970765254902437702717134987694488,0.9,0.91,127.22,56.0,0.01,0.09,0.1,56.0,127.22,0.01,0.905,0.095,0.305643,0.694357,69509.99
1775433734915,2026-04-06T00:02:14.915,btc-updown-15m-1775433600,1775434500,Up,95167885969113266504867831764936237194318828264372852700231644786070379744432,19849302119209428539674025239449101810031960970765254902437702717134987694488,0.89,0.9,9.77,35.0,0.01,0.1,0.11,35.0,9.77,0.01,0.895,0.105,0.781774,0.218226,69462.97
1775433735916,2026-04-06T00:02:15.916,btc-updown-15m-1775433600,1775434500,Up,95167885969113266504867831764936237194318828264372852700231644786070379744432,19849302119209428539674025239449101810031960970765254902437702717134987694488,0.88,0.9,145.87,139.95,0.02,0.1,0.12,139.95,145.87,0.02,0.89,0.11,0.489644,0.510356,69462.97
1775433736918,2026-04-06T00:02:16.918,btc-updown-15m-1775433600,1775434500,Up,95167885969113266504867831764936237194318828264372852700231644786070379744432,19849302119209428539674025239449101810031960970765254902437702717134987694488,0.88,0.89,94.2,139.95,0.01,0.11,0.12,139.95,94.2,0.01,0.885,0.115,0.597694,0.402306,69462.97
1775433737918,2026-04-06T00:02:17.918,btc-updown-15m-1775433600,1775434500,Up,95167885969113266504867831764936237194318828264372852700231644786070379744432,19849302119209428539674025239449101810031960970765254902437702717134987694488,0.88,0.89,105.66,194.94,0.01,0.11,0.12,194.94,105.66,0.01,0.885,0.115,0.648503,0.351497,69447.25
1775433738919,2026-04-06T00:02:18.919,btc-updown-15m-1775433600,1775434500,Up,95167885969113266504867831764936237194318828264372852700231644786070379744432,19849302119209428539674025239449101810031960970765254902437702717134987694488,0.88,0.89,80.48,332.94,0.01,0.11,0.12,332.94,80.48,0.01,0.885,0.115,0.805331,0.194669,69447.25
1775433739920,2026-04-06T00:02:19.920,btc-updown-15m-1775433600,1775434500,Up,95167885969113266504867831764936237194318828264372852700231644786070379744432,19849302119209428539674025239449101810031960970765254902437702717134987694488,0.88,0.89,80.48,332.94,0.01,0.11,0.12,332.94,80.48,0.01,0.885,0.115,0.805331,0.194669,69447.25
1775433740921,2026-04-06T00:02:20.921,btc-updown-15m-1775433600,1775434500,Up,95167885969113266504867831764936237194318828264372852700231644786070379744432,19849302119209428539674025239449101810031960970765254902437702717134987694488,0.88,0.89,68.23,270.94,0.01,0.11,0.12,270.94,68.23,0.01,0.885,0.115,0.798832,0.201168,69448.78
1775433741921,2026-04-06T00:02:21.921,btc-updown-15m-1775433600,1775434500,Up,95167885969113266504867831764936237194318828264372852700231644786070379744432,19849302119209428539674025239449101810031960970765254902437702717134987694488,0.88,0.89,68.23,204.48,0.01,0.11,0.12,204.48,68.23,0.01,0.885,0.115,0.749807,0.250193,69448.78
1775433742922,2026-04-06T00:02:22.922,btc-updown-15m-1775433600,1775434500,Up,95167885969113266504867831764936237194318828264372852700231644786070379744432,19849302119209428539674025239449101810031960970765254902437702717134987694488,0.88,0.89,94.41,65.24,0.01,0.11,0.12,65.24,94.41,0.01,0.885,0.115,0.408644,0.591356,69448.78
1775433743922,2026-04-06T00:02:23.922,btc-updown-15m-1775433600,1775434500,Up,95167885969113266504867831764936237194318828264372852700231644786070379744432,19849302119209428539674025239449101810031960970765254902437702717134987694488,0.88,0.89,94.41,65.24,0.01,0.11,0.12,65.24,94.41,0.01,0.885,0.115,0.408644,0.591356,69429.99
1775433744923,2026-04-06T00:02:24.923,btc-updown-15m-1775433600,1775434500,Up,95167885969113266504867831764936237194318828264372852700231644786070379744432,19849302119209428539674025239449101810031960970765254902437702717134987694488,0.88,0.89,94.41,65.24,0.01,0.11,0.12,65.24,94.41,0.01,0.885,0.115,0.408644,0.591356,69429.99
1775433745924,2026-04-06T00:02:25.924,btc-updown-15m-1775433600,1775434500,Up,95167885969113266504867831764936237194318828264372852700231644786070379744432,19849302119209428539674025239449101810031960970765254902437702717134987694488,0.88,0.89,94.41,65.24,0.01,0.11,0.12,65.24,94.41,0.01,0.885,0.115,0.408644,0.591356,69429.99
1775433746925,2026-04-06T00:02:26.925,btc-updown-15m-1775433600,1775434500,Up,95167885969113266504867831764936237194318828264372852700231644786070379744432,19849302119209428539674025239449101810031960970765254902437702717134987694488,0.86,0.87,82.46,78.0,0.01,0.13,0.14,78.0,82.46,0.01,0.865,0.135,0.486102,0.513898,69407.57
1775433747926,2026-04-06T00:02:27.926,btc-updown-15m-1775433600,1775434500,Up,95167885969113266504867831764936237194318828264372852700231644786070379744432,19849302119209428539674025239449101810031960970765254902437702717134987694488,0.86,0.87,82.46,78.0,0.01,0.13,0.14,78.0,82.46,0.01,0.865,0.135,0.486102,0.513898,69407.57
1775433748927,2026-04-06T00:02:28.927,btc-updown-15m-1775433600,1775434500,Up,95167885969113266504867831764936237194318828264372852700231644786070379744432,19849302119209428539674025239449101810031960970765254902437702717134987694488,0.86,0.87,99.22,119.9,0.01,0.13,0.14,119.9,99.22,0.01,0.865,0.135,0.547189,0.452811,69407.57
1775433749927,2026-04-06T00:02:29.927,btc-updown-15m-1775433600,1775434500,Up,95167885969113266504867831764936237194318828264372852700231644786070379744432,19849302119209428539674025239449101810031960970765254902437702717134987694488,0.85,0.86,114.21,142.0,0.01,0.14,0.15,142.0,114.21,0.01,0.855,0.145,0.554233,0.445767,69380.0
1775433750928,2026-04-06T00:02:30.928,btc-updown-15m-1775433600,1775434500,Up,95167885969113266504867831764936237194318828264372852700231644786070379744432,19849302119209428539674025239449101810031960970765254902437702717134987694488,0.84,0.86,192.88,5.0,0.02,0.14,0.16,5.0,192.88,0.02,0.85,0.15,0.025268,0.974732,69380.0
1775433751929,2026-04-06T00:02:31.929,btc-updown-15m-1775433600,1775434500,Up,95167885969113266504867831764936237194318828264372852700231644786070379744432,19849302119209428539674025239449101810031960970765254902437702717134987694488,0.84,0.85,210.45,23.75,0.01,0.15,0.16,23.75,210.45,0.01,0.845,0.155,0.101409,0.898591,69380.0
1775433752929,2026-04-06T00:02:32.929,btc-updown-15m-1775433600,1775434500,Up,95167885969113266504867831764936237194318828264372852700231644786070379744432,19849302119209428539674025239449101810031960970765254902437702717134987694488,0.83,0.84,122.31,5.16,0.01,0.16,0.17,5.16,122.31,0.01,0.835,0.165,0.04048,0.95952,69357.96
1775433753930,2026-04-06T00:02:33.930,btc-updown-15m-1775433600,1775434500,Up,95167885969113266504867831764936237194318828264372852700231644786070379744432,19849302119209428539674025239449101810031960970765254902437702717134987694488,0.83,0.84,170.31,75.08,0.01,0.16,0.17,75.08,170.31,0.01,0.835,0.165,0.305962,0.694038,69357.96
1775433754931,2026-04-06T00:02:34.931,btc-updown-15m-1775433600,1775434500,Up,95167885969113266504867831764936237194318828264372852700231644786070379744432,19849302119209428539674025239449101810031960970765254902437702717134987694488,0.83,0.84,283.14,5.08,0.01,0.16,0.17,5.08,283.14,0.01,0.835,0.165,0.017625,0.982375,69357.96
1775433755933,2026-04-06T00:02:35.933,btc-updown-15m-1775433600,1775434500,Up,95167885969113266504867831764936237194318828264372852700231644786070379744432,19849302119209428539674025239449101810031960970765254902437702717134987694488,0.83,0.84,141.81,95.78,0.01,0.16,0.17,95.78,141.81,0.01,0.835,0.165,0.403131,0.596869,69344.62
1775433756933,2026-04-06T00:02:36.933,btc-updown-15m-1775433600,1775434500,Up,95167885969113266504867831764936237194318828264372852700231644786070379744432,19849302119209428539674025239449101810031960970765254902437702717134987694488,0.83,0.85,49.35,222.78,0.02,0.15,0.17,222.78,49.35,0.02,0.84,0.16,0.818653,0.181347,69344.62
1775433757934,2026-04-06T00:02:37.934,btc-updown-15m-1775433600,1775434500,Up,95167885969113266504867831764936237194318828264372852700231644786070379744432,19849302119209428539674025239449101810031960970765254902437702717134987694488,0.83,0.84,32.61,151.78,0.01,0.16,0.17,151.78,32.61,0.01,0.835,0.165,0.823147,0.176853,69344.62
1775433758935,2026-04-06T00:02:38.935,btc-updown-15m-1775433600,1775434500,Up,95167885969113266504867831764936237194318828264372852700231644786070379744432,19849302119209428539674025239449101810031960970765254902437702717134987694488,0.82,0.84,184.42,12.67,0.02,0.16,0.18,12.67,184.42,0.02,0.83,0.17,0.064285,0.935715,69339.64
1775433759936,2026-04-06T00:02:39.936,btc-updown-15m-1775433600,1775434500,Up,95167885969113266504867831764936237194318828264372852700231644786070379744432,19849302119209428539674025239449101810031960970765254902437702717134987694488,0.82,0.83,13.94,17.67,0.01,0.17,0.18,17.67,13.94,0.01,0.825,0.175,0.559,0.441,69339.64
1775433760937,2026-04-06T00:02:40.937,btc-updown-15m-1775433600,1775434500,Up,95167885969113266504867831764936237194318828264372852700231644786070379744432,19849302119209428539674025239449101810031960970765254902437702717134987694488,0.82,0.84,87.0,365.22,0.02,0.16,0.18,365.22,87.0,0.02,0.83,0.17,0.807616,0.192384,69339.64
1775433761938,2026-04-06T00:02:41.938,btc-updown-15m-1775433600,1775434500,Up,95167885969113266504867831764936237194318828264372852700231644786070379744432,19849302119209428539674025239449101810031960970765254902437702717134987694488,0.83,0.84,222.81,53.22,0.01,0.16,0.17,53.22,222.81,0.01,0.835,0.165,0.192805,0.807195,69332.67
1775433762938,2026-04-06T00:02:42.938,btc-updown-15m-1775433600,1775434500,Up,95167885969113266504867831764936237194318828264372852700231644786070379744432,19849302119209428539674025239449101810031960970765254902437702717134987694488,0.83,0.84,183.42,79.86,0.01,0.16,0.17,79.86,183.42,0.01,0.835,0.165,0.303327,0.696673,69332.67
1775433763939,2026-04-06T00:02:43.939,btc-updown-15m-1775433600,1775434500,Up,95167885969113266504867831764936237194318828264372852700231644786070379744432,19849302119209428539674025239449101810031960970765254902437702717134987694488,0.83,0.84,183.42,0.86,0.01,0.17,0.18,27.17,96.94,0.01,0.835,0.175,0.004667,0.781081,69332.67
1775433764941,2026-04-06T00:02:44.941,btc-updown-15m-1775433600,1775434500,Up,95167885969113266504867831764936237194318828264372852700231644786070379744432,19849302119209428539674025239449101810031960970765254902437702717134987694488,0.83,0.84,79.31,51.35,0.01,0.16,0.17,51.35,79.31,0.01,0.835,0.165,0.393005,0.606995,69337.84
1775433765942,2026-04-06T00:02:45.942,btc-updown-15m-1775433600,1775434500,Up,95167885969113266504867831764936237194318828264372852700231644786070379744432,19849302119209428539674025239449101810031960970765254902437702717134987694488,0.83,0.84,79.31,51.35,0.01,0.16,0.17,51.35,79.31,0.01,0.835,0.165,0.393005,0.606995,69337.84
1775433766942,2026-04-06T00:02:46.942,btc-updown-15m-1775433600,1775434500,Up,95167885969113266504867831764936237194318828264372852700231644786070379744432,19849302119209428539674025239449101810031960970765254902437702717134987694488,0.83,0.84,3.01,76.35,0.01,0.16,0.17,76.35,3.01,0.01,0.835,0.165,0.962072,0.037928,69337.84
1775433767944,2026-04-06T00:02:47.944,btc-updown-15m-1775433600,1775434500,Up,95167885969113266504867831764936237194318828264372852700231644786070379744432,19849302119209428539674025239449101810031960970765254902437702717134987694488,0.84,0.85,27.38,173.15,0.01,0.15,0.16,173.15,27.38,0.01,0.845,0.155,0.863462,0.136538,69347.02
1775433768944,2026-04-06T00:02:48.944,btc-updown-15m-1775433600,1775434500,Up,95167885969113266504867831764936237194318828264372852700231644786070379744432,19849302119209428539674025239449101810031960970765254902437702717134987694488,0.84,0.85,27.38,173.15,0.01,0.15,0.16,173.15,27.38,0.01,0.845,0.155,0.863462,0.136538,69347.02
1775433769945,2026-04-06T00:02:49.945,btc-updown-15m-1775433600,1775434500,Up,95167885969113266504867831764936237194318828264372852700231644786070379744432,19849302119209428539674025239449101810031960970765254902437702717134987694488,0.83,0.85,204.88,20.0,0.02,0.15,0.17,20.0,204.88,0.02,0.84,0.16,0.088936,0.911064,69347.02
1775433770946,2026-04-06T00:02:50.946,btc-updown-15m-1775433600,1775434500,Up,95167885969113266504867831764936237194318828264372852700231644786070379744432,19849302119209428539674025239449101810031960970765254902437702717134987694488,0.83,0.85,204.88,20.0,0.02,0.15,0.17,106.0,176.88,0.02,0.84,0.16,0.088936,0.625283,69332.67
1775433771946,2026-04-06T00:02:51.946,btc-updown-15m-1775433600,1775434500,Up,95167885969113266504867831764936237194318828264372852700231644786070379744432,19849302119209428539674025239449101810031960970765254902437702717134987694488,0.83,0.84,30.67,82.17,0.01,0.16,0.17,82.17,30.67,0.01,0.835,0.165,0.728199,0.271801,69332.67
1775433772947,2026-04-06T00:02:52.947,btc-updown-15m-1775433600,1775434500,Up,95167885969113266504867831764936237194318828264372852700231644786070379744432,19849302119209428539674025239449101810031960970765254902437702717134987694488,0.83,0.84,24.28,127.17,0.01,0.16,0.17,127.17,24.28,0.01,0.835,0.165,0.839683,0.160317,69332.67
1775433773948,2026-04-06T00:02:53.948,btc-updown-15m-1775433600,1775434500,Up,95167885969113266504867831764936237194318828264372852700231644786070379744432,19849302119209428539674025239449101810031960970765254902437702717134987694488,0.8,0.83,5.0,52.68,0.03,0.17,0.2,18.0,314.44,0.03,0.815,0.185,0.913315,0.945855,69288.82
1775433774949,2026-04-06T00:02:54.949,btc-updown-15m-1775433600,1775434500,Up,95167885969113266504867831764936237194318828264372852700231644786070379744432,19849302119209428539674025239449101810031960970765254902437702717134987694488,0.79,0.8,57.98,114.5,0.01,0.2,0.21,114.5,57.98,0.01,0.795,0.205,0.663845,0.336155,69288.82
1775433775950,2026-04-06T00:02:55.950,btc-updown-15m-1775433600,1775434500,Up,95167885969113266504867831764936237194318828264372852700231644786070379744432,19849302119209428539674025239449101810031960970765254902437702717134987694488,0.79,0.81,47.0,177.4,0.02,0.19,0.21,177.4,47.0,0.02,0.8,0.2,0.790553,0.209447,69288.82
1775433776950,2026-04-06T00:02:56.950,btc-updown-15m-1775433600,1775434500,Up,95167885969113266504867831764936237194318828264372852700231644786070379744432,19849302119209428539674025239449101810031960970765254902437702717134987694488,0.8,0.81,209.81,5.0,0.01,0.19,0.2,5.0,209.81,0.01,0.805,0.195,0.023276,0.976724,69292.23
1775433777951,2026-04-06T00:02:57.951,btc-updown-15m-1775433600,1775434500,Up,95167885969113266504867831764936237194318828264372852700231644786070379744432,19849302119209428539674025239449101810031960970765254902437702717134987694488,0.79,0.8,46.05,21.55,0.01,0.2,0.21,21.55,46.05,0.01,0.795,0.205,0.318787,0.681213,69292.23
1775433778952,2026-04-06T00:02:58.952,btc-updown-15m-1775433600,1775434500,Up,95167885969113266504867831764936237194318828264372852700231644786070379744432,19849302119209428539674025239449101810031960970765254902437702717134987694488,0.81,0.83,53.0,241.65,0.02,0.17,0.19,241.65,53.0,0.02,0.82,0.18,0.820126,0.179874,69292.23
1775433779952,2026-04-06T00:02:59.952,btc-updown-15m-1775433600,1775434500,Up,95167885969113266504867831764936237194318828264372852700231644786070379744432,19849302119209428539674025239449101810031960970765254902437702717134987694488,0.83,0.84,111.0,226.0,0.01,0.16,0.17,226.0,111.0,0.01,0.835,0.165,0.670623,0.329377,69342.0
1775433780953,2026-04-06T00:03:00.953,btc-updown-15m-1775433600,1775434500,Up,95167885969113266504867831764936237194318828264372852700231644786070379744432,19849302119209428539674025239449101810031960970765254902437702717134987694488,0.83,0.84,82.5,115.5,0.01,0.16,0.17,349.5,35.5,0.01,0.835,0.165,0.583333,0.092208,69342.0
1775433781954,2026-04-06T00:03:01.954,btc-updown-15m-1775433600,1775434500,Up,95167885969113266504867831764936237194318828264372852700231644786070379744432,19849302119209428539674025239449101810031960970765254902437702717134987694488,0.83,0.85,4.5,165.5,0.02,0.15,0.17,165.5,4.5,0.02,0.84,0.16,0.973529,0.026471,69342.0
1775433782954,2026-04-06T00:03:02.954,btc-updown-15m-1775433600,1775434500,Up,95167885969113266504867831764936237194318828264372852700231644786070379744432,19849302119209428539674025239449101810031960970765254902437702717134987694488,0.84,0.86,126.32,163.0,0.02,0.14,0.16,163.0,126.32,0.02,0.85,0.15,0.56339,0.43661,69359.18
1775433783955,2026-04-06T00:03:03.955,btc-updown-15m-1775433600,1775434500,Up,95167885969113266504867831764936237194318828264372852700231644786070379744432,19849302119209428539674025239449101810031960970765254902437702717134987694488,0.85,0.86,15.0,229.7,0.01,0.14,0.15,229.7,15.0,0.01,0.855,0.145,0.9387,0.0613,69359.18
1775433784956,2026-04-06T00:03:04.956,btc-updown-15m-1775433600,1775434500,Up,95167885969113266504867831764936237194318828264372852700231644786070379744432,19849302119209428539674025239449101810031960970765254902437702717134987694488,0.85,0.86,106.89,72.73,0.01,0.14,0.15,72.73,106.89,0.01,0.855,0.145,0.40491,0.59509,69359.18
1775433785957,2026-04-06T00:03:05.957,btc-updown-15m-1775433600,1775434500,Up,95167885969113266504867831764936237194318828264372852700231644786070379744432,19849302119209428539674025239449101810031960970765254902437702717134987694488,0.82,0.84,193.89,33.72,0.02,0.16,0.18,33.72,193.89,0.02,0.83,0.17,0.148148,0.851852,69331.47
1775433786957,2026-04-06T00:03:06.957,btc-updown-15m-1775433600,1775434500,Up,95167885969113266504867831764936237194318828264372852700231644786070379744432,19849302119209428539674025239449101810031960970765254902437702717134987694488,0.83,0.84,111.31,86.64,0.01,0.16,0.17,86.64,111.31,0.01,0.835,0.165,0.437686,0.562314,69331.47
1775433787958,2026-04-06T00:03:07.958,btc-updown-15m-1775433600,1775434500,Up,95167885969113266504867831764936237194318828264372852700231644786070379744432,19849302119209428539674025239449101810031960970765254902437702717134987694488,0.83,0.84,186.89,5.0,0.01,0.16,0.17,5.0,186.89,0.01,0.835,0.165,0.026057,0.973943,69331.47
1775433788959,2026-04-06T00:03:08.959,btc-updown-15m-1775433600,1775434500,Up,95167885969113266504867831764936237194318828264372852700231644786070379744432,19849302119209428539674025239449101810031960970765254902437702717134987694488,0.83,0.84,186.89,5.0,0.01,0.16,0.17,5.0,186.89,0.01,0.835,0.165,0.026057,0.973943,69322.93
1775433789960,2026-04-06T00:03:09.960,btc-updown-15m-1775433600,1775434500,Up,95167885969113266504867831764936237194318828264372852700231644786070379744432,19849302119209428539674025239449101810031960970765254902437702717134987694488,0.81,0.83,279.06,188.3,0.02,0.17,0.19,188.3,279.06,0.02,0.82,0.18,0.402901,0.597099,69322.93
1775433790960,2026-04-06T00:03:10.960,btc-updown-15m-1775433600,1775434500,Up,95167885969113266504867831764936237194318828264372852700231644786070379744432,19849302119209428539674025239449101810031960970765254902437702717134987694488,0.81,0.82,45.99,116.83,0.01,0.18,0.19,116.83,45.99,0.01,0.815,0.185,0.717541,0.282459,69322.93
1775433791961,2026-04-06T00:03:11.961,btc-updown-15m-1775433600,1775434500,Up,95167885969113266504867831764936237194318828264372852700231644786070379744432,19849302119209428539674025239449101810031960970765254902437702717134987694488,0.81,0.82,45.99,116.83,0.01,0.18,0.19,116.83,45.99,0.01,0.815,0.185,0.717541,0.282459,69299.47
1775433792962,2026-04-06T00:03:12.962,btc-updown-15m-1775433600,1775434500,Up,95167885969113266504867831764936237194318828264372852700231644786070379744432,19849302119209428539674025239449101810031960970765254902437702717134987694488,0.81,0.82,161.27,87.05,0.01,0.18,0.19,87.05,161.27,0.01,0.815,0.185,0.350556,0.649444,69299.47
1775433793964,2026-04-06T00:03:13.964,btc-updown-15m-1775433600,1775434500,Up,95167885969113266504867831764936237194318828264372852700231644786070379744432,19849302119209428539674025239449101810031960970765254902437702717134987694488,0.81,0.82,161.27,87.05,0.01,0.18,0.19,87.05,161.27,0.01,0.815,0.185,0.350556,0.649444,69299.47
1775433794964,2026-04-06T00:03:14.964,btc-updown-15m-1775433600,1775434500,Up,95167885969113266504867831764936237194318828264372852700231644786070379744432,19849302119209428539674025239449101810031960970765254902437702717134987694488,0.8,0.81,27.66,12.0,0.01,0.19,0.2,12.0,27.66,0.01,0.805,0.195,0.302572,0.697428,69289.07
1775433795965,2026-04-06T00:03:15.965,btc-updown-15m-1775433600,1775434500,Up,95167885969113266504867831764936237194318828264372852700231644786070379744432,19849302119209428539674025239449101810031960970765254902437702717134987694488,0.8,0.82,67.61,233.38,0.02,0.18,0.19,29.74,82.61,0.01,0.81,0.185,0.775375,0.735291,69289.07
1775433796966,2026-04-06T00:03:16.966,btc-updown-15m-1775433600,1775434500,Up,95167885969113266504867831764936237194318828264372852700231644786070379744432,19849302119209428539674025239449101810031960970765254902437702717134987694488,0.81,0.82,82.61,29.74,0.01,0.18,0.19,29.74,82.61,0.01,0.815,0.185,0.264709,0.735291,69289.07
1775433797966,2026-04-06T00:03:17.966,btc-updown-15m-1775433600,1775434500,Up,95167885969113266504867831764936237194318828264372852700231644786070379744432,19849302119209428539674025239449101810031960970765254902437702717134987694488,0.8,0.81,231.57,20.0,0.01,0.19,0.2,20.0,231.57,0.01,0.805,0.195,0.079501,0.920499,69282.04
1775433798966,2026-04-06T00:03:18.966,btc-updown-15m-1775433600,1775434500,Up,95167885969113266504867831764936237194318828264372852700231644786070379744432,19849302119209428539674025239449101810031960970765254902437702717134987694488,0.8,0.81,139.57,68.0,0.01,0.19,0.2,68.0,139.57,0.01,0.805,0.195,0.3276,0.6724,69282.04
1775433799967,2026-04-06T00:03:19.967,btc-updown-15m-1775433600,1775434500,Up,95167885969113266504867831764936237194318828264372852700231644786070379744432,19849302119209428539674025239449101810031960970765254902437702717134987694488,0.81,0.83,103.22,158.0,0.02,0.17,0.19,158.0,103.22,0.02,0.82,0.18,0.604854,0.395146,69282.04
1775433800968,2026-04-06T00:03:20.968,btc-updown-15m-1775433600,1775434500,Up,95167885969113266504867831764936237194318828264372852700231644786070379744432,19849302119209428539674025239449101810031960970765254902437702717134987694488,0.83,0.85,69.5,110.0,0.02,0.15,0.17,110.0,69.5,0.02,0.84,0.16,0.612813,0.387187,69326.0
1775433801969,2026-04-06T00:03:21.969,btc-updown-15m-1775433600,1775434500,Up,95167885969113266504867831764936237194318828264372852700231644786070379744432,19849302119209428539674025239449101810031960970765254902437702717134987694488,0.83,0.84,12.61,30.0,0.01,0.16,0.17,30.0,12.61,0.01,0.835,0.165,0.70406,0.29594,69326.0
1775433802970,2026-04-06T00:03:22.970,btc-updown-15m-1775433600,1775434500,Up,95167885969113266504867831764936237194318828264372852700231644786070379744432,19849302119209428539674025239449101810031960970765254902437702717134987694488,0.82,0.83,134.0,45.0,0.01,0.17,0.18,45.0,134.0,0.01,0.825,0.175,0.251397,0.748603,69326.0
1775433803970,2026-04-06T00:03:23.970,btc-updown-15m-1775433600,1775434500,Up,95167885969113266504867831764936237194318828264372852700231644786070379744432,19849302119209428539674025239449101810031960970765254902437702717134987694488,0.81,0.82,43.56,130.5,0.01,0.18,0.19,135.5,56.56,0.01,0.815,0.185,0.749741,0.294491,69310.11
1775433804971,2026-04-06T00:03:24.971,btc-updown-15m-1775433600,1775434500,Up,95167885969113266504867831764936237194318828264372852700231644786070379744432,19849302119209428539674025239449101810031960970765254902437702717134987694488,0.81,0.82,47.56,135.5,0.01,0.18,0.19,135.5,47.56,0.01,0.815,0.185,0.740194,0.259806,69310.11
1775433805972,2026-04-06T00:03:25.972,btc-updown-15m-1775433600,1775434500,Up,95167885969113266504867831764936237194318828264372852700231644786070379744432,19849302119209428539674025239449101810031960970765254902437702717134987694488,0.81,0.82,47.56,135.5,0.01,0.18,0.19,135.5,47.56,0.01,0.815,0.185,0.740194,0.259806,69310.11
1775433806973,2026-04-06T00:03:26.973,btc-updown-15m-1775433600,1775434500,Up,95167885969113266504867831764936237194318828264372852700231644786070379744432,19849302119209428539674025239449101810031960970765254902437702717134987694488,0.8,0.81,8.0,305.5,0.01,0.19,0.2,305.5,8.0,0.01,0.805,0.195,0.974482,0.025518,69307.8
1775433807973,2026-04-06T00:03:27.973,btc-updown-15m-1775433600,1775434500,Up,95167885969113266504867831764936237194318828264372852700231644786070379744432,19849302119209428539674025239449101810031960970765254902437702717134987694488,0.8,0.82,78.17,265.5,0.02,0.18,0.2,265.5,78.17,0.02,0.81,0.19,0.772543,0.227457,69307.8
1775433808974,2026-04-06T00:03:28.974,btc-updown-15m-1775433600,1775434500,Up,95167885969113266504867831764936237194318828264372852700231644786070379744432,19849302119209428539674025239449101810031960970765254902437702717134987694488,0.81,0.82,84.92,49.0,0.01,0.18,0.19,49.0,84.92,0.01,0.815,0.185,0.36589,0.63411,69307.8
1775433809975,2026-04-06T00:03:29.975,btc-updown-15m-1775433600,1775434500,Up,95167885969113266504867831764936237194318828264372852700231644786070379744432,19849302119209428539674025239449101810031960970765254902437702717134987694488,0.81,0.82,103.92,126.74,0.01,0.18,0.19,126.74,103.92,0.01,0.815,0.185,0.549467,0.450533,69300.12
1775433810975,2026-04-06T00:03:30.975,btc-updown-15m-1775433600,1775434500,Up,95167885969113266504867831764936237194318828264372852700231644786070379744432,19849302119209428539674025239449101810031960970765254902437702717134987694488,0.81,0.82,103.92,126.74,0.01,0.18,0.19,126.74,103.92,0.01,0.815,0.185,0.549467,0.450533,69300.12
1775433811976,2026-04-06T00:03:31.976,btc-updown-15m-1775433600,1775434500,Up,95167885969113266504867831764936237194318828264372852700231644786070379744432,19849302119209428539674025239449101810031960970765254902437702717134987694488,0.81,0.82,146.96,140.97,0.01,0.18,0.19,140.97,146.96,0.01,0.815,0.185,0.489598,0.510402,69300.12
1775433812976,2026-04-06T00:03:32.976,btc-updown-15m-1775433600,1775434500,Up,95167885969113266504867831764936237194318828264372852700231644786070379744432,19849302119209428539674025239449101810031960970765254902437702717134987694488,0.81,0.82,141.96,86.53,0.01,0.18,0.19,86.53,141.96,0.01,0.815,0.185,0.378704,0.621296,69300.12
1775433813978,2026-04-06T00:03:33.978,btc-updown-15m-1775433600,1775434500,Up,95167885969113266504867831764936237194318828264372852700231644786070379744432,19849302119209428539674025239449101810031960970765254902437702717134987694488,0.81,0.82,115.53,232.47,0.01,0.18,0.19,232.47,115.53,0.01,0.815,0.185,0.668017,0.331983,69300.12
1775433814979,2026-04-06T00:03:34.979,btc-updown-15m-1775433600,1775434500,Up,95167885969113266504867831764936237194318828264372852700231644786070379744432,19849302119209428539674025239449101810031960970765254902437702717134987694488,0.81,0.82,115.53,232.47,0.01,0.18,0.19,61.47,178.53,0.01,0.815,0.185,0.668017,0.743875,69300.12
1775433815979,2026-04-06T00:03:35.979,btc-updown-15m-1775433600,1775434500,Up,95167885969113266504867831764936237194318828264372852700231644786070379744432,19849302119209428539674025239449101810031960970765254902437702717134987694488,0.81,0.82,201.9,28.67,0.01,0.18,0.19,28.67,201.9,0.01,0.815,0.185,0.124344,0.875656,69292.24
1775433816980,2026-04-06T00:03:36.980,btc-updown-15m-1775433600,1775434500,Up,95167885969113266504867831764936237194318828264372852700231644786070379744432,19849302119209428539674025239449101810031960970765254902437702717134987694488,0.81,0.82,166.9,128.67,0.01,0.18,0.19,128.67,166.9,0.01,0.815,0.185,0.435328,0.564672,69292.24
1775433817982,2026-04-06T00:03:37.982,btc-updown-15m-1775433600,1775434500,Up,95167885969113266504867831764936237194318828264372852700231644786070379744432,19849302119209428539674025239449101810031960970765254902437702717134987694488,0.81,0.82,21.0,320.17,0.01,0.18,0.19,320.17,21.0,0.01,0.815,0.185,0.938447,0.061553,69292.24
1775433818982,2026-04-06T00:03:38.982,btc-updown-15m-1775433600,1775434500,Up,95167885969113266504867831764936237194318828264372852700231644786070379744432,19849302119209428539674025239449101810031960970765254902437702717134987694488,0.81,0.82,175.0,256.67,0.01,0.18,0.19,256.67,175.0,0.01,0.815,0.185,0.594598,0.405402,69310.84
1775433819983,2026-04-06T00:03:39.983,btc-updown-15m-1775433600,1775434500,Up,95167885969113266504867831764936237194318828264372852700231644786070379744432,19849302119209428539674025239449101810031960970765254902437702717134987694488,0.81,0.82,175.0,256.67,0.01,0.18,0.19,256.67,175.0,0.01,0.815,0.185,0.594598,0.405402,69310.84
1775433820984,2026-04-06T00:03:40.984,btc-updown-15m-1775433600,1775434500,Up,95167885969113266504867831764936237194318828264372852700231644786070379744432,19849302119209428539674025239449101810031960970765254902437702717134987694488,0.81,0.82,175.0,256.67,0.01,0.18,0.19,256.67,175.0,0.01,0.815,0.185,0.594598,0.405402,69310.84
1775433821984,2026-04-06T00:03:41.984,btc-updown-15m-1775433600,1775434500,Up,95167885969113266504867831764936237194318828264372852700231644786070379744432,19849302119209428539674025239449101810031960970765254902437702717134987694488,0.83,0.84,97.53,250.0,0.01,0.16,0.17,250.0,97.53,0.01,0.835,0.165,0.719362,0.280638,69330.35
1775433822985,2026-04-06T00:03:42.985,btc-updown-15m-1775433600,1775434500,Up,95167885969113266504867831764936237194318828264372852700231644786070379744432,19849302119209428539674025239449101810031960970765254902437702717134987694488,0.83,0.84,97.53,250.0,0.01,0.16,0.17,250.0,97.53,0.01,0.835,0.165,0.719362,0.280638,69330.35
1775433823986,2026-04-06T00:03:43.986,btc-updown-15m-1775433600,1775434500,Up,95167885969113266504867831764936237194318828264372852700231644786070379744432,19849302119209428539674025239449101810031960970765254902437702717134987694488,0.83,0.84,102.53,315.5,0.01,0.16,0.17,315.5,102.53,0.01,0.835,0.165,0.754731,0.245269,69330.35
1775433824986,2026-04-06T00:03:44.986,btc-updown-15m-1775433600,1775434500,Up,95167885969113266504867831764936237194318828264372852700231644786070379744432,19849302119209428539674025239449101810031960970765254902437702717134987694488,0.83,0.84,102.53,308.0,0.01,0.16,0.17,308.0,102.53,0.01,0.835,0.165,0.75025,0.24975,69335.98
1775433825986,2026-04-06T00:03:45.986,btc-updown-15m-1775433600,1775434500,Up,95167885969113266504867831764936237194318828264372852700231644786070379744432,19849302119209428539674025239449101810031960970765254902437702717134987694488,0.83,0.84,97.53,256.0,0.01,0.16,0.17,256.0,97.53,0.01,0.835,0.165,0.724125,0.275875,69335.98
1775433826987,2026-04-06T00:03:46.987,btc-updown-15m-1775433600,1775434500,Up,95167885969113266504867831764936237194318828264372852700231644786070379744432,19849302119209428539674025239449101810031960970765254902437702717134987694488,0.83,0.84,97.53,256.0,0.01,0.16,0.17,256.0,97.53,0.01,0.835,0.165,0.724125,0.275875,69335.98
1775433827988,2026-04-06T00:03:47.988,btc-updown-15m-1775433600,1775434500,Up,95167885969113266504867831764936237194318828264372852700231644786070379744432,19849302119209428539674025239449101810031960970765254902437702717134987694488,0.83,0.84,97.53,256.0,0.01,0.16,0.17,256.0,97.53,0.01,0.835,0.165,0.724125,0.275875,69339.71
1775433828988,2026-04-06T00:03:48.988,btc-updown-15m-1775433600,1775434500,Up,95167885969113266504867831764936237194318828264372852700231644786070379744432,19849302119209428539674025239449101810031960970765254902437702717134987694488,0.83,0.84,55.03,944.0,0.01,0.16,0.17,944.0,55.03,0.01,0.835,0.165,0.944917,0.055083,69339.71
1775433829989,2026-04-06T00:03:49.989,btc-updown-15m-1775433600,1775434500,Up,95167885969113266504867831764936237194318828264372852700231644786070379744432,19849302119209428539674025239449101810031960970765254902437702717134987694488,0.83,0.84,29.36,566.0,0.01,0.16,0.17,566.0,29.36,0.01,0.835,0.165,0.950685,0.049315,69339.71
1775433830990,2026-04-06T00:03:50.990,btc-updown-15m-1775433600,1775434500,Up,95167885969113266504867831764936237194318828264372852700231644786070379744432,19849302119209428539674025239449101810031960970765254902437702717134987694488,0.83,0.84,29.36,566.0,0.01,0.16,0.17,566.0,29.36,0.01,0.835,0.165,0.950685,0.049315,69352.13
1775433831991,2026-04-06T00:03:51.991,btc-updown-15m-1775433600,1775434500,Up,95167885969113266504867831764936237194318828264372852700231644786070379744432,19849302119209428539674025239449101810031960970765254902437702717134987694488,0.83,0.84,29.36,359.88,0.01,0.16,0.17,359.88,29.36,0.01,0.835,0.165,0.924571,0.075429,69352.13
1775433832992,2026-04-06T00:03:52.992,btc-updown-15m-1775433600,1775434500,Up,95167885969113266504867831764936237194318828264372852700231644786070379744432,19849302119209428539674025239449101810031960970765254902437702717134987694488,0.83,0.84,29.36,359.88,0.01,0.16,0.17,359.88,29.36,0.01,0.835,0.165,0.924571,0.075429,69352.13
1775433833992,2026-04-06T00:03:53.992,btc-updown-15m-1775433600,1775434500,Up,95167885969113266504867831764936237194318828264372852700231644786070379744432,19849302119209428539674025239449101810031960970765254902437702717134987694488,0.83,0.84,15.26,273.08,0.01,0.16,0.17,273.08,15.26,0.01,0.835,0.165,0.947076,0.052924,69340.72
1775433834993,2026-04-06T00:03:54.993,btc-updown-15m-1775433600,1775434500,Up,95167885969113266504867831764936237194318828264372852700231644786070379744432,19849302119209428539674025239449101810031960970765254902437702717134987694488,0.83,0.84,164.26,177.58,0.01,0.16,0.17,177.58,164.26,0.01,0.835,0.165,0.519483,0.480517,69340.72
1775433835994,2026-04-06T00:03:55.994,btc-updown-15m-1775433600,1775434500,Up,95167885969113266504867831764936237194318828264372852700231644786070379744432,19849302119209428539674025239449101810031960970765254902437702717134987694488,0.83,0.84,164.26,177.58,0.01,0.16,0.17,177.58,164.26,0.01,0.835,0.165,0.519483,0.480517,69340.72
1775433836995,2026-04-06T00:03:56.995,btc-updown-15m-1775433600,1775434500,Up,95167885969113266504867831764936237194318828264372852700231644786070379744432,19849302119209428539674025239449101810031960970765254902437702717134987694488,0.83,0.84,164.26,177.58,0.01,0.16,0.17,177.58,164.26,0.01,0.835,0.165,0.519483,0.480517,69334.45
1775433837996,2026-04-06T00:03:57.996,btc-updown-15m-1775433600,1775434500,Up,95167885969113266504867831764936237194318828264372852700231644786070379744432,19849302119209428539674025239449101810031960970765254902437702717134987694488,0.83,0.84,164.26,177.58,0.01,0.16,0.17,177.58,164.26,0.01,0.835,0.165,0.519483,0.480517,69334.45
1775433838996,2026-04-06T00:03:58.996,btc-updown-15m-1775433600,1775434500,Up,95167885969113266504867831764936237194318828264372852700231644786070379744432,19849302119209428539674025239449101810031960970765254902437702717134987694488,0.83,0.84,38.26,288.69,0.01,0.16,0.17,288.69,38.26,0.01,0.835,0.165,0.882979,0.117021,69334.45
1775433839997,2026-04-06T00:03:59.997,btc-updown-15m-1775433600,1775434500,Up,95167885969113266504867831764936237194318828264372852700231644786070379744432,19849302119209428539674025239449101810031960970765254902437702717134987694488,0.83,0.84,24.2,301.92,0.01,0.16,0.17,301.92,24.2,0.01,0.835,0.165,0.925794,0.074206,69329.53
1775433840999,2026-04-06T00:04:00.999,btc-updown-15m-1775433600,1775434500,Up,95167885969113266504867831764936237194318828264372852700231644786070379744432,19849302119209428539674025239449101810031960970765254902437702717134987694488,0.83,0.84,24.2,301.92,0.01,0.16,0.17,301.92,24.2,0.01,0.835,0.165,0.925794,0.074206,69329.53
1775433842000,2026-04-06T00:04:02.000,btc-updown-15m-1775433600,1775434500,Up,95167885969113266504867831764936237194318828264372852700231644786070379744432,19849302119209428539674025239449101810031960970765254902437702717134987694488,0.83,0.84,73.0,247.68,0.01,0.16,0.17,247.68,73.0,0.01,0.835,0.165,0.772359,0.227641,69329.53
1775433843001,2026-04-06T00:04:03.001,btc-updown-15m-1775433600,1775434500,Up,95167885969113266504867831764936237194318828264372852700231644786070379744432,19849302119209428539674025239449101810031960970765254902437702717134987694488,0.83,0.84,63.92,247.68,0.01,0.16,0.17,247.68,63.92,0.01,0.835,0.165,0.794865,0.205135,69329.52
1775433844001,2026-04-06T00:04:04.001,btc-updown-15m-1775433600,1775434500,Up,95167885969113266504867831764936237194318828264372852700231644786070379744432,19849302119209428539674025239449101810031960970765254902437702717134987694488,0.83,0.84,63.92,247.68,0.01,0.16,0.17,247.68,63.92,0.01,0.835,0.165,0.794865,0.205135,69329.52
1775433845001,2026-04-06T00:04:05.001,btc-updown-15m-1775433600,1775434500,Up,95167885969113266504867831764936237194318828264372852700231644786070379744432,19849302119209428539674025239449101810031960970765254902437702717134987694488,0.83,0.84,58.92,289.49,0.01,0.16,0.17,289.49,58.92,0.01,0.835,0.165,0.830889,0.169111,69329.52
1775433846002,2026-04-06T00:04:06.002,btc-updown-15m-1775433600,1775434500,Up,95167885969113266504867831764936237194318828264372852700231644786070379744432,19849302119209428539674025239449101810031960970765254902437702717134987694488,0.83,0.84,118.42,217.49,0.01,0.16,0.17,217.49,118.42,0.01,0.835,0.165,0.647465,0.352535,69319.34
1775433847003,2026-04-06T00:04:07.003,btc-updown-15m-1775433600,1775434500,Up,95167885969113266504867831764936237194318828264372852700231644786070379744432,19849302119209428539674025239449101810031960970765254902437702717134987694488,0.83,0.84,1005.92,105.0,0.01,0.16,0.17,100.0,1004.72,0.01,0.835,0.165,0.094516,0.909479,69319.34
1775433848004,2026-04-06T00:04:08.004,btc-updown-15m-1775433600,1775434500,Up,95167885969113266504867831764936237194318828264372852700231644786070379744432,19849302119209428539674025239449101810031960970765254902437702717134987694488,0.83,0.84,939.72,132.06,0.01,0.16,0.17,132.06,939.72,0.01,0.835,0.165,0.123216,0.876784,69319.34
1775433849005,2026-04-06T00:04:09.005,btc-updown-15m-1775433600,1775434500,Up,95167885969113266504867831764936237194318828264372852700231644786070379744432,19849302119209428539674025239449101810031960970765254902437702717134987694488,0.83,0.84,1092.72,120.29,0.01,0.16,0.17,120.29,1092.72,0.01,0.835,0.165,0.099167,0.900833,69323.99
1775433850006,2026-04-06T00:04:10.006,btc-updown-15m-1775433600,1775434500,Up,95167885969113266504867831764936237194318828264372852700231644786070379744432,19849302119209428539674025239449101810031960970765254902437702717134987694488,0.83,0.84,1092.72,120.29,0.01,0.16,0.17,120.29,1092.72,0.01,0.835,0.165,0.099167,0.900833,69323.99
1775433851006,2026-04-06T00:04:11.006,btc-updown-15m-1775433600,1775434500,Up,95167885969113266504867831764936237194318828264372852700231644786070379744432,19849302119209428539674025239449101810031960970765254902437702717134987694488,0.83,0.84,1092.72,120.29,0.01,0.16,0.17,120.29,1092.72,0.01,0.835,0.165,0.099167,0.900833,69323.99
1775433852007,2026-04-06T00:04:12.007,btc-updown-15m-1775433600,1775434500,Up,95167885969113266504867831764936237194318828264372852700231644786070379744432,19849302119209428539674025239449101810031960970765254902437702717134987694488,0.83,0.84,1092.72,120.29,0.01,0.16,0.17,120.29,1092.72,0.01,0.835,0.165,0.099167,0.900833,69324.0
1775433853007,2026-04-06T00:04:13.007,btc-updown-15m-1775433600,1775434500,Up,95167885969113266504867831764936237194318828264372852700231644786070379744432,19849302119209428539674025239449101810031960970765254902437702717134987694488,0.83,0.84,1092.72,120.29,0.01,0.16,0.17,120.29,1092.72,0.01,0.835,0.165,0.099167,0.900833,69324.0
1775433854008,2026-04-06T00:04:14.008,btc-updown-15m-1775433600,1775434500,Up,95167885969113266504867831764936237194318828264372852700231644786070379744432,19849302119209428539674025239449101810031960970765254902437702717134987694488,0.83,0.84,1047.5,72.34,0.01,0.16,0.17,72.34,1047.5,0.01,0.835,0.165,0.064599,0.935401,69324.0
1775433855009,2026-04-06T00:04:15.009,btc-updown-15m-1775433600,1775434500,Up,95167885969113266504867831764936237194318828264372852700231644786070379744432,19849302119209428539674025239449101810031960970765254902437702717134987694488,0.83,0.84,1047.5,72.34,0.01,0.16,0.17,86.98,1047.5,0.01,0.835,0.165,0.064599,0.923331,69318.51
1775433856011,2026-04-06T00:04:16.011,btc-updown-15m-1775433600,1775434500,Up,95167885969113266504867831764936237194318828264372852700231644786070379744432,19849302119209428539674025239449101810031960970765254902437702717134987694488,0.83,0.84,1047.5,86.98,0.01,0.16,0.17,86.98,1047.5,0.01,0.835,0.165,0.076669,0.923331,69318.51
1775433857011,2026-04-06T00:04:17.011,btc-updown-15m-1775433600,1775434500,Up,95167885969113266504867831764936237194318828264372852700231644786070379744432,19849302119209428539674025239449101810031960970765254902437702717134987694488,0.83,0.84,1047.5,86.98,0.01,0.16,0.17,86.98,1047.5,0.01,0.835,0.165,0.076669,0.923331,69318.51
1775433858012,2026-04-06T00:04:18.012,btc-updown-15m-1775433600,1775434500,Up,95167885969113266504867831764936237194318828264372852700231644786070379744432,19849302119209428539674025239449101810031960970765254902437702717134987694488,0.83,0.84,1047.5,86.98,0.01,0.16,0.17,86.98,1047.5,0.01,0.835,0.165,0.076669,0.923331,69311.87
1775433859012,2026-04-06T00:04:19.012,btc-updown-15m-1775433600,1775434500,Up,95167885969113266504867831764936237194318828264372852700231644786070379744432,19849302119209428539674025239449101810031960970765254902437702717134987694488,0.83,0.84,1047.5,86.98,0.01,0.16,0.17,86.98,1047.5,0.01,0.835,0.165,0.076669,0.923331,69311.87
1775433860013,2026-04-06T00:04:20.013,btc-updown-15m-1775433600,1775434500,Up,95167885969113266504867831764936237194318828264372852700231644786070379744432,19849302119209428539674025239449101810031960970765254902437702717134987694488,0.83,0.84,969.3,86.98,0.01,0.16,0.17,86.98,969.3,0.01,0.835,0.165,0.082346,0.917654,69311.87
1775433861013,2026-04-06T00:04:21.013,btc-updown-15m-1775433600,1775434500,Up,95167885969113266504867831764936237194318828264372852700231644786070379744432,19849302119209428539674025239449101810031960970765254902437702717134987694488,0.83,0.84,969.3,86.98,0.01,0.16,0.17,86.98,969.3,0.01,0.835,0.165,0.082346,0.917654,69311.87
1775433862014,2026-04-06T00:04:22.014,btc-updown-15m-1775433600,1775434500,Up,95167885969113266504867831764936237194318828264372852700231644786070379744432,19849302119209428539674025239449101810031960970765254902437702717134987694488,0.83,0.84,969.3,86.98,0.01,0.16,0.17,86.98,969.3,0.01,0.835,0.165,0.082346,0.917654,69311.87
1775433863016,2026-04-06T00:04:23.016,btc-updown-15m-1775433600,1775434500,Up,95167885969113266504867831764936237194318828264372852700231644786070379744432,19849302119209428539674025239449101810031960970765254902437702717134987694488,0.82,0.83,1182.5,40.33,0.01,0.17,0.18,40.33,1182.5,0.01,0.825,0.175,0.032981,0.967019,69311.87
1775433864016,2026-04-06T00:04:24.016,btc-updown-15m-1775433600,1775434500,Up,95167885969113266504867831764936237194318828264372852700231644786070379744432,19849302119209428539674025239449101810031960970765254902437702717134987694488,0.81,0.83,1145.5,75.81,0.02,0.17,0.19,75.81,1145.5,0.02,0.82,0.18,0.062073,0.937927,69289.72
1775433865017,2026-04-06T00:04:25.017,btc-updown-15m-1775433600,1775434500,Up,95167885969113266504867831764936237194318828264372852700231644786070379744432,19849302119209428539674025239449101810031960970765254902437702717134987694488,0.81,0.82,906.0,111.81,0.01,0.18,0.19,111.81,906.0,0.01,0.815,0.185,0.109854,0.890146,69289.72
1775433866018,2026-04-06T00:04:26.018,btc-updown-15m-1775433600,1775434500,Up,95167885969113266504867831764936237194318828264372852700231644786070379744432,19849302119209428539674025239449101810031960970765254902437702717134987694488,0.81,0.82,906.0,111.81,0.01,0.18,0.19,111.81,906.0,0.01,0.815,0.185,0.109854,0.890146,69289.72
1775433867018,2026-04-06T00:04:27.018,btc-updown-15m-1775433600,1775434500,Up,95167885969113266504867831764936237194318828264372852700231644786070379744432,19849302119209428539674025239449101810031960970765254902437702717134987694488,0.81,0.83,1060.01,217.55,0.02,0.17,0.19,217.55,1060.01,0.02,0.82,0.18,0.170286,0.829714,69295.27
1775433868019,2026-04-06T00:04:28.019,btc-updown-15m-1775433600,1775434500,Up,95167885969113266504867831764936237194318828264372852700231644786070379744432,19849302119209428539674025239449101810031960970765254902437702717134987694488,0.82,0.83,1120.8,173.17,0.01,0.17,0.18,173.17,1110.8,0.01,0.825,0.175,0.133828,0.865129,69295.27
1775433869019,2026-04-06T00:04:29.019,btc-updown-15m-1775433600,1775434500,Up,95167885969113266504867831764936237194318828264372852700231644786070379744432,19849302119209428539674025239449101810031960970765254902437702717134987694488,0.82,0.83,1110.8,173.17,0.01,0.17,0.18,173.17,1110.8,0.01,0.825,0.175,0.134871,0.865129,69295.27
1775433870020,2026-04-06T00:04:30.020,btc-updown-15m-1775433600,1775434500,Up,95167885969113266504867831764936237194318828264372852700231644786070379744432,19849302119209428539674025239449101810031960970765254902437702717134987694488,0.82,0.84,23.62,715.67,0.02,0.16,0.18,715.67,23.62,0.02,0.83,0.17,0.96805,0.03195,69314.45
1775433871021,2026-04-06T00:04:31.021,btc-updown-15m-1775433600,1775434500,Up,95167885969113266504867831764936237194318828264372852700231644786070379744432,19849302119209428539674025239449101810031960970765254902437702717134987694488,0.82,0.84,1289.06,189.67,0.02,0.16,0.18,189.67,1289.06,0.02,0.83,0.17,0.128265,0.871735,69314.45
1775433872022,2026-04-06T00:04:32.022,btc-updown-15m-1775433600,1775434500,Up,95167885969113266504867831764936237194318828264372852700231644786070379744432,19849302119209428539674025239449101810031960970765254902437702717134987694488,0.82,0.84,1289.06,189.67,0.02,0.16,0.18,189.67,1289.06,0.02,0.83,0.17,0.128265,0.871735,69314.45
1775433873022,2026-04-06T00:04:33.022,btc-updown-15m-1775433600,1775434500,Up,95167885969113266504867831764936237194318828264372852700231644786070379744432,19849302119209428539674025239449101810031960970765254902437702717134987694488,0.82,0.84,1289.06,189.67,0.02,0.16,0.18,189.67,1289.06,0.02,0.83,0.17,0.128265,0.871735,69307.56
1775433874023,2026-04-06T00:04:34.023,btc-updown-15m-1775433600,1775434500,Up,95167885969113266504867831764936237194318828264372852700231644786070379744432,19849302119209428539674025239449101810031960970765254902437702717134987694488,0.82,0.84,1289.06,189.67,0.02,0.16,0.18,189.67,1289.06,0.02,0.83,0.17,0.128265,0.871735,69307.56
1775433875023,2026-04-06T00:04:35.023,btc-updown-15m-1775433600,1775434500,Up,95167885969113266504867831764936237194318828264372852700231644786070379744432,19849302119209428539674025239449101810031960970765254902437702717134987694488,0.82,0.84,1289.06,189.67,0.02,0.16,0.18,189.67,1289.06,0.02,0.83,0.17,0.128265,0.871735,69307.56
1775433876023,2026-04-06T00:04:36.023,btc-updown-15m-1775433600,1775434500,Up,95167885969113266504867831764936237194318828264372852700231644786070379744432,19849302119209428539674025239449101810031960970765254902437702717134987694488,0.82,0.84,1289.06,189.67,0.02,0.16,0.18,189.67,1289.06,0.02,0.83,0.17,0.128265,0.871735,69292.53
1775433877025,2026-04-06T00:04:37.025,btc-updown-15m-1775433600,1775434500,Up,95167885969113266504867831764936237194318828264372852700231644786070379744432,19849302119209428539674025239449101810031960970765254902437702717134987694488,0.82,0.84,1289.06,189.67,0.02,0.16,0.18,189.67,1289.06,0.02,0.83,0.17,0.128265,0.871735,69292.53
1775433878025,2026-04-06T00:04:38.025,btc-updown-15m-1775433600,1775434500,Up,95167885969113266504867831764936237194318828264372852700231644786070379744432,19849302119209428539674025239449101810031960970765254902437702717134987694488,0.81,0.83,900.0,157.84,0.02,0.17,0.19,157.84,900.0,0.02,0.82,0.18,0.14921,0.85079,69292.53
1775433879027,2026-04-06T00:04:39.027,btc-updown-15m-1775433600,1775434500,Up,95167885969113266504867831764936237194318828264372852700231644786070379744432,19849302119209428539674025239449101810031960970765254902437702717134987694488,0.82,0.84,868.56,1781.06,0.02,0.16,0.18,1781.06,868.56,0.02,0.83,0.17,0.672195,0.327805,69308.45
1775433880028,2026-04-06T00:04:40.028,btc-updown-15m-1775433600,1775434500,Up,95167885969113266504867831764936237194318828264372852700231644786070379744432,19849302119209428539674025239449101810031960970765254902437702717134987694488,0.83,0.84,946.69,70.05,0.01,0.16,0.17,70.05,946.69,0.01,0.835,0.165,0.068897,0.931103,69308.45
1775433881029,2026-04-06T00:04:41.029,btc-updown-15m-1775433600,1775434500,Up,95167885969113266504867831764936237194318828264372852700231644786070379744432,19849302119209428539674025239449101810031960970765254902437702717134987694488,0.83,0.84,1305.49,70.05,0.01,0.16,0.17,70.05,1305.49,0.01,0.835,0.165,0.050925,0.949075,69308.45
1775433882029,2026-04-06T00:04:42.029,btc-updown-15m-1775433600,1775434500,Up,95167885969113266504867831764936237194318828264372852700231644786070379744432,19849302119209428539674025239449101810031960970765254902437702717134987694488,0.83,0.84,1287.79,158.28,0.01,0.16,0.17,158.28,1287.79,0.01,0.835,0.165,0.109455,0.890545,69308.47
1775433883030,2026-04-06T00:04:43.030,btc-updown-15m-1775433600,1775434500,Up,95167885969113266504867831764936237194318828264372852700231644786070379744432,19849302119209428539674025239449101810031960970765254902437702717134987694488,0.83,0.84,857.18,370.28,0.01,0.16,0.17,370.28,857.18,0.01,0.835,0.165,0.301664,0.698336,69308.47
1775433884031,2026-04-06T00:04:44.031,btc-updown-15m-1775433600,1775434500,Up,95167885969113266504867831764936237194318828264372852700231644786070379744432,19849302119209428539674025239449101810031960970765254902437702717134987694488,0.83,0.84,839.32,297.28,0.01,0.16,0.17,297.28,839.32,0.01,0.835,0.165,0.261552,0.738448,69308.47
1775433885031,2026-04-06T00:04:45.031,btc-updown-15m-1775433600,1775434500,Up,95167885969113266504867831764936237194318828264372852700231644786070379744432,19849302119209428539674025239449101810031960970765254902437702717134987694488,0.83,0.84,1024.01,125.0,0.01,0.16,0.17,125.0,1024.01,0.01,0.835,0.165,0.108789,0.891211,69306.06
1775433886032,2026-04-06T00:04:46.032,btc-updown-15m-1775433600,1775434500,Up,95167885969113266504867831764936237194318828264372852700231644786070379744432,19849302119209428539674025239449101810031960970765254902437702717134987694488,0.83,0.84,1024.01,125.0,0.01,0.16,0.17,125.0,1024.01,0.01,0.835,0.165,0.108789,0.891211,69306.06
1775433887032,2026-04-06T00:04:47.032,btc-updown-15m-1775433600,1775434500,Up,95167885969113266504867831764936237194318828264372852700231644786070379744432,19849302119209428539674025239449101810031960970765254902437702717134987694488,0.83,0.84,1024.01,125.0,0.01,0.16,0.17,125.0,1024.01,0.01,0.835,0.165,0.108789,0.891211,69306.06
1775433888032,2026-04-06T00:04:48.032,btc-updown-15m-1775433600,1775434500,Up,95167885969113266504867831764936237194318828264372852700231644786070379744432,19849302119209428539674025239449101810031960970765254902437702717134987694488,0.83,0.84,916.93,187.0,0.01,0.16,0.17,187.0,916.93,0.01,0.835,0.165,0.169395,0.830605,69310.0
1775433889034,2026-04-06T00:04:49.034,btc-updown-15m-1775433600,1775434500,Up,95167885969113266504867831764936237194318828264372852700231644786070379744432,19849302119209428539674025239449101810031960970765254902437702717134987694488,0.84,0.85,5.0,169.7,0.01,0.15,0.16,169.7,5.0,0.01,0.845,0.155,0.97138,0.02862,69310.0
1775433890035,2026-04-06T00:04:50.035,btc-updown-15m-1775433600,1775434500,Up,95167885969113266504867831764936237194318828264372852700231644786070379744432,19849302119209428539674025239449101810031960970765254902437702717134987694488,0.84,0.85,5.0,169.7,0.01,0.15,0.16,370.7,10.0,0.01,0.845,0.155,0.97138,0.026267,69310.0
1775433891036,2026-04-06T00:04:51.036,btc-updown-15m-1775433600,1775434500,Up,95167885969113266504867831764936237194318828264372852700231644786070379744432,19849302119209428539674025239449101810031960970765254902437702717134987694488,0.84,0.85,10.0,370.7,0.01,0.15,0.16,370.7,10.0,0.01,0.845,0.155,0.973733,0.026267,69323.97
1775433892037,2026-04-06T00:04:52.037,btc-updown-15m-1775433600,1775434500,Up,95167885969113266504867831764936237194318828264372852700231644786070379744432,19849302119209428539674025239449101810031960970765254902437702717134987694488,0.84,0.85,10.0,370.7,0.01,0.15,0.16,370.7,10.0,0.01,0.845,0.155,0.973733,0.026267,69323.97
1775433893037,2026-04-06T00:04:53.037,btc-updown-15m-1775433600,1775434500,Up,95167885969113266504867831764936237194318828264372852700231644786070379744432,19849302119209428539674025239449101810031960970765254902437702717134987694488,0.85,0.86,1071.0,109.0,0.01,0.14,0.15,109.0,1071.0,0.01,0.855,0.145,0.092373,0.907627,69323.97
1775433894038,2026-04-06T00:04:54.038,btc-updown-15m-1775433600,1775434500,Up,95167885969113266504867831764936237194318828264372852700231644786070379744432,19849302119209428539674025239449101810031960970765254902437702717134987694488,0.85,0.86,1118.5,118.46,0.01,0.14,0.15,118.46,1118.5,0.01,0.855,0.145,0.095767,0.904233,69323.98
1775433895039,2026-04-06T00:04:55.039,btc-updown-15m-1775433600,1775434500,Up,95167885969113266504867831764936237194318828264372852700231644786070379744432,19849302119209428539674025239449101810031960970765254902437702717134987694488,0.85,0.86,1118.5,118.46,0.01,0.14,0.15,75.69,179.5,0.01,0.855,0.145,0.095767,0.703397,69323.98
1775433896039,2026-04-06T00:04:56.039,btc-updown-15m-1775433600,1775434500,Up,95167885969113266504867831764936237194318828264372852700231644786070379744432,19849302119209428539674025239449101810031960970765254902437702717134987694488,0.85,0.86,55.0,355.69,0.01,0.14,0.15,355.69,55.0,0.01,0.855,0.145,0.866079,0.133921,69323.98
1775433897040,2026-04-06T00:04:57.040,btc-updown-15m-1775433600,1775434500,Up,95167885969113266504867831764936237194318828264372852700231644786070379744432,19849302119209428539674025239449101810031960970765254902437702717134987694488,0.85,0.86,25.22,150.0,0.01,0.14,0.15,150.0,25.22,0.01,0.855,0.145,0.856067,0.143933,69323.98
1775433898041,2026-04-06T00:04:58.041,btc-updown-15m-1775433600,1775434500,Up,95167885969113266504867831764936237194318828264372852700231644786070379744432,19849302119209428539674025239449101810031960970765254902437702717134987694488,0.85,0.86,25.22,150.0,0.01,0.14,0.15,150.0,25.22,0.01,0.855,0.145,0.856067,0.143933,69323.98
1775433899042,2026-04-06T00:04:59.042,btc-updown-15m-1775433600,1775434500,Up,95167885969113266504867831764936237194318828264372852700231644786070379744432,19849302119209428539674025239449101810031960970765254902437702717134987694488,0.86,0.87,115.5,138.01,0.01,0.13,0.14,138.01,115.5,0.01,0.865,0.135,0.544397,0.455603,69323.98
1775433900043,2026-04-06T00:05:00.043,btc-updown-15m-1775433600,1775434500,Up,95167885969113266504867831764936237194318828264372852700231644786070379744432,19849302119209428539674025239449101810031960970765254902437702717134987694488,0.86,0.88,110.41,719.51,0.02,0.12,0.14,719.51,110.41,0.02,0.87,0.13,0.866963,0.133037,69349.2
1775433901043,2026-04-06T00:05:01.043,btc-updown-15m-1775433600,1775434500,Up,95167885969113266504867831764936237194318828264372852700231644786070379744432,19849302119209428539674025239449101810031960970765254902437702717134987694488,0.9,0.91,110.5,18.0,0.01,0.09,0.1,18.0,110.5,0.01,0.905,0.095,0.140078,0.859922,69349.2
1775433902044,2026-04-06T00:05:02.044,btc-updown-15m-1775433600,1775434500,Up,95167885969113266504867831764936237194318828264372852700231644786070379744432,19849302119209428539674025239449101810031960970765254902437702717134987694488,0.9,0.91,144.39,43.0,0.01,0.09,0.1,38.0,144.39,0.01,0.905,0.095,0.229468,0.791655,69349.2
1775433903045,2026-04-06T00:05:03.045,btc-updown-15m-1775433600,1775434500,Up,95167885969113266504867831764936237194318828264372852700231644786070379744432,19849302119209428539674025239449101810031960970765254902437702717134987694488,0.89,0.9,213.16,46.05,0.01,0.1,0.11,287.55,198.03,0.01,0.895,0.105,0.177655,0.407822,69392.94
1775433904046,2026-04-06T00:05:04.046,btc-updown-15m-1775433600,1775434500,Up,95167885969113266504867831764936237194318828264372852700231644786070379744432,19849302119209428539674025239449101810031960970765254902437702717134987694488,0.89,0.9,200.8,233.55,0.01,0.1,0.11,81.05,248.8,0.01,0.895,0.105,0.5377,0.754282,69392.94
1775433905047,2026-04-06T00:05:05.047,btc-updown-15m-1775433600,1775434500,Up,95167885969113266504867831764936237194318828264372852700231644786070379744432,19849302119209428539674025239449101810031960970765254902437702717134987694488,0.89,0.9,202.44,76.05,0.01,0.1,0.11,64.02,202.44,0.01,0.895,0.105,0.27308,0.759739,69392.94
1775433906048,2026-04-06T00:05:06.048,btc-updown-15m-1775433600,1775434500,Up,95167885969113266504867831764936237194318828264372852700231644786070379744432,19849302119209428539674025239449101810031960970765254902437702717134987694488,0.89,0.9,144.66,307.16,0.01,0.1,0.11,307.16,144.66,0.01,0.895,0.105,0.679828,0.320172,69391.78
1775433907048,2026-04-06T00:05:07.048,btc-updown-15m-1775433600,1775434500,Up,95167885969113266504867831764936237194318828264372852700231644786070379744432,19849302119209428539674025239449101810031960970765254902437702717134987694488,0.89,0.9,144.66,307.16,0.01,0.1,0.11,306.16,137.11,0.01,0.895,0.105,0.679828,0.309315,69391.78
1775433908048,2026-04-06T00:05:08.048,btc-updown-15m-1775433600,1775434500,Up,95167885969113266504867831764936237194318828264372852700231644786070379744432,19849302119209428539674025239449101810031960970765254902437702717134987694488,0.89,0.9,97.11,315.16,0.01,0.1,0.11,315.16,97.11,0.01,0.895,0.105,0.76445,0.23555,69391.78
1775433909049,2026-04-06T00:05:09.049,btc-updown-15m-1775433600,1775434500,Up,95167885969113266504867831764936237194318828264372852700231644786070379744432,19849302119209428539674025239449101810031960970765254902437702717134987694488,0.89,0.9,854.79,0.54,0.01,0.1,0.11,0.54,854.79,0.01,0.895,0.105,0.000631,0.999369,69412.61
1775433910050,2026-04-06T00:05:10.050,btc-updown-15m-1775433600,1775434500,Up,95167885969113266504867831764936237194318828264372852700231644786070379744432,19849302119209428539674025239449101810031960970765254902437702717134987694488,0.87,0.9,874.79,110.55,0.03,0.1,0.11,110.0,838.79,0.01,0.885,0.105,0.112195,0.884063,69412.61
1775433911051,2026-04-06T00:05:11.051,btc-updown-15m-1775433600,1775434500,Up,95167885969113266504867831764936237194318828264372852700231644786070379744432,19849302119209428539674025239449101810031960970765254902437702717134987694488,0.86,0.88,804.94,107.2,0.02,0.12,0.14,107.2,804.94,0.02,0.87,0.13,0.117526,0.882474,69412.61
1775433912051,2026-04-06T00:05:12.051,btc-updown-15m-1775433600,1775434500,Up,95167885969113266504867831764936237194318828264372852700231644786070379744432,19849302119209428539674025239449101810031960970765254902437702717134987694488,0.87,0.88,869.29,626.84,0.01,0.12,0.13,626.84,869.29,0.01,0.875,0.125,0.418974,0.581026,69410.29
1775433913052,2026-04-06T00:05:13.052,btc-updown-15m-1775433600,1775434500,Up,95167885969113266504867831764936237194318828264372852700231644786070379744432,19849302119209428539674025239449101810031960970765254902437702717134987694488,0.87,0.88,892.26,218.0,0.01,0.12,0.13,218.0,892.26,0.01,0.875,0.125,0.19635,0.80365,69410.29
1775433914053,2026-04-06T00:05:14.053,btc-updown-15m-1775433600,1775434500,Up,95167885969113266504867831764936237194318828264372852700231644786070379744432,19849302119209428539674025239449101810031960970765254902437702717134987694488,0.87,0.88,824.85,66.2,0.01,0.12,0.13,66.2,824.85,0.01,0.875,0.125,0.074294,0.925706,69410.29
1775433915053,2026-04-06T00:05:15.053,btc-updown-15m-1775433600,1775434500,Up,95167885969113266504867831764936237194318828264372852700231644786070379744432,19849302119209428539674025239449101810031960970765254902437702717134987694488,0.87,0.88,384.16,282.15,0.01,0.12,0.13,282.15,384.16,0.01,0.875,0.125,0.423452,0.576548,69439.4
1775433916054,2026-04-06T00:05:16.054,btc-updown-15m-1775433600,1775434500,Up,95167885969113266504867831764936237194318828264372852700231644786070379744432,19849302119209428539674025239449101810031960970765254902437702717134987694488,0.87,0.88,586.51,360.8,0.01,0.12,0.13,360.8,586.51,0.01,0.875,0.125,0.380868,0.619132,69439.4
1775433917055,2026-04-06T00:05:17.055,btc-updown-15m-1775433600,1775434500,Up,95167885969113266504867831764936237194318828264372852700231644786070379744432,19849302119209428539674025239449101810031960970765254902437702717134987694488,0.87,0.88,1042.51,109.8,0.01,0.12,0.14,87.48,1143.51,0.02,0.875,0.13,0.095287,0.928935,69439.4
1775433918056,2026-04-06T00:05:18.056,btc-updown-15m-1775433600,1775434500,Up,95167885969113266504867831764936237194318828264372852700231644786070379744432,19849302119209428539674025239449101810031960970765254902437702717134987694488,0.86,0.88,1143.51,87.48,0.02,0.13,0.14,287.48,332.76,0.01,0.87,0.135,0.071065,0.536502,69410.67
1775433919057,2026-04-06T00:05:19.057,btc-updown-15m-1775433600,1775434500,Up,95167885969113266504867831764936237194318828264372852700231644786070379744432,19849302119209428539674025239449101810031960970765254902437702717134987694488,0.86,0.88,208.41,505.57,0.02,0.12,0.14,505.57,198.86,0.02,0.87,0.13,0.708101,0.282299,69410.67
1775433920057,2026-04-06T00:05:20.057,btc-updown-15m-1775433600,1775434500,Up,95167885969113266504867831764936237194318828264372852700231644786070379744432,19849302119209428539674025239449101810031960970765254902437702717134987694488,0.87,0.88,143.72,159.04,0.01,0.12,0.13,159.04,143.72,0.01,0.875,0.125,0.525301,0.474699,69410.67
1775433921058,2026-04-06T00:05:21.058,btc-updown-15m-1775433600,1775434500,Up,95167885969113266504867831764936237194318828264372852700231644786070379744432,19849302119209428539674025239449101810031960970765254902437702717134987694488,0.87,0.89,1009.18,301.65,0.02,0.11,0.13,301.65,1009.18,0.02,0.88,0.12,0.230121,0.769879,69431.01
1775433922059,2026-04-06T00:05:22.059,btc-updown-15m-1775433600,1775434500,Up,95167885969113266504867831764936237194318828264372852700231644786070379744432,19849302119209428539674025239449101810031960970765254902437702717134987694488,0.87,0.89,1009.18,301.65,0.02,0.11,0.13,301.65,1009.18,0.02,0.88,0.12,0.230121,0.769879,69431.01
1775433923060,2026-04-06T00:05:23.060,btc-updown-15m-1775433600,1775434500,Up,95167885969113266504867831764936237194318828264372852700231644786070379744432,19849302119209428539674025239449101810031960970765254902437702717134987694488,0.88,0.89,1044.86,95.23,0.01,0.11,0.12,95.23,1044.86,0.01,0.885,0.115,0.083528,0.916472,69431.01
1775433924061,2026-04-06T00:05:24.061,btc-updown-15m-1775433600,1775434500,Up,95167885969113266504867831764936237194318828264372852700231644786070379744432,19849302119209428539674025239449101810031960970765254902437702717134987694488,0.88,0.91,818.52,413.0,0.03,0.09,0.12,413.0,818.52,0.03,0.895,0.105,0.335358,0.664642,69447.84
1775433925061,2026-04-06T00:05:25.061,btc-updown-15m-1775433600,1775434500,Up,95167885969113266504867831764936237194318828264372852700231644786070379744432,19849302119209428539674025239449101810031960970765254902437702717134987694488,0.89,0.9,849.58,50.0,0.01,0.1,0.11,50.0,849.58,0.01,0.895,0.105,0.055581,0.944419,69447.84
1775433926062,2026-04-06T00:05:26.062,btc-updown-15m-1775433600,1775434500,Up,95167885969113266504867831764936237194318828264372852700231644786070379744432,19849302119209428539674025239449101810031960970765254902437702717134987694488,0.89,0.9,849.58,50.0,0.01,0.1,0.11,50.0,849.58,0.01,0.895,0.105,0.055581,0.944419,69447.84
1775433927063,2026-04-06T00:05:27.063,btc-updown-15m-1775433600,1775434500,Up,95167885969113266504867831764936237194318828264372852700231644786070379744432,19849302119209428539674025239449101810031960970765254902437702717134987694488,0.89,0.9,1000.04,35.0,0.01,0.1,0.11,35.0,1000.04,0.01,0.895,0.105,0.033815,0.966185,69422.89
1775433928064,2026-04-06T00:05:28.064,btc-updown-15m-1775433600,1775434500,Up,95167885969113266504867831764936237194318828264372852700231644786070379744432,19849302119209428539674025239449101810031960970765254902437702717134987694488,0.89,0.9,1089.32,35.0,0.01,0.1,0.11,35.0,1089.32,0.01,0.895,0.105,0.03113,0.96887,69422.89
1775433929065,2026-04-06T00:05:29.065,btc-updown-15m-1775433600,1775434500,Up,95167885969113266504867831764936237194318828264372852700231644786070379744432,19849302119209428539674025239449101810031960970765254902437702717134987694488,0.89,0.9,1140.09,10.0,0.01,0.1,0.11,10.0,1140.09,0.01,0.895,0.105,0.008695,0.991305,69422.89
1775433930065,2026-04-06T00:05:30.065,btc-updown-15m-1775433600,1775434500,Up,95167885969113266504867831764936237194318828264372852700231644786070379744432,19849302119209428539674025239449101810031960970765254902437702717134987694488,0.89,0.9,1140.09,10.0,0.01,0.1,0.11,10.0,1140.09,0.01,0.895,0.105,0.008695,0.991305,69406.52
1775433931066,2026-04-06T00:05:31.066,btc-updown-15m-1775433600,1775434500,Up,95167885969113266504867831764936237194318828264372852700231644786070379744432,19849302119209428539674025239449101810031960970765254902437702717134987694488,0.89,0.9,1140.09,10.0,0.01,0.1,0.11,10.0,1140.09,0.01,0.895,0.105,0.008695,0.991305,69406.52
1775433932066,2026-04-06T00:05:32.066,btc-updown-15m-1775433600,1775434500,Up,95167885969113266504867831764936237194318828264372852700231644786070379744432,19849302119209428539674025239449101810031960970765254902437702717134987694488,0.89,0.9,937.09,3.62,0.01,0.1,0.11,3.62,937.09,0.01,0.895,0.105,0.003848,0.996152,69406.52
1775433933067,2026-04-06T00:05:33.067,btc-updown-15m-1775433600,1775434500,Up,95167885969113266504867831764936237194318828264372852700231644786070379744432,19849302119209428539674025239449101810031960970765254902437702717134987694488,0.87,0.88,844.73,1151.8,0.01,0.12,0.13,1151.8,844.73,0.01,0.875,0.125,0.576901,0.423099,69388.1
1775433934068,2026-04-06T00:05:34.068,btc-updown-15m-1775433600,1775434500,Up,95167885969113266504867831764936237194318828264372852700231644786070379744432,19849302119209428539674025239449101810031960970765254902437702717134987694488,0.87,0.88,844.73,1144.04,0.01,0.12,0.13,1144.04,844.73,0.01,0.875,0.125,0.57525,0.42475,69388.1
1775433935068,2026-04-06T00:05:35.068,btc-updown-15m-1775433600,1775434500,Up,95167885969113266504867831764936237194318828264372852700231644786070379744432,19849302119209428539674025239449101810031960970765254902437702717134987694488,0.87,0.88,53.6,1159.04,0.01,0.12,0.13,1164.04,52.47,0.01,0.875,0.125,0.955799,0.043132,69388.1
1775433936069,2026-04-06T00:05:36.069,btc-updown-15m-1775433600,1775434500,Up,95167885969113266504867831764936237194318828264372852700231644786070379744432,19849302119209428539674025239449101810031960970765254902437702717134987694488,0.87,0.88,63.47,1161.28,0.01,0.12,0.13,1161.28,63.47,0.01,0.875,0.125,0.948177,0.051823,69393.83
1775433937070,2026-04-06T00:05:37.070,btc-updown-15m-1775433600,1775434500,Up,95167885969113266504867831764936237194318828264372852700231644786070379744432,19849302119209428539674025239449101810031960970765254902437702717134987694488,0.87,0.88,69.99,1133.04,0.01,0.12,0.13,1133.04,88.74,0.01,0.875,0.125,0.941822,0.072632,69393.83
1775433938070,2026-04-06T00:05:38.070,btc-updown-15m-1775433600,1775434500,Up,95167885969113266504867831764936237194318828264372852700231644786070379744432,19849302119209428539674025239449101810031960970765254902437702717134987694488,0.87,0.88,86.24,1133.04,0.01,0.12,0.13,1133.04,86.24,0.01,0.875,0.125,0.92927,0.07073,69393.83
1775433939071,2026-04-06T00:05:39.071,btc-updown-15m-1775433600,1775434500,Up,95167885969113266504867831764936237194318828264372852700231644786070379744432,19849302119209428539674025239449101810031960970765254902437702717134987694488,0.87,0.88,735.99,1097.98,0.01,0.12,0.13,1087.98,725.99,0.01,0.875,0.125,0.59869,0.400222,69388.51
1775433940073,2026-04-06T00:05:40.073,btc-updown-15m-1775433600,1775434500,Up,95167885969113266504867831764936237194318828264372852700231644786070379744432,19849302119209428539674025239449101810031960970765254902437702717134987694488,0.87,0.88,719.99,1087.98,0.01,0.12,0.13,1087.98,719.99,0.01,0.875,0.125,0.601769,0.398231,69388.51
1775433941073,2026-04-06T00:05:41.073,btc-updown-15m-1775433600,1775434500,Up,95167885969113266504867831764936237194318828264372852700231644786070379744432,19849302119209428539674025239449101810031960970765254902437702717134987694488,0.87,0.88,719.99,1087.98,0.01,0.12,0.13,1087.98,719.99,0.01,0.875,0.125,0.601769,0.398231,69388.51
1775433942074,2026-04-06T00:05:42.074,btc-updown-15m-1775433600,1775434500,Up,95167885969113266504867831764936237194318828264372852700231644786070379744432,19849302119209428539674025239449101810031960970765254902437702717134987694488,0.88,0.89,1154.88,143.36,0.01,0.11,0.12,143.36,1154.88,0.01,0.885,0.115,0.110426,0.889574,69380.0
1775433943074,2026-04-06T00:05:43.074,btc-updown-15m-1775433600,1775434500,Up,95167885969113266504867831764936237194318828264372852700231644786070379744432,19849302119209428539674025239449101810031960970765254902437702717134987694488,0.88,0.89,1159.88,100.01,0.01,0.11,0.12,100.01,1159.88,0.01,0.885,0.115,0.07938,0.92062,69380.0
1775433944075,2026-04-06T00:05:44.075,btc-updown-15m-1775433600,1775434500,Up,95167885969113266504867831764936237194318828264372852700231644786070379744432,19849302119209428539674025239449101810031960970765254902437702717134987694488,0.88,0.89,1159.88,100.01,0.01,0.11,0.12,100.01,1159.88,0.01,0.885,0.115,0.07938,0.92062,69380.0
1775433945076,2026-04-06T00:05:45.076,btc-updown-15m-1775433600,1775434500,Up,95167885969113266504867831764936237194318828264372852700231644786070379744432,19849302119209428539674025239449101810031960970765254902437702717134987694488,0.88,0.89,1159.88,100.01,0.01,0.11,0.12,100.01,1159.88,0.01,0.885,0.115,0.07938,0.92062,69409.12
1775433946076,2026-04-06T00:05:46.076,btc-updown-15m-1775433600,1775434500,Up,95167885969113266504867831764936237194318828264372852700231644786070379744432,19849302119209428539674025239449101810031960970765254902437702717134987694488,0.88,0.9,902.0,314.65,0.02,0.1,0.12,314.65,902.0,0.02,0.89,0.11,0.25862,0.74138,69409.12
1775433947077,2026-04-06T00:05:47.077,btc-updown-15m-1775433600,1775434500,Up,95167885969113266504867831764936237194318828264372852700231644786070379744432,19849302119209428539674025239449101810031960970765254902437702717134987694488,0.88,0.9,902.0,314.65,0.02,0.1,0.12,314.65,902.0,0.02,0.89,0.11,0.25862,0.74138,69409.12
1775433948078,2026-04-06T00:05:48.078,btc-updown-15m-1775433600,1775434500,Up,95167885969113266504867831764936237194318828264372852700231644786070379744432,19849302119209428539674025239449101810031960970765254902437702717134987694488,0.89,0.91,1152.5,58.0,0.02,0.09,0.11,58.0,1152.5,0.02,0.9,0.1,0.047914,0.952086,69419.96
1775433949078,2026-04-06T00:05:49.078,btc-updown-15m-1775433600,1775434500,Up,95167885969113266504867831764936237194318828264372852700231644786070379744432,19849302119209428539674025239449101810031960970765254902437702717134987694488,0.9,0.91,1150.3,10.0,0.01,0.09,0.1,10.0,1150.3,0.01,0.905,0.095,0.008618,0.991382,69419.96
1775433950079,2026-04-06T00:05:50.079,btc-updown-15m-1775433600,1775434500,Up,95167885969113266504867831764936237194318828264372852700231644786070379744432,19849302119209428539674025239449101810031960970765254902437702717134987694488,0.9,0.91,1150.3,10.0,0.01,0.09,0.1,10.0,1150.3,0.01,0.905,0.095,0.008618,0.991382,69419.96
1775433951079,2026-04-06T00:05:51.079,btc-updown-15m-1775433600,1775434500,Up,95167885969113266504867831764936237194318828264372852700231644786070379744432,19849302119209428539674025239449101810031960970765254902437702717134987694488,0.9,0.91,1150.3,10.0,0.01,0.09,0.1,10.0,1150.3,0.01,0.905,0.095,0.008618,0.991382,69412.58
1775433952080,2026-04-06T00:05:52.080,btc-updown-15m-1775433600,1775434500,Up,95167885969113266504867831764936237194318828264372852700231644786070379744432,19849302119209428539674025239449101810031960970765254902437702717134987694488,0.9,0.91,984.81,48.0,0.01,0.09,0.1,48.0,984.81,0.01,0.905,0.095,0.046475,0.953525,69412.58
1775433953081,2026-04-06T00:05:53.081,btc-updown-15m-1775433600,1775434500,Up,95167885969113266504867831764936237194318828264372852700231644786070379744432,19849302119209428539674025239449101810031960970765254902437702717134987694488,0.9,0.91,0.51,319.0,0.01,0.08,0.1,339.0,1892.5,0.02,0.905,0.09,0.998404,0.848084,69412.58
1775433954081,2026-04-06T00:05:54.081,btc-updown-15m-1775433600,1775434500,Up,95167885969113266504867831764936237194318828264372852700231644786070379744432,19849302119209428539674025239449101810031960970765254902437702717134987694488,0.9,0.92,1931.0,334.0,0.02,0.08,0.1,334.0,1931.0,0.02,0.91,0.09,0.147461,0.852539,69445.33
1775433955082,2026-04-06T00:05:55.082,btc-updown-15m-1775433600,1775434500,Up,95167885969113266504867831764936237194318828264372852700231644786070379744432,19849302119209428539674025239449101810031960970765254902437702717134987694488,0.91,0.92,1923.82,10.0,0.01,0.08,0.09,10.0,1923.82,0.01,0.915,0.085,0.005171,0.994829,69445.33
1775433956084,2026-04-06T00:05:56.084,btc-updown-15m-1775433600,1775434500,Up,95167885969113266504867831764936237194318828264372852700231644786070379744432,19849302119209428539674025239449101810031960970765254902437702717134987694488,0.91,0.92,928.08,322.0,0.01,0.08,0.09,322.0,928.08,0.01,0.915,0.085,0.257584,0.742416,69445.33
1775433957085,2026-04-06T00:05:57.085,btc-updown-15m-1775433600,1775434500,Up,95167885969113266504867831764936237194318828264372852700231644786070379744432,19849302119209428539674025239449101810031960970765254902437702717134987694488,0.91,0.92,849.05,286.0,0.01,0.08,0.09,286.0,849.05,0.01,0.915,0.085,0.251971,0.748029,69477.96
1775433958086,2026-04-06T00:05:58.086,btc-updown-15m-1775433600,1775434500,Up,95167885969113266504867831764936237194318828264372852700231644786070379744432,19849302119209428539674025239449101810031960970765254902437702717134987694488,0.91,0.92,849.05,124.0,0.01,0.08,0.09,124.0,849.05,0.01,0.915,0.085,0.127434,0.872566,69477.96
1775433959086,2026-04-06T00:05:59.086,btc-updown-15m-1775433600,1775434500,Up,95167885969113266504867831764936237194318828264372852700231644786070379744432,19849302119209428539674025239449101810031960970765254902437702717134987694488,0.91,0.92,877.05,104.0,0.01,0.08,0.09,104.0,877.05,0.01,0.915,0.085,0.106009,0.893991,69477.96
1775433960086,2026-04-06T00:06:00.086,btc-updown-15m-1775433600,1775434500,Up,95167885969113266504867831764936237194318828264372852700231644786070379744432,19849302119209428539674025239449101810031960970765254902437702717134987694488,0.91,0.92,874.87,63.0,0.01,0.08,0.09,58.0,874.87,0.01,0.915,0.085,0.067173,0.937826,69468.82
1775433961087,2026-04-06T00:06:01.087,btc-updown-15m-1775433600,1775434500,Up,95167885969113266504867831764936237194318828264372852700231644786070379744432,19849302119209428539674025239449101810031960970765254902437702717134987694488,0.91,0.92,825.52,140.0,0.01,0.08,0.09,140.0,825.52,0.01,0.915,0.085,0.145,0.855,69468.82
1775433962087,2026-04-06T00:06:02.087,btc-updown-15m-1775433600,1775434500,Up,95167885969113266504867831764936237194318828264372852700231644786070379744432,19849302119209428539674025239449101810031960970765254902437702717134987694488,0.91,0.92,230.1,63.46,0.01,0.08,0.09,63.46,230.1,0.01,0.915,0.085,0.216174,0.783826,69468.82
1775433963088,2026-04-06T00:06:03.088,btc-updown-15m-1775433600,1775434500,Up,95167885969113266504867831764936237194318828264372852700231644786070379744432,19849302119209428539674025239449101810031960970765254902437702717134987694488,0.91,0.92,230.1,63.46,0.01,0.08,0.09,63.46,230.1,0.01,0.915,0.085,0.216174,0.783826,69461.29
1775433964089,2026-04-06T00:06:04.089,btc-updown-15m-1775433600,1775434500,Up,95167885969113266504867831764936237194318828264372852700231644786070379744432,19849302119209428539674025239449101810031960970765254902437702717134987694488,0.91,0.92,230.1,63.46,0.01,0.08,0.09,63.46,230.1,0.01,0.915,0.085,0.216174,0.783826,69461.29
1775433965090,2026-04-06T00:06:05.090,btc-updown-15m-1775433600,1775434500,Up,95167885969113266504867831764936237194318828264372852700231644786070379744432,19849302119209428539674025239449101810031960970765254902437702717134987694488,0.91,0.92,538.6,8.0,0.01,0.08,0.09,109.72,538.6,0.01,0.915,0.085,0.014636,0.830763,69461.29
1775433966090,2026-04-06T00:06:06.090,btc-updown-15m-1775433600,1775434500,Up,95167885969113266504867831764936237194318828264372852700231644786070379744432,19849302119209428539674025239449101810031960970765254902437702717134987694488,0.91,0.92,319.52,109.72,0.01,0.08,0.09,109.72,319.52,0.01,0.915,0.085,0.255615,0.744385,69451.53
1775433967093,2026-04-06T00:06:07.093,btc-updown-15m-1775433600,1775434500,Up,95167885969113266504867831764936237194318828264372852700231644786070379744432,19849302119209428539674025239449101810031960970765254902437702717134987694488,0.91,0.92,265.31,109.72,0.01,0.08,0.09,109.72,267.81,0.01,0.915,0.085,0.292563,0.709374,69451.53
1775433968093,2026-04-06T00:06:08.093,btc-updown-15m-1775433600,1775434500,Up,95167885969113266504867831764936237194318828264372852700231644786070379744432,19849302119209428539674025239449101810031960970765254902437702717134987694488,0.91,0.92,267.81,109.72,0.01,0.08,0.09,109.72,267.81,0.01,0.915,0.085,0.290626,0.709374,69451.53
1775433969094,2026-04-06T00:06:09.094,btc-updown-15m-1775433600,1775434500,Up,95167885969113266504867831764936237194318828264372852700231644786070379744432,19849302119209428539674025239449101810031960970765254902437702717134987694488,0.91,0.92,267.81,109.72,0.01,0.08,0.09,109.72,267.81,0.01,0.915,0.085,0.290626,0.709374,69468.99
1775433970094,2026-04-06T00:06:10.094,btc-updown-15m-1775433600,1775434500,Up,95167885969113266504867831764936237194318828264372852700231644786070379744432,19849302119209428539674025239449101810031960970765254902437702717134987694488,0.91,0.92,21.71,426.72,0.01,0.08,0.09,426.72,21.71,0.01,0.915,0.085,0.951587,0.048413,69468.99
1775433971095,2026-04-06T00:06:11.095,btc-updown-15m-1775433600,1775434500,Up,95167885969113266504867831764936237194318828264372852700231644786070379744432,19849302119209428539674025239449101810031960970765254902437702717134987694488,0.91,0.92,14.0,419.72,0.01,0.08,0.09,419.72,14.0,0.01,0.915,0.085,0.967721,0.032279,69468.99
1775433972095,2026-04-06T00:06:12.095,btc-updown-15m-1775433600,1775434500,Up,95167885969113266504867831764936237194318828264372852700231644786070379744432,19849302119209428539674025239449101810031960970765254902437702717134987694488,0.92,0.94,1118.5,542.24,0.02,0.06,0.08,542.24,1118.5,0.02,0.93,0.07,0.326505,0.673495,69508.07
1775433973096,2026-04-06T00:06:13.096,btc-updown-15m-1775433600,1775434500,Up,95167885969113266504867831764936237194318828264372852700231644786070379744432,19849302119209428539674025239449101810031960970765254902437702717134987694488,0.93,0.94,303.5,565.29,0.01,0.06,0.07,565.29,303.5,0.01,0.935,0.065,0.650664,0.349336,69508.07
1775433974096,2026-04-06T00:06:14.096,btc-updown-15m-1775433600,1775434500,Up,95167885969113266504867831764936237194318828264372852700231644786070379744432,19849302119209428539674025239449101810031960970765254902437702717134987694488,0.93,0.94,328.65,203.54,0.01,0.06,0.07,203.54,328.65,0.01,0.935,0.065,0.382457,0.617543,69508.07
1775433975097,2026-04-06T00:06:15.097,btc-updown-15m-1775433600,1775434500,Up,95167885969113266504867831764936237194318828264372852700231644786070379744432,19849302119209428539674025239449101810031960970765254902437702717134987694488,0.93,0.94,100.75,358.44,0.01,0.06,0.07,358.44,100.75,0.01,0.935,0.065,0.780592,0.219408,69502.24
1775433976098,2026-04-06T00:06:16.098,btc-updown-15m-1775433600,1775434500,Up,95167885969113266504867831764936237194318828264372852700231644786070379744432,19849302119209428539674025239449101810031960970765254902437702717134987694488,0.93,0.94,127.68,1320.99,0.01,0.06,0.07,1320.99,127.68,0.01,0.935,0.065,0.911864,0.088136,69502.24
1775433977099,2026-04-06T00:06:17.099,btc-updown-15m-1775433600,1775434500,Up,95167885969113266504867831764936237194318828264372852700231644786070379744432,19849302119209428539674025239449101810031960970765254902437702717134987694488,0.93,0.94,72.55,1336.77,0.01,0.06,0.07,1336.77,72.55,0.01,0.935,0.065,0.948521,0.051479,69502.24
1775433978100,2026-04-06T00:06:18.100,btc-updown-15m-1775433600,1775434500,Up,95167885969113266504867831764936237194318828264372852700231644786070379744432,19849302119209428539674025239449101810031960970765254902437702717134987694488,0.93,0.94,72.55,1336.77,0.01,0.06,0.07,1336.77,72.55,0.01,0.935,0.065,0.948521,0.051479,69518.5
1775433979102,2026-04-06T00:06:19.102,btc-updown-15m-1775433600,1775434500,Up,95167885969113266504867831764936237194318828264372852700231644786070379744432,19849302119209428539674025239449101810031960970765254902437702717134987694488,0.93,0.94,83.0,1529.77,0.01,0.06,0.07,1529.77,83.0,0.01,0.935,0.065,0.948536,0.051464,69518.5
1775433980102,2026-04-06T00:06:20.102,btc-updown-15m-1775433600,1775434500,Up,95167885969113266504867831764936237194318828264372852700231644786070379744432,19849302119209428539674025239449101810031960970765254902437702717134987694488,0.93,0.94,83.0,1529.77,0.01,0.06,0.07,1529.77,83.0,0.01,0.935,0.065,0.948536,0.051464,69518.5
1775433981103,2026-04-06T00:06:21.103,btc-updown-15m-1775433600,1775434500,Up,95167885969113266504867831764936237194318828264372852700231644786070379744432,19849302119209428539674025239449101810031960970765254902437702717134987694488,0.93,0.94,108.47,1395.76,0.01,0.06,0.07,1380.35,98.99,0.01,0.935,0.065,0.92789,0.066915,69511.38
1775433982103,2026-04-06T00:06:22.103,btc-updown-15m-1775433600,1775434500,Up,95167885969113266504867831764936237194318828264372852700231644786070379744432,19849302119209428539674025239449101810031960970765254902437702717134987694488,0.93,0.94,176.86,1099.96,0.01,0.06,0.07,1099.96,176.86,0.01,0.935,0.065,0.861484,0.138516,69511.38
1775433983104,2026-04-06T00:06:23.104,btc-updown-15m-1775433600,1775434500,Up,95167885969113266504867831764936237194318828264372852700231644786070379744432,19849302119209428539674025239449101810031960970765254902437702717134987694488,0.93,0.94,176.86,1099.96,0.01,0.06,0.07,1099.96,176.86,0.01,0.935,0.065,0.861484,0.138516,69511.38
1775433984104,2026-04-06T00:06:24.104,btc-updown-15m-1775433600,1775434500,Up,95167885969113266504867831764936237194318828264372852700231644786070379744432,19849302119209428539674025239449101810031960970765254902437702717134987694488,0.93,0.94,151.86,1072.95,0.01,0.06,0.07,1072.95,151.86,0.01,0.935,0.065,0.876013,0.123987,69458.0
1775433985104,2026-04-06T00:06:25.104,btc-updown-15m-1775433600,1775434500,Up,95167885969113266504867831764936237194318828264372852700231644786070379744432,19849302119209428539674025239449101810031960970765254902437702717134987694488,0.93,0.94,340.47,191.2,0.01,0.06,0.07,191.2,340.47,0.01,0.935,0.065,0.359622,0.640378,69458.0
1775433986105,2026-04-06T00:06:26.105,btc-updown-15m-1775433600,1775434500,Up,95167885969113266504867831764936237194318828264372852700231644786070379744432,19849302119209428539674025239449101810031960970765254902437702717134987694488,0.93,0.94,340.47,191.2,0.01,0.06,0.07,191.2,340.47,0.01,0.935,0.065,0.359622,0.640378,69458.0
1775433987106,2026-04-06T00:06:27.106,btc-updown-15m-1775433600,1775434500,Up,95167885969113266504867831764936237194318828264372852700231644786070379744432,19849302119209428539674025239449101810031960970765254902437702717134987694488,0.93,0.94,340.47,191.2,0.01,0.06,0.07,191.2,340.47,0.01,0.935,0.065,0.359622,0.640378,69455.02
1775433988107,2026-04-06T00:06:28.107,btc-updown-15m-1775433600,1775434500,Up,95167885969113266504867831764936237194318828264372852700231644786070379744432,19849302119209428539674025239449101810031960970765254902437702717134987694488,0.93,0.94,340.47,191.2,0.01,0.06,0.07,191.2,340.47,0.01,0.935,0.065,0.359622,0.640378,69455.02
1775433989107,2026-04-06T00:06:29.107,btc-updown-15m-1775433600,1775434500,Up,95167885969113266504867831764936237194318828264372852700231644786070379744432,19849302119209428539674025239449101810031960970765254902437702717134987694488,0.93,0.94,340.47,191.2,0.01,0.06,0.07,191.2,340.47,0.01,0.935,0.065,0.359622,0.640378,69455.02
1775433990108,2026-04-06T00:06:30.108,btc-updown-15m-1775433600,1775434500,Up,95167885969113266504867831764936237194318828264372852700231644786070379744432,19849302119209428539674025239449101810031960970765254902437702717134987694488,0.93,0.94,135.47,244.37,0.01,0.06,0.07,244.37,135.47,0.01,0.935,0.065,0.64335,0.35665,69471.91
1775433991108,2026-04-06T00:06:31.108,btc-updown-15m-1775433600,1775434500,Up,95167885969113266504867831764936237194318828264372852700231644786070379744432,19849302119209428539674025239449101810031960970765254902437702717134987694488,0.93,0.94,135.47,244.37,0.01,0.06,0.07,244.37,135.47,0.01,0.935,0.065,0.64335,0.35665,69471.91
1775433992109,2026-04-06T00:06:32.109,btc-updown-15m-1775433600,1775434500,Up,95167885969113266504867831764936237194318828264372852700231644786070379744432,19849302119209428539674025239449101810031960970765254902437702717134987694488,0.93,0.94,135.47,244.37,0.01,0.06,0.07,244.37,135.47,0.01,0.935,0.065,0.64335,0.35665,69471.91
1775433993110,2026-04-06T00:06:33.110,btc-updown-15m-1775433600,1775434500,Up,95167885969113266504867831764936237194318828264372852700231644786070379744432,19849302119209428539674025239449101810031960970765254902437702717134987694488,0.93,0.94,143.34,249.7,0.01,0.06,0.07,249.7,143.34,0.01,0.935,0.065,0.635304,0.364696,69468.52
1775433994110,2026-04-06T00:06:34.110,btc-updown-15m-1775433600,1775434500,Up,95167885969113266504867831764936237194318828264372852700231644786070379744432,19849302119209428539674025239449101810031960970765254902437702717134987694488,0.93,0.94,143.34,249.7,0.01,0.06,0.07,249.7,143.34,0.01,0.935,0.065,0.635304,0.364696,69468.52
1775433995112,2026-04-06T00:06:35.112,btc-updown-15m-1775433600,1775434500,Up,95167885969113266504867831764936237194318828264372852700231644786070379744432,19849302119209428539674025239449101810031960970765254902437702717134987694488,0.93,0.94,82.0,1325.6,0.01,0.06,0.07,1325.6,82.0,0.01,0.935,0.065,0.941745,0.058255,69468.52
1775433996112,2026-04-06T00:06:36.112,btc-updown-15m-1775433600,1775434500,Up,95167885969113266504867831764936237194318828264372852700231644786070379744432,19849302119209428539674025239449101810031960970765254902437702717134987694488,0.93,0.94,82.0,1325.6,0.01,0.06,0.07,1325.6,82.0,0.01,0.935,0.065,0.941745,0.058255,69482.49
1775433997113,2026-04-06T00:06:37.113,btc-updown-15m-1775433600,1775434500,Up,95167885969113266504867831764936237194318828264372852700231644786070379744432,19849302119209428539674025239449101810031960970765254902437702717134987694488,0.93,0.94,82.0,1325.6,0.01,0.06,0.07,1325.6,82.0,0.01,0.935,0.065,0.941745,0.058255,69482.49
1775433998114,2026-04-06T00:06:38.114,btc-updown-15m-1775433600,1775434500,Up,95167885969113266504867831764936237194318828264372852700231644786070379744432,19849302119209428539674025239449101810031960970765254902437702717134987694488,0.93,0.94,130.87,1189.19,0.01,0.06,0.07,1189.19,130.87,0.01,0.935,0.065,0.900861,0.099139,69482.49
1775433999115,2026-04-06T00:06:39.115,btc-updown-15m-1775433600,1775434500,Up,95167885969113266504867831764936237194318828264372852700231644786070379744432,19849302119209428539674025239449101810031960970765254902437702717134987694488,0.93,0.95,496.61,1583.99,0.02,0.05,0.07,1583.99,496.61,0.02,0.94,0.06,0.761314,0.238686,69508.49
1775434000116,2026-04-06T00:06:40.116,btc-updown-15m-1775433600,1775434500,Up,95167885969113266504867831764936237194318828264372852700231644786070379744432,19849302119209428539674025239449101810031960970765254902437702717134987694488,0.94,0.95,472.25,243.6,0.01,0.05,0.06,243.6,472.25,0.01,0.945,0.055,0.340295,0.659705,69508.49
1775434001117,2026-04-06T00:06:41.117,btc-updown-15m-1775433600,1775434500,Up,95167885969113266504867831764936237194318828264372852700231644786070379744432,19849302119209428539674025239449101810031960970765254902437702717134987694488,0.94,0.95,464.88,251.79,0.01,0.05,0.06,251.79,464.88,0.01,0.945,0.055,0.351333,0.648667,69508.49
1775434002118,2026-04-06T00:06:42.118,btc-updown-15m-1775433600,1775434500,Up,95167885969113266504867831764936237194318828264372852700231644786070379744432,19849302119209428539674025239449101810031960970765254902437702717134987694488,0.94,0.95,410.13,249.79,0.01,0.05,0.06,249.79,410.13,0.01,0.945,0.055,0.378516,0.621484,69506.84
1775434003119,2026-04-06T00:06:43.119,btc-updown-15m-1775433600,1775434500,Up,95167885969113266504867831764936237194318828264372852700231644786070379744432,19849302119209428539674025239449101810031960970765254902437702717134987694488,0.94,0.95,410.13,249.79,0.01,0.05,0.06,249.79,410.13,0.01,0.945,0.055,0.378516,0.621484,69506.84
1775434004120,2026-04-06T00:06:44.120,btc-updown-15m-1775433600,1775434500,Up,95167885969113266504867831764936237194318828264372852700231644786070379744432,19849302119209428539674025239449101810031960970765254902437702717134987694488,0.94,0.95,410.13,249.79,0.01,0.05,0.06,249.79,410.13,0.01,0.945,0.055,0.378516,0.621484,69506.84
1775434005120,2026-04-06T00:06:45.120,btc-updown-15m-1775433600,1775434500,Up,95167885969113266504867831764936237194318828264372852700231644786070379744432,19849302119209428539674025239449101810031960970765254902437702717134987694488,0.94,0.95,410.13,249.79,0.01,0.05,0.06,249.79,410.13,0.01,0.945,0.055,0.378516,0.621484,69504.3
1775434006121,2026-04-06T00:06:46.121,btc-updown-15m-1775433600,1775434500,Up,95167885969113266504867831764936237194318828264372852700231644786070379744432,19849302119209428539674025239449101810031960970765254902437702717134987694488,0.94,0.95,410.13,249.79,0.01,0.05,0.06,80.64,1266.84,0.01,0.945,0.055,0.378516,0.940155,69504.3
1775434007122,2026-04-06T00:06:47.122,btc-updown-15m-1775433600,1775434500,Up,95167885969113266504867831764936237194318828264372852700231644786070379744432,19849302119209428539674025239449101810031960970765254902437702717134987694488,0.94,0.95,1264.73,80.64,0.01,0.05,0.06,80.64,1264.73,0.01,0.945,0.055,0.059939,0.940061,69504.3
1775434008124,2026-04-06T00:06:48.124,btc-updown-15m-1775433600,1775434500,Up,95167885969113266504867831764936237194318828264372852700231644786070379744432,19849302119209428539674025239449101810031960970765254902437702717134987694488,0.94,0.95,1264.73,80.64,0.01,0.05,0.06,80.64,1264.73,0.01,0.945,0.055,0.059939,0.940061,69501.2
1775434009125,2026-04-06T00:06:49.125,btc-updown-15m-1775433600,1775434500,Up,95167885969113266504867831764936237194318828264372852700231644786070379744432,19849302119209428539674025239449101810031960970765254902437702717134987694488,0.93,0.95,1214.73,1251.41,0.02,0.05,0.07,1251.41,1214.73,0.02,0.94,0.06,0.507437,0.492563,69501.2
1775434010125,2026-04-06T00:06:50.125,btc-updown-15m-1775433600,1775434500,Up,95167885969113266504867831764936237194318828264372852700231644786070379744432,19849302119209428539674025239449101810031960970765254902437702717134987694488,0.94,0.95,1264.73,1103.95,0.01,0.05,0.06,1103.95,1264.73,0.01,0.945,0.055,0.466061,0.533939,69501.2
1775434011127,2026-04-06T00:06:51.127,btc-updown-15m-1775433600,1775434500,Up,95167885969113266504867831764936237194318828264372852700231644786070379744432,19849302119209428539674025239449101810031960970765254902437702717134987694488,0.94,0.95,1303.82,1108.95,0.01,0.05,0.06,1108.95,1303.82,0.01,0.945,0.055,0.459617,0.540383,69484.18
1775434012127,2026-04-06T00:06:52.127,btc-updown-15m-1775433600,1775434500,Up,95167885969113266504867831764936237194318828264372852700231644786070379744432,19849302119209428539674025239449101810031960970765254902437702717134987694488,0.94,0.95,1303.82,1108.95,0.01,0.05,0.06,1108.95,1303.82,0.01,0.945,0.055,0.459617,0.540383,69484.18
1775434013128,2026-04-06T00:06:53.128,btc-updown-15m-1775433600,1775434500,Up,95167885969113266504867831764936237194318828264372852700231644786070379744432,19849302119209428539674025239449101810031960970765254902437702717134987694488,0.94,0.95,1303.82,1108.95,0.01,0.05,0.06,1108.95,1303.82,0.01,0.945,0.055,0.459617,0.540383,69484.18
1775434014129,2026-04-06T00:06:54.129,btc-updown-15m-1775433600,1775434500,Up,95167885969113266504867831764936237194318828264372852700231644786070379744432,19849302119209428539674025239449101810031960970765254902437702717134987694488,0.94,0.95,1268.82,1181.12,0.01,0.05,0.06,1181.12,1268.82,0.01,0.945,0.055,0.482102,0.517898,69469.44
1775434015130,2026-04-06T00:06:55.130,btc-updown-15m-1775433600,1775434500,Up,95167885969113266504867831764936237194318828264372852700231644786070379744432,19849302119209428539674025239449101810031960970765254902437702717134987694488,0.94,0.95,1301.71,1115.12,0.01,0.05,0.06,1115.12,1301.71,0.01,0.945,0.055,0.461398,0.538602,69469.44
1775434016132,2026-04-06T00:06:56.132,btc-updown-15m-1775433600,1775434500,Up,95167885969113266504867831764936237194318828264372852700231644786070379744432,19849302119209428539674025239449101810031960970765254902437702717134987694488,0.94,0.95,1306.71,1110.12,0.01,0.05,0.06,1110.12,1306.71,0.01,0.945,0.055,0.459329,0.540671,69469.44
1775434017132,2026-04-06T00:06:57.132,btc-updown-15m-1775433600,1775434500,Up,95167885969113266504867831764936237194318828264372852700231644786070379744432,19849302119209428539674025239449101810031960970765254902437702717134987694488,0.94,0.95,1306.71,1110.12,0.01,0.05,0.06,1110.12,1306.71,0.01,0.945,0.055,0.459329,0.540671,69469.44
1775434018133,2026-04-06T00:06:58.133,btc-updown-15m-1775433600,1775434500,Up,95167885969113266504867831764936237194318828264372852700231644786070379744432,19849302119209428539674025239449101810031960970765254902437702717134987694488,0.94,0.95,1271.71,1155.22,0.01,0.05,0.06,1155.22,1271.71,0.01,0.945,0.055,0.476001,0.523999,69469.44
1775434019134,2026-04-06T00:06:59.134,btc-updown-15m-1775433600,1775434500,Up,95167885969113266504867831764936237194318828264372852700231644786070379744432,19849302119209428539674025239449101810031960970765254902437702717134987694488,0.94,0.95,1271.71,1155.22,0.01,0.05,0.06,1155.22,1271.71,0.01,0.945,0.055,0.476001,0.523999,69469.44
1775434020134,2026-04-06T00:07:00.134,btc-updown-15m-1775433600,1775434500,Up,95167885969113266504867831764936237194318828264372852700231644786070379744432,19849302119209428539674025239449101810031960970765254902437702717134987694488,0.94,0.95,1271.71,1155.22,0.01,0.05,0.06,1155.22,1271.71,0.01,0.945,0.055,0.476001,0.523999,69469.44
1775434021135,2026-04-06T00:07:01.135,btc-updown-15m-1775433600,1775434500,Up,95167885969113266504867831764936237194318828264372852700231644786070379744432,19849302119209428539674025239449101810031960970765254902437702717134987694488,0.94,0.95,1289.71,1121.05,0.01,0.05,0.06,1121.05,1289.71,0.01,0.945,0.055,0.465019,0.534981,69469.44
1775434022136,2026-04-06T00:07:02.136,btc-updown-15m-1775433600,1775434500,Up,95167885969113266504867831764936237194318828264372852700231644786070379744432,19849302119209428539674025239449101810031960970765254902437702717134987694488,0.94,0.95,1157.12,1146.05,0.01,0.05,0.06,1146.05,1157.12,0.01,0.945,0.055,0.497597,0.502403,69469.44
1775434023137,2026-04-06T00:07:03.137,btc-updown-15m-1775433600,1775434500,Up,95167885969113266504867831764936237194318828264372852700231644786070379744432,19849302119209428539674025239449101810031960970765254902437702717134987694488,0.94,0.95,1192.12,1133.64,0.01,0.05,0.06,1133.64,1192.12,0.01,0.945,0.055,0.487428,0.512572,69436.08
1775434024138,2026-04-06T00:07:04.138,btc-updown-15m-1775433600,1775434500,Up,95167885969113266504867831764936237194318828264372852700231644786070379744432,19849302119209428539674025239449101810031960970765254902437702717134987694488,0.94,0.95,1212.12,1121.12,0.01,0.05,0.06,1121.12,1212.12,0.01,0.945,0.055,0.480499,0.519501,69436.08
1775434025138,2026-04-06T00:07:05.138,btc-updown-15m-1775433600,1775434500,Up,95167885969113266504867831764936237194318828264372852700231644786070379744432,19849302119209428539674025239449101810031960970765254902437702717134987694488,0.94,0.95,2207.12,1088.62,0.01,0.05,0.06,1088.62,2207.12,0.01,0.945,0.055,0.330311,0.669689,69436.08
1775434026139,2026-04-06T00:07:06.139,btc-updown-15m-1775433600,1775434500,Up,95167885969113266504867831764936237194318828264372852700231644786070379744432,19849302119209428539674025239449101810031960970765254902437702717134987694488,0.94,0.95,2316.85,26.1,0.01,0.05,0.06,26.1,2316.85,0.01,0.945,0.055,0.01114,0.98886,69407.63
1775434027140,2026-04-06T00:07:07.140,btc-updown-15m-1775433600,1775434500,Up,95167885969113266504867831764936237194318828264372852700231644786070379744432,19849302119209428539674025239449101810031960970765254902437702717134987694488,0.94,0.95,2201.85,160.14,0.01,0.05,0.06,160.14,2201.85,0.01,0.945,0.055,0.067799,0.932201,69407.63
1775434028140,2026-04-06T00:07:08.140,btc-updown-15m-1775433600,1775434500,Up,95167885969113266504867831764936237194318828264372852700231644786070379744432,19849302119209428539674025239449101810031960970765254902437702717134987694488,0.94,0.95,2201.85,160.14,0.01,0.05,0.06,160.14,2201.85,0.01,0.945,0.055,0.067799,0.932201,69407.63
1775434029140,2026-04-06T00:07:09.140,btc-updown-15m-1775433600,1775434500,Up,95167885969113266504867831764936237194318828264372852700231644786070379744432,19849302119209428539674025239449101810031960970765254902437702717134987694488,0.94,0.95,2004.74,253.86,0.01,0.05,0.06,253.86,2004.74,0.01,0.945,0.055,0.112397,0.887603,69401.08
1775434030142,2026-04-06T00:07:10.142,btc-updown-15m-1775433600,1775434500,Up,95167885969113266504867831764936237194318828264372852700231644786070379744432,19849302119209428539674025239449101810031960970765254902437702717134987694488,0.94,0.95,2004.74,253.86,0.01,0.05,0.06,253.86,2004.74,0.01,0.945,0.055,0.112397,0.887603,69401.08
1775434031142,2026-04-06T00:07:11.142,btc-updown-15m-1775433600,1775434500,Up,95167885969113266504867831764936237194318828264372852700231644786070379744432,19849302119209428539674025239449101810031960970765254902437702717134987694488,0.94,0.95,2004.74,253.86,0.01,0.05,0.06,253.86,2004.74,0.01,0.945,0.055,0.112397,0.887603,69401.08
1775434032143,2026-04-06T00:07:12.143,btc-updown-15m-1775433600,1775434500,Up,95167885969113266504867831764936237194318828264372852700231644786070379744432,19849302119209428539674025239449101810031960970765254902437702717134987694488,0.94,0.95,2004.74,253.86,0.01,0.05,0.06,253.86,2004.74,0.01,0.945,0.055,0.112397,0.887603,69401.09
1775434033143,2026-04-06T00:07:13.143,btc-updown-15m-1775433600,1775434500,Up,95167885969113266504867831764936237194318828264372852700231644786070379744432,19849302119209428539674025239449101810031960970765254902437702717134987694488,0.94,0.95,2111.74,135.81,0.01,0.05,0.06,135.81,2111.74,0.01,0.945,0.055,0.060426,0.939574,69401.09
1775434034144,2026-04-06T00:07:14.144,btc-updown-15m-1775433600,1775434500,Up,95167885969113266504867831764936237194318828264372852700231644786070379744432,19849302119209428539674025239449101810031960970765254902437702717134987694488,0.94,0.95,2151.74,42.97,0.01,0.05,0.06,42.97,2151.74,0.01,0.945,0.055,0.019579,0.980421,69401.09
1775434035145,2026-04-06T00:07:15.145,btc-updown-15m-1775433600,1775434500,Up,95167885969113266504867831764936237194318828264372852700231644786070379744432,19849302119209428539674025239449101810031960970765254902437702717134987694488,0.94,0.95,2151.74,42.97,0.01,0.05,0.06,42.97,2151.74,0.01,0.945,0.055,0.019579,0.980421,69404.05
1775434036146,2026-04-06T00:07:16.146,btc-updown-15m-1775433600,1775434500,Up,95167885969113266504867831764936237194318828264372852700231644786070379744432,19849302119209428539674025239449101810031960970765254902437702717134987694488,0.94,0.95,1192.63,169.04,0.01,0.05,0.06,169.04,1192.63,0.01,0.945,0.055,0.124142,0.875858,69404.05
1775434037146,2026-04-06T00:07:17.146,btc-updown-15m-1775433600,1775434500,Up,95167885969113266504867831764936237194318828264372852700231644786070379744432,19849302119209428539674025239449101810031960970765254902437702717134987694488,0.94,0.95,1192.63,169.04,0.01,0.05,0.06,169.04,1192.63,0.01,0.945,0.055,0.124142,0.875858,69404.05
1775434038148,2026-04-06T00:07:18.148,btc-updown-15m-1775433600,1775434500,Up,95167885969113266504867831764936237194318828264372852700231644786070379744432,19849302119209428539674025239449101810031960970765254902437702717134987694488,0.94,0.95,1222.63,128.26,0.01,0.05,0.06,128.26,1222.63,0.01,0.945,0.055,0.094945,0.905055,69396.04
1775434039149,2026-04-06T00:07:19.149,btc-updown-15m-1775433600,1775434500,Up,95167885969113266504867831764936237194318828264372852700231644786070379744432,19849302119209428539674025239449101810031960970765254902437702717134987694488,0.93,0.95,2037.63,274.99,0.02,0.05,0.07,274.99,2037.63,0.02,0.94,0.06,0.118908,0.881092,69396.04
1775434040150,2026-04-06T00:07:20.150,btc-updown-15m-1775433600,1775434500,Up,95167885969113266504867831764936237194318828264372852700231644786070379744432,19849302119209428539674025239449101810031960970765254902437702717134987694488,0.93,0.95,2037.63,274.99,0.02,0.05,0.07,274.99,2037.63,0.02,0.94,0.06,0.118908,0.881092,69396.04
1775434041150,2026-04-06T00:07:21.150,btc-updown-15m-1775433600,1775434500,Up,95167885969113266504867831764936237194318828264372852700231644786070379744432,19849302119209428539674025239449101810031960970765254902437702717134987694488,0.93,0.95,2037.63,274.99,0.02,0.05,0.07,274.99,2037.63,0.02,0.94,0.06,0.118908,0.881092,69407.68
1775434042151,2026-04-06T00:07:22.151,btc-updown-15m-1775433600,1775434500,Up,95167885969113266504867831764936237194318828264372852700231644786070379744432,19849302119209428539674025239449101810031960970765254902437702717134987694488,0.93,0.95,2037.63,274.99,0.02,0.05,0.07,274.99,2037.63,0.02,0.94,0.06,0.118908,0.881092,69407.68
1775434043152,2026-04-06T00:07:23.152,btc-updown-15m-1775433600,1775434500,Up,95167885969113266504867831764936237194318828264372852700231644786070379744432,19849302119209428539674025239449101810031960970765254902437702717134987694488,0.93,0.94,20.0,1234.91,0.01,0.06,0.07,1234.91,20.0,0.01,0.935,0.065,0.984063,0.015937,69407.68
1775434044153,2026-04-06T00:07:24.153,btc-updown-15m-1775433600,1775434500,Up,95167885969113266504867831764936237194318828264372852700231644786070379744432,19849302119209428539674025239449101810031960970765254902437702717134987694488,0.93,0.94,20.0,1220.62,0.01,0.06,0.07,1220.62,68.0,0.01,0.935,0.065,0.983879,0.05277,69406.98
1775434045153,2026-04-06T00:07:25.153,btc-updown-15m-1775433600,1775434500,Up,95167885969113266504867831764936237194318828264372852700231644786070379744432,19849302119209428539674025239449101810031960970765254902437702717134987694488,0.93,0.94,20.0,1220.62,0.01,0.06,0.07,1220.62,68.0,0.01,0.935,0.065,0.983879,0.05277,69406.98
1775434046154,2026-04-06T00:07:26.154,btc-updown-15m-1775433600,1775434500,Up,95167885969113266504867831764936237194318828264372852700231644786070379744432,19849302119209428539674025239449101810031960970765254902437702717134987694488,0.93,0.95,611.37,368.56,0.02,0.05,0.07,368.56,611.37,0.02,0.94,0.06,0.376108,0.623892,69406.98
1775434047155,2026-04-06T00:07:27.155,btc-updown-15m-1775433600,1775434500,Up,95167885969113266504867831764936237194318828264372852700231644786070379744432,19849302119209428539674025239449101810031960970765254902437702717134987694488,0.93,0.95,611.37,368.56,0.02,0.05,0.07,368.56,611.37,0.02,0.94,0.06,0.376108,0.623892,69419.52
1775434048156,2026-04-06T00:07:28.156,btc-updown-15m-1775433600,1775434500,Up,95167885969113266504867831764936237194318828264372852700231644786070379744432,19849302119209428539674025239449101810031960970765254902437702717134987694488,0.93,0.95,611.37,368.56,0.02,0.05,0.07,368.56,611.37,0.02,0.94,0.06,0.376108,0.623892,69419.52
1775434049157,2026-04-06T00:07:29.157,btc-updown-15m-1775433600,1775434500,Up,95167885969113266504867831764936237194318828264372852700231644786070379744432,19849302119209428539674025239449101810031960970765254902437702717134987694488,0.93,0.95,611.37,368.56,0.02,0.05,0.07,368.56,611.37,0.02,0.94,0.06,0.376108,0.623892,69419.52
1775434050158,2026-04-06T00:07:30.158,btc-updown-15m-1775433600,1775434500,Up,95167885969113266504867831764936237194318828264372852700231644786070379744432,19849302119209428539674025239449101810031960970765254902437702717134987694488,0.93,0.95,611.37,368.56,0.02,0.05,0.07,368.56,611.37,0.02,0.94,0.06,0.376108,0.623892,69411.23
1775434051159,2026-04-06T00:07:31.159,btc-updown-15m-1775433600,1775434500,Up,95167885969113266504867831764936237194318828264372852700231644786070379744432,19849302119209428539674025239449101810031960970765254902437702717134987694488,0.93,0.94,18.39,1067.48,0.01,0.06,0.07,1067.48,3.49,0.01,0.935,0.065,0.983064,0.003259,69411.23
1775434052159,2026-04-06T00:07:32.159,btc-updown-15m-1775433600,1775434500,Up,95167885969113266504867831764936237194318828264372852700231644786070379744432,19849302119209428539674025239449101810031960970765254902437702717134987694488,0.93,0.95,616.37,1105.59,0.02,0.05,0.07,1105.59,616.37,0.02,0.94,0.06,0.642053,0.357947,69411.23
1775434053160,2026-04-06T00:07:33.160,btc-updown-15m-1775433600,1775434500,Up,95167885969113266504867831764936237194318828264372852700231644786070379744432,19849302119209428539674025239449101810031960970765254902437702717134987694488,0.94,0.95,649.26,34.5,0.01,0.05,0.06,34.5,649.26,0.01,0.945,0.055,0.050456,0.949544,69411.22
1775434054161,2026-04-06T00:07:34.161,btc-updown-15m-1775433600,1775434500,Up,95167885969113266504867831764936237194318828264372852700231644786070379744432,19849302119209428539674025239449101810031960970765254902437702717134987694488,0.94,0.95,677.76,5.76,0.01,0.05,0.06,5.76,677.76,0.01,0.945,0.055,0.008427,0.991573,69411.22
1775434055161,2026-04-06T00:07:35.161,btc-updown-15m-1775433600,1775434500,Up,95167885969113266504867831764936237194318828264372852700231644786070379744432,19849302119209428539674025239449101810031960970765254902437702717134987694488,0.94,0.95,677.76,5.76,0.01,0.05,0.06,5.76,677.76,0.01,0.945,0.055,0.008427,0.991573,69411.22
1775434056162,2026-04-06T00:07:36.162,btc-updown-15m-1775433600,1775434500,Up,95167885969113266504867831764936237194318828264372852700231644786070379744432,19849302119209428539674025239449101810031960970765254902437702717134987694488,0.94,0.95,677.76,5.76,0.01,0.05,0.06,5.76,677.76,0.01,0.945,0.055,0.008427,0.991573,69400.01
1775434057163,2026-04-06T00:07:37.163,btc-updown-15m-1775433600,1775434500,Up,95167885969113266504867831764936237194318828264372852700231644786070379744432,19849302119209428539674025239449101810031960970765254902437702717134987694488,0.94,0.95,677.76,5.76,0.01,0.05,0.06,5.76,677.76,0.01,0.945,0.055,0.008427,0.991573,69400.01
1775434058164,2026-04-06T00:07:38.164,btc-updown-15m-1775433600,1775434500,Up,95167885969113266504867831764936237194318828264372852700231644786070379744432,19849302119209428539674025239449101810031960970765254902437702717134987694488,0.94,0.95,468.15,72.3,0.01,0.05,0.06,72.3,468.15,0.01,0.945,0.055,0.133777,0.866223,69400.01
1775434059165,2026-04-06T00:07:39.165,btc-updown-15m-1775433600,1775434500,Up,95167885969113266504867831764936237194318828264372852700231644786070379744432,19849302119209428539674025239449101810031960970765254902437702717134987694488,0.94,0.95,468.15,72.3,0.01,0.05,0.06,72.3,468.15,0.01,0.945,0.055,0.133777,0.866223,69414.0
1775434060165,2026-04-06T00:07:40.165,btc-updown-15m-1775433600,1775434500,Up,95167885969113266504867831764936237194318828264372852700231644786070379744432,19849302119209428539674025239449101810031960970765254902437702717134987694488,0.94,0.95,394.32,45.23,0.01,0.05,0.06,45.23,394.32,0.01,0.945,0.055,0.102901,0.897099,69414.0
1775434061166,2026-04-06T00:07:41.166,btc-updown-15m-1775433600,1775434500,Up,95167885969113266504867831764936237194318828264372852700231644786070379744432,19849302119209428539674025239449101810031960970765254902437702717134987694488,0.94,0.95,394.32,45.23,0.01,0.05,0.06,45.23,394.32,0.01,0.945,0.055,0.102901,0.897099,69414.0
1775434062167,2026-04-06T00:07:42.167,btc-updown-15m-1775433600,1775434500,Up,95167885969113266504867831764936237194318828264372852700231644786070379744432,19849302119209428539674025239449101810031960970765254902437702717134987694488,0.94,0.95,382.21,130.52,0.01,0.05,0.06,130.52,382.21,0.01,0.945,0.055,0.254559,0.745441,69403.62
1775434063168,2026-04-06T00:07:43.168,btc-updown-15m-1775433600,1775434500,Up,95167885969113266504867831764936237194318828264372852700231644786070379744432,19849302119209428539674025239449101810031960970765254902437702717134987694488,0.94,0.95,564.71,90.5,0.01,0.05,0.06,90.5,564.71,0.01,0.945,0.055,0.138124,0.861876,69403.62
1775434064169,2026-04-06T00:07:44.169,btc-updown-15m-1775433600,1775434500,Up,95167885969113266504867831764936237194318828264372852700231644786070379744432,19849302119209428539674025239449101810031960970765254902437702717134987694488,0.94,0.95,1345.71,55.02,0.01,0.05,0.06,55.02,1345.71,0.01,0.945,0.055,0.03928,0.96072,69403.62
1775434065170,2026-04-06T00:07:45.170,btc-updown-15m-1775433600,1775434500,Up,95167885969113266504867831764936237194318828264372852700231644786070379744432,19849302119209428539674025239449101810031960970765254902437702717134987694488,0.94,0.95,1330.71,5.02,0.01,0.05,0.06,5.02,1330.71,0.01,0.945,0.055,0.003758,0.996242,69370.76
1775434066171,2026-04-06T00:07:46.171,btc-updown-15m-1775433600,1775434500,Up,95167885969113266504867831764936237194318828264372852700231644786070379744432,19849302119209428539674025239449101810031960970765254902437702717134987694488,0.93,0.95,1437.71,104.5,0.02,0.05,0.07,104.5,1437.71,0.02,0.94,0.06,0.06776,0.93224,69370.76
1775434067172,2026-04-06T00:07:47.172,btc-updown-15m-1775433600,1775434500,Up,95167885969113266504867831764936237194318828264372852700231644786070379744432,19849302119209428539674025239449101810031960970765254902437702717134987694488,0.93,0.94,46.0,241.65,0.01,0.06,0.07,241.65,46.0,0.01,0.935,0.065,0.840083,0.159917,69370.76
1775434068173,2026-04-06T00:07:48.173,btc-updown-15m-1775433600,1775434500,Up,95167885969113266504867831764936237194318828264372852700231644786070379744432,19849302119209428539674025239449101810031960970765254902437702717134987694488,0.93,0.94,4.37,247.36,0.01,0.06,0.07,247.36,4.37,0.01,0.935,0.065,0.98264,0.01736,69370.76
1775434069173,2026-04-06T00:07:49.173,btc-updown-15m-1775433600,1775434500,Up,95167885969113266504867831764936237194318828264372852700231644786070379744432,19849302119209428539674025239449101810031960970765254902437702717134987694488,0.93,0.94,4.37,247.36,0.01,0.06,0.07,247.36,4.37,0.01,0.935,0.065,0.98264,0.01736,69370.76
1775434070173,2026-04-06T00:07:50.173,btc-updown-15m-1775433600,1775434500,Up,95167885969113266504867831764936237194318828264372852700231644786070379744432,19849302119209428539674025239449101810031960970765254902437702717134987694488,0.93,0.94,4.37,247.36,0.01,0.06,0.07,247.36,4.37,0.01,0.935,0.065,0.98264,0.01736,69370.76
1775434071174,2026-04-06T00:07:51.174,btc-updown-15m-1775433600,1775434500,Up,95167885969113266504867831764936237194318828264372852700231644786070379744432,19849302119209428539674025239449101810031960970765254902437702717134987694488,0.93,0.94,4.37,247.36,0.01,0.06,0.07,247.36,4.37,0.01,0.935,0.065,0.98264,0.01736,69388.08
1775434072174,2026-04-06T00:07:52.174,btc-updown-15m-1775433600,1775434500,Up,95167885969113266504867831764936237194318828264372852700231644786070379744432,19849302119209428539674025239449101810031960970765254902437702717134987694488,0.93,0.94,4.37,247.36,0.01,0.06,0.07,247.36,4.37,0.01,0.935,0.065,0.98264,0.01736,69388.08
1775434073174,2026-04-06T00:07:53.174,btc-updown-15m-1775433600,1775434500,Up,95167885969113266504867831764936237194318828264372852700231644786070379744432,19849302119209428539674025239449101810031960970765254902437702717134987694488,0.93,0.94,4.37,247.36,0.01,0.06,0.07,247.36,4.37,0.01,0.935,0.065,0.98264,0.01736,69388.08
1775434074175,2026-04-06T00:07:54.175,btc-updown-15m-1775433600,1775434500,Up,95167885969113266504867831764936237194318828264372852700231644786070379744432,19849302119209428539674025239449101810031960970765254902437702717134987694488,0.93,0.94,37.87,138.5,0.01,0.06,0.07,138.5,37.87,0.01,0.935,0.065,0.785281,0.214719,69388.08
1775434075177,2026-04-06T00:07:55.177,btc-updown-15m-1775433600,1775434500,Up,95167885969113266504867831764936237194318828264372852700231644786070379744432,19849302119209428539674025239449101810031960970765254902437702717134987694488,0.93,0.94,37.87,138.5,0.01,0.06,0.07,138.5,37.87,0.01,0.935,0.065,0.785281,0.214719,69388.08
1775434076178,2026-04-06T00:07:56.178,btc-updown-15m-1775433600,1775434500,Up,95167885969113266504867831764936237194318828264372852700231644786070379744432,19849302119209428539674025239449101810031960970765254902437702717134987694488,0.94,0.95,122.3,116.0,0.01,0.05,0.06,116.0,122.3,0.01,0.945,0.055,0.486781,0.513219,69388.08
1775434077180,2026-04-06T00:07:57.180,btc-updown-15m-1775433600,1775434500,Up,95167885969113266504867831764936237194318828264372852700231644786070379744432,19849302119209428539674025239449101810031960970765254902437702717134987694488,0.94,0.95,122.3,116.0,0.01,0.05,0.06,116.0,122.3,0.01,0.945,0.055,0.486781,0.513219,69415.9
1775434078180,2026-04-06T00:07:58.180,btc-updown-15m-1775433600,1775434500,Up,95167885969113266504867831764936237194318828264372852700231644786070379744432,19849302119209428539674025239449101810031960970765254902437702717134987694488,0.94,0.95,122.3,116.0,0.01,0.05,0.06,116.0,122.3,0.01,0.945,0.055,0.486781,0.513219,69415.9
1775434079182,2026-04-06T00:07:59.182,btc-updown-15m-1775433600,1775434500,Up,95167885969113266504867831764936237194318828264372852700231644786070379744432,19849302119209428539674025239449101810031960970765254902437702717134987694488,0.95,0.96,1330.0,313.82,0.01,0.04,0.05,313.82,1330.0,0.01,0.955,0.045,0.190909,0.809091,69415.9
1775434080182,2026-04-06T00:08:00.182,btc-updown-15m-1775433600,1775434500,Up,95167885969113266504867831764936237194318828264372852700231644786070379744432,19849302119209428539674025239449101810031960970765254902437702717134987694488,0.95,0.96,1245.25,491.5,0.01,0.04,0.05,491.5,1245.25,0.01,0.955,0.045,0.283,0.717,69402.28
1775434081182,2026-04-06T00:08:01.182,btc-updown-15m-1775433600,1775434500,Up,95167885969113266504867831764936237194318828264372852700231644786070379744432,19849302119209428539674025239449101810031960970765254902437702717134987694488,0.95,0.96,1245.25,491.5,0.01,0.04,0.05,491.5,1245.25,0.01,0.955,0.045,0.283,0.717,69402.28
1775434082183,2026-04-06T00:08:02.183,btc-updown-15m-1775433600,1775434500,Up,95167885969113266504867831764936237194318828264372852700231644786070379744432,19849302119209428539674025239449101810031960970765254902437702717134987694488,0.95,0.96,1163.17,441.26,0.01,0.04,0.05,441.26,1163.17,0.01,0.955,0.045,0.275026,0.724974,69402.28
1775434083184,2026-04-06T00:08:03.184,btc-updown-15m-1775433600,1775434500,Up,95167885969113266504867831764936237194318828264372852700231644786070379744432,19849302119209428539674025239449101810031960970765254902437702717134987694488,0.95,0.96,1153.74,283.37,0.01,0.04,0.05,283.37,1153.74,0.01,0.955,0.045,0.19718,0.80282,69402.29
1775434084185,2026-04-06T00:08:04.185,btc-updown-15m-1775433600,1775434500,Up,95167885969113266504867831764936237194318828264372852700231644786070379744432,19849302119209428539674025239449101810031960970765254902437702717134987694488,0.95,0.96,1153.74,283.37,0.01,0.04,0.05,283.37,1153.74,0.01,0.955,0.045,0.19718,0.80282,69402.29
1775434085185,2026-04-06T00:08:05.185,btc-updown-15m-1775433600,1775434500,Up,95167885969113266504867831764936237194318828264372852700231644786070379744432,19849302119209428539674025239449101810031960970765254902437702717134987694488,0.95,0.96,1153.74,283.37,0.01,0.04,0.05,283.37,1153.74,0.01,0.955,0.045,0.19718,0.80282,69402.29
1775434086186,2026-04-06T00:08:06.186,btc-updown-15m-1775433600,1775434500,Up,95167885969113266504867831764936237194318828264372852700231644786070379744432,19849302119209428539674025239449101810031960970765254902437702717134987694488,0.95,0.96,1298.74,278.37,0.01,0.04,0.05,278.37,1298.74,0.01,0.955,0.045,0.176506,0.823494,69374.63
1775434087186,2026-04-06T00:08:07.186,btc-updown-15m-1775433600,1775434500,Up,95167885969113266504867831764936237194318828264372852700231644786070379744432,19849302119209428539674025239449101810031960970765254902437702717134987694488,0.95,0.96,1371.24,278.37,0.01,0.04,0.05,278.37,1371.24,0.01,0.955,0.045,0.168749,0.831251,69374.63
1775434088187,2026-04-06T00:08:08.187,btc-updown-15m-1775433600,1775434500,Up,95167885969113266504867831764936237194318828264372852700231644786070379744432,19849302119209428539674025239449101810031960970765254902437702717134987694488,0.95,0.96,1510.24,224.87,0.01,0.04,0.05,224.87,1510.24,0.01,0.955,0.045,0.1296,0.8704,69374.63
1775434089188,2026-04-06T00:08:09.188,btc-updown-15m-1775433600,1775434500,Up,95167885969113266504867831764936237194318828264372852700231644786070379744432,19849302119209428539674025239449101810031960970765254902437702717134987694488,0.95,0.96,1020.4,224.87,0.01,0.04,0.05,224.87,1020.4,0.01,0.955,0.045,0.180579,0.819421,69356.98
1775434090188,2026-04-06T00:08:10.188,btc-updown-15m-1775433600,1775434500,Up,95167885969113266504867831764936237194318828264372852700231644786070379744432,19849302119209428539674025239449101810031960970765254902437702717134987694488,0.95,0.96,1020.4,224.87,0.01,0.04,0.05,224.87,1020.4,0.01,0.955,0.045,0.180579,0.819421,69356.98
1775434091189,2026-04-06T00:08:11.189,btc-updown-15m-1775433600,1775434500,Up,95167885969113266504867831764936237194318828264372852700231644786070379744432,19849302119209428539674025239449101810031960970765254902437702717134987694488,0.95,0.96,861.91,244.87,0.01,0.04,0.05,244.87,861.91,0.01,0.955,0.045,0.221245,0.778755,69356.98
1775434092191,2026-04-06T00:08:12.191,btc-updown-15m-1775433600,1775434500,Up,95167885969113266504867831764936237194318828264372852700231644786070379744432,19849302119209428539674025239449101810031960970765254902437702717134987694488,0.95,0.96,861.91,244.87,0.01,0.04,0.05,244.87,861.91,0.01,0.955,0.045,0.221245,0.778755,69356.98
1775434093192,2026-04-06T00:08:13.192,btc-updown-15m-1775433600,1775434500,Up,95167885969113266504867831764936237194318828264372852700231644786070379744432,19849302119209428539674025239449101810031960970765254902437702717134987694488,0.95,0.96,861.91,244.87,0.01,0.04,0.05,390.87,515.51,0.01,0.955,0.045,0.221245,0.568757,69356.98
1775434094192,2026-04-06T00:08:14.192,btc-updown-15m-1775433600,1775434500,Up,95167885969113266504867831764936237194318828264372852700231644786070379744432,19849302119209428539674025239449101810031960970765254902437702717134987694488,0.95,0.96,515.51,390.87,0.01,0.04,0.05,390.87,515.51,0.01,0.955,0.045,0.431243,0.568757,69356.98
1775434095193,2026-04-06T00:08:15.193,btc-updown-15m-1775433600,1775434500,Up,95167885969113266504867831764936237194318828264372852700231644786070379744432,19849302119209428539674025239449101810031960970765254902437702717134987694488,0.95,0.96,515.51,390.87,0.01,0.04,0.05,390.87,515.51,0.01,0.955,0.045,0.431243,0.568757,69360.0
1775434096195,2026-04-06T00:08:16.195,btc-updown-15m-1775433600,1775434500,Up,95167885969113266504867831764936237194318828264372852700231644786070379744432,19849302119209428539674025239449101810031960970765254902437702717134987694488,0.95,0.96,1113.09,270.87,0.01,0.04,0.05,270.87,1113.09,0.01,0.955,0.045,0.195721,0.804279,69360.0
1775434097196,2026-04-06T00:08:17.196,btc-updown-15m-1775433600,1775434500,Up,95167885969113266504867831764936237194318828264372852700231644786070379744432,19849302119209428539674025239449101810031960970765254902437702717134987694488,0.95,0.96,1113.09,268.87,0.01,0.04,0.05,268.87,1113.09,0.01,0.955,0.045,0.194557,0.805443,69360.0
1775434098196,2026-04-06T00:08:18.196,btc-updown-15m-1775433600,1775434500,Up,95167885969113266504867831764936237194318828264372852700231644786070379744432,19849302119209428539674025239449101810031960970765254902437702717134987694488,0.95,0.96,1093.09,248.87,0.01,0.04,0.05,248.87,1093.09,0.01,0.955,0.045,0.185453,0.814547,69362.42
1775434099197,2026-04-06T00:08:19.197,btc-updown-15m-1775433600,1775434500,Up,95167885969113266504867831764936237194318828264372852700231644786070379744432,19849302119209428539674025239449101810031960970765254902437702717134987694488,0.95,0.96,1093.09,248.87,0.01,0.04,0.05,248.87,1093.09,0.01,0.955,0.045,0.185453,0.814547,69362.42
1775434100198,2026-04-06T00:08:20.198,btc-updown-15m-1775433600,1775434500,Up,95167885969113266504867831764936237194318828264372852700231644786070379744432,19849302119209428539674025239449101810031960970765254902437702717134987694488,0.95,0.96,1093.09,248.87,0.01,0.04,0.05,248.87,1093.09,0.01,0.955,0.045,0.185453,0.814547,69362.42
1775434101199,2026-04-06T00:08:21.199,btc-updown-15m-1775433600,1775434500,Up,95167885969113266504867831764936237194318828264372852700231644786070379744432,19849302119209428539674025239449101810031960970765254902437702717134987694488,0.95,0.96,1093.09,248.87,0.01,0.04,0.05,248.87,1093.09,0.01,0.955,0.045,0.185453,0.814547,69385.69
1775434102200,2026-04-06T00:08:22.200,btc-updown-15m-1775433600,1775434500,Up,95167885969113266504867831764936237194318828264372852700231644786070379744432,19849302119209428539674025239449101810031960970765254902437702717134987694488,0.95,0.96,1093.09,248.87,0.01,0.04,0.05,248.87,1093.09,0.01,0.955,0.045,0.185453,0.814547,69385.69
1775434103201,2026-04-06T00:08:23.201,btc-updown-15m-1775433600,1775434500,Up,95167885969113266504867831764936237194318828264372852700231644786070379744432,19849302119209428539674025239449101810031960970765254902437702717134987694488,0.95,0.96,1093.09,248.87,0.01,0.04,0.05,248.87,1093.09,0.01,0.955,0.045,0.185453,0.814547,69385.69
1775434104202,2026-04-06T00:08:24.202,btc-updown-15m-1775433600,1775434500,Up,95167885969113266504867831764936237194318828264372852700231644786070379744432,19849302119209428539674025239449101810031960970765254902437702717134987694488,0.95,0.96,1093.09,248.87,0.01,0.04,0.05,248.87,1093.09,0.01,0.955,0.045,0.185453,0.814547,69381.72
1775434105204,2026-04-06T00:08:25.204,btc-updown-15m-1775433600,1775434500,Up,95167885969113266504867831764936237194318828264372852700231644786070379744432,19849302119209428539674025239449101810031960970765254902437702717134987694488,0.95,0.96,1093.09,248.87,0.01,0.04,0.05,248.87,1093.09,0.01,0.955,0.045,0.185453,0.814547,69381.72
1775434106205,2026-04-06T00:08:26.205,btc-updown-15m-1775433600,1775434500,Up,95167885969113266504867831764936237194318828264372852700231644786070379744432,19849302119209428539674025239449101810031960970765254902437702717134987694488,0.95,0.96,1093.09,248.87,0.01,0.04,0.05,248.87,1093.09,0.01,0.955,0.045,0.185453,0.814547,69381.72
1775434107206,2026-04-06T00:08:27.206,btc-updown-15m-1775433600,1775434500,Up,95167885969113266504867831764936237194318828264372852700231644786070379744432,19849302119209428539674025239449101810031960970765254902437702717134987694488,0.95,0.96,1093.09,248.87,0.01,0.04,0.05,248.87,1093.09,0.01,0.955,0.045,0.185453,0.814547,69362.35
1775434108206,2026-04-06T00:08:28.206,btc-updown-15m-1775433600,1775434500,Up,95167885969113266504867831764936237194318828264372852700231644786070379744432,19849302119209428539674025239449101810031960970765254902437702717134987694488,0.95,0.96,1169.16,207.87,0.01,0.04,0.05,207.87,1169.16,0.01,0.955,0.045,0.150955,0.849045,69362.35
1775434109207,2026-04-06T00:08:29.207,btc-updown-15m-1775433600,1775434500,Up,95167885969113266504867831764936237194318828264372852700231644786070379744432,19849302119209428539674025239449101810031960970765254902437702717134987694488,0.95,0.96,1163.74,207.87,0.01,0.04,0.05,207.87,1163.74,0.01,0.955,0.045,0.151552,0.848448,69362.35
1775434110208,2026-04-06T00:08:30.208,btc-updown-15m-1775433600,1775434500,Up,95167885969113266504867831764936237194318828264372852700231644786070379744432,19849302119209428539674025239449101810031960970765254902437702717134987694488,0.95,0.96,1163.74,207.87,0.01,0.04,0.05,207.87,1163.74,0.01,0.955,0.045,0.151552,0.848448,69361.38
1775434111209,2026-04-06T00:08:31.209,btc-updown-15m-1775433600,1775434500,Up,95167885969113266504867831764936237194318828264372852700231644786070379744432,19849302119209428539674025239449101810031960970765254902437702717134987694488,0.95,0.96,1163.74,207.87,0.01,0.04,0.05,207.87,1163.74,0.01,0.955,0.045,0.151552,0.848448,69361.38
1775434112209,2026-04-06T00:08:32.209,btc-updown-15m-1775433600,1775434500,Up,95167885969113266504867831764936237194318828264372852700231644786070379744432,19849302119209428539674025239449101810031960970765254902437702717134987694488,0.95,0.96,1213.74,197.87,0.01,0.04,0.05,197.87,1213.74,0.01,0.955,0.045,0.140173,0.859827,69361.38
1775434113209,2026-04-06T00:08:33.209,btc-updown-15m-1775433600,1775434500,Up,95167885969113266504867831764936237194318828264372852700231644786070379744432,19849302119209428539674025239449101810031960970765254902437702717134987694488,0.96,0.97,1251.42,105.0,0.01,0.03,0.04,105.0,1251.42,0.01,0.965,0.035,0.07741,0.92259,69356.0
1775434114210,2026-04-06T00:08:34.210,btc-updown-15m-1775433600,1775434500,Up,95167885969113266504867831764936237194318828264372852700231644786070379744432,19849302119209428539674025239449101810031960970765254902437702717134987694488,0.96,0.97,1235.32,61.0,0.01,0.03,0.04,61.0,1235.32,0.01,0.965,0.035,0.047056,0.952944,69356.0
1775434115212,2026-04-06T00:08:35.212,btc-updown-15m-1775433600,1775434500,Up,95167885969113266504867831764936237194318828264372852700231644786070379744432,19849302119209428539674025239449101810031960970765254902437702717134987694488,0.96,0.97,1235.32,23.0,0.01,0.03,0.04,23.0,1235.32,0.01,0.965,0.035,0.018278,0.981722,69356.0
1775434116213,2026-04-06T00:08:36.213,btc-updown-15m-1775433600,1775434500,Up,95167885969113266504867831764936237194318828264372852700231644786070379744432,19849302119209428539674025239449101810031960970765254902437702717134987694488,0.95,0.97,1230.32,215.87,0.02,0.03,0.05,215.87,1230.32,0.02,0.96,0.04,0.149268,0.850732,69356.01
1775434117213,2026-04-06T00:08:37.213,btc-updown-15m-1775433600,1775434500,Up,95167885969113266504867831764936237194318828264372852700231644786070379744432,19849302119209428539674025239449101810031960970765254902437702717134987694488,0.95,0.96,25.0,276.87,0.01,0.04,0.05,276.87,25.0,0.01,0.955,0.045,0.917183,0.082817,69356.01
1775434118213,2026-04-06T00:08:38.213,btc-updown-15m-1775433600,1775434500,Up,95167885969113266504867831764936237194318828264372852700231644786070379744432,19849302119209428539674025239449101810031960970765254902437702717134987694488,0.95,0.96,25.0,276.87,0.01,0.04,0.05,276.87,25.0,0.01,0.955,0.045,0.917183,0.082817,69356.01
1775434119214,2026-04-06T00:08:39.214,btc-updown-15m-1775433600,1775434500,Up,95167885969113266504867831764936237194318828264372852700231644786070379744432,19849302119209428539674025239449101810031960970765254902437702717134987694488,0.95,0.96,80.25,20.0,0.01,0.04,0.05,20.0,80.25,0.01,0.955,0.045,0.199501,0.800499,69356.01
1775434120214,2026-04-06T00:08:40.214,btc-updown-15m-1775433600,1775434500,Up,95167885969113266504867831764936237194318828264372852700231644786070379744432,19849302119209428539674025239449101810031960970765254902437702717134987694488,0.95,0.96,80.25,20.0,0.01,0.04,0.05,20.0,80.25,0.01,0.955,0.045,0.199501,0.800499,69356.01
1775434121215,2026-04-06T00:08:41.215,btc-updown-15m-1775433600,1775434500,Up,95167885969113266504867831764936237194318828264372852700231644786070379744432,19849302119209428539674025239449101810031960970765254902437702717134987694488,0.95,0.96,118.33,75.0,0.01,0.04,0.05,75.0,118.33,0.01,0.955,0.045,0.387938,0.612062,69356.01
1775434122216,2026-04-06T00:08:42.216,btc-updown-15m-1775433600,1775434500,Up,95167885969113266504867831764936237194318828264372852700231644786070379744432,19849302119209428539674025239449101810031960970765254902437702717134987694488,0.95,0.96,40.0,70.22,0.01,0.04,0.05,70.22,40.0,0.01,0.955,0.045,0.637089,0.362911,69356.01
1775434123216,2026-04-06T00:08:43.216,btc-updown-15m-1775433600,1775434500,Up,95167885969113266504867831764936237194318828264372852700231644786070379744432,19849302119209428539674025239449101810031960970765254902437702717134987694488,0.95,0.96,40.0,70.22,0.01,0.04,0.05,70.22,40.0,0.01,0.955,0.045,0.637089,0.362911,69356.01
1775434124216,2026-04-06T00:08:44.216,btc-updown-15m-1775433600,1775434500,Up,95167885969113266504867831764936237194318828264372852700231644786070379744432,19849302119209428539674025239449101810031960970765254902437702717134987694488,0.95,0.96,40.0,70.22,0.01,0.04,0.05,70.22,40.0,0.01,0.955,0.045,0.637089,0.362911,69356.01
1775434125217,2026-04-06T00:08:45.217,btc-updown-15m-1775433600,1775434500,Up,95167885969113266504867831764936237194318828264372852700231644786070379744432,19849302119209428539674025239449101810031960970765254902437702717134987694488,0.95,0.96,72.0,87.22,0.01,0.04,0.05,87.22,72.0,0.01,0.955,0.045,0.547796,0.452204,69356.0
1775434126218,2026-04-06T00:08:46.218,btc-updown-15m-1775433600,1775434500,Up,95167885969113266504867831764936237194318828264372852700231644786070379744432,19849302119209428539674025239449101810031960970765254902437702717134987694488,0.95,0.96,72.0,87.22,0.01,0.04,0.05,87.22,72.0,0.01,0.955,0.045,0.547796,0.452204,69356.0
1775434127218,2026-04-06T00:08:47.218,btc-updown-15m-1775433600,1775434500,Up,95167885969113266504867831764936237194318828264372852700231644786070379744432,19849302119209428539674025239449101810031960970765254902437702717134987694488,0.95,0.96,72.0,87.22,0.01,0.04,0.05,132.22,82.0,0.01,0.955,0.045,0.547796,0.382784,69356.0
1775434128219,2026-04-06T00:08:48.219,btc-updown-15m-1775433600,1775434500,Up,95167885969113266504867831764936237194318828264372852700231644786070379744432,19849302119209428539674025239449101810031960970765254902437702717134987694488,0.95,0.96,28.0,167.22,0.01,0.04,0.05,167.22,28.0,0.01,0.955,0.045,0.856572,0.143428,69357.07
1775434129220,2026-04-06T00:08:49.220,btc-updown-15m-1775433600,1775434500,Up,95167885969113266504867831764936237194318828264372852700231644786070379744432,19849302119209428539674025239449101810031960970765254902437702717134987694488,0.95,0.96,12.0,167.22,0.01,0.04,0.05,167.22,12.0,0.01,0.955,0.045,0.933043,0.066957,69357.07
1775434130220,2026-04-06T00:08:50.220,btc-updown-15m-1775433600,1775434500,Up,95167885969113266504867831764936237194318828264372852700231644786070379744432,19849302119209428539674025239449101810031960970765254902437702717134987694488,0.94,0.95,20.0,112.5,0.01,0.05,0.06,112.5,20.0,0.01,0.945,0.055,0.849057,0.150943,69357.07
1775434131221,2026-04-06T00:08:51.221,btc-updown-15m-1775433600,1775434500,Up,95167885969113266504867831764936237194318828264372852700231644786070379744432,19849302119209428539674025239449101810031960970765254902437702717134987694488,0.94,0.95,117.81,211.45,0.01,0.05,0.06,216.45,107.65,0.01,0.945,0.055,0.642198,0.332151,69357.06
1775434132222,2026-04-06T00:08:52.222,btc-updown-15m-1775433600,1775434500,Up,95167885969113266504867831764936237194318828264372852700231644786070379744432,19849302119209428539674025239449101810031960970765254902437702717134987694488,0.94,0.95,77.33,251.45,0.01,0.05,0.06,251.45,77.33,0.01,0.945,0.055,0.764797,0.235203,69357.06
1775434133223,2026-04-06T00:08:53.223,btc-updown-15m-1775433600,1775434500,Up,95167885969113266504867831764936237194318828264372852700231644786070379744432,19849302119209428539674025239449101810031960970765254902437702717134987694488,0.94,0.95,47.01,251.45,0.01,0.05,0.06,251.45,31.85,0.01,0.945,0.055,0.842491,0.112425,69357.06
1775434134224,2026-04-06T00:08:54.224,btc-updown-15m-1775433600,1775434500,Up,95167885969113266504867831764936237194318828264372852700231644786070379744432,19849302119209428539674025239449101810031960970765254902437702717134987694488,0.94,0.95,29.69,256.77,0.01,0.05,0.06,256.77,29.69,0.01,0.945,0.055,0.896356,0.103644,69357.07
1775434135225,2026-04-06T00:08:55.225,btc-updown-15m-1775433600,1775434500,Up,95167885969113266504867831764936237194318828264372852700231644786070379744432,19849302119209428539674025239449101810031960970765254902437702717134987694488,0.95,0.96,326.86,212.86,0.01,0.04,0.05,212.86,326.86,0.01,0.955,0.045,0.39439,0.60561,69357.07
1775434136226,2026-04-06T00:08:56.226,btc-updown-15m-1775433600,1775434500,Up,95167885969113266504867831764936237194318828264372852700231644786070379744432,19849302119209428539674025239449101810031960970765254902437702717134987694488,0.95,0.96,326.86,212.86,0.01,0.04,0.05,212.86,326.86,0.01,0.955,0.045,0.39439,0.60561,69357.07
1775434137227,2026-04-06T00:08:57.227,btc-updown-15m-1775433600,1775434500,Up,95167885969113266504867831764936237194318828264372852700231644786070379744432,19849302119209428539674025239449101810031960970765254902437702717134987694488,0.95,0.96,326.86,212.86,0.01,0.04,0.05,212.86,326.86,0.01,0.955,0.045,0.39439,0.60561,69357.06
1775434138228,2026-04-06T00:08:58.228,btc-updown-15m-1775433600,1775434500,Up,95167885969113266504867831764936237194318828264372852700231644786070379744432,19849302119209428539674025239449101810031960970765254902437702717134987694488,0.95,0.96,326.86,212.86,0.01,0.04,0.05,212.86,326.86,0.01,0.955,0.045,0.39439,0.60561,69357.06
1775434139229,2026-04-06T00:08:59.229,btc-updown-15m-1775433600,1775434500,Up,95167885969113266504867831764936237194318828264372852700231644786070379744432,19849302119209428539674025239449101810031960970765254902437702717134987694488,0.95,0.96,326.86,212.86,0.01,0.04,0.05,212.86,326.86,0.01,0.955,0.045,0.39439,0.60561,69357.06
1775434140230,2026-04-06T00:09:00.230,btc-updown-15m-1775433600,1775434500,Up,95167885969113266504867831764936237194318828264372852700231644786070379744432,19849302119209428539674025239449101810031960970765254902437702717134987694488,0.95,0.96,663.24,127.31,0.01,0.04,0.05,127.31,663.24,0.01,0.955,0.045,0.16104,0.83896,69349.44
1775434141231,2026-04-06T00:09:01.231,btc-updown-15m-1775433600,1775434500,Up,95167885969113266504867831764936237194318828264372852700231644786070379744432,19849302119209428539674025239449101810031960970765254902437702717134987694488,0.95,0.96,691.21,75.0,0.01,0.04,0.05,90.0,452.87,0.01,0.955,0.045,0.097884,0.834214,69349.44
1775434142233,2026-04-06T00:09:02.233,btc-updown-15m-1775433600,1775434500,Up,95167885969113266504867831764936237194318828264372852700231644786070379744432,19849302119209428539674025239449101810031960970765254902437702717134987694488,0.95,0.96,157.23,140.0,0.01,0.04,0.05,140.0,157.23,0.01,0.955,0.045,0.471016,0.528984,69349.44
1775434143233,2026-04-06T00:09:03.233,btc-updown-15m-1775433600,1775434500,Up,95167885969113266504867831764936237194318828264372852700231644786070379744432,19849302119209428539674025239449101810031960970765254902437702717134987694488,0.95,0.96,144.73,305.54,0.01,0.04,0.05,305.54,144.73,0.01,0.955,0.045,0.678571,0.321429,69354.41
1775434144234,2026-04-06T00:09:04.234,btc-updown-15m-1775433600,1775434500,Up,95167885969113266504867831764936237194318828264372852700231644786070379744432,19849302119209428539674025239449101810031960970765254902437702717134987694488,0.95,0.96,143.68,281.54,0.01,0.04,0.05,281.54,143.68,0.01,0.955,0.045,0.662104,0.337896,69354.41
1775434145234,2026-04-06T00:09:05.234,btc-updown-15m-1775433600,1775434500,Up,95167885969113266504867831764936237194318828264372852700231644786070379744432,19849302119209428539674025239449101810031960970765254902437702717134987694488,0.95,0.96,219.68,133.54,0.01,0.04,0.05,133.54,219.68,0.01,0.955,0.045,0.378065,0.621935,69354.41
1775434146235,2026-04-06T00:09:06.235,btc-updown-15m-1775433600,1775434500,Up,95167885969113266504867831764936237194318828264372852700231644786070379744432,19849302119209428539674025239449101810031960970765254902437702717134987694488,0.95,0.96,219.68,133.54,0.01,0.04,0.05,133.54,219.68,0.01,0.955,0.045,0.378065,0.621935,69347.0
1775434147236,2026-04-06T00:09:07.236,btc-updown-15m-1775433600,1775434500,Up,95167885969113266504867831764936237194318828264372852700231644786070379744432,19849302119209428539674025239449101810031960970765254902437702717134987694488,0.95,0.96,219.68,133.54,0.01,0.04,0.05,133.54,219.68,0.01,0.955,0.045,0.378065,0.621935,69347.0
1775434148237,2026-04-06T00:09:08.237,btc-updown-15m-1775433600,1775434500,Up,95167885969113266504867831764936237194318828264372852700231644786070379744432,19849302119209428539674025239449101810031960970765254902437702717134987694488,0.95,0.96,219.68,133.54,0.01,0.04,0.05,133.54,219.68,0.01,0.955,0.045,0.378065,0.621935,69347.0
1775434149238,2026-04-06T00:09:09.238,btc-updown-15m-1775433600,1775434500,Up,95167885969113266504867831764936237194318828264372852700231644786070379744432,19849302119209428539674025239449101810031960970765254902437702717134987694488,0.95,0.96,252.0,55.0,0.01,0.04,0.05,55.0,252.0,0.01,0.955,0.045,0.179153,0.820847,69346.32
1775434150239,2026-04-06T00:09:10.239,btc-updown-15m-1775433600,1775434500,Up,95167885969113266504867831764936237194318828264372852700231644786070379744432,19849302119209428539674025239449101810031960970765254902437702717134987694488,0.95,0.96,252.0,55.0,0.01,0.04,0.05,55.0,252.0,0.01,0.955,0.045,0.179153,0.820847,69346.32
1775434151239,2026-04-06T00:09:11.239,btc-updown-15m-1775433600,1775434500,Up,95167885969113266504867831764936237194318828264372852700231644786070379744432,19849302119209428539674025239449101810031960970765254902437702717134987694488,0.94,0.96,954.55,147.82,0.02,0.04,0.06,147.82,954.55,0.02,0.95,0.05,0.134093,0.865907,69346.32
1775434152241,2026-04-06T00:09:12.241,btc-updown-15m-1775433600,1775434500,Up,95167885969113266504867831764936237194318828264372852700231644786070379744432,19849302119209428539674025239449101810031960970765254902437702717134987694488,0.94,0.96,954.55,147.82,0.02,0.04,0.06,147.82,954.55,0.02,0.95,0.05,0.134093,0.865907,69340.75
1775434153242,2026-04-06T00:09:13.242,btc-updown-15m-1775433600,1775434500,Up,95167885969113266504867831764936237194318828264372852700231644786070379744432,19849302119209428539674025239449101810031960970765254902437702717134987694488,0.94,0.96,954.55,147.82,0.02,0.04,0.06,147.82,954.55,0.02,0.95,0.05,0.134093,0.865907,69340.75
1775434154243,2026-04-06T00:09:14.243,btc-updown-15m-1775433600,1775434500,Up,95167885969113266504867831764936237194318828264372852700231644786070379744432,19849302119209428539674025239449101810031960970765254902437702717134987694488,0.95,0.96,25.0,189.19,0.01,0.04,0.05,189.19,25.0,0.01,0.955,0.045,0.883281,0.116719,69340.75
1775434155245,2026-04-06T00:09:15.245,btc-updown-15m-1775433600,1775434500,Up,95167885969113266504867831764936237194318828264372852700231644786070379744432,19849302119209428539674025239449101810031960970765254902437702717134987694488,0.95,0.96,25.0,189.19,0.01,0.04,0.05,189.19,25.0,0.01,0.955,0.045,0.883281,0.116719,69347.47
1775434156245,2026-04-06T00:09:16.245,btc-updown-15m-1775433600,1775434500,Up,95167885969113266504867831764936237194318828264372852700231644786070379744432,19849302119209428539674025239449101810031960970765254902437702717134987694488,0.95,0.96,25.0,189.19,0.01,0.04,0.05,189.19,25.0,0.01,0.955,0.045,0.883281,0.116719,69347.47
1775434157246,2026-04-06T00:09:17.246,btc-updown-15m-1775433600,1775434500,Up,95167885969113266504867831764936237194318828264372852700231644786070379744432,19849302119209428539674025239449101810031960970765254902437702717134987694488,0.95,0.96,50.0,84.0,0.01,0.04,0.05,84.0,50.0,0.01,0.955,0.045,0.626866,0.373134,69347.47
1775434158248,2026-04-06T00:09:18.248,btc-updown-15m-1775433600,1775434500,Up,95167885969113266504867831764936237194318828264372852700231644786070379744432,19849302119209428539674025239449101810031960970765254902437702717134987694488,0.95,0.96,50.0,84.0,0.01,0.04,0.05,84.0,50.0,0.01,0.955,0.045,0.626866,0.373134,69337.71
1775434159249,2026-04-06T00:09:19.249,btc-updown-15m-1775433600,1775434500,Up,95167885969113266504867831764936237194318828264372852700231644786070379744432,19849302119209428539674025239449101810031960970765254902437702717134987694488,0.95,0.96,50.0,84.0,0.01,0.04,0.05,84.0,50.0,0.01,0.955,0.045,0.626866,0.373134,69337.71
1775434160249,2026-04-06T00:09:20.249,btc-updown-15m-1775433600,1775434500,Up,95167885969113266504867831764936237194318828264372852700231644786070379744432,19849302119209428539674025239449101810031960970765254902437702717134987694488,0.95,0.96,50.0,84.0,0.01,0.04,0.05,84.0,50.0,0.01,0.955,0.045,0.626866,0.373134,69337.71
1775434161250,2026-04-06T00:09:21.250,btc-updown-15m-1775433600,1775434500,Up,95167885969113266504867831764936237194318828264372852700231644786070379744432,19849302119209428539674025239449101810031960970765254902437702717134987694488,0.95,0.96,47.97,94.0,0.01,0.04,0.05,94.0,47.97,0.01,0.955,0.045,0.662112,0.337888,69340.54
1775434162250,2026-04-06T00:09:22.250,btc-updown-15m-1775433600,1775434500,Up,95167885969113266504867831764936237194318828264372852700231644786070379744432,19849302119209428539674025239449101810031960970765254902437702717134987694488,0.95,0.96,47.97,94.0,0.01,0.04,0.05,94.0,47.97,0.01,0.955,0.045,0.662112,0.337888,69340.54
1775434163250,2026-04-06T00:09:23.250,btc-updown-15m-1775433600,1775434500,Up,95167885969113266504867831764936237194318828264372852700231644786070379744432,19849302119209428539674025239449101810031960970765254902437702717134987694488,0.95,0.96,47.97,94.0,0.01,0.04,0.05,94.0,47.97,0.01,0.955,0.045,0.662112,0.337888,69340.54
1775434164251,2026-04-06T00:09:24.251,btc-updown-15m-1775433600,1775434500,Up,95167885969113266504867831764936237194318828264372852700231644786070379744432,19849302119209428539674025239449101810031960970765254902437702717134987694488,0.95,0.96,47.97,94.0,0.01,0.04,0.05,94.0,47.97,0.01,0.955,0.045,0.662112,0.337888,69350.45
1775434165252,2026-04-06T00:09:25.252,btc-updown-15m-1775433600,1775434500,Up,95167885969113266504867831764936237194318828264372852700231644786070379744432,19849302119209428539674025239449101810031960970765254902437702717134987694488,0.95,0.96,47.97,94.0,0.01,0.04,0.05,94.0,47.97,0.01,0.955,0.045,0.662112,0.337888,69350.45
1775434166253,2026-04-06T00:09:26.253,btc-updown-15m-1775433600,1775434500,Up,95167885969113266504867831764936237194318828264372852700231644786070379744432,19849302119209428539674025239449101810031960970765254902437702717134987694488,0.95,0.96,14.64,134.0,0.01,0.04,0.05,134.0,14.64,0.01,0.955,0.045,0.901507,0.098493,69350.45
1775434167254,2026-04-06T00:09:27.254,btc-updown-15m-1775433600,1775434500,Up,95167885969113266504867831764936237194318828264372852700231644786070379744432,19849302119209428539674025239449101810031960970765254902437702717134987694488,0.95,0.96,14.64,134.0,0.01,0.04,0.05,134.0,14.64,0.01,0.955,0.045,0.901507,0.098493,69345.54
1775434168255,2026-04-06T00:09:28.255,btc-updown-15m-1775433600,1775434500,Up,95167885969113266504867831764936237194318828264372852700231644786070379744432,19849302119209428539674025239449101810031960970765254902437702717134987694488,0.95,0.96,14.64,134.0,0.01,0.04,0.05,134.0,14.64,0.01,0.955,0.045,0.901507,0.098493,69345.54
1775434169257,2026-04-06T00:09:29.257,btc-updown-15m-1775433600,1775434500,Up,95167885969113266504867831764936237194318828264372852700231644786070379744432,19849302119209428539674025239449101810031960970765254902437702717134987694488,0.95,0.96,14.64,134.0,0.01,0.04,0.05,134.0,14.64,0.01,0.955,0.045,0.901507,0.098493,69345.54
1775434170257,2026-04-06T00:09:30.257,btc-updown-15m-1775433600,1775434500,Up,95167885969113266504867831764936237194318828264372852700231644786070379744432,19849302119209428539674025239449101810031960970765254902437702717134987694488,0.95,0.96,14.64,134.0,0.01,0.04,0.05,134.0,14.64,0.01,0.955,0.045,0.901507,0.098493,69345.53
1775434171258,2026-04-06T00:09:31.258,btc-updown-15m-1775433600,1775434500,Up,95167885969113266504867831764936237194318828264372852700231644786070379744432,19849302119209428539674025239449101810031960970765254902437702717134987694488,0.95,0.96,29.16,124.0,0.01,0.04,0.05,124.0,29.16,0.01,0.955,0.045,0.809611,0.190389,69345.53
1775434172259,2026-04-06T00:09:32.259,btc-updown-15m-1775433600,1775434500,Up,95167885969113266504867831764936237194318828264372852700231644786070379744432,19849302119209428539674025239449101810031960970765254902437702717134987694488,0.95,0.96,29.16,74.0,0.01,0.04,0.05,74.0,29.16,0.01,0.955,0.045,0.717332,0.282668,69345.53
1775434173259,2026-04-06T00:09:33.259,btc-updown-15m-1775433600,1775434500,Up,95167885969113266504867831764936237194318828264372852700231644786070379744432,19849302119209428539674025239449101810031960970765254902437702717134987694488,0.95,0.96,29.16,74.0,0.01,0.04,0.05,74.0,29.16,0.01,0.955,0.045,0.717332,0.282668,69330.26
1775434174260,2026-04-06T00:09:34.260,btc-updown-15m-1775433600,1775434500,Up,95167885969113266504867831764936237194318828264372852700231644786070379744432,19849302119209428539674025239449101810031960970765254902437702717134987694488,0.95,0.96,29.16,74.0,0.01,0.04,0.05,74.0,29.16,0.01,0.955,0.045,0.717332,0.282668,69330.26
1775434175261,2026-04-06T00:09:35.261,btc-updown-15m-1775433600,1775434500,Up,95167885969113266504867831764936237194318828264372852700231644786070379744432,19849302119209428539674025239449101810031960970765254902437702717134987694488,0.95,0.96,29.16,74.0,0.01,0.04,0.05,74.0,29.16,0.01,0.955,0.045,0.717332,0.282668,69330.26
1775434176262,2026-04-06T00:09:36.262,btc-updown-15m-1775433600,1775434500,Up,95167885969113266504867831764936237194318828264372852700231644786070379744432,19849302119209428539674025239449101810031960970765254902437702717134987694488,0.95,0.96,29.16,74.0,0.01,0.04,0.05,74.0,29.16,0.01,0.955,0.045,0.717332,0.282668,69330.27
1775434177262,2026-04-06T00:09:37.262,btc-updown-15m-1775433600,1775434500,Up,95167885969113266504867831764936237194318828264372852700231644786070379744432,19849302119209428539674025239449101810031960970765254902437702717134987694488,0.95,0.96,29.16,74.0,0.01,0.04,0.05,74.0,29.16,0.01,0.955,0.045,0.717332,0.282668,69330.27
1775434178262,2026-04-06T00:09:38.262,btc-updown-15m-1775433600,1775434500,Up,95167885969113266504867831764936237194318828264372852700231644786070379744432,19849302119209428539674025239449101810031960970765254902437702717134987694488,0.95,0.96,29.16,74.0,0.01,0.04,0.05,74.0,29.16,0.01,0.955,0.045,0.717332,0.282668,69330.27
1775434179262,2026-04-06T00:09:39.262,btc-updown-15m-1775433600,1775434500,Up,95167885969113266504867831764936237194318828264372852700231644786070379744432,19849302119209428539674025239449101810031960970765254902437702717134987694488,0.95,0.96,29.16,74.0,0.01,0.04,0.05,74.0,29.16,0.01,0.955,0.045,0.717332,0.282668,69345.05
1775434180263,2026-04-06T00:09:40.263,btc-updown-15m-1775433600,1775434500,Up,95167885969113266504867831764936237194318828264372852700231644786070379744432,19849302119209428539674025239449101810031960970765254902437702717134987694488,0.96,0.97,1087.77,7.5,0.01,0.03,0.04,7.5,1087.77,0.01,0.965,0.035,0.006848,0.993152,69345.05
1775434181263,2026-04-06T00:09:41.263,btc-updown-15m-1775433600,1775434500,Up,95167885969113266504867831764936237194318828264372852700231644786070379744432,19849302119209428539674025239449101810031960970765254902437702717134987694488,0.96,0.97,1115.74,107.5,0.01,0.03,0.04,107.5,1115.74,0.01,0.965,0.035,0.087881,0.912119,69345.05
1775434182264,2026-04-06T00:09:42.264,btc-updown-15m-1775433600,1775434500,Up,95167885969113266504867831764936237194318828264372852700231644786070379744432,19849302119209428539674025239449101810031960970765254902437702717134987694488,0.96,0.97,1115.74,107.5,0.01,0.03,0.04,107.5,1115.74,0.01,0.965,0.035,0.087881,0.912119,69335.87
1775434183266,2026-04-06T00:09:43.266,btc-updown-15m-1775433600,1775434500,Up,95167885969113266504867831764936237194318828264372852700231644786070379744432,19849302119209428539674025239449101810031960970765254902437702717134987694488,0.96,0.97,1115.74,107.5,0.01,0.03,0.04,107.5,1115.74,0.01,0.965,0.035,0.087881,0.912119,69335.87
1775434184266,2026-04-06T00:09:44.266,btc-updown-15m-1775433600,1775434500,Up,95167885969113266504867831764936237194318828264372852700231644786070379744432,19849302119209428539674025239449101810031960970765254902437702717134987694488,0.96,0.97,379.76,107.5,0.01,0.03,0.04,107.5,379.76,0.01,0.965,0.035,0.220621,0.779379,69335.87
1775434185267,2026-04-06T00:09:45.267,btc-updown-15m-1775433600,1775434500,Up,95167885969113266504867831764936237194318828264372852700231644786070379744432,19849302119209428539674025239449101810031960970765254902437702717134987694488,0.96,0.97,379.76,107.5,0.01,0.03,0.04,107.5,379.76,0.01,0.965,0.035,0.220621,0.779379,69326.63
1775434186268,2026-04-06T00:09:46.268,btc-updown-15m-1775433600,1775434500,Up,95167885969113266504867831764936237194318828264372852700231644786070379744432,19849302119209428539674025239449101810031960970765254902437702717134987694488,0.96,0.97,1102.76,105.0,0.01,0.03,0.04,105.0,1102.76,0.01,0.965,0.035,0.086938,0.913062,69326.63
1775434187269,2026-04-06T00:09:47.269,btc-updown-15m-1775433600,1775434500,Up,95167885969113266504867831764936237194318828264372852700231644786070379744432,19849302119209428539674025239449101810031960970765254902437702717134987694488,0.96,0.97,1102.76,105.0,0.01,0.03,0.04,105.0,1102.76,0.01,0.965,0.035,0.086938,0.913062,69326.63
1775434188270,2026-04-06T00:09:48.270,btc-updown-15m-1775433600,1775434500,Up,95167885969113266504867831764936237194318828264372852700231644786070379744432,19849302119209428539674025239449101810031960970765254902437702717134987694488,0.96,0.97,1083.76,142.16,0.01,0.03,0.04,142.16,1083.76,0.01,0.965,0.035,0.115962,0.884038,69326.1
1775434189271,2026-04-06T00:09:49.271,btc-updown-15m-1775433600,1775434500,Up,95167885969113266504867831764936237194318828264372852700231644786070379744432,19849302119209428539674025239449101810031960970765254902437702717134987694488,0.96,0.97,1083.76,142.16,0.01,0.03,0.04,142.16,1083.76,0.01,0.965,0.035,0.115962,0.884038,69326.1
1775434190272,2026-04-06T00:09:50.272,btc-updown-15m-1775433600,1775434500,Up,95167885969113266504867831764936237194318828264372852700231644786070379744432,19849302119209428539674025239449101810031960970765254902437702717134987694488,0.96,0.97,1083.76,142.16,0.01,0.03,0.04,142.16,1083.76,0.01,0.965,0.035,0.115962,0.884038,69326.1
1775434191274,2026-04-06T00:09:51.274,btc-updown-15m-1775433600,1775434500,Up,95167885969113266504867831764936237194318828264372852700231644786070379744432,19849302119209428539674025239449101810031960970765254902437702717134987694488,0.96,0.97,1081.73,147.16,0.01,0.03,0.04,147.16,1081.73,0.01,0.965,0.035,0.11975,0.88025,69326.1
1775434192275,2026-04-06T00:09:52.275,btc-updown-15m-1775433600,1775434500,Up,95167885969113266504867831764936237194318828264372852700231644786070379744432,19849302119209428539674025239449101810031960970765254902437702717134987694488,0.96,0.97,1081.73,147.16,0.01,0.03,0.04,147.16,1081.73,0.01,0.965,0.035,0.11975,0.88025,69326.1
1775434193276,2026-04-06T00:09:53.276,btc-updown-15m-1775433600,1775434500,Up,95167885969113266504867831764936237194318828264372852700231644786070379744432,19849302119209428539674025239449101810031960970765254902437702717134987694488,0.96,0.97,1081.73,147.16,0.01,0.03,0.04,147.16,1081.73,0.01,0.965,0.035,0.11975,0.88025,69326.1
1775434194276,2026-04-06T00:09:54.276,btc-updown-15m-1775433600,1775434500,Up,95167885969113266504867831764936237194318828264372852700231644786070379744432,19849302119209428539674025239449101810031960970765254902437702717134987694488,0.96,0.97,1054.43,147.16,0.01,0.03,0.04,147.16,1054.43,0.01,0.965,0.035,0.122471,0.877529,69323.26
1775434195277,2026-04-06T00:09:55.277,btc-updown-15m-1775433600,1775434500,Up,95167885969113266504867831764936237194318828264372852700231644786070379744432,19849302119209428539674025239449101810031960970765254902437702717134987694488,0.96,0.97,74.0,210.16,0.01,0.03,0.04,210.16,74.0,0.01,0.965,0.035,0.739583,0.260417,69323.26
1775434196277,2026-04-06T00:09:56.277,btc-updown-15m-1775433600,1775434500,Up,95167885969113266504867831764936237194318828264372852700231644786070379744432,19849302119209428539674025239449101810031960970765254902437702717134987694488,0.96,0.97,74.0,210.16,0.01,0.03,0.04,210.16,74.0,0.01,0.965,0.035,0.739583,0.260417,69323.26
1775434197278,2026-04-06T00:09:57.278,btc-updown-15m-1775433600,1775434500,Up,95167885969113266504867831764936237194318828264372852700231644786070379744432,19849302119209428539674025239449101810031960970765254902437702717134987694488,0.96,0.97,74.0,210.16,0.01,0.03,0.04,210.16,74.0,0.01,0.965,0.035,0.739583,0.260417,69336.88
1775434198278,2026-04-06T00:09:58.278,btc-updown-15m-1775433600,1775434500,Up,95167885969113266504867831764936237194318828264372852700231644786070379744432,19849302119209428539674025239449101810031960970765254902437702717134987694488,0.96,0.97,74.0,210.16,0.01,0.03,0.04,210.16,74.0,0.01,0.965,0.035,0.739583,0.260417,69336.88
1775434199279,2026-04-06T00:09:59.279,btc-updown-15m-1775433600,1775434500,Up,95167885969113266504867831764936237194318828264372852700231644786070379744432,19849302119209428539674025239449101810031960970765254902437702717134987694488,0.96,0.97,74.0,210.16,0.01,0.03,0.04,210.16,74.0,0.01,0.965,0.035,0.739583,0.260417,69336.88
1775434200280,2026-04-06T00:10:00.280,btc-updown-15m-1775433600,1775434500,Up,95167885969113266504867831764936237194318828264372852700231644786070379744432,19849302119209428539674025239449101810031960970765254902437702717134987694488,0.96,0.97,74.0,210.16,0.01,0.03,0.04,210.16,74.0,0.01,0.965,0.035,0.739583,0.260417,69333.75
1775434201281,2026-04-06T00:10:01.281,btc-updown-15m-1775433600,1775434500,Up,95167885969113266504867831764936237194318828264372852700231644786070379744432,19849302119209428539674025239449101810031960970765254902437702717134987694488,0.97,0.98,3723.16,366.93,0.01,0.02,0.03,366.93,3723.16,0.01,0.975,0.025,0.089712,0.910288,69333.75
1775434202281,2026-04-06T00:10:02.281,btc-updown-15m-1775433600,1775434500,Up,95167885969113266504867831764936237194318828264372852700231644786070379744432,19849302119209428539674025239449101810031960970765254902437702717134987694488,0.97,0.98,3395.69,417.5,0.01,0.02,0.03,580.97,3415.69,0.01,0.975,0.025,0.109488,0.854636,69333.75
1775434203282,2026-04-06T00:10:03.282,btc-updown-15m-1775433600,1775434500,Up,95167885969113266504867831764936237194318828264372852700231644786070379744432,19849302119209428539674025239449101810031960970765254902437702717134987694488,0.97,0.98,3340.69,480.97,0.01,0.02,0.03,480.97,3340.69,0.01,0.975,0.025,0.125854,0.874146,69323.27
1775434204283,2026-04-06T00:10:04.283,btc-updown-15m-1775433600,1775434500,Up,95167885969113266504867831764936237194318828264372852700231644786070379744432,19849302119209428539674025239449101810031960970765254902437702717134987694488,0.97,0.98,3310.69,472.97,0.01,0.02,0.03,562.97,3305.69,0.01,0.975,0.025,0.125003,0.854479,69323.27
1775434205283,2026-04-06T00:10:05.283,btc-updown-15m-1775433600,1775434500,Up,95167885969113266504867831764936237194318828264372852700231644786070379744432,19849302119209428539674025239449101810031960970765254902437702717134987694488,0.97,0.98,3305.69,524.97,0.01,0.02,0.03,524.97,3305.69,0.01,0.975,0.025,0.137044,0.862956,69323.27
1775434206284,2026-04-06T00:10:06.284,btc-updown-15m-1775433600,1775434500,Up,95167885969113266504867831764936237194318828264372852700231644786070379744432,19849302119209428539674025239449101810031960970765254902437702717134987694488,0.97,0.98,3207.64,377.97,0.01,0.02,0.03,377.97,3207.64,0.01,0.975,0.025,0.105413,0.894587,69323.27
1775434207284,2026-04-06T00:10:07.284,btc-updown-15m-1775433600,1775434500,Up,95167885969113266504867831764936237194318828264372852700231644786070379744432,19849302119209428539674025239449101810031960970765254902437702717134987694488,0.97,0.98,3049.64,169.3,0.01,0.02,0.03,169.3,3049.64,0.01,0.975,0.025,0.052595,0.947405,69323.27
1775434208285,2026-04-06T00:10:08.285,btc-updown-15m-1775433600,1775434500,Up,95167885969113266504867831764936237194318828264372852700231644786070379744432,19849302119209428539674025239449101810031960970765254902437702717134987694488,0.97,0.98,3149.62,126.3,0.01,0.02,0.03,126.3,3149.62,0.01,0.975,0.025,0.038554,0.961446,69323.27
1775434209287,2026-04-06T00:10:09.287,btc-updown-15m-1775433600,1775434500,Up,95167885969113266504867831764936237194318828264372852700231644786070379744432,19849302119209428539674025239449101810031960970765254902437702717134987694488,0.97,0.98,3948.59,88.61,0.01,0.02,0.03,88.61,3948.59,0.01,0.975,0.025,0.021948,0.978052,69330.27
1775434210287,2026-04-06T00:10:10.287,btc-updown-15m-1775433600,1775434500,Up,95167885969113266504867831764936237194318828264372852700231644786070379744432,19849302119209428539674025239449101810031960970765254902437702717134987694488,0.97,0.98,3737.59,88.61,0.01,0.02,0.03,88.61,3737.59,0.01,0.975,0.025,0.023159,0.976841,69330.27
1775434211289,2026-04-06T00:10:11.289,btc-updown-15m-1775433600,1775434500,Up,95167885969113266504867831764936237194318828264372852700231644786070379744432,19849302119209428539674025239449101810031960970765254902437702717134987694488,0.96,0.97,30.0,340.66,0.01,0.03,0.04,340.66,30.0,0.01,0.965,0.035,0.919063,0.080937,69330.27
1775434212290,2026-04-06T00:10:12.290,btc-updown-15m-1775433600,1775434500,Up,95167885969113266504867831764936237194318828264372852700231644786070379744432,19849302119209428539674025239449101810031960970765254902437702717134987694488,0.96,0.97,837.97,257.66,0.01,0.03,0.04,257.66,837.97,0.01,0.965,0.035,0.235171,0.764829,69311.98
1775434213291,2026-04-06T00:10:13.291,btc-updown-15m-1775433600,1775434500,Up,95167885969113266504867831764936237194318828264372852700231644786070379744432,19849302119209428539674025239449101810031960970765254902437702717134987694488,0.96,0.97,837.97,257.66,0.01,0.03,0.04,257.66,837.97,0.01,0.965,0.035,0.235171,0.764829,69311.98
1775434214291,2026-04-06T00:10:14.291,btc-updown-15m-1775433600,1775434500,Up,95167885969113266504867831764936237194318828264372852700231644786070379744432,19849302119209428539674025239449101810031960970765254902437702717134987694488,0.96,0.97,837.97,257.66,0.01,0.03,0.04,338.66,819.34,0.01,0.965,0.035,0.235171,0.707547,69311.98
1775434215291,2026-04-06T00:10:15.291,btc-updown-15m-1775433600,1775434500,Up,95167885969113266504867831764936237194318828264372852700231644786070379744432,19849302119209428539674025239449101810031960970765254902437702717134987694488,0.96,0.97,819.34,338.66,0.01,0.03,0.04,338.66,819.34,0.01,0.965,0.035,0.292453,0.707547,69305.17
1775434216292,2026-04-06T00:10:16.292,btc-updown-15m-1775433600,1775434500,Up,95167885969113266504867831764936237194318828264372852700231644786070379744432,19849302119209428539674025239449101810031960970765254902437702717134987694488,0.96,0.97,807.35,282.66,0.01,0.03,0.04,282.66,796.72,0.01,0.965,0.035,0.259319,0.738127,69305.17
1775434217293,2026-04-06T00:10:17.293,btc-updown-15m-1775433600,1775434500,Up,95167885969113266504867831764936237194318828264372852700231644786070379744432,19849302119209428539674025239449101810031960970765254902437702717134987694488,0.97,0.98,3607.59,162.0,0.01,0.02,0.03,162.0,3607.59,0.01,0.975,0.025,0.042975,0.957025,69305.17
1775434218294,2026-04-06T00:10:18.294,btc-updown-15m-1775433600,1775434500,Up,95167885969113266504867831764936237194318828264372852700231644786070379744432,19849302119209428539674025239449101810031960970765254902437702717134987694488,0.97,0.98,3557.59,30.0,0.01,0.02,0.03,30.0,3557.59,0.01,0.975,0.025,0.008362,0.991638,69328.78
1775434219294,2026-04-06T00:10:19.294,btc-updown-15m-1775433600,1775434500,Up,95167885969113266504867831764936237194318828264372852700231644786070379744432,19849302119209428539674025239449101810031960970765254902437702717134987694488,0.96,0.98,3462.59,308.66,0.02,0.02,0.04,308.66,3462.59,0.02,0.97,0.03,0.081846,0.918154,69328.78
1775434220296,2026-04-06T00:10:20.296,btc-updown-15m-1775433600,1775434500,Up,95167885969113266504867831764936237194318828264372852700231644786070379744432,19849302119209428539674025239449101810031960970765254902437702717134987694488,0.96,0.98,3517.59,333.66,0.02,0.02,0.04,333.66,3517.59,0.02,0.97,0.03,0.086637,0.913363,69328.78
1775434221296,2026-04-06T00:10:21.296,btc-updown-15m-1775433600,1775434500,Up,95167885969113266504867831764936237194318828264372852700231644786070379744432,19849302119209428539674025239449101810031960970765254902437702717134987694488,0.96,0.97,752.78,211.16,0.01,0.03,0.04,211.16,752.78,0.01,0.965,0.035,0.219059,0.780941,69306.02
1775434222297,2026-04-06T00:10:22.297,btc-updown-15m-1775433600,1775434500,Up,95167885969113266504867831764936237194318828264372852700231644786070379744432,19849302119209428539674025239449101810031960970765254902437702717134987694488,0.95,0.97,1015.45,339.42,0.02,0.03,0.05,339.42,1015.45,0.02,0.96,0.04,0.250518,0.749482,69306.02
1775434223298,2026-04-06T00:10:23.298,btc-updown-15m-1775433600,1775434500,Up,95167885969113266504867831764936237194318828264372852700231644786070379744432,19849302119209428539674025239449101810031960970765254902437702717134987694488,0.95,0.97,1015.45,339.42,0.02,0.03,0.05,339.42,1015.45,0.02,0.96,0.04,0.250518,0.749482,69306.02
1775434224299,2026-04-06T00:10:24.299,btc-updown-15m-1775433600,1775434500,Up,95167885969113266504867831764936237194318828264372852700231644786070379744432,19849302119209428539674025239449101810031960970765254902437702717134987694488,0.95,0.96,152.0,384.0,0.01,0.04,0.05,384.0,152.0,0.01,0.955,0.045,0.716418,0.283582,69292.42
1775434225300,2026-04-06T00:10:25.300,btc-updown-15m-1775433600,1775434500,Up,95167885969113266504867831764936237194318828264372852700231644786070379744432,19849302119209428539674025239449101810031960970765254902437702717134987694488,0.95,0.96,145.0,290.0,0.01,0.04,0.05,290.0,145.0,0.01,0.955,0.045,0.666667,0.333333,69292.42
1775434226302,2026-04-06T00:10:26.302,btc-updown-15m-1775433600,1775434500,Up,95167885969113266504867831764936237194318828264372852700231644786070379744432,19849302119209428539674025239449101810031960970765254902437702717134987694488,0.95,0.96,145.0,400.96,0.01,0.04,0.05,400.96,145.0,0.01,0.955,0.045,0.734413,0.265587,69292.42
1775434227303,2026-04-06T00:10:27.303,btc-updown-15m-1775433600,1775434500,Up,95167885969113266504867831764936237194318828264372852700231644786070379744432,19849302119209428539674025239449101810031960970765254902437702717134987694488,0.95,0.96,3.0,400.96,0.01,0.04,0.05,400.96,3.0,0.01,0.955,0.045,0.992574,0.007426,69292.43
1775434228305,2026-04-06T00:10:28.305,btc-updown-15m-1775433600,1775434500,Up,95167885969113266504867831764936237194318828264372852700231644786070379744432,19849302119209428539674025239449101810031960970765254902437702717134987694488,0.95,0.96,3.0,400.96,0.01,0.04,0.05,400.96,3.0,0.01,0.955,0.045,0.992574,0.007426,69292.43
1775434229305,2026-04-06T00:10:29.305,btc-updown-15m-1775433600,1775434500,Up,95167885969113266504867831764936237194318828264372852700231644786070379744432,19849302119209428539674025239449101810031960970765254902437702717134987694488,0.95,0.96,3.0,413.46,0.01,0.04,0.05,413.46,3.0,0.01,0.955,0.045,0.992796,0.007204,69292.43
1775434230305,2026-04-06T00:10:30.305,btc-updown-15m-1775433600,1775434500,Up,95167885969113266504867831764936237194318828264372852700231644786070379744432,19849302119209428539674025239449101810031960970765254902437702717134987694488,0.95,0.96,3.0,413.46,0.01,0.04,0.05,413.46,3.0,0.01,0.955,0.045,0.992796,0.007204,69295.83
1775434231306,2026-04-06T00:10:31.306,btc-updown-15m-1775433600,1775434500,Up,95167885969113266504867831764936237194318828264372852700231644786070379744432,19849302119209428539674025239449101810031960970765254902437702717134987694488,0.95,0.96,3.0,413.46,0.01,0.04,0.05,314.28,3.0,0.01,0.955,0.045,0.992796,0.009455,69295.83
1775434232307,2026-04-06T00:10:32.307,btc-updown-15m-1775433600,1775434500,Up,95167885969113266504867831764936237194318828264372852700231644786070379744432,19849302119209428539674025239449101810031960970765254902437702717134987694488,0.94,0.95,650.72,1090.5,0.01,0.05,0.06,1120.5,565.72,0.01,0.945,0.055,0.626285,0.335496,69295.83
1775434233308,2026-04-06T00:10:33.308,btc-updown-15m-1775433600,1775434500,Up,95167885969113266504867831764936237194318828264372852700231644786070379744432,19849302119209428539674025239449101810031960970765254902437702717134987694488,0.94,0.95,383.02,1110.5,0.01,0.05,0.06,1110.5,383.02,0.01,0.945,0.055,0.743545,0.256455,69295.82
1775434234309,2026-04-06T00:10:34.309,btc-updown-15m-1775433600,1775434500,Up,95167885969113266504867831764936237194318828264372852700231644786070379744432,19849302119209428539674025239449101810031960970765254902437702717134987694488,0.94,0.95,383.02,1110.5,0.01,0.05,0.06,1110.5,383.02,0.01,0.945,0.055,0.743545,0.256455,69295.82
1775434235309,2026-04-06T00:10:35.309,btc-updown-15m-1775433600,1775434500,Up,95167885969113266504867831764936237194318828264372852700231644786070379744432,19849302119209428539674025239449101810031960970765254902437702717134987694488,0.94,0.95,426.48,248.5,0.01,0.05,0.06,248.5,426.48,0.01,0.945,0.055,0.368159,0.631841,69295.82
1775434236310,2026-04-06T00:10:36.310,btc-updown-15m-1775433600,1775434500,Up,95167885969113266504867831764936237194318828264372852700231644786070379744432,19849302119209428539674025239449101810031960970765254902437702717134987694488,0.94,0.95,321.94,248.5,0.01,0.05,0.06,248.5,321.94,0.01,0.945,0.055,0.435629,0.564371,69292.0
1775434237310,2026-04-06T00:10:37.310,btc-updown-15m-1775433600,1775434500,Up,95167885969113266504867831764936237194318828264372852700231644786070379744432,19849302119209428539674025239449101810031960970765254902437702717134987694488,0.94,0.95,321.94,248.5,0.01,0.05,0.06,248.5,321.94,0.01,0.945,0.055,0.435629,0.564371,69292.0
1775434238311,2026-04-06T00:10:38.311,btc-updown-15m-1775433600,1775434500,Up,95167885969113266504867831764936237194318828264372852700231644786070379744432,19849302119209428539674025239449101810031960970765254902437702717134987694488,0.94,0.95,64.4,215.74,0.01,0.05,0.06,215.74,64.4,0.01,0.945,0.055,0.770115,0.229885,69292.0
1775434239313,2026-04-06T00:10:39.313,btc-updown-15m-1775433600,1775434500,Up,95167885969113266504867831764936237194318828264372852700231644786070379744432,19849302119209428539674025239449101810031960970765254902437702717134987694488,0.94,0.95,64.4,215.74,0.01,0.05,0.06,215.74,64.4,0.01,0.945,0.055,0.770115,0.229885,69292.0
1775434240314,2026-04-06T00:10:40.314,btc-updown-15m-1775433600,1775434500,Up,95167885969113266504867831764936237194318828264372852700231644786070379744432,19849302119209428539674025239449101810031960970765254902437702717134987694488,0.94,0.95,64.4,215.74,0.01,0.05,0.06,215.74,64.4,0.01,0.945,0.055,0.770115,0.229885,69292.0
1775434241315,2026-04-06T00:10:41.315,btc-updown-15m-1775433600,1775434500,Up,95167885969113266504867831764936237194318828264372852700231644786070379744432,19849302119209428539674025239449101810031960970765254902437702717134987694488,0.94,0.95,223.86,140.74,0.01,0.05,0.06,140.74,223.86,0.01,0.945,0.055,0.386012,0.613988,69292.0
1775434242315,2026-04-06T00:10:42.315,btc-updown-15m-1775433600,1775434500,Up,95167885969113266504867831764936237194318828264372852700231644786070379744432,19849302119209428539674025239449101810031960970765254902437702717134987694488,0.93,0.95,246.2,667.21,0.02,0.05,0.07,667.21,246.2,0.02,0.94,0.06,0.730461,0.269539,69278.82
1775434243316,2026-04-06T00:10:43.316,btc-updown-15m-1775433600,1775434500,Up,95167885969113266504867831764936237194318828264372852700231644786070379744432,19849302119209428539674025239449101810031960970765254902437702717134987694488,0.94,0.95,150.37,125.28,0.01,0.05,0.06,125.28,150.37,0.01,0.945,0.055,0.454489,0.545511,69278.82
1775434244317,2026-04-06T00:10:44.317,btc-updown-15m-1775433600,1775434500,Up,95167885969113266504867831764936237194318828264372852700231644786070379744432,19849302119209428539674025239449101810031960970765254902437702717134987694488,0.94,0.95,8.0,126.95,0.01,0.05,0.06,126.95,8.0,0.01,0.945,0.055,0.940719,0.059281,69278.82
1775434245317,2026-04-06T00:10:45.317,btc-updown-15m-1775433600,1775434500,Up,95167885969113266504867831764936237194318828264372852700231644786070379744432,19849302119209428539674025239449101810031960970765254902437702717134987694488,0.95,0.96,1110.25,49.93,0.01,0.04,0.05,49.93,1110.25,0.01,0.955,0.045,0.043036,0.956964,69278.82
1775434246318,2026-04-06T00:10:46.318,btc-updown-15m-1775433600,1775434500,Up,95167885969113266504867831764936237194318828264372852700231644786070379744432,19849302119209428539674025239449101810031960970765254902437702717134987694488,0.93,0.96,1145.25,887.47,0.03,0.04,0.07,887.47,1145.25,0.03,0.945,0.055,0.436592,0.563408,69278.82
1775434247319,2026-04-06T00:10:47.319,btc-updown-15m-1775433600,1775434500,Up,95167885969113266504867831764936237194318828264372852700231644786070379744432,19849302119209428539674025239449101810031960970765254902437702717134987694488,0.94,0.95,140.66,118.59,0.01,0.05,0.06,118.59,140.66,0.01,0.945,0.055,0.457435,0.542565,69278.82
1775434248319,2026-04-06T00:10:48.319,btc-updown-15m-1775433600,1775434500,Up,95167885969113266504867831764936237194318828264372852700231644786070379744432,19849302119209428539674025239449101810031960970765254902437702717134987694488,0.91,0.92,26.0,757.91,0.01,0.08,0.09,757.91,26.0,0.01,0.915,0.085,0.966833,0.033167,69249.82
1775434249321,2026-04-06T00:10:49.321,btc-updown-15m-1775433600,1775434500,Up,95167885969113266504867831764936237194318828264372852700231644786070379744432,19849302119209428539674025239449101810031960970765254902437702717134987694488,0.91,0.93,98.47,331.14,0.02,0.07,0.09,331.14,98.47,0.02,0.92,0.08,0.770792,0.229208,69249.82
1775434250322,2026-04-06T00:10:50.322,btc-updown-15m-1775433600,1775434500,Up,95167885969113266504867831764936237194318828264372852700231644786070379744432,19849302119209428539674025239449101810031960970765254902437702717134987694488,0.91,0.93,98.29,29.38,0.02,0.07,0.09,29.38,98.29,0.02,0.92,0.08,0.230125,0.769875,69249.82
1775434251322,2026-04-06T00:10:51.322,btc-updown-15m-1775433600,1775434500,Up,95167885969113266504867831764936237194318828264372852700231644786070379744432,19849302119209428539674025239449101810031960970765254902437702717134987694488,0.91,0.93,1145.85,86.69,0.02,0.07,0.09,86.69,1145.85,0.02,0.92,0.08,0.070334,0.929666,69248.42
1775434252323,2026-04-06T00:10:52.323,btc-updown-15m-1775433600,1775434500,Up,95167885969113266504867831764936237194318828264372852700231644786070379744432,19849302119209428539674025239449101810031960970765254902437702717134987694488,0.92,0.93,1148.82,120.5,0.01,0.07,0.08,120.5,1148.82,0.01,0.925,0.075,0.094933,0.905067,69248.42
1775434253324,2026-04-06T00:10:53.324,btc-updown-15m-1775433600,1775434500,Up,95167885969113266504867831764936237194318828264372852700231644786070379744432,19849302119209428539674025239449101810031960970765254902437702717134987694488,0.92,0.93,1178.76,9.26,0.01,0.07,0.08,9.26,1178.76,0.01,0.925,0.075,0.007794,0.992206,69248.42
1775434254324,2026-04-06T00:10:54.324,btc-updown-15m-1775433600,1775434500,Up,95167885969113266504867831764936237194318828264372852700231644786070379744432,19849302119209428539674025239449101810031960970765254902437702717134987694488,0.9,0.93,1198.76,22.4,0.03,0.07,0.1,22.4,1198.76,0.03,0.915,0.085,0.018343,0.981657,69220.0
1775434255325,2026-04-06T00:10:55.325,btc-updown-15m-1775433600,1775434500,Up,95167885969113266504867831764936237194318828264372852700231644786070379744432,19849302119209428539674025239449101810031960970765254902437702717134987694488,0.89,0.9,22.21,37.4,0.01,0.1,0.11,37.4,22.21,0.01,0.895,0.105,0.627412,0.372588,69220.0
1775434256326,2026-04-06T00:10:56.326,btc-updown-15m-1775433600,1775434500,Up,95167885969113266504867831764936237194318828264372852700231644786070379744432,19849302119209428539674025239449101810031960970765254902437702717134987694488,0.89,0.9,50.09,38.0,0.01,0.1,0.11,38.0,50.09,0.01,0.895,0.105,0.431377,0.568623,69220.0
1775434257326,2026-04-06T00:10:57.326,btc-updown-15m-1775433600,1775434500,Up,95167885969113266504867831764936237194318828264372852700231644786070379744432,19849302119209428539674025239449101810031960970765254902437702717134987694488,0.89,0.9,249.1,140.78,0.01,0.1,0.11,140.78,249.1,0.01,0.895,0.105,0.361085,0.638915,69216.13
1775434258327,2026-04-06T00:10:58.327,btc-updown-15m-1775433600,1775434500,Up,95167885969113266504867831764936237194318828264372852700231644786070379744432,19849302119209428539674025239449101810031960970765254902437702717134987694488,0.89,0.9,1174.87,120.78,0.01,0.1,0.11,120.78,1174.87,0.01,0.895,0.105,0.09322,0.90678,69216.13
1775434259327,2026-04-06T00:10:59.327,btc-updown-15m-1775433600,1775434500,Up,95167885969113266504867831764936237194318828264372852700231644786070379744432,19849302119209428539674025239449101810031960970765254902437702717134987694488,0.87,0.9,1255.87,23.07,0.03,0.1,0.13,23.07,1255.87,0.03,0.885,0.115,0.018038,0.981962,69216.13
1775434260328,2026-04-06T00:11:00.328,btc-updown-15m-1775433600,1775434500,Up,95167885969113266504867831764936237194318828264372852700231644786070379744432,19849302119209428539674025239449101810031960970765254902437702717134987694488,0.88,0.9,224.58,80.0,0.02,0.1,0.12,80.0,224.58,0.02,0.89,0.11,0.262657,0.737343,69211.97
1775434261328,2026-04-06T00:11:01.328,btc-updown-15m-1775433600,1775434500,Up,95167885969113266504867831764936237194318828264372852700231644786070379744432,19849302119209428539674025239449101810031960970765254902437702717134987694488,0.86,0.87,8.77,200.0,0.01,0.13,0.14,200.0,8.77,0.01,0.865,0.135,0.957992,0.042008,69211.97
1775434262329,2026-04-06T00:11:02.329,btc-updown-15m-1775433600,1775434500,Up,95167885969113266504867831764936237194318828264372852700231644786070379744432,19849302119209428539674025239449101810031960970765254902437702717134987694488,0.88,0.89,192.64,10.0,0.01,0.11,0.12,10.0,192.64,0.01,0.885,0.115,0.049349,0.950651,69211.97
1775434263330,2026-04-06T00:11:03.330,btc-updown-15m-1775433600,1775434500,Up,95167885969113266504867831764936237194318828264372852700231644786070379744432,19849302119209428539674025239449101810031960970765254902437702717134987694488,0.89,0.91,262.19,46.97,0.02,0.09,0.11,46.97,262.19,0.02,0.9,0.1,0.151928,0.848072,69219.01
1775434264330,2026-04-06T00:11:04.330,btc-updown-15m-1775433600,1775434500,Up,95167885969113266504867831764936237194318828264372852700231644786070379744432,19849302119209428539674025239449101810031960970765254902437702717134987694488,0.9,0.91,146.18,143.0,0.01,0.09,0.1,5.0,1011.23,0.01,0.905,0.095,0.494502,0.99508,69219.01
1775434265330,2026-04-06T00:11:05.330,btc-updown-15m-1775433600,1775434500,Up,95167885969113266504867831764936237194318828264372852700231644786070379744432,19849302119209428539674025239449101810031960970765254902437702717134987694488,0.9,0.91,10.08,293.0,0.01,0.09,0.1,293.0,10.08,0.01,0.905,0.095,0.966741,0.033259,69219.01
1775434266330,2026-04-06T00:11:06.330,btc-updown-15m-1775433600,1775434500,Up,95167885969113266504867831764936237194318828264372852700231644786070379744432,19849302119209428539674025239449101810031960970765254902437702717134987694488,0.91,0.92,900.66,40.0,0.01,0.08,0.09,40.0,900.66,0.01,0.915,0.085,0.042523,0.957477,69230.84
1775434267331,2026-04-06T00:11:07.331,btc-updown-15m-1775433600,1775434500,Up,95167885969113266504867831764936237194318828264372852700231644786070379744432,19849302119209428539674025239449101810031960970765254902437702717134987694488,0.91,0.92,778.16,78.0,0.01,0.08,0.09,197.0,703.16,0.01,0.915,0.085,0.091104,0.78115,69230.84
1775434268332,2026-04-06T00:11:08.332,btc-updown-15m-1775433600,1775434500,Up,95167885969113266504867831764936237194318828264372852700231644786070379744432,19849302119209428539674025239449101810031960970765254902437702717134987694488,0.91,0.92,691.42,168.0,0.01,0.08,0.09,168.0,691.42,0.01,0.915,0.085,0.195481,0.804519,69230.84
1775434269332,2026-04-06T00:11:09.332,btc-updown-15m-1775433600,1775434500,Up,95167885969113266504867831764936237194318828264372852700231644786070379744432,19849302119209428539674025239449101810031960970765254902437702717134987694488,0.91,0.92,809.49,20.0,0.01,0.08,0.09,20.0,809.49,0.01,0.915,0.085,0.024111,0.975889,69227.16
1775434270333,2026-04-06T00:11:10.333,btc-updown-15m-1775433600,1775434500,Up,95167885969113266504867831764936237194318828264372852700231644786070379744432,19849302119209428539674025239449101810031960970765254902437702717134987694488,0.9,0.91,10.85,45.0,0.01,0.09,0.1,45.0,10.85,0.01,0.905,0.095,0.80573,0.19427,69227.16
1775434271333,2026-04-06T00:11:11.333,btc-updown-15m-1775433600,1775434500,Up,95167885969113266504867831764936237194318828264372852700231644786070379744432,19849302119209428539674025239449101810031960970765254902437702717134987694488,0.91,0.92,676.9,131.0,0.01,0.08,0.09,131.0,676.9,0.01,0.915,0.085,0.162149,0.837851,69227.16
1775434272334,2026-04-06T00:11:12.334,btc-updown-15m-1775433600,1775434500,Up,95167885969113266504867831764936237194318828264372852700231644786070379744432,19849302119209428539674025239449101810031960970765254902437702717134987694488,0.91,0.92,652.8,119.88,0.01,0.08,0.09,119.88,652.8,0.01,0.915,0.085,0.155148,0.844852,69231.52
1775434273334,2026-04-06T00:11:13.334,btc-updown-15m-1775433600,1775434500,Up,95167885969113266504867831764936237194318828264372852700231644786070379744432,19849302119209428539674025239449101810031960970765254902437702717134987694488,0.91,0.92,652.8,119.88,0.01,0.08,0.09,119.88,652.8,0.01,0.915,0.085,0.155148,0.844852,69231.52
1775434274335,2026-04-06T00:11:14.335,btc-updown-15m-1775433600,1775434500,Up,95167885969113266504867831764936237194318828264372852700231644786070379744432,19849302119209428539674025239449101810031960970765254902437702717134987694488,0.91,0.92,652.8,119.88,0.01,0.08,0.09,5.0,736.73,0.01,0.915,0.085,0.155148,0.993259,69231.52
1775434275336,2026-04-06T00:11:15.336,btc-updown-15m-1775433600,1775434500,Up,95167885969113266504867831764936237194318828264372852700231644786070379744432,19849302119209428539674025239449101810031960970765254902437702717134987694488,0.9,0.91,224.57,55.0,0.01,0.09,0.1,55.0,224.57,0.01,0.905,0.095,0.196731,0.803269,69228.19
1775434276336,2026-04-06T00:11:16.336,btc-updown-15m-1775433600,1775434500,Up,95167885969113266504867831764936237194318828264372852700231644786070379744432,19849302119209428539674025239449101810031960970765254902437702717134987694488,0.9,0.91,72.13,145.0,0.01,0.09,0.1,175.0,66.63,0.01,0.905,0.095,0.667803,0.275752,69228.19
1775434277337,2026-04-06T00:11:17.337,btc-updown-15m-1775433600,1775434500,Up,95167885969113266504867831764936237194318828264372852700231644786070379744432,19849302119209428539674025239449101810031960970765254902437702717134987694488,0.9,0.91,80.21,37.0,0.01,0.09,0.1,37.0,5.26,0.01,0.905,0.095,0.315673,0.124468,69228.19
1775434278338,2026-04-06T00:11:18.338,btc-updown-15m-1775433600,1775434500,Up,95167885969113266504867831764936237194318828264372852700231644786070379744432,19849302119209428539674025239449101810031960970765254902437702717134987694488,0.9,0.91,20.02,35.0,0.01,0.09,0.1,35.0,20.02,0.01,0.905,0.095,0.636132,0.363868,69231.33
1775434279339,2026-04-06T00:11:19.339,btc-updown-15m-1775433600,1775434500,Up,95167885969113266504867831764936237194318828264372852700231644786070379744432,19849302119209428539674025239449101810031960970765254902437702717134987694488,0.9,0.91,5.73,45.0,0.01,0.09,0.1,45.0,5.73,0.01,0.905,0.095,0.887049,0.112951,69231.33
1775434280339,2026-04-06T00:11:20.339,btc-updown-15m-1775433600,1775434500,Up,95167885969113266504867831764936237194318828264372852700231644786070379744432,19849302119209428539674025239449101810031960970765254902437702717134987694488,0.9,0.92,1163.5,95.0,0.02,0.08,0.1,95.0,1163.5,0.02,0.91,0.09,0.075487,0.924513,69231.33
1775434281340,2026-04-06T00:11:21.340,btc-updown-15m-1775433600,1775434500,Up,95167885969113266504867831764936237194318828264372852700231644786070379744432,19849302119209428539674025239449101810031960970765254902437702717134987694488,0.9,0.92,1163.5,95.0,0.02,0.08,0.1,95.0,1163.5,0.02,0.91,0.09,0.075487,0.924513,69228.18
1775434282342,2026-04-06T00:11:22.342,btc-updown-15m-1775433600,1775434500,Up,95167885969113266504867831764936237194318828264372852700231644786070379744432,19849302119209428539674025239449101810031960970765254902437702717134987694488,0.9,0.91,10.75,186.0,0.01,0.09,0.1,186.0,10.75,0.01,0.905,0.095,0.945362,0.054638,69228.18
1775434283343,2026-04-06T00:11:23.343,btc-updown-15m-1775433600,1775434500,Up,95167885969113266504867831764936237194318828264372852700231644786070379744432,19849302119209428539674025239449101810031960970765254902437702717134987694488,0.89,0.9,18.88,176.97,0.01,0.1,0.11,176.97,18.88,0.01,0.895,0.105,0.9036,0.0964,69228.18
1775434284344,2026-04-06T00:11:24.344,btc-updown-15m-1775433600,1775434500,Up,95167885969113266504867831764936237194318828264372852700231644786070379744432,19849302119209428539674025239449101810031960970765254902437702717134987694488,0.89,0.91,39.51,681.97,0.02,0.09,0.11,681.97,39.51,0.02,0.9,0.1,0.945238,0.054762,69228.17
1775434285344,2026-04-06T00:11:25.344,btc-updown-15m-1775433600,1775434500,Up,95167885969113266504867831764936237194318828264372852700231644786070379744432,19849302119209428539674025239449101810031960970765254902437702717134987694488,0.89,0.9,42.72,35.0,0.01,0.1,0.11,35.0,42.72,0.01,0.895,0.105,0.450335,0.549665,69228.17
1775434286344,2026-04-06T00:11:26.344,btc-updown-15m-1775433600,1775434500,Up,95167885969113266504867831764936237194318828264372852700231644786070379744432,19849302119209428539674025239449101810031960970765254902437702717134987694488,0.89,0.9,14.0,27.1,0.01,0.1,0.11,27.1,14.0,0.01,0.895,0.105,0.659367,0.340633,69228.17
1775434287346,2026-04-06T00:11:27.346,btc-updown-15m-1775433600,1775434500,Up,95167885969113266504867831764936237194318828264372852700231644786070379744432,19849302119209428539674025239449101810031960970765254902437702717134987694488,0.89,0.9,20.0,60.0,0.01,0.1,0.11,60.0,20.0,0.01,0.895,0.105,0.75,0.25,69228.17
1775434288348,2026-04-06T00:11:28.348,btc-updown-15m-1775433600,1775434500,Up,95167885969113266504867831764936237194318828264372852700231644786070379744432,19849302119209428539674025239449101810031960970765254902437702717134987694488,0.89,0.9,22.77,105.9,0.01,0.1,0.11,105.9,22.77,0.01,0.895,0.105,0.823036,0.176964,69228.17
1775434289349,2026-04-06T00:11:29.349,btc-updown-15m-1775433600,1775434500,Up,95167885969113266504867831764936237194318828264372852700231644786070379744432,19849302119209428539674025239449101810031960970765254902437702717134987694488,0.89,0.9,37.22,105.9,0.01,0.1,0.11,105.9,37.22,0.01,0.895,0.105,0.739939,0.260061,69228.17
1775434290350,2026-04-06T00:11:30.350,btc-updown-15m-1775433600,1775434500,Up,95167885969113266504867831764936237194318828264372852700231644786070379744432,19849302119209428539674025239449101810031960970765254902437702717134987694488,0.86,0.88,100.0,880.85,0.02,0.12,0.14,880.85,100.0,0.02,0.87,0.13,0.898048,0.101952,69200.01
1775434291351,2026-04-06T00:11:31.351,btc-updown-15m-1775433600,1775434500,Up,95167885969113266504867831764936237194318828264372852700231644786070379744432,19849302119209428539674025239449101810031960970765254902437702717134987694488,0.87,0.9,1099.91,5.0,0.03,0.1,0.13,5.0,1099.91,0.03,0.885,0.115,0.004525,0.995475,69200.01
1775434292352,2026-04-06T00:11:32.352,btc-updown-15m-1775433600,1775434500,Up,95167885969113266504867831764936237194318828264372852700231644786070379744432,19849302119209428539674025239449101810031960970765254902437702717134987694488,0.87,0.88,41.92,35.0,0.01,0.12,0.13,35.0,41.92,0.01,0.875,0.125,0.455018,0.544982,69200.01
1775434293352,2026-04-06T00:11:33.352,btc-updown-15m-1775433600,1775434500,Up,95167885969113266504867831764936237194318828264372852700231644786070379744432,19849302119209428539674025239449101810031960970765254902437702717134987694488,0.87,0.88,211.92,15.0,0.01,0.12,0.13,15.0,211.92,0.01,0.875,0.125,0.066103,0.933897,69199.96
1775434294353,2026-04-06T00:11:34.353,btc-updown-15m-1775433600,1775434500,Up,95167885969113266504867831764936237194318828264372852700231644786070379744432,19849302119209428539674025239449101810031960970765254902437702717134987694488,0.87,0.88,228.73,20.0,0.01,0.12,0.14,42.0,228.73,0.02,0.875,0.13,0.080408,0.844864,69199.96
1775434295354,2026-04-06T00:11:35.354,btc-updown-15m-1775433600,1775434500,Up,95167885969113266504867831764936237194318828264372852700231644786070379744432,19849302119209428539674025239449101810031960970765254902437702717134987694488,0.86,0.89,799.31,57.0,0.03,0.11,0.14,57.0,799.31,0.03,0.875,0.125,0.066565,0.933435,69199.96
1775434296355,2026-04-06T00:11:36.355,btc-updown-15m-1775433600,1775434500,Up,95167885969113266504867831764936237194318828264372852700231644786070379744432,19849302119209428539674025239449101810031960970765254902437702717134987694488,0.88,0.9,1130.5,110.0,0.02,0.1,0.12,110.0,1130.5,0.02,0.89,0.11,0.088674,0.911326,69199.77
1775434297356,2026-04-06T00:11:37.356,btc-updown-15m-1775433600,1775434500,Up,95167885969113266504867831764936237194318828264372852700231644786070379744432,19849302119209428539674025239449101810031960970765254902437702717134987694488,0.88,0.9,1130.5,110.0,0.02,0.1,0.12,110.0,1130.5,0.02,0.89,0.11,0.088674,0.911326,69199.77
1775434298356,2026-04-06T00:11:38.356,btc-updown-15m-1775433600,1775434500,Up,95167885969113266504867831764936237194318828264372852700231644786070379744432,19849302119209428539674025239449101810031960970765254902437702717134987694488,0.89,0.9,939.4,5.0,0.01,0.1,0.11,0.29,1034.9,0.01,0.895,0.105,0.005294,0.99972,69199.77
1775434299357,2026-04-06T00:11:39.357,btc-updown-15m-1775433600,1775434500,Up,95167885969113266504867831764936237194318828264372852700231644786070379744432,19849302119209428539674025239449101810031960970765254902437702717134987694488,0.85,0.9,945.5,120.29,0.05,0.1,0.15,120.29,945.5,0.05,0.875,0.125,0.112865,0.887135,69199.77
1775434300358,2026-04-06T00:11:40.358,btc-updown-15m-1775433600,1775434500,Up,95167885969113266504867831764936237194318828264372852700231644786070379744432,19849302119209428539674025239449101810031960970765254902437702717134987694488,0.85,0.9,945.5,120.29,0.05,0.12,0.13,101.53,30.0,0.01,0.875,0.125,0.112865,0.228085,69199.77
1775434301359,2026-04-06T00:11:41.359,btc-updown-15m-1775433600,1775434500,Up,95167885969113266504867831764936237194318828264372852700231644786070379744432,19849302119209428539674025239449101810031960970765254902437702717134987694488,0.88,0.89,6.75,130.0,0.01,0.11,0.12,130.0,6.75,0.01,0.885,0.115,0.95064,0.04936,69199.77
1775434302359,2026-04-06T00:11:42.359,btc-updown-15m-1775433600,1775434500,Up,95167885969113266504867831764936237194318828264372852700231644786070379744432,19849302119209428539674025239449101810031960970765254902437702717134987694488,0.88,0.9,44.73,95.0,0.02,0.1,0.12,95.0,44.73,0.02,0.89,0.11,0.679883,0.320117,69211.48
1775434303360,2026-04-06T00:11:43.360,btc-updown-15m-1775433600,1775434500,Up,95167885969113266504867831764936237194318828264372852700231644786070379744432,19849302119209428539674025239449101810031960970765254902437702717134987694488,0.88,0.9,44.73,95.0,0.02,0.1,0.12,95.0,44.73,0.02,0.89,0.11,0.679883,0.320117,69211.48
1775434304360,2026-04-06T00:11:44.360,btc-updown-15m-1775433600,1775434500,Up,95167885969113266504867831764936237194318828264372852700231644786070379744432,19849302119209428539674025239449101810031960970765254902437702717134987694488,0.89,0.91,1141.37,5.0,0.02,0.09,0.11,5.0,1141.37,0.02,0.9,0.1,0.004362,0.995638,69211.48
1775434305360,2026-04-06T00:11:45.360,btc-updown-15m-1775433600,1775434500,Up,95167885969113266504867831764936237194318828264372852700231644786070379744432,19849302119209428539674025239449101810031960970765254902437702717134987694488,0.87,0.91,811.19,52.0,0.04,0.09,0.13,52.0,811.19,0.04,0.89,0.11,0.060242,0.939758,69210.47
1775434306361,2026-04-06T00:11:46.361,btc-updown-15m-1775433600,1775434500,Up,95167885969113266504867831764936237194318828264372852700231644786070379744432,19849302119209428539674025239449101810031960970765254902437702717134987694488,0.88,0.89,25.0,106.0,0.01,0.11,0.12,106.0,25.0,0.01,0.885,0.115,0.80916,0.19084,69210.47
1775434307362,2026-04-06T00:11:47.362,btc-updown-15m-1775433600,1775434500,Up,95167885969113266504867831764936237194318828264372852700231644786070379744432,19849302119209428539674025239449101810031960970765254902437702717134987694488,0.87,0.88,20.02,35.0,0.01,0.12,0.13,35.0,20.02,0.01,0.875,0.125,0.636132,0.363868,69210.47
1775434308363,2026-04-06T00:11:48.363,btc-updown-15m-1775433600,1775434500,Up,95167885969113266504867831764936237194318828264372852700231644786070379744432,19849302119209428539674025239449101810031960970765254902437702717134987694488,0.87,0.88,20.02,35.0,0.01,0.12,0.13,35.0,20.02,0.01,0.875,0.125,0.636132,0.363868,69200.24
1775434309364,2026-04-06T00:11:49.364,btc-updown-15m-1775433600,1775434500,Up,95167885969113266504867831764936237194318828264372852700231644786070379744432,19849302119209428539674025239449101810031960970765254902437702717134987694488,0.87,0.88,40.02,132.3,0.01,0.12,0.13,132.3,40.02,0.01,0.875,0.125,0.767758,0.232242,69200.24
1775434310365,2026-04-06T00:11:50.365,btc-updown-15m-1775433600,1775434500,Up,95167885969113266504867831764936237194318828264372852700231644786070379744432,19849302119209428539674025239449101810031960970765254902437702717134987694488,0.87,0.88,33.28,94.6,0.01,0.12,0.13,94.6,33.28,0.01,0.875,0.125,0.739756,0.260244,69200.24
1775434311366,2026-04-06T00:11:51.366,btc-updown-15m-1775433600,1775434500,Up,95167885969113266504867831764936237194318828264372852700231644786070379744432,19849302119209428539674025239449101810031960970765254902437702717134987694488,0.88,0.89,258.0,8.72,0.01,0.11,0.12,8.72,258.0,0.01,0.885,0.115,0.032693,0.967307,69200.24
1775434312367,2026-04-06T00:11:52.367,btc-updown-15m-1775433600,1775434500,Up,95167885969113266504867831764936237194318828264372852700231644786070379744432,19849302119209428539674025239449101810031960970765254902437702717134987694488,0.86,0.89,1124.65,543.22,0.03,0.11,0.14,543.22,1124.65,0.03,0.875,0.125,0.325697,0.674303,69200.24
1775434313367,2026-04-06T00:11:53.367,btc-updown-15m-1775433600,1775434500,Up,95167885969113266504867831764936237194318828264372852700231644786070379744432,19849302119209428539674025239449101810031960970765254902437702717134987694488,0.87,0.88,95.27,4.49,0.01,0.12,0.13,4.49,95.27,0.01,0.875,0.125,0.045008,0.954992,69200.24
1775434314367,2026-04-06T00:11:54.367,btc-updown-15m-1775433600,1775434500,Up,95167885969113266504867831764936237194318828264372852700231644786070379744432,19849302119209428539674025239449101810031960970765254902437702717134987694488,0.87,0.88,95.27,4.49,0.01,0.12,0.13,4.49,95.27,0.01,0.875,0.125,0.045008,0.954992,69190.0
1775434315368,2026-04-06T00:11:55.368,btc-updown-15m-1775433600,1775434500,Up,95167885969113266504867831764936237194318828264372852700231644786070379744432,19849302119209428539674025239449101810031960970765254902437702717134987694488,0.87,0.88,12.95,49.87,0.01,0.12,0.13,49.87,12.95,0.01,0.875,0.125,0.793855,0.206145,69190.0
1775434316370,2026-04-06T00:11:56.370,btc-updown-15m-1775433600,1775434500,Up,95167885969113266504867831764936237194318828264372852700231644786070379744432,19849302119209428539674025239449101810031960970765254902437702717134987694488,0.87,0.88,25.54,34.87,0.01,0.12,0.13,34.87,2.81,0.01,0.875,0.125,0.577222,0.074575,69190.0
1775434317372,2026-04-06T00:11:57.372,btc-updown-15m-1775433600,1775434500,Up,95167885969113266504867831764936237194318828264372852700231644786070379744432,19849302119209428539674025239449101810031960970765254902437702717134987694488,0.87,0.89,290.63,99.87,0.02,0.11,0.13,99.87,290.63,0.02,0.88,0.12,0.255749,0.744251,69189.99
1775434318373,2026-04-06T00:11:58.373,btc-updown-15m-1775433600,1775434500,Up,95167885969113266504867831764936237194318828264372852700231644786070379744432,19849302119209428539674025239449101810031960970765254902437702717134987694488,0.87,0.89,290.63,99.87,0.02,0.11,0.13,99.87,290.63,0.02,0.88,0.12,0.255749,0.744251,69189.99
1775434319373,2026-04-06T00:11:59.373,btc-updown-15m-1775433600,1775434500,Up,95167885969113266504867831764936237194318828264372852700231644786070379744432,19849302119209428539674025239449101810031960970765254902437702717134987694488,0.86,0.89,294.81,33.0,0.03,0.11,0.14,33.0,294.81,0.03,0.875,0.125,0.100668,0.899332,69189.99
1775434320375,2026-04-06T00:12:00.375,btc-updown-15m-1775433600,1775434500,Up,95167885969113266504867831764936237194318828264372852700231644786070379744432,19849302119209428539674025239449101810031960970765254902437702717134987694488,0.87,0.89,111.44,60.0,0.02,0.11,0.13,60.0,111.44,0.02,0.88,0.12,0.349977,0.650023,69190.0
1775434321375,2026-04-06T00:12:01.375,btc-updown-15m-1775433600,1775434500,Up,95167885969113266504867831764936237194318828264372852700231644786070379744432,19849302119209428539674025239449101810031960970765254902437702717134987694488,0.87,0.89,116.41,50.0,0.02,0.11,0.13,50.0,116.41,0.02,0.88,0.12,0.300463,0.699537,69190.0
1775434322376,2026-04-06T00:12:02.376,btc-updown-15m-1775433600,1775434500,Up,95167885969113266504867831764936237194318828264372852700231644786070379744432,19849302119209428539674025239449101810031960970765254902437702717134987694488,0.87,0.88,17.95,20.0,0.01,0.12,0.13,20.0,17.95,0.01,0.875,0.125,0.527009,0.472991,69190.0
1775434323377,2026-04-06T00:12:03.377,btc-updown-15m-1775433600,1775434500,Up,95167885969113266504867831764936237194318828264372852700231644786070379744432,19849302119209428539674025239449101810031960970765254902437702717134987694488,0.89,0.91,187.5,148.0,0.02,0.09,0.11,148.0,187.5,0.02,0.9,0.1,0.441133,0.558867,69200.25
1775434324378,2026-04-06T00:12:04.378,btc-updown-15m-1775433600,1775434500,Up,95167885969113266504867831764936237194318828264372852700231644786070379744432,19849302119209428539674025239449101810031960970765254902437702717134987694488,0.89,0.91,187.5,148.0,0.02,0.09,0.11,148.0,187.5,0.02,0.9,0.1,0.441133,0.558867,69200.25
1775434325378,2026-04-06T00:12:05.378,btc-updown-15m-1775433600,1775434500,Up,95167885969113266504867831764936237194318828264372852700231644786070379744432,19849302119209428539674025239449101810031960970765254902437702717134987694488,0.89,0.9,115.44,29.0,0.01,0.1,0.11,29.0,115.44,0.01,0.895,0.105,0.200775,0.799225,69200.25
1775434326379,2026-04-06T00:12:06.379,btc-updown-15m-1775433600,1775434500,Up,95167885969113266504867831764936237194318828264372852700231644786070379744432,19849302119209428539674025239449101810031960970765254902437702717134987694488,0.89,0.9,123.21,10.0,0.01,0.1,0.11,10.0,123.21,0.01,0.895,0.105,0.075069,0.924931,69197.76
1775434327379,2026-04-06T00:12:07.379,btc-updown-15m-1775433600,1775434500,Up,95167885969113266504867831764936237194318828264372852700231644786070379744432,19849302119209428539674025239449101810031960970765254902437702717134987694488,0.89,0.9,95.5,5.0,0.01,0.1,0.11,5.0,95.5,0.01,0.895,0.105,0.049751,0.950249,69197.76
1775434328380,2026-04-06T00:12:08.380,btc-updown-15m-1775433600,1775434500,Up,95167885969113266504867831764936237194318828264372852700231644786070379744432,19849302119209428539674025239449101810031960970765254902437702717134987694488,0.89,0.9,113.56,15.0,0.01,0.1,0.11,15.0,113.56,0.01,0.895,0.105,0.116677,0.883323,69197.76
1775434329381,2026-04-06T00:12:09.381,btc-updown-15m-1775433600,1775434500,Up,95167885969113266504867831764936237194318828264372852700231644786070379744432,19849302119209428539674025239449101810031960970765254902437702717134987694488,0.89,0.9,72.0,7.0,0.01,0.1,0.11,7.0,72.0,0.01,0.895,0.105,0.088608,0.911392,69197.76
1775434330381,2026-04-06T00:12:10.381,btc-updown-15m-1775433600,1775434500,Up,95167885969113266504867831764936237194318828264372852700231644786070379744432,19849302119209428539674025239449101810031960970765254902437702717134987694488,0.89,0.9,72.0,7.0,0.01,0.1,0.11,7.0,72.0,0.01,0.895,0.105,0.088608,0.911392,69197.76
1775434331382,2026-04-06T00:12:11.382,btc-updown-15m-1775433600,1775434500,Up,95167885969113266504867831764936237194318828264372852700231644786070379744432,19849302119209428539674025239449101810031960970765254902437702717134987694488,0.89,0.9,72.0,7.0,0.01,0.1,0.11,7.0,72.0,0.01,0.895,0.105,0.088608,0.911392,69197.76
1775434332383,2026-04-06T00:12:12.383,btc-updown-15m-1775433600,1775434500,Up,95167885969113266504867831764936237194318828264372852700231644786070379744432,19849302119209428539674025239449101810031960970765254902437702717134987694488,0.89,0.91,26.84,737.5,0.02,0.09,0.11,737.5,26.84,0.02,0.9,0.1,0.964885,0.035115,69206.22
1775434333384,2026-04-06T00:12:13.384,btc-updown-15m-1775433600,1775434500,Up,95167885969113266504867831764936237194318828264372852700231644786070379744432,19849302119209428539674025239449101810031960970765254902437702717134987694488,0.9,0.91,17.0,174.23,0.01,0.09,0.1,174.23,17.0,0.01,0.905,0.095,0.911102,0.088898,69206.22
1775434334385,2026-04-06T00:12:14.385,btc-updown-15m-1775433600,1775434500,Up,95167885969113266504867831764936237194318828264372852700231644786070379744432,19849302119209428539674025239449101810031960970765254902437702717134987694488,0.9,0.91,324.99,43.23,0.01,0.09,0.1,43.23,324.99,0.01,0.905,0.095,0.117403,0.882597,69206.22
1775434335386,2026-04-06T00:12:15.386,btc-updown-15m-1775433600,1775434500,Up,95167885969113266504867831764936237194318828264372852700231644786070379744432,19849302119209428539674025239449101810031960970765254902437702717134987694488,0.93,0.94,62.11,20.0,0.01,0.06,0.07,5.0,897.58,0.01,0.935,0.065,0.243576,0.99446,69220.97
1775434336387,2026-04-06T00:12:16.387,btc-updown-15m-1775433600,1775434500,Up,95167885969113266504867831764936237194318828264372852700231644786070379744432,19849302119209428539674025239449101810031960970765254902437702717134987694488,0.89,0.92,44.5,242.1,0.03,0.08,0.11,242.1,44.5,0.03,0.905,0.095,0.844731,0.155269,69220.97
1775434337387,2026-04-06T00:12:17.387,btc-updown-15m-1775433600,1775434500,Up,95167885969113266504867831764936237194318828264372852700231644786070379744432,19849302119209428539674025239449101810031960970765254902437702717134987694488,0.9,0.91,14.62,286.0,0.01,0.09,0.1,286.0,14.62,0.01,0.905,0.095,0.951367,0.048633,69220.97
1775434338388,2026-04-06T00:12:18.388,btc-updown-15m-1775433600,1775434500,Up,95167885969113266504867831764936237194318828264372852700231644786070379744432,19849302119209428539674025239449101810031960970765254902437702717134987694488,0.9,0.91,44.31,15.0,0.01,0.09,0.1,15.0,44.31,0.01,0.905,0.095,0.252908,0.747092,69202.39
1775434339389,2026-04-06T00:12:19.389,btc-updown-15m-1775433600,1775434500,Up,95167885969113266504867831764936237194318828264372852700231644786070379744432,19849302119209428539674025239449101810031960970765254902437702717134987694488,0.91,0.92,86.0,41.69,0.01,0.08,0.09,41.69,86.0,0.01,0.915,0.085,0.326494,0.673506,69202.39
1775434340390,2026-04-06T00:12:20.390,btc-updown-15m-1775433600,1775434500,Up,95167885969113266504867831764936237194318828264372852700231644786070379744432,19849302119209428539674025239449101810031960970765254902437702717134987694488,0.91,0.93,814.89,41.69,0.02,0.07,0.09,41.69,814.89,0.02,0.92,0.08,0.04867,0.95133,69202.39
1775434341390,2026-04-06T00:12:21.390,btc-updown-15m-1775433600,1775434500,Up,95167885969113266504867831764936237194318828264372852700231644786070379744432,19849302119209428539674025239449101810031960970765254902437702717134987694488,0.92,0.93,914.5,81.0,0.01,0.07,0.08,81.0,914.5,0.01,0.925,0.075,0.081366,0.918634,69203.53
1775434342392,2026-04-06T00:12:22.392,btc-updown-15m-1775433600,1775434500,Up,95167885969113266504867831764936237194318828264372852700231644786070379744432,19849302119209428539674025239449101810031960970765254902437702717134987694488,0.92,0.93,426.68,50.0,0.01,0.07,0.08,50.0,426.68,0.01,0.925,0.075,0.104892,0.895108,69203.53
1775434343393,2026-04-06T00:12:23.393,btc-updown-15m-1775433600,1775434500,Up,95167885969113266504867831764936237194318828264372852700231644786070379744432,19849302119209428539674025239449101810031960970765254902437702717134987694488,0.92,0.93,3.92,395.0,0.01,0.07,0.08,395.0,3.92,0.01,0.925,0.075,0.990173,0.009827,69203.53
1775434344394,2026-04-06T00:12:24.394,btc-updown-15m-1775433600,1775434500,Up,95167885969113266504867831764936237194318828264372852700231644786070379744432,19849302119209428539674025239449101810031960970765254902437702717134987694488,0.93,0.94,62.5,151.71,0.01,0.06,0.07,151.71,62.5,0.01,0.935,0.065,0.70823,0.29177,69222.54
1775434345395,2026-04-06T00:12:25.395,btc-updown-15m-1775433600,1775434500,Up,95167885969113266504867831764936237194318828264372852700231644786070379744432,19849302119209428539674025239449101810031960970765254902437702717134987694488,0.93,0.94,62.5,151.71,0.01,0.06,0.07,151.71,62.5,0.01,0.935,0.065,0.70823,0.29177,69222.54
1775434346395,2026-04-06T00:12:26.395,btc-updown-15m-1775433600,1775434500,Up,95167885969113266504867831764936237194318828264372852700231644786070379744432,19849302119209428539674025239449101810031960970765254902437702717134987694488,0.93,0.94,740.55,25.0,0.01,0.06,0.07,25.0,740.55,0.01,0.935,0.065,0.032656,0.967344,69222.54
1775434347396,2026-04-06T00:12:27.396,btc-updown-15m-1775433600,1775434500,Up,95167885969113266504867831764936237194318828264372852700231644786070379744432,19849302119209428539674025239449101810031960970765254902437702717134987694488,0.93,0.94,822.05,32.14,0.01,0.06,0.07,32.14,822.05,0.01,0.935,0.065,0.037626,0.962374,69224.8
1775434348397,2026-04-06T00:12:28.397,btc-updown-15m-1775433600,1775434500,Up,95167885969113266504867831764936237194318828264372852700231644786070379744432,19849302119209428539674025239449101810031960970765254902437702717134987694488,0.93,0.94,822.05,32.14,0.01,0.06,0.07,32.14,822.05,0.01,0.935,0.065,0.037626,0.962374,69224.8
1775434349397,2026-04-06T00:12:29.397,btc-updown-15m-1775433600,1775434500,Up,95167885969113266504867831764936237194318828264372852700231644786070379744432,19849302119209428539674025239449101810031960970765254902437702717134987694488,0.94,0.95,999.4,20.0,0.01,0.05,0.06,20.0,999.4,0.01,0.945,0.055,0.019619,0.980381,69224.8
1775434350398,2026-04-06T00:12:30.398,btc-updown-15m-1775433600,1775434500,Up,95167885969113266504867831764936237194318828264372852700231644786070379744432,19849302119209428539674025239449101810031960970765254902437702717134987694488,0.93,0.95,989.15,230.75,0.02,0.05,0.07,230.75,989.15,0.02,0.94,0.06,0.189155,0.810845,69224.8
1775434351399,2026-04-06T00:12:31.399,btc-updown-15m-1775433600,1775434500,Up,95167885969113266504867831764936237194318828264372852700231644786070379744432,19849302119209428539674025239449101810031960970765254902437702717134987694488,0.93,0.95,993.83,5.0,0.02,0.05,0.07,5.0,993.83,0.02,0.94,0.06,0.005006,0.994994,69224.8
1775434352400,2026-04-06T00:12:32.400,btc-updown-15m-1775433600,1775434500,Up,95167885969113266504867831764936237194318828264372852700231644786070379744432,19849302119209428539674025239449101810031960970765254902437702717134987694488,0.93,0.94,38.79,60.0,0.01,0.06,0.07,60.0,38.79,0.01,0.935,0.065,0.607349,0.392651,69224.8
1775434353400,2026-04-06T00:12:33.400,btc-updown-15m-1775433600,1775434500,Up,95167885969113266504867831764936237194318828264372852700231644786070379744432,19849302119209428539674025239449101810031960970765254902437702717134987694488,0.93,0.94,868.79,0.92,0.01,0.06,0.07,0.92,868.79,0.01,0.935,0.065,0.001058,0.998942,69221.23
1775434354402,2026-04-06T00:12:34.402,btc-updown-15m-1775433600,1775434500,Up,95167885969113266504867831764936237194318828264372852700231644786070379744432,19849302119209428539674025239449101810031960970765254902437702717134987694488,0.93,0.94,1165.66,0.92,0.01,0.06,0.08,56.92,1165.66,0.02,0.935,0.07,0.000789,0.953443,69221.23
1775434355402,2026-04-06T00:12:35.402,btc-updown-15m-1775433600,1775434500,Up,95167885969113266504867831764936237194318828264372852700231644786070379744432,19849302119209428539674025239449101810031960970765254902437702717134987694488,0.92,0.93,50.0,60.83,0.01,0.07,0.08,60.83,50.0,0.01,0.925,0.075,0.548859,0.451141,69221.23
1775434356403,2026-04-06T00:12:36.403,btc-updown-15m-1775433600,1775434500,Up,95167885969113266504867831764936237194318828264372852700231644786070379744432,19849302119209428539674025239449101810031960970765254902437702717134987694488,0.92,0.94,723.66,10.0,0.02,0.06,0.08,10.0,723.66,0.02,0.93,0.07,0.01363,0.98637,69207.97
1775434357404,2026-04-06T00:12:37.404,btc-updown-15m-1775433600,1775434500,Up,95167885969113266504867831764936237194318828264372852700231644786070379744432,19849302119209428539674025239449101810031960970765254902437702717134987694488,0.93,0.94,811.16,31.71,0.01,0.06,0.07,31.71,811.16,0.01,0.935,0.065,0.037621,0.962379,69207.97
1775434358404,2026-04-06T00:12:38.404,btc-updown-15m-1775433600,1775434500,Up,95167885969113266504867831764936237194318828264372852700231644786070379744432,19849302119209428539674025239449101810031960970765254902437702717134987694488,0.93,0.94,811.16,31.71,0.01,0.06,0.07,31.71,811.16,0.01,0.935,0.065,0.037621,0.962379,69207.97
1775434359405,2026-04-06T00:12:39.405,btc-updown-15m-1775433600,1775434500,Up,95167885969113266504867831764936237194318828264372852700231644786070379744432,19849302119209428539674025239449101810031960970765254902437702717134987694488,0.93,0.94,831.16,13.68,0.01,0.06,0.07,13.68,831.16,0.01,0.935,0.065,0.016192,0.983808,69207.97
1775434360405,2026-04-06T00:12:40.405,btc-updown-15m-1775433600,1775434500,Up,95167885969113266504867831764936237194318828264372852700231644786070379744432,19849302119209428539674025239449101810031960970765254902437702717134987694488,0.93,0.94,831.16,7.05,0.01,0.06,0.07,7.05,831.16,0.01,0.935,0.065,0.008411,0.991589,69207.97
1775434361406,2026-04-06T00:12:41.406,btc-updown-15m-1775433600,1775434500,Up,95167885969113266504867831764936237194318828264372852700231644786070379744432,19849302119209428539674025239449101810031960970765254902437702717134987694488,0.92,0.94,831.16,274.17,0.02,0.06,0.08,274.17,831.16,0.02,0.93,0.07,0.248044,0.751956,69207.97
1775434362407,2026-04-06T00:12:42.407,btc-updown-15m-1775433600,1775434500,Up,95167885969113266504867831764936237194318828264372852700231644786070379744432,19849302119209428539674025239449101810031960970765254902437702717134987694488,0.92,0.93,10.0,290.97,0.01,0.07,0.08,290.97,10.0,0.01,0.925,0.075,0.966774,0.033226,69207.96
1775434363407,2026-04-06T00:12:43.407,btc-updown-15m-1775433600,1775434500,Up,95167885969113266504867831764936237194318828264372852700231644786070379744432,19849302119209428539674025239449101810031960970765254902437702717134987694488,0.92,0.93,10.0,290.97,0.01,0.07,0.08,290.97,10.0,0.01,0.925,0.075,0.966774,0.033226,69207.96
1775434364408,2026-04-06T00:12:44.408,btc-updown-15m-1775433600,1775434500,Up,95167885969113266504867831764936237194318828264372852700231644786070379744432,19849302119209428539674025239449101810031960970765254902437702717134987694488,0.92,0.94,680.08,306.97,0.02,0.06,0.08,306.97,680.08,0.02,0.93,0.07,0.310997,0.689003,69207.96
1775434365409,2026-04-06T00:12:45.409,btc-updown-15m-1775433600,1775434500,Up,95167885969113266504867831764936237194318828264372852700231644786070379744432,19849302119209428539674025239449101810031960970765254902437702717134987694488,0.92,0.94,680.08,306.97,0.02,0.06,0.08,306.97,680.08,0.02,0.93,0.07,0.310997,0.689003,69207.97
1775434366409,2026-04-06T00:12:46.409,btc-updown-15m-1775433600,1775434500,Up,95167885969113266504867831764936237194318828264372852700231644786070379744432,19849302119209428539674025239449101810031960970765254902437702717134987694488,0.92,0.94,70.0,67.97,0.02,0.06,0.08,67.97,70.0,0.02,0.93,0.07,0.492643,0.507357,69207.97
1775434367412,2026-04-06T00:12:47.412,btc-updown-15m-1775433600,1775434500,Up,95167885969113266504867831764936237194318828264372852700231644786070379744432,19849302119209428539674025239449101810031960970765254902437702717134987694488,0.92,0.94,70.0,67.97,0.02,0.06,0.08,67.97,70.0,0.02,0.93,0.07,0.492643,0.507357,69207.97
1775434368413,2026-04-06T00:12:48.413,btc-updown-15m-1775433600,1775434500,Up,95167885969113266504867831764936237194318828264372852700231644786070379744432,19849302119209428539674025239449101810031960970765254902437702717134987694488,0.92,0.93,16.0,453.97,0.01,0.07,0.08,453.97,16.0,0.01,0.925,0.075,0.965955,0.034045,69207.96
1775434369415,2026-04-06T00:12:49.415,btc-updown-15m-1775433600,1775434500,Up,95167885969113266504867831764936237194318828264372852700231644786070379744432,19849302119209428539674025239449101810031960970765254902437702717134987694488,0.92,0.93,16.0,453.97,0.01,0.07,0.08,453.97,16.0,0.01,0.925,0.075,0.965955,0.034045,69207.96
1775434370415,2026-04-06T00:12:50.415,btc-updown-15m-1775433600,1775434500,Up,95167885969113266504867831764936237194318828264372852700231644786070379744432,19849302119209428539674025239449101810031960970765254902437702717134987694488,0.92,0.93,12.96,478.97,0.01,0.07,0.08,478.97,12.96,0.01,0.925,0.075,0.973655,0.026345,69207.96
1775434371416,2026-04-06T00:12:51.416,btc-updown-15m-1775433600,1775434500,Up,95167885969113266504867831764936237194318828264372852700231644786070379744432,19849302119209428539674025239449101810031960970765254902437702717134987694488,0.93,0.94,260.36,5.0,0.01,0.06,0.07,5.0,260.36,0.01,0.935,0.065,0.018842,0.981158,69207.97
1775434372418,2026-04-06T00:12:52.418,btc-updown-15m-1775433600,1775434500,Up,95167885969113266504867831764936237194318828264372852700231644786070379744432,19849302119209428539674025239449101810031960970765254902437702717134987694488,0.93,0.94,260.36,5.0,0.01,0.06,0.07,5.0,260.36,0.01,0.935,0.065,0.018842,0.981158,69207.97
1775434373419,2026-04-06T00:12:53.419,btc-updown-15m-1775433600,1775434500,Up,95167885969113266504867831764936237194318828264372852700231644786070379744432,19849302119209428539674025239449101810031960970765254902437702717134987694488,0.93,0.94,260.36,5.0,0.01,0.06,0.07,5.0,260.36,0.01,0.935,0.065,0.018842,0.981158,69207.97
1775434374420,2026-04-06T00:12:54.420,btc-updown-15m-1775433600,1775434500,Up,95167885969113266504867831764936237194318828264372852700231644786070379744432,19849302119209428539674025239449101810031960970765254902437702717134987694488,0.93,0.94,260.36,5.0,0.01,0.06,0.07,5.0,260.36,0.01,0.935,0.065,0.018842,0.981158,69207.97
1775434375422,2026-04-06T00:12:55.422,btc-updown-15m-1775433600,1775434500,Up,95167885969113266504867831764936237194318828264372852700231644786070379744432,19849302119209428539674025239449101810031960970765254902437702717134987694488,0.93,0.94,260.36,5.0,0.01,0.06,0.07,5.0,260.36,0.01,0.935,0.065,0.018842,0.981158,69207.97
1775434376423,2026-04-06T00:12:56.423,btc-updown-15m-1775433600,1775434500,Up,95167885969113266504867831764936237194318828264372852700231644786070379744432,19849302119209428539674025239449101810031960970765254902437702717134987694488,0.93,0.94,43.36,188.88,0.01,0.06,0.07,188.88,43.36,0.01,0.935,0.065,0.813297,0.186703,69207.97
1775434377424,2026-04-06T00:12:57.424,btc-updown-15m-1775433600,1775434500,Up,95167885969113266504867831764936237194318828264372852700231644786070379744432,19849302119209428539674025239449101810031960970765254902437702717134987694488,0.93,0.95,1031.0,191.38,0.02,0.05,0.07,191.38,1031.0,0.02,0.94,0.06,0.156563,0.843437,69207.96
1775434378425,2026-04-06T00:12:58.425,btc-updown-15m-1775433600,1775434500,Up,95167885969113266504867831764936237194318828264372852700231644786070379744432,19849302119209428539674025239449101810031960970765254902437702717134987694488,0.93,0.95,1031.0,191.38,0.02,0.05,0.07,191.38,1031.0,0.02,0.94,0.06,0.156563,0.843437,69207.96
1775434379426,2026-04-06T00:12:59.426,btc-updown-15m-1775433600,1775434500,Up,95167885969113266504867831764936237194318828264372852700231644786070379744432,19849302119209428539674025239449101810031960970765254902437702717134987694488,0.93,0.95,1031.0,191.38,0.02,0.05,0.07,191.38,1031.0,0.02,0.94,0.06,0.156563,0.843437,69207.96
1775434380427,2026-04-06T00:13:00.427,btc-updown-15m-1775433600,1775434500,Up,95167885969113266504867831764936237194318828264372852700231644786070379744432,19849302119209428539674025239449101810031960970765254902437702717134987694488,0.94,0.96,414.37,60.0,0.02,0.04,0.06,60.0,414.37,0.02,0.95,0.05,0.126484,0.873516,69207.97
1775434381428,2026-04-06T00:13:01.428,btc-updown-15m-1775433600,1775434500,Up,95167885969113266504867831764936237194318828264372852700231644786070379744432,19849302119209428539674025239449101810031960970765254902437702717134987694488,0.94,0.95,48.01,10.0,0.01,0.05,0.06,10.0,67.95,0.01,0.945,0.055,0.172384,0.871713,69207.97
1775434382429,2026-04-06T00:13:02.429,btc-updown-15m-1775433600,1775434500,Up,95167885969113266504867831764936237194318828264372852700231644786070379744432,19849302119209428539674025239449101810031960970765254902437702717134987694488,0.95,0.96,798.03,1182.72,0.01,0.04,0.05,1182.72,798.03,0.01,0.955,0.045,0.597107,0.402893,69207.97
1775434383430,2026-04-06T00:13:03.430,btc-updown-15m-1775433600,1775434500,Up,95167885969113266504867831764936237194318828264372852700231644786070379744432,19849302119209428539674025239449101810031960970765254902437702717134987694488,0.95,0.96,772.25,1182.72,0.01,0.04,0.05,1182.72,772.25,0.01,0.955,0.045,0.604981,0.395019,69207.97
1775434384431,2026-04-06T00:13:04.431,btc-updown-15m-1775433600,1775434500,Up,95167885969113266504867831764936237194318828264372852700231644786070379744432,19849302119209428539674025239449101810031960970765254902437702717134987694488,0.95,0.96,592.2,1202.72,0.01,0.04,0.05,1202.72,592.2,0.01,0.955,0.045,0.670069,0.329931,69207.97
1775434385431,2026-04-06T00:13:05.431,btc-updown-15m-1775433600,1775434500,Up,95167885969113266504867831764936237194318828264372852700231644786070379744432,19849302119209428539674025239449101810031960970765254902437702717134987694488,0.95,0.96,477.2,1177.98,0.01,0.04,0.05,1177.98,477.2,0.01,0.955,0.045,0.711693,0.288307,69207.97
1775434386432,2026-04-06T00:13:06.432,btc-updown-15m-1775433600,1775434500,Up,95167885969113266504867831764936237194318828264372852700231644786070379744432,19849302119209428539674025239449101810031960970765254902437702717134987694488,0.95,0.96,477.2,1166.62,0.01,0.04,0.05,1199.79,358.33,0.01,0.955,0.045,0.709701,0.229976,69207.97
1775434387433,2026-04-06T00:13:07.433,btc-updown-15m-1775433600,1775434500,Up,95167885969113266504867831764936237194318828264372852700231644786070379744432,19849302119209428539674025239449101810031960970765254902437702717134987694488,0.95,0.96,331.5,20.0,0.01,0.04,0.05,20.0,331.5,0.01,0.955,0.045,0.056899,0.943101,69207.97
1775434388433,2026-04-06T00:13:08.433,btc-updown-15m-1775433600,1775434500,Up,95167885969113266504867831764936237194318828264372852700231644786070379744432,19849302119209428539674025239449101810031960970765254902437702717134987694488,0.95,0.96,841.5,20.0,0.01,0.04,0.05,20.0,841.5,0.01,0.955,0.045,0.023215,0.976785,69207.97
1775434389434,2026-04-06T00:13:09.434,btc-updown-15m-1775433600,1775434500,Up,95167885969113266504867831764936237194318828264372852700231644786070379744432,19849302119209428539674025239449101810031960970765254902437702717134987694488,0.95,0.96,833.5,96.32,0.01,0.04,0.05,101.32,796.42,0.01,0.955,0.045,0.10359,0.887139,69207.97
1775434390435,2026-04-06T00:13:10.435,btc-updown-15m-1775433600,1775434500,Up,95167885969113266504867831764936237194318828264372852700231644786070379744432,19849302119209428539674025239449101810031960970765254902437702717134987694488,0.95,0.96,791.42,101.32,0.01,0.04,0.05,101.32,791.42,0.01,0.955,0.045,0.113493,0.886507,69207.97
1775434391436,2026-04-06T00:13:11.436,btc-updown-15m-1775433600,1775434500,Up,95167885969113266504867831764936237194318828264372852700231644786070379744432,19849302119209428539674025239449101810031960970765254902437702717134987694488,0.95,0.96,778.2,185.97,0.01,0.04,0.05,185.97,778.2,0.01,0.955,0.045,0.192881,0.807119,69207.97
1775434392437,2026-04-06T00:13:12.437,btc-updown-15m-1775433600,1775434500,Up,95167885969113266504867831764936237194318828264372852700231644786070379744432,19849302119209428539674025239449101810031960970765254902437702717134987694488,0.95,0.96,778.2,202.89,0.01,0.04,0.05,202.89,778.2,0.01,0.955,0.045,0.206801,0.793199,69207.96
1775434393438,2026-04-06T00:13:13.438,btc-updown-15m-1775433600,1775434500,Up,95167885969113266504867831764936237194318828264372852700231644786070379744432,19849302119209428539674025239449101810031960970765254902437702717134987694488,0.95,0.96,776.1,103.26,0.01,0.04,0.06,403.9,776.1,0.02,0.955,0.05,0.117426,0.657712,69207.96
1775434394438,2026-04-06T00:13:14.438,btc-updown-15m-1775433600,1775434500,Up,95167885969113266504867831764936237194318828264372852700231644786070379744432,19849302119209428539674025239449101810031960970765254902437702717134987694488,0.94,0.96,765.69,292.41,0.02,0.04,0.06,292.41,765.69,0.02,0.95,0.05,0.276354,0.723646,69207.96
1775434395438,2026-04-06T00:13:15.438,btc-updown-15m-1775433600,1775434500,Up,95167885969113266504867831764936237194318828264372852700231644786070379744432,19849302119209428539674025239449101810031960970765254902437702717134987694488,0.94,0.96,765.69,292.41,0.02,0.04,0.06,292.41,765.69,0.02,0.95,0.05,0.276354,0.723646,69207.97
1775434396439,2026-04-06T00:13:16.439,btc-updown-15m-1775433600,1775434500,Up,95167885969113266504867831764936237194318828264372852700231644786070379744432,19849302119209428539674025239449101810031960970765254902437702717134987694488,0.93,0.95,25.0,884.24,0.02,0.05,0.07,884.24,25.0,0.02,0.94,0.06,0.972505,0.027495,69207.97
1775434397440,2026-04-06T00:13:17.440,btc-updown-15m-1775433600,1775434500,Up,95167885969113266504867831764936237194318828264372852700231644786070379744432,19849302119209428539674025239449101810031960970765254902437702717134987694488,0.94,0.96,95.25,1013.76,0.02,0.04,0.06,1013.76,95.25,0.02,0.95,0.05,0.914113,0.085887,69207.97
1775434398441,2026-04-06T00:13:18.441,btc-updown-15m-1775433600,1775434500,Up,95167885969113266504867831764936237194318828264372852700231644786070379744432,19849302119209428539674025239449101810031960970765254902437702717134987694488,0.94,0.96,95.25,1013.76,0.02,0.04,0.06,1013.76,95.25,0.02,0.95,0.05,0.914113,0.085887,69219.81
1775434399442,2026-04-06T00:13:19.442,btc-updown-15m-1775433600,1775434500,Up,95167885969113266504867831764936237194318828264372852700231644786070379744432,19849302119209428539674025239449101810031960970765254902437702717134987694488,0.95,0.97,4043.61,5253.0,0.02,0.03,0.04,43.0,4033.31,0.01,0.96,0.035,0.565045,0.989451,69219.81
1775434400443,2026-04-06T00:13:20.443,btc-updown-15m-1775433600,1775434500,Up,95167885969113266504867831764936237194318828264372852700231644786070379744432,19849302119209428539674025239449101810031960970765254902437702717134987694488,0.96,0.97,3125.29,55.86,0.01,0.03,0.04,55.86,3125.29,0.01,0.965,0.035,0.01756,0.98244,69219.81
1775434401444,2026-04-06T00:13:21.444,btc-updown-15m-1775433600,1775434500,Up,95167885969113266504867831764936237194318828264372852700231644786070379744432,19849302119209428539674025239449101810031960970765254902437702717134987694488,0.96,0.97,2947.87,93.46,0.01,0.03,0.04,93.46,2947.87,0.01,0.965,0.035,0.03073,0.96927,69224.56
1775434402445,2026-04-06T00:13:22.445,btc-updown-15m-1775433600,1775434500,Up,95167885969113266504867831764936237194318828264372852700231644786070379744432,19849302119209428539674025239449101810031960970765254902437702717134987694488,0.96,0.97,2861.65,93.46,0.01,0.03,0.04,93.46,2861.65,0.01,0.965,0.035,0.031627,0.968373,69224.56
1775434403445,2026-04-06T00:13:23.445,btc-updown-15m-1775433600,1775434500,Up,95167885969113266504867831764936237194318828264372852700231644786070379744432,19849302119209428539674025239449101810031960970765254902437702717134987694488,0.96,0.97,2521.38,84.89,0.01,0.03,0.04,84.89,2521.38,0.01,0.965,0.035,0.032571,0.967429,69224.56
1775434404447,2026-04-06T00:13:24.447,btc-updown-15m-1775433600,1775434500,Up,95167885969113266504867831764936237194318828264372852700231644786070379744432,19849302119209428539674025239449101810031960970765254902437702717134987694488,0.96,0.97,2424.51,214.45,0.01,0.03,0.04,214.45,2424.51,0.01,0.965,0.035,0.081263,0.918737,69241.84
1775434405448,2026-04-06T00:13:25.448,btc-updown-15m-1775433600,1775434500,Up,95167885969113266504867831764936237194318828264372852700231644786070379744432,19849302119209428539674025239449101810031960970765254902437702717134987694488,0.96,0.97,1900.96,179.45,0.01,0.03,0.04,179.45,1900.96,0.01,0.965,0.035,0.086257,0.913743,69241.84
1775434406450,2026-04-06T00:13:26.450,btc-updown-15m-1775433600,1775434500,Up,95167885969113266504867831764936237194318828264372852700231644786070379744432,19849302119209428539674025239449101810031960970765254902437702717134987694488,0.96,0.97,1055.99,75.46,0.01,0.03,0.04,75.46,1055.99,0.01,0.965,0.035,0.066693,0.933307,69241.84
1775434407451,2026-04-06T00:13:27.451,btc-updown-15m-1775433600,1775434500,Up,95167885969113266504867831764936237194318828264372852700231644786070379744432,19849302119209428539674025239449101810031960970765254902437702717134987694488,0.96,0.97,1019.94,75.46,0.01,0.03,0.04,75.46,1019.94,0.01,0.965,0.035,0.068888,0.931112,69227.22
1775434408451,2026-04-06T00:13:28.451,btc-updown-15m-1775433600,1775434500,Up,95167885969113266504867831764936237194318828264372852700231644786070379744432,19849302119209428539674025239449101810031960970765254902437702717134987694488,0.96,0.97,1019.94,75.46,0.01,0.03,0.04,75.46,1019.94,0.01,0.965,0.035,0.068888,0.931112,69227.22
1775434409452,2026-04-06T00:13:29.452,btc-updown-15m-1775433600,1775434500,Up,95167885969113266504867831764936237194318828264372852700231644786070379744432,19849302119209428539674025239449101810031960970765254902437702717134987694488,0.96,0.97,2023.98,80.46,0.01,0.03,0.04,80.46,2023.98,0.01,0.965,0.035,0.038233,0.961767,69227.22
1775434410453,2026-04-06T00:13:30.453,btc-updown-15m-1775433600,1775434500,Up,95167885969113266504867831764936237194318828264372852700231644786070379744432,19849302119209428539674025239449101810031960970765254902437702717134987694488,0.96,0.97,1995.09,80.46,0.01,0.03,0.04,80.46,1995.09,0.01,0.965,0.035,0.038766,0.961234,69207.97
1775434411453,2026-04-06T00:13:31.453,btc-updown-15m-1775433600,1775434500,Up,95167885969113266504867831764936237194318828264372852700231644786070379744432,19849302119209428539674025239449101810031960970765254902437702717134987694488,0.96,0.97,1965.36,80.46,0.01,0.03,0.04,80.46,1965.36,0.01,0.965,0.035,0.039329,0.960671,69207.97
1775434412455,2026-04-06T00:13:32.455,btc-updown-15m-1775433600,1775434500,Up,95167885969113266504867831764936237194318828264372852700231644786070379744432,19849302119209428539674025239449101810031960970765254902437702717134987694488,0.96,0.97,1965.36,80.46,0.01,0.03,0.04,80.46,1965.36,0.01,0.965,0.035,0.039329,0.960671,69207.97
1775434413455,2026-04-06T00:13:33.455,btc-updown-15m-1775433600,1775434500,Up,95167885969113266504867831764936237194318828264372852700231644786070379744432,19849302119209428539674025239449101810031960970765254902437702717134987694488,0.96,0.97,852.54,80.46,0.01,0.03,0.04,80.46,852.54,0.01,0.965,0.035,0.086238,0.913762,69201.27
1775434414456,2026-04-06T00:13:34.456,btc-updown-15m-1775433600,1775434500,Up,95167885969113266504867831764936237194318828264372852700231644786070379744432,19849302119209428539674025239449101810031960970765254902437702717134987694488,0.96,0.97,9.95,135.46,0.01,0.03,0.04,135.46,9.95,0.01,0.965,0.035,0.931573,0.068427,69201.27
1775434415458,2026-04-06T00:13:35.458,btc-updown-15m-1775433600,1775434500,Up,95167885969113266504867831764936237194318828264372852700231644786070379744432,19849302119209428539674025239449101810031960970765254902437702717134987694488,0.96,0.98,6428.72,135.46,0.02,0.02,0.04,135.46,6428.72,0.02,0.97,0.03,0.020636,0.979364,69201.27
1775434416459,2026-04-06T00:13:36.459,btc-updown-15m-1775433600,1775434500,Up,95167885969113266504867831764936237194318828264372852700231644786070379744432,19849302119209428539674025239449101810031960970765254902437702717134987694488,0.97,0.98,6416.69,5.0,0.01,0.02,0.03,5.0,6416.69,0.01,0.975,0.025,0.000779,0.999221,69201.27
1775434417459,2026-04-06T00:13:37.459,btc-updown-15m-1775433600,1775434500,Up,95167885969113266504867831764936237194318828264372852700231644786070379744432,19849302119209428539674025239449101810031960970765254902437702717134987694488,0.96,0.98,6416.69,322.88,0.02,0.02,0.04,322.88,6416.69,0.02,0.97,0.03,0.047908,0.952092,69201.27
1775434418460,2026-04-06T00:13:38.460,btc-updown-15m-1775433600,1775434500,Up,95167885969113266504867831764936237194318828264372852700231644786070379744432,19849302119209428539674025239449101810031960970765254902437702717134987694488,0.96,0.98,6416.69,322.88,0.02,0.02,0.04,322.88,6416.69,0.02,0.97,0.03,0.047908,0.952092,69201.27
1775434419461,2026-04-06T00:13:39.461,btc-updown-15m-1775433600,1775434500,Up,95167885969113266504867831764936237194318828264372852700231644786070379744432,19849302119209428539674025239449101810031960970765254902437702717134987694488,0.97,0.98,4896.08,109.98,0.01,0.02,0.03,109.98,4896.08,0.01,0.975,0.025,0.021969,0.978031,69201.27
1775434420462,2026-04-06T00:13:40.462,btc-updown-15m-1775433600,1775434500,Up,95167885969113266504867831764936237194318828264372852700231644786070379744432,19849302119209428539674025239449101810031960970765254902437702717134987694488,0.97,0.98,4896.08,109.98,0.01,0.02,0.03,109.98,4885.54,0.01,0.975,0.025,0.021969,0.977984,69201.27
1775434421463,2026-04-06T00:13:41.463,btc-updown-15m-1775433600,1775434500,Up,95167885969113266504867831764936237194318828264372852700231644786070379744432,19849302119209428539674025239449101810031960970765254902437702717134987694488,0.97,0.98,4880.54,109.98,0.01,0.02,0.03,109.98,4880.54,0.01,0.975,0.025,0.022038,0.977962,69201.27
1775434422464,2026-04-06T00:13:42.464,btc-updown-15m-1775433600,1775434500,Up,95167885969113266504867831764936237194318828264372852700231644786070379744432,19849302119209428539674025239449101810031960970765254902437702717134987694488,0.97,0.98,4880.54,109.98,0.01,0.02,0.03,109.98,4880.54,0.01,0.975,0.025,0.022038,0.977962,69201.27
1775434423465,2026-04-06T00:13:43.465,btc-updown-15m-1775433600,1775434500,Up,95167885969113266504867831764936237194318828264372852700231644786070379744432,19849302119209428539674025239449101810031960970765254902437702717134987694488,0.97,0.98,4839.97,109.98,0.01,0.02,0.03,109.98,4839.97,0.01,0.975,0.025,0.022218,0.977782,69201.27
1775434424466,2026-04-06T00:13:44.466,btc-updown-15m-1775433600,1775434500,Up,95167885969113266504867831764936237194318828264372852700231644786070379744432,19849302119209428539674025239449101810031960970765254902437702717134987694488,0.97,0.98,4839.87,109.98,0.01,0.02,0.03,109.98,4839.87,0.01,0.975,0.025,0.022219,0.977781,69201.27
1775434425468,2026-04-06T00:13:45.468,btc-updown-15m-1775433600,1775434500,Up,95167885969113266504867831764936237194318828264372852700231644786070379744432,19849302119209428539674025239449101810031960970765254902437702717134987694488,0.97,0.98,4839.87,104.08,0.01,0.02,0.03,104.08,4839.87,0.01,0.975,0.025,0.021052,0.978948,69198.93
1775434426469,2026-04-06T00:13:46.469,btc-updown-15m-1775433600,1775434500,Up,95167885969113266504867831764936237194318828264372852700231644786070379744432,19849302119209428539674025239449101810031960970765254902437702717134987694488,0.97,0.98,4778.85,104.08,0.01,0.02,0.03,104.08,4778.85,0.01,0.975,0.025,0.021315,0.978685,69198.93
1775434427470,2026-04-06T00:13:47.470,btc-updown-15m-1775433600,1775434500,Up,95167885969113266504867831764936237194318828264372852700231644786070379744432,19849302119209428539674025239449101810031960970765254902437702717134987694488,0.97,0.98,4753.59,104.08,0.01,0.02,0.03,104.08,4753.59,0.01,0.975,0.025,0.021426,0.978574,69198.93
1775434428470,2026-04-06T00:13:48.470,btc-updown-15m-1775433600,1775434500,Up,95167885969113266504867831764936237194318828264372852700231644786070379744432,19849302119209428539674025239449101810031960970765254902437702717134987694488,0.97,0.98,4753.59,104.08,0.01,0.02,0.03,104.08,4753.59,0.01,0.975,0.025,0.021426,0.978574,69194.15
1775434429471,2026-04-06T00:13:49.471,btc-updown-15m-1775433600,1775434500,Up,95167885969113266504867831764936237194318828264372852700231644786070379744432,19849302119209428539674025239449101810031960970765254902437702717134987694488,0.97,0.98,4753.59,99.08,0.01,0.02,0.03,99.08,4753.59,0.01,0.975,0.025,0.020418,0.979582,69194.15
1775434430472,2026-04-06T00:13:50.472,btc-updown-15m-1775433600,1775434500,Up,95167885969113266504867831764936237194318828264372852700231644786070379744432,19849302119209428539674025239449101810031960970765254902437702717134987694488,0.97,0.98,4753.59,99.08,0.01,0.02,0.03,99.08,4753.59,0.01,0.975,0.025,0.020418,0.979582,69194.15
1775434431472,2026-04-06T00:13:51.472,btc-updown-15m-1775433600,1775434500,Up,95167885969113266504867831764936237194318828264372852700231644786070379744432,19849302119209428539674025239449101810031960970765254902437702717134987694488,0.97,0.98,4753.59,94.08,0.01,0.02,0.03,94.08,4753.59,0.01,0.975,0.025,0.019407,0.980593,69192.1
1775434432473,2026-04-06T00:13:52.473,btc-updown-15m-1775433600,1775434500,Up,95167885969113266504867831764936237194318828264372852700231644786070379744432,19849302119209428539674025239449101810031960970765254902437702717134987694488,0.97,0.98,4753.59,94.08,0.01,0.02,0.03,94.08,4753.59,0.01,0.975,0.025,0.019407,0.980593,69192.1
1775434433475,2026-04-06T00:13:53.475,btc-updown-15m-1775433600,1775434500,Up,95167885969113266504867831764936237194318828264372852700231644786070379744432,19849302119209428539674025239449101810031960970765254902437702717134987694488,0.97,0.98,4753.59,94.08,0.01,0.02,0.03,94.08,4753.59,0.01,0.975,0.025,0.019407,0.980593,69192.1
1775434434476,2026-04-06T00:13:54.476,btc-updown-15m-1775433600,1775434500,Up,95167885969113266504867831764936237194318828264372852700231644786070379744432,19849302119209428539674025239449101810031960970765254902437702717134987694488,0.97,0.98,4753.59,94.08,0.01,0.02,0.03,94.08,4753.59,0.01,0.975,0.025,0.019407,0.980593,69192.09
1775434435477,2026-04-06T00:13:55.477,btc-updown-15m-1775433600,1775434500,Up,95167885969113266504867831764936237194318828264372852700231644786070379744432,19849302119209428539674025239449101810031960970765254902437702717134987694488,0.97,0.98,4753.59,94.08,0.01,0.02,0.03,94.08,4753.59,0.01,0.975,0.025,0.019407,0.980593,69192.09
1775434436478,2026-04-06T00:13:56.478,btc-updown-15m-1775433600,1775434500,Up,95167885969113266504867831764936237194318828264372852700231644786070379744432,19849302119209428539674025239449101810031960970765254902437702717134987694488,0.97,0.98,4753.59,94.08,0.01,0.02,0.03,94.08,4753.59,0.01,0.975,0.025,0.019407,0.980593,69192.09
1775434437478,2026-04-06T00:13:57.478,btc-updown-15m-1775433600,1775434500,Up,95167885969113266504867831764936237194318828264372852700231644786070379744432,19849302119209428539674025239449101810031960970765254902437702717134987694488,0.97,0.98,3611.75,359.08,0.01,0.02,0.03,359.08,3611.75,0.01,0.975,0.025,0.090429,0.909571,69191.64
1775434438479,2026-04-06T00:13:58.479,btc-updown-15m-1775433600,1775434500,Up,95167885969113266504867831764936237194318828264372852700231644786070379744432,19849302119209428539674025239449101810031960970765254902437702717134987694488,0.97,0.98,1611.75,207.15,0.01,0.02,0.03,207.15,1611.75,0.01,0.975,0.025,0.113888,0.886112,69191.64
1775434439480,2026-04-06T00:13:59.480,btc-updown-15m-1775433600,1775434500,Up,95167885969113266504867831764936237194318828264372852700231644786070379744432,19849302119209428539674025239449101810031960970765254902437702717134987694488,0.97,0.98,1390.27,216.54,0.01,0.02,0.03,216.54,1390.27,0.01,0.975,0.025,0.134764,0.865236,69191.64
1775434440481,2026-04-06T00:14:00.481,btc-updown-15m-1775433600,1775434500,Up,95167885969113266504867831764936237194318828264372852700231644786070379744432,19849302119209428539674025239449101810031960970765254902437702717134987694488,0.97,0.98,1370.46,179.17,0.01,0.02,0.03,179.17,1360.56,0.01,0.975,0.025,0.115621,0.883635,69189.68
1775434441482,2026-04-06T00:14:01.482,btc-updown-15m-1775433600,1775434500,Up,95167885969113266504867831764936237194318828264372852700231644786070379744432,19849302119209428539674025239449101810031960970765254902437702717134987694488,0.97,0.98,1360.99,179.17,0.01,0.02,0.03,179.17,1360.99,0.01,0.975,0.025,0.116332,0.883668,69189.68
1775434442482,2026-04-06T00:14:02.482,btc-updown-15m-1775433600,1775434500,Up,95167885969113266504867831764936237194318828264372852700231644786070379744432,19849302119209428539674025239449101810031960970765254902437702717134987694488,0.97,0.98,1340.79,179.17,0.01,0.02,0.03,179.17,1340.79,0.01,0.975,0.025,0.117878,0.882122,69189.68
1775434443483,2026-04-06T00:14:03.483,btc-updown-15m-1775433600,1775434500,Up,95167885969113266504867831764936237194318828264372852700231644786070379744432,19849302119209428539674025239449101810031960970765254902437702717134987694488,0.96,0.97,28.97,351.5,0.01,0.02,0.04,417.5,1333.22,0.02,0.965,0.03,0.923857,0.761527,69194.14
1775434444484,2026-04-06T00:14:04.484,btc-updown-15m-1775433600,1775434500,Up,95167885969113266504867831764936237194318828264372852700231644786070379744432,19849302119209428539674025239449101810031960970765254902437702717134987694488,0.97,0.98,1181.07,25.0,0.01,0.02,0.03,25.0,1181.07,0.01,0.975,0.025,0.020728,0.979272,69194.14
1775434445484,2026-04-06T00:14:05.484,btc-updown-15m-1775433600,1775434500,Up,95167885969113266504867831764936237194318828264372852700231644786070379744432,19849302119209428539674025239449101810031960970765254902437702717134987694488,0.97,0.98,955.2,45.0,0.01,0.02,0.03,45.0,955.2,0.01,0.975,0.025,0.044991,0.955009,69194.14
1775434446484,2026-04-06T00:14:06.484,btc-updown-15m-1775433600,1775434500,Up,95167885969113266504867831764936237194318828264372852700231644786070379744432,19849302119209428539674025239449101810031960970765254902437702717134987694488,0.99,,,8034.87,,,0.01,20630.0,,,,,,,69224.58
1775434447485,2026-04-06T00:14:07.485,btc-updown-15m-1775433600,1775434500,Up,95167885969113266504867831764936237194318828264372852700231644786070379744432,19849302119209428539674025239449101810031960970765254902437702717134987694488,0.99,,,20615.89,,,0.01,20615.89,,,,,,,69224.58
1775434448486,2026-04-06T00:14:08.486,btc-updown-15m-1775433600,1775434500,Up,95167885969113266504867831764936237194318828264372852700231644786070379744432,19849302119209428539674025239449101810031960970765254902437702717134987694488,0.99,,,20612.22,,,0.01,20612.22,,,,,,,69224.58
1775434449486,2026-04-06T00:14:09.486,btc-updown-15m-1775433600,1775434500,Up,95167885969113266504867831764936237194318828264372852700231644786070379744432,19849302119209428539674025239449101810031960970765254902437702717134987694488,0.99,,,20614.47,,,0.01,20614.47,,,,,,,69220.1
1775434450487,2026-04-06T00:14:10.487,btc-updown-15m-1775433600,1775434500,Up,95167885969113266504867831764936237194318828264372852700231644786070379744432,19849302119209428539674025239449101810031960970765254902437702717134987694488,0.99,,,20582.08,,,0.01,20582.08,,,,,,,69220.1
1775434451488,2026-04-06T00:14:11.488,btc-updown-15m-1775433600,1775434500,Up,95167885969113266504867831764936237194318828264372852700231644786070379744432,19849302119209428539674025239449101810031960970765254902437702717134987694488,0.99,,,20582.08,,,0.01,20540.45,,,,,,,69220.1
1775434452489,2026-04-06T00:14:12.489,btc-updown-15m-1775433600,1775434500,Up,95167885969113266504867831764936237194318828264372852700231644786070379744432,19849302119209428539674025239449101810031960970765254902437702717134987694488,0.99,,,20541.17,,,0.01,20541.17,,,,,,,69212.64
1775434453491,2026-04-06T00:14:13.491,btc-updown-15m-1775433600,1775434500,Up,95167885969113266504867831764936237194318828264372852700231644786070379744432,19849302119209428539674025239449101810031960970765254902437702717134987694488,0.99,,,20538.04,,,0.01,20538.04,,,,,,,69212.64
1775434454492,2026-04-06T00:14:14.492,btc-updown-15m-1775433600,1775434500,Up,95167885969113266504867831764936237194318828264372852700231644786070379744432,19849302119209428539674025239449101810031960970765254902437702717134987694488,0.99,,,20574.01,,,0.01,20574.01,,,,,,,69212.64
1775434455493,2026-04-06T00:14:15.493,btc-updown-15m-1775433600,1775434500,Up,95167885969113266504867831764936237194318828264372852700231644786070379744432,19849302119209428539674025239449101810031960970765254902437702717134987694488,0.99,,,20568.44,,,0.01,20568.44,,,,,,,69212.64
1775434456494,2026-04-06T00:14:16.494,btc-updown-15m-1775433600,1775434500,Up,95167885969113266504867831764936237194318828264372852700231644786070379744432,19849302119209428539674025239449101810031960970765254902437702717134987694488,0.99,,,20568.44,,,0.01,20568.44,,,,,,,69212.64
1775434457494,2026-04-06T00:14:17.494,btc-updown-15m-1775433600,1775434500,Up,95167885969113266504867831764936237194318828264372852700231644786070379744432,19849302119209428539674025239449101810031960970765254902437702717134987694488,0.99,,,20568.44,,,0.01,20568.44,,,,,,,69212.64
1775434458495,2026-04-06T00:14:18.495,btc-updown-15m-1775433600,1775434500,Up,95167885969113266504867831764936237194318828264372852700231644786070379744432,19849302119209428539674025239449101810031960970765254902437702717134987694488,0.99,,,20568.44,,,0.01,20568.44,,,,,,,69210.46
1775434459496,2026-04-06T00:14:19.496,btc-updown-15m-1775433600,1775434500,Up,95167885969113266504867831764936237194318828264372852700231644786070379744432,19849302119209428539674025239449101810031960970765254902437702717134987694488,0.99,,,21110.2,,,0.01,21110.2,,,,,,,69210.46
1775434460497,2026-04-06T00:14:20.497,btc-updown-15m-1775433600,1775434500,Up,95167885969113266504867831764936237194318828264372852700231644786070379744432,19849302119209428539674025239449101810031960970765254902437702717134987694488,0.99,,,21110.2,,,0.01,21110.2,,,,,,,69210.46
1775434461497,2026-04-06T00:14:21.497,btc-updown-15m-1775433600,1775434500,Up,95167885969113266504867831764936237194318828264372852700231644786070379744432,19849302119209428539674025239449101810031960970765254902437702717134987694488,0.99,,,21138.45,,,0.01,21138.45,,,,,,,69205.12
1775434462498,2026-04-06T00:14:22.498,btc-updown-15m-1775433600,1775434500,Up,95167885969113266504867831764936237194318828264372852700231644786070379744432,19849302119209428539674025239449101810031960970765254902437702717134987694488,0.99,,,21138.45,,,0.01,21138.45,,,,,,,69205.12
1775434463499,2026-04-06T00:14:23.499,btc-updown-15m-1775433600,1775434500,Up,95167885969113266504867831764936237194318828264372852700231644786070379744432,19849302119209428539674025239449101810031960970765254902437702717134987694488,0.99,,,21138.45,,,0.01,21138.45,,,,,,,69205.12
1775434464500,2026-04-06T00:14:24.500,btc-updown-15m-1775433600,1775434500,Up,95167885969113266504867831764936237194318828264372852700231644786070379744432,19849302119209428539674025239449101810031960970765254902437702717134987694488,0.99,,,20950.92,,,0.01,20950.92,,,,,,,69205.11
1775434465501,2026-04-06T00:14:25.501,btc-updown-15m-1775433600,1775434500,Up,95167885969113266504867831764936237194318828264372852700231644786070379744432,19849302119209428539674025239449101810031960970765254902437702717134987694488,0.99,,,20950.92,,,0.01,20950.92,,,,,,,69205.11
1775434466502,2026-04-06T00:14:26.502,btc-updown-15m-1775433600,1775434500,Up,95167885969113266504867831764936237194318828264372852700231644786070379744432,19849302119209428539674025239449101810031960970765254902437702717134987694488,0.99,,,20950.92,,,0.01,20950.92,,,,,,,69205.11
1775434467502,2026-04-06T00:14:27.502,btc-updown-15m-1775433600,1775434500,Up,95167885969113266504867831764936237194318828264372852700231644786070379744432,19849302119209428539674025239449101810031960970765254902437702717134987694488,0.99,,,20950.92,,,0.01,20950.92,,,,,,,69205.11
1775434468504,2026-04-06T00:14:28.504,btc-updown-15m-1775433600,1775434500,Up,95167885969113266504867831764936237194318828264372852700231644786070379744432,19849302119209428539674025239449101810031960970765254902437702717134987694488,0.99,,,20950.92,,,0.01,20950.92,,,,,,,69205.11
1775434469506,2026-04-06T00:14:29.506,btc-updown-15m-1775433600,1775434500,Up,95167885969113266504867831764936237194318828264372852700231644786070379744432,19849302119209428539674025239449101810031960970765254902437702717134987694488,0.99,,,20950.92,,,0.01,20950.92,,,,,,,69205.11
1775434470507,2026-04-06T00:14:30.507,btc-updown-15m-1775433600,1775434500,Up,95167885969113266504867831764936237194318828264372852700231644786070379744432,19849302119209428539674025239449101810031960970765254902437702717134987694488,0.99,,,20950.92,,,0.01,20950.92,,,,,,,69205.11
1775434471508,2026-04-06T00:14:31.508,btc-updown-15m-1775433600,1775434500,Up,95167885969113266504867831764936237194318828264372852700231644786070379744432,19849302119209428539674025239449101810031960970765254902437702717134987694488,0.99,,,20950.92,,,0.01,20950.92,,,,,,,69205.11
1775434472509,2026-04-06T00:14:32.509,btc-updown-15m-1775433600,1775434500,Up,95167885969113266504867831764936237194318828264372852700231644786070379744432,19849302119209428539674025239449101810031960970765254902437702717134987694488,0.99,,,20950.92,,,0.01,20950.92,,,,,,,69205.11
1775434473510,2026-04-06T00:14:33.510,btc-updown-15m-1775433600,1775434500,Up,95167885969113266504867831764936237194318828264372852700231644786070379744432,19849302119209428539674025239449101810031960970765254902437702717134987694488,0.99,,,20950.92,,,0.01,20950.92,,,,,,,69196.68
1775434474510,2026-04-06T00:14:34.510,btc-updown-15m-1775433600,1775434500,Up,95167885969113266504867831764936237194318828264372852700231644786070379744432,19849302119209428539674025239449101810031960970765254902437702717134987694488,0.99,,,20950.92,,,0.01,20950.92,,,,,,,69196.68
1775434475511,2026-04-06T00:14:35.511,btc-updown-15m-1775433600,1775434500,Up,95167885969113266504867831764936237194318828264372852700231644786070379744432,19849302119209428539674025239449101810031960970765254902437702717134987694488,0.99,,,20950.92,,,0.01,20950.92,,,,,,,69196.68
1775434476512,2026-04-06T00:14:36.512,btc-updown-15m-1775433600,1775434500,Up,95167885969113266504867831764936237194318828264372852700231644786070379744432,19849302119209428539674025239449101810031960970765254902437702717134987694488,0.99,,,20950.92,,,0.01,20950.92,,,,,,,69203.61
1775434477512,2026-04-06T00:14:37.512,btc-updown-15m-1775433600,1775434500,Up,95167885969113266504867831764936237194318828264372852700231644786070379744432,19849302119209428539674025239449101810031960970765254902437702717134987694488,0.99,,,20950.92,,,0.01,20950.92,,,,,,,69203.61
1775434478515,2026-04-06T00:14:38.515,btc-updown-15m-1775433600,1775434500,Up,95167885969113266504867831764936237194318828264372852700231644786070379744432,19849302119209428539674025239449101810031960970765254902437702717134987694488,0.99,,,20950.92,,,0.01,20950.92,,,,,,,69203.61
1775434479516,2026-04-06T00:14:39.516,btc-updown-15m-1775433600,1775434500,Up,95167885969113266504867831764936237194318828264372852700231644786070379744432,19849302119209428539674025239449101810031960970765254902437702717134987694488,0.99,,,20950.92,,,0.01,20950.92,,,,,,,69206.55
1775434480516,2026-04-06T00:14:40.516,btc-updown-15m-1775433600,1775434500,Up,95167885969113266504867831764936237194318828264372852700231644786070379744432,19849302119209428539674025239449101810031960970765254902437702717134987694488,0.99,,,20950.92,,,0.01,20950.92,,,,,,,69206.55
1775434481517,2026-04-06T00:14:41.517,btc-updown-15m-1775433600,1775434500,Up,95167885969113266504867831764936237194318828264372852700231644786070379744432,19849302119209428539674025239449101810031960970765254902437702717134987694488,0.99,,,20950.92,,,0.01,20950.92,,,,,,,69206.55
1775434482519,2026-04-06T00:14:42.519,btc-updown-15m-1775433600,1775434500,Up,95167885969113266504867831764936237194318828264372852700231644786070379744432,19849302119209428539674025239449101810031960970765254902437702717134987694488,0.99,,,20950.92,,,0.01,20950.92,,,,,,,69223.83
1775434483521,2026-04-06T00:14:43.521,btc-updown-15m-1775433600,1775434500,Up,95167885969113266504867831764936237194318828264372852700231644786070379744432,19849302119209428539674025239449101810031960970765254902437702717134987694488,0.99,,,20950.92,,,0.01,20950.92,,,,,,,69223.83
1775434484521,2026-04-06T00:14:44.521,btc-updown-15m-1775433600,1775434500,Up,95167885969113266504867831764936237194318828264372852700231644786070379744432,19849302119209428539674025239449101810031960970765254902437702717134987694488,0.99,,,20950.92,,,0.01,20950.92,,,,,,,69223.83
1775434485522,2026-04-06T00:14:45.522,btc-updown-15m-1775433600,1775434500,Up,95167885969113266504867831764936237194318828264372852700231644786070379744432,19849302119209428539674025239449101810031960970765254902437702717134987694488,0.99,,,20950.92,,,0.01,20950.92,,,,,,,69234.56
1775434486523,2026-04-06T00:14:46.523,btc-updown-15m-1775433600,1775434500,Up,95167885969113266504867831764936237194318828264372852700231644786070379744432,19849302119209428539674025239449101810031960970765254902437702717134987694488,0.99,,,20950.92,,,0.01,20950.92,,,,,,,69234.56
1775434487523,2026-04-06T00:14:47.523,btc-updown-15m-1775433600,1775434500,Up,95167885969113266504867831764936237194318828264372852700231644786070379744432,19849302119209428539674025239449101810031960970765254902437702717134987694488,0.99,,,36214.48,,,0.01,36214.48,,,,,,,69234.56
1775434488524,2026-04-06T00:14:48.524,btc-updown-15m-1775433600,1775434500,Up,95167885969113266504867831764936237194318828264372852700231644786070379744432,19849302119209428539674025239449101810031960970765254902437702717134987694488,0.99,,,36214.48,,,0.01,36214.48,,,,,,,69234.56
1775434489524,2026-04-06T00:14:49.524,btc-updown-15m-1775433600,1775434500,Up,95167885969113266504867831764936237194318828264372852700231644786070379744432,19849302119209428539674025239449101810031960970765254902437702717134987694488,0.99,,,36214.48,,,0.01,36214.48,,,,,,,69234.56
1775434490525,2026-04-06T00:14:50.525,btc-updown-15m-1775433600,1775434500,Up,95167885969113266504867831764936237194318828264372852700231644786070379744432,19849302119209428539674025239449101810031960970765254902437702717134987694488,0.99,,,36214.48,,,0.01,36214.48,,,,,,,69234.56
1775434491526,2026-04-06T00:14:51.526,btc-updown-15m-1775433600,1775434500,Up,95167885969113266504867831764936237194318828264372852700231644786070379744432,19849302119209428539674025239449101810031960970765254902437702717134987694488,0.99,,,36214.48,,,0.01,36214.48,,,,,,,69234.55
1775434492526,2026-04-06T00:14:52.526,btc-updown-15m-1775433600,1775434500,Up,95167885969113266504867831764936237194318828264372852700231644786070379744432,19849302119209428539674025239449101810031960970765254902437702717134987694488,0.99,,,36214.48,,,0.01,36214.48,,,,,,,69234.55
1775434493527,2026-04-06T00:14:53.527,btc-updown-15m-1775433600,1775434500,Up,95167885969113266504867831764936237194318828264372852700231644786070379744432,19849302119209428539674025239449101810031960970765254902437702717134987694488,0.99,,,36214.48,,,0.01,36214.48,,,,,,,69234.55
1775434494527,2026-04-06T00:14:54.527,btc-updown-15m-1775433600,1775434500,Up,95167885969113266504867831764936237194318828264372852700231644786070379744432,19849302119209428539674025239449101810031960970765254902437702717134987694488,0.99,,,36214.48,,,0.01,36214.48,,,,,,,69234.56
1775434495527,2026-04-06T00:14:55.527,btc-updown-15m-1775433600,1775434500,Up,95167885969113266504867831764936237194318828264372852700231644786070379744432,19849302119209428539674025239449101810031960970765254902437702717134987694488,0.99,,,36214.48,,,0.01,36214.48,,,,,,,69234.56
1775434496528,2026-04-06T00:14:56.528,btc-updown-15m-1775433600,1775434500,Up,95167885969113266504867831764936237194318828264372852700231644786070379744432,19849302119209428539674025239449101810031960970765254902437702717134987694488,0.99,,,36162.5,,,0.01,36162.5,,,,,,,69234.56
1775434497529,2026-04-06T00:14:57.529,btc-updown-15m-1775433600,1775434500,Up,95167885969113266504867831764936237194318828264372852700231644786070379744432,19849302119209428539674025239449101810031960970765254902437702717134987694488,0.99,,,36162.5,,,0.01,36162.5,,,,,,,69234.55
1775434498530,2026-04-06T00:14:58.530,btc-updown-15m-1775433600,1775434500,Up,95167885969113266504867831764936237194318828264372852700231644786070379744432,19849302119209428539674025239449101810031960970765254902437702717134987694488,0.99,,,36162.5,,,0.01,36162.5,,,,,,,69234.55
1775434499531,2026-04-06T00:14:59.531,btc-updown-15m-1775433600,1775434500,Up,95167885969113266504867831764936237194318828264372852700231644786070379744432,19849302119209428539674025239449101810031960970765254902437702717134987694488,0.99,,,36162.5,,,0.01,36162.5,,,,,,,69234.55
1775434500532,2026-04-06T00:15:00.532,btc-updown-15m-1775433600,1775434500,Up,95167885969113266504867831764936237194318828264372852700231644786070379744432,19849302119209428539674025239449101810031960970765254902437702717134987694488,0.99,,,87198.58,,,0.01,87198.58,,,,,,,69234.56
1775434500532,2026-04-06T00:15:00.532,btc-updown-15m-1775434500,1775435400,Down,100893488532948378195056263284213975654340604977648575704443574632138180628203,34075453531342936855819886999624556850557747171344755965581084782278498862840,0.38,0.4,485.89,5.0,0.02,0.6,0.62,5.0,485.89,0.02,0.39,0.61,0.010186,0.989814,69234.56
1775434501533,2026-04-06T00:15:01.533,btc-updown-15m-1775434500,1775435400,Down,100893488532948378195056263284213975654340604977648575704443574632138180628203,34075453531342936855819886999624556850557747171344755965581084782278498862840,0.35,0.4,467.39,25.84,0.05,0.6,0.65,25.84,467.39,0.05,0.375,0.625,0.052389,0.947611,69234.56
1775434502534,2026-04-06T00:15:02.534,btc-updown-15m-1775434500,1775435400,Down,100893488532948378195056263284213975654340604977648575704443574632138180628203,34075453531342936855819886999624556850557747171344755965581084782278498862840,0.39,0.4,274.27,879.0,0.01,0.6,0.61,890.0,274.27,0.01,0.395,0.605,0.762181,0.235573,69234.56
1775434503534,2026-04-06T00:15:03.534,btc-updown-15m-1775434500,1775435400,Down,100893488532948378195056263284213975654340604977648575704443574632138180628203,34075453531342936855819886999624556850557747171344755965581084782278498862840,0.41,0.42,54.06,375.0,0.01,0.58,0.59,375.0,54.06,0.01,0.415,0.585,0.874004,0.125996,69250.0
1775434504534,2026-04-06T00:15:04.534,btc-updown-15m-1775434500,1775435400,Down,100893488532948378195056263284213975654340604977648575704443574632138180628203,34075453531342936855819886999624556850557747171344755965581084782278498862840,0.44,0.45,190.24,68.21,0.01,0.55,0.56,68.21,190.24,0.01,0.445,0.555,0.26392,0.73608,69250.0
1775434505535,2026-04-06T00:15:05.535,btc-updown-15m-1775434500,1775435400,Down,100893488532948378195056263284213975654340604977648575704443574632138180628203,34075453531342936855819886999624556850557747171344755965581084782278498862840,0.44,0.45,59.99,93.21,0.01,0.55,0.56,93.21,59.99,0.01,0.445,0.555,0.60842,0.39158,69250.0
1775434506536,2026-04-06T00:15:06.536,btc-updown-15m-1775434500,1775435400,Down,100893488532948378195056263284213975654340604977648575704443574632138180628203,34075453531342936855819886999624556850557747171344755965581084782278498862840,0.42,0.46,979.87,172.98,0.04,0.54,0.58,172.98,979.87,0.04,0.44,0.56,0.150046,0.849954,69331.14
1775434507536,2026-04-06T00:15:07.536,btc-updown-15m-1775434500,1775435400,Down,100893488532948378195056263284213975654340604977648575704443574632138180628203,34075453531342936855819886999624556850557747171344755965581084782278498862840,0.43,0.44,934.41,163.5,0.01,0.56,0.57,163.5,934.41,0.01,0.435,0.565,0.148919,0.851081,69331.14
1775434508537,2026-04-06T00:15:08.537,btc-updown-15m-1775434500,1775435400,Down,100893488532948378195056263284213975654340604977648575704443574632138180628203,34075453531342936855819886999624556850557747171344755965581084782278498862840,0.43,0.44,385.91,343.5,0.01,0.56,0.57,343.5,385.91,0.01,0.435,0.565,0.470929,0.529071,69331.14
1775434509539,2026-04-06T00:15:09.539,btc-updown-15m-1775434500,1775435400,Down,100893488532948378195056263284213975654340604977648575704443574632138180628203,34075453531342936855819886999624556850557747171344755965581084782278498862840,0.45,0.46,68.51,247.81,0.01,0.54,0.55,247.81,68.51,0.01,0.455,0.545,0.783416,0.216584,69343.01
1775434510539,2026-04-06T00:15:10.539,btc-updown-15m-1775434500,1775435400,Down,100893488532948378195056263284213975654340604977648575704443574632138180628203,34075453531342936855819886999624556850557747171344755965581084782278498862840,0.47,0.48,45.23,1092.44,0.01,0.52,0.53,1061.0,1.83,0.01,0.475,0.525,0.960243,0.001722,69343.01
1775434511540,2026-04-06T00:15:11.540,btc-updown-15m-1775434500,1775435400,Down,100893488532948378195056263284213975654340604977648575704443574632138180628203,34075453531342936855819886999624556850557747171344755965581084782278498862840,0.49,0.51,128.18,836.55,0.02,0.49,0.51,836.55,128.18,0.02,0.5,0.5,0.867134,0.132866,69343.01
1775434512540,2026-04-06T00:15:12.540,btc-updown-15m-1775434500,1775435400,Down,100893488532948378195056263284213975654340604977648575704443574632138180628203,34075453531342936855819886999624556850557747171344755965581084782278498862840,0.51,0.52,16.93,916.2,0.01,0.48,0.49,916.2,16.93,0.01,0.515,0.485,0.981857,0.018143,69336.06
1775434513541,2026-04-06T00:15:13.541,btc-updown-15m-1775434500,1775435400,Down,100893488532948378195056263284213975654340604977648575704443574632138180628203,34075453531342936855819886999624556850557747171344755965581084782278498862840,0.52,0.53,476.95,229.8,0.01,0.47,0.48,229.8,476.95,0.01,0.525,0.475,0.32515,0.67485,69336.06
1775434514542,2026-04-06T00:15:14.542,btc-updown-15m-1775434500,1775435400,Down,100893488532948378195056263284213975654340604977648575704443574632138180628203,34075453531342936855819886999624556850557747171344755965581084782278498862840,0.53,0.54,55.16,223.44,0.01,0.46,0.47,223.44,55.16,0.01,0.535,0.465,0.80201,0.19799,69336.06
1775434515543,2026-04-06T00:15:15.543,btc-updown-15m-1775434500,1775435400,Down,100893488532948378195056263284213975654340604977648575704443574632138180628203,34075453531342936855819886999624556850557747171344755965581084782278498862840,0.54,0.55,54.15,595.95,0.01,0.45,0.46,595.95,54.15,0.01,0.545,0.455,0.916705,0.083295,69338.87
1775434516543,2026-04-06T00:15:16.543,btc-updown-15m-1775434500,1775435400,Down,100893488532948378195056263284213975654340604977648575704443574632138180628203,34075453531342936855819886999624556850557747171344755965581084782278498862840,0.55,0.56,1013.57,169.57,0.01,0.44,0.45,174.57,1013.57,0.01,0.555,0.445,0.143322,0.853073,69338.87
1775434517545,2026-04-06T00:15:17.545,btc-updown-15m-1775434500,1775435400,Down,100893488532948378195056263284213975654340604977648575704443574632138180628203,34075453531342936855819886999624556850557747171344755965581084782278498862840,0.54,0.55,943.0,32.83,0.01,0.45,0.46,32.83,943.0,0.01,0.545,0.455,0.033643,0.966357,69338.87
1775434518546,2026-04-06T00:15:18.546,btc-updown-15m-1775434500,1775435400,Down,100893488532948378195056263284213975654340604977648575704443574632138180628203,34075453531342936855819886999624556850557747171344755965581084782278498862840,0.52,0.53,132.66,199.56,0.01,0.47,0.48,199.56,132.66,0.01,0.525,0.475,0.600686,0.399314,69304.49
1775434519547,2026-04-06T00:15:19.547,btc-updown-15m-1775434500,1775435400,Down,100893488532948378195056263284213975654340604977648575704443574632138180628203,34075453531342936855819886999624556850557747171344755965581084782278498862840,0.52,0.53,107.66,257.47,0.01,0.47,0.48,257.47,107.66,0.01,0.525,0.475,0.705146,0.294854,69304.49
1775434520547,2026-04-06T00:15:20.547,btc-updown-15m-1775434500,1775435400,Down,100893488532948378195056263284213975654340604977648575704443574632138180628203,34075453531342936855819886999624556850557747171344755965581084782278498862840,0.52,0.53,913.36,141.83,0.01,0.47,0.48,141.83,913.36,0.01,0.525,0.475,0.134412,0.865588,69304.49
1775434521547,2026-04-06T00:15:21.547,btc-updown-15m-1775434500,1775435400,Down,100893488532948378195056263284213975654340604977648575704443574632138180628203,34075453531342936855819886999624556850557747171344755965581084782278498862840,0.5,0.53,905.36,156.18,0.03,0.47,0.5,156.18,905.36,0.03,0.515,0.485,0.147126,0.852874,69304.49
1775434522548,2026-04-06T00:15:22.548,btc-updown-15m-1775434500,1775435400,Down,100893488532948378195056263284213975654340604977648575704443574632138180628203,34075453531342936855819886999624556850557747171344755965581084782278498862840,0.5,0.51,31.0,312.96,0.01,0.49,0.5,312.96,31.0,0.01,0.505,0.495,0.909873,0.090127,69304.49
1775434523549,2026-04-06T00:15:23.549,btc-updown-15m-1775434500,1775435400,Down,100893488532948378195056263284213975654340604977648575704443574632138180628203,34075453531342936855819886999624556850557747171344755965581084782278498862840,0.5,0.52,159.55,161.88,0.02,0.48,0.5,161.88,159.55,0.02,0.51,0.49,0.503624,0.496376,69304.49
1775434524549,2026-04-06T00:15:24.549,btc-updown-15m-1775434500,1775435400,Down,100893488532948378195056263284213975654340604977648575704443574632138180628203,34075453531342936855819886999624556850557747171344755965581084782278498862840,0.54,0.55,111.06,50.0,0.01,0.46,0.47,70.0,30.0,0.01,0.545,0.465,0.310443,0.3,69317.94
1775434525551,2026-04-06T00:15:25.551,btc-updown-15m-1775434500,1775435400,Down,100893488532948378195056263284213975654340604977648575704443574632138180628203,34075453531342936855819886999624556850557747171344755965581084782278498862840,0.54,0.55,1001.04,22.82,0.01,0.45,0.46,22.82,1001.04,0.01,0.545,0.455,0.022288,0.977712,69317.94
1775434526551,2026-04-06T00:15:26.551,btc-updown-15m-1775434500,1775435400,Down,100893488532948378195056263284213975654340604977648575704443574632138180628203,34075453531342936855819886999624556850557747171344755965581084782278498862840,0.54,0.55,106.22,15.72,0.01,0.45,0.46,15.72,106.22,0.01,0.545,0.455,0.128916,0.871084,69317.94
1775434527552,2026-04-06T00:15:27.552,btc-updown-15m-1775434500,1775435400,Down,100893488532948378195056263284213975654340604977648575704443574632138180628203,34075453531342936855819886999624556850557747171344755965581084782278498862840,0.51,0.53,17.21,184.54,0.02,0.47,0.49,184.54,17.21,0.02,0.52,0.48,0.914696,0.085304,69301.89
1775434528552,2026-04-06T00:15:28.552,btc-updown-15m-1775434500,1775435400,Down,100893488532948378195056263284213975654340604977648575704443574632138180628203,34075453531342936855819886999624556850557747171344755965581084782278498862840,0.51,0.52,142.33,203.89,0.01,0.48,0.49,203.89,142.33,0.01,0.515,0.485,0.588903,0.411097,69301.89
1775434529553,2026-04-06T00:15:29.553,btc-updown-15m-1775434500,1775435400,Down,100893488532948378195056263284213975654340604977648575704443574632138180628203,34075453531342936855819886999624556850557747171344755965581084782278498862840,0.51,0.52,119.31,203.89,0.01,0.48,0.49,203.89,119.31,0.01,0.515,0.485,0.630848,0.369152,69301.89
1775434530553,2026-04-06T00:15:30.553,btc-updown-15m-1775434500,1775435400,Down,100893488532948378195056263284213975654340604977648575704443574632138180628203,34075453531342936855819886999624556850557747171344755965581084782278498862840,0.51,0.52,186.6,134.84,0.01,0.48,0.49,134.84,186.6,0.01,0.515,0.485,0.419487,0.580513,69298.45
1775434531554,2026-04-06T00:15:31.554,btc-updown-15m-1775434500,1775435400,Down,100893488532948378195056263284213975654340604977648575704443574632138180628203,34075453531342936855819886999624556850557747171344755965581084782278498862840,0.51,0.52,156.6,403.84,0.01,0.48,0.49,403.84,156.6,0.01,0.515,0.485,0.720577,0.279423,69298.45
1775434532555,2026-04-06T00:15:32.555,btc-updown-15m-1775434500,1775435400,Down,100893488532948378195056263284213975654340604977648575704443574632138180628203,34075453531342936855819886999624556850557747171344755965581084782278498862840,0.51,0.52,33.14,1075.88,0.01,0.48,0.49,1075.88,33.14,0.01,0.515,0.485,0.970118,0.029882,69298.45
1775434533555,2026-04-06T00:15:33.555,btc-updown-15m-1775434500,1775435400,Down,100893488532948378195056263284213975654340604977648575704443574632138180628203,34075453531342936855819886999624556850557747171344755965581084782278498862840,0.51,0.53,106.21,1080.88,0.02,0.47,0.49,1080.88,106.21,0.02,0.52,0.48,0.910529,0.089471,69308.52
1775434534556,2026-04-06T00:15:34.556,btc-updown-15m-1775434500,1775435400,Down,100893488532948378195056263284213975654340604977648575704443574632138180628203,34075453531342936855819886999624556850557747171344755965581084782278498862840,0.52,0.53,139.89,224.68,0.01,0.47,0.48,224.68,139.89,0.01,0.525,0.475,0.616288,0.383712,69308.52
1775434535556,2026-04-06T00:15:35.556,btc-updown-15m-1775434500,1775435400,Down,100893488532948378195056263284213975654340604977648575704443574632138180628203,34075453531342936855819886999624556850557747171344755965581084782278498862840,0.52,0.53,29.01,1353.83,0.01,0.47,0.48,1353.83,29.01,0.01,0.525,0.475,0.979021,0.020979,69308.52
1775434536557,2026-04-06T00:15:36.557,btc-updown-15m-1775434500,1775435400,Down,100893488532948378195056263284213975654340604977648575704443574632138180628203,34075453531342936855819886999624556850557747171344755965581084782278498862840,0.54,0.55,57.94,166.26,0.01,0.45,0.46,166.26,57.94,0.01,0.545,0.455,0.74157,0.25843,69321.75
1775434537558,2026-04-06T00:15:37.558,btc-updown-15m-1775434500,1775435400,Down,100893488532948378195056263284213975654340604977648575704443574632138180628203,34075453531342936855819886999624556850557747171344755965581084782278498862840,0.54,0.55,80.22,339.38,0.01,0.45,0.46,339.38,80.22,0.01,0.545,0.455,0.808818,0.191182,69321.75
1775434538558,2026-04-06T00:15:38.558,btc-updown-15m-1775434500,1775435400,Down,100893488532948378195056263284213975654340604977648575704443574632138180628203,34075453531342936855819886999624556850557747171344755965581084782278498862840,0.56,0.57,45.99,271.97,0.01,0.43,0.44,271.97,45.99,0.01,0.565,0.435,0.855359,0.144641,69321.75
1775434539559,2026-04-06T00:15:39.559,btc-updown-15m-1775434500,1775435400,Down,100893488532948378195056263284213975654340604977648575704443574632138180628203,34075453531342936855819886999624556850557747171344755965581084782278498862840,0.56,0.57,104.11,117.18,0.01,0.43,0.44,117.18,104.11,0.01,0.565,0.435,0.529531,0.470469,69338.87
1775434540561,2026-04-06T00:15:40.561,btc-updown-15m-1775434500,1775435400,Down,100893488532948378195056263284213975654340604977648575704443574632138180628203,34075453531342936855819886999624556850557747171344755965581084782278498862840,0.56,0.57,90.96,122.18,0.01,0.43,0.44,122.18,90.96,0.01,0.565,0.435,0.573238,0.426762,69338.87
1775434541562,2026-04-06T00:15:41.562,btc-updown-15m-1775434500,1775435400,Down,100893488532948378195056263284213975654340604977648575704443574632138180628203,34075453531342936855819886999624556850557747171344755965581084782278498862840,0.57,0.58,395.5,9.1,0.01,0.42,0.43,9.1,395.5,0.01,0.575,0.425,0.022491,0.977509,69338.87
1775434542562,2026-04-06T00:15:42.562,btc-updown-15m-1775434500,1775435400,Down,100893488532948378195056263284213975654340604977648575704443574632138180628203,34075453531342936855819886999624556850557747171344755965581084782278498862840,0.57,0.58,247.41,11.77,0.01,0.42,0.43,11.77,247.41,0.01,0.575,0.425,0.045412,0.954588,69334.41
1775434543564,2026-04-06T00:15:43.564,btc-updown-15m-1775434500,1775435400,Down,100893488532948378195056263284213975654340604977648575704443574632138180628203,34075453531342936855819886999624556850557747171344755965581084782278498862840,0.57,0.58,247.41,11.77,0.01,0.42,0.43,11.77,247.41,0.01,0.575,0.425,0.045412,0.954588,69334.41
1775434544565,2026-04-06T00:15:44.565,btc-updown-15m-1775434500,1775435400,Down,100893488532948378195056263284213975654340604977648575704443574632138180628203,34075453531342936855819886999624556850557747171344755965581084782278498862840,0.57,0.59,98.0,3.59,0.02,0.41,0.43,3.59,98.0,0.02,0.58,0.42,0.035338,0.964662,69334.41
1775434545565,2026-04-06T00:15:45.565,btc-updown-15m-1775434500,1775435400,Down,100893488532948378195056263284213975654340604977648575704443574632138180628203,34075453531342936855819886999624556850557747171344755965581084782278498862840,0.57,0.58,62.98,1054.54,0.01,0.42,0.43,1054.54,62.98,0.01,0.575,0.425,0.943643,0.056357,69334.41
1775434546566,2026-04-06T00:15:46.566,btc-updown-15m-1775434500,1775435400,Down,100893488532948378195056263284213975654340604977648575704443574632138180628203,34075453531342936855819886999624556850557747171344755965581084782278498862840,0.57,0.58,85.37,1071.99,0.01,0.42,0.43,1071.99,85.37,0.01,0.575,0.425,0.926237,0.073763,69334.41
1775434547566,2026-04-06T00:15:47.566,btc-updown-15m-1775434500,1775435400,Down,100893488532948378195056263284213975654340604977648575704443574632138180628203,34075453531342936855819886999624556850557747171344755965581084782278498862840,0.57,0.58,129.37,29.66,0.01,0.42,0.43,29.66,129.37,0.01,0.575,0.425,0.186506,0.813494,69334.41
1775434548567,2026-04-06T00:15:48.567,btc-updown-15m-1775434500,1775435400,Down,100893488532948378195056263284213975654340604977648575704443574632138180628203,34075453531342936855819886999624556850557747171344755965581084782278498862840,0.57,0.58,63.24,200.0,0.01,0.42,0.43,200.0,63.24,0.01,0.575,0.425,0.759763,0.240237,69337.17
1775434549568,2026-04-06T00:15:49.568,btc-updown-15m-1775434500,1775435400,Down,100893488532948378195056263284213975654340604977648575704443574632138180628203,34075453531342936855819886999624556850557747171344755965581084782278498862840,0.57,0.58,70.24,1073.49,0.01,0.42,0.43,1073.49,70.24,0.01,0.575,0.425,0.938587,0.061413,69337.17
1775434550568,2026-04-06T00:15:50.568,btc-updown-15m-1775434500,1775435400,Down,100893488532948378195056263284213975654340604977648575704443574632138180628203,34075453531342936855819886999624556850557747171344755965581084782278498862840,0.57,0.58,214.92,45.12,0.01,0.42,0.43,45.12,214.92,0.01,0.575,0.425,0.173512,0.826488,69337.17
1775434551568,2026-04-06T00:15:51.568,btc-updown-15m-1775434500,1775435400,Down,100893488532948378195056263284213975654340604977648575704443574632138180628203,34075453531342936855819886999624556850557747171344755965581084782278498862840,0.56,0.57,78.14,978.0,0.01,0.43,0.44,978.0,78.14,0.01,0.565,0.435,0.926014,0.073986,69329.05
1775434552569,2026-04-06T00:15:52.569,btc-updown-15m-1775434500,1775435400,Down,100893488532948378195056263284213975654340604977648575704443574632138180628203,34075453531342936855819886999624556850557747171344755965581084782278498862840,0.55,0.56,29.82,1024.75,0.01,0.44,0.45,1024.75,29.82,0.01,0.555,0.445,0.971723,0.028277,69329.05
1775434553569,2026-04-06T00:15:53.569,btc-updown-15m-1775434500,1775435400,Down,100893488532948378195056263284213975654340604977648575704443574632138180628203,34075453531342936855819886999624556850557747171344755965581084782278498862840,0.55,0.58,84.19,1328.25,0.03,0.42,0.45,1328.25,84.19,0.03,0.565,0.435,0.940394,0.059606,69329.05
1775434554571,2026-04-06T00:15:54.571,btc-updown-15m-1775434500,1775435400,Down,100893488532948378195056263284213975654340604977648575704443574632138180628203,34075453531342936855819886999624556850557747171344755965581084782278498862840,0.57,0.58,86.39,1081.67,0.01,0.42,0.43,1081.67,86.39,0.01,0.575,0.425,0.92604,0.07396,69341.03
1775434555571,2026-04-06T00:15:55.571,btc-updown-15m-1775434500,1775435400,Down,100893488532948378195056263284213975654340604977648575704443574632138180628203,34075453531342936855819886999624556850557747171344755965581084782278498862840,0.57,0.58,205.2,879.71,0.01,0.42,0.43,879.71,205.2,0.01,0.575,0.425,0.81086,0.18914,69341.03
1775434556572,2026-04-06T00:15:56.572,btc-updown-15m-1775434500,1775435400,Down,100893488532948378195056263284213975654340604977648575704443574632138180628203,34075453531342936855819886999624556850557747171344755965581084782278498862840,0.57,0.58,171.42,1034.71,0.01,0.42,0.43,1034.71,171.42,0.01,0.575,0.425,0.857876,0.142124,69341.03
1775434557573,2026-04-06T00:15:57.573,btc-updown-15m-1775434500,1775435400,Down,100893488532948378195056263284213975654340604977648575704443574632138180628203,34075453531342936855819886999624556850557747171344755965581084782278498862840,0.57,0.58,187.83,839.34,0.01,0.42,0.43,839.34,187.83,0.01,0.575,0.425,0.817138,0.182862,69338.0
1775434558574,2026-04-06T00:15:58.574,btc-updown-15m-1775434500,1775435400,Down,100893488532948378195056263284213975654340604977648575704443574632138180628203,34075453531342936855819886999624556850557747171344755965581084782278498862840,0.57,0.58,185.24,844.34,0.01,0.42,0.43,844.34,185.24,0.01,0.575,0.425,0.820082,0.179918,69338.0
1775434559575,2026-04-06T00:15:59.575,btc-updown-15m-1775434500,1775435400,Down,100893488532948378195056263284213975654340604977648575704443574632138180628203,34075453531342936855819886999624556850557747171344755965581084782278498862840,0.57,0.58,97.36,1112.65,0.01,0.42,0.43,1112.65,97.36,0.01,0.575,0.425,0.919538,0.080462,69338.0
1775434560575,2026-04-06T00:16:00.575,btc-updown-15m-1775434500,1775435400,Down,100893488532948378195056263284213975654340604977648575704443574632138180628203,34075453531342936855819886999624556850557747171344755965581084782278498862840,0.57,0.58,91.73,1193.28,0.01,0.42,0.43,1193.28,91.73,0.01,0.575,0.425,0.928615,0.071385,69338.07
1775434561576,2026-04-06T00:16:01.576,btc-updown-15m-1775434500,1775435400,Down,100893488532948378195056263284213975654340604977648575704443574632138180628203,34075453531342936855819886999624556850557747171344755965581084782278498862840,0.57,0.58,67.28,1198.22,0.01,0.42,0.43,1198.22,67.28,0.01,0.575,0.425,0.946835,0.053165,69338.07
1775434562576,2026-04-06T00:16:02.576,btc-updown-15m-1775434500,1775435400,Down,100893488532948378195056263284213975654340604977648575704443574632138180628203,34075453531342936855819886999624556850557747171344755965581084782278498862840,0.58,0.59,19.51,1031.38,0.01,0.41,0.42,1031.38,19.51,0.01,0.585,0.415,0.981435,0.018565,69338.07
1775434563577,2026-04-06T00:16:03.577,btc-updown-15m-1775434500,1775435400,Down,100893488532948378195056263284213975654340604977648575704443574632138180628203,34075453531342936855819886999624556850557747171344755965581084782278498862840,0.55,0.56,30.0,1233.97,0.01,0.44,0.45,1233.97,30.0,0.01,0.555,0.445,0.976265,0.023735,69329.07
1775434564578,2026-04-06T00:16:04.578,btc-updown-15m-1775434500,1775435400,Down,100893488532948378195056263284213975654340604977648575704443574632138180628203,34075453531342936855819886999624556850557747171344755965581084782278498862840,0.55,0.56,18.74,1028.97,0.01,0.44,0.45,1028.97,18.74,0.01,0.555,0.445,0.982113,0.017887,69329.07
1775434565579,2026-04-06T00:16:05.579,btc-updown-15m-1775434500,1775435400,Down,100893488532948378195056263284213975654340604977648575704443574632138180628203,34075453531342936855819886999624556850557747171344755965581084782278498862840,0.56,0.57,69.31,994.31,0.01,0.43,0.44,994.31,69.31,0.01,0.565,0.435,0.934836,0.065164,69329.07
1775434566579,2026-04-06T00:16:06.579,btc-updown-15m-1775434500,1775435400,Down,100893488532948378195056263284213975654340604977648575704443574632138180628203,34075453531342936855819886999624556850557747171344755965581084782278498862840,0.56,0.57,109.31,149.45,0.01,0.43,0.44,149.45,109.31,0.01,0.565,0.435,0.577562,0.422438,69328.0
1775434567582,2026-04-06T00:16:07.582,btc-updown-15m-1775434500,1775435400,Down,100893488532948378195056263284213975654340604977648575704443574632138180628203,34075453531342936855819886999624556850557747171344755965581084782278498862840,0.56,0.57,159.57,159.45,0.01,0.43,0.44,159.45,159.57,0.01,0.565,0.435,0.499812,0.500188,69328.0
1775434568582,2026-04-06T00:16:08.582,btc-updown-15m-1775434500,1775435400,Down,100893488532948378195056263284213975654340604977648575704443574632138180628203,34075453531342936855819886999624556850557747171344755965581084782278498862840,0.56,0.57,363.67,123.0,0.01,0.43,0.44,123.0,363.67,0.01,0.565,0.435,0.252738,0.747262,69328.0
1775434569582,2026-04-06T00:16:09.582,btc-updown-15m-1775434500,1775435400,Down,100893488532948378195056263284213975654340604977648575704443574632138180628203,34075453531342936855819886999624556850557747171344755965581084782278498862840,0.54,0.55,164.81,829.54,0.01,0.45,0.46,829.54,164.81,0.01,0.545,0.455,0.834254,0.165746,69312.26
1775434570583,2026-04-06T00:16:10.583,btc-updown-15m-1775434500,1775435400,Down,100893488532948378195056263284213975654340604977648575704443574632138180628203,34075453531342936855819886999624556850557747171344755965581084782278498862840,0.54,0.55,179.54,829.54,0.01,0.45,0.46,829.54,179.54,0.01,0.545,0.455,0.822076,0.177924,69312.26
1775434571584,2026-04-06T00:16:11.584,btc-updown-15m-1775434500,1775435400,Down,100893488532948378195056263284213975654340604977648575704443574632138180628203,34075453531342936855819886999624556850557747171344755965581084782278498862840,0.54,0.55,56.98,874.54,0.01,0.45,0.46,874.54,56.98,0.01,0.545,0.455,0.938831,0.061169,69312.26
1775434572586,2026-04-06T00:16:12.586,btc-updown-15m-1775434500,1775435400,Down,100893488532948378195056263284213975654340604977648575704443574632138180628203,34075453531342936855819886999624556850557747171344755965581084782278498862840,0.54,0.56,107.0,1174.21,0.02,0.44,0.46,1174.21,107.0,0.02,0.55,0.45,0.916485,0.083515,69312.27
1775434573587,2026-04-06T00:16:13.587,btc-updown-15m-1775434500,1775435400,Down,100893488532948378195056263284213975654340604977648575704443574632138180628203,34075453531342936855819886999624556850557747171344755965581084782278498862840,0.54,0.56,107.0,1174.21,0.02,0.44,0.46,1174.21,107.0,0.02,0.55,0.45,0.916485,0.083515,69312.27
1775434574587,2026-04-06T00:16:14.587,btc-updown-15m-1775434500,1775435400,Down,100893488532948378195056263284213975654340604977648575704443574632138180628203,34075453531342936855819886999624556850557747171344755965581084782278498862840,0.55,0.56,212.57,43.4,0.01,0.44,0.45,43.4,212.57,0.01,0.555,0.445,0.169551,0.830449,69312.27
1775434575588,2026-04-06T00:16:15.588,btc-updown-15m-1775434500,1775435400,Down,100893488532948378195056263284213975654340604977648575704443574632138180628203,34075453531342936855819886999624556850557747171344755965581084782278498862840,0.56,0.57,120.21,1066.0,0.01,0.43,0.44,1066.0,120.21,0.01,0.565,0.435,0.89866,0.10134,69324.58
1775434576589,2026-04-06T00:16:16.589,btc-updown-15m-1775434500,1775435400,Down,100893488532948378195056263284213975654340604977648575704443574632138180628203,34075453531342936855819886999624556850557747171344755965581084782278498862840,0.56,0.57,120.21,1066.0,0.01,0.43,0.44,1066.0,120.21,0.01,0.565,0.435,0.89866,0.10134,69324.58
1775434577590,2026-04-06T00:16:17.590,btc-updown-15m-1775434500,1775435400,Down,100893488532948378195056263284213975654340604977648575704443574632138180628203,34075453531342936855819886999624556850557747171344755965581084782278498862840,0.59,0.6,215.85,886.24,0.01,0.4,0.41,886.24,215.85,0.01,0.595,0.405,0.804145,0.195855,69324.58
1775434578590,2026-04-06T00:16:18.590,btc-updown-15m-1775434500,1775435400,Down,100893488532948378195056263284213975654340604977648575704443574632138180628203,34075453531342936855819886999624556850557747171344755965581084782278498862840,0.59,0.6,244.18,906.24,0.01,0.4,0.41,906.24,244.18,0.01,0.595,0.405,0.787747,0.212253,69337.8
1775434579591,2026-04-06T00:16:19.591,btc-updown-15m-1775434500,1775435400,Down,100893488532948378195056263284213975654340604977648575704443574632138180628203,34075453531342936855819886999624556850557747171344755965581084782278498862840,0.59,0.6,450.84,96.93,0.01,0.4,0.41,96.93,450.84,0.01,0.595,0.405,0.176954,0.823046,69337.8
1775434580591,2026-04-06T00:16:20.591,btc-updown-15m-1775434500,1775435400,Down,100893488532948378195056263284213975654340604977648575704443574632138180628203,34075453531342936855819886999624556850557747171344755965581084782278498862840,0.59,0.6,218.53,1031.33,0.01,0.4,0.41,1031.33,218.53,0.01,0.595,0.405,0.825156,0.174844,69337.8
1775434581592,2026-04-06T00:16:21.592,btc-updown-15m-1775434500,1775435400,Down,100893488532948378195056263284213975654340604977648575704443574632138180628203,34075453531342936855819886999624556850557747171344755965581084782278498862840,0.59,0.6,218.53,1031.33,0.01,0.4,0.41,1031.33,218.53,0.01,0.595,0.405,0.825156,0.174844,69333.32
1775434582593,2026-04-06T00:16:22.593,btc-updown-15m-1775434500,1775435400,Down,100893488532948378195056263284213975654340604977648575704443574632138180628203,34075453531342936855819886999624556850557747171344755965581084782278498862840,0.58,0.59,221.14,10.14,0.01,0.41,0.42,10.14,221.14,0.01,0.585,0.415,0.043843,0.956157,69333.32
1775434583593,2026-04-06T00:16:23.593,btc-updown-15m-1775434500,1775435400,Down,100893488532948378195056263284213975654340604977648575704443574632138180628203,34075453531342936855819886999624556850557747171344755965581084782278498862840,0.58,0.59,156.81,10.14,0.01,0.41,0.42,10.14,156.81,0.01,0.585,0.415,0.060737,0.939263,69333.32
1775434584594,2026-04-06T00:16:24.594,btc-updown-15m-1775434500,1775435400,Down,100893488532948378195056263284213975654340604977648575704443574632138180628203,34075453531342936855819886999624556850557747171344755965581084782278498862840,0.53,0.55,158.0,799.38,0.02,0.45,0.47,799.38,158.0,0.02,0.54,0.46,0.834966,0.165034,69298.0
1775434585594,2026-04-06T00:16:25.594,btc-updown-15m-1775434500,1775435400,Down,100893488532948378195056263284213975654340604977648575704443574632138180628203,34075453531342936855819886999624556850557747171344755965581084782278498862840,0.52,0.54,186.58,1057.64,0.02,0.46,0.48,1057.64,186.58,0.02,0.53,0.47,0.850043,0.149957,69298.0
1775434586595,2026-04-06T00:16:26.595,btc-updown-15m-1775434500,1775435400,Down,100893488532948378195056263284213975654340604977648575704443574632138180628203,34075453531342936855819886999624556850557747171344755965581084782278498862840,0.53,0.54,196.58,0.53,0.01,0.46,0.47,0.53,196.58,0.01,0.535,0.465,0.002689,0.997311,69298.0
1775434587596,2026-04-06T00:16:27.596,btc-updown-15m-1775434500,1775435400,Down,100893488532948378195056263284213975654340604977648575704443574632138180628203,34075453531342936855819886999624556850557747171344755965581084782278498862840,0.53,0.54,174.35,2.36,0.01,0.46,0.47,2.36,174.35,0.01,0.535,0.465,0.013355,0.986645,69298.01
1775434588597,2026-04-06T00:16:28.597,btc-updown-15m-1775434500,1775435400,Down,100893488532948378195056263284213975654340604977648575704443574632138180628203,34075453531342936855819886999624556850557747171344755965581084782278498862840,0.53,0.54,49.78,1076.66,0.01,0.46,0.47,1076.66,49.78,0.01,0.535,0.465,0.955808,0.044192,69298.01
1775434589598,2026-04-06T00:16:29.598,btc-updown-15m-1775434500,1775435400,Down,100893488532948378195056263284213975654340604977648575704443574632138180628203,34075453531342936855819886999624556850557747171344755965581084782278498862840,0.53,0.54,43.79,1148.66,0.01,0.46,0.47,1148.66,43.79,0.01,0.535,0.465,0.963277,0.036723,69298.01
1775434590599,2026-04-06T00:16:30.599,btc-updown-15m-1775434500,1775435400,Down,100893488532948378195056263284213975654340604977648575704443574632138180628203,34075453531342936855819886999624556850557747171344755965581084782278498862840,0.53,0.55,120.2,896.66,0.02,0.45,0.47,896.66,120.2,0.02,0.54,0.46,0.881793,0.118207,69298.01
1775434591599,2026-04-06T00:16:31.599,btc-updown-15m-1775434500,1775435400,Down,100893488532948378195056263284213975654340604977648575704443574632138180628203,34075453531342936855819886999624556850557747171344755965581084782278498862840,0.53,0.55,120.2,896.66,0.02,0.45,0.47,896.66,120.2,0.02,0.54,0.46,0.881793,0.118207,69298.01
1775434592600,2026-04-06T00:16:32.600,btc-updown-15m-1775434500,1775435400,Down,100893488532948378195056263284213975654340604977648575704443574632138180628203,34075453531342936855819886999624556850557747171344755965581084782278498862840,0.53,0.54,75.14,826.88,0.01,0.46,0.47,826.88,75.14,0.01,0.535,0.465,0.916698,0.083302,69298.01
1775434593601,2026-04-06T00:16:33.601,btc-updown-15m-1775434500,1775435400,Down,100893488532948378195056263284213975654340604977648575704443574632138180628203,34075453531342936855819886999624556850557747171344755965581084782278498862840,0.53,0.54,90.93,811.88,0.01,0.46,0.47,811.88,90.93,0.01,0.535,0.465,0.899281,0.100719,69298.01
1775434594602,2026-04-06T00:16:34.602,btc-updown-15m-1775434500,1775435400,Down,100893488532948378195056263284213975654340604977648575704443574632138180628203,34075453531342936855819886999624556850557747171344755965581084782278498862840,0.53,0.54,90.93,811.88,0.01,0.46,0.47,811.88,90.93,0.01,0.535,0.465,0.899281,0.100719,69298.01
1775434595604,2026-04-06T00:16:35.604,btc-updown-15m-1775434500,1775435400,Down,100893488532948378195056263284213975654340604977648575704443574632138180628203,34075453531342936855819886999624556850557747171344755965581084782278498862840,0.53,0.54,60.85,839.21,0.01,0.46,0.47,839.21,60.85,0.01,0.535,0.465,0.932393,0.067607,69298.01
1775434596605,2026-04-06T00:16:36.605,btc-updown-15m-1775434500,1775435400,Down,100893488532948378195056263284213975654340604977648575704443574632138180628203,34075453531342936855819886999624556850557747171344755965581084782278498862840,0.53,0.54,69.9,854.21,0.01,0.46,0.47,839.21,58.07,0.01,0.535,0.465,0.92436,0.064718,69292.3
1775434597606,2026-04-06T00:16:37.606,btc-updown-15m-1775434500,1775435400,Down,100893488532948378195056263284213975654340604977648575704443574632138180628203,34075453531342936855819886999624556850557747171344755965581084782278498862840,0.52,0.53,517.0,10.0,0.01,0.47,0.48,10.0,517.0,0.01,0.525,0.475,0.018975,0.981025,69292.3
1775434598606,2026-04-06T00:16:38.606,btc-updown-15m-1775434500,1775435400,Down,100893488532948378195056263284213975654340604977648575704443574632138180628203,34075453531342936855819886999624556850557747171344755965581084782278498862840,0.54,0.55,329.7,317.0,0.01,0.45,0.46,317.0,329.7,0.01,0.545,0.455,0.490181,0.509819,69292.3
1775434599608,2026-04-06T00:16:39.608,btc-updown-15m-1775434500,1775435400,Down,100893488532948378195056263284213975654340604977648575704443574632138180628203,34075453531342936855819886999624556850557747171344755965581084782278498862840,0.54,0.57,1041.28,337.0,0.03,0.43,0.46,337.0,1041.28,0.03,0.555,0.445,0.244508,0.755492,69293.75
1775434600610,2026-04-06T00:16:40.610,btc-updown-15m-1775434500,1775435400,Down,100893488532948378195056263284213975654340604977648575704443574632138180628203,34075453531342936855819886999624556850557747171344755965581084782278498862840,0.54,0.55,31.54,356.0,0.01,0.45,0.46,356.0,31.54,0.01,0.545,0.455,0.918615,0.081385,69293.75
1775434601611,2026-04-06T00:16:41.611,btc-updown-15m-1775434500,1775435400,Down,100893488532948378195056263284213975654340604977648575704443574632138180628203,34075453531342936855819886999624556850557747171344755965581084782278498862840,0.54,0.55,36.54,360.86,0.01,0.45,0.46,360.86,36.54,0.01,0.545,0.455,0.908052,0.091948,69293.75
1775434602612,2026-04-06T00:16:42.612,btc-updown-15m-1775434500,1775435400,Down,100893488532948378195056263284213975654340604977648575704443574632138180628203,34075453531342936855819886999624556850557747171344755965581084782278498862840,0.54,0.55,27.0,669.81,0.01,0.45,0.46,669.81,27.0,0.01,0.545,0.455,0.961252,0.038748,69297.43
1775434603612,2026-04-06T00:16:43.612,btc-updown-15m-1775434500,1775435400,Down,100893488532948378195056263284213975654340604977648575704443574632138180628203,34075453531342936855819886999624556850557747171344755965581084782278498862840,0.54,0.55,22.69,412.81,0.01,0.45,0.46,412.81,22.69,0.01,0.545,0.455,0.947899,0.052101,69297.43
1775434604613,2026-04-06T00:16:44.613,btc-updown-15m-1775434500,1775435400,Down,100893488532948378195056263284213975654340604977648575704443574632138180628203,34075453531342936855819886999624556850557747171344755965581084782278498862840,0.54,0.55,22.69,410.63,0.01,0.45,0.46,410.63,22.69,0.01,0.545,0.455,0.947637,0.052363,69297.43
1775434605614,2026-04-06T00:16:45.614,btc-updown-15m-1775434500,1775435400,Down,100893488532948378195056263284213975654340604977648575704443574632138180628203,34075453531342936855819886999624556850557747171344755965581084782278498862840,0.54,0.55,27.69,246.63,0.01,0.45,0.46,246.63,27.69,0.01,0.545,0.455,0.899059,0.100941,69297.42
1775434606615,2026-04-06T00:16:46.615,btc-updown-15m-1775434500,1775435400,Down,100893488532948378195056263284213975654340604977648575704443574632138180628203,34075453531342936855819886999624556850557747171344755965581084782278498862840,0.54,0.55,87.69,5.59,0.01,0.45,0.46,5.59,87.69,0.01,0.545,0.455,0.059927,0.940073,69297.42
1775434607615,2026-04-06T00:16:47.615,btc-updown-15m-1775434500,1775435400,Down,100893488532948378195056263284213975654340604977648575704443574632138180628203,34075453531342936855819886999624556850557747171344755965581084782278498862840,0.5,0.52,142.0,300.5,0.02,0.48,0.5,300.5,142.0,0.02,0.51,0.49,0.679096,0.320904,69297.42
1775434608616,2026-04-06T00:16:48.616,btc-updown-15m-1775434500,1775435400,Down,100893488532948378195056263284213975654340604977648575704443574632138180628203,34075453531342936855819886999624556850557747171344755965581084782278498862840,0.5,0.51,35.0,315.2,0.01,0.49,0.5,315.2,35.0,0.01,0.505,0.495,0.900057,0.099943,69280.54
1775434609616,2026-04-06T00:16:49.616,btc-updown-15m-1775434500,1775435400,Down,100893488532948378195056263284213975654340604977648575704443574632138180628203,34075453531342936855819886999624556850557747171344755965581084782278498862840,0.5,0.51,35.0,315.2,0.01,0.49,0.5,315.2,35.0,0.01,0.505,0.495,0.900057,0.099943,69280.54
1775434610617,2026-04-06T00:16:50.617,btc-updown-15m-1775434500,1775435400,Down,100893488532948378195056263284213975654340604977648575704443574632138180628203,34075453531342936855819886999624556850557747171344755965581084782278498862840,0.5,0.51,11.45,366.2,0.01,0.49,0.5,366.2,11.45,0.01,0.505,0.495,0.969681,0.030319,69280.54
1775434611618,2026-04-06T00:16:51.618,btc-updown-15m-1775434500,1775435400,Down,100893488532948378195056263284213975654340604977648575704443574632138180628203,34075453531342936855819886999624556850557747171344755965581084782278498862840,0.5,0.51,11.45,95.2,0.01,0.49,0.5,95.2,11.45,0.01,0.505,0.495,0.892639,0.107361,69278.29
1775434612619,2026-04-06T00:16:52.619,btc-updown-15m-1775434500,1775435400,Down,100893488532948378195056263284213975654340604977648575704443574632138180628203,34075453531342936855819886999624556850557747171344755965581084782278498862840,0.5,0.51,48.45,62.76,0.01,0.49,0.5,62.76,48.45,0.01,0.505,0.495,0.564338,0.435662,69278.29
1775434613619,2026-04-06T00:16:53.619,btc-updown-15m-1775434500,1775435400,Down,100893488532948378195056263284213975654340604977648575704443574632138180628203,34075453531342936855819886999624556850557747171344755965581084782278498862840,0.52,0.54,26.7,5.0,0.02,0.46,0.48,5.0,26.7,0.02,0.53,0.47,0.157729,0.842271,69278.29
1775434614619,2026-04-06T00:16:54.619,btc-updown-15m-1775434500,1775435400,Down,100893488532948378195056263284213975654340604977648575704443574632138180628203,34075453531342936855819886999624556850557747171344755965581084782278498862840,0.53,0.54,1390.84,17.9,0.01,0.46,0.47,17.9,1390.84,0.01,0.535,0.465,0.012706,0.987294,69278.0
1775434615620,2026-04-06T00:16:55.620,btc-updown-15m-1775434500,1775435400,Down,100893488532948378195056263284213975654340604977648575704443574632138180628203,34075453531342936855819886999624556850557747171344755965581084782278498862840,0.53,0.54,1375.27,17.9,0.01,0.46,0.47,17.9,1375.27,0.01,0.535,0.465,0.012848,0.987152,69278.0
1775434616620,2026-04-06T00:16:56.620,btc-updown-15m-1775434500,1775435400,Down,100893488532948378195056263284213975654340604977648575704443574632138180628203,34075453531342936855819886999624556850557747171344755965581084782278498862840,0.5,0.53,15.34,195.76,0.03,0.47,0.5,195.76,15.34,0.03,0.515,0.485,0.927333,0.072667,69278.0
1775434617620,2026-04-06T00:16:57.620,btc-updown-15m-1775434500,1775435400,Down,100893488532948378195056263284213975654340604977648575704443574632138180628203,34075453531342936855819886999624556850557747171344755965581084782278498862840,0.5,0.51,144.4,205.92,0.01,0.49,0.5,205.92,144.4,0.01,0.505,0.495,0.587805,0.412195,69273.11
1775434618621,2026-04-06T00:16:58.621,btc-updown-15m-1775434500,1775435400,Down,100893488532948378195056263284213975654340604977648575704443574632138180628203,34075453531342936855819886999624556850557747171344755965581084782278498862840,0.49,0.51,173.07,107.11,0.02,0.49,0.51,107.11,173.07,0.02,0.5,0.5,0.38229,0.61771,69273.11
1775434619622,2026-04-06T00:16:59.622,btc-updown-15m-1775434500,1775435400,Down,100893488532948378195056263284213975654340604977648575704443574632138180628203,34075453531342936855819886999624556850557747171344755965581084782278498862840,0.49,0.5,1.17,1273.5,0.01,0.5,0.51,1273.5,1.17,0.01,0.495,0.505,0.999082,0.000918,69273.11
1775434620622,2026-04-06T00:17:00.622,btc-updown-15m-1775434500,1775435400,Down,100893488532948378195056263284213975654340604977648575704443574632138180628203,34075453531342936855819886999624556850557747171344755965581084782278498862840,0.51,0.52,20.0,1216.9,0.01,0.48,0.49,1216.9,20.0,0.01,0.515,0.485,0.983831,0.016169,69280.52
1775434621624,2026-04-06T00:17:01.624,btc-updown-15m-1775434500,1775435400,Down,100893488532948378195056263284213975654340604977648575704443574632138180628203,34075453531342936855819886999624556850557747171344755965581084782278498862840,0.52,0.53,7.0,68.0,0.01,0.47,0.48,68.0,7.0,0.01,0.525,0.475,0.906667,0.093333,69280.52
1775434622625,2026-04-06T00:17:02.625,btc-updown-15m-1775434500,1775435400,Down,100893488532948378195056263284213975654340604977648575704443574632138180628203,34075453531342936855819886999624556850557747171344755965581084782278498862840,0.52,0.53,110.4,27.0,0.01,0.47,0.48,27.0,110.4,0.01,0.525,0.475,0.196507,0.803493,69280.52
1775434623625,2026-04-06T00:17:03.625,btc-updown-15m-1775434500,1775435400,Down,100893488532948378195056263284213975654340604977648575704443574632138180628203,34075453531342936855819886999624556850557747171344755965581084782278498862840,0.52,0.53,110.4,27.0,0.01,0.47,0.48,27.0,110.4,0.01,0.525,0.475,0.196507,0.803493,69276.66
1775434624626,2026-04-06T00:17:04.626,btc-updown-15m-1775434500,1775435400,Down,100893488532948378195056263284213975654340604977648575704443574632138180628203,34075453531342936855819886999624556850557747171344755965581084782278498862840,0.5,0.51,165.3,248.83,0.01,0.49,0.5,248.83,165.3,0.01,0.505,0.495,0.60085,0.39915,69276.66
1775434625628,2026-04-06T00:17:05.628,btc-updown-15m-1775434500,1775435400,Down,100893488532948378195056263284213975654340604977648575704443574632138180628203,34075453531342936855819886999624556850557747171344755965581084782278498862840,0.5,0.51,15.0,1152.33,0.01,0.49,0.5,1152.33,15.0,0.01,0.505,0.495,0.98715,0.01285,69276.66
1775434626628,2026-04-06T00:17:06.628,btc-updown-15m-1775434500,1775435400,Down,100893488532948378195056263284213975654340604977648575704443574632138180628203,34075453531342936855819886999624556850557747171344755965581084782278498862840,0.51,0.52,5.0,1126.45,0.01,0.48,0.49,1126.45,5.0,0.01,0.515,0.485,0.995581,0.004419,69280.54
1775434627629,2026-04-06T00:17:07.629,btc-updown-15m-1775434500,1775435400,Down,100893488532948378195056263284213975654340604977648575704443574632138180628203,34075453531342936855819886999624556850557747171344755965581084782278498862840,0.51,0.53,160.4,80.5,0.02,0.47,0.49,80.5,160.4,0.02,0.52,0.48,0.334164,0.665836,69280.54
1775434628630,2026-04-06T00:17:08.630,btc-updown-15m-1775434500,1775435400,Down,100893488532948378195056263284213975654340604977648575704443574632138180628203,34075453531342936855819886999624556850557747171344755965581084782278498862840,0.51,0.52,48.53,33.0,0.01,0.48,0.49,33.0,48.53,0.01,0.515,0.485,0.404759,0.595241,69280.54
1775434629630,2026-04-06T00:17:09.630,btc-updown-15m-1775434500,1775435400,Down,100893488532948378195056263284213975654340604977648575704443574632138180628203,34075453531342936855819886999624556850557747171344755965581084782278498862840,0.51,0.52,61.53,132.88,0.01,0.48,0.49,132.88,61.53,0.01,0.515,0.485,0.683504,0.316496,69280.54
1775434630632,2026-04-06T00:17:10.632,btc-updown-15m-1775434500,1775435400,Down,100893488532948378195056263284213975654340604977648575704443574632138180628203,34075453531342936855819886999624556850557747171344755965581084782278498862840,0.51,0.52,47.58,1117.88,0.01,0.48,0.49,1117.88,47.58,0.01,0.515,0.485,0.959175,0.040825,69280.54
1775434631632,2026-04-06T00:17:11.632,btc-updown-15m-1775434500,1775435400,Down,100893488532948378195056263284213975654340604977648575704443574632138180628203,34075453531342936855819886999624556850557747171344755965581084782278498862840,0.5,0.51,88.87,107.5,0.01,0.49,0.5,107.5,88.87,0.01,0.505,0.495,0.547436,0.452564,69280.54
1775434632633,2026-04-06T00:17:12.633,btc-updown-15m-1775434500,1775435400,Down,100893488532948378195056263284213975654340604977648575704443574632138180628203,34075453531342936855819886999624556850557747171344755965581084782278498862840,0.5,0.51,25.06,364.29,0.01,0.49,0.5,364.29,25.06,0.01,0.505,0.495,0.935636,0.064364,69271.72
1775434633634,2026-04-06T00:17:13.634,btc-updown-15m-1775434500,1775435400,Down,100893488532948378195056263284213975654340604977648575704443574632138180628203,34075453531342936855819886999624556850557747171344755965581084782278498862840,0.5,0.51,25.06,364.29,0.01,0.49,0.5,364.29,25.06,0.01,0.505,0.495,0.935636,0.064364,69271.72
1775434634635,2026-04-06T00:17:14.635,btc-updown-15m-1775434500,1775435400,Down,100893488532948378195056263284213975654340604977648575704443574632138180628203,34075453531342936855819886999624556850557747171344755965581084782278498862840,0.5,0.51,28.09,1144.29,0.01,0.49,0.5,1144.29,28.09,0.01,0.505,0.495,0.97604,0.02396,69271.72
1775434635635,2026-04-06T00:17:15.635,btc-updown-15m-1775434500,1775435400,Down,100893488532948378195056263284213975654340604977648575704443574632138180628203,34075453531342936855819886999624556850557747171344755965581084782278498862840,0.5,0.51,18.59,1150.29,0.01,0.49,0.5,1150.29,18.59,0.01,0.505,0.495,0.984096,0.015904,69271.72
1775434636636,2026-04-06T00:17:16.636,btc-updown-15m-1775434500,1775435400,Down,100893488532948378195056263284213975654340604977648575704443574632138180628203,34075453531342936855819886999624556850557747171344755965581084782278498862840,0.5,0.51,358.02,3.99,0.01,0.49,0.5,3.99,358.02,0.01,0.505,0.495,0.011022,0.988978,69271.72
1775434637637,2026-04-06T00:17:17.637,btc-updown-15m-1775434500,1775435400,Down,100893488532948378195056263284213975654340604977648575704443574632138180628203,34075453531342936855819886999624556850557747171344755965581084782278498862840,0.49,0.5,8.01,130.5,0.01,0.5,0.51,130.5,8.01,0.01,0.495,0.505,0.94217,0.05783,69271.72
1775434638638,2026-04-06T00:17:18.638,btc-updown-15m-1775434500,1775435400,Down,100893488532948378195056263284213975654340604977648575704443574632138180628203,34075453531342936855819886999624556850557747171344755965581084782278498862840,0.49,0.5,104.02,158.5,0.01,0.5,0.51,120.5,39.01,0.01,0.495,0.505,0.603764,0.244561,69271.72
1775434639639,2026-04-06T00:17:19.639,btc-updown-15m-1775434500,1775435400,Down,100893488532948378195056263284213975654340604977648575704443574632138180628203,34075453531342936855819886999624556850557747171344755965581084782278498862840,0.49,0.5,104.02,158.5,0.01,0.5,0.51,158.5,104.02,0.01,0.495,0.505,0.603764,0.396236,69271.72
1775434640639,2026-04-06T00:17:20.639,btc-updown-15m-1775434500,1775435400,Down,100893488532948378195056263284213975654340604977648575704443574632138180628203,34075453531342936855819886999624556850557747171344755965581084782278498862840,0.48,0.5,214.4,83.33,0.02,0.5,0.52,83.33,214.4,0.02,0.49,0.51,0.279884,0.720116,69271.72
1775434641640,2026-04-06T00:17:21.640,btc-updown-15m-1775434500,1775435400,Down,100893488532948378195056263284213975654340604977648575704443574632138180628203,34075453531342936855819886999624556850557747171344755965581084782278498862840,0.47,0.48,166.81,30.49,0.01,0.52,0.53,30.49,166.81,0.01,0.475,0.525,0.154536,0.845464,69256.99
1775434642642,2026-04-06T00:17:22.642,btc-updown-15m-1775434500,1775435400,Down,100893488532948378195056263284213975654340604977648575704443574632138180628203,34075453531342936855819886999624556850557747171344755965581084782278498862840,0.47,0.48,6.87,1093.72,0.01,0.52,0.53,1093.72,6.87,0.01,0.475,0.525,0.993758,0.006242,69256.99
1775434643642,2026-04-06T00:17:23.642,btc-updown-15m-1775434500,1775435400,Down,100893488532948378195056263284213975654340604977648575704443574632138180628203,34075453531342936855819886999624556850557747171344755965581084782278498862840,0.47,0.48,53.16,84.5,0.01,0.52,0.53,84.5,53.16,0.01,0.475,0.525,0.613831,0.386169,69256.99
1775434644643,2026-04-06T00:17:24.643,btc-updown-15m-1775434500,1775435400,Down,100893488532948378195056263284213975654340604977648575704443574632138180628203,34075453531342936855819886999624556850557747171344755965581084782278498862840,0.47,0.48,10.07,1109.5,0.01,0.52,0.53,1109.5,10.07,0.01,0.475,0.525,0.991005,0.008995,69257.85
1775434645644,2026-04-06T00:17:25.644,btc-updown-15m-1775434500,1775435400,Down,100893488532948378195056263284213975654340604977648575704443574632138180628203,34075453531342936855819886999624556850557747171344755965581084782278498862840,0.47,0.48,4.96,1069.5,0.01,0.52,0.53,1069.5,4.96,0.01,0.475,0.525,0.995384,0.004616,69257.85
1775434646645,2026-04-06T00:17:26.645,btc-updown-15m-1775434500,1775435400,Down,100893488532948378195056263284213975654340604977648575704443574632138180628203,34075453531342936855819886999624556850557747171344755965581084782278498862840,0.47,0.48,50.37,254.5,0.01,0.52,0.53,254.5,50.37,0.01,0.475,0.525,0.834782,0.165218,69257.85
1775434647646,2026-04-06T00:17:27.646,btc-updown-15m-1775434500,1775435400,Down,100893488532948378195056263284213975654340604977648575704443574632138180628203,34075453531342936855819886999624556850557747171344755965581084782278498862840,0.47,0.48,50.37,254.5,0.01,0.52,0.53,254.5,50.37,0.01,0.475,0.525,0.834782,0.165218,69256.98
1775434648648,2026-04-06T00:17:28.648,btc-updown-15m-1775434500,1775435400,Down,100893488532948378195056263284213975654340604977648575704443574632138180628203,34075453531342936855819886999624556850557747171344755965581084782278498862840,0.47,0.48,32.65,1074.5,0.01,0.52,0.53,1074.5,32.65,0.01,0.475,0.525,0.97051,0.02949,69256.98
1775434649649,2026-04-06T00:17:29.649,btc-updown-15m-1775434500,1775435400,Down,100893488532948378195056263284213975654340604977648575704443574632138180628203,34075453531342936855819886999624556850557747171344755965581084782278498862840,0.47,0.48,28.54,1094.5,0.01,0.52,0.53,1094.5,28.54,0.01,0.475,0.525,0.974587,0.025413,69256.98
1775434650650,2026-04-06T00:17:30.650,btc-updown-15m-1775434500,1775435400,Down,100893488532948378195056263284213975654340604977648575704443574632138180628203,34075453531342936855819886999624556850557747171344755965581084782278498862840,0.47,0.48,19.89,1153.72,0.01,0.52,0.53,1153.72,19.89,0.01,0.475,0.525,0.983052,0.016948,69256.99
1775434651651,2026-04-06T00:17:31.651,btc-updown-15m-1775434500,1775435400,Down,100893488532948378195056263284213975654340604977648575704443574632138180628203,34075453531342936855819886999624556850557747171344755965581084782278498862840,0.47,0.48,19.89,948.72,0.01,0.52,0.53,948.72,19.89,0.01,0.475,0.525,0.979465,0.020535,69256.99
1775434652651,2026-04-06T00:17:32.651,btc-updown-15m-1775434500,1775435400,Down,100893488532948378195056263284213975654340604977648575704443574632138180628203,34075453531342936855819886999624556850557747171344755965581084782278498862840,0.47,0.48,14.78,895.72,0.01,0.52,0.53,895.72,14.78,0.01,0.475,0.525,0.983767,0.016233,69256.99
1775434653652,2026-04-06T00:17:33.652,btc-updown-15m-1775434500,1775435400,Down,100893488532948378195056263284213975654340604977648575704443574632138180628203,34075453531342936855819886999624556850557747171344755965581084782278498862840,0.47,0.48,14.78,895.72,0.01,0.52,0.53,895.72,14.78,0.01,0.475,0.525,0.983767,0.016233,69256.61
1775434654653,2026-04-06T00:17:34.653,btc-updown-15m-1775434500,1775435400,Down,100893488532948378195056263284213975654340604977648575704443574632138180628203,34075453531342936855819886999624556850557747171344755965581084782278498862840,0.46,0.48,213.67,80.72,0.02,0.52,0.54,80.72,213.67,0.02,0.47,0.53,0.274194,0.725806,69256.61
1775434655654,2026-04-06T00:17:35.654,btc-updown-15m-1775434500,1775435400,Down,100893488532948378195056263284213975654340604977648575704443574632138180628203,34075453531342936855819886999624556850557747171344755965581084782278498862840,0.46,0.48,213.67,80.72,0.02,0.52,0.54,80.72,213.67,0.02,0.47,0.53,0.274194,0.725806,69256.61
1775434656654,2026-04-06T00:17:36.654,btc-updown-15m-1775434500,1775435400,Down,100893488532948378195056263284213975654340604977648575704443574632138180628203,34075453531342936855819886999624556850557747171344755965581084782278498862840,0.44,0.48,1039.46,266.8,0.04,0.52,0.56,266.8,1039.46,0.04,0.46,0.54,0.204247,0.795753,69245.37
1775434657655,2026-04-06T00:17:37.655,btc-updown-15m-1775434500,1775435400,Down,100893488532948378195056263284213975654340604977648575704443574632138180628203,34075453531342936855819886999624556850557747171344755965581084782278498862840,0.47,0.48,17.0,10.0,0.01,0.52,0.53,10.0,17.0,0.01,0.475,0.525,0.37037,0.62963,69245.37
1775434658655,2026-04-06T00:17:38.655,btc-updown-15m-1775434500,1775435400,Down,100893488532948378195056263284213975654340604977648575704443574632138180628203,34075453531342936855819886999624556850557747171344755965581084782278498862840,0.47,0.49,52.34,82.0,0.02,0.51,0.53,82.0,52.34,0.02,0.48,0.52,0.610392,0.389608,69245.37
1775434659657,2026-04-06T00:17:39.657,btc-updown-15m-1775434500,1775435400,Down,100893488532948378195056263284213975654340604977648575704443574632138180628203,34075453531342936855819886999624556850557747171344755965581084782278498862840,0.48,0.49,20.0,71.08,0.01,0.51,0.52,71.08,20.0,0.01,0.485,0.515,0.780413,0.219587,69249.49
1775434660657,2026-04-06T00:17:40.657,btc-updown-15m-1775434500,1775435400,Down,100893488532948378195056263284213975654340604977648575704443574632138180628203,34075453531342936855819886999624556850557747171344755965581084782278498862840,0.47,0.49,78.11,14.96,0.02,0.51,0.53,14.96,78.11,0.02,0.48,0.52,0.160739,0.839261,69249.49
1775434661658,2026-04-06T00:17:41.658,btc-updown-15m-1775434500,1775435400,Down,100893488532948378195056263284213975654340604977648575704443574632138180628203,34075453531342936855819886999624556850557747171344755965581084782278498862840,0.44,0.46,89.0,218.08,0.02,0.54,0.56,218.08,89.0,0.02,0.45,0.55,0.710173,0.289827,69249.49
1775434662658,2026-04-06T00:17:42.658,btc-updown-15m-1775434500,1775435400,Down,100893488532948378195056263284213975654340604977648575704443574632138180628203,34075453531342936855819886999624556850557747171344755965581084782278498862840,0.45,0.46,16.16,304.5,0.01,0.54,0.55,304.5,16.16,0.01,0.455,0.545,0.949604,0.050396,69229.93
1775434663659,2026-04-06T00:17:43.659,btc-updown-15m-1775434500,1775435400,Down,100893488532948378195056263284213975654340604977648575704443574632138180628203,34075453531342936855819886999624556850557747171344755965581084782278498862840,0.43,0.44,79.98,199.27,0.01,0.56,0.57,199.27,79.98,0.01,0.435,0.565,0.71359,0.28641,69229.93
1775434664659,2026-04-06T00:17:44.659,btc-updown-15m-1775434500,1775435400,Down,100893488532948378195056263284213975654340604977648575704443574632138180628203,34075453531342936855819886999624556850557747171344755965581084782278498862840,0.43,0.44,79.98,199.27,0.01,0.56,0.57,199.27,79.98,0.01,0.435,0.565,0.71359,0.28641,69229.93
1775434665661,2026-04-06T00:17:45.661,btc-updown-15m-1775434500,1775435400,Down,100893488532948378195056263284213975654340604977648575704443574632138180628203,34075453531342936855819886999624556850557747171344755965581084782278498862840,0.43,0.44,77.91,98.35,0.01,0.56,0.57,98.35,77.91,0.01,0.435,0.565,0.557983,0.442017,69223.96
1775434666661,2026-04-06T00:17:46.661,btc-updown-15m-1775434500,1775435400,Down,100893488532948378195056263284213975654340604977648575704443574632138180628203,34075453531342936855819886999624556850557747171344755965581084782278498862840,0.41,0.42,88.4,223.0,0.01,0.58,0.59,223.0,88.4,0.01,0.415,0.585,0.716121,0.283879,69223.96
1775434667661,2026-04-06T00:17:47.661,btc-updown-15m-1775434500,1775435400,Down,100893488532948378195056263284213975654340604977648575704443574632138180628203,34075453531342936855819886999624556850557747171344755965581084782278498862840,0.4,0.41,118.0,88.19,0.01,0.59,0.6,88.19,118.0,0.01,0.405,0.595,0.427712,0.572288,69223.96
1775434668662,2026-04-06T00:17:48.662,btc-updown-15m-1775434500,1775435400,Down,100893488532948378195056263284213975654340604977648575704443574632138180628203,34075453531342936855819886999624556850557747171344755965581084782278498862840,0.4,0.41,115.05,113.19,0.01,0.59,0.6,113.19,115.05,0.01,0.405,0.595,0.495925,0.504075,69208.72
1775434669663,2026-04-06T00:17:49.663,btc-updown-15m-1775434500,1775435400,Down,100893488532948378195056263284213975654340604977648575704443574632138180628203,34075453531342936855819886999624556850557747171344755965581084782278498862840,0.4,0.41,115.05,113.19,0.01,0.59,0.6,113.19,115.05,0.01,0.405,0.595,0.495925,0.504075,69208.72
1775434670663,2026-04-06T00:17:50.663,btc-updown-15m-1775434500,1775435400,Down,100893488532948378195056263284213975654340604977648575704443574632138180628203,34075453531342936855819886999624556850557747171344755965581084782278498862840,0.4,0.41,99.0,163.19,0.01,0.59,0.6,163.19,99.0,0.01,0.405,0.595,0.622411,0.377589,69208.72
1775434671664,2026-04-06T00:17:51.664,btc-updown-15m-1775434500,1775435400,Down,100893488532948378195056263284213975654340604977648575704443574632138180628203,34075453531342936855819886999624556850557747171344755965581084782278498862840,0.4,0.41,989.52,23.85,0.01,0.59,0.6,23.85,989.52,0.01,0.405,0.595,0.023535,0.976465,69207.97
1775434672665,2026-04-06T00:17:52.665,btc-updown-15m-1775434500,1775435400,Down,100893488532948378195056263284213975654340604977648575704443574632138180628203,34075453531342936855819886999624556850557747171344755965581084782278498862840,0.42,0.43,0.11,46.55,0.01,0.57,0.58,46.55,0.11,0.01,0.425,0.575,0.997643,0.002357,69207.97
1775434673665,2026-04-06T00:17:53.665,btc-updown-15m-1775434500,1775435400,Down,100893488532948378195056263284213975654340604977648575704443574632138180628203,34075453531342936855819886999624556850557747171344755965581084782278498862840,0.41,0.43,133.73,253.0,0.02,0.57,0.59,253.0,133.73,0.02,0.42,0.58,0.654203,0.345797,69207.97
1775434674665,2026-04-06T00:17:54.665,btc-updown-15m-1775434500,1775435400,Down,100893488532948378195056263284213975654340604977648575704443574632138180628203,34075453531342936855819886999624556850557747171344755965581084782278498862840,0.42,0.43,57.0,165.0,0.01,0.57,0.58,407.5,16.09,0.01,0.425,0.575,0.743243,0.037985,69221.29
1775434675666,2026-04-06T00:17:55.666,btc-updown-15m-1775434500,1775435400,Down,100893488532948378195056263284213975654340604977648575704443574632138180628203,34075453531342936855819886999624556850557747171344755965581084782278498862840,0.42,0.43,57.0,165.0,0.01,0.57,0.58,165.0,57.0,0.01,0.425,0.575,0.743243,0.256757,69221.29
1775434676666,2026-04-06T00:17:56.666,btc-updown-15m-1775434500,1775435400,Down,100893488532948378195056263284213975654340604977648575704443574632138180628203,34075453531342936855819886999624556850557747171344755965581084782278498862840,0.42,0.43,57.0,165.0,0.01,0.57,0.58,165.0,57.0,0.01,0.425,0.575,0.743243,0.256757,69221.29
1775434677667,2026-04-06T00:17:57.667,btc-updown-15m-1775434500,1775435400,Down,100893488532948378195056263284213975654340604977648575704443574632138180628203,34075453531342936855819886999624556850557747171344755965581084782278498862840,0.43,0.44,44.56,72.1,0.01,0.56,0.57,72.1,44.56,0.01,0.435,0.565,0.618035,0.381965,69221.29
1775434678668,2026-04-06T00:17:58.668,btc-updown-15m-1775434500,1775435400,Down,100893488532948378195056263284213975654340604977648575704443574632138180628203,34075453531342936855819886999624556850557747171344755965581084782278498862840,0.42,0.44,80.99,309.79,0.02,0.56,0.58,309.79,80.99,0.02,0.43,0.57,0.792748,0.207252,69221.29
1775434679669,2026-04-06T00:17:59.669,btc-updown-15m-1775434500,1775435400,Down,100893488532948378195056263284213975654340604977648575704443574632138180628203,34075453531342936855819886999624556850557747171344755965581084782278498862840,0.42,0.44,80.99,309.79,0.02,0.56,0.58,309.79,80.99,0.02,0.43,0.57,0.792748,0.207252,69221.29
1775434680669,2026-04-06T00:18:00.669,btc-updown-15m-1775434500,1775435400,Down,100893488532948378195056263284213975654340604977648575704443574632138180628203,34075453531342936855819886999624556850557747171344755965581084782278498862840,0.41,0.44,325.67,208.42,0.03,0.56,0.59,208.42,325.67,0.03,0.425,0.575,0.390234,0.609766,69217.28
1775434681670,2026-04-06T00:18:01.670,btc-updown-15m-1775434500,1775435400,Down,100893488532948378195056263284213975654340604977648575704443574632138180628203,34075453531342936855819886999624556850557747171344755965581084782278498862840,0.42,0.43,35.2,50.0,0.01,0.57,0.58,50.0,35.2,0.01,0.425,0.575,0.586854,0.413146,69217.28
1775434682671,2026-04-06T00:18:02.671,btc-updown-15m-1775434500,1775435400,Down,100893488532948378195056263284213975654340604977648575704443574632138180628203,34075453531342936855819886999624556850557747171344755965581084782278498862840,0.43,0.44,11.86,338.1,0.01,0.56,0.57,338.1,11.86,0.01,0.435,0.565,0.96611,0.03389,69217.28
1775434683672,2026-04-06T00:18:03.672,btc-updown-15m-1775434500,1775435400,Down,100893488532948378195056263284213975654340604977648575704443574632138180628203,34075453531342936855819886999624556850557747171344755965581084782278498862840,0.45,0.47,30.57,60.5,0.02,0.53,0.55,22.5,79.4,0.02,0.46,0.54,0.664324,0.779195,69239.4
1775434684672,2026-04-06T00:18:04.672,btc-updown-15m-1775434500,1775435400,Down,100893488532948378195056263284213975654340604977648575704443574632138180628203,34075453531342936855819886999624556850557747171344755965581084782278498862840,0.47,0.48,21.0,165.0,0.01,0.52,0.53,165.0,21.0,0.01,0.475,0.525,0.887097,0.112903,69239.4
1775434685673,2026-04-06T00:18:05.673,btc-updown-15m-1775434500,1775435400,Down,100893488532948378195056263284213975654340604977648575704443574632138180628203,34075453531342936855819886999624556850557747171344755965581084782278498862840,0.46,0.47,33.0,50.0,0.01,0.53,0.54,50.0,33.0,0.01,0.465,0.535,0.60241,0.39759,69239.4
1775434686673,2026-04-06T00:18:06.673,btc-updown-15m-1775434500,1775435400,Down,100893488532948378195056263284213975654340604977648575704443574632138180628203,34075453531342936855819886999624556850557747171344755965581084782278498862840,0.46,0.47,33.0,50.0,0.01,0.53,0.54,50.0,33.0,0.01,0.465,0.535,0.60241,0.39759,69238.59
1775434687674,2026-04-06T00:18:07.674,btc-updown-15m-1775434500,1775435400,Down,100893488532948378195056263284213975654340604977648575704443574632138180628203,34075453531342936855819886999624556850557747171344755965581084782278498862840,0.46,0.47,134.25,25.0,0.01,0.53,0.54,25.0,134.25,0.01,0.465,0.535,0.156986,0.843014,69238.59
1775434688675,2026-04-06T00:18:08.675,btc-updown-15m-1775434500,1775435400,Down,100893488532948378195056263284213975654340604977648575704443574632138180628203,34075453531342936855819886999624556850557747171344755965581084782278498862840,0.46,0.47,20.89,1135.5,0.01,0.53,0.54,1135.5,20.89,0.01,0.465,0.535,0.981935,0.018065,69238.59
1775434689675,2026-04-06T00:18:09.675,btc-updown-15m-1775434500,1775435400,Down,100893488532948378195056263284213975654340604977648575704443574632138180628203,34075453531342936855819886999624556850557747171344755965581084782278498862840,0.46,0.47,20.89,1135.5,0.01,0.53,0.54,1135.5,20.89,0.01,0.465,0.535,0.981935,0.018065,69238.59
1775434690676,2026-04-06T00:18:10.676,btc-updown-15m-1775434500,1775435400,Down,100893488532948378195056263284213975654340604977648575704443574632138180628203,34075453531342936855819886999624556850557747171344755965581084782278498862840,0.46,0.47,20.89,1135.5,0.01,0.53,0.54,1135.5,20.89,0.01,0.465,0.535,0.981935,0.018065,69238.59
1775434691677,2026-04-06T00:18:11.677,btc-updown-15m-1775434500,1775435400,Down,100893488532948378195056263284213975654340604977648575704443574632138180628203,34075453531342936855819886999624556850557747171344755965581084782278498862840,0.47,0.48,21.47,305.5,0.01,0.52,0.53,305.5,21.47,0.01,0.475,0.525,0.934336,0.065664,69238.59
1775434692677,2026-04-06T00:18:12.677,btc-updown-15m-1775434500,1775435400,Down,100893488532948378195056263284213975654340604977648575704443574632138180628203,34075453531342936855819886999624556850557747171344755965581084782278498862840,0.49,0.5,252.96,92.28,0.01,0.5,0.51,92.28,252.96,0.01,0.495,0.505,0.267292,0.732708,69254.89
1775434693678,2026-04-06T00:18:13.678,btc-updown-15m-1775434500,1775435400,Down,100893488532948378195056263284213975654340604977648575704443574632138180628203,34075453531342936855819886999624556850557747171344755965581084782278498862840,0.49,0.5,175.2,193.78,0.01,0.5,0.51,193.78,175.2,0.01,0.495,0.505,0.525178,0.474822,69254.89
1775434694679,2026-04-06T00:18:14.679,btc-updown-15m-1775434500,1775435400,Down,100893488532948378195056263284213975654340604977648575704443574632138180628203,34075453531342936855819886999624556850557747171344755965581084782278498862840,0.5,0.51,58.3,5.0,0.01,0.49,0.5,5.0,58.3,0.01,0.505,0.495,0.078989,0.921011,69254.89
1775434695679,2026-04-06T00:18:15.679,btc-updown-15m-1775434500,1775435400,Down,100893488532948378195056263284213975654340604977648575704443574632138180628203,34075453531342936855819886999624556850557747171344755965581084782278498862840,0.48,0.5,288.5,22.0,0.02,0.5,0.52,22.0,288.5,0.02,0.49,0.51,0.070853,0.929147,69256.97
1775434696680,2026-04-06T00:18:16.680,btc-updown-15m-1775434500,1775435400,Down,100893488532948378195056263284213975654340604977648575704443574632138180628203,34075453531342936855819886999624556850557747171344755965581084782278498862840,0.48,0.49,109.85,75.5,0.01,0.51,0.52,75.5,109.85,0.01,0.485,0.515,0.407337,0.592663,69256.97
1775434697681,2026-04-06T00:18:17.681,btc-updown-15m-1775434500,1775435400,Down,100893488532948378195056263284213975654340604977648575704443574632138180628203,34075453531342936855819886999624556850557747171344755965581084782278498862840,0.48,0.49,9.79,332.07,0.01,0.51,0.52,332.07,9.79,0.01,0.485,0.515,0.971363,0.028637,69256.97
1775434698682,2026-04-06T00:18:18.682,btc-updown-15m-1775434500,1775435400,Down,100893488532948378195056263284213975654340604977648575704443574632138180628203,34075453531342936855819886999624556850557747171344755965581084782278498862840,0.48,0.49,9.79,288.6,0.01,0.51,0.52,288.6,9.79,0.01,0.485,0.515,0.967191,0.032809,69256.98
1775434699682,2026-04-06T00:18:19.682,btc-updown-15m-1775434500,1775435400,Down,100893488532948378195056263284213975654340604977648575704443574632138180628203,34075453531342936855819886999624556850557747171344755965581084782278498862840,0.49,0.5,126.0,27.78,0.01,0.5,0.51,27.78,126.0,0.01,0.495,0.505,0.180648,0.819352,69256.98
1775434700682,2026-04-06T00:18:20.682,btc-updown-15m-1775434500,1775435400,Down,100893488532948378195056263284213975654340604977648575704443574632138180628203,34075453531342936855819886999624556850557747171344755965581084782278498862840,0.49,0.5,99.86,92.0,0.01,0.5,0.51,92.0,99.86,0.01,0.495,0.505,0.479516,0.520484,69256.98
1775434701683,2026-04-06T00:18:21.683,btc-updown-15m-1775434500,1775435400,Down,100893488532948378195056263284213975654340604977648575704443574632138180628203,34075453531342936855819886999624556850557747171344755965581084782278498862840,0.49,0.5,99.86,39.2,0.01,0.5,0.51,39.2,99.86,0.01,0.495,0.505,0.281893,0.718107,69256.98
1775434702683,2026-04-06T00:18:22.683,btc-updown-15m-1775434500,1775435400,Down,100893488532948378195056263284213975654340604977648575704443574632138180628203,34075453531342936855819886999624556850557747171344755965581084782278498862840,0.49,0.5,102.86,9.2,0.01,0.5,0.51,9.2,102.86,0.01,0.495,0.505,0.082099,0.917901,69256.98
1775434703684,2026-04-06T00:18:23.684,btc-updown-15m-1775434500,1775435400,Down,100893488532948378195056263284213975654340604977648575704443574632138180628203,34075453531342936855819886999624556850557747171344755965581084782278498862840,0.49,0.5,102.86,14.79,0.01,0.5,0.51,14.79,102.86,0.01,0.495,0.505,0.125712,0.874288,69256.98
1775434704685,2026-04-06T00:18:24.685,btc-updown-15m-1775434500,1775435400,Down,100893488532948378195056263284213975654340604977648575704443574632138180628203,34075453531342936855819886999624556850557747171344755965581084782278498862840,0.45,0.46,970.5,12.73,0.01,0.54,0.55,14.7,960.5,0.01,0.455,0.545,0.012947,0.984926,69231.96
1775434705685,2026-04-06T00:18:25.685,btc-updown-15m-1775434500,1775435400,Down,100893488532948378195056263284213975654340604977648575704443574632138180628203,34075453531342936855819886999624556850557747171344755965581084782278498862840,0.42,0.43,59.06,48.72,0.01,0.57,0.58,48.72,59.06,0.01,0.425,0.575,0.452032,0.547968,69231.96
1775434706686,2026-04-06T00:18:26.686,btc-updown-15m-1775434500,1775435400,Down,100893488532948378195056263284213975654340604977648575704443574632138180628203,34075453531342936855819886999624556850557747171344755965581084782278498862840,0.42,0.43,19.06,269.5,0.01,0.57,0.58,269.5,19.06,0.01,0.425,0.575,0.933948,0.066052,69231.96
1775434707686,2026-04-06T00:18:27.686,btc-updown-15m-1775434500,1775435400,Down,100893488532948378195056263284213975654340604977648575704443574632138180628203,34075453531342936855819886999624556850557747171344755965581084782278498862840,0.41,0.42,102.0,69.6,0.01,0.58,0.59,69.6,102.0,0.01,0.415,0.585,0.405594,0.594406,69215.67
1775434708686,2026-04-06T00:18:28.686,btc-updown-15m-1775434500,1775435400,Down,100893488532948378195056263284213975654340604977648575704443574632138180628203,34075453531342936855819886999624556850557747171344755965581084782278498862840,0.4,0.41,85.0,125.5,0.01,0.59,0.6,125.5,85.0,0.01,0.405,0.595,0.5962,0.4038,69215.67
1775434709687,2026-04-06T00:18:29.687,btc-updown-15m-1775434500,1775435400,Down,100893488532948378195056263284213975654340604977648575704443574632138180628203,34075453531342936855819886999624556850557747171344755965581084782278498862840,0.4,0.41,70.0,100.28,0.01,0.59,0.6,100.28,70.0,0.01,0.405,0.595,0.588912,0.411088,69215.67
1775434710688,2026-04-06T00:18:30.688,btc-updown-15m-1775434500,1775435400,Down,100893488532948378195056263284213975654340604977648575704443574632138180628203,34075453531342936855819886999624556850557747171344755965581084782278498862840,0.4,0.41,47.56,108.8,0.01,0.59,0.6,108.8,47.56,0.01,0.405,0.595,0.69583,0.30417,69215.67
1775434711691,2026-04-06T00:18:31.691,btc-updown-15m-1775434500,1775435400,Down,100893488532948378195056263284213975654340604977648575704443574632138180628203,34075453531342936855819886999624556850557747171344755965581084782278498862840,0.4,0.41,20.0,147.56,0.01,0.59,0.6,147.56,20.0,0.01,0.405,0.595,0.88064,0.11936,69215.67
1775434712691,2026-04-06T00:18:32.691,btc-updown-15m-1775434500,1775435400,Down,100893488532948378195056263284213975654340604977648575704443574632138180628203,34075453531342936855819886999624556850557747171344755965581084782278498862840,0.4,0.41,20.0,147.56,0.01,0.59,0.6,147.56,20.0,0.01,0.405,0.595,0.88064,0.11936,69215.67
1775434713692,2026-04-06T00:18:33.692,btc-updown-15m-1775434500,1775435400,Down,100893488532948378195056263284213975654340604977648575704443574632138180628203,34075453531342936855819886999624556850557747171344755965581084782278498862840,0.4,0.41,20.0,147.56,0.01,0.59,0.6,147.56,20.0,0.01,0.405,0.595,0.88064,0.11936,69224.39
1775434714692,2026-04-06T00:18:34.692,btc-updown-15m-1775434500,1775435400,Down,100893488532948378195056263284213975654340604977648575704443574632138180628203,34075453531342936855819886999624556850557747171344755965581084782278498862840,0.42,0.43,18.94,142.5,0.01,0.57,0.58,142.5,18.94,0.01,0.425,0.575,0.882681,0.117319,69224.39
1775434715693,2026-04-06T00:18:35.693,btc-updown-15m-1775434500,1775435400,Down,100893488532948378195056263284213975654340604977648575704443574632138180628203,34075453531342936855819886999624556850557747171344755965581084782278498862840,0.43,0.44,45.7,154.5,0.01,0.56,0.57,154.5,45.7,0.01,0.435,0.565,0.771728,0.228272,69224.39
1775434716694,2026-04-06T00:18:36.694,btc-updown-15m-1775434500,1775435400,Down,100893488532948378195056263284213975654340604977648575704443574632138180628203,34075453531342936855819886999624556850557747171344755965581084782278498862840,0.43,0.44,12.92,180.5,0.01,0.56,0.57,180.5,12.92,0.01,0.435,0.565,0.933202,0.066798,69226.77
1775434717695,2026-04-06T00:18:37.695,btc-updown-15m-1775434500,1775435400,Down,100893488532948378195056263284213975654340604977648575704443574632138180628203,34075453531342936855819886999624556850557747171344755965581084782278498862840,0.43,0.44,7.8,185.67,0.01,0.56,0.57,185.67,7.8,0.01,0.435,0.565,0.959684,0.040316,69226.77
1775434718696,2026-04-06T00:18:38.696,btc-updown-15m-1775434500,1775435400,Down,100893488532948378195056263284213975654340604977648575704443574632138180628203,34075453531342936855819886999624556850557747171344755965581084782278498862840,0.43,0.45,81.48,175.67,0.02,0.55,0.57,175.67,81.48,0.02,0.44,0.56,0.683142,0.316858,69226.77
1775434719697,2026-04-06T00:18:39.697,btc-updown-15m-1775434500,1775435400,Down,100893488532948378195056263284213975654340604977648575704443574632138180628203,34075453531342936855819886999624556850557747171344755965581084782278498862840,0.43,0.45,106.48,150.67,0.02,0.55,0.57,150.67,106.48,0.02,0.44,0.56,0.585923,0.414077,69226.78
1775434720698,2026-04-06T00:18:40.698,btc-updown-15m-1775434500,1775435400,Down,100893488532948378195056263284213975654340604977648575704443574632138180628203,34075453531342936855819886999624556850557747171344755965581084782278498862840,0.43,0.45,106.48,150.67,0.02,0.55,0.57,150.67,106.48,0.02,0.44,0.56,0.585923,0.414077,69226.78
1775434721699,2026-04-06T00:18:41.699,btc-updown-15m-1775434500,1775435400,Down,100893488532948378195056263284213975654340604977648575704443574632138180628203,34075453531342936855819886999624556850557747171344755965581084782278498862840,0.43,0.45,106.48,150.67,0.02,0.55,0.57,150.67,106.48,0.02,0.44,0.56,0.585923,0.414077,69226.78
1775434722700,2026-04-06T00:18:42.700,btc-updown-15m-1775434500,1775435400,Down,100893488532948378195056263284213975654340604977648575704443574632138180628203,34075453531342936855819886999624556850557747171344755965581084782278498862840,0.43,0.45,84.25,130.67,0.02,0.55,0.57,130.67,84.25,0.02,0.44,0.56,0.607994,0.392006,69226.78
1775434723700,2026-04-06T00:18:43.700,btc-updown-15m-1775434500,1775435400,Down,100893488532948378195056263284213975654340604977648575704443574632138180628203,34075453531342936855819886999624556850557747171344755965581084782278498862840,0.43,0.44,90.0,32.17,0.01,0.56,0.57,32.17,90.0,0.01,0.435,0.565,0.263322,0.736678,69226.78
1775434724701,2026-04-06T00:18:44.701,btc-updown-15m-1775434500,1775435400,Down,100893488532948378195056263284213975654340604977648575704443574632138180628203,34075453531342936855819886999624556850557747171344755965581084782278498862840,0.42,0.44,1238.4,37.81,0.02,0.56,0.58,37.81,1238.4,0.02,0.43,0.57,0.029627,0.970373,69226.78
1775434725702,2026-04-06T00:18:45.702,btc-updown-15m-1775434500,1775435400,Down,100893488532948378195056263284213975654340604977648575704443574632138180628203,34075453531342936855819886999624556850557747171344755965581084782278498862840,0.42,0.43,120.5,5.52,0.01,0.57,0.58,5.52,120.5,0.01,0.425,0.575,0.043803,0.956197,69217.45
1775434726704,2026-04-06T00:18:46.704,btc-updown-15m-1775434500,1775435400,Down,100893488532948378195056263284213975654340604977648575704443574632138180628203,34075453531342936855819886999624556850557747171344755965581084782278498862840,0.42,0.43,120.5,5.52,0.01,0.57,0.58,5.52,120.5,0.01,0.425,0.575,0.043803,0.956197,69217.45
1775434727705,2026-04-06T00:18:47.705,btc-updown-15m-1775434500,1775435400,Down,100893488532948378195056263284213975654340604977648575704443574632138180628203,34075453531342936855819886999624556850557747171344755965581084782278498862840,0.42,0.43,924.22,5.52,0.01,0.57,0.58,5.52,924.22,0.01,0.425,0.575,0.005937,0.994063,69217.45
1775434728706,2026-04-06T00:18:48.706,btc-updown-15m-1775434500,1775435400,Down,100893488532948378195056263284213975654340604977648575704443574632138180628203,34075453531342936855819886999624556850557747171344755965581084782278498862840,0.42,0.43,992.72,3.33,0.01,0.57,0.58,3.33,992.72,0.01,0.425,0.575,0.003343,0.996657,69217.45
1775434729707,2026-04-06T00:18:49.707,btc-updown-15m-1775434500,1775435400,Down,100893488532948378195056263284213975654340604977648575704443574632138180628203,34075453531342936855819886999624556850557747171344755965581084782278498862840,0.42,0.43,992.72,3.33,0.01,0.57,0.58,3.33,992.72,0.01,0.425,0.575,0.003343,0.996657,69217.45
1775434730708,2026-04-06T00:18:50.708,btc-updown-15m-1775434500,1775435400,Down,100893488532948378195056263284213975654340604977648575704443574632138180628203,34075453531342936855819886999624556850557747171344755965581084782278498862840,0.41,0.43,1148.5,4.7,0.02,0.57,0.59,4.7,1148.5,0.02,0.42,0.58,0.004076,0.995924,69217.45
1775434731709,2026-04-06T00:18:51.709,btc-updown-15m-1775434500,1775435400,Down,100893488532948378195056263284213975654340604977648575704443574632138180628203,34075453531342936855819886999624556850557747171344755965581084782278498862840,0.42,0.43,112.02,123.0,0.01,0.57,0.58,123.0,112.02,0.01,0.425,0.575,0.52336,0.47664,69212.2
1775434732710,2026-04-06T00:18:52.710,btc-updown-15m-1775434500,1775435400,Down,100893488532948378195056263284213975654340604977648575704443574632138180628203,34075453531342936855819886999624556850557747171344755965581084782278498862840,0.42,0.43,112.02,123.0,0.01,0.57,0.58,123.0,112.02,0.01,0.425,0.575,0.52336,0.47664,69212.2
1775434733710,2026-04-06T00:18:53.710,btc-updown-15m-1775434500,1775435400,Down,100893488532948378195056263284213975654340604977648575704443574632138180628203,34075453531342936855819886999624556850557747171344755965581084782278498862840,0.42,0.43,150.96,111.0,0.01,0.57,0.58,111.0,150.96,0.01,0.425,0.575,0.423729,0.576271,69212.2
1775434734711,2026-04-06T00:18:54.711,btc-updown-15m-1775434500,1775435400,Down,100893488532948378195056263284213975654340604977648575704443574632138180628203,34075453531342936855819886999624556850557747171344755965581084782278498862840,0.42,0.43,150.96,111.0,0.01,0.57,0.58,111.0,150.96,0.01,0.425,0.575,0.423729,0.576271,69211.48
1775434735712,2026-04-06T00:18:55.712,btc-updown-15m-1775434500,1775435400,Down,100893488532948378195056263284213975654340604977648575704443574632138180628203,34075453531342936855819886999624556850557747171344755965581084782278498862840,0.4,0.41,20.0,262.76,0.01,0.59,0.6,262.76,20.0,0.01,0.405,0.595,0.929269,0.070731,69211.48
1775434736712,2026-04-06T00:18:56.712,btc-updown-15m-1775434500,1775435400,Down,100893488532948378195056263284213975654340604977648575704443574632138180628203,34075453531342936855819886999624556850557747171344755965581084782278498862840,0.4,0.41,171.0,70.33,0.01,0.59,0.6,70.33,171.0,0.01,0.405,0.595,0.291427,0.708573,69211.48
1775434737713,2026-04-06T00:18:57.713,btc-updown-15m-1775434500,1775435400,Down,100893488532948378195056263284213975654340604977648575704443574632138180628203,34075453531342936855819886999624556850557747171344755965581084782278498862840,0.4,0.41,171.0,70.33,0.01,0.59,0.6,70.33,171.0,0.01,0.405,0.595,0.291427,0.708573,69209.27
1775434738714,2026-04-06T00:18:58.714,btc-updown-15m-1775434500,1775435400,Down,100893488532948378195056263284213975654340604977648575704443574632138180628203,34075453531342936855819886999624556850557747171344755965581084782278498862840,0.4,0.41,216.0,65.33,0.01,0.59,0.6,65.33,216.0,0.01,0.405,0.595,0.232218,0.767782,69209.27
1775434739714,2026-04-06T00:18:59.714,btc-updown-15m-1775434500,1775435400,Down,100893488532948378195056263284213975654340604977648575704443574632138180628203,34075453531342936855819886999624556850557747171344755965581084782278498862840,0.4,0.41,174.0,53.27,0.01,0.59,0.6,53.27,174.0,0.01,0.405,0.595,0.234391,0.765609,69209.27
1775434740715,2026-04-06T00:19:00.715,btc-updown-15m-1775434500,1775435400,Down,100893488532948378195056263284213975654340604977648575704443574632138180628203,34075453531342936855819886999624556850557747171344755965581084782278498862840,0.4,0.41,1004.3,19.23,0.01,0.59,0.6,19.23,1004.3,0.01,0.405,0.595,0.018788,0.981212,69200.01
1775434741717,2026-04-06T00:19:01.717,btc-updown-15m-1775434500,1775435400,Down,100893488532948378195056263284213975654340604977648575704443574632138180628203,34075453531342936855819886999624556850557747171344755965581084782278498862840,0.38,0.39,100.0,34.5,0.01,0.61,0.62,34.5,100.0,0.01,0.385,0.615,0.256506,0.743494,69200.01
1775434742717,2026-04-06T00:19:02.717,btc-updown-15m-1775434500,1775435400,Down,100893488532948378195056263284213975654340604977648575704443574632138180628203,34075453531342936855819886999624556850557747171344755965581084782278498862840,0.4,0.41,73.82,101.98,0.01,0.59,0.6,101.98,73.82,0.01,0.405,0.595,0.580091,0.419909,69200.01
1775434743718,2026-04-06T00:19:03.718,btc-updown-15m-1775434500,1775435400,Down,100893488532948378195056263284213975654340604977648575704443574632138180628203,34075453531342936855819886999624556850557747171344755965581084782278498862840,0.41,0.42,20.0,153.0,0.01,0.58,0.59,153.0,20.0,0.01,0.415,0.585,0.884393,0.115607,69215.11
1775434744718,2026-04-06T00:19:04.718,btc-updown-15m-1775434500,1775435400,Down,100893488532948378195056263284213975654340604977648575704443574632138180628203,34075453531342936855819886999624556850557747171344755965581084782278498862840,0.41,0.42,20.0,153.0,0.01,0.58,0.59,153.0,20.0,0.01,0.415,0.585,0.884393,0.115607,69215.11
1775434745719,2026-04-06T00:19:05.719,btc-updown-15m-1775434500,1775435400,Down,100893488532948378195056263284213975654340604977648575704443574632138180628203,34075453531342936855819886999624556850557747171344755965581084782278498862840,0.41,0.43,5.84,167.0,0.02,0.57,0.59,167.0,5.84,0.02,0.42,0.58,0.966212,0.033788,69215.11
1775434746720,2026-04-06T00:19:06.720,btc-updown-15m-1775434500,1775435400,Down,100893488532948378195056263284213975654340604977648575704443574632138180628203,34075453531342936855819886999624556850557747171344755965581084782278498862840,0.41,0.42,65.0,54.61,0.01,0.58,0.59,54.61,65.0,0.01,0.415,0.585,0.456567,0.543433,69221.18
1775434747721,2026-04-06T00:19:07.721,btc-updown-15m-1775434500,1775435400,Down,100893488532948378195056263284213975654340604977648575704443574632138180628203,34075453531342936855819886999624556850557747171344755965581084782278498862840,0.42,0.44,1035.41,77.0,0.02,0.56,0.58,77.0,1035.41,0.02,0.43,0.57,0.069219,0.930781,69221.18
1775434748721,2026-04-06T00:19:08.721,btc-updown-15m-1775434500,1775435400,Down,100893488532948378195056263284213975654340604977648575704443574632138180628203,34075453531342936855819886999624556850557747171344755965581084782278498862840,0.43,0.44,1006.27,29.96,0.01,0.56,0.57,29.96,1006.27,0.01,0.435,0.565,0.028913,0.971087,69221.18
1775434749722,2026-04-06T00:19:09.722,btc-updown-15m-1775434500,1775435400,Down,100893488532948378195056263284213975654340604977648575704443574632138180628203,34075453531342936855819886999624556850557747171344755965581084782278498862840,0.42,0.44,900.5,58.96,0.02,0.56,0.58,58.96,900.5,0.02,0.43,0.57,0.061451,0.938549,69222.99
1775434750722,2026-04-06T00:19:10.722,btc-updown-15m-1775434500,1775435400,Down,100893488532948378195056263284213975654340604977648575704443574632138180628203,34075453531342936855819886999624556850557747171344755965581084782278498862840,0.42,0.44,900.5,58.96,0.02,0.56,0.58,58.96,900.5,0.02,0.43,0.57,0.061451,0.938549,69222.99
1775434751723,2026-04-06T00:19:11.723,btc-updown-15m-1775434500,1775435400,Down,100893488532948378195056263284213975654340604977648575704443574632138180628203,34075453531342936855819886999624556850557747171344755965581084782278498862840,0.42,0.44,900.5,58.96,0.02,0.56,0.58,58.96,900.5,0.02,0.43,0.57,0.061451,0.938549,69222.99
1775434752724,2026-04-06T00:19:12.724,btc-updown-15m-1775434500,1775435400,Down,100893488532948378195056263284213975654340604977648575704443574632138180628203,34075453531342936855819886999624556850557747171344755965581084782278498862840,0.42,0.43,4.6,42.0,0.01,0.57,0.58,42.0,4.6,0.01,0.425,0.575,0.901288,0.098712,69221.5
1775434753724,2026-04-06T00:19:13.724,btc-updown-15m-1775434500,1775435400,Down,100893488532948378195056263284213975654340604977648575704443574632138180628203,34075453531342936855819886999624556850557747171344755965581084782278498862840,0.41,0.42,1131.69,25.0,0.01,0.58,0.59,25.0,1131.69,0.01,0.415,0.585,0.021613,0.978387,69221.5
1775434754725,2026-04-06T00:19:14.725,btc-updown-15m-1775434500,1775435400,Down,100893488532948378195056263284213975654340604977648575704443574632138180628203,34075453531342936855819886999624556850557747171344755965581084782278498862840,0.41,0.42,1131.69,25.0,0.01,0.58,0.59,25.0,1131.69,0.01,0.415,0.585,0.021613,0.978387,69221.5
1775434755726,2026-04-06T00:19:15.726,btc-updown-15m-1775434500,1775435400,Down,100893488532948378195056263284213975654340604977648575704443574632138180628203,34075453531342936855819886999624556850557747171344755965581084782278498862840,0.4,0.41,40.7,47.0,0.01,0.58,0.6,40.08,1093.61,0.02,0.405,0.59,0.535918,0.964646,69217.45
1775434756727,2026-04-06T00:19:16.727,btc-updown-15m-1775434500,1775435400,Down,100893488532948378195056263284213975654340604977648575704443574632138180628203,34075453531342936855819886999624556850557747171344755965581084782278498862840,0.4,0.41,40.7,47.0,0.01,0.59,0.6,47.0,40.7,0.01,0.405,0.595,0.535918,0.464082,69217.45
1775434757727,2026-04-06T00:19:17.727,btc-updown-15m-1775434500,1775435400,Down,100893488532948378195056263284213975654340604977648575704443574632138180628203,34075453531342936855819886999624556850557747171344755965581084782278498862840,0.4,0.41,840.0,31.97,0.01,0.59,0.6,31.97,840.0,0.01,0.405,0.595,0.036664,0.963336,69217.45
1775434758728,2026-04-06T00:19:18.728,btc-updown-15m-1775434500,1775435400,Down,100893488532948378195056263284213975654340604977648575704443574632138180628203,34075453531342936855819886999624556850557747171344755965581084782278498862840,0.4,0.41,823.6,31.97,0.01,0.59,0.6,31.97,823.6,0.01,0.405,0.595,0.037367,0.962633,69213.52
1775434759728,2026-04-06T00:19:19.728,btc-updown-15m-1775434500,1775435400,Down,100893488532948378195056263284213975654340604977648575704443574632138180628203,34075453531342936855819886999624556850557747171344755965581084782278498862840,0.4,0.41,793.88,36.97,0.01,0.59,0.6,36.97,793.88,0.01,0.405,0.595,0.044497,0.955503,69213.52
1775434760729,2026-04-06T00:19:20.729,btc-updown-15m-1775434500,1775435400,Down,100893488532948378195056263284213975654340604977648575704443574632138180628203,34075453531342936855819886999624556850557747171344755965581084782278498862840,0.4,0.41,820.88,36.8,0.01,0.59,0.6,36.8,820.88,0.01,0.405,0.595,0.042906,0.957094,69213.52
1775434761730,2026-04-06T00:19:21.730,btc-updown-15m-1775434500,1775435400,Down,100893488532948378195056263284213975654340604977648575704443574632138180628203,34075453531342936855819886999624556850557747171344755965581084782278498862840,0.4,0.41,820.88,36.8,0.01,0.59,0.6,36.8,820.88,0.01,0.405,0.595,0.042906,0.957094,69213.52
1775434762730,2026-04-06T00:19:22.730,btc-updown-15m-1775434500,1775435400,Down,100893488532948378195056263284213975654340604977648575704443574632138180628203,34075453531342936855819886999624556850557747171344755965581084782278498862840,0.4,0.41,807.03,56.8,0.01,0.59,0.6,56.8,807.03,0.01,0.405,0.595,0.065754,0.934246,69213.52
1775434763731,2026-04-06T00:19:23.731,btc-updown-15m-1775434500,1775435400,Down,100893488532948378195056263284213975654340604977648575704443574632138180628203,34075453531342936855819886999624556850557747171344755965581084782278498862840,0.38,0.41,32.35,145.75,0.03,0.59,0.62,145.75,32.35,0.03,0.395,0.605,0.81836,0.18164,69213.52
1775434764731,2026-04-06T00:19:24.731,btc-updown-15m-1775434500,1775435400,Down,100893488532948378195056263284213975654340604977648575704443574632138180628203,34075453531342936855819886999624556850557747171344755965581084782278498862840,0.38,0.41,32.35,145.75,0.03,0.59,0.62,145.75,32.35,0.03,0.395,0.605,0.81836,0.18164,69213.52
1775434765733,2026-04-06T00:19:25.733,btc-updown-15m-1775434500,1775435400,Down,100893488532948378195056263284213975654340604977648575704443574632138180628203,34075453531342936855819886999624556850557747171344755965581084782278498862840,0.38,0.41,32.35,145.75,0.03,0.59,0.62,145.75,32.35,0.03,0.395,0.605,0.81836,0.18164,69213.52
1775434766734,2026-04-06T00:19:26.734,btc-updown-15m-1775434500,1775435400,Down,100893488532948378195056263284213975654340604977648575704443574632138180628203,34075453531342936855819886999624556850557747171344755965581084782278498862840,0.39,0.4,24.45,41.98,0.01,0.6,0.61,41.98,24.45,0.01,0.395,0.605,0.631943,0.368057,69213.52
1775434767735,2026-04-06T00:19:27.735,btc-updown-15m-1775434500,1775435400,Down,100893488532948378195056263284213975654340604977648575704443574632138180628203,34075453531342936855819886999624556850557747171344755965581084782278498862840,0.39,0.4,24.45,41.98,0.01,0.6,0.61,41.98,24.45,0.01,0.395,0.605,0.631943,0.368057,69213.52
1775434768736,2026-04-06T00:19:28.736,btc-updown-15m-1775434500,1775435400,Down,100893488532948378195056263284213975654340604977648575704443574632138180628203,34075453531342936855819886999624556850557747171344755965581084782278498862840,0.39,0.4,24.45,41.98,0.01,0.6,0.61,41.98,24.45,0.01,0.395,0.605,0.631943,0.368057,69213.52
1775434769736,2026-04-06T00:19:29.736,btc-updown-15m-1775434500,1775435400,Down,100893488532948378195056263284213975654340604977648575704443574632138180628203,34075453531342936855819886999624556850557747171344755965581084782278498862840,0.39,0.4,8.0,162.32,0.01,0.6,0.61,162.32,8.0,0.01,0.395,0.605,0.95303,0.04697,69213.52
1775434770737,2026-04-06T00:19:30.737,btc-updown-15m-1775434500,1775435400,Down,100893488532948378195056263284213975654340604977648575704443574632138180628203,34075453531342936855819886999624556850557747171344755965581084782278498862840,0.39,0.4,8.0,162.32,0.01,0.6,0.61,162.32,8.0,0.01,0.395,0.605,0.95303,0.04697,69217.93
1775434771738,2026-04-06T00:19:31.738,btc-updown-15m-1775434500,1775435400,Down,100893488532948378195056263284213975654340604977648575704443574632138180628203,34075453531342936855819886999624556850557747171344755965581084782278498862840,0.4,0.41,40.39,29.0,0.01,0.59,0.6,29.0,40.39,0.01,0.405,0.595,0.417928,0.582072,69217.93
1775434772738,2026-04-06T00:19:32.738,btc-updown-15m-1775434500,1775435400,Down,100893488532948378195056263284213975654340604977648575704443574632138180628203,34075453531342936855819886999624556850557747171344755965581084782278498862840,0.4,0.41,28.19,17.0,0.01,0.59,0.6,17.0,28.19,0.01,0.405,0.595,0.376189,0.623811,69217.93
1775434773738,2026-04-06T00:19:33.738,btc-updown-15m-1775434500,1775435400,Down,100893488532948378195056263284213975654340604977648575704443574632138180628203,34075453531342936855819886999624556850557747171344755965581084782278498862840,0.39,0.41,13.19,87.97,0.02,0.59,0.61,87.97,13.19,0.02,0.4,0.6,0.869612,0.130388,69217.94
1775434774739,2026-04-06T00:19:34.739,btc-updown-15m-1775434500,1775435400,Down,100893488532948378195056263284213975654340604977648575704443574632138180628203,34075453531342936855819886999624556850557747171344755965581084782278498862840,0.39,0.41,13.19,87.97,0.02,0.59,0.61,87.97,13.19,0.02,0.4,0.6,0.869612,0.130388,69217.94
1775434775741,2026-04-06T00:19:35.741,btc-updown-15m-1775434500,1775435400,Down,100893488532948378195056263284213975654340604977648575704443574632138180628203,34075453531342936855819886999624556850557747171344755965581084782278498862840,0.4,0.41,35.0,9.99,0.01,0.59,0.6,9.99,35.0,0.01,0.405,0.595,0.222049,0.777951,69217.94
1775434776741,2026-04-06T00:19:36.741,btc-updown-15m-1775434500,1775435400,Down,100893488532948378195056263284213975654340604977648575704443574632138180628203,34075453531342936855819886999624556850557747171344755965581084782278498862840,0.4,0.41,35.0,9.99,0.01,0.59,0.6,9.99,35.0,0.01,0.405,0.595,0.222049,0.777951,69217.94
1775434777742,2026-04-06T00:19:37.742,btc-updown-15m-1775434500,1775435400,Down,100893488532948378195056263284213975654340604977648575704443574632138180628203,34075453531342936855819886999624556850557747171344755965581084782278498862840,0.4,0.41,35.0,9.99,0.01,0.59,0.6,9.99,35.0,0.01,0.405,0.595,0.222049,0.777951,69217.94
1775434778743,2026-04-06T00:19:38.743,btc-updown-15m-1775434500,1775435400,Down,100893488532948378195056263284213975654340604977648575704443574632138180628203,34075453531342936855819886999624556850557747171344755965581084782278498862840,0.4,0.41,35.0,9.99,0.01,0.59,0.6,9.99,35.0,0.01,0.405,0.595,0.222049,0.777951,69217.94
1775434779744,2026-04-06T00:19:39.744,btc-updown-15m-1775434500,1775435400,Down,100893488532948378195056263284213975654340604977648575704443574632138180628203,34075453531342936855819886999624556850557747171344755965581084782278498862840,0.39,0.4,60.75,37.0,0.01,0.6,0.61,37.0,60.75,0.01,0.395,0.605,0.378517,0.621483,69217.93
1775434780746,2026-04-06T00:19:40.746,btc-updown-15m-1775434500,1775435400,Down,100893488532948378195056263284213975654340604977648575704443574632138180628203,34075453531342936855819886999624556850557747171344755965581084782278498862840,0.39,0.4,60.75,37.0,0.01,0.6,0.61,37.0,60.75,0.01,0.395,0.605,0.378517,0.621483,69217.93
1775434781747,2026-04-06T00:19:41.747,btc-updown-15m-1775434500,1775435400,Down,100893488532948378195056263284213975654340604977648575704443574632138180628203,34075453531342936855819886999624556850557747171344755965581084782278498862840,0.39,0.4,65.87,55.6,0.01,0.6,0.61,55.6,65.87,0.01,0.395,0.605,0.457726,0.542274,69217.93
1775434782748,2026-04-06T00:19:42.748,btc-updown-15m-1775434500,1775435400,Down,100893488532948378195056263284213975654340604977648575704443574632138180628203,34075453531342936855819886999624556850557747171344755965581084782278498862840,0.39,0.4,51.0,69.54,0.01,0.6,0.61,69.54,51.0,0.01,0.395,0.605,0.576904,0.423096,69217.94
1775434783749,2026-04-06T00:19:43.749,btc-updown-15m-1775434500,1775435400,Down,100893488532948378195056263284213975654340604977648575704443574632138180628203,34075453531342936855819886999624556850557747171344755965581084782278498862840,0.39,0.41,243.88,69.54,0.02,0.59,0.61,69.54,243.88,0.02,0.4,0.6,0.221875,0.778125,69217.94
1775434784750,2026-04-06T00:19:44.750,btc-updown-15m-1775434500,1775435400,Down,100893488532948378195056263284213975654340604977648575704443574632138180628203,34075453531342936855819886999624556850557747171344755965581084782278498862840,0.39,0.41,243.88,69.54,0.02,0.59,0.61,69.54,243.88,0.02,0.4,0.6,0.221875,0.778125,69217.94
1775434785751,2026-04-06T00:19:45.751,btc-updown-15m-1775434500,1775435400,Down,100893488532948378195056263284213975654340604977648575704443574632138180628203,34075453531342936855819886999624556850557747171344755965581084782278498862840,0.38,0.4,194.87,74.0,0.02,0.6,0.62,74.0,194.87,0.02,0.39,0.61,0.275226,0.724774,69217.93
1775434786751,2026-04-06T00:19:46.751,btc-updown-15m-1775434500,1775435400,Down,100893488532948378195056263284213975654340604977648575704443574632138180628203,34075453531342936855819886999624556850557747171344755965581084782278498862840,0.38,0.39,5.0,57.0,0.01,0.61,0.62,57.0,5.0,0.01,0.385,0.615,0.919355,0.080645,69217.93
1775434787753,2026-04-06T00:19:47.753,btc-updown-15m-1775434500,1775435400,Down,100893488532948378195056263284213975654340604977648575704443574632138180628203,34075453531342936855819886999624556850557747171344755965581084782278498862840,0.39,0.4,200.0,20.0,0.01,0.6,0.61,20.0,200.0,0.01,0.395,0.605,0.090909,0.909091,69217.93
1775434788754,2026-04-06T00:19:48.754,btc-updown-15m-1775434500,1775435400,Down,100893488532948378195056263284213975654340604977648575704443574632138180628203,34075453531342936855819886999624556850557747171344755965581084782278498862840,0.39,0.4,200.0,20.0,0.01,0.6,0.61,20.0,200.0,0.01,0.395,0.605,0.090909,0.909091,69217.93
1775434789755,2026-04-06T00:19:49.755,btc-updown-15m-1775434500,1775435400,Down,100893488532948378195056263284213975654340604977648575704443574632138180628203,34075453531342936855819886999624556850557747171344755965581084782278498862840,0.39,0.4,200.0,20.0,0.01,0.6,0.61,20.0,200.0,0.01,0.395,0.605,0.090909,0.909091,69217.93
1775434790756,2026-04-06T00:19:50.756,btc-updown-15m-1775434500,1775435400,Down,100893488532948378195056263284213975654340604977648575704443574632138180628203,34075453531342936855819886999624556850557747171344755965581084782278498862840,0.38,0.4,11.04,80.0,0.02,0.6,0.62,80.0,11.04,0.02,0.39,0.61,0.878735,0.121265,69217.93
1775434791758,2026-04-06T00:19:51.758,btc-updown-15m-1775434500,1775435400,Down,100893488532948378195056263284213975654340604977648575704443574632138180628203,34075453531342936855819886999624556850557747171344755965581084782278498862840,0.38,0.4,11.04,80.0,0.02,0.6,0.62,80.0,11.04,0.02,0.39,0.61,0.878735,0.121265,69217.94
1775434792758,2026-04-06T00:19:52.758,btc-updown-15m-1775434500,1775435400,Down,100893488532948378195056263284213975654340604977648575704443574632138180628203,34075453531342936855819886999624556850557747171344755965581084782278498862840,0.38,0.41,180.88,1029.5,0.03,0.59,0.62,1029.5,180.88,0.03,0.395,0.605,0.850559,0.149441,69217.94
1775434793759,2026-04-06T00:19:53.759,btc-updown-15m-1775434500,1775435400,Down,100893488532948378195056263284213975654340604977648575704443574632138180628203,34075453531342936855819886999624556850557747171344755965581084782278498862840,0.38,0.41,180.88,1029.5,0.03,0.59,0.62,1029.5,180.88,0.03,0.395,0.605,0.850559,0.149441,69217.94
1775434794761,2026-04-06T00:19:54.761,btc-updown-15m-1775434500,1775435400,Down,100893488532948378195056263284213975654340604977648575704443574632138180628203,34075453531342936855819886999624556850557747171344755965581084782278498862840,0.4,0.41,228.88,96.4,0.01,0.59,0.6,96.4,228.88,0.01,0.405,0.595,0.29636,0.70364,69222.98
1775434795762,2026-04-06T00:19:55.762,btc-updown-15m-1775434500,1775435400,Down,100893488532948378195056263284213975654340604977648575704443574632138180628203,34075453531342936855819886999624556850557747171344755965581084782278498862840,0.4,0.41,228.88,96.4,0.01,0.59,0.6,96.4,228.88,0.01,0.405,0.595,0.29636,0.70364,69222.98
1775434796763,2026-04-06T00:19:56.763,btc-updown-15m-1775434500,1775435400,Down,100893488532948378195056263284213975654340604977648575704443574632138180628203,34075453531342936855819886999624556850557747171344755965581084782278498862840,0.4,0.41,228.88,96.4,0.01,0.59,0.6,96.4,228.88,0.01,0.405,0.595,0.29636,0.70364,69222.98
1775434797764,2026-04-06T00:19:57.764,btc-updown-15m-1775434500,1775435400,Down,100893488532948378195056263284213975654340604977648575704443574632138180628203,34075453531342936855819886999624556850557747171344755965581084782278498862840,0.4,0.41,228.88,96.4,0.01,0.59,0.6,96.4,228.88,0.01,0.405,0.595,0.29636,0.70364,69219.12
1775434798764,2026-04-06T00:19:58.764,btc-updown-15m-1775434500,1775435400,Down,100893488532948378195056263284213975654340604977648575704443574632138180628203,34075453531342936855819886999624556850557747171344755965581084782278498862840,0.4,0.41,228.88,96.4,0.01,0.59,0.6,96.4,228.88,0.01,0.405,0.595,0.29636,0.70364,69219.12
1775434799765,2026-04-06T00:19:59.765,btc-updown-15m-1775434500,1775435400,Down,100893488532948378195056263284213975654340604977648575704443574632138180628203,34075453531342936855819886999624556850557747171344755965581084782278498862840,0.4,0.41,228.88,96.4,0.01,0.59,0.6,96.4,228.88,0.01,0.405,0.595,0.29636,0.70364,69219.12
1775434800765,2026-04-06T00:20:00.765,btc-updown-15m-1775434500,1775435400,Down,100893488532948378195056263284213975654340604977648575704443574632138180628203,34075453531342936855819886999624556850557747171344755965581084782278498862840,0.36,0.39,195.5,108.0,0.03,0.61,0.64,108.0,195.5,0.03,0.375,0.625,0.355848,0.644152,69210.34
1775434801766,2026-04-06T00:20:01.766,btc-updown-15m-1775434500,1775435400,Down,100893488532948378195056263284213975654340604977648575704443574632138180628203,34075453531342936855819886999624556850557747171344755965581084782278498862840,0.33,0.34,31.0,125.24,0.01,0.66,0.67,126.74,31.0,0.01,0.335,0.665,0.801587,0.196526,69210.34
1775434802766,2026-04-06T00:20:02.766,btc-updown-15m-1775434500,1775435400,Down,100893488532948378195056263284213975654340604977648575704443574632138180628203,34075453531342936855819886999624556850557747171344755965581084782278498862840,0.35,0.36,27.0,35.71,0.01,0.64,0.65,35.71,27.0,0.01,0.355,0.645,0.569447,0.430553,69210.34
1775434803768,2026-04-06T00:20:03.768,btc-updown-15m-1775434500,1775435400,Down,100893488532948378195056263284213975654340604977648575704443574632138180628203,34075453531342936855819886999624556850557747171344755965581084782278498862840,0.35,0.36,37.0,48.21,0.01,0.64,0.65,48.21,37.0,0.01,0.355,0.645,0.565779,0.434221,69201.1
1775434804769,2026-04-06T00:20:04.769,btc-updown-15m-1775434500,1775435400,Down,100893488532948378195056263284213975654340604977648575704443574632138180628203,34075453531342936855819886999624556850557747171344755965581084782278498862840,0.33,0.34,188.31,25.54,0.01,0.66,0.67,25.54,188.31,0.01,0.335,0.665,0.11943,0.88057,69201.1
1775434805769,2026-04-06T00:20:05.769,btc-updown-15m-1775434500,1775435400,Down,100893488532948378195056263284213975654340604977648575704443574632138180628203,34075453531342936855819886999624556850557747171344755965581084782278498862840,0.25,0.26,65.0,44.76,0.01,0.74,0.75,44.76,65.0,0.01,0.255,0.745,0.407799,0.592201,69201.1
1775434806770,2026-04-06T00:20:06.770,btc-updown-15m-1775434500,1775435400,Down,100893488532948378195056263284213975654340604977648575704443574632138180628203,34075453531342936855819886999624556850557747171344755965581084782278498862840,0.28,0.3,11.03,10.52,0.02,0.7,0.72,10.52,11.03,0.02,0.29,0.71,0.488167,0.511833,69172.77
1775434807770,2026-04-06T00:20:07.770,btc-updown-15m-1775434500,1775435400,Down,100893488532948378195056263284213975654340604977648575704443574632138180628203,34075453531342936855819886999624556850557747171344755965581084782278498862840,0.27,0.29,8.85,71.0,0.02,0.71,0.73,71.0,8.85,0.02,0.28,0.72,0.889167,0.110833,69172.77
1775434808770,2026-04-06T00:20:08.770,btc-updown-15m-1775434500,1775435400,Down,100893488532948378195056263284213975654340604977648575704443574632138180628203,34075453531342936855819886999624556850557747171344755965581084782278498862840,0.28,0.31,67.43,957.91,0.03,0.69,0.72,957.91,67.43,0.03,0.295,0.705,0.934236,0.065764,69172.77
1775434809772,2026-04-06T00:20:09.772,btc-updown-15m-1775434500,1775435400,Down,100893488532948378195056263284213975654340604977648575704443574632138180628203,34075453531342936855819886999624556850557747171344755965581084782278498862840,0.29,0.3,7.96,817.54,0.01,0.7,0.71,817.54,7.96,0.01,0.295,0.705,0.990357,0.009643,69173.81
1775434810773,2026-04-06T00:20:10.773,btc-updown-15m-1775434500,1775435400,Down,100893488532948378195056263284213975654340604977648575704443574632138180628203,34075453531342936855819886999624556850557747171344755965581084782278498862840,0.29,0.3,7.96,817.54,0.01,0.7,0.71,817.54,7.96,0.01,0.295,0.705,0.990357,0.009643,69173.81
1775434811774,2026-04-06T00:20:11.774,btc-updown-15m-1775434500,1775435400,Down,100893488532948378195056263284213975654340604977648575704443574632138180628203,34075453531342936855819886999624556850557747171344755965581084782278498862840,0.3,0.31,5.0,906.0,0.01,0.69,0.7,906.0,5.0,0.01,0.305,0.695,0.994512,0.005488,69173.81
1775434812774,2026-04-06T00:20:12.774,btc-updown-15m-1775434500,1775435400,Down,100893488532948378195056263284213975654340604977648575704443574632138180628203,34075453531342936855819886999624556850557747171344755965581084782278498862840,0.31,0.32,230.5,110.06,0.01,0.68,0.69,110.06,230.5,0.01,0.315,0.685,0.323174,0.676826,69177.78
1775434813775,2026-04-06T00:20:13.775,btc-updown-15m-1775434500,1775435400,Down,100893488532948378195056263284213975654340604977648575704443574632138180628203,34075453531342936855819886999624556850557747171344755965581084782278498862840,0.3,0.31,28.0,850.0,0.01,0.69,0.7,850.0,28.0,0.01,0.305,0.695,0.968109,0.031891,69177.78
1775434814776,2026-04-06T00:20:14.776,btc-updown-15m-1775434500,1775435400,Down,100893488532948378195056263284213975654340604977648575704443574632138180628203,34075453531342936855819886999624556850557747171344755965581084782278498862840,0.3,0.31,28.0,850.0,0.01,0.69,0.7,850.0,28.0,0.01,0.305,0.695,0.968109,0.031891,69177.78
1775434815776,2026-04-06T00:20:15.776,btc-updown-15m-1775434500,1775435400,Down,100893488532948378195056263284213975654340604977648575704443574632138180628203,34075453531342936855819886999624556850557747171344755965581084782278498862840,0.3,0.31,33.0,808.86,0.01,0.69,0.7,808.86,33.0,0.01,0.305,0.695,0.960801,0.039199,69177.78
1775434816777,2026-04-06T00:20:16.777,btc-updown-15m-1775434500,1775435400,Down,100893488532948378195056263284213975654340604977648575704443574632138180628203,34075453531342936855819886999624556850557747171344755965581084782278498862840,0.3,0.31,78.0,781.57,0.01,0.69,0.7,781.57,78.0,0.01,0.305,0.695,0.909257,0.090743,69177.78
1775434817777,2026-04-06T00:20:17.777,btc-updown-15m-1775434500,1775435400,Down,100893488532948378195056263284213975654340604977648575704443574632138180628203,34075453531342936855819886999624556850557747171344755965581084782278498862840,0.31,0.32,49.5,84.0,0.01,0.68,0.69,84.0,49.5,0.01,0.315,0.685,0.629213,0.370787,69177.78
1775434818778,2026-04-06T00:20:18.778,btc-updown-15m-1775434500,1775435400,Down,100893488532948378195056263284213975654340604977648575704443574632138180628203,34075453531342936855819886999624556850557747171344755965581084782278498862840,0.3,0.32,52.0,873.57,0.02,0.68,0.7,873.57,52.0,0.02,0.31,0.69,0.943818,0.056182,69177.78
1775434819779,2026-04-06T00:20:19.779,btc-updown-15m-1775434500,1775435400,Down,100893488532948378195056263284213975654340604977648575704443574632138180628203,34075453531342936855819886999624556850557747171344755965581084782278498862840,0.3,0.32,52.0,873.57,0.02,0.68,0.7,873.57,52.0,0.02,0.31,0.69,0.943818,0.056182,69177.78
1775434820779,2026-04-06T00:20:20.779,btc-updown-15m-1775434500,1775435400,Down,100893488532948378195056263284213975654340604977648575704443574632138180628203,34075453531342936855819886999624556850557747171344755965581084782278498862840,0.3,0.32,52.0,873.57,0.02,0.68,0.7,873.57,52.0,0.02,0.31,0.69,0.943818,0.056182,69177.78
1775434821781,2026-04-06T00:20:21.781,btc-updown-15m-1775434500,1775435400,Down,100893488532948378195056263284213975654340604977648575704443574632138180628203,34075453531342936855819886999624556850557747171344755965581084782278498862840,0.3,0.32,52.0,873.57,0.02,0.68,0.7,873.57,52.0,0.02,0.31,0.69,0.943818,0.056182,69177.78
1775434822782,2026-04-06T00:20:22.782,btc-updown-15m-1775434500,1775435400,Down,100893488532948378195056263284213975654340604977648575704443574632138180628203,34075453531342936855819886999624556850557747171344755965581084782278498862840,0.3,0.31,15.0,709.39,0.01,0.69,0.7,709.39,15.0,0.01,0.305,0.695,0.979293,0.020707,69177.78
1775434823782,2026-04-06T00:20:23.782,btc-updown-15m-1775434500,1775435400,Down,100893488532948378195056263284213975654340604977648575704443574632138180628203,34075453531342936855819886999624556850557747171344755965581084782278498862840,0.3,0.31,15.0,709.39,0.01,0.69,0.7,709.39,15.0,0.01,0.305,0.695,0.979293,0.020707,69177.78
1775434824783,2026-04-06T00:20:24.783,btc-updown-15m-1775434500,1775435400,Down,100893488532948378195056263284213975654340604977648575704443574632138180628203,34075453531342936855819886999624556850557747171344755965581084782278498862840,0.31,0.32,52.0,53.97,0.01,0.68,0.69,53.97,52.0,0.01,0.315,0.685,0.509295,0.490705,69177.78
1775434825784,2026-04-06T00:20:25.784,btc-updown-15m-1775434500,1775435400,Down,100893488532948378195056263284213975654340604977648575704443574632138180628203,34075453531342936855819886999624556850557747171344755965581084782278498862840,0.31,0.32,217.0,40.72,0.01,0.68,0.69,40.72,217.0,0.01,0.315,0.685,0.158001,0.841999,69177.78
1775434826784,2026-04-06T00:20:26.784,btc-updown-15m-1775434500,1775435400,Down,100893488532948378195056263284213975654340604977648575704443574632138180628203,34075453531342936855819886999624556850557747171344755965581084782278498862840,0.31,0.32,260.46,15.04,0.01,0.68,0.69,15.04,260.46,0.01,0.315,0.685,0.054592,0.945408,69177.78
1775434827786,2026-04-06T00:20:27.786,btc-updown-15m-1775434500,1775435400,Down,100893488532948378195056263284213975654340604977648575704443574632138180628203,34075453531342936855819886999624556850557747171344755965581084782278498862840,0.29,0.32,250.46,792.04,0.03,0.68,0.71,792.04,250.46,0.03,0.305,0.695,0.759751,0.240249,69176.41
1775434828787,2026-04-06T00:20:28.787,btc-updown-15m-1775434500,1775435400,Down,100893488532948378195056263284213975654340604977648575704443574632138180628203,34075453531342936855819886999624556850557747171344755965581084782278498862840,0.29,0.32,250.46,792.04,0.03,0.68,0.71,792.04,250.46,0.03,0.305,0.695,0.759751,0.240249,69176.41
1775434829789,2026-04-06T00:20:29.789,btc-updown-15m-1775434500,1775435400,Down,100893488532948378195056263284213975654340604977648575704443574632138180628203,34075453531342936855819886999624556850557747171344755965581084782278498862840,0.29,0.32,250.46,792.04,0.03,0.68,0.71,792.04,250.46,0.03,0.305,0.695,0.759751,0.240249,69176.41
1775434830790,2026-04-06T00:20:30.790,btc-updown-15m-1775434500,1775435400,Down,100893488532948378195056263284213975654340604977648575704443574632138180628203,34075453531342936855819886999624556850557747171344755965581084782278498862840,0.29,0.3,20.0,822.56,0.01,0.7,0.71,822.56,20.0,0.01,0.295,0.705,0.976263,0.023737,69176.41
1775434831790,2026-04-06T00:20:31.790,btc-updown-15m-1775434500,1775435400,Down,100893488532948378195056263284213975654340604977648575704443574632138180628203,34075453531342936855819886999624556850557747171344755965581084782278498862840,0.29,0.31,40.09,813.78,0.02,0.69,0.71,813.78,40.09,0.02,0.3,0.7,0.953049,0.046951,69176.41
1775434832791,2026-04-06T00:20:32.791,btc-updown-15m-1775434500,1775435400,Down,100893488532948378195056263284213975654340604977648575704443574632138180628203,34075453531342936855819886999624556850557747171344755965581084782278498862840,0.3,0.31,7.09,72.94,0.01,0.69,0.7,72.94,7.09,0.01,0.305,0.695,0.911408,0.088592,69176.41
1775434833791,2026-04-06T00:20:33.791,btc-updown-15m-1775434500,1775435400,Down,100893488532948378195056263284213975654340604977648575704443574632138180628203,34075453531342936855819886999624556850557747171344755965581084782278498862840,0.3,0.31,1.77,18.3,0.01,0.69,0.7,18.3,1.77,0.01,0.305,0.695,0.911809,0.088191,69176.4
1775434834792,2026-04-06T00:20:34.792,btc-updown-15m-1775434500,1775435400,Down,100893488532948378195056263284213975654340604977648575704443574632138180628203,34075453531342936855819886999624556850557747171344755965581084782278498862840,0.3,0.31,1.77,18.3,0.01,0.69,0.7,18.3,1.77,0.01,0.305,0.695,0.911809,0.088191,69176.4
1775434835793,2026-04-06T00:20:35.793,btc-updown-15m-1775434500,1775435400,Down,100893488532948378195056263284213975654340604977648575704443574632138180628203,34075453531342936855819886999624556850557747171344755965581084782278498862840,0.3,0.31,13.77,14.72,0.01,0.69,0.7,14.72,13.77,0.01,0.305,0.695,0.516673,0.483327,69176.4
1775434836794,2026-04-06T00:20:36.794,btc-updown-15m-1775434500,1775435400,Down,100893488532948378195056263284213975654340604977648575704443574632138180628203,34075453531342936855819886999624556850557747171344755965581084782278498862840,0.3,0.31,13.77,14.72,0.01,0.69,0.7,14.72,13.77,0.01,0.305,0.695,0.516673,0.483327,69176.4
1775434837794,2026-04-06T00:20:37.794,btc-updown-15m-1775434500,1775435400,Down,100893488532948378195056263284213975654340604977648575704443574632138180628203,34075453531342936855819886999624556850557747171344755965581084782278498862840,0.3,0.31,13.77,14.72,0.01,0.69,0.7,14.72,13.77,0.01,0.305,0.695,0.516673,0.483327,69176.4
1775434838795,2026-04-06T00:20:38.795,btc-updown-15m-1775434500,1775435400,Down,100893488532948378195056263284213975654340604977648575704443574632138180628203,34075453531342936855819886999624556850557747171344755965581084782278498862840,0.3,0.31,13.77,14.72,0.01,0.69,0.7,14.72,13.77,0.01,0.305,0.695,0.516673,0.483327,69176.4
1775434839795,2026-04-06T00:20:39.795,btc-updown-15m-1775434500,1775435400,Down,100893488532948378195056263284213975654340604977648575704443574632138180628203,34075453531342936855819886999624556850557747171344755965581084782278498862840,0.31,0.32,258.74,19.0,0.01,0.68,0.69,19.0,258.74,0.01,0.315,0.685,0.068409,0.931591,69176.4
1775434840797,2026-04-06T00:20:40.797,btc-updown-15m-1775434500,1775435400,Down,100893488532948378195056263284213975654340604977648575704443574632138180628203,34075453531342936855819886999624556850557747171344755965581084782278498862840,0.31,0.32,249.36,19.0,0.01,0.68,0.69,19.0,258.74,0.01,0.315,0.685,0.0708,0.931591,69176.4
1775434841797,2026-04-06T00:20:41.797,btc-updown-15m-1775434500,1775435400,Down,100893488532948378195056263284213975654340604977648575704443574632138180628203,34075453531342936855819886999624556850557747171344755965581084782278498862840,0.31,0.32,241.89,4.79,0.01,0.68,0.69,4.79,241.89,0.01,0.315,0.685,0.019418,0.980582,69176.4
1775434842798,2026-04-06T00:20:42.798,btc-updown-15m-1775434500,1775435400,Down,100893488532948378195056263284213975654340604977648575704443574632138180628203,34075453531342936855819886999624556850557747171344755965581084782278498862840,0.31,0.32,241.89,2.76,0.01,0.68,0.69,2.76,241.89,0.01,0.315,0.685,0.011281,0.988719,69176.4
1775434843798,2026-04-06T00:20:43.798,btc-updown-15m-1775434500,1775435400,Down,100893488532948378195056263284213975654340604977648575704443574632138180628203,34075453531342936855819886999624556850557747171344755965581084782278498862840,0.31,0.32,241.89,2.76,0.01,0.68,0.69,2.76,241.89,0.01,0.315,0.685,0.011281,0.988719,69176.4
1775434844799,2026-04-06T00:20:44.799,btc-updown-15m-1775434500,1775435400,Down,100893488532948378195056263284213975654340604977648575704443574632138180628203,34075453531342936855819886999624556850557747171344755965581084782278498862840,0.31,0.32,47.51,2.76,0.01,0.68,0.69,2.76,47.51,0.01,0.315,0.685,0.054904,0.945096,69176.4
1775434845800,2026-04-06T00:20:45.800,btc-updown-15m-1775434500,1775435400,Down,100893488532948378195056263284213975654340604977648575704443574632138180628203,34075453531342936855819886999624556850557747171344755965581084782278498862840,0.3,0.32,59.51,83.48,0.02,0.68,0.7,83.48,59.51,0.02,0.31,0.69,0.583817,0.416183,69176.4
1775434846800,2026-04-06T00:20:46.800,btc-updown-15m-1775434500,1775435400,Down,100893488532948378195056263284213975654340604977648575704443574632138180628203,34075453531342936855819886999624556850557747171344755965581084782278498862840,0.28,0.29,64.0,908.56,0.01,0.7,0.72,75.5,107.53,0.02,0.285,0.71,0.934194,0.587499,69176.4
1775434847801,2026-04-06T00:20:47.801,btc-updown-15m-1775434500,1775435400,Down,100893488532948378195056263284213975654340604977648575704443574632138180628203,34075453531342936855819886999624556850557747171344755965581084782278498862840,0.28,0.29,64.0,908.56,0.01,0.71,0.72,908.56,64.0,0.01,0.285,0.715,0.934194,0.065806,69176.4
1775434848802,2026-04-06T00:20:48.802,btc-updown-15m-1775434500,1775435400,Down,100893488532948378195056263284213975654340604977648575704443574632138180628203,34075453531342936855819886999624556850557747171344755965581084782278498862840,0.24,0.29,1124.5,804.46,0.05,0.71,0.76,804.46,1124.5,0.05,0.265,0.735,0.417043,0.582957,69160.22
1775434849804,2026-04-06T00:20:49.804,btc-updown-15m-1775434500,1775435400,Down,100893488532948378195056263284213975654340604977648575704443574632138180628203,34075453531342936855819886999624556850557747171344755965581084782278498862840,0.25,0.26,175.0,29.5,0.01,0.74,0.75,29.5,175.0,0.01,0.255,0.745,0.144254,0.855746,69160.22
1775434850805,2026-04-06T00:20:50.805,btc-updown-15m-1775434500,1775435400,Down,100893488532948378195056263284213975654340604977648575704443574632138180628203,34075453531342936855819886999624556850557747171344755965581084782278498862840,0.25,0.26,22.39,12.0,0.01,0.74,0.75,12.0,22.39,0.01,0.255,0.745,0.348939,0.651061,69160.22
1775434851805,2026-04-06T00:20:51.805,btc-updown-15m-1775434500,1775435400,Down,100893488532948378195056263284213975654340604977648575704443574632138180628203,34075453531342936855819886999624556850557747171344755965581084782278498862840,0.25,0.26,22.39,12.0,0.01,0.74,0.75,12.0,22.39,0.01,0.255,0.745,0.348939,0.651061,69157.63
1775434852806,2026-04-06T00:20:52.806,btc-updown-15m-1775434500,1775435400,Down,100893488532948378195056263284213975654340604977648575704443574632138180628203,34075453531342936855819886999624556850557747171344755965581084782278498862840,0.24,0.25,50.0,824.34,0.01,0.75,0.76,824.34,50.0,0.01,0.245,0.755,0.942814,0.057186,69157.63
1775434853806,2026-04-06T00:20:53.806,btc-updown-15m-1775434500,1775435400,Down,100893488532948378195056263284213975654340604977648575704443574632138180628203,34075453531342936855819886999624556850557747171344755965581084782278498862840,0.24,0.25,50.0,57.72,0.01,0.75,0.76,57.72,50.0,0.01,0.245,0.755,0.535834,0.464166,69157.63
1775434854807,2026-04-06T00:20:54.807,btc-updown-15m-1775434500,1775435400,Down,100893488532948378195056263284213975654340604977648575704443574632138180628203,34075453531342936855819886999624556850557747171344755965581084782278498862840,0.24,0.25,50.0,15.72,0.01,0.75,0.76,15.72,50.0,0.01,0.245,0.755,0.239197,0.760803,69150.01
1775434855808,2026-04-06T00:20:55.808,btc-updown-15m-1775434500,1775435400,Down,100893488532948378195056263284213975654340604977648575704443574632138180628203,34075453531342936855819886999624556850557747171344755965581084782278498862840,0.23,0.24,270.45,91.24,0.01,0.76,0.77,91.24,281.95,0.01,0.235,0.765,0.25226,0.755513,69150.01
1775434856809,2026-04-06T00:20:56.809,btc-updown-15m-1775434500,1775435400,Down,100893488532948378195056263284213975654340604977648575704443574632138180628203,34075453531342936855819886999624556850557747171344755965581084782278498862840,0.23,0.24,256.28,59.04,0.01,0.76,0.77,59.04,256.28,0.01,0.235,0.765,0.187238,0.812762,69150.01
1775434857811,2026-04-06T00:20:57.811,btc-updown-15m-1775434500,1775435400,Down,100893488532948378195056263284213975654340604977648575704443574632138180628203,34075453531342936855819886999624556850557747171344755965581084782278498862840,0.23,0.24,251.28,53.04,0.01,0.76,0.77,53.04,251.28,0.01,0.235,0.765,0.17429,0.82571,69143.79
1775434858812,2026-04-06T00:20:58.812,btc-updown-15m-1775434500,1775435400,Down,100893488532948378195056263284213975654340604977648575704443574632138180628203,34075453531342936855819886999624556850557747171344755965581084782278498862840,0.23,0.24,258.8,53.04,0.01,0.76,0.77,53.04,258.8,0.01,0.235,0.765,0.170087,0.829913,69143.79
1775434859814,2026-04-06T00:20:59.814,btc-updown-15m-1775434500,1775435400,Down,100893488532948378195056263284213975654340604977648575704443574632138180628203,34075453531342936855819886999624556850557747171344755965581084782278498862840,0.23,0.24,236.3,45.44,0.01,0.76,0.77,47.52,258.8,0.01,0.235,0.765,0.161283,0.844868,69143.79
1775434860815,2026-04-06T00:21:00.815,btc-updown-15m-1775434500,1775435400,Down,100893488532948378195056263284213975654340604977648575704443574632138180628203,34075453531342936855819886999624556850557747171344755965581084782278498862840,0.22,0.24,155.5,6.94,0.02,0.76,0.78,6.94,155.5,0.02,0.23,0.77,0.042723,0.957277,69131.37
1775434861815,2026-04-06T00:21:01.815,btc-updown-15m-1775434500,1775435400,Down,100893488532948378195056263284213975654340604977648575704443574632138180628203,34075453531342936855819886999624556850557747171344755965581084782278498862840,0.19,0.2,17.14,6.26,0.01,0.8,0.81,6.26,17.14,0.01,0.195,0.805,0.267521,0.732479,69131.37
1775434862816,2026-04-06T00:21:02.816,btc-updown-15m-1775434500,1775435400,Down,100893488532948378195056263284213975654340604977648575704443574632138180628203,34075453531342936855819886999624556850557747171344755965581084782278498862840,0.18,0.19,144.99,123.61,0.01,0.81,0.82,123.61,144.99,0.01,0.185,0.815,0.460201,0.539799,69131.37
1775434863816,2026-04-06T00:21:03.816,btc-updown-15m-1775434500,1775435400,Down,100893488532948378195056263284213975654340604977648575704443574632138180628203,34075453531342936855819886999624556850557747171344755965581084782278498862840,0.15,0.16,86.55,268.23,0.01,0.84,0.85,268.23,86.55,0.01,0.155,0.845,0.756046,0.243954,69115.67
1775434864817,2026-04-06T00:21:04.817,btc-updown-15m-1775434500,1775435400,Down,100893488532948378195056263284213975654340604977648575704443574632138180628203,34075453531342936855819886999624556850557747171344755965581084782278498862840,0.13,0.16,124.5,188.0,0.03,0.84,0.87,188.0,124.5,0.03,0.145,0.855,0.6016,0.3984,69115.67
1775434865818,2026-04-06T00:21:05.818,btc-updown-15m-1775434500,1775435400,Down,100893488532948378195056263284213975654340604977648575704443574632138180628203,34075453531342936855819886999624556850557747171344755965581084782278498862840,0.13,0.14,6.5,798.42,0.01,0.86,0.87,798.42,6.5,0.01,0.135,0.865,0.991925,0.008075,69115.67
1775434866819,2026-04-06T00:21:06.819,btc-updown-15m-1775434500,1775435400,Down,100893488532948378195056263284213975654340604977648575704443574632138180628203,34075453531342936855819886999624556850557747171344755965581084782278498862840,0.11,0.12,77.0,1185.26,0.01,0.88,0.89,1185.26,77.0,0.01,0.115,0.885,0.938998,0.061002,69080.85
1775434867820,2026-04-06T00:21:07.820,btc-updown-15m-1775434500,1775435400,Down,100893488532948378195056263284213975654340604977648575704443574632138180628203,34075453531342936855819886999624556850557747171344755965581084782278498862840,0.11,0.12,32.66,1157.45,0.01,0.88,0.89,1208.63,32.66,0.01,0.115,0.885,0.972557,0.026311,69080.85
1775434868820,2026-04-06T00:21:08.820,btc-updown-15m-1775434500,1775435400,Down,100893488532948378195056263284213975654340604977648575704443574632138180628203,34075453531342936855819886999624556850557747171344755965581084782278498862840,0.11,0.12,31.28,1126.63,0.01,0.88,0.89,1126.63,31.28,0.01,0.115,0.885,0.972986,0.027014,69080.85
1775434869821,2026-04-06T00:21:09.821,btc-updown-15m-1775434500,1775435400,Down,100893488532948378195056263284213975654340604977648575704443574632138180628203,34075453531342936855819886999624556850557747171344755965581084782278498862840,0.13,0.14,218.94,37.0,0.01,0.86,0.87,37.0,218.94,0.01,0.135,0.865,0.144565,0.855435,69098.78
1775434870822,2026-04-06T00:21:10.822,btc-updown-15m-1775434500,1775435400,Down,100893488532948378195056263284213975654340604977648575704443574632138180628203,34075453531342936855819886999624556850557747171344755965581084782278498862840,0.15,0.16,165.0,902.0,0.01,0.84,0.85,902.0,165.0,0.01,0.155,0.845,0.845361,0.154639,69098.78
1775434871822,2026-04-06T00:21:11.822,btc-updown-15m-1775434500,1775435400,Down,100893488532948378195056263284213975654340604977648575704443574632138180628203,34075453531342936855819886999624556850557747171344755965581084782278498862840,0.18,0.19,263.31,5.0,0.01,0.81,0.82,5.0,263.31,0.01,0.185,0.815,0.018635,0.981365,69098.78
1775434872823,2026-04-06T00:21:12.823,btc-updown-15m-1775434500,1775435400,Down,100893488532948378195056263284213975654340604977648575704443574632138180628203,34075453531342936855819886999624556850557747171344755965581084782278498862840,0.2,0.22,178.0,825.0,0.02,0.78,0.8,825.0,178.0,0.02,0.21,0.79,0.822532,0.177468,69128.66
1775434873824,2026-04-06T00:21:13.824,btc-updown-15m-1775434500,1775435400,Down,100893488532948378195056263284213975654340604977648575704443574632138180628203,34075453531342936855819886999624556850557747171344755965581084782278498862840,0.18,0.19,63.0,4.39,0.01,0.81,0.82,4.39,63.0,0.01,0.185,0.815,0.065143,0.934857,69128.66
1775434874825,2026-04-06T00:21:14.825,btc-updown-15m-1775434500,1775435400,Down,100893488532948378195056263284213975654340604977648575704443574632138180628203,34075453531342936855819886999624556850557747171344755965581084782278498862840,0.17,0.19,77.46,846.56,0.02,0.81,0.83,846.56,77.46,0.02,0.18,0.82,0.916171,0.083829,69128.66
1775434875826,2026-04-06T00:21:15.826,btc-updown-15m-1775434500,1775435400,Down,100893488532948378195056263284213975654340604977648575704443574632138180628203,34075453531342936855819886999624556850557747171344755965581084782278498862840,0.12,0.13,142.5,28.0,0.01,0.86,0.88,918.65,140.5,0.02,0.125,0.87,0.164223,0.132654,69082.29
1775434876827,2026-04-06T00:21:16.827,btc-updown-15m-1775434500,1775435400,Down,100893488532948378195056263284213975654340604977648575704443574632138180628203,34075453531342936855819886999624556850557747171344755965581084782278498862840,0.12,0.13,85.0,821.69,0.01,0.87,0.88,821.69,85.0,0.01,0.125,0.875,0.906252,0.093748,69082.29
1775434877827,2026-04-06T00:21:17.827,btc-updown-15m-1775434500,1775435400,Down,100893488532948378195056263284213975654340604977648575704443574632138180628203,34075453531342936855819886999624556850557747171344755965581084782278498862840,0.15,0.17,65.5,118.47,0.02,0.83,0.85,118.47,65.5,0.02,0.16,0.84,0.643964,0.356036,69082.29
1775434878828,2026-04-06T00:21:18.828,btc-updown-15m-1775434500,1775435400,Down,100893488532948378195056263284213975654340604977648575704443574632138180628203,34075453531342936855819886999624556850557747171344755965581084782278498862840,0.17,0.18,201.61,39.2,0.01,0.82,0.83,39.2,201.61,0.01,0.175,0.825,0.162784,0.837216,69113.87
1775434879829,2026-04-06T00:21:19.829,btc-updown-15m-1775434500,1775435400,Down,100893488532948378195056263284213975654340604977648575704443574632138180628203,34075453531342936855819886999624556850557747171344755965581084782278498862840,0.16,0.18,196.16,998.81,0.02,0.82,0.84,998.81,196.16,0.02,0.17,0.83,0.835845,0.164155,69113.87
1775434880830,2026-04-06T00:21:20.830,btc-updown-15m-1775434500,1775435400,Down,100893488532948378195056263284213975654340604977648575704443574632138180628203,34075453531342936855819886999624556850557747171344755965581084782278498862840,0.16,0.17,12.99,973.81,0.01,0.83,0.84,973.81,12.99,0.01,0.165,0.835,0.986836,0.013164,69113.87
1775434881830,2026-04-06T00:21:21.830,btc-updown-15m-1775434500,1775435400,Down,100893488532948378195056263284213975654340604977648575704443574632138180628203,34075453531342936855819886999624556850557747171344755965581084782278498862840,0.18,0.19,16.94,5.61,0.01,0.81,0.82,5.61,16.94,0.01,0.185,0.815,0.24878,0.75122,69120.65
1775434882831,2026-04-06T00:21:22.831,btc-updown-15m-1775434500,1775435400,Down,100893488532948378195056263284213975654340604977648575704443574632138180628203,34075453531342936855819886999624556850557747171344755965581084782278498862840,0.15,0.16,121.0,7.0,0.01,0.84,0.85,7.0,121.0,0.01,0.155,0.845,0.054688,0.945312,69120.65
1775434883832,2026-04-06T00:21:23.832,btc-updown-15m-1775434500,1775435400,Down,100893488532948378195056263284213975654340604977648575704443574632138180628203,34075453531342936855819886999624556850557747171344755965581084782278498862840,0.15,0.16,67.0,1.5,0.01,0.84,0.85,1.5,67.0,0.01,0.155,0.845,0.021898,0.978102,69120.65
1775434884833,2026-04-06T00:21:24.833,btc-updown-15m-1775434500,1775435400,Down,100893488532948378195056263284213975654340604977648575704443574632138180628203,34075453531342936855819886999624556850557747171344755965581084782278498862840,0.14,0.15,27.26,1039.79,0.01,0.85,0.86,1039.79,27.26,0.01,0.145,0.855,0.974453,0.025547,69107.87
1775434885834,2026-04-06T00:21:25.834,btc-updown-15m-1775434500,1775435400,Down,100893488532948378195056263284213975654340604977648575704443574632138180628203,34075453531342936855819886999624556850557747171344755965581084782278498862840,0.14,0.15,27.26,1039.79,0.01,0.85,0.86,1039.79,27.26,0.01,0.145,0.855,0.974453,0.025547,69107.87
1775434886835,2026-04-06T00:21:26.835,btc-updown-15m-1775434500,1775435400,Down,100893488532948378195056263284213975654340604977648575704443574632138180628203,34075453531342936855819886999624556850557747171344755965581084782278498862840,0.14,0.15,20.0,950.39,0.01,0.85,0.86,950.39,20.0,0.01,0.145,0.855,0.97939,0.02061,69107.87
1775434887836,2026-04-06T00:21:27.836,btc-updown-15m-1775434500,1775435400,Down,100893488532948378195056263284213975654340604977648575704443574632138180628203,34075453531342936855819886999624556850557747171344755965581084782278498862840,0.15,0.17,211.35,56.0,0.02,0.83,0.85,56.0,211.35,0.02,0.16,0.84,0.209463,0.790537,69107.87
1775434888837,2026-04-06T00:21:28.837,btc-updown-15m-1775434500,1775435400,Down,100893488532948378195056263284213975654340604977648575704443574632138180628203,34075453531342936855819886999624556850557747171344755965581084782278498862840,0.16,0.17,70.85,29.2,0.01,0.83,0.84,29.2,70.85,0.01,0.165,0.835,0.291854,0.708146,69107.87
1775434889838,2026-04-06T00:21:29.838,btc-updown-15m-1775434500,1775435400,Down,100893488532948378195056263284213975654340604977648575704443574632138180628203,34075453531342936855819886999624556850557747171344755965581084782278498862840,0.15,0.17,120.85,21.0,0.02,0.83,0.84,29.2,70.85,0.01,0.16,0.835,0.148044,0.708146,69107.87
1775434890839,2026-04-06T00:21:30.839,btc-updown-15m-1775434500,1775435400,Down,100893488532948378195056263284213975654340604977648575704443574632138180628203,34075453531342936855819886999624556850557747171344755965581084782278498862840,0.16,0.17,58.35,65.31,0.01,0.83,0.84,65.31,58.35,0.01,0.165,0.835,0.528142,0.471858,69107.87
1775434891839,2026-04-06T00:21:31.839,btc-updown-15m-1775434500,1775435400,Down,100893488532948378195056263284213975654340604977648575704443574632138180628203,34075453531342936855819886999624556850557747171344755965581084782278498862840,0.16,0.17,58.35,68.65,0.01,0.83,0.84,68.65,58.35,0.01,0.165,0.835,0.540551,0.459449,69107.87
1775434892840,2026-04-06T00:21:32.840,btc-updown-15m-1775434500,1775435400,Down,100893488532948378195056263284213975654340604977648575704443574632138180628203,34075453531342936855819886999624556850557747171344755965581084782278498862840,0.15,0.17,63.35,175.6,0.02,0.83,0.85,175.6,63.35,0.02,0.16,0.84,0.734882,0.265118,69107.87
1775434893841,2026-04-06T00:21:33.841,btc-updown-15m-1775434500,1775435400,Down,100893488532948378195056263284213975654340604977648575704443574632138180628203,34075453531342936855819886999624556850557747171344755965581084782278498862840,0.15,0.17,44.07,175.6,0.02,0.83,0.85,175.6,44.07,0.02,0.16,0.84,0.799381,0.200619,69107.87
1775434894842,2026-04-06T00:21:34.842,btc-updown-15m-1775434500,1775435400,Down,100893488532948378195056263284213975654340604977648575704443574632138180628203,34075453531342936855819886999624556850557747171344755965581084782278498862840,0.16,0.17,45.75,75.0,0.01,0.83,0.84,75.0,45.75,0.01,0.165,0.835,0.621118,0.378882,69107.87
1775434895842,2026-04-06T00:21:35.842,btc-updown-15m-1775434500,1775435400,Down,100893488532948378195056263284213975654340604977648575704443574632138180628203,34075453531342936855819886999624556850557747171344755965581084782278498862840,0.17,0.18,15.0,162.12,0.01,0.82,0.83,162.12,15.0,0.01,0.175,0.825,0.915312,0.084688,69107.87
1775434896843,2026-04-06T00:21:36.843,btc-updown-15m-1775434500,1775435400,Down,100893488532948378195056263284213975654340604977648575704443574632138180628203,34075453531342936855819886999624556850557747171344755965581084782278498862840,0.18,0.19,5.0,63.39,0.01,0.81,0.82,63.39,5.0,0.01,0.185,0.815,0.92689,0.07311,69120.64
1775434897844,2026-04-06T00:21:37.844,btc-updown-15m-1775434500,1775435400,Down,100893488532948378195056263284213975654340604977648575704443574632138180628203,34075453531342936855819886999624556850557747171344755965581084782278498862840,0.18,0.19,5.0,63.39,0.01,0.81,0.82,63.39,5.0,0.01,0.185,0.815,0.92689,0.07311,69120.64
1775434898845,2026-04-06T00:21:38.845,btc-updown-15m-1775434500,1775435400,Down,100893488532948378195056263284213975654340604977648575704443574632138180628203,34075453531342936855819886999624556850557747171344755965581084782278498862840,0.18,0.19,97.97,24.0,0.01,0.81,0.82,24.0,97.97,0.01,0.185,0.815,0.19677,0.80323,69120.64
1775434899846,2026-04-06T00:21:39.846,btc-updown-15m-1775434500,1775435400,Down,100893488532948378195056263284213975654340604977648575704443574632138180628203,34075453531342936855819886999624556850557747171344755965581084782278498862840,0.16,0.17,50.0,113.56,0.01,0.83,0.84,113.56,50.0,0.01,0.165,0.835,0.694302,0.305698,69113.74
1775434900847,2026-04-06T00:21:40.847,btc-updown-15m-1775434500,1775435400,Down,100893488532948378195056263284213975654340604977648575704443574632138180628203,34075453531342936855819886999624556850557747171344755965581084782278498862840,0.17,0.18,78.0,680.51,0.01,0.82,0.83,680.51,78.0,0.01,0.175,0.825,0.897167,0.102833,69113.74
1775434901848,2026-04-06T00:21:41.848,btc-updown-15m-1775434500,1775435400,Down,100893488532948378195056263284213975654340604977648575704443574632138180628203,34075453531342936855819886999624556850557747171344755965581084782278498862840,0.19,0.21,998.0,368.81,0.02,0.79,0.81,368.81,998.0,0.02,0.2,0.8,0.269833,0.730167,69113.74
1775434902849,2026-04-06T00:21:42.849,btc-updown-15m-1775434500,1775435400,Down,100893488532948378195056263284213975654340604977648575704443574632138180628203,34075453531342936855819886999624556850557747171344755965581084782278498862840,0.2,0.21,873.0,23.36,0.01,0.79,0.8,32.9,1003.0,0.01,0.205,0.795,0.026061,0.96824,69131.16
1775434903849,2026-04-06T00:21:43.849,btc-updown-15m-1775434500,1775435400,Down,100893488532948378195056263284213975654340604977648575704443574632138180628203,34075453531342936855819886999624556850557747171344755965581084782278498862840,0.2,0.21,73.0,51.36,0.01,0.79,0.8,51.36,73.0,0.01,0.205,0.795,0.412995,0.587005,69131.16
1775434904849,2026-04-06T00:21:44.849,btc-updown-15m-1775434500,1775435400,Down,100893488532948378195056263284213975654340604977648575704443574632138180628203,34075453531342936855819886999624556850557747171344755965581084782278498862840,0.2,0.23,996.0,295.63,0.03,0.77,0.8,295.63,996.0,0.03,0.215,0.785,0.228881,0.771119,69131.16
1775434905850,2026-04-06T00:21:45.850,btc-updown-15m-1775434500,1775435400,Down,100893488532948378195056263284213975654340604977648575704443574632138180628203,34075453531342936855819886999624556850557747171344755965581084782278498862840,0.22,0.23,1019.77,77.0,0.01,0.77,0.78,77.0,1024.77,0.01,0.225,0.775,0.070206,0.930112,69137.25
1775434906851,2026-04-06T00:21:46.851,btc-updown-15m-1775434500,1775435400,Down,100893488532948378195056263284213975654340604977648575704443574632138180628203,34075453531342936855819886999624556850557747171344755965581084782278498862840,0.22,0.23,920.5,76.42,0.01,0.77,0.78,76.42,920.5,0.01,0.225,0.775,0.076656,0.923344,69137.25
1775434907852,2026-04-06T00:21:47.852,btc-updown-15m-1775434500,1775435400,Down,100893488532948378195056263284213975654340604977648575704443574632138180628203,34075453531342936855819886999624556850557747171344755965581084782278498862840,0.25,0.26,46.19,53.12,0.01,0.74,0.75,53.12,46.19,0.01,0.255,0.745,0.534891,0.465109,69137.25
1775434908853,2026-04-06T00:21:48.853,btc-updown-15m-1775434500,1775435400,Down,100893488532948378195056263284213975654340604977648575704443574632138180628203,34075453531342936855819886999624556850557747171344755965581084782278498862840,0.25,0.26,180.56,3.66,0.01,0.74,0.75,3.66,180.56,0.01,0.255,0.745,0.019868,0.980132,69155.01
1775434909853,2026-04-06T00:21:49.853,btc-updown-15m-1775434500,1775435400,Down,100893488532948378195056263284213975654340604977648575704443574632138180628203,34075453531342936855819886999624556850557747171344755965581084782278498862840,0.24,0.26,140.56,93.37,0.02,0.74,0.76,93.37,140.56,0.02,0.25,0.75,0.399136,0.600864,69155.01
1775434910854,2026-04-06T00:21:50.854,btc-updown-15m-1775434500,1775435400,Down,100893488532948378195056263284213975654340604977648575704443574632138180628203,34075453531342936855819886999624556850557747171344755965581084782278498862840,0.25,0.26,59.37,259.16,0.01,0.74,0.75,259.16,59.37,0.01,0.255,0.745,0.813613,0.186387,69155.01
1775434911855,2026-04-06T00:21:51.855,btc-updown-15m-1775434500,1775435400,Down,100893488532948378195056263284213975654340604977648575704443574632138180628203,34075453531342936855819886999624556850557747171344755965581084782278498862840,0.25,0.26,59.37,259.16,0.01,0.74,0.75,259.16,59.37,0.01,0.255,0.745,0.813613,0.186387,69163.42
1775434912855,2026-04-06T00:21:52.855,btc-updown-15m-1775434500,1775435400,Down,100893488532948378195056263284213975654340604977648575704443574632138180628203,34075453531342936855819886999624556850557747171344755965581084782278498862840,0.28,0.29,7.0,58.0,0.01,0.71,0.72,58.0,7.0,0.01,0.285,0.715,0.892308,0.107692,69163.42
1775434913857,2026-04-06T00:21:53.857,btc-updown-15m-1775434500,1775435400,Down,100893488532948378195056263284213975654340604977648575704443574632138180628203,34075453531342936855819886999624556850557747171344755965581084782278498862840,0.28,0.29,75.51,96.04,0.01,0.71,0.72,96.95,75.51,0.01,0.285,0.715,0.559837,0.437841,69163.42
1775434914858,2026-04-06T00:21:54.858,btc-updown-15m-1775434500,1775435400,Down,100893488532948378195056263284213975654340604977648575704443574632138180628203,34075453531342936855819886999624556850557747171344755965581084782278498862840,0.28,0.29,90.51,92.91,0.01,0.71,0.72,92.91,90.51,0.01,0.285,0.715,0.506542,0.493458,69170.36
1775434915859,2026-04-06T00:21:55.859,btc-updown-15m-1775434500,1775435400,Down,100893488532948378195056263284213975654340604977648575704443574632138180628203,34075453531342936855819886999624556850557747171344755965581084782278498862840,0.28,0.29,109.01,77.76,0.01,0.71,0.72,77.76,109.01,0.01,0.285,0.715,0.416341,0.583659,69170.36
1775434916859,2026-04-06T00:21:56.859,btc-updown-15m-1775434500,1775435400,Down,100893488532948378195056263284213975654340604977648575704443574632138180628203,34075453531342936855819886999624556850557747171344755965581084782278498862840,0.21,0.26,1227.23,39.94,0.05,0.74,0.79,39.94,1227.23,0.05,0.235,0.765,0.031519,0.968481,69170.36
1775434917860,2026-04-06T00:21:57.860,btc-updown-15m-1775434500,1775435400,Down,100893488532948378195056263284213975654340604977648575704443574632138180628203,34075453531342936855819886999624556850557747171344755965581084782278498862840,0.21,0.22,65.0,100.44,0.01,0.78,0.79,100.44,65.0,0.01,0.215,0.785,0.607108,0.392892,69140.03
1775434918861,2026-04-06T00:21:58.861,btc-updown-15m-1775434500,1775435400,Down,100893488532948378195056263284213975654340604977648575704443574632138180628203,34075453531342936855819886999624556850557747171344755965581084782278498862840,0.21,0.22,86.37,49.31,0.01,0.78,0.79,49.31,86.37,0.01,0.215,0.785,0.363429,0.636571,69140.03
1775434919862,2026-04-06T00:21:59.862,btc-updown-15m-1775434500,1775435400,Down,100893488532948378195056263284213975654340604977648575704443574632138180628203,34075453531342936855819886999624556850557747171344755965581084782278498862840,0.21,0.22,85.23,39.59,0.01,0.78,0.79,39.59,85.23,0.01,0.215,0.785,0.317177,0.682823,69140.03
1775434920862,2026-04-06T00:22:00.862,btc-updown-15m-1775434500,1775435400,Down,100893488532948378195056263284213975654340604977648575704443574632138180628203,34075453531342936855819886999624556850557747171344755965581084782278498862840,0.23,0.24,1033.91,63.0,0.01,0.76,0.77,63.0,1033.91,0.01,0.235,0.765,0.057434,0.942566,69141.79
1775434921863,2026-04-06T00:22:01.863,btc-updown-15m-1775434500,1775435400,Down,100893488532948378195056263284213975654340604977648575704443574632138180628203,34075453531342936855819886999624556850557747171344755965581084782278498862840,0.21,0.22,27.57,3.27,0.01,0.78,0.79,3.27,27.57,0.01,0.215,0.785,0.106031,0.893969,69141.79
1775434922863,2026-04-06T00:22:02.863,btc-updown-15m-1775434500,1775435400,Down,100893488532948378195056263284213975654340604977648575704443574632138180628203,34075453531342936855819886999624556850557747171344755965581084782278498862840,0.2,0.22,926.56,67.05,0.02,0.78,0.8,67.05,926.56,0.02,0.21,0.79,0.067481,0.932519,69141.79
1775434923864,2026-04-06T00:22:03.864,btc-updown-15m-1775434500,1775435400,Down,100893488532948378195056263284213975654340604977648575704443574632138180628203,34075453531342936855819886999624556850557747171344755965581084782278498862840,0.19,0.2,140.5,44.96,0.01,0.8,0.81,44.96,140.5,0.01,0.195,0.805,0.242424,0.757576,69133.6
1775434924865,2026-04-06T00:22:04.865,btc-updown-15m-1775434500,1775435400,Down,100893488532948378195056263284213975654340604977648575704443574632138180628203,34075453531342936855819886999624556850557747171344755965581084782278498862840,0.17,0.18,203.0,675.14,0.01,0.82,0.83,681.71,10.0,0.01,0.175,0.825,0.76883,0.014457,69133.6
1775434925865,2026-04-06T00:22:05.865,btc-updown-15m-1775434500,1775435400,Down,100893488532948378195056263284213975654340604977648575704443574632138180628203,34075453531342936855819886999624556850557747171344755965581084782278498862840,0.17,0.18,61.0,929.82,0.01,0.82,0.83,929.82,61.0,0.01,0.175,0.825,0.938435,0.061565,69133.6
1775434926866,2026-04-06T00:22:06.866,btc-updown-15m-1775434500,1775435400,Down,100893488532948378195056263284213975654340604977648575704443574632138180628203,34075453531342936855819886999624556850557747171344755965581084782278498862840,0.19,0.2,15.0,94.31,0.01,0.8,0.81,94.31,15.0,0.01,0.195,0.805,0.862776,0.137224,69140.23
1775434927867,2026-04-06T00:22:07.867,btc-updown-15m-1775434500,1775435400,Down,100893488532948378195056263284213975654340604977648575704443574632138180628203,34075453531342936855819886999624556850557747171344755965581084782278498862840,0.22,0.23,90.5,22.12,0.01,0.77,0.78,22.12,90.5,0.01,0.225,0.775,0.196413,0.803587,69140.23
1775434928867,2026-04-06T00:22:08.867,btc-updown-15m-1775434500,1775435400,Down,100893488532948378195056263284213975654340604977648575704443574632138180628203,34075453531342936855819886999624556850557747171344755965581084782278498862840,0.22,0.23,908.49,9.29,0.01,0.77,0.78,9.29,908.49,0.01,0.225,0.775,0.010122,0.989878,69140.23
1775434929868,2026-04-06T00:22:09.868,btc-updown-15m-1775434500,1775435400,Down,100893488532948378195056263284213975654340604977648575704443574632138180628203,34075453531342936855819886999624556850557747171344755965581084782278498862840,0.22,0.23,923.49,4.29,0.01,0.77,0.78,4.29,923.49,0.01,0.225,0.775,0.004624,0.995376,69142.0
1775434930868,2026-04-06T00:22:10.868,btc-updown-15m-1775434500,1775435400,Down,100893488532948378195056263284213975654340604977648575704443574632138180628203,34075453531342936855819886999624556850557747171344755965581084782278498862840,0.21,0.22,135.5,27.42,0.01,0.78,0.79,27.42,135.5,0.01,0.215,0.785,0.168303,0.831697,69142.0
1775434931869,2026-04-06T00:22:11.869,btc-updown-15m-1775434500,1775435400,Down,100893488532948378195056263284213975654340604977648575704443574632138180628203,34075453531342936855819886999624556850557747171344755965581084782278498862840,0.21,0.22,135.5,27.42,0.01,0.78,0.79,27.42,135.5,0.01,0.215,0.785,0.168303,0.831697,69142.0
1775434932870,2026-04-06T00:22:12.870,btc-updown-15m-1775434500,1775435400,Down,100893488532948378195056263284213975654340604977648575704443574632138180628203,34075453531342936855819886999624556850557747171344755965581084782278498862840,0.21,0.22,1020.5,32.93,0.01,0.78,0.79,32.93,1020.5,0.01,0.215,0.785,0.03126,0.96874,69138.21
1775434933871,2026-04-06T00:22:13.871,btc-updown-15m-1775434500,1775435400,Down,100893488532948378195056263284213975654340604977648575704443574632138180628203,34075453531342936855819886999624556850557747171344755965581084782278498862840,0.2,0.21,1033.5,31.28,0.01,0.79,0.8,31.28,1033.5,0.01,0.205,0.795,0.029377,0.970623,69138.21
1775434934872,2026-04-06T00:22:14.872,btc-updown-15m-1775434500,1775435400,Down,100893488532948378195056263284213975654340604977648575704443574632138180628203,34075453531342936855819886999624556850557747171344755965581084782278498862840,0.2,0.21,973.5,31.25,0.01,0.79,0.8,31.25,973.5,0.01,0.205,0.795,0.031102,0.968898,69138.21
1775434935872,2026-04-06T00:22:15.872,btc-updown-15m-1775434500,1775435400,Down,100893488532948378195056263284213975654340604977648575704443574632138180628203,34075453531342936855819886999624556850557747171344755965581084782278498862840,0.2,0.21,930.5,23.76,0.01,0.79,0.8,23.76,930.5,0.01,0.205,0.795,0.024899,0.975101,69133.89
1775434936873,2026-04-06T00:22:16.873,btc-updown-15m-1775434500,1775435400,Down,100893488532948378195056263284213975654340604977648575704443574632138180628203,34075453531342936855819886999624556850557747171344755965581084782278498862840,0.2,0.21,930.5,23.76,0.01,0.79,0.8,23.76,930.5,0.01,0.205,0.795,0.024899,0.975101,69133.89
1775434937874,2026-04-06T00:22:17.874,btc-updown-15m-1775434500,1775435400,Down,100893488532948378195056263284213975654340604977648575704443574632138180628203,34075453531342936855819886999624556850557747171344755965581084782278498862840,0.2,0.21,930.5,23.76,0.01,0.79,0.8,23.76,930.5,0.01,0.205,0.795,0.024899,0.975101,69133.89
1775434938874,2026-04-06T00:22:18.874,btc-updown-15m-1775434500,1775435400,Down,100893488532948378195056263284213975654340604977648575704443574632138180628203,34075453531342936855819886999624556850557747171344755965581084782278498862840,0.2,0.21,930.5,23.76,0.01,0.79,0.8,23.76,930.5,0.01,0.205,0.795,0.024899,0.975101,69133.89
1775434939876,2026-04-06T00:22:19.876,btc-updown-15m-1775434500,1775435400,Down,100893488532948378195056263284213975654340604977648575704443574632138180628203,34075453531342936855819886999624556850557747171344755965581084782278498862840,0.2,0.21,930.5,23.76,0.01,0.79,0.8,23.76,930.5,0.01,0.205,0.795,0.024899,0.975101,69133.89
1775434940876,2026-04-06T00:22:20.876,btc-updown-15m-1775434500,1775435400,Down,100893488532948378195056263284213975654340604977648575704443574632138180628203,34075453531342936855819886999624556850557747171344755965581084782278498862840,0.2,0.21,930.5,23.76,0.01,0.79,0.8,23.76,930.5,0.01,0.205,0.795,0.024899,0.975101,69133.89
1775434941877,2026-04-06T00:22:21.877,btc-updown-15m-1775434500,1775435400,Down,100893488532948378195056263284213975654340604977648575704443574632138180628203,34075453531342936855819886999624556850557747171344755965581084782278498862840,0.2,0.21,930.5,23.76,0.01,0.79,0.8,23.76,930.5,0.01,0.205,0.795,0.024899,0.975101,69124.94
1775434942878,2026-04-06T00:22:22.878,btc-updown-15m-1775434500,1775435400,Down,100893488532948378195056263284213975654340604977648575704443574632138180628203,34075453531342936855819886999624556850557747171344755965581084782278498862840,0.17,0.18,215.0,605.32,0.01,0.82,0.83,605.32,215.0,0.01,0.175,0.825,0.737907,0.262093,69124.94
1775434943878,2026-04-06T00:22:23.878,btc-updown-15m-1775434500,1775435400,Down,100893488532948378195056263284213975654340604977648575704443574632138180628203,34075453531342936855819886999624556850557747171344755965581084782278498862840,0.17,0.18,869.0,625.3,0.01,0.82,0.83,625.3,869.0,0.01,0.175,0.825,0.418457,0.581543,69124.94
1775434944879,2026-04-06T00:22:24.879,btc-updown-15m-1775434500,1775435400,Down,100893488532948378195056263284213975654340604977648575704443574632138180628203,34075453531342936855819886999624556850557747171344755965581084782278498862840,0.17,0.18,947.0,623.15,0.01,0.82,0.83,623.15,947.0,0.01,0.175,0.825,0.396873,0.603127,69120.16
1775434945880,2026-04-06T00:22:25.880,btc-updown-15m-1775434500,1775435400,Down,100893488532948378195056263284213975654340604977648575704443574632138180628203,34075453531342936855819886999624556850557747171344755965581084782278498862840,0.17,0.18,868.83,673.15,0.01,0.82,0.83,673.15,868.83,0.01,0.175,0.825,0.436549,0.563451,69120.16
1775434946881,2026-04-06T00:22:26.881,btc-updown-15m-1775434500,1775435400,Down,100893488532948378195056263284213975654340604977648575704443574632138180628203,34075453531342936855819886999624556850557747171344755965581084782278498862840,0.17,0.18,868.83,673.15,0.01,0.82,0.83,673.15,868.83,0.01,0.175,0.825,0.436549,0.563451,69120.16
1775434947881,2026-04-06T00:22:27.881,btc-updown-15m-1775434500,1775435400,Down,100893488532948378195056263284213975654340604977648575704443574632138180628203,34075453531342936855819886999624556850557747171344755965581084782278498862840,0.17,0.18,868.83,673.15,0.01,0.82,0.83,673.15,868.83,0.01,0.175,0.825,0.436549,0.563451,69120.16
1775434948882,2026-04-06T00:22:28.882,btc-updown-15m-1775434500,1775435400,Down,100893488532948378195056263284213975654340604977648575704443574632138180628203,34075453531342936855819886999624556850557747171344755965581084782278498862840,0.17,0.18,842.83,677.15,0.01,0.82,0.83,677.15,842.83,0.01,0.175,0.825,0.445499,0.554501,69120.16
1775434949883,2026-04-06T00:22:29.883,btc-updown-15m-1775434500,1775435400,Down,100893488532948378195056263284213975654340604977648575704443574632138180628203,34075453531342936855819886999624556850557747171344755965581084782278498862840,0.17,0.18,842.83,677.15,0.01,0.82,0.83,677.15,842.83,0.01,0.175,0.825,0.445499,0.554501,69120.16
1775434950884,2026-04-06T00:22:30.884,btc-updown-15m-1775434500,1775435400,Down,100893488532948378195056263284213975654340604977648575704443574632138180628203,34075453531342936855819886999624556850557747171344755965581084782278498862840,0.17,0.18,80.0,587.0,0.01,0.82,0.83,587.0,80.0,0.01,0.175,0.825,0.88006,0.11994,69123.88
1775434951884,2026-04-06T00:22:31.884,btc-updown-15m-1775434500,1775435400,Down,100893488532948378195056263284213975654340604977648575704443574632138180628203,34075453531342936855819886999624556850557747171344755965581084782278498862840,0.17,0.19,46.1,852.37,0.02,0.81,0.83,852.37,46.1,0.02,0.18,0.82,0.948691,0.051309,69123.88
1775434952885,2026-04-06T00:22:32.885,btc-updown-15m-1775434500,1775435400,Down,100893488532948378195056263284213975654340604977648575704443574632138180628203,34075453531342936855819886999624556850557747171344755965581084782278498862840,0.18,0.19,73.95,29.92,0.01,0.81,0.82,29.92,73.95,0.01,0.185,0.815,0.288052,0.711948,69123.88
1775434953887,2026-04-06T00:22:33.887,btc-updown-15m-1775434500,1775435400,Down,100893488532948378195056263284213975654340604977648575704443574632138180628203,34075453531342936855819886999624556850557747171344755965581084782278498862840,0.18,0.19,962.45,29.61,0.01,0.81,0.82,29.61,962.45,0.01,0.185,0.815,0.029847,0.970153,69128.0
1775434954888,2026-04-06T00:22:34.888,btc-updown-15m-1775434500,1775435400,Down,100893488532948378195056263284213975654340604977648575704443574632138180628203,34075453531342936855819886999624556850557747171344755965581084782278498862840,0.18,0.19,458.63,20.0,0.01,0.81,0.82,20.0,458.63,0.01,0.185,0.815,0.041786,0.958214,69128.0
1775434955888,2026-04-06T00:22:35.888,btc-updown-15m-1775434500,1775435400,Down,100893488532948378195056263284213975654340604977648575704443574632138180628203,34075453531342936855819886999624556850557747171344755965581084782278498862840,0.18,0.19,178.09,36.45,0.01,0.81,0.82,36.45,178.09,0.01,0.185,0.815,0.169898,0.830102,69128.0
1775434956889,2026-04-06T00:22:36.889,btc-updown-15m-1775434500,1775435400,Down,100893488532948378195056263284213975654340604977648575704443574632138180628203,34075453531342936855819886999624556850557747171344755965581084782278498862840,0.18,0.19,93.41,109.99,0.01,0.81,0.82,109.99,93.41,0.01,0.185,0.815,0.540757,0.459243,69128.01
1775434957889,2026-04-06T00:22:37.889,btc-updown-15m-1775434500,1775435400,Down,100893488532948378195056263284213975654340604977648575704443574632138180628203,34075453531342936855819886999624556850557747171344755965581084782278498862840,0.18,0.19,93.41,109.99,0.01,0.81,0.82,109.99,93.41,0.01,0.185,0.815,0.540757,0.459243,69128.01
1775434958890,2026-04-06T00:22:38.890,btc-updown-15m-1775434500,1775435400,Down,100893488532948378195056263284213975654340604977648575704443574632138180628203,34075453531342936855819886999624556850557747171344755965581084782278498862840,0.18,0.19,93.41,143.82,0.01,0.81,0.82,143.82,93.41,0.01,0.185,0.815,0.606247,0.393753,69128.01
1775434959892,2026-04-06T00:22:39.892,btc-updown-15m-1775434500,1775435400,Down,100893488532948378195056263284213975654340604977648575704443574632138180628203,34075453531342936855819886999624556850557747171344755965581084782278498862840,0.18,0.21,1051.55,95.01,0.03,0.79,0.82,95.01,1051.55,0.03,0.195,0.805,0.082865,0.917135,69128.01
1775434960893,2026-04-06T00:22:40.893,btc-updown-15m-1775434500,1775435400,Down,100893488532948378195056263284213975654340604977648575704443574632138180628203,34075453531342936855819886999624556850557747171344755965581084782278498862840,0.19,0.2,130.29,5.0,0.01,0.8,0.81,5.0,130.29,0.01,0.195,0.805,0.036958,0.963042,69128.01
1775434961894,2026-04-06T00:22:41.894,btc-updown-15m-1775434500,1775435400,Down,100893488532948378195056263284213975654340604977648575704443574632138180628203,34075453531342936855819886999624556850557747171344755965581084782278498862840,0.18,0.2,205.29,167.83,0.02,0.8,0.82,167.83,205.29,0.02,0.19,0.81,0.449802,0.550198,69128.01
1775434962894,2026-04-06T00:22:42.894,btc-updown-15m-1775434500,1775435400,Down,100893488532948378195056263284213975654340604977648575704443574632138180628203,34075453531342936855819886999624556850557747171344755965581084782278498862840,0.19,0.2,100.0,219.72,0.01,0.8,0.81,219.72,100.0,0.01,0.195,0.805,0.687226,0.312774,69133.89
1775434963894,2026-04-06T00:22:43.894,btc-updown-15m-1775434500,1775435400,Down,100893488532948378195056263284213975654340604977648575704443574632138180628203,34075453531342936855819886999624556850557747171344755965581084782278498862840,0.19,0.2,100.0,88.86,0.01,0.8,0.81,88.86,100.0,0.01,0.195,0.805,0.470507,0.529493,69133.89
1775434964895,2026-04-06T00:22:44.895,btc-updown-15m-1775434500,1775435400,Down,100893488532948378195056263284213975654340604977648575704443574632138180628203,34075453531342936855819886999624556850557747171344755965581084782278498862840,0.18,0.2,174.0,300.8,0.02,0.8,0.82,300.8,174.0,0.02,0.19,0.81,0.63353,0.36647,69133.89
1775434965896,2026-04-06T00:22:45.896,btc-updown-15m-1775434500,1775435400,Down,100893488532948378195056263284213975654340604977648575704443574632138180628203,34075453531342936855819886999624556850557747171344755965581084782278498862840,0.18,0.19,120.0,271.33,0.01,0.81,0.82,271.33,120.0,0.01,0.185,0.815,0.693353,0.306647,69133.88
1775434966897,2026-04-06T00:22:46.897,btc-updown-15m-1775434500,1775435400,Down,100893488532948378195056263284213975654340604977648575704443574632138180628203,34075453531342936855819886999624556850557747171344755965581084782278498862840,0.18,0.19,120.0,271.33,0.01,0.81,0.82,271.33,120.0,0.01,0.185,0.815,0.693353,0.306647,69133.88
1775434967898,2026-04-06T00:22:47.898,btc-updown-15m-1775434500,1775435400,Down,100893488532948378195056263284213975654340604977648575704443574632138180628203,34075453531342936855819886999624556850557747171344755965581084782278498862840,0.18,0.19,306.1,36.03,0.01,0.81,0.82,36.03,306.1,0.01,0.185,0.815,0.105311,0.894689,69133.88
1775434968898,2026-04-06T00:22:48.898,btc-updown-15m-1775434500,1775435400,Down,100893488532948378195056263284213975654340604977648575704443574632138180628203,34075453531342936855819886999624556850557747171344755965581084782278498862840,0.18,0.19,306.1,36.03,0.01,0.81,0.82,36.03,306.1,0.01,0.185,0.815,0.105311,0.894689,69133.88
1775434969899,2026-04-06T00:22:49.899,btc-updown-15m-1775434500,1775435400,Down,100893488532948378195056263284213975654340604977648575704443574632138180628203,34075453531342936855819886999624556850557747171344755965581084782278498862840,0.18,0.19,267.46,44.42,0.01,0.81,0.82,44.42,267.46,0.01,0.185,0.815,0.142427,0.857573,69133.88
1775434970900,2026-04-06T00:22:50.900,btc-updown-15m-1775434500,1775435400,Down,100893488532948378195056263284213975654340604977648575704443574632138180628203,34075453531342936855819886999624556850557747171344755965581084782278498862840,0.18,0.19,267.46,44.42,0.01,0.81,0.82,44.42,267.46,0.01,0.185,0.815,0.142427,0.857573,69133.88
1775434971901,2026-04-06T00:22:51.901,btc-updown-15m-1775434500,1775435400,Down,100893488532948378195056263284213975654340604977648575704443574632138180628203,34075453531342936855819886999624556850557747171344755965581084782278498862840,0.18,0.19,195.0,109.87,0.01,0.81,0.82,109.87,195.0,0.01,0.185,0.815,0.360383,0.639617,69133.89
1775434972902,2026-04-06T00:22:52.902,btc-updown-15m-1775434500,1775435400,Down,100893488532948378195056263284213975654340604977648575704443574632138180628203,34075453531342936855819886999624556850557747171344755965581084782278498862840,0.18,0.19,163.0,93.98,0.01,0.81,0.82,93.98,163.0,0.01,0.185,0.815,0.365709,0.634291,69133.89
1775434973903,2026-04-06T00:22:53.903,btc-updown-15m-1775434500,1775435400,Down,100893488532948378195056263284213975654340604977648575704443574632138180628203,34075453531342936855819886999624556850557747171344755965581084782278498862840,0.18,0.19,178.0,49.67,0.01,0.81,0.82,49.67,178.0,0.01,0.185,0.815,0.218167,0.781833,69133.89
1775434974904,2026-04-06T00:22:54.904,btc-updown-15m-1775434500,1775435400,Down,100893488532948378195056263284213975654340604977648575704443574632138180628203,34075453531342936855819886999624556850557747171344755965581084782278498862840,0.18,0.19,140.0,61.23,0.01,0.81,0.82,61.23,140.0,0.01,0.185,0.815,0.304279,0.695721,69133.89
1775434975905,2026-04-06T00:22:55.905,btc-updown-15m-1775434500,1775435400,Down,100893488532948378195056263284213975654340604977648575704443574632138180628203,34075453531342936855819886999624556850557747171344755965581084782278498862840,0.18,0.19,140.0,61.23,0.01,0.81,0.82,61.23,140.0,0.01,0.185,0.815,0.304279,0.695721,69133.89
1775434976905,2026-04-06T00:22:56.905,btc-updown-15m-1775434500,1775435400,Down,100893488532948378195056263284213975654340604977648575704443574632138180628203,34075453531342936855819886999624556850557747171344755965581084782278498862840,0.18,0.19,140.0,61.23,0.01,0.81,0.82,61.23,140.0,0.01,0.185,0.815,0.304279,0.695721,69133.89
1775434977906,2026-04-06T00:22:57.906,btc-updown-15m-1775434500,1775435400,Down,100893488532948378195056263284213975654340604977648575704443574632138180628203,34075453531342936855819886999624556850557747171344755965581084782278498862840,0.18,0.19,145.0,39.65,0.01,0.81,0.82,39.65,145.0,0.01,0.185,0.815,0.214731,0.785269,69133.89
1775434978907,2026-04-06T00:22:58.907,btc-updown-15m-1775434500,1775435400,Down,100893488532948378195056263284213975654340604977648575704443574632138180628203,34075453531342936855819886999624556850557747171344755965581084782278498862840,0.18,0.19,114.75,39.65,0.01,0.81,0.82,39.65,114.75,0.01,0.185,0.815,0.256801,0.743199,69133.89
1775434979908,2026-04-06T00:22:59.908,btc-updown-15m-1775434500,1775435400,Down,100893488532948378195056263284213975654340604977648575704443574632138180628203,34075453531342936855819886999624556850557747171344755965581084782278498862840,0.18,0.19,161.85,27.5,0.01,0.81,0.82,27.5,161.85,0.01,0.185,0.815,0.145234,0.854766,69133.89
1775434980909,2026-04-06T00:23:00.909,btc-updown-15m-1775434500,1775435400,Down,100893488532948378195056263284213975654340604977648575704443574632138180628203,34075453531342936855819886999624556850557747171344755965581084782278498862840,0.17,0.18,134.44,682.37,0.01,0.82,0.83,682.37,134.44,0.01,0.175,0.825,0.835408,0.164592,69133.88
1775434981910,2026-04-06T00:23:01.910,btc-updown-15m-1775434500,1775435400,Down,100893488532948378195056263284213975654340604977648575704443574632138180628203,34075453531342936855819886999624556850557747171344755965581084782278498862840,0.17,0.18,144.44,602.21,0.01,0.82,0.83,602.21,144.44,0.01,0.175,0.825,0.806549,0.193451,69133.88
1775434982910,2026-04-06T00:23:02.910,btc-updown-15m-1775434500,1775435400,Down,100893488532948378195056263284213975654340604977648575704443574632138180628203,34075453531342936855819886999624556850557747171344755965581084782278498862840,0.17,0.18,94.35,684.44,0.01,0.82,0.83,684.44,94.35,0.01,0.175,0.825,0.878851,0.121149,69133.88
1775434983911,2026-04-06T00:23:03.911,btc-updown-15m-1775434500,1775435400,Down,100893488532948378195056263284213975654340604977648575704443574632138180628203,34075453531342936855819886999624556850557747171344755965581084782278498862840,0.17,0.18,89.55,486.94,0.01,0.82,0.83,486.94,89.55,0.01,0.175,0.825,0.844663,0.155337,69133.91
1775434984912,2026-04-06T00:23:04.912,btc-updown-15m-1775434500,1775435400,Down,100893488532948378195056263284213975654340604977648575704443574632138180628203,34075453531342936855819886999624556850557747171344755965581084782278498862840,0.17,0.18,89.55,486.94,0.01,0.82,0.83,486.94,89.55,0.01,0.175,0.825,0.844663,0.155337,69133.91
1775434985913,2026-04-06T00:23:05.913,btc-updown-15m-1775434500,1775435400,Down,100893488532948378195056263284213975654340604977648575704443574632138180628203,34075453531342936855819886999624556850557747171344755965581084782278498862840,0.17,0.18,181.19,382.94,0.01,0.82,0.83,382.94,181.19,0.01,0.175,0.825,0.678815,0.321185,69133.91
1775434986913,2026-04-06T00:23:06.913,btc-updown-15m-1775434500,1775435400,Down,100893488532948378195056263284213975654340604977648575704443574632138180628203,34075453531342936855819886999624556850557747171344755965581084782278498862840,0.21,0.22,17.9,1060.12,0.01,0.78,0.79,1060.12,17.9,0.01,0.215,0.785,0.983395,0.016605,69157.3
1775434987915,2026-04-06T00:23:07.915,btc-updown-15m-1775434500,1775435400,Down,100893488532948378195056263284213975654340604977648575704443574632138180628203,34075453531342936855819886999624556850557747171344755965581084782278498862840,0.22,0.23,107.0,14.6,0.01,0.77,0.78,14.6,107.0,0.01,0.225,0.775,0.120066,0.879934,69157.3
1775434988915,2026-04-06T00:23:08.915,btc-updown-15m-1775434500,1775435400,Down,100893488532948378195056263284213975654340604977648575704443574632138180628203,34075453531342936855819886999624556850557747171344755965581084782278498862840,0.26,0.31,117.24,15.0,0.05,0.69,0.74,15.0,117.24,0.05,0.285,0.715,0.11343,0.88657,69157.3
1775434989915,2026-04-06T00:23:09.915,btc-updown-15m-1775434500,1775435400,Down,100893488532948378195056263284213975654340604977648575704443574632138180628203,34075453531342936855819886999624556850557747171344755965581084782278498862840,0.43,0.45,5.0,17.47,0.02,0.61,0.62,27.0,29.5,0.01,0.44,0.615,0.777481,0.522124,69247.25
1775434990916,2026-04-06T00:23:10.916,btc-updown-15m-1775434500,1775435400,Down,100893488532948378195056263284213975654340604977648575704443574632138180628203,34075453531342936855819886999624556850557747171344755965581084782278498862840,0.39,0.4,16.18,825.0,0.01,0.6,0.61,825.0,16.18,0.01,0.395,0.605,0.980765,0.019235,69247.25
1775434991917,2026-04-06T00:23:11.917,btc-updown-15m-1775434500,1775435400,Down,100893488532948378195056263284213975654340604977648575704443574632138180628203,34075453531342936855819886999624556850557747171344755965581084782278498862840,0.39,0.4,34.27,44.5,0.01,0.6,0.61,44.5,34.27,0.01,0.395,0.605,0.564936,0.435064,69247.25
1775434992918,2026-04-06T00:23:12.918,btc-updown-15m-1775434500,1775435400,Down,100893488532948378195056263284213975654340604977648575704443574632138180628203,34075453531342936855819886999624556850557747171344755965581084782278498862840,0.36,0.39,53.9,7.25,0.03,0.61,0.64,7.25,53.9,0.03,0.375,0.625,0.118561,0.881439,69190.19
1775434993918,2026-04-06T00:23:13.918,btc-updown-15m-1775434500,1775435400,Down,100893488532948378195056263284213975654340604977648575704443574632138180628203,34075453531342936855819886999624556850557747171344755965581084782278498862840,0.31,0.34,88.98,16.0,0.03,0.66,0.69,16.0,88.98,0.03,0.325,0.675,0.15241,0.84759,69190.19
1775434994919,2026-04-06T00:23:14.919,btc-updown-15m-1775434500,1775435400,Down,100893488532948378195056263284213975654340604977648575704443574632138180628203,34075453531342936855819886999624556850557747171344755965581084782278498862840,0.31,0.33,17.39,13.33,0.02,0.67,0.69,13.33,17.39,0.02,0.32,0.68,0.433919,0.566081,69190.19
1775434995920,2026-04-06T00:23:15.920,btc-updown-15m-1775434500,1775435400,Down,100893488532948378195056263284213975654340604977648575704443574632138180628203,34075453531342936855819886999624556850557747171344755965581084782278498862840,0.32,0.34,32.56,1.88,0.02,0.66,0.68,1.88,32.56,0.02,0.33,0.67,0.054588,0.945412,69188.17
1775434996920,2026-04-06T00:23:16.920,btc-updown-15m-1775434500,1775435400,Down,100893488532948378195056263284213975654340604977648575704443574632138180628203,34075453531342936855819886999624556850557747171344755965581084782278498862840,0.32,0.33,0.63,19.63,0.01,0.67,0.68,19.63,0.63,0.01,0.325,0.675,0.968904,0.031096,69188.17
1775434997920,2026-04-06T00:23:17.920,btc-updown-15m-1775434500,1775435400,Down,100893488532948378195056263284213975654340604977648575704443574632138180628203,34075453531342936855819886999624556850557747171344755965581084782278498862840,0.32,0.33,61.13,29.37,0.01,0.67,0.68,29.37,61.13,0.01,0.325,0.675,0.32453,0.67547,69188.17
1775434998921,2026-04-06T00:23:18.921,btc-updown-15m-1775434500,1775435400,Down,100893488532948378195056263284213975654340604977648575704443574632138180628203,34075453531342936855819886999624556850557747171344755965581084782278498862840,0.3,0.31,58.0,59.19,0.01,0.69,0.7,59.19,58.0,0.01,0.305,0.695,0.505077,0.494923,69177.5
1775434999921,2026-04-06T00:23:19.921,btc-updown-15m-1775434500,1775435400,Down,100893488532948378195056263284213975654340604977648575704443574632138180628203,34075453531342936855819886999624556850557747171344755965581084782278498862840,0.3,0.31,109.5,59.19,0.01,0.69,0.7,59.19,109.5,0.01,0.305,0.695,0.35088,0.64912,69177.5
1775435000922,2026-04-06T00:23:20.922,btc-updown-15m-1775434500,1775435400,Down,100893488532948378195056263284213975654340604977648575704443574632138180628203,34075453531342936855819886999624556850557747171344755965581084782278498862840,0.3,0.31,945.66,14.9,0.01,0.69,0.7,14.9,945.66,0.01,0.305,0.695,0.015512,0.984488,69177.5
1775435001923,2026-04-06T00:23:21.923,btc-updown-15m-1775434500,1775435400,Down,100893488532948378195056263284213975654340604977648575704443574632138180628203,34075453531342936855819886999624556850557747171344755965581084782278498862840,0.3,0.31,996.7,35.72,0.01,0.69,0.7,35.72,996.7,0.01,0.305,0.695,0.034598,0.965402,69174.24
1775435002924,2026-04-06T00:23:22.924,btc-updown-15m-1775434500,1775435400,Down,100893488532948378195056263284213975654340604977648575704443574632138180628203,34075453531342936855819886999624556850557747171344755965581084782278498862840,0.3,0.31,20.0,82.63,0.01,0.69,0.7,82.63,20.0,0.01,0.305,0.695,0.805125,0.194875,69174.24
1775435003925,2026-04-06T00:23:23.925,btc-updown-15m-1775434500,1775435400,Down,100893488532948378195056263284213975654340604977648575704443574632138180628203,34075453531342936855819886999624556850557747171344755965581084782278498862840,0.33,0.34,63.68,10.25,0.01,0.66,0.67,10.25,63.68,0.01,0.335,0.665,0.138645,0.861355,69174.24
1775435004925,2026-04-06T00:23:24.925,btc-updown-15m-1775434500,1775435400,Down,100893488532948378195056263284213975654340604977648575704443574632138180628203,34075453531342936855819886999624556850557747171344755965581084782278498862840,0.29,0.3,1026.4,89.72,0.01,0.7,0.71,89.72,1026.4,0.01,0.295,0.705,0.080386,0.919614,69171.11
1775435005926,2026-04-06T00:23:25.926,btc-updown-15m-1775434500,1775435400,Down,100893488532948378195056263284213975654340604977648575704443574632138180628203,34075453531342936855819886999624556850557747171344755965581084782278498862840,0.29,0.3,932.0,77.69,0.01,0.7,0.71,77.69,932.0,0.01,0.295,0.705,0.076944,0.923056,69171.11
1775435006927,2026-04-06T00:23:26.927,btc-updown-15m-1775434500,1775435400,Down,100893488532948378195056263284213975654340604977648575704443574632138180628203,34075453531342936855819886999624556850557747171344755965581084782278498862840,0.29,0.3,18.63,75.66,0.01,0.7,0.71,75.66,18.63,0.01,0.295,0.705,0.802418,0.197582,69171.11
1775435007927,2026-04-06T00:23:27.927,btc-updown-15m-1775434500,1775435400,Down,100893488532948378195056263284213975654340604977648575704443574632138180628203,34075453531342936855819886999624556850557747171344755965581084782278498862840,0.29,0.3,99.9,66.17,0.01,0.7,0.71,66.17,99.9,0.01,0.295,0.705,0.398446,0.601554,69171.11
1775435008928,2026-04-06T00:23:28.928,btc-updown-15m-1775434500,1775435400,Down,100893488532948378195056263284213975654340604977648575704443574632138180628203,34075453531342936855819886999624556850557747171344755965581084782278498862840,0.29,0.3,159.2,61.17,0.01,0.7,0.71,61.17,159.2,0.01,0.295,0.705,0.277579,0.722421,69171.11
1775435009928,2026-04-06T00:23:29.928,btc-updown-15m-1775434500,1775435400,Down,100893488532948378195056263284213975654340604977648575704443574632138180628203,34075453531342936855819886999624556850557747171344755965581084782278498862840,0.27,0.28,79.06,15.0,0.01,0.72,0.73,15.0,79.06,0.01,0.275,0.725,0.159473,0.840527,69171.11
1775435010930,2026-04-06T00:23:30.930,btc-updown-15m-1775434500,1775435400,Down,100893488532948378195056263284213975654340604977648575704443574632138180628203,34075453531342936855819886999624556850557747171344755965581084782278498862840,0.3,0.31,77.81,59.97,0.01,0.69,0.7,59.97,77.81,0.01,0.305,0.695,0.435259,0.564741,69176.58
1775435011932,2026-04-06T00:23:31.932,btc-updown-15m-1775434500,1775435400,Down,100893488532948378195056263284213975654340604977648575704443574632138180628203,34075453531342936855819886999624556850557747171344755965581084782278498862840,0.3,0.31,104.58,23.31,0.01,0.69,0.7,23.31,104.58,0.01,0.305,0.695,0.182266,0.817734,69176.58
1775435012932,2026-04-06T00:23:32.932,btc-updown-15m-1775434500,1775435400,Down,100893488532948378195056263284213975654340604977648575704443574632138180628203,34075453531342936855819886999624556850557747171344755965581084782278498862840,0.29,0.31,94.58,77.6,0.02,0.69,0.71,77.6,94.58,0.02,0.3,0.7,0.450691,0.549309,69176.58
1775435013932,2026-04-06T00:23:33.932,btc-updown-15m-1775434500,1775435400,Down,100893488532948378195056263284213975654340604977648575704443574632138180628203,34075453531342936855819886999624556850557747171344755965581084782278498862840,0.33,0.35,883.51,107.42,0.02,0.65,0.67,107.42,883.51,0.02,0.34,0.66,0.108403,0.891597,69194.83
1775435014933,2026-04-06T00:23:34.933,btc-updown-15m-1775434500,1775435400,Down,100893488532948378195056263284213975654340604977648575704443574632138180628203,34075453531342936855819886999624556850557747171344755965581084782278498862840,0.36,0.37,66.02,89.0,0.01,0.63,0.64,89.0,66.02,0.01,0.365,0.635,0.574119,0.425881,69194.83
1775435015934,2026-04-06T00:23:35.934,btc-updown-15m-1775434500,1775435400,Down,100893488532948378195056263284213975654340604977648575704443574632138180628203,34075453531342936855819886999624556850557747171344755965581084782278498862840,0.37,0.38,5.0,47.93,0.01,0.62,0.63,47.93,5.0,0.01,0.375,0.625,0.905536,0.094464,69194.83
1775435016934,2026-04-06T00:23:36.934,btc-updown-15m-1775434500,1775435400,Down,100893488532948378195056263284213975654340604977648575704443574632138180628203,34075453531342936855819886999624556850557747171344755965581084782278498862840,0.38,0.39,115.81,24.63,0.01,0.61,0.62,24.63,115.81,0.01,0.385,0.615,0.175377,0.824623,69215.04
1775435017934,2026-04-06T00:23:37.934,btc-updown-15m-1775434500,1775435400,Down,100893488532948378195056263284213975654340604977648575704443574632138180628203,34075453531342936855819886999624556850557747171344755965581084782278498862840,0.42,0.43,88.5,10.0,0.01,0.57,0.58,10.0,88.5,0.01,0.425,0.575,0.101523,0.898477,69215.04
1775435018935,2026-04-06T00:23:38.935,btc-updown-15m-1775434500,1775435400,Down,100893488532948378195056263284213975654340604977648575704443574632138180628203,34075453531342936855819886999624556850557747171344755965581084782278498862840,0.42,0.43,20.0,44.63,0.01,0.57,0.58,44.63,20.0,0.01,0.425,0.575,0.690546,0.309454,69215.04
1775435019936,2026-04-06T00:23:39.936,btc-updown-15m-1775434500,1775435400,Down,100893488532948378195056263284213975654340604977648575704443574632138180628203,34075453531342936855819886999624556850557747171344755965581084782278498862840,0.42,0.43,10.9,44.63,0.01,0.57,0.58,44.63,10.9,0.01,0.425,0.575,0.80371,0.19629,69215.03
1775435020937,2026-04-06T00:23:40.937,btc-updown-15m-1775434500,1775435400,Down,100893488532948378195056263284213975654340604977648575704443574632138180628203,34075453531342936855819886999624556850557747171344755965581084782278498862840,0.43,0.44,20.0,91.56,0.01,0.56,0.57,91.56,20.0,0.01,0.435,0.565,0.820724,0.179276,69215.03
1775435021938,2026-04-06T00:23:41.938,btc-updown-15m-1775434500,1775435400,Down,100893488532948378195056263284213975654340604977648575704443574632138180628203,34075453531342936855819886999624556850557747171344755965581084782278498862840,0.43,0.45,29.92,21.57,0.02,0.55,0.57,21.57,29.92,0.02,0.44,0.56,0.418916,0.581084,69215.03
1775435022938,2026-04-06T00:23:42.938,btc-updown-15m-1775434500,1775435400,Down,100893488532948378195056263284213975654340604977648575704443574632138180628203,34075453531342936855819886999624556850557747171344755965581084782278498862840,0.43,0.44,876.25,16.57,0.01,0.56,0.57,16.57,876.25,0.01,0.435,0.565,0.018559,0.981441,69224.18
1775435023939,2026-04-06T00:23:43.939,btc-updown-15m-1775434500,1775435400,Down,100893488532948378195056263284213975654340604977648575704443574632138180628203,34075453531342936855819886999624556850557747171344755965581084782278498862840,0.41,0.43,102.0,88.18,0.02,0.56,0.59,71.18,906.25,0.03,0.42,0.575,0.463666,0.927176,69224.18
1775435024940,2026-04-06T00:23:44.940,btc-updown-15m-1775434500,1775435400,Down,100893488532948378195056263284213975654340604977648575704443574632138180628203,34075453531342936855819886999624556850557747171344755965581084782278498862840,0.41,0.42,63.0,15.18,0.01,0.58,0.59,15.18,63.0,0.01,0.415,0.585,0.194167,0.805833,69224.18
1775435025941,2026-04-06T00:23:45.941,btc-updown-15m-1775434500,1775435400,Down,100893488532948378195056263284213975654340604977648575704443574632138180628203,34075453531342936855819886999624556850557747171344755965581084782278498862840,0.38,0.39,81.0,17.21,0.01,0.61,0.62,17.21,81.0,0.01,0.385,0.615,0.175237,0.824763,69211.03
1775435026942,2026-04-06T00:23:46.942,btc-updown-15m-1775434500,1775435400,Down,100893488532948378195056263284213975654340604977648575704443574632138180628203,34075453531342936855819886999624556850557747171344755965581084782278498862840,0.37,0.38,78.36,5.0,0.01,0.62,0.63,5.0,78.36,0.01,0.375,0.625,0.059981,0.940019,69211.03
1775435027943,2026-04-06T00:23:47.943,btc-updown-15m-1775434500,1775435400,Down,100893488532948378195056263284213975654340604977648575704443574632138180628203,34075453531342936855819886999624556850557747171344755965581084782278498862840,0.37,0.38,54.41,65.5,0.01,0.62,0.63,65.5,54.41,0.01,0.375,0.625,0.546243,0.453757,69211.03
1775435028944,2026-04-06T00:23:48.944,btc-updown-15m-1775434500,1775435400,Down,100893488532948378195056263284213975654340604977648575704443574632138180628203,34075453531342936855819886999624556850557747171344755965581084782278498862840,0.37,0.38,19.41,75.5,0.01,0.62,0.63,75.5,19.41,0.01,0.375,0.625,0.79549,0.20451,69206.61
1775435029944,2026-04-06T00:23:49.944,btc-updown-15m-1775434500,1775435400,Down,100893488532948378195056263284213975654340604977648575704443574632138180628203,34075453531342936855819886999624556850557747171344755965581084782278498862840,0.38,0.39,20.0,8.61,0.01,0.61,0.62,8.61,20.0,0.01,0.385,0.615,0.300944,0.699056,69206.61
1775435030945,2026-04-06T00:23:50.945,btc-updown-15m-1775434500,1775435400,Down,100893488532948378195056263284213975654340604977648575704443574632138180628203,34075453531342936855819886999624556850557747171344755965581084782278498862840,0.38,0.39,71.0,3.61,0.01,0.61,0.62,3.61,71.0,0.01,0.385,0.615,0.048385,0.951615,69206.61
1775435031945,2026-04-06T00:23:51.945,btc-updown-15m-1775434500,1775435400,Down,100893488532948378195056263284213975654340604977648575704443574632138180628203,34075453531342936855819886999624556850557747171344755965581084782278498862840,0.39,0.4,61.0,102.32,0.01,0.6,0.61,102.32,61.0,0.01,0.395,0.605,0.6265,0.3735,69209.42
1775435032946,2026-04-06T00:23:52.946,btc-updown-15m-1775434500,1775435400,Down,100893488532948378195056263284213975654340604977648575704443574632138180628203,34075453531342936855819886999624556850557747171344755965581084782278498862840,0.39,0.4,57.1,70.66,0.01,0.6,0.61,70.66,57.1,0.01,0.395,0.605,0.553068,0.446932,69209.42
1775435033947,2026-04-06T00:23:53.947,btc-updown-15m-1775434500,1775435400,Down,100893488532948378195056263284213975654340604977648575704443574632138180628203,34075453531342936855819886999624556850557747171344755965581084782278498862840,0.41,0.42,15.0,267.51,0.01,0.58,0.59,267.51,15.0,0.01,0.415,0.585,0.946905,0.053095,69209.42
1775435034947,2026-04-06T00:23:54.947,btc-updown-15m-1775434500,1775435400,Down,100893488532948378195056263284213975654340604977648575704443574632138180628203,34075453531342936855819886999624556850557747171344755965581084782278498862840,0.42,0.43,20.0,29.8,0.01,0.57,0.58,29.8,20.0,0.01,0.425,0.575,0.598394,0.401606,69221.04
1775435035948,2026-04-06T00:23:55.948,btc-updown-15m-1775434500,1775435400,Down,100893488532948378195056263284213975654340604977648575704443574632138180628203,34075453531342936855819886999624556850557747171344755965581084782278498862840,0.42,0.43,20.0,29.8,0.01,0.57,0.58,29.8,20.0,0.01,0.425,0.575,0.598394,0.401606,69221.04
1775435036948,2026-04-06T00:23:56.948,btc-updown-15m-1775434500,1775435400,Down,100893488532948378195056263284213975654340604977648575704443574632138180628203,34075453531342936855819886999624556850557747171344755965581084782278498862840,0.47,0.48,33.63,926.59,0.01,0.52,0.53,926.59,33.63,0.01,0.475,0.525,0.964977,0.035023,69221.04
1775435037949,2026-04-06T00:23:57.949,btc-updown-15m-1775434500,1775435400,Down,100893488532948378195056263284213975654340604977648575704443574632138180628203,34075453531342936855819886999624556850557747171344755965581084782278498862840,0.5,0.51,37.0,25.17,0.01,0.49,0.5,805.0,25.0,0.01,0.505,0.495,0.404858,0.03012,69241.51
1775435038950,2026-04-06T00:23:58.950,btc-updown-15m-1775434500,1775435400,Down,100893488532948378195056263284213975654340604977648575704443574632138180628203,34075453531342936855819886999624556850557747171344755965581084782278498862840,0.47,0.48,47.91,172.6,0.01,0.52,0.53,172.6,47.91,0.01,0.475,0.525,0.782731,0.217269,69241.51
1775435039951,2026-04-06T00:23:59.951,btc-updown-15m-1775434500,1775435400,Down,100893488532948378195056263284213975654340604977648575704443574632138180628203,34075453531342936855819886999624556850557747171344755965581084782278498862840,0.49,0.52,73.52,869.48,0.03,0.48,0.51,869.48,73.52,0.03,0.505,0.495,0.922036,0.077964,69241.51
1775435040953,2026-04-06T00:24:00.953,btc-updown-15m-1775434500,1775435400,Down,100893488532948378195056263284213975654340604977648575704443574632138180628203,34075453531342936855819886999624556850557747171344755965581084782278498862840,0.5,0.52,19.0,40.0,0.02,0.48,0.5,40.0,19.0,0.02,0.51,0.49,0.677966,0.322034,69249.99
1775435041953,2026-04-06T00:24:01.953,btc-updown-15m-1775434500,1775435400,Down,100893488532948378195056263284213975654340604977648575704443574632138180628203,34075453531342936855819886999624556850557747171344755965581084782278498862840,0.5,0.51,14.0,834.34,0.01,0.49,0.5,834.34,14.0,0.01,0.505,0.495,0.983497,0.016503,69249.99
1775435042954,2026-04-06T00:24:02.954,btc-updown-15m-1775434500,1775435400,Down,100893488532948378195056263284213975654340604977648575704443574632138180628203,34075453531342936855819886999624556850557747171344755965581084782278498862840,0.5,0.51,51.07,825.72,0.01,0.49,0.5,825.72,51.07,0.01,0.505,0.495,0.941753,0.058247,69249.99
1775435043955,2026-04-06T00:24:03.955,btc-updown-15m-1775434500,1775435400,Down,100893488532948378195056263284213975654340604977648575704443574632138180628203,34075453531342936855819886999624556850557747171344755965581084782278498862840,0.49,0.5,93.0,26.9,0.01,0.5,0.51,26.9,98.0,0.01,0.495,0.505,0.224354,0.784628,69245.14
1775435044957,2026-04-06T00:24:04.957,btc-updown-15m-1775434500,1775435400,Down,100893488532948378195056263284213975654340604977648575704443574632138180628203,34075453531342936855819886999624556850557747171344755965581084782278498862840,0.5,0.51,40.0,6.13,0.01,0.49,0.5,6.13,40.0,0.01,0.505,0.495,0.132885,0.867115,69245.14
1775435045958,2026-04-06T00:24:05.958,btc-updown-15m-1775434500,1775435400,Down,100893488532948378195056263284213975654340604977648575704443574632138180628203,34075453531342936855819886999624556850557747171344755965581084782278498862840,0.51,0.52,106.26,20.0,0.01,0.48,0.49,20.0,106.26,0.01,0.515,0.485,0.158403,0.841597,69245.14
1775435046958,2026-04-06T00:24:06.958,btc-updown-15m-1775434500,1775435400,Down,100893488532948378195056263284213975654340604977648575704443574632138180628203,34075453531342936855819886999624556850557747171344755965581084782278498862840,0.5,0.52,109.22,68.13,0.02,0.48,0.5,68.13,109.22,0.02,0.51,0.49,0.384156,0.615844,69249.99
1775435047958,2026-04-06T00:24:07.958,btc-updown-15m-1775434500,1775435400,Down,100893488532948378195056263284213975654340604977648575704443574632138180628203,34075453531342936855819886999624556850557747171344755965581084782278498862840,0.5,0.51,4.31,832.14,0.01,0.49,0.5,832.14,4.31,0.01,0.505,0.495,0.994847,0.005153,69249.99
1775435048959,2026-04-06T00:24:08.959,btc-updown-15m-1775434500,1775435400,Down,100893488532948378195056263284213975654340604977648575704443574632138180628203,34075453531342936855819886999624556850557747171344755965581084782278498862840,0.5,0.52,89.22,30.63,0.02,0.48,0.5,30.63,89.22,0.02,0.51,0.49,0.255569,0.744431,69249.99
1775435049960,2026-04-06T00:24:09.960,btc-updown-15m-1775434500,1775435400,Down,100893488532948378195056263284213975654340604977648575704443574632138180628203,34075453531342936855819886999624556850557747171344755965581084782278498862840,0.51,0.52,159.45,15.22,0.01,0.48,0.49,15.22,159.45,0.01,0.515,0.485,0.087136,0.912864,69250.0
1775435050961,2026-04-06T00:24:10.961,btc-updown-15m-1775434500,1775435400,Down,100893488532948378195056263284213975654340604977648575704443574632138180628203,34075453531342936855819886999624556850557747171344755965581084782278498862840,0.51,0.52,129.45,12.77,0.01,0.48,0.49,12.77,129.45,0.01,0.515,0.485,0.08979,0.91021,69250.0
1775435051962,2026-04-06T00:24:11.962,btc-updown-15m-1775434500,1775435400,Down,100893488532948378195056263284213975654340604977648575704443574632138180628203,34075453531342936855819886999624556850557747171344755965581084782278498862840,0.51,0.52,123.38,8.98,0.01,0.48,0.49,8.98,123.38,0.01,0.515,0.485,0.067845,0.932155,69250.0
1775435052962,2026-04-06T00:24:12.962,btc-updown-15m-1775434500,1775435400,Down,100893488532948378195056263284213975654340604977648575704443574632138180628203,34075453531342936855819886999624556850557747171344755965581084782278498862840,0.51,0.52,114.91,8.98,0.01,0.48,0.49,8.98,114.91,0.01,0.515,0.485,0.072484,0.927516,69249.99
1775435053963,2026-04-06T00:24:13.963,btc-updown-15m-1775434500,1775435400,Down,100893488532948378195056263284213975654340604977648575704443574632138180628203,34075453531342936855819886999624556850557747171344755965581084782278498862840,0.48,0.49,124.0,128.18,0.01,0.51,0.52,128.18,124.0,0.01,0.485,0.515,0.508288,0.491712,69249.99
1775435054963,2026-04-06T00:24:14.963,btc-updown-15m-1775434500,1775435400,Down,100893488532948378195056263284213975654340604977648575704443574632138180628203,34075453531342936855819886999624556850557747171344755965581084782278498862840,0.5,0.51,188.4,22.38,0.01,0.49,0.5,25.0,183.4,0.01,0.505,0.495,0.106177,0.880038,69249.99
1775435055964,2026-04-06T00:24:15.964,btc-updown-15m-1775434500,1775435400,Down,100893488532948378195056263284213975654340604977648575704443574632138180628203,34075453531342936855819886999624556850557747171344755965581084782278498862840,0.52,0.53,20.56,11.0,0.01,0.47,0.48,11.0,20.56,0.01,0.525,0.475,0.348542,0.651458,69257.86
1775435056965,2026-04-06T00:24:16.965,btc-updown-15m-1775434500,1775435400,Down,100893488532948378195056263284213975654340604977648575704443574632138180628203,34075453531342936855819886999624556850557747171344755965581084782278498862840,0.52,0.54,27.0,1050.5,0.02,0.46,0.48,1050.5,27.0,0.02,0.53,0.47,0.974942,0.025058,69257.86
1775435057965,2026-04-06T00:24:17.965,btc-updown-15m-1775434500,1775435400,Down,100893488532948378195056263284213975654340604977648575704443574632138180628203,34075453531342936855819886999624556850557747171344755965581084782278498862840,0.52,0.54,129.04,29.69,0.02,0.46,0.48,29.69,129.04,0.02,0.53,0.47,0.187047,0.812953,69257.86
1775435058965,2026-04-06T00:24:18.965,btc-updown-15m-1775434500,1775435400,Down,100893488532948378195056263284213975654340604977648575704443574632138180628203,34075453531342936855819886999624556850557747171344755965581084782278498862840,0.53,0.54,52.0,41.92,0.01,0.46,0.47,41.92,52.0,0.01,0.535,0.465,0.446337,0.553663,69257.86
1775435059966,2026-04-06T00:24:19.966,btc-updown-15m-1775434500,1775435400,Down,100893488532948378195056263284213975654340604977648575704443574632138180628203,34075453531342936855819886999624556850557747171344755965581084782278498862840,0.53,0.54,18.88,905.5,0.01,0.46,0.47,895.5,27.0,0.01,0.535,0.465,0.979575,0.029268,69257.86
1775435060967,2026-04-06T00:24:20.967,btc-updown-15m-1775434500,1775435400,Down,100893488532948378195056263284213975654340604977648575704443574632138180628203,34075453531342936855819886999624556850557747171344755965581084782278498862840,0.57,0.58,15.43,56.92,0.01,0.42,0.43,56.92,15.43,0.01,0.575,0.425,0.786731,0.213269,69257.86
1775435061967,2026-04-06T00:24:21.967,btc-updown-15m-1775434500,1775435400,Down,100893488532948378195056263284213975654340604977648575704443574632138180628203,34075453531342936855819886999624556850557747171344755965581084782278498862840,0.55,0.56,1007.04,4.06,0.01,0.44,0.45,4.06,1007.04,0.01,0.555,0.445,0.004015,0.995985,69264.14
1775435062968,2026-04-06T00:24:22.968,btc-updown-15m-1775434500,1775435400,Down,100893488532948378195056263284213975654340604977648575704443574632138180628203,34075453531342936855819886999624556850557747171344755965581084782278498862840,0.56,0.57,20.0,125.84,0.01,0.44,0.45,50.94,25.0,0.01,0.565,0.445,0.862863,0.329207,69264.14
1775435063968,2026-04-06T00:24:23.968,btc-updown-15m-1775434500,1775435400,Down,100893488532948378195056263284213975654340604977648575704443574632138180628203,34075453531342936855819886999624556850557747171344755965581084782278498862840,0.55,0.57,941.24,25.0,0.02,0.43,0.45,25.0,941.24,0.02,0.56,0.44,0.025873,0.974127,69264.14
1775435064969,2026-04-06T00:24:24.969,btc-updown-15m-1775434500,1775435400,Down,100893488532948378195056263284213975654340604977648575704443574632138180628203,34075453531342936855819886999624556850557747171344755965581084782278498862840,0.55,0.56,78.0,33.66,0.01,0.44,0.45,33.66,78.0,0.01,0.555,0.445,0.301451,0.698549,69265.5
1775435065970,2026-04-06T00:24:25.970,btc-updown-15m-1775434500,1775435400,Down,100893488532948378195056263284213975654340604977648575704443574632138180628203,34075453531342936855819886999624556850557747171344755965581084782278498862840,0.55,0.56,88.0,38.66,0.01,0.44,0.45,38.66,88.0,0.01,0.555,0.445,0.305227,0.694773,69265.5
1775435066971,2026-04-06T00:24:26.971,btc-updown-15m-1775434500,1775435400,Down,100893488532948378195056263284213975654340604977648575704443574632138180628203,34075453531342936855819886999624556850557747171344755965581084782278498862840,0.54,0.55,2.27,80.22,0.01,0.45,0.46,80.22,2.27,0.01,0.545,0.455,0.972482,0.027518,69265.5
1775435067971,2026-04-06T00:24:27.971,btc-updown-15m-1775434500,1775435400,Down,100893488532948378195056263284213975654340604977648575704443574632138180628203,34075453531342936855819886999624556850557747171344755965581084782278498862840,0.54,0.55,105.09,75.22,0.01,0.45,0.46,121.22,65.09,0.01,0.545,0.455,0.41717,0.349364,69264.14
1775435068972,2026-04-06T00:24:28.972,btc-updown-15m-1775434500,1775435400,Down,100893488532948378195056263284213975654340604977648575704443574632138180628203,34075453531342936855819886999624556850557747171344755965581084782278498862840,0.54,0.55,915.0,11.18,0.01,0.45,0.46,11.18,915.0,0.01,0.545,0.455,0.012071,0.987929,69264.14
1775435069972,2026-04-06T00:24:29.972,btc-updown-15m-1775434500,1775435400,Down,100893488532948378195056263284213975654340604977648575704443574632138180628203,34075453531342936855819886999624556850557747171344755965581084782278498862840,0.54,0.55,864.28,16.17,0.01,0.45,0.46,16.17,864.28,0.01,0.545,0.455,0.018366,0.981634,69264.14
1775435070973,2026-04-06T00:24:30.973,btc-updown-15m-1775434500,1775435400,Down,100893488532948378195056263284213975654340604977648575704443574632138180628203,34075453531342936855819886999624556850557747171344755965581084782278498862840,0.54,0.55,861.28,16.17,0.01,0.45,0.46,16.17,861.28,0.01,0.545,0.455,0.018428,0.981572,69259.05
1775435071974,2026-04-06T00:24:31.974,btc-updown-15m-1775434500,1775435400,Down,100893488532948378195056263284213975654340604977648575704443574632138180628203,34075453531342936855819886999624556850557747171344755965581084782278498862840,0.54,0.55,5.9,108.9,0.01,0.45,0.46,108.9,5.9,0.01,0.545,0.455,0.948606,0.051394,69259.05
1775435072974,2026-04-06T00:24:32.974,btc-updown-15m-1775434500,1775435400,Down,100893488532948378195056263284213975654340604977648575704443574632138180628203,34075453531342936855819886999624556850557747171344755965581084782278498862840,0.54,0.55,5.9,108.9,0.01,0.45,0.46,108.9,5.9,0.01,0.545,0.455,0.948606,0.051394,69259.05
1775435073975,2026-04-06T00:24:33.975,btc-updown-15m-1775434500,1775435400,Down,100893488532948378195056263284213975654340604977648575704443574632138180628203,34075453531342936855819886999624556850557747171344755965581084782278498862840,0.54,0.55,13.37,83.9,0.01,0.45,0.46,83.9,13.37,0.01,0.545,0.455,0.862548,0.137452,69259.05
1775435074975,2026-04-06T00:24:34.975,btc-updown-15m-1775434500,1775435400,Down,100893488532948378195056263284213975654340604977648575704443574632138180628203,34075453531342936855819886999624556850557747171344755965581084782278498862840,0.54,0.55,893.36,42.56,0.01,0.45,0.46,42.56,893.36,0.01,0.545,0.455,0.045474,0.954526,69259.05
1775435075976,2026-04-06T00:24:35.976,btc-updown-15m-1775434500,1775435400,Down,100893488532948378195056263284213975654340604977648575704443574632138180628203,34075453531342936855819886999624556850557747171344755965581084782278498862840,0.54,0.56,792.99,84.75,0.02,0.44,0.46,84.75,792.99,0.02,0.55,0.45,0.096555,0.903445,69259.05
1775435076978,2026-04-06T00:24:36.978,btc-updown-15m-1775434500,1775435400,Down,100893488532948378195056263284213975654340604977648575704443574632138180628203,34075453531342936855819886999624556850557747171344755965581084782278498862840,0.56,0.57,40.0,51.0,0.01,0.43,0.44,51.0,40.0,0.01,0.565,0.435,0.56044,0.43956,69265.48
1775435077979,2026-04-06T00:24:37.979,btc-updown-15m-1775434500,1775435400,Down,100893488532948378195056263284213975654340604977648575704443574632138180628203,34075453531342936855819886999624556850557747171344755965581084782278498862840,0.56,0.57,40.0,51.0,0.01,0.43,0.44,51.0,40.0,0.01,0.565,0.435,0.56044,0.43956,69265.48
1775435078980,2026-04-06T00:24:38.980,btc-updown-15m-1775434500,1775435400,Down,100893488532948378195056263284213975654340604977648575704443574632138180628203,34075453531342936855819886999624556850557747171344755965581084782278498862840,0.56,0.57,40.0,51.0,0.01,0.43,0.44,51.0,40.0,0.01,0.565,0.435,0.56044,0.43956,69265.48
1775435079980,2026-04-06T00:24:39.980,btc-updown-15m-1775434500,1775435400,Down,100893488532948378195056263284213975654340604977648575704443574632138180628203,34075453531342936855819886999624556850557747171344755965581084782278498862840,0.55,0.56,17.85,20.0,0.01,0.44,0.45,20.0,17.85,0.01,0.555,0.445,0.528402,0.471598,69261.6
1775435080981,2026-04-06T00:24:40.981,btc-updown-15m-1775434500,1775435400,Down,100893488532948378195056263284213975654340604977648575704443574632138180628203,34075453531342936855819886999624556850557747171344755965581084782278498862840,0.54,0.56,217.85,65.5,0.02,0.44,0.46,65.5,217.85,0.02,0.55,0.45,0.231163,0.768837,69261.6
1775435081982,2026-04-06T00:24:41.982,btc-updown-15m-1775434500,1775435400,Down,100893488532948378195056263284213975654340604977648575704443574632138180628203,34075453531342936855819886999624556850557747171344755965581084782278498862840,0.55,0.56,136.13,14.0,0.01,0.44,0.45,14.0,136.13,0.01,0.555,0.445,0.093253,0.906747,69261.6
1775435082982,2026-04-06T00:24:42.982,btc-updown-15m-1775434500,1775435400,Down,100893488532948378195056263284213975654340604977648575704443574632138180628203,34075453531342936855819886999624556850557747171344755965581084782278498862840,0.55,0.56,96.49,14.0,0.01,0.44,0.45,14.0,96.49,0.01,0.555,0.445,0.126708,0.873292,69261.6
1775435083984,2026-04-06T00:24:43.984,btc-updown-15m-1775434500,1775435400,Down,100893488532948378195056263284213975654340604977648575704443574632138180628203,34075453531342936855819886999624556850557747171344755965581084782278498862840,0.55,0.56,96.49,14.0,0.01,0.44,0.45,14.0,96.49,0.01,0.555,0.445,0.126708,0.873292,69261.6
1775435084984,2026-04-06T00:24:44.984,btc-updown-15m-1775434500,1775435400,Down,100893488532948378195056263284213975654340604977648575704443574632138180628203,34075453531342936855819886999624556850557747171344755965581084782278498862840,0.55,0.56,96.49,14.0,0.01,0.44,0.45,14.0,96.49,0.01,0.555,0.445,0.126708,0.873292,69261.6
1775435085986,2026-04-06T00:24:45.986,btc-updown-15m-1775434500,1775435400,Down,100893488532948378195056263284213975654340604977648575704443574632138180628203,34075453531342936855819886999624556850557747171344755965581084782278498862840,0.55,0.56,96.49,14.0,0.01,0.44,0.45,14.0,96.49,0.01,0.555,0.445,0.126708,0.873292,69261.61
1775435086986,2026-04-06T00:24:46.986,btc-updown-15m-1775434500,1775435400,Down,100893488532948378195056263284213975654340604977648575704443574632138180628203,34075453531342936855819886999624556850557747171344755965581084782278498862840,0.54,0.56,37.85,60.77,0.02,0.44,0.46,60.77,37.85,0.02,0.55,0.45,0.616204,0.383796,69261.61
1775435087986,2026-04-06T00:24:47.986,btc-updown-15m-1775434500,1775435400,Down,100893488532948378195056263284213975654340604977648575704443574632138180628203,34075453531342936855819886999624556850557747171344755965581084782278498862840,0.54,0.56,37.85,60.77,0.02,0.44,0.46,60.77,37.85,0.02,0.55,0.45,0.616204,0.383796,69261.61
1775435088988,2026-04-06T00:24:48.988,btc-updown-15m-1775434500,1775435400,Down,100893488532948378195056263284213975654340604977648575704443574632138180628203,34075453531342936855819886999624556850557747171344755965581084782278498862840,0.54,0.56,57.85,70.57,0.02,0.44,0.46,70.57,57.85,0.02,0.55,0.45,0.549525,0.450475,69261.6
1775435089989,2026-04-06T00:24:49.989,btc-updown-15m-1775434500,1775435400,Down,100893488532948378195056263284213975654340604977648575704443574632138180628203,34075453531342936855819886999624556850557747171344755965581084782278498862840,0.54,0.56,57.85,70.57,0.02,0.44,0.46,70.57,57.85,0.02,0.55,0.45,0.549525,0.450475,69261.6
1775435090990,2026-04-06T00:24:50.990,btc-updown-15m-1775434500,1775435400,Down,100893488532948378195056263284213975654340604977648575704443574632138180628203,34075453531342936855819886999624556850557747171344755965581084782278498862840,0.54,0.56,47.81,109.5,0.02,0.44,0.46,109.5,47.81,0.02,0.55,0.45,0.696078,0.303922,69261.6
1775435091991,2026-04-06T00:24:51.991,btc-updown-15m-1775434500,1775435400,Down,100893488532948378195056263284213975654340604977648575704443574632138180628203,34075453531342936855819886999624556850557747171344755965581084782278498862840,0.54,0.56,21.77,88.38,0.02,0.44,0.46,88.38,21.77,0.02,0.55,0.45,0.80236,0.19764,69261.6
1775435092992,2026-04-06T00:24:52.992,btc-updown-15m-1775434500,1775435400,Down,100893488532948378195056263284213975654340604977648575704443574632138180628203,34075453531342936855819886999624556850557747171344755965581084782278498862840,0.54,0.56,21.77,88.38,0.02,0.44,0.46,88.38,21.77,0.02,0.55,0.45,0.80236,0.19764,69261.6
1775435093993,2026-04-06T00:24:53.993,btc-updown-15m-1775434500,1775435400,Down,100893488532948378195056263284213975654340604977648575704443574632138180628203,34075453531342936855819886999624556850557747171344755965581084782278498862840,0.54,0.56,13.1,91.3,0.02,0.44,0.46,91.3,13.1,0.02,0.55,0.45,0.874521,0.125479,69261.6
1775435094994,2026-04-06T00:24:54.994,btc-updown-15m-1775434500,1775435400,Down,100893488532948378195056263284213975654340604977648575704443574632138180628203,34075453531342936855819886999624556850557747171344755965581084782278498862840,0.55,0.56,193.17,5.0,0.01,0.44,0.45,5.0,193.17,0.01,0.555,0.445,0.025231,0.974769,69261.6
1775435095994,2026-04-06T00:24:55.994,btc-updown-15m-1775434500,1775435400,Down,100893488532948378195056263284213975654340604977648575704443574632138180628203,34075453531342936855819886999624556850557747171344755965581084782278498862840,0.55,0.56,193.17,5.0,0.01,0.44,0.45,5.0,193.17,0.01,0.555,0.445,0.025231,0.974769,69261.6
1775435096995,2026-04-06T00:24:56.995,btc-updown-15m-1775434500,1775435400,Down,100893488532948378195056263284213975654340604977648575704443574632138180628203,34075453531342936855819886999624556850557747171344755965581084782278498862840,0.55,0.56,193.17,5.0,0.01,0.44,0.45,5.0,193.17,0.01,0.555,0.445,0.025231,0.974769,69261.6
1775435097995,2026-04-06T00:24:57.995,btc-updown-15m-1775434500,1775435400,Down,100893488532948378195056263284213975654340604977648575704443574632138180628203,34075453531342936855819886999624556850557747171344755965581084782278498862840,0.54,0.56,189.12,100.62,0.02,0.44,0.46,100.62,189.12,0.02,0.55,0.45,0.347277,0.652723,69261.6
1775435098996,2026-04-06T00:24:58.996,btc-updown-15m-1775434500,1775435400,Down,100893488532948378195056263284213975654340604977648575704443574632138180628203,34075453531342936855819886999624556850557747171344755965581084782278498862840,0.55,0.56,133.78,177.19,0.01,0.44,0.45,177.19,133.78,0.01,0.555,0.445,0.569798,0.430202,69261.6
1775435099997,2026-04-06T00:24:59.997,btc-updown-15m-1775434500,1775435400,Down,100893488532948378195056263284213975654340604977648575704443574632138180628203,34075453531342936855819886999624556850557747171344755965581084782278498862840,0.54,0.56,151.1,215.21,0.02,0.44,0.46,215.21,151.1,0.02,0.55,0.45,0.587508,0.412492,69261.6
1775435100998,2026-04-06T00:25:00.998,btc-updown-15m-1775434500,1775435400,Down,100893488532948378195056263284213975654340604977648575704443574632138180628203,34075453531342936855819886999624556850557747171344755965581084782278498862840,0.54,0.55,21.14,108.21,0.01,0.45,0.46,108.21,21.14,0.01,0.545,0.455,0.836567,0.163433,69261.61
1775435102000,2026-04-06T00:25:02.000,btc-updown-15m-1775434500,1775435400,Down,100893488532948378195056263284213975654340604977648575704443574632138180628203,34075453531342936855819886999624556850557747171344755965581084782278498862840,0.55,0.56,210.1,33.0,0.01,0.44,0.45,33.0,210.1,0.01,0.555,0.445,0.135747,0.864253,69261.61
1775435103000,2026-04-06T00:25:03.000,btc-updown-15m-1775434500,1775435400,Down,100893488532948378195056263284213975654340604977648575704443574632138180628203,34075453531342936855819886999624556850557747171344755965581084782278498862840,0.55,0.56,141.1,76.5,0.01,0.44,0.45,76.5,141.1,0.01,0.555,0.445,0.351562,0.648438,69261.61
1775435104002,2026-04-06T00:25:04.002,btc-updown-15m-1775434500,1775435400,Down,100893488532948378195056263284213975654340604977648575704443574632138180628203,34075453531342936855819886999624556850557747171344755965581084782278498862840,0.55,0.56,42.54,294.5,0.01,0.44,0.45,294.5,42.54,0.01,0.555,0.445,0.873784,0.126216,69261.61
1775435105002,2026-04-06T00:25:05.002,btc-updown-15m-1775434500,1775435400,Down,100893488532948378195056263284213975654340604977648575704443574632138180628203,34075453531342936855819886999624556850557747171344755965581084782278498862840,0.55,0.56,42.54,340.14,0.01,0.44,0.45,340.14,42.54,0.01,0.555,0.445,0.888837,0.111163,69261.61
1775435106002,2026-04-06T00:25:06.002,btc-updown-15m-1775434500,1775435400,Down,100893488532948378195056263284213975654340604977648575704443574632138180628203,34075453531342936855819886999624556850557747171344755965581084782278498862840,0.55,0.56,35.54,98.04,0.01,0.44,0.45,98.04,35.54,0.01,0.555,0.445,0.733942,0.266058,69261.61
1775435107003,2026-04-06T00:25:07.003,btc-updown-15m-1775434500,1775435400,Down,100893488532948378195056263284213975654340604977648575704443574632138180628203,34075453531342936855819886999624556850557747171344755965581084782278498862840,0.55,0.56,35.54,98.04,0.01,0.44,0.45,98.04,35.54,0.01,0.555,0.445,0.733942,0.266058,69265.47
1775435108004,2026-04-06T00:25:08.004,btc-updown-15m-1775434500,1775435400,Down,100893488532948378195056263284213975654340604977648575704443574632138180628203,34075453531342936855819886999624556850557747171344755965581084782278498862840,0.55,0.56,104.54,41.5,0.01,0.44,0.45,41.5,104.54,0.01,0.555,0.445,0.284169,0.715831,69265.47
1775435109004,2026-04-06T00:25:09.004,btc-updown-15m-1775434500,1775435400,Down,100893488532948378195056263284213975654340604977648575704443574632138180628203,34075453531342936855819886999624556850557747171344755965581084782278498862840,0.55,0.56,104.54,37.02,0.01,0.44,0.45,37.02,104.54,0.01,0.555,0.445,0.261515,0.738485,69265.47
1775435110005,2026-04-06T00:25:10.005,btc-updown-15m-1775434500,1775435400,Down,100893488532948378195056263284213975654340604977648575704443574632138180628203,34075453531342936855819886999624556850557747171344755965581084782278498862840,0.55,0.56,109.54,7.85,0.01,0.44,0.45,7.85,109.54,0.01,0.555,0.445,0.066871,0.933129,69265.47
1775435111007,2026-04-06T00:25:11.007,btc-updown-15m-1775434500,1775435400,Down,100893488532948378195056263284213975654340604977648575704443574632138180628203,34075453531342936855819886999624556850557747171344755965581084782278498862840,0.55,0.56,82.37,100.85,0.01,0.44,0.45,100.85,82.37,0.01,0.555,0.445,0.550431,0.449569,69265.47
1775435112008,2026-04-06T00:25:12.008,btc-updown-15m-1775434500,1775435400,Down,100893488532948378195056263284213975654340604977648575704443574632138180628203,34075453531342936855819886999624556850557747171344755965581084782278498862840,0.55,0.56,22.32,938.85,0.01,0.44,0.45,938.85,22.32,0.01,0.555,0.445,0.976778,0.023222,69265.47
1775435113009,2026-04-06T00:25:13.009,btc-updown-15m-1775434500,1775435400,Down,100893488532948378195056263284213975654340604977648575704443574632138180628203,34075453531342936855819886999624556850557747171344755965581084782278498862840,0.55,0.56,22.32,938.85,0.01,0.44,0.45,938.85,22.32,0.01,0.555,0.445,0.976778,0.023222,69270.27
1775435114010,2026-04-06T00:25:14.010,btc-updown-15m-1775434500,1775435400,Down,100893488532948378195056263284213975654340604977648575704443574632138180628203,34075453531342936855819886999624556850557747171344755965581084782278498862840,0.55,0.58,21.79,951.35,0.03,0.42,0.45,959.05,21.79,0.03,0.565,0.435,0.977609,0.022216,69270.27
1775435115010,2026-04-06T00:25:15.010,btc-updown-15m-1775434500,1775435400,Down,100893488532948378195056263284213975654340604977648575704443574632138180628203,34075453531342936855819886999624556850557747171344755965581084782278498862840,0.59,0.6,4.72,22.5,0.01,0.4,0.41,22.5,4.72,0.01,0.595,0.405,0.826598,0.173402,69270.27
1775435116010,2026-04-06T00:25:16.010,btc-updown-15m-1775434500,1775435400,Down,100893488532948378195056263284213975654340604977648575704443574632138180628203,34075453531342936855819886999624556850557747171344755965581084782278498862840,0.6,0.61,14.78,127.13,0.01,0.39,0.4,127.13,14.78,0.01,0.605,0.395,0.895849,0.104151,69278.88
1775435117012,2026-04-06T00:25:17.012,btc-updown-15m-1775434500,1775435400,Down,100893488532948378195056263284213975654340604977648575704443574632138180628203,34075453531342936855819886999624556850557747171344755965581084782278498862840,0.6,0.61,131.78,17.0,0.01,0.39,0.4,17.0,131.78,0.01,0.605,0.395,0.114263,0.885737,69278.88
1775435118012,2026-04-06T00:25:18.012,btc-updown-15m-1775434500,1775435400,Down,100893488532948378195056263284213975654340604977648575704443574632138180628203,34075453531342936855819886999624556850557747171344755965581084782278498862840,0.6,0.61,109.96,1.0,0.01,0.39,0.4,1.0,109.96,0.01,0.605,0.395,0.009012,0.990988,69278.88
1775435119013,2026-04-06T00:25:19.013,btc-updown-15m-1775434500,1775435400,Down,100893488532948378195056263284213975654340604977648575704443574632138180628203,34075453531342936855819886999624556850557747171344755965581084782278498862840,0.6,0.61,87.88,156.0,0.01,0.39,0.4,156.0,87.88,0.01,0.605,0.395,0.639659,0.360341,69278.88
1775435120014,2026-04-06T00:25:20.014,btc-updown-15m-1775434500,1775435400,Down,100893488532948378195056263284213975654340604977648575704443574632138180628203,34075453531342936855819886999624556850557747171344755965581084782278498862840,0.6,0.61,289.73,105.75,0.01,0.39,0.4,105.75,289.73,0.01,0.605,0.395,0.267397,0.732603,69278.88
1775435121014,2026-04-06T00:25:21.014,btc-updown-15m-1775434500,1775435400,Down,100893488532948378195056263284213975654340604977648575704443574632138180628203,34075453531342936855819886999624556850557747171344755965581084782278498862840,0.6,0.61,137.63,105.75,0.01,0.39,0.4,105.75,137.63,0.01,0.605,0.395,0.434506,0.565494,69278.88
1775435122014,2026-04-06T00:25:22.014,btc-updown-15m-1775434500,1775435400,Down,100893488532948378195056263284213975654340604977648575704443574632138180628203,34075453531342936855819886999624556850557747171344755965581084782278498862840,0.54,0.55,54.54,27.21,0.01,0.45,0.46,27.21,54.54,0.01,0.545,0.455,0.332844,0.667156,69259.06
1775435123015,2026-04-06T00:25:23.015,btc-updown-15m-1775434500,1775435400,Down,100893488532948378195056263284213975654340604977648575704443574632138180628203,34075453531342936855819886999624556850557747171344755965581084782278498862840,0.54,0.55,96.81,27.21,0.01,0.45,0.46,27.21,96.81,0.01,0.545,0.455,0.2194,0.7806,69259.06
1775435124016,2026-04-06T00:25:24.016,btc-updown-15m-1775434500,1775435400,Down,100893488532948378195056263284213975654340604977648575704443574632138180628203,34075453531342936855819886999624556850557747171344755965581084782278498862840,0.54,0.55,63.18,47.21,0.01,0.45,0.46,47.21,63.18,0.01,0.545,0.455,0.427666,0.572334,69259.06
1775435125016,2026-04-06T00:25:25.016,btc-updown-15m-1775434500,1775435400,Down,100893488532948378195056263284213975654340604977648575704443574632138180628203,34075453531342936855819886999624556850557747171344755965581084782278498862840,0.48,0.49,35.81,94.08,0.01,0.51,0.52,94.08,35.81,0.01,0.485,0.515,0.724305,0.275695,69240.28
1775435126016,2026-04-06T00:25:26.016,btc-updown-15m-1775434500,1775435400,Down,100893488532948378195056263284213975654340604977648575704443574632138180628203,34075453531342936855819886999624556850557747171344755965581084782278498862840,0.49,0.5,76.0,20.92,0.01,0.5,0.51,20.92,76.0,0.01,0.495,0.505,0.215848,0.784152,69240.28
1775435127018,2026-04-06T00:25:27.018,btc-updown-15m-1775434500,1775435400,Down,100893488532948378195056263284213975654340604977648575704443574632138180628203,34075453531342936855819886999624556850557747171344755965581084782278498862840,0.49,0.5,31.0,19.96,0.01,0.5,0.51,19.96,31.0,0.01,0.495,0.505,0.39168,0.60832,69240.28
1775435128018,2026-04-06T00:25:28.018,btc-updown-15m-1775434500,1775435400,Down,100893488532948378195056263284213975654340604977648575704443574632138180628203,34075453531342936855819886999624556850557747171344755965581084782278498862840,0.49,0.51,178.0,75.96,0.02,0.49,0.51,75.96,178.0,0.02,0.5,0.5,0.299102,0.700898,69240.28
1775435129018,2026-04-06T00:25:29.018,btc-updown-15m-1775434500,1775435400,Down,100893488532948378195056263284213975654340604977648575704443574632138180628203,34075453531342936855819886999624556850557747171344755965581084782278498862840,0.51,0.52,11.75,9.71,0.01,0.48,0.49,9.71,11.75,0.01,0.515,0.485,0.45247,0.54753,69240.28
1775435130019,2026-04-06T00:25:30.019,btc-updown-15m-1775434500,1775435400,Down,100893488532948378195056263284213975654340604977648575704443574632138180628203,34075453531342936855819886999624556850557747171344755965581084782278498862840,0.52,0.53,73.47,70.0,0.01,0.47,0.48,70.0,73.47,0.01,0.525,0.475,0.487907,0.512093,69240.28
1775435131020,2026-04-06T00:25:31.020,btc-updown-15m-1775434500,1775435400,Down,100893488532948378195056263284213975654340604977648575704443574632138180628203,34075453531342936855819886999624556850557747171344755965581084782278498862840,0.53,0.54,16.9,20.0,0.01,0.46,0.47,20.0,16.9,0.01,0.535,0.465,0.542005,0.457995,69250.84
1775435132021,2026-04-06T00:25:32.021,btc-updown-15m-1775434500,1775435400,Down,100893488532948378195056263284213975654340604977648575704443574632138180628203,34075453531342936855819886999624556850557747171344755965581084782278498862840,0.52,0.54,21.65,186.5,0.02,0.46,0.48,186.5,21.65,0.02,0.53,0.47,0.895988,0.104012,69250.84
1775435133021,2026-04-06T00:25:33.021,btc-updown-15m-1775434500,1775435400,Down,100893488532948378195056263284213975654340604977648575704443574632138180628203,34075453531342936855819886999624556850557747171344755965581084782278498862840,0.53,0.54,38.65,39.78,0.01,0.46,0.47,39.78,38.65,0.01,0.535,0.465,0.507204,0.492796,69250.84
1775435134022,2026-04-06T00:25:34.022,btc-updown-15m-1775434500,1775435400,Down,100893488532948378195056263284213975654340604977648575704443574632138180628203,34075453531342936855819886999624556850557747171344755965581084782278498862840,0.51,0.52,58.69,75.5,0.01,0.48,0.49,75.5,58.69,0.01,0.515,0.485,0.562635,0.437365,69232.0
1775435135022,2026-04-06T00:25:35.022,btc-updown-15m-1775434500,1775435400,Down,100893488532948378195056263284213975654340604977648575704443574632138180628203,34075453531342936855819886999624556850557747171344755965581084782278498862840,0.46,0.5,100.5,4.86,0.04,0.5,0.54,4.86,100.5,0.04,0.48,0.52,0.046128,0.953872,69232.0
1775435136023,2026-04-06T00:25:36.023,btc-updown-15m-1775434500,1775435400,Down,100893488532948378195056263284213975654340604977648575704443574632138180628203,34075453531342936855819886999624556850557747171344755965581084782278498862840,0.37,0.5,105.5,22.86,0.13,0.5,0.61,3.86,105.5,0.11,0.435,0.555,0.178093,0.964704,69232.0
1775435137024,2026-04-06T00:25:37.024,btc-updown-15m-1775434500,1775435400,Down,100893488532948378195056263284213975654340604977648575704443574632138180628203,34075453531342936855819886999624556850557747171344755965581084782278498862840,0.44,0.45,5.0,9.38,0.01,0.55,0.56,9.38,5.0,0.01,0.445,0.555,0.652295,0.347705,69220.36
1775435138026,2026-04-06T00:25:38.026,btc-updown-15m-1775434500,1775435400,Down,100893488532948378195056263284213975654340604977648575704443574632138180628203,34075453531342936855819886999624556850557747171344755965581084782278498862840,0.44,0.45,118.82,37.78,0.01,0.55,0.56,37.78,118.82,0.01,0.445,0.555,0.241252,0.758748,69220.36
1775435139028,2026-04-06T00:25:39.028,btc-updown-15m-1775434500,1775435400,Down,100893488532948378195056263284213975654340604977648575704443574632138180628203,34075453531342936855819886999624556850557747171344755965581084782278498862840,0.44,0.45,112.91,4.15,0.01,0.55,0.56,4.15,112.91,0.01,0.445,0.555,0.035452,0.964548,69220.36
1775435140028,2026-04-06T00:25:40.028,btc-updown-15m-1775434500,1775435400,Down,100893488532948378195056263284213975654340604977648575704443574632138180628203,34075453531342936855819886999624556850557747171344755965581084782278498862840,0.44,0.45,145.34,22.2,0.01,0.55,0.56,22.2,145.34,0.01,0.445,0.555,0.132506,0.867494,69220.36
1775435141029,2026-04-06T00:25:41.029,btc-updown-15m-1775434500,1775435400,Down,100893488532948378195056263284213975654340604977648575704443574632138180628203,34075453531342936855819886999624556850557747171344755965581084782278498862840,0.44,0.45,145.34,22.2,0.01,0.55,0.56,22.2,145.34,0.01,0.445,0.555,0.132506,0.867494,69220.36
1775435142029,2026-04-06T00:25:42.029,btc-updown-15m-1775434500,1775435400,Down,100893488532948378195056263284213975654340604977648575704443574632138180628203,34075453531342936855819886999624556850557747171344755965581084782278498862840,0.44,0.45,130.79,50.0,0.01,0.56,0.58,15.0,38.0,0.02,0.445,0.57,0.276564,0.716981,69220.36
1775435143030,2026-04-06T00:25:43.030,btc-updown-15m-1775434500,1775435400,Down,100893488532948378195056263284213975654340604977648575704443574632138180628203,34075453531342936855819886999624556850557747171344755965581084782278498862840,0.42,0.43,66.09,7.78,0.01,0.57,0.58,7.78,66.09,0.01,0.425,0.575,0.10532,0.89468,69213.16
1775435144030,2026-04-06T00:25:44.030,btc-updown-15m-1775434500,1775435400,Down,100893488532948378195056263284213975654340604977648575704443574632138180628203,34075453531342936855819886999624556850557747171344755965581084782278498862840,0.42,0.43,96.82,95.5,0.01,0.57,0.58,95.5,96.82,0.01,0.425,0.575,0.496568,0.503432,69213.16
1775435145031,2026-04-06T00:25:45.031,btc-updown-15m-1775434500,1775435400,Down,100893488532948378195056263284213975654340604977648575704443574632138180628203,34075453531342936855819886999624556850557747171344755965581084782278498862840,0.42,0.43,80.0,113.0,0.01,0.57,0.58,113.0,80.0,0.01,0.425,0.575,0.585492,0.414508,69213.16
1775435146033,2026-04-06T00:25:46.033,btc-updown-15m-1775434500,1775435400,Down,100893488532948378195056263284213975654340604977648575704443574632138180628203,34075453531342936855819886999624556850557747171344755965581084782278498862840,0.42,0.43,95.37,207.32,0.01,0.57,0.58,207.32,95.37,0.01,0.425,0.575,0.684925,0.315075,69216.34
1775435147033,2026-04-06T00:25:47.033,btc-updown-15m-1775434500,1775435400,Down,100893488532948378195056263284213975654340604977648575704443574632138180628203,34075453531342936855819886999624556850557747171344755965581084782278498862840,0.42,0.43,83.02,197.32,0.01,0.57,0.58,197.32,83.02,0.01,0.425,0.575,0.70386,0.29614,69216.34
1775435148035,2026-04-06T00:25:48.035,btc-updown-15m-1775434500,1775435400,Down,100893488532948378195056263284213975654340604977648575704443574632138180628203,34075453531342936855819886999624556850557747171344755965581084782278498862840,0.42,0.43,83.02,197.32,0.01,0.57,0.58,197.32,83.02,0.01,0.425,0.575,0.70386,0.29614,69216.34
1775435149036,2026-04-06T00:25:49.036,btc-updown-15m-1775434500,1775435400,Down,100893488532948378195056263284213975654340604977648575704443574632138180628203,34075453531342936855819886999624556850557747171344755965581084782278498862840,0.43,0.44,78.0,136.34,0.01,0.56,0.57,136.34,78.0,0.01,0.435,0.565,0.636092,0.363908,69220.35
1775435150036,2026-04-06T00:25:50.036,btc-updown-15m-1775434500,1775435400,Down,100893488532948378195056263284213975654340604977648575704443574632138180628203,34075453531342936855819886999624556850557747171344755965581084782278498862840,0.43,0.44,136.83,90.05,0.01,0.56,0.57,90.05,136.83,0.01,0.435,0.565,0.396906,0.603094,69220.35
1775435151037,2026-04-06T00:25:51.037,btc-updown-15m-1775434500,1775435400,Down,100893488532948378195056263284213975654340604977648575704443574632138180628203,34075453531342936855819886999624556850557747171344755965581084782278498862840,0.43,0.44,144.43,102.05,0.01,0.56,0.57,102.05,144.43,0.01,0.435,0.565,0.41403,0.58597,69220.35
1775435152038,2026-04-06T00:25:52.038,btc-updown-15m-1775434500,1775435400,Down,100893488532948378195056263284213975654340604977648575704443574632138180628203,34075453531342936855819886999624556850557747171344755965581084782278498862840,0.43,0.44,35.82,47.86,0.01,0.56,0.57,47.86,35.82,0.01,0.435,0.565,0.571941,0.428059,69220.35
1775435153038,2026-04-06T00:25:53.038,btc-updown-15m-1775434500,1775435400,Down,100893488532948378195056263284213975654340604977648575704443574632138180628203,34075453531342936855819886999624556850557747171344755965581084782278498862840,0.43,0.44,35.82,47.86,0.01,0.56,0.57,47.86,35.82,0.01,0.435,0.565,0.571941,0.428059,69220.35
1775435154039,2026-04-06T00:25:54.039,btc-updown-15m-1775434500,1775435400,Down,100893488532948378195056263284213975654340604977648575704443574632138180628203,34075453531342936855819886999624556850557747171344755965581084782278498862840,0.43,0.44,35.82,47.86,0.01,0.56,0.57,47.86,35.82,0.01,0.435,0.565,0.571941,0.428059,69220.35
1775435155040,2026-04-06T00:25:55.040,btc-updown-15m-1775434500,1775435400,Down,100893488532948378195056263284213975654340604977648575704443574632138180628203,34075453531342936855819886999624556850557747171344755965581084782278498862840,0.43,0.44,66.74,70.5,0.01,0.56,0.57,70.5,66.74,0.01,0.435,0.565,0.513699,0.486301,69220.36
1775435156041,2026-04-06T00:25:56.041,btc-updown-15m-1775434500,1775435400,Down,100893488532948378195056263284213975654340604977648575704443574632138180628203,34075453531342936855819886999624556850557747171344755965581084782278498862840,0.43,0.44,66.74,70.5,0.01,0.56,0.57,70.5,66.74,0.01,0.435,0.565,0.513699,0.486301,69220.36
1775435157042,2026-04-06T00:25:57.042,btc-updown-15m-1775434500,1775435400,Down,100893488532948378195056263284213975654340604977648575704443574632138180628203,34075453531342936855819886999624556850557747171344755965581084782278498862840,0.43,0.44,66.74,70.5,0.01,0.56,0.57,70.5,66.74,0.01,0.435,0.565,0.513699,0.486301,69220.36
1775435158043,2026-04-06T00:25:58.043,btc-updown-15m-1775434500,1775435400,Down,100893488532948378195056263284213975654340604977648575704443574632138180628203,34075453531342936855819886999624556850557747171344755965581084782278498862840,0.43,0.44,66.74,70.5,0.01,0.56,0.57,70.5,66.74,0.01,0.435,0.565,0.513699,0.486301,69220.36
1775435159043,2026-04-06T00:25:59.043,btc-updown-15m-1775434500,1775435400,Down,100893488532948378195056263284213975654340604977648575704443574632138180628203,34075453531342936855819886999624556850557747171344755965581084782278498862840,0.43,0.44,123.15,14.99,0.01,0.56,0.57,14.99,123.15,0.01,0.435,0.565,0.108513,0.891487,69220.36
1775435160044,2026-04-06T00:26:00.044,btc-updown-15m-1775434500,1775435400,Down,100893488532948378195056263284213975654340604977648575704443574632138180628203,34075453531342936855819886999624556850557747171344755965581084782278498862840,0.42,0.44,158.85,32.0,0.02,0.56,0.58,32.0,158.85,0.02,0.43,0.57,0.167671,0.832329,69220.36
1775435161044,2026-04-06T00:26:01.044,btc-updown-15m-1775434500,1775435400,Down,100893488532948378195056263284213975654340604977648575704443574632138180628203,34075453531342936855819886999624556850557747171344755965581084782278498862840,0.39,0.4,27.92,5.05,0.01,0.6,0.61,5.05,27.92,0.01,0.395,0.605,0.15317,0.84683,69216.34
1775435162044,2026-04-06T00:26:02.044,btc-updown-15m-1775434500,1775435400,Down,100893488532948378195056263284213975654340604977648575704443574632138180628203,34075453531342936855819886999624556850557747171344755965581084782278498862840,0.39,0.4,32.92,43.5,0.01,0.6,0.61,43.5,32.92,0.01,0.395,0.605,0.569223,0.430777,69216.34
1775435163045,2026-04-06T00:26:03.045,btc-updown-15m-1775434500,1775435400,Down,100893488532948378195056263284213975654340604977648575704443574632138180628203,34075453531342936855819886999624556850557747171344755965581084782278498862840,0.39,0.4,41.98,41.04,0.01,0.6,0.61,41.04,41.98,0.01,0.395,0.605,0.494339,0.505661,69216.34
1775435164046,2026-04-06T00:26:04.046,btc-updown-15m-1775434500,1775435400,Down,100893488532948378195056263284213975654340604977648575704443574632138180628203,34075453531342936855819886999624556850557747171344755965581084782278498862840,0.38,0.39,22.0,33.5,0.01,0.61,0.62,33.5,22.0,0.01,0.385,0.615,0.603604,0.396396,69207.96
1775435165047,2026-04-06T00:26:05.047,btc-updown-15m-1775434500,1775435400,Down,100893488532948378195056263284213975654340604977648575704443574632138180628203,34075453531342936855819886999624556850557747171344755965581084782278498862840,0.38,0.39,22.0,33.5,0.01,0.61,0.62,33.5,22.0,0.01,0.385,0.615,0.603604,0.396396,69207.96
1775435166048,2026-04-06T00:26:06.048,btc-updown-15m-1775434500,1775435400,Down,100893488532948378195056263284213975654340604977648575704443574632138180628203,34075453531342936855819886999624556850557747171344755965581084782278498862840,0.37,0.38,39.02,30.84,0.01,0.62,0.63,30.84,39.02,0.01,0.375,0.625,0.441454,0.558546,69207.96
1775435167049,2026-04-06T00:26:07.049,btc-updown-15m-1775434500,1775435400,Down,100893488532948378195056263284213975654340604977648575704443574632138180628203,34075453531342936855819886999624556850557747171344755965581084782278498862840,0.36,0.37,25.0,103.01,0.01,0.63,0.64,103.01,25.0,0.01,0.365,0.635,0.804703,0.195297,69207.96
1775435168050,2026-04-06T00:26:08.050,btc-updown-15m-1775434500,1775435400,Down,100893488532948378195056263284213975654340604977648575704443574632138180628203,34075453531342936855819886999624556850557747171344755965581084782278498862840,0.36,0.37,6.33,94.01,0.01,0.63,0.64,94.01,6.33,0.01,0.365,0.635,0.936914,0.063086,69207.96
1775435169050,2026-04-06T00:26:09.050,btc-updown-15m-1775434500,1775435400,Down,100893488532948378195056263284213975654340604977648575704443574632138180628203,34075453531342936855819886999624556850557747171344755965581084782278498862840,0.36,0.37,5.46,83.35,0.01,0.63,0.64,83.35,5.46,0.01,0.365,0.635,0.93852,0.06148,69207.96
1775435170052,2026-04-06T00:26:10.052,btc-updown-15m-1775434500,1775435400,Down,100893488532948378195056263284213975654340604977648575704443574632138180628203,34075453531342936855819886999624556850557747171344755965581084782278498862840,0.43,0.44,82.87,25.0,0.01,0.56,0.57,25.0,82.87,0.01,0.435,0.565,0.23176,0.76824,69221.09
1775435171052,2026-04-06T00:26:11.052,btc-updown-15m-1775434500,1775435400,Down,100893488532948378195056263284213975654340604977648575704443574632138180628203,34075453531342936855819886999624556850557747171344755965581084782278498862840,0.43,0.44,82.87,25.0,0.01,0.56,0.57,25.0,82.87,0.01,0.435,0.565,0.23176,0.76824,69221.09
1775435172054,2026-04-06T00:26:12.054,btc-updown-15m-1775434500,1775435400,Down,100893488532948378195056263284213975654340604977648575704443574632138180628203,34075453531342936855819886999624556850557747171344755965581084782278498862840,0.41,0.43,5.0,6.58,0.02,0.57,0.59,6.58,5.0,0.02,0.42,0.58,0.568221,0.431779,69221.09
1775435173054,2026-04-06T00:26:13.054,btc-updown-15m-1775434500,1775435400,Down,100893488532948378195056263284213975654340604977648575704443574632138180628203,34075453531342936855819886999624556850557747171344755965581084782278498862840,0.41,0.43,15.0,83.68,0.02,0.57,0.59,83.68,15.0,0.02,0.42,0.58,0.847994,0.152006,69221.09
1775435174055,2026-04-06T00:26:14.055,btc-updown-15m-1775434500,1775435400,Down,100893488532948378195056263284213975654340604977648575704443574632138180628203,34075453531342936855819886999624556850557747171344755965581084782278498862840,0.42,0.43,1.97,72.0,0.01,0.57,0.58,72.0,6.51,0.01,0.425,0.575,0.973368,0.082919,69221.09
1775435175055,2026-04-06T00:26:15.055,btc-updown-15m-1775434500,1775435400,Down,100893488532948378195056263284213975654340604977648575704443574632138180628203,34075453531342936855819886999624556850557747171344755965581084782278498862840,0.42,0.43,3.66,72.0,0.01,0.57,0.58,72.0,3.66,0.01,0.425,0.575,0.951626,0.048374,69221.09
1775435176056,2026-04-06T00:26:16.056,btc-updown-15m-1775434500,1775435400,Down,100893488532948378195056263284213975654340604977648575704443574632138180628203,34075453531342936855819886999624556850557747171344755965581084782278498862840,0.42,0.43,11.0,84.41,0.01,0.57,0.58,84.41,11.0,0.01,0.425,0.575,0.884708,0.115292,69221.09
1775435177056,2026-04-06T00:26:17.056,btc-updown-15m-1775434500,1775435400,Down,100893488532948378195056263284213975654340604977648575704443574632138180628203,34075453531342936855819886999624556850557747171344755965581084782278498862840,0.43,0.44,15.0,193.0,0.01,0.56,0.57,193.0,15.0,0.01,0.435,0.565,0.927885,0.072115,69221.09
1775435178057,2026-04-06T00:26:18.057,btc-updown-15m-1775434500,1775435400,Down,100893488532948378195056263284213975654340604977648575704443574632138180628203,34075453531342936855819886999624556850557747171344755965581084782278498862840,0.43,0.44,5.0,61.24,0.01,0.56,0.57,61.24,5.0,0.01,0.435,0.565,0.924517,0.075483,69221.09
1775435179058,2026-04-06T00:26:19.058,btc-updown-15m-1775434500,1775435400,Down,100893488532948378195056263284213975654340604977648575704443574632138180628203,34075453531342936855819886999624556850557747171344755965581084782278498862840,0.49,0.53,6.91,4.6,0.04,0.47,0.51,4.6,6.91,0.04,0.51,0.49,0.399652,0.600348,69241.72
1775435180059,2026-04-06T00:26:20.059,btc-updown-15m-1775434500,1775435400,Down,100893488532948378195056263284213975654340604977648575704443574632138180628203,34075453531342936855819886999624556850557747171344755965581084782278498862840,0.49,0.5,60.5,116.0,0.01,0.5,0.51,116.0,60.5,0.01,0.495,0.505,0.657224,0.342776,69241.72
1775435181059,2026-04-06T00:26:21.059,btc-updown-15m-1775434500,1775435400,Down,100893488532948378195056263284213975654340604977648575704443574632138180628203,34075453531342936855819886999624556850557747171344755965581084782278498862840,0.47,0.49,14.84,62.0,0.02,0.51,0.53,62.0,14.84,0.02,0.48,0.52,0.806871,0.193129,69241.72
1775435182060,2026-04-06T00:26:22.060,btc-updown-15m-1775434500,1775435400,Down,100893488532948378195056263284213975654340604977648575704443574632138180628203,34075453531342936855819886999624556850557747171344755965581084782278498862840,0.47,0.49,10.86,72.0,0.02,0.51,0.53,72.0,10.86,0.02,0.48,0.52,0.868936,0.131064,69241.73
1775435183061,2026-04-06T00:26:23.061,btc-updown-15m-1775434500,1775435400,Down,100893488532948378195056263284213975654340604977648575704443574632138180628203,34075453531342936855819886999624556850557747171344755965581084782278498862840,0.47,0.49,10.86,72.0,0.02,0.51,0.53,72.0,10.86,0.02,0.48,0.52,0.868936,0.131064,69241.73
1775435184062,2026-04-06T00:26:24.062,btc-updown-15m-1775434500,1775435400,Down,100893488532948378195056263284213975654340604977648575704443574632138180628203,34075453531342936855819886999624556850557747171344755965581084782278498862840,0.48,0.49,37.06,30.23,0.01,0.51,0.52,30.23,37.06,0.01,0.485,0.515,0.44925,0.55075,69241.73
1775435185062,2026-04-06T00:26:25.062,btc-updown-15m-1775434500,1775435400,Down,100893488532948378195056263284213975654340604977648575704443574632138180628203,34075453531342936855819886999624556850557747171344755965581084782278498862840,0.45,0.49,130.54,41.2,0.04,0.51,0.55,41.2,130.54,0.04,0.47,0.53,0.239898,0.760102,69226.88
1775435186063,2026-04-06T00:26:26.063,btc-updown-15m-1775434500,1775435400,Down,100893488532948378195056263284213975654340604977648575704443574632138180628203,34075453531342936855819886999624556850557747171344755965581084782278498862840,0.38,0.42,65.5,76.0,0.04,0.58,0.62,76.0,65.5,0.04,0.4,0.6,0.537102,0.462898,69226.88
1775435187063,2026-04-06T00:26:27.063,btc-updown-15m-1775434500,1775435400,Down,100893488532948378195056263284213975654340604977648575704443574632138180628203,34075453531342936855819886999624556850557747171344755965581084782278498862840,0.38,0.42,65.5,76.0,0.04,0.58,0.62,76.0,65.5,0.04,0.4,0.6,0.537102,0.462898,69226.88
1775435188063,2026-04-06T00:26:28.063,btc-updown-15m-1775434500,1775435400,Down,100893488532948378195056263284213975654340604977648575704443574632138180628203,34075453531342936855819886999624556850557747171344755965581084782278498862840,0.39,0.4,21.0,30.7,0.01,0.6,0.61,39.5,16.0,0.01,0.395,0.605,0.59381,0.288288,69221.94
1775435189064,2026-04-06T00:26:29.064,btc-updown-15m-1775434500,1775435400,Down,100893488532948378195056263284213975654340604977648575704443574632138180628203,34075453531342936855819886999624556850557747171344755965581084782278498862840,0.38,0.39,5.0,45.32,0.01,0.61,0.62,45.32,5.0,0.01,0.385,0.615,0.900636,0.099364,69221.94
1775435190065,2026-04-06T00:26:30.065,btc-updown-15m-1775434500,1775435400,Down,100893488532948378195056263284213975654340604977648575704443574632138180628203,34075453531342936855819886999624556850557747171344755965581084782278498862840,0.38,0.39,5.0,35.48,0.01,0.61,0.62,35.48,5.0,0.01,0.385,0.615,0.876482,0.123518,69221.94
1775435191066,2026-04-06T00:26:31.066,btc-updown-15m-1775434500,1775435400,Down,100893488532948378195056263284213975654340604977648575704443574632138180628203,34075453531342936855819886999624556850557747171344755965581084782278498862840,0.37,0.38,82.21,21.47,0.01,0.62,0.63,21.47,82.21,0.01,0.375,0.625,0.207079,0.792921,69221.1
1775435192066,2026-04-06T00:26:32.066,btc-updown-15m-1775434500,1775435400,Down,100893488532948378195056263284213975654340604977648575704443574632138180628203,34075453531342936855819886999624556850557747171344755965581084782278498862840,0.38,0.4,5.0,38.0,0.02,0.6,0.62,38.0,5.0,0.02,0.39,0.61,0.883721,0.116279,69221.1
1775435193067,2026-04-06T00:26:33.067,btc-updown-15m-1775434500,1775435400,Down,100893488532948378195056263284213975654340604977648575704443574632138180628203,34075453531342936855819886999624556850557747171344755965581084782278498862840,0.39,0.4,5.0,38.22,0.01,0.6,0.61,38.22,5.0,0.01,0.395,0.605,0.884313,0.115687,69221.1
1775435194067,2026-04-06T00:26:34.067,btc-updown-15m-1775434500,1775435400,Down,100893488532948378195056263284213975654340604977648575704443574632138180628203,34075453531342936855819886999624556850557747171344755965581084782278498862840,0.39,0.4,30.0,61.22,0.01,0.6,0.61,61.22,30.0,0.01,0.395,0.605,0.671125,0.328875,69221.1
1775435195068,2026-04-06T00:26:35.068,btc-updown-15m-1775434500,1775435400,Down,100893488532948378195056263284213975654340604977648575704443574632138180628203,34075453531342936855819886999624556850557747171344755965581084782278498862840,0.36,0.37,23.0,12.0,0.01,0.63,0.64,12.0,23.0,0.01,0.365,0.635,0.342857,0.657143,69221.1
1775435196069,2026-04-06T00:26:36.069,btc-updown-15m-1775434500,1775435400,Down,100893488532948378195056263284213975654340604977648575704443574632138180628203,34075453531342936855819886999624556850557747171344755965581084782278498862840,0.35,0.37,68.46,90.69,0.02,0.63,0.65,90.69,68.46,0.02,0.36,0.64,0.56984,0.43016,69221.1
1775435197070,2026-04-06T00:26:37.070,btc-updown-15m-1775434500,1775435400,Down,100893488532948378195056263284213975654340604977648575704443574632138180628203,34075453531342936855819886999624556850557747171344755965581084782278498862840,0.35,0.36,5.0,57.69,0.01,0.64,0.65,57.69,5.0,0.01,0.355,0.645,0.920242,0.079758,69213.9
1775435198072,2026-04-06T00:26:38.072,btc-updown-15m-1775434500,1775435400,Down,100893488532948378195056263284213975654340604977648575704443574632138180628203,34075453531342936855819886999624556850557747171344755965581084782278498862840,0.35,0.36,5.0,57.69,0.01,0.64,0.65,57.69,5.0,0.01,0.355,0.645,0.920242,0.079758,69213.9
1775435199073,2026-04-06T00:26:39.073,btc-updown-15m-1775434500,1775435400,Down,100893488532948378195056263284213975654340604977648575704443574632138180628203,34075453531342936855819886999624556850557747171344755965581084782278498862840,0.34,0.35,5.0,53.6,0.01,0.65,0.66,53.6,5.0,0.01,0.345,0.655,0.914676,0.085324,69213.9
1775435200075,2026-04-06T00:26:40.075,btc-updown-15m-1775434500,1775435400,Down,100893488532948378195056263284213975654340604977648575704443574632138180628203,34075453531342936855819886999624556850557747171344755965581084782278498862840,0.34,0.35,5.0,53.6,0.01,0.65,0.66,53.6,5.0,0.01,0.345,0.655,0.914676,0.085324,69212.78
1775435201075,2026-04-06T00:26:41.075,btc-updown-15m-1775434500,1775435400,Down,100893488532948378195056263284213975654340604977648575704443574632138180628203,34075453531342936855819886999624556850557747171344755965581084782278498862840,0.34,0.35,78.85,29.0,0.01,0.65,0.66,29.0,78.85,0.01,0.345,0.655,0.268892,0.731108,69212.78
1775435202076,2026-04-06T00:26:42.076,btc-updown-15m-1775434500,1775435400,Down,100893488532948378195056263284213975654340604977648575704443574632138180628203,34075453531342936855819886999624556850557747171344755965581084782278498862840,0.34,0.35,78.85,29.0,0.01,0.65,0.66,29.0,78.85,0.01,0.345,0.655,0.268892,0.731108,69212.78
1775435203078,2026-04-06T00:26:43.078,btc-updown-15m-1775434500,1775435400,Down,100893488532948378195056263284213975654340604977648575704443574632138180628203,34075453531342936855819886999624556850557747171344755965581084782278498862840,0.34,0.35,78.73,44.0,0.01,0.65,0.66,44.0,78.73,0.01,0.345,0.655,0.358511,0.641489,69212.79
1775435204078,2026-04-06T00:26:44.078,btc-updown-15m-1775434500,1775435400,Down,100893488532948378195056263284213975654340604977648575704443574632138180628203,34075453531342936855819886999624556850557747171344755965581084782278498862840,0.34,0.35,78.73,44.0,0.01,0.65,0.66,44.0,78.73,0.01,0.345,0.655,0.358511,0.641489,69212.79
1775435205078,2026-04-06T00:26:45.078,btc-updown-15m-1775434500,1775435400,Down,100893488532948378195056263284213975654340604977648575704443574632138180628203,34075453531342936855819886999624556850557747171344755965581084782278498862840,0.34,0.35,78.73,44.0,0.01,0.65,0.66,44.0,78.73,0.01,0.345,0.655,0.358511,0.641489,69212.79
1775435206079,2026-04-06T00:26:46.079,btc-updown-15m-1775434500,1775435400,Down,100893488532948378195056263284213975654340604977648575704443574632138180628203,34075453531342936855819886999624556850557747171344755965581084782278498862840,0.33,0.34,15.29,78.5,0.01,0.66,0.67,98.0,5.0,0.01,0.335,0.665,0.836976,0.048544,69212.78
1775435207080,2026-04-06T00:26:47.080,btc-updown-15m-1775434500,1775435400,Down,100893488532948378195056263284213975654340604977648575704443574632138180628203,34075453531342936855819886999624556850557747171344755965581084782278498862840,0.34,0.35,12.25,62.02,0.01,0.65,0.66,62.02,12.25,0.01,0.345,0.655,0.835061,0.164939,69212.78
1775435208081,2026-04-06T00:26:48.081,btc-updown-15m-1775434500,1775435400,Down,100893488532948378195056263284213975654340604977648575704443574632138180628203,34075453531342936855819886999624556850557747171344755965581084782278498862840,0.27,0.34,20.38,55.0,0.07,0.66,0.73,55.0,20.38,0.07,0.305,0.695,0.729637,0.270363,69212.78
1775435209081,2026-04-06T00:26:49.081,btc-updown-15m-1775434500,1775435400,Down,100893488532948378195056263284213975654340604977648575704443574632138180628203,34075453531342936855819886999624556850557747171344755965581084782278498862840,0.3,0.31,120.38,42.83,0.01,0.69,0.7,42.83,120.38,0.01,0.305,0.695,0.262423,0.737577,69205.02
1775435210082,2026-04-06T00:26:50.082,btc-updown-15m-1775434500,1775435400,Down,100893488532948378195056263284213975654340604977648575704443574632138180628203,34075453531342936855819886999624556850557747171344755965581084782278498862840,0.3,0.31,111.38,33.54,0.01,0.69,0.7,33.54,111.38,0.01,0.305,0.695,0.231438,0.768562,69205.02
1775435211082,2026-04-06T00:26:51.082,btc-updown-15m-1775434500,1775435400,Down,100893488532948378195056263284213975654340604977648575704443574632138180628203,34075453531342936855819886999624556850557747171344755965581084782278498862840,0.3,0.31,111.38,33.54,0.01,0.69,0.7,33.54,111.38,0.01,0.305,0.695,0.231438,0.768562,69205.02
1775435212083,2026-04-06T00:26:52.083,btc-updown-15m-1775434500,1775435400,Down,100893488532948378195056263284213975654340604977648575704443574632138180628203,34075453531342936855819886999624556850557747171344755965581084782278498862840,0.3,0.31,111.38,33.54,0.01,0.69,0.7,33.54,111.38,0.01,0.305,0.695,0.231438,0.768562,69205.03
1775435213084,2026-04-06T00:26:53.084,btc-updown-15m-1775434500,1775435400,Down,100893488532948378195056263284213975654340604977648575704443574632138180628203,34075453531342936855819886999624556850557747171344755965581084782278498862840,0.3,0.31,111.38,33.54,0.01,0.69,0.7,33.54,111.38,0.01,0.305,0.695,0.231438,0.768562,69205.03
1775435214084,2026-04-06T00:26:54.084,btc-updown-15m-1775434500,1775435400,Down,100893488532948378195056263284213975654340604977648575704443574632138180628203,34075453531342936855819886999624556850557747171344755965581084782278498862840,0.24,0.25,145.0,2.39,0.01,0.75,0.76,2.39,145.0,0.01,0.245,0.755,0.016215,0.983785,69205.03
1775435215085,2026-04-06T00:26:55.085,btc-updown-15m-1775434500,1775435400,Down,100893488532948378195056263284213975654340604977648575704443574632138180628203,34075453531342936855819886999624556850557747171344755965581084782278498862840,0.24,0.25,226.0,12.0,0.01,0.75,0.76,12.0,226.0,0.01,0.245,0.755,0.05042,0.94958,69191.17
1775435216086,2026-04-06T00:26:56.086,btc-updown-15m-1775434500,1775435400,Down,100893488532948378195056263284213975654340604977648575704443574632138180628203,34075453531342936855819886999624556850557747171344755965581084782278498862840,0.25,0.26,121.3,28.71,0.01,0.74,0.75,28.71,121.3,0.01,0.255,0.745,0.191387,0.808613,69191.17
1775435217087,2026-04-06T00:26:57.087,btc-updown-15m-1775434500,1775435400,Down,100893488532948378195056263284213975654340604977648575704443574632138180628203,34075453531342936855819886999624556850557747171344755965581084782278498862840,0.26,0.27,2.74,70.0,0.01,0.73,0.74,70.0,2.74,0.01,0.265,0.735,0.962332,0.037668,69191.17
1775435218088,2026-04-06T00:26:58.088,btc-updown-15m-1775434500,1775435400,Down,100893488532948378195056263284213975654340604977648575704443574632138180628203,34075453531342936855819886999624556850557747171344755965581084782278498862840,0.26,0.28,9.04,150.0,0.02,0.72,0.74,150.0,9.04,0.02,0.27,0.73,0.943159,0.056841,69191.18
1775435219088,2026-04-06T00:26:59.088,btc-updown-15m-1775434500,1775435400,Down,100893488532948378195056263284213975654340604977648575704443574632138180628203,34075453531342936855819886999624556850557747171344755965581084782278498862840,0.26,0.27,5.0,4.86,0.01,0.73,0.74,4.86,5.0,0.01,0.265,0.735,0.492901,0.507099,69191.18
1775435220089,2026-04-06T00:27:00.089,btc-updown-15m-1775434500,1775435400,Down,100893488532948378195056263284213975654340604977648575704443574632138180628203,34075453531342936855819886999624556850557747171344755965581084782278498862840,0.26,0.27,5.0,4.86,0.01,0.73,0.74,4.86,5.0,0.01,0.265,0.735,0.492901,0.507099,69191.18
1775435221090,2026-04-06T00:27:01.090,btc-updown-15m-1775434500,1775435400,Down,100893488532948378195056263284213975654340604977648575704443574632138180628203,34075453531342936855819886999624556850557747171344755965581084782278498862840,0.28,0.32,55.5,87.0,0.04,0.68,0.72,87.0,55.5,0.04,0.3,0.7,0.610526,0.389474,69203.74
1775435222090,2026-04-06T00:27:02.090,btc-updown-15m-1775434500,1775435400,Down,100893488532948378195056263284213975654340604977648575704443574632138180628203,34075453531342936855819886999624556850557747171344755965581084782278498862840,0.24,0.28,106.92,67.0,0.04,0.72,0.76,67.0,106.92,0.04,0.26,0.74,0.385235,0.614765,69203.74
1775435223091,2026-04-06T00:27:03.091,btc-updown-15m-1775434500,1775435400,Down,100893488532948378195056263284213975654340604977648575704443574632138180628203,34075453531342936855819886999624556850557747171344755965581084782278498862840,0.25,0.26,16.0,10.85,0.01,0.74,0.75,10.85,16.0,0.01,0.255,0.745,0.404097,0.595903,69203.74
1775435224092,2026-04-06T00:27:04.092,btc-updown-15m-1775434500,1775435400,Down,100893488532948378195056263284213975654340604977648575704443574632138180628203,34075453531342936855819886999624556850557747171344755965581084782278498862840,0.25,0.26,96.0,9.86,0.01,0.74,0.75,9.86,96.0,0.01,0.255,0.745,0.093142,0.906858,69196.61
1775435225092,2026-04-06T00:27:05.092,btc-updown-15m-1775434500,1775435400,Down,100893488532948378195056263284213975654340604977648575704443574632138180628203,34075453531342936855819886999624556850557747171344755965581084782278498862840,0.25,0.26,96.0,9.86,0.01,0.74,0.75,9.86,96.0,0.01,0.255,0.745,0.093142,0.906858,69196.61
1775435226093,2026-04-06T00:27:06.093,btc-updown-15m-1775434500,1775435400,Down,100893488532948378195056263284213975654340604977648575704443574632138180628203,34075453531342936855819886999624556850557747171344755965581084782278498862840,0.3,0.31,172.69,1.05,0.01,0.69,0.7,5.86,172.69,0.01,0.305,0.695,0.006044,0.96718,69196.61
1775435227093,2026-04-06T00:27:07.093,btc-updown-15m-1775434500,1775435400,Down,100893488532948378195056263284213975654340604977648575704443574632138180628203,34075453531342936855819886999624556850557747171344755965581084782278498862840,0.29,0.32,31.0,95.0,0.03,0.71,0.72,94.1,1.34,0.01,0.305,0.715,0.753968,0.01404,69204.21
1775435228094,2026-04-06T00:27:08.094,btc-updown-15m-1775434500,1775435400,Down,100893488532948378195056263284213975654340604977648575704443574632138180628203,34075453531342936855819886999624556850557747171344755965581084782278498862840,0.3,0.32,44.03,44.0,0.02,0.68,0.7,44.0,44.03,0.02,0.31,0.69,0.49983,0.50017,69204.21
1775435229096,2026-04-06T00:27:09.096,btc-updown-15m-1775434500,1775435400,Down,100893488532948378195056263284213975654340604977648575704443574632138180628203,34075453531342936855819886999624556850557747171344755965581084782278498862840,0.3,0.32,44.03,44.0,0.02,0.68,0.7,44.0,44.03,0.02,0.31,0.69,0.49983,0.50017,69204.21
1775435230096,2026-04-06T00:27:10.096,btc-updown-15m-1775434500,1775435400,Down,100893488532948378195056263284213975654340604977648575704443574632138180628203,34075453531342936855819886999624556850557747171344755965581084782278498862840,0.32,0.35,45.0,53.0,0.03,0.65,0.68,53.0,45.0,0.03,0.335,0.665,0.540816,0.459184,69220.0
1775435231096,2026-04-06T00:27:11.096,btc-updown-15m-1775434500,1775435400,Down,100893488532948378195056263284213975654340604977648575704443574632138180628203,34075453531342936855819886999624556850557747171344755965581084782278498862840,0.35,0.37,103.0,31.5,0.02,0.63,0.65,31.5,103.0,0.02,0.36,0.64,0.234201,0.765799,69220.0
1775435232097,2026-04-06T00:27:12.097,btc-updown-15m-1775434500,1775435400,Down,100893488532948378195056263284213975654340604977648575704443574632138180628203,34075453531342936855819886999624556850557747171344755965581084782278498862840,0.36,0.37,127.12,50.0,0.01,0.63,0.64,50.0,127.12,0.01,0.365,0.635,0.282294,0.717706,69220.0
1775435233098,2026-04-06T00:27:13.098,btc-updown-15m-1775434500,1775435400,Down,100893488532948378195056263284213975654340604977648575704443574632138180628203,34075453531342936855819886999624556850557747171344755965581084782278498862840,0.38,0.39,0.75,159.83,0.01,0.61,0.62,159.83,0.75,0.01,0.385,0.615,0.995329,0.004671,69220.0
1775435234098,2026-04-06T00:27:14.098,btc-updown-15m-1775434500,1775435400,Down,100893488532948378195056263284213975654340604977648575704443574632138180628203,34075453531342936855819886999624556850557747171344755965581084782278498862840,0.38,0.39,45.65,222.24,0.01,0.61,0.62,222.24,45.65,0.01,0.385,0.615,0.829594,0.170406,69220.0
1775435235100,2026-04-06T00:27:15.100,btc-updown-15m-1775434500,1775435400,Down,100893488532948378195056263284213975654340604977648575704443574632138180628203,34075453531342936855819886999624556850557747171344755965581084782278498862840,0.49,0.5,43.0,37.5,0.01,0.5,0.51,37.5,43.0,0.01,0.495,0.505,0.465839,0.534161,69220.0
1775435236100,2026-04-06T00:27:16.100,btc-updown-15m-1775434500,1775435400,Down,100893488532948378195056263284213975654340604977648575704443574632138180628203,34075453531342936855819886999624556850557747171344755965581084782278498862840,0.48,0.49,2.0,50.0,0.01,0.51,0.52,50.0,2.0,0.01,0.485,0.515,0.961538,0.038462,69244.12
1775435237101,2026-04-06T00:27:17.101,btc-updown-15m-1775434500,1775435400,Down,100893488532948378195056263284213975654340604977648575704443574632138180628203,34075453531342936855819886999624556850557747171344755965581084782278498862840,0.48,0.49,4.95,45.38,0.01,0.51,0.52,45.38,4.95,0.01,0.485,0.515,0.901649,0.098351,69244.12
1775435238102,2026-04-06T00:27:18.102,btc-updown-15m-1775434500,1775435400,Down,100893488532948378195056263284213975654340604977648575704443574632138180628203,34075453531342936855819886999624556850557747171344755965581084782278498862840,0.5,0.54,10.0,92.5,0.04,0.46,0.5,92.5,10.0,0.04,0.52,0.48,0.902439,0.097561,69244.12
1775435239102,2026-04-06T00:27:19.102,btc-updown-15m-1775434500,1775435400,Down,100893488532948378195056263284213975654340604977648575704443574632138180628203,34075453531342936855819886999624556850557747171344755965581084782278498862840,0.56,0.57,0.5,58.81,0.01,0.43,0.44,58.81,0.5,0.01,0.565,0.435,0.99157,0.00843,69262.68
1775435240103,2026-04-06T00:27:20.103,btc-updown-15m-1775434500,1775435400,Down,100893488532948378195056263284213975654340604977648575704443574632138180628203,34075453531342936855819886999624556850557747171344755965581084782278498862840,0.59,0.6,2.0,42.0,0.01,0.4,0.41,42.0,2.0,0.01,0.595,0.405,0.954545,0.045455,69262.68
1775435241104,2026-04-06T00:27:21.104,btc-updown-15m-1775434500,1775435400,Down,100893488532948378195056263284213975654340604977648575704443574632138180628203,34075453531342936855819886999624556850557747171344755965581084782278498862840,0.6,0.62,1280.07,236.5,0.02,0.38,0.4,236.5,1280.07,0.02,0.61,0.39,0.155944,0.844056,69262.68
1775435242104,2026-04-06T00:27:22.104,btc-updown-15m-1775434500,1775435400,Down,100893488532948378195056263284213975654340604977648575704443574632138180628203,34075453531342936855819886999624556850557747171344755965581084782278498862840,0.61,0.62,104.66,43.52,0.01,0.38,0.39,43.52,104.66,0.01,0.615,0.385,0.293697,0.706303,69274.94
1775435243105,2026-04-06T00:27:23.105,btc-updown-15m-1775434500,1775435400,Down,100893488532948378195056263284213975654340604977648575704443574632138180628203,34075453531342936855819886999624556850557747171344755965581084782278498862840,0.61,0.62,146.32,61.25,0.01,0.38,0.39,61.25,146.32,0.01,0.615,0.385,0.295081,0.704919,69274.94
1775435244106,2026-04-06T00:27:24.106,btc-updown-15m-1775434500,1775435400,Down,100893488532948378195056263284213975654340604977648575704443574632138180628203,34075453531342936855819886999624556850557747171344755965581084782278498862840,0.57,0.59,15.0,63.72,0.02,0.41,0.43,63.72,15.0,0.02,0.58,0.42,0.809451,0.190549,69274.94
1775435245107,2026-04-06T00:27:25.107,btc-updown-15m-1775434500,1775435400,Down,100893488532948378195056263284213975654340604977648575704443574632138180628203,34075453531342936855819886999624556850557747171344755965581084782278498862840,0.57,0.58,38.0,44.7,0.01,0.42,0.43,44.7,38.0,0.01,0.575,0.425,0.540508,0.459492,69264.45
1775435246108,2026-04-06T00:27:26.108,btc-updown-15m-1775434500,1775435400,Down,100893488532948378195056263284213975654340604977648575704443574632138180628203,34075453531342936855819886999624556850557747171344755965581084782278498862840,0.55,0.57,99.91,48.44,0.02,0.43,0.45,48.44,99.91,0.02,0.56,0.44,0.326525,0.673475,69264.45
1775435247109,2026-04-06T00:27:27.109,btc-updown-15m-1775434500,1775435400,Down,100893488532948378195056263284213975654340604977648575704443574632138180628203,34075453531342936855819886999624556850557747171344755965581084782278498862840,0.53,0.54,39.51,2.7,0.01,0.46,0.47,2.7,39.51,0.01,0.535,0.465,0.063966,0.936034,69264.45
1775435248110,2026-04-06T00:27:28.110,btc-updown-15m-1775434500,1775435400,Down,100893488532948378195056263284213975654340604977648575704443574632138180628203,34075453531342936855819886999624556850557747171344755965581084782278498862840,0.52,0.53,84.82,37.98,0.01,0.47,0.48,37.98,84.82,0.01,0.525,0.475,0.309283,0.690717,69253.82
1775435249110,2026-04-06T00:27:29.110,btc-updown-15m-1775434500,1775435400,Down,100893488532948378195056263284213975654340604977648575704443574632138180628203,34075453531342936855819886999624556850557747171344755965581084782278498862840,0.49,0.5,27.71,12.48,0.01,0.5,0.51,12.48,27.71,0.01,0.495,0.505,0.310525,0.689475,69253.82
1775435250110,2026-04-06T00:27:30.110,btc-updown-15m-1775434500,1775435400,Down,100893488532948378195056263284213975654340604977648575704443574632138180628203,34075453531342936855819886999624556850557747171344755965581084782278498862840,0.49,0.5,31.9,3.51,0.01,0.5,0.51,3.51,31.9,0.01,0.495,0.505,0.099125,0.900875,69253.82
1775435251111,2026-04-06T00:27:31.111,btc-updown-15m-1775434500,1775435400,Down,100893488532948378195056263284213975654340604977648575704443574632138180628203,34075453531342936855819886999624556850557747171344755965581084782278498862840,0.48,0.5,112.4,5.0,0.02,0.5,0.52,5.0,112.4,0.02,0.49,0.51,0.042589,0.957411,69240.58
1775435252112,2026-04-06T00:27:32.112,btc-updown-15m-1775434500,1775435400,Down,100893488532948378195056263284213975654340604977648575704443574632138180628203,34075453531342936855819886999624556850557747171344755965581084782278498862840,0.46,0.49,4.2,30.0,0.03,0.51,0.54,30.0,4.2,0.03,0.475,0.525,0.877193,0.122807,69240.58
1775435253113,2026-04-06T00:27:33.113,btc-updown-15m-1775434500,1775435400,Down,100893488532948378195056263284213975654340604977648575704443574632138180628203,34075453531342936855819886999624556850557747171344755965581084782278498862840,0.39,0.46,35.09,1974.9,0.07,0.54,0.61,1974.9,35.09,0.07,0.425,0.575,0.982542,0.017458,69240.58
1775435254113,2026-04-06T00:27:34.113,btc-updown-15m-1775434500,1775435400,Down,100893488532948378195056263284213975654340604977648575704443574632138180628203,34075453531342936855819886999624556850557747171344755965581084782278498862840,0.39,0.41,80.0,1926.39,0.02,0.59,0.61,1926.39,80.0,0.02,0.4,0.6,0.960127,0.039873,69225.0
1775435255114,2026-04-06T00:27:35.114,btc-updown-15m-1775434500,1775435400,Down,100893488532948378195056263284213975654340604977648575704443574632138180628203,34075453531342936855819886999624556850557747171344755965581084782278498862840,0.39,0.41,134.0,1946.39,0.02,0.59,0.61,1946.39,134.0,0.02,0.4,0.6,0.935589,0.064411,69225.0
1775435256115,2026-04-06T00:27:36.115,btc-updown-15m-1775434500,1775435400,Down,100893488532948378195056263284213975654340604977648575704443574632138180628203,34075453531342936855819886999624556850557747171344755965581084782278498862840,0.39,0.4,5.0,1989.38,0.01,0.6,0.61,1989.38,5.0,0.01,0.395,0.605,0.997493,0.002507,69225.0
1775435257116,2026-04-06T00:27:37.116,btc-updown-15m-1775434500,1775435400,Down,100893488532948378195056263284213975654340604977648575704443574632138180628203,34075453531342936855819886999624556850557747171344755965581084782278498862840,0.39,0.4,5.0,1986.31,0.01,0.6,0.61,1986.31,5.0,0.01,0.395,0.605,0.997489,0.002511,69224.73
1775435258117,2026-04-06T00:27:38.117,btc-updown-15m-1775434500,1775435400,Down,100893488532948378195056263284213975654340604977648575704443574632138180628203,34075453531342936855819886999624556850557747171344755965581084782278498862840,0.39,0.4,3.97,1996.31,0.01,0.6,0.61,1996.31,3.97,0.01,0.395,0.605,0.998015,0.001985,69224.73
1775435259118,2026-04-06T00:27:39.118,btc-updown-15m-1775434500,1775435400,Down,100893488532948378195056263284213975654340604977648575704443574632138180628203,34075453531342936855819886999624556850557747171344755965581084782278498862840,0.39,0.4,163.93,1880.11,0.01,0.6,0.61,1880.11,163.93,0.01,0.395,0.605,0.919801,0.080199,69224.73
1775435260118,2026-04-06T00:27:40.118,btc-updown-15m-1775434500,1775435400,Down,100893488532948378195056263284213975654340604977648575704443574632138180628203,34075453531342936855819886999624556850557747171344755965581084782278498862840,0.39,0.4,163.93,1880.11,0.01,0.6,0.61,1880.11,163.93,0.01,0.395,0.605,0.919801,0.080199,69208.45
1775435261119,2026-04-06T00:27:41.119,btc-updown-15m-1775434500,1775435400,Down,100893488532948378195056263284213975654340604977648575704443574632138180628203,34075453531342936855819886999624556850557747171344755965581084782278498862840,0.39,0.4,256.44,67.57,0.01,0.6,0.61,67.57,256.44,0.01,0.395,0.605,0.208543,0.791457,69208.45
1775435262120,2026-04-06T00:27:42.120,btc-updown-15m-1775434500,1775435400,Down,100893488532948378195056263284213975654340604977648575704443574632138180628203,34075453531342936855819886999624556850557747171344755965581084782278498862840,0.33,0.34,40.0,5.0,0.01,0.66,0.67,5.0,40.0,0.01,0.335,0.665,0.111111,0.888889,69208.45
1775435263120,2026-04-06T00:27:43.120,btc-updown-15m-1775434500,1775435400,Down,100893488532948378195056263284213975654340604977648575704443574632138180628203,34075453531342936855819886999624556850557747171344755965581084782278498862840,0.34,0.35,4.48,50.0,0.01,0.65,0.66,50.0,4.48,0.01,0.345,0.655,0.917768,0.082232,69209.32
1775435264121,2026-04-06T00:27:44.121,btc-updown-15m-1775434500,1775435400,Down,100893488532948378195056263284213975654340604977648575704443574632138180628203,34075453531342936855819886999624556850557747171344755965581084782278498862840,0.35,0.36,26.13,56.24,0.01,0.64,0.65,56.24,26.13,0.01,0.355,0.645,0.682773,0.317227,69209.32
1775435265121,2026-04-06T00:27:45.121,btc-updown-15m-1775434500,1775435400,Down,100893488532948378195056263284213975654340604977648575704443574632138180628203,34075453531342936855819886999624556850557747171344755965581084782278498862840,0.31,0.32,60.5,60.5,0.01,0.68,0.69,60.5,60.5,0.01,0.315,0.685,0.5,0.5,69209.32
1775435266122,2026-04-06T00:27:46.122,btc-updown-15m-1775434500,1775435400,Down,100893488532948378195056263284213975654340604977648575704443574632138180628203,34075453531342936855819886999624556850557747171344755965581084782278498862840,0.29,0.3,54.49,29.6,0.01,0.7,0.71,29.6,54.49,0.01,0.295,0.705,0.352004,0.647996,69200.06
1775435267122,2026-04-06T00:27:47.122,btc-updown-15m-1775434500,1775435400,Down,100893488532948378195056263284213975654340604977648575704443574632138180628203,34075453531342936855819886999624556850557747171344755965581084782278498862840,0.28,0.29,5.0,123.19,0.01,0.71,0.72,123.19,5.0,0.01,0.285,0.715,0.960995,0.039005,69200.06
1775435268122,2026-04-06T00:27:48.122,btc-updown-15m-1775434500,1775435400,Down,100893488532948378195056263284213975654340604977648575704443574632138180628203,34075453531342936855819886999624556850557747171344755965581084782278498862840,0.29,0.31,17.78,120.5,0.02,0.69,0.71,120.5,17.78,0.02,0.3,0.7,0.87142,0.12858,69200.06
1775435269123,2026-04-06T00:27:49.123,btc-updown-15m-1775434500,1775435400,Down,100893488532948378195056263284213975654340604977648575704443574632138180628203,34075453531342936855819886999624556850557747171344755965581084782278498862840,0.3,0.31,6.65,15.0,0.01,0.69,0.7,15.0,6.65,0.01,0.305,0.695,0.692841,0.307159,69200.06
1775435270124,2026-04-06T00:27:50.124,btc-updown-15m-1775434500,1775435400,Down,100893488532948378195056263284213975654340604977648575704443574632138180628203,34075453531342936855819886999624556850557747171344755965581084782278498862840,0.3,0.31,59.32,32.85,0.01,0.69,0.7,32.85,59.32,0.01,0.305,0.695,0.356407,0.643593,69200.06
1775435271124,2026-04-06T00:27:51.124,btc-updown-15m-1775434500,1775435400,Down,100893488532948378195056263284213975654340604977648575704443574632138180628203,34075453531342936855819886999624556850557747171344755965581084782278498862840,0.3,0.31,112.86,15.0,0.01,0.69,0.7,15.0,112.86,0.01,0.305,0.695,0.117316,0.882684,69200.06
1775435272125,2026-04-06T00:27:52.125,btc-updown-15m-1775434500,1775435400,Down,100893488532948378195056263284213975654340604977648575704443574632138180628203,34075453531342936855819886999624556850557747171344755965581084782278498862840,0.3,0.31,81.4,12.97,0.01,0.69,0.7,12.97,81.4,0.01,0.305,0.695,0.137438,0.862562,69200.06
1775435273125,2026-04-06T00:27:53.125,btc-updown-15m-1775434500,1775435400,Down,100893488532948378195056263284213975654340604977648575704443574632138180628203,34075453531342936855819886999624556850557747171344755965581084782278498862840,0.3,0.31,81.4,12.97,0.01,0.69,0.7,12.97,81.4,0.01,0.305,0.695,0.137438,0.862562,69200.06
1775435274126,2026-04-06T00:27:54.126,btc-updown-15m-1775434500,1775435400,Down,100893488532948378195056263284213975654340604977648575704443574632138180628203,34075453531342936855819886999624556850557747171344755965581084782278498862840,0.3,0.31,110.27,4.39,0.01,0.69,0.7,4.39,110.27,0.01,0.305,0.695,0.038287,0.961713,69200.06
1775435275128,2026-04-06T00:27:55.128,btc-updown-15m-1775434500,1775435400,Down,100893488532948378195056263284213975654340604977648575704443574632138180628203,34075453531342936855819886999624556850557747171344755965581084782278498862840,0.23,0.24,90.83,27.9,0.01,0.76,0.77,27.9,90.83,0.01,0.235,0.765,0.234987,0.765013,69191.44
1775435276128,2026-04-06T00:27:56.128,btc-updown-15m-1775434500,1775435400,Down,100893488532948378195056263284213975654340604977648575704443574632138180628203,34075453531342936855819886999624556850557747171344755965581084782278498862840,0.21,0.22,70.0,31.8,0.01,0.78,0.79,31.8,70.0,0.01,0.215,0.785,0.312377,0.687623,69191.44
1775435277128,2026-04-06T00:27:57.128,btc-updown-15m-1775434500,1775435400,Down,100893488532948378195056263284213975654340604977648575704443574632138180628203,34075453531342936855819886999624556850557747171344755965581084782278498862840,0.21,0.22,70.0,20.8,0.01,0.78,0.79,20.8,70.0,0.01,0.215,0.785,0.229075,0.770925,69191.44
1775435278128,2026-04-06T00:27:58.128,btc-updown-15m-1775434500,1775435400,Down,100893488532948378195056263284213975654340604977648575704443574632138180628203,34075453531342936855819886999624556850557747171344755965581084782278498862840,0.15,0.16,38.36,34.34,0.01,0.8,0.85,34.34,15.0,0.05,0.155,0.825,0.472352,0.304013,69162.55
1775435279129,2026-04-06T00:27:59.129,btc-updown-15m-1775434500,1775435400,Down,100893488532948378195056263284213975654340604977648575704443574632138180628203,34075453531342936855819886999624556850557747171344755965581084782278498862840,0.15,0.19,49.31,222.5,0.04,0.81,0.85,222.5,49.31,0.04,0.17,0.83,0.818587,0.181413,69162.55
1775435280130,2026-04-06T00:28:00.130,btc-updown-15m-1775434500,1775435400,Down,100893488532948378195056263284213975654340604977648575704443574632138180628203,34075453531342936855819886999624556850557747171344755965581084782278498862840,0.15,0.16,7.0,97.46,0.01,0.84,0.85,97.46,7.0,0.01,0.155,0.845,0.932989,0.067011,69162.55
1775435281131,2026-04-06T00:28:01.131,btc-updown-15m-1775434500,1775435400,Down,100893488532948378195056263284213975654340604977648575704443574632138180628203,34075453531342936855819886999624556850557747171344755965581084782278498862840,0.14,0.15,4.03,33.7,0.01,0.85,0.86,33.7,4.03,0.01,0.145,0.855,0.893188,0.106812,69160.66
1775435282132,2026-04-06T00:28:02.132,btc-updown-15m-1775434500,1775435400,Down,100893488532948378195056263284213975654340604977648575704443574632138180628203,34075453531342936855819886999624556850557747171344755965581084782278498862840,0.16,0.17,5.0,83.55,0.01,0.83,0.84,83.55,5.0,0.01,0.165,0.835,0.943535,0.056465,69160.66
1775435283133,2026-04-06T00:28:03.133,btc-updown-15m-1775434500,1775435400,Down,100893488532948378195056263284213975654340604977648575704443574632138180628203,34075453531342936855819886999624556850557747171344755965581084782278498862840,0.19,0.21,5.0,82.25,0.02,0.77,0.8,59.25,59.44,0.03,0.2,0.785,0.942693,0.5008,69160.66
1775435284134,2026-04-06T00:28:04.134,btc-updown-15m-1775434500,1775435400,Down,100893488532948378195056263284213975654340604977648575704443574632138180628203,34075453531342936855819886999624556850557747171344755965581084782278498862840,0.21,0.23,20.82,55.94,0.02,0.77,0.79,55.94,20.82,0.02,0.22,0.78,0.728765,0.271235,69179.32
1775435285135,2026-04-06T00:28:05.135,btc-updown-15m-1775434500,1775435400,Down,100893488532948378195056263284213975654340604977648575704443574632138180628203,34075453531342936855819886999624556850557747171344755965581084782278498862840,0.21,0.22,76.0,31.69,0.01,0.78,0.79,31.69,76.0,0.01,0.215,0.785,0.294271,0.705729,69179.32
1775435286135,2026-04-06T00:28:06.135,btc-updown-15m-1775434500,1775435400,Down,100893488532948378195056263284213975654340604977648575704443574632138180628203,34075453531342936855819886999624556850557747171344755965581084782278498862840,0.2,0.21,70.0,68.0,0.01,0.79,0.8,68.0,70.0,0.01,0.205,0.795,0.492754,0.507246,69179.32
1775435287136,2026-04-06T00:28:07.136,btc-updown-15m-1775434500,1775435400,Down,100893488532948378195056263284213975654340604977648575704443574632138180628203,34075453531342936855819886999624556850557747171344755965581084782278498862840,0.2,0.21,16.71,68.0,0.01,0.79,0.8,68.0,16.71,0.01,0.205,0.795,0.802739,0.197261,69172.39
1775435288137,2026-04-06T00:28:08.137,btc-updown-15m-1775434500,1775435400,Down,100893488532948378195056263284213975654340604977648575704443574632138180628203,34075453531342936855819886999624556850557747171344755965581084782278498862840,0.15,0.16,94.75,3.71,0.01,0.84,0.85,3.71,94.75,0.01,0.155,0.845,0.03768,0.96232,69172.39
1775435289137,2026-04-06T00:28:09.137,btc-updown-15m-1775434500,1775435400,Down,100893488532948378195056263284213975654340604977648575704443574632138180628203,34075453531342936855819886999624556850557747171344755965581084782278498862840,0.15,0.17,48.5,25.7,0.02,0.83,0.85,25.7,48.5,0.02,0.16,0.84,0.346361,0.653639,69172.39
1775435290138,2026-04-06T00:28:10.138,btc-updown-15m-1775434500,1775435400,Down,100893488532948378195056263284213975654340604977648575704443574632138180628203,34075453531342936855819886999624556850557747171344755965581084782278498862840,0.14,0.15,187.0,2.91,0.01,0.85,0.86,2.91,187.0,0.01,0.145,0.855,0.015323,0.984677,69168.1
1775435291139,2026-04-06T00:28:11.139,btc-updown-15m-1775434500,1775435400,Down,100893488532948378195056263284213975654340604977648575704443574632138180628203,34075453531342936855819886999624556850557747171344755965581084782278498862840,0.16,0.17,79.0,5.8,0.01,0.83,0.84,5.8,79.0,0.01,0.165,0.835,0.068396,0.931604,69168.1
1775435292139,2026-04-06T00:28:12.139,btc-updown-15m-1775434500,1775435400,Down,100893488532948378195056263284213975654340604977648575704443574632138180628203,34075453531342936855819886999624556850557747171344755965581084782278498862840,0.13,0.16,145.95,135.5,0.03,0.84,0.85,22.0,145.95,0.01,0.145,0.845,0.481435,0.869009,69168.1
1775435293139,2026-04-06T00:28:13.139,btc-updown-15m-1775434500,1775435400,Down,100893488532948378195056263284213975654340604977648575704443574632138180628203,34075453531342936855819886999624556850557747171344755965581084782278498862840,0.15,0.16,34.0,45.85,0.01,0.84,0.85,45.85,34.0,0.01,0.155,0.845,0.574202,0.425798,69168.1
1775435294141,2026-04-06T00:28:14.141,btc-updown-15m-1775434500,1775435400,Down,100893488532948378195056263284213975654340604977648575704443574632138180628203,34075453531342936855819886999624556850557747171344755965581084782278498862840,0.15,0.16,26.0,26.46,0.01,0.84,0.85,26.46,26.0,0.01,0.155,0.845,0.504384,0.495616,69168.1
1775435295142,2026-04-06T00:28:15.142,btc-updown-15m-1775434500,1775435400,Down,100893488532948378195056263284213975654340604977648575704443574632138180628203,34075453531342936855819886999624556850557747171344755965581084782278498862840,0.15,0.16,34.0,8.49,0.01,0.84,0.85,8.49,34.0,0.01,0.155,0.845,0.199812,0.800188,69168.1
1775435296142,2026-04-06T00:28:16.142,btc-updown-15m-1775434500,1775435400,Down,100893488532948378195056263284213975654340604977648575704443574632138180628203,34075453531342936855819886999624556850557747171344755965581084782278498862840,0.15,0.17,61.44,29.72,0.02,0.83,0.85,29.72,61.44,0.02,0.16,0.84,0.32602,0.67398,69170.35
1775435297142,2026-04-06T00:28:17.142,btc-updown-15m-1775434500,1775435400,Down,100893488532948378195056263284213975654340604977648575704443574632138180628203,34075453531342936855819886999624556850557747171344755965581084782278498862840,0.16,0.18,58.5,130.81,0.02,0.82,0.84,130.81,58.5,0.02,0.17,0.83,0.690983,0.309017,69170.35
1775435298143,2026-04-06T00:28:18.143,btc-updown-15m-1775434500,1775435400,Down,100893488532948378195056263284213975654340604977648575704443574632138180628203,34075453531342936855819886999624556850557747171344755965581084782278498862840,0.16,0.17,59.83,128.81,0.01,0.83,0.84,128.81,59.83,0.01,0.165,0.835,0.682835,0.317165,69170.35
1775435299143,2026-04-06T00:28:19.143,btc-updown-15m-1775434500,1775435400,Down,100893488532948378195056263284213975654340604977648575704443574632138180628203,34075453531342936855819886999624556850557747171344755965581084782278498862840,0.17,0.18,231.0,24.67,0.01,0.82,0.83,24.67,231.0,0.01,0.175,0.825,0.096492,0.903508,69176.14
1775435300143,2026-04-06T00:28:20.143,btc-updown-15m-1775434500,1775435400,Down,100893488532948378195056263284213975654340604977648575704443574632138180628203,34075453531342936855819886999624556850557747171344755965581084782278498862840,0.17,0.18,231.0,24.67,0.01,0.82,0.83,24.67,231.0,0.01,0.175,0.825,0.096492,0.903508,69176.14
1775435301144,2026-04-06T00:28:21.144,btc-updown-15m-1775434500,1775435400,Down,100893488532948378195056263284213975654340604977648575704443574632138180628203,34075453531342936855819886999624556850557747171344755965581084782278498862840,0.19,0.21,160.5,42.0,0.02,0.79,0.81,42.0,160.5,0.02,0.2,0.8,0.207407,0.792593,69176.14
1775435302145,2026-04-06T00:28:22.145,btc-updown-15m-1775434500,1775435400,Down,100893488532948378195056263284213975654340604977648575704443574632138180628203,34075453531342936855819886999624556850557747171344755965581084782278498862840,0.18,0.19,26.0,44.61,0.01,0.81,0.82,44.61,26.0,0.01,0.185,0.815,0.63178,0.36822,69179.3
1775435303146,2026-04-06T00:28:23.146,btc-updown-15m-1775434500,1775435400,Down,100893488532948378195056263284213975654340604977648575704443574632138180628203,34075453531342936855819886999624556850557747171344755965581084782278498862840,0.18,0.19,178.15,26.0,0.01,0.81,0.82,26.0,178.15,0.01,0.185,0.815,0.127357,0.872643,69179.3
1775435304147,2026-04-06T00:28:24.147,btc-updown-15m-1775434500,1775435400,Down,100893488532948378195056263284213975654340604977648575704443574632138180628203,34075453531342936855819886999624556850557747171344755965581084782278498862840,0.18,0.19,155.15,70.81,0.01,0.81,0.82,70.81,155.15,0.01,0.185,0.815,0.313374,0.686626,69179.3
1775435305147,2026-04-06T00:28:25.147,btc-updown-15m-1775434500,1775435400,Down,100893488532948378195056263284213975654340604977648575704443574632138180628203,34075453531342936855819886999624556850557747171344755965581084782278498862840,0.18,0.19,39.13,17.0,0.01,0.81,0.82,17.0,39.13,0.01,0.185,0.815,0.302868,0.697132,69179.31
1775435306148,2026-04-06T00:28:26.148,btc-updown-15m-1775434500,1775435400,Down,100893488532948378195056263284213975654340604977648575704443574632138180628203,34075453531342936855819886999624556850557747171344755965581084782278498862840,0.17,0.18,174.0,24.97,0.01,0.82,0.83,24.97,174.0,0.01,0.175,0.825,0.125496,0.874504,69179.31
1775435307149,2026-04-06T00:28:27.149,btc-updown-15m-1775434500,1775435400,Down,100893488532948378195056263284213975654340604977648575704443574632138180628203,34075453531342936855819886999624556850557747171344755965581084782278498862840,0.12,0.15,280.0,96.37,0.03,0.85,0.88,96.37,280.0,0.03,0.135,0.865,0.256051,0.743949,69179.31
1775435308149,2026-04-06T00:28:28.149,btc-updown-15m-1775434500,1775435400,Down,100893488532948378195056263284213975654340604977648575704443574632138180628203,34075453531342936855819886999624556850557747171344755965581084782278498862840,0.14,0.15,13.5,147.71,0.01,0.85,0.86,147.71,13.5,0.01,0.145,0.855,0.916258,0.083742,69172.01
1775435309150,2026-04-06T00:28:29.150,btc-updown-15m-1775434500,1775435400,Down,100893488532948378195056263284213975654340604977648575704443574632138180628203,34075453531342936855819886999624556850557747171344755965581084782278498862840,0.14,0.15,13.5,147.71,0.01,0.85,0.86,147.71,13.5,0.01,0.145,0.855,0.916258,0.083742,69172.01
1775435310152,2026-04-06T00:28:30.152,btc-updown-15m-1775434500,1775435400,Down,100893488532948378195056263284213975654340604977648575704443574632138180628203,34075453531342936855819886999624556850557747171344755965581084782278498862840,0.14,0.15,88.08,137.66,0.01,0.85,0.86,137.66,88.08,0.01,0.145,0.855,0.609817,0.390183,69172.01
1775435311152,2026-04-06T00:28:31.152,btc-updown-15m-1775434500,1775435400,Down,100893488532948378195056263284213975654340604977648575704443574632138180628203,34075453531342936855819886999624556850557747171344755965581084782278498862840,0.21,0.26,3.82,23.48,0.05,0.74,0.79,23.48,3.82,0.05,0.235,0.765,0.860073,0.139927,69199.2
1775435312153,2026-04-06T00:28:32.153,btc-updown-15m-1775434500,1775435400,Down,100893488532948378195056263284213975654340604977648575704443574632138180628203,34075453531342936855819886999624556850557747171344755965581084782278498862840,0.23,0.25,26.0,128.0,0.02,0.75,0.77,128.0,26.0,0.02,0.24,0.76,0.831169,0.168831,69199.2
1775435313154,2026-04-06T00:28:33.154,btc-updown-15m-1775434500,1775435400,Down,100893488532948378195056263284213975654340604977648575704443574632138180628203,34075453531342936855819886999624556850557747171344755965581084782278498862840,0.24,0.25,67.5,50.0,0.01,0.75,0.76,50.0,67.5,0.01,0.245,0.755,0.425532,0.574468,69199.2
1775435314154,2026-04-06T00:28:34.154,btc-updown-15m-1775434500,1775435400,Down,100893488532948378195056263284213975654340604977648575704443574632138180628203,34075453531342936855819886999624556850557747171344755965581084782278498862840,0.21,0.22,13.09,50.0,0.01,0.78,0.79,50.0,13.09,0.01,0.215,0.785,0.792519,0.207481,69192.16
1775435315155,2026-04-06T00:28:35.155,btc-updown-15m-1775434500,1775435400,Down,100893488532948378195056263284213975654340604977648575704443574632138180628203,34075453531342936855819886999624556850557747171344755965581084782278498862840,0.26,0.27,40.5,45.0,0.01,0.73,0.74,45.0,40.5,0.01,0.265,0.735,0.526316,0.473684,69192.16
1775435316155,2026-04-06T00:28:36.155,btc-updown-15m-1775434500,1775435400,Down,100893488532948378195056263284213975654340604977648575704443574632138180628203,34075453531342936855819886999624556850557747171344755965581084782278498862840,0.26,0.27,40.5,45.0,0.01,0.73,0.74,45.0,40.5,0.01,0.265,0.735,0.526316,0.473684,69192.16
1775435317155,2026-04-06T00:28:37.155,btc-updown-15m-1775434500,1775435400,Down,100893488532948378195056263284213975654340604977648575704443574632138180628203,34075453531342936855819886999624556850557747171344755965581084782278498862840,0.19,0.2,91.75,71.16,0.01,0.8,0.81,71.16,91.75,0.01,0.195,0.805,0.436806,0.563194,69193.48
1775435318156,2026-04-06T00:28:38.156,btc-updown-15m-1775434500,1775435400,Down,100893488532948378195056263284213975654340604977648575704443574632138180628203,34075453531342936855819886999624556850557747171344755965581084782278498862840,0.19,0.2,91.75,71.16,0.01,0.8,0.81,71.16,91.75,0.01,0.195,0.805,0.436806,0.563194,69193.48
1775435319157,2026-04-06T00:28:39.157,btc-updown-15m-1775434500,1775435400,Down,100893488532948378195056263284213975654340604977648575704443574632138180628203,34075453531342936855819886999624556850557747171344755965581084782278498862840,0.18,0.19,82.0,36.95,0.01,0.81,0.82,36.95,82.0,0.01,0.185,0.815,0.310635,0.689365,69193.48
1775435320157,2026-04-06T00:28:40.157,btc-updown-15m-1775434500,1775435400,Down,100893488532948378195056263284213975654340604977648575704443574632138180628203,34075453531342936855819886999624556850557747171344755965581084782278498862840,0.15,0.16,149.5,52.8,0.01,0.84,0.85,52.8,149.5,0.01,0.155,0.845,0.260999,0.739001,69185.56
1775435321159,2026-04-06T00:28:41.159,btc-updown-15m-1775434500,1775435400,Down,100893488532948378195056263284213975654340604977648575704443574632138180628203,34075453531342936855819886999624556850557747171344755965581084782278498862840,0.14,0.15,25.0,74.5,0.01,0.85,0.86,74.5,25.0,0.01,0.145,0.855,0.748744,0.251256,69185.56
1775435322159,2026-04-06T00:28:42.159,btc-updown-15m-1775434500,1775435400,Down,100893488532948378195056263284213975654340604977648575704443574632138180628203,34075453531342936855819886999624556850557747171344755965581084782278498862840,0.13,0.14,147.0,50.0,0.01,0.86,0.87,50.0,147.0,0.01,0.135,0.865,0.253807,0.746193,69185.56
1775435323160,2026-04-06T00:28:43.160,btc-updown-15m-1775434500,1775435400,Down,100893488532948378195056263284213975654340604977648575704443574632138180628203,34075453531342936855819886999624556850557747171344755965581084782278498862840,0.12,0.13,124.5,39.23,0.01,0.87,0.88,39.23,124.5,0.01,0.125,0.875,0.239602,0.760398,69175.46
1775435324161,2026-04-06T00:28:44.161,btc-updown-15m-1775434500,1775435400,Down,100893488532948378195056263284213975654340604977648575704443574632138180628203,34075453531342936855819886999624556850557747171344755965581084782278498862840,0.12,0.13,109.11,36.58,0.01,0.87,0.88,36.58,109.11,0.01,0.125,0.875,0.251081,0.748919,69175.46
1775435325161,2026-04-06T00:28:45.161,btc-updown-15m-1775434500,1775435400,Down,100893488532948378195056263284213975654340604977648575704443574632138180628203,34075453531342936855819886999624556850557747171344755965581084782278498862840,0.11,0.12,113.0,71.04,0.01,0.88,0.89,71.04,113.0,0.01,0.115,0.885,0.386003,0.613997,69175.46
1775435326162,2026-04-06T00:28:46.162,btc-updown-15m-1775434500,1775435400,Down,100893488532948378195056263284213975654340604977648575704443574632138180628203,34075453531342936855819886999624556850557747171344755965581084782278498862840,0.11,0.12,11.0,90.04,0.01,0.88,0.89,90.04,11.0,0.01,0.115,0.885,0.891132,0.108868,69175.46
1775435327163,2026-04-06T00:28:47.163,btc-updown-15m-1775434500,1775435400,Down,100893488532948378195056263284213975654340604977648575704443574632138180628203,34075453531342936855819886999624556850557747171344755965581084782278498862840,0.11,0.12,11.0,90.04,0.01,0.88,0.89,90.04,11.0,0.01,0.115,0.885,0.891132,0.108868,69175.46
1775435328163,2026-04-06T00:28:48.163,btc-updown-15m-1775434500,1775435400,Down,100893488532948378195056263284213975654340604977648575704443574632138180628203,34075453531342936855819886999624556850557747171344755965581084782278498862840,0.1,0.11,21.0,102.0,0.01,0.89,0.9,102.0,21.0,0.01,0.105,0.895,0.829268,0.170732,69175.46
1775435329164,2026-04-06T00:28:49.164,btc-updown-15m-1775434500,1775435400,Down,100893488532948378195056263284213975654340604977648575704443574632138180628203,34075453531342936855819886999624556850557747171344755965581084782278498862840,0.1,0.11,58.0,98.52,0.01,0.89,0.9,98.52,58.0,0.01,0.105,0.895,0.62944,0.37056,69175.47
1775435330165,2026-04-06T00:28:50.165,btc-updown-15m-1775434500,1775435400,Down,100893488532948378195056263284213975654340604977648575704443574632138180628203,34075453531342936855819886999624556850557747171344755965581084782278498862840,0.1,0.11,68.0,38.54,0.01,0.89,0.9,38.54,68.0,0.01,0.105,0.895,0.361742,0.638258,69175.47
1775435331166,2026-04-06T00:28:51.166,btc-updown-15m-1775434500,1775435400,Down,100893488532948378195056263284213975654340604977648575704443574632138180628203,34075453531342936855819886999624556850557747171344755965581084782278498862840,0.1,0.13,77.03,23.02,0.03,0.87,0.9,23.02,77.03,0.03,0.115,0.885,0.230085,0.769915,69175.47
1775435332167,2026-04-06T00:28:52.167,btc-updown-15m-1775434500,1775435400,Down,100893488532948378195056263284213975654340604977648575704443574632138180628203,34075453531342936855819886999624556850557747171344755965581084782278498862840,0.09,0.11,67.54,14.49,0.02,0.89,0.91,14.49,67.54,0.02,0.1,0.9,0.176643,0.823357,69168.58
1775435333167,2026-04-06T00:28:53.167,btc-updown-15m-1775434500,1775435400,Down,100893488532948378195056263284213975654340604977648575704443574632138180628203,34075453531342936855819886999624556850557747171344755965581084782278498862840,0.07,0.08,17.51,50.0,0.01,0.92,0.93,50.0,17.51,0.01,0.075,0.925,0.740631,0.259369,69168.58
1775435334168,2026-04-06T00:28:54.168,btc-updown-15m-1775434500,1775435400,Down,100893488532948378195056263284213975654340604977648575704443574632138180628203,34075453531342936855819886999624556850557747171344755965581084782278498862840,0.05,0.06,46.18,57.67,0.01,0.94,0.95,57.67,46.18,0.01,0.055,0.945,0.55532,0.44468,69168.58
1775435335169,2026-04-06T00:28:55.169,btc-updown-15m-1775434500,1775435400,Down,100893488532948378195056263284213975654340604977648575704443574632138180628203,34075453531342936855819886999624556850557747171344755965581084782278498862840,0.04,0.05,86.69,23.01,0.01,0.95,0.96,23.01,86.69,0.01,0.045,0.955,0.209754,0.790246,69156.48
1775435336170,2026-04-06T00:28:56.170,btc-updown-15m-1775434500,1775435400,Down,100893488532948378195056263284213975654340604977648575704443574632138180628203,34075453531342936855819886999624556850557747171344755965581084782278498862840,0.04,0.05,30.84,36.84,0.01,0.95,0.96,36.84,30.84,0.01,0.045,0.955,0.544326,0.455674,69156.48
1775435337170,2026-04-06T00:28:57.170,btc-updown-15m-1775434500,1775435400,Down,100893488532948378195056263284213975654340604977648575704443574632138180628203,34075453531342936855819886999624556850557747171344755965581084782278498862840,0.06,0.07,102.38,73.87,0.01,0.93,0.94,73.87,102.38,0.01,0.065,0.935,0.419121,0.580879,69156.48
1775435338170,2026-04-06T00:28:58.170,btc-updown-15m-1775434500,1775435400,Down,100893488532948378195056263284213975654340604977648575704443574632138180628203,34075453531342936855819886999624556850557747171344755965581084782278498862840,0.03,0.05,57.0,23.87,0.02,0.95,0.97,23.87,57.0,0.02,0.04,0.96,0.295165,0.704835,69156.48
1775435339171,2026-04-06T00:28:59.171,btc-updown-15m-1775434500,1775435400,Down,100893488532948378195056263284213975654340604977648575704443574632138180628203,34075453531342936855819886999624556850557747171344755965581084782278498862840,0.02,0.03,43.4,396.19,0.01,0.97,0.98,396.19,43.4,0.01,0.025,0.975,0.901272,0.098728,69156.48
1775435340172,2026-04-06T00:29:00.172,btc-updown-15m-1775434500,1775435400,Down,100893488532948378195056263284213975654340604977648575704443574632138180628203,34075453531342936855819886999624556850557747171344755965581084782278498862840,0.02,0.03,58.4,457.19,0.01,0.97,0.98,457.19,58.4,0.01,0.025,0.975,0.886732,0.113268,69156.48
1775435341172,2026-04-06T00:29:01.172,btc-updown-15m-1775434500,1775435400,Down,100893488532948378195056263284213975654340604977648575704443574632138180628203,34075453531342936855819886999624556850557747171344755965581084782278498862840,0.02,0.03,171.34,106.37,0.01,0.97,0.98,106.37,171.34,0.01,0.025,0.975,0.383025,0.616975,69127.22
1775435342174,2026-04-06T00:29:02.174,btc-updown-15m-1775434500,1775435400,Down,100893488532948378195056263284213975654340604977648575704443574632138180628203,34075453531342936855819886999624556850557747171344755965581084782278498862840,0.02,0.03,433.7,124.34,0.01,0.97,0.98,124.34,433.7,0.01,0.025,0.975,0.222816,0.777184,69127.22
1775435343175,2026-04-06T00:29:03.175,btc-updown-15m-1775434500,1775435400,Down,100893488532948378195056263284213975654340604977648575704443574632138180628203,34075453531342936855819886999624556850557747171344755965581084782278498862840,0.01,0.02,23.58,5031.19,0.01,0.98,0.99,5031.19,23.58,0.01,0.015,0.985,0.995335,0.004665,69127.22
1775435344175,2026-04-06T00:29:04.175,btc-updown-15m-1775434500,1775435400,Down,100893488532948378195056263284213975654340604977648575704443574632138180628203,34075453531342936855819886999624556850557747171344755965581084782278498862840,0.01,0.09,68.36,4497.65,0.08,0.91,0.99,4497.65,68.36,0.08,0.05,0.95,0.985029,0.014971,69127.22
1775435345175,2026-04-06T00:29:05.175,btc-updown-15m-1775434500,1775435400,Down,100893488532948378195056263284213975654340604977648575704443574632138180628203,34075453531342936855819886999624556850557747171344755965581084782278498862840,0.03,0.05,10.0,1.95,0.02,0.95,0.97,1.95,10.0,0.02,0.04,0.96,0.16318,0.83682,69127.22
1775435346176,2026-04-06T00:29:06.176,btc-updown-15m-1775434500,1775435400,Down,100893488532948378195056263284213975654340604977648575704443574632138180628203,34075453531342936855819886999624556850557747171344755965581084782278498862840,0.02,0.03,58.33,69.83,0.01,0.97,0.98,69.83,58.33,0.01,0.025,0.975,0.544866,0.455134,69127.22
1775435347177,2026-04-06T00:29:07.177,btc-updown-15m-1775434500,1775435400,Down,100893488532948378195056263284213975654340604977648575704443574632138180628203,34075453531342936855819886999624556850557747171344755965581084782278498862840,0.04,0.05,159.33,4.77,0.01,0.95,0.96,4.77,159.33,0.01,0.045,0.955,0.029068,0.970932,69128.28
1775435348178,2026-04-06T00:29:08.178,btc-updown-15m-1775434500,1775435400,Down,100893488532948378195056263284213975654340604977648575704443574632138180628203,34075453531342936855819886999624556850557747171344755965581084782278498862840,0.02,0.04,46.0,98.85,0.02,0.96,0.98,98.85,46.0,0.02,0.03,0.97,0.68243,0.31757,69128.28
1775435349178,2026-04-06T00:29:09.178,btc-updown-15m-1775434500,1775435400,Down,100893488532948378195056263284213975654340604977648575704443574632138180628203,34075453531342936855819886999624556850557747171344755965581084782278498862840,0.02,0.03,208.84,89.57,0.01,0.97,0.98,89.57,208.84,0.01,0.025,0.975,0.300158,0.699842,69128.28
1775435350179,2026-04-06T00:29:10.179,btc-updown-15m-1775434500,1775435400,Down,100893488532948378195056263284213975654340604977648575704443574632138180628203,34075453531342936855819886999624556850557747171344755965581084782278498862840,0.02,0.03,272.43,16.6,0.01,0.97,0.98,16.6,272.43,0.01,0.025,0.975,0.057433,0.942567,69141.37
1775435351180,2026-04-06T00:29:11.180,btc-updown-15m-1775434500,1775435400,Down,100893488532948378195056263284213975654340604977648575704443574632138180628203,34075453531342936855819886999624556850557747171344755965581084782278498862840,0.02,0.03,102.99,79.05,0.01,0.97,0.98,79.05,102.99,0.01,0.025,0.975,0.434245,0.565755,69141.37
1775435352181,2026-04-06T00:29:12.181,btc-updown-15m-1775434500,1775435400,Down,100893488532948378195056263284213975654340604977648575704443574632138180628203,34075453531342936855819886999624556850557747171344755965581084782278498862840,0.09,0.16,126.71,66.22,0.07,0.84,0.86,4.04,101.71,0.02,0.125,0.85,0.343233,0.961797,69141.37
1775435353181,2026-04-06T00:29:13.181,btc-updown-15m-1775434500,1775435400,Down,100893488532948378195056263284213975654340604977648575704443574632138180628203,34075453531342936855819886999624556850557747171344755965581084782278498862840,0.09,0.11,93.45,97.1,0.02,0.89,0.91,97.1,93.45,0.02,0.1,0.9,0.509578,0.490422,69175.46
1775435354181,2026-04-06T00:29:14.181,btc-updown-15m-1775434500,1775435400,Down,100893488532948378195056263284213975654340604977648575704443574632138180628203,34075453531342936855819886999624556850557747171344755965581084782278498862840,0.09,0.11,106.0,89.6,0.02,0.89,0.91,89.6,106.0,0.02,0.1,0.9,0.458078,0.541922,69175.46
1775435355182,2026-04-06T00:29:15.182,btc-updown-15m-1775434500,1775435400,Down,100893488532948378195056263284213975654340604977648575704443574632138180628203,34075453531342936855819886999624556850557747171344755965581084782278498862840,0.1,0.11,5.0,45.65,0.01,0.89,0.9,45.65,5.0,0.01,0.105,0.895,0.901283,0.098717,69175.46
1775435356183,2026-04-06T00:29:16.183,btc-updown-15m-1775434500,1775435400,Down,100893488532948378195056263284213975654340604977648575704443574632138180628203,34075453531342936855819886999624556850557747171344755965581084782278498862840,0.09,0.11,45.61,167.96,0.02,0.89,0.91,167.96,45.61,0.02,0.1,0.9,0.78644,0.21356,69177.94
1775435357184,2026-04-06T00:29:17.184,btc-updown-15m-1775434500,1775435400,Down,100893488532948378195056263284213975654340604977648575704443574632138180628203,34075453531342936855819886999624556850557747171344755965581084782278498862840,0.07,0.09,70.0,109.31,0.02,0.91,0.93,109.31,70.0,0.02,0.08,0.92,0.609615,0.390385,69177.94
1775435358184,2026-04-06T00:29:18.184,btc-updown-15m-1775434500,1775435400,Down,100893488532948378195056263284213975654340604977648575704443574632138180628203,34075453531342936855819886999624556850557747171344755965581084782278498862840,0.07,0.08,40.0,102.29,0.01,0.92,0.93,102.29,40.0,0.01,0.075,0.925,0.718884,0.281116,69177.94
1775435359185,2026-04-06T00:29:19.185,btc-updown-15m-1775434500,1775435400,Down,100893488532948378195056263284213975654340604977648575704443574632138180628203,34075453531342936855819886999624556850557747171344755965581084782278498862840,0.06,0.08,30.0,111.6,0.02,0.92,0.94,111.6,30.0,0.02,0.07,0.93,0.788136,0.211864,69177.94
1775435360185,2026-04-06T00:29:20.185,btc-updown-15m-1775434500,1775435400,Down,100893488532948378195056263284213975654340604977648575704443574632138180628203,34075453531342936855819886999624556850557747171344755965581084782278498862840,0.06,0.07,40.0,68.57,0.01,0.93,0.94,68.57,40.0,0.01,0.065,0.935,0.631574,0.368426,69177.94
1775435361186,2026-04-06T00:29:21.186,btc-updown-15m-1775434500,1775435400,Down,100893488532948378195056263284213975654340604977648575704443574632138180628203,34075453531342936855819886999624556850557747171344755965581084782278498862840,0.06,0.07,50.0,51.54,0.01,0.93,0.94,51.54,50.0,0.01,0.065,0.935,0.507583,0.492417,69177.94
1775435362187,2026-04-06T00:29:22.187,btc-updown-15m-1775434500,1775435400,Down,100893488532948378195056263284213975654340604977648575704443574632138180628203,34075453531342936855819886999624556850557747171344755965581084782278498862840,0.05,0.06,162.55,38.33,0.01,0.94,0.95,38.33,162.55,0.01,0.055,0.945,0.19081,0.80919,69175.48
1775435363187,2026-04-06T00:29:23.187,btc-updown-15m-1775434500,1775435400,Down,100893488532948378195056263284213975654340604977648575704443574632138180628203,34075453531342936855819886999624556850557747171344755965581084782278498862840,0.05,0.06,112.55,26.22,0.01,0.94,0.95,28.22,112.55,0.01,0.055,0.945,0.188946,0.799531,69175.48
1775435364188,2026-04-06T00:29:24.188,btc-updown-15m-1775434500,1775435400,Down,100893488532948378195056263284213975654340604977648575704443574632138180628203,34075453531342936855819886999624556850557747171344755965581084782278498862840,0.05,0.07,88.04,5.0,0.02,0.93,0.95,5.0,88.04,0.02,0.06,0.94,0.05374,0.94626,69175.48
1775435365189,2026-04-06T00:29:25.189,btc-updown-15m-1775434500,1775435400,Down,100893488532948378195056263284213975654340604977648575704443574632138180628203,34075453531342936855819886999624556850557747171344755965581084782278498862840,0.05,0.06,22.08,0.04,0.01,0.94,0.95,0.04,22.08,0.01,0.055,0.945,0.001808,0.998192,69171.81
1775435366190,2026-04-06T00:29:26.190,btc-updown-15m-1775434500,1775435400,Down,100893488532948378195056263284213975654340604977648575704443574632138180628203,34075453531342936855819886999624556850557747171344755965581084782278498862840,0.05,0.06,110.97,36.04,0.01,0.94,0.95,36.04,110.97,0.01,0.055,0.945,0.245153,0.754847,69171.81
1775435367191,2026-04-06T00:29:27.191,btc-updown-15m-1775434500,1775435400,Down,100893488532948378195056263284213975654340604977648575704443574632138180628203,34075453531342936855819886999624556850557747171344755965581084782278498862840,0.05,0.06,135.97,40.98,0.01,0.94,0.95,40.98,135.97,0.01,0.055,0.945,0.231591,0.768409,69171.81
1775435368191,2026-04-06T00:29:28.191,btc-updown-15m-1775434500,1775435400,Down,100893488532948378195056263284213975654340604977648575704443574632138180628203,34075453531342936855819886999624556850557747171344755965581084782278498862840,0.05,0.06,140.97,23.07,0.01,0.94,0.95,23.07,140.97,0.01,0.055,0.945,0.140636,0.859364,69171.82
1775435369192,2026-04-06T00:29:29.192,btc-updown-15m-1775434500,1775435400,Down,100893488532948378195056263284213975654340604977648575704443574632138180628203,34075453531342936855819886999624556850557747171344755965581084782278498862840,0.05,0.06,91.33,23.07,0.01,0.94,0.95,23.07,91.33,0.01,0.055,0.945,0.201661,0.798339,69171.82
1775435370192,2026-04-06T00:29:30.192,btc-updown-15m-1775434500,1775435400,Down,100893488532948378195056263284213975654340604977648575704443574632138180628203,34075453531342936855819886999624556850557747171344755965581084782278498862840,0.03,0.05,97.52,2.61,0.02,0.95,0.97,2.61,97.52,0.02,0.04,0.96,0.026066,0.973934,69171.82
1775435371193,2026-04-06T00:29:31.193,btc-updown-15m-1775434500,1775435400,Down,100893488532948378195056263284213975654340604977648575704443574632138180628203,34075453531342936855819886999624556850557747171344755965581084782278498862840,0.04,0.05,20.0,6.08,0.01,0.95,0.96,6.08,20.0,0.01,0.045,0.955,0.233129,0.766871,69171.81
1775435372193,2026-04-06T00:29:32.193,btc-updown-15m-1775434500,1775435400,Down,100893488532948378195056263284213975654340604977648575704443574632138180628203,34075453531342936855819886999624556850557747171344755965581084782278498862840,0.03,0.05,146.0,1.08,0.02,0.95,0.97,1.08,146.0,0.02,0.04,0.96,0.007343,0.992657,69171.81
1775435373194,2026-04-06T00:29:33.194,btc-updown-15m-1775434500,1775435400,Down,100893488532948378195056263284213975654340604977648575704443574632138180628203,34075453531342936855819886999624556850557747171344755965581084782278498862840,0.12,0.16,6.21,55.5,0.04,0.84,0.88,55.5,6.21,0.04,0.14,0.86,0.899368,0.100632,69171.81
1775435374194,2026-04-06T00:29:34.194,btc-updown-15m-1775434500,1775435400,Down,100893488532948378195056263284213975654340604977648575704443574632138180628203,34075453531342936855819886999624556850557747171344755965581084782278498862840,0.15,0.16,24.54,12.0,0.01,0.84,0.85,12.0,24.54,0.01,0.155,0.845,0.328407,0.671593,69201.0
1775435375196,2026-04-06T00:29:35.196,btc-updown-15m-1775434500,1775435400,Down,100893488532948378195056263284213975654340604977648575704443574632138180628203,34075453531342936855819886999624556850557747171344755965581084782278498862840,0.23,0.25,10.54,5.0,0.02,0.75,0.77,5.0,10.54,0.02,0.24,0.76,0.32175,0.67825,69201.0
1775435376197,2026-04-06T00:29:36.197,btc-updown-15m-1775434500,1775435400,Down,100893488532948378195056263284213975654340604977648575704443574632138180628203,34075453531342936855819886999624556850557747171344755965581084782278498862840,0.29,0.3,24.27,27.69,0.01,0.7,0.71,27.69,24.27,0.01,0.295,0.705,0.53291,0.46709,69201.0
1775435377197,2026-04-06T00:29:37.197,btc-updown-15m-1775434500,1775435400,Down,100893488532948378195056263284213975654340604977648575704443574632138180628203,34075453531342936855819886999624556850557747171344755965581084782278498862840,0.24,0.27,47.0,10.5,0.03,0.73,0.77,46.5,47.0,0.04,0.255,0.75,0.182609,0.502674,69213.9
1775435378198,2026-04-06T00:29:38.198,btc-updown-15m-1775434500,1775435400,Down,100893488532948378195056263284213975654340604977648575704443574632138180628203,34075453531342936855819886999624556850557747171344755965581084782278498862840,0.2,0.21,192.71,87.46,0.01,0.79,0.8,87.46,192.71,0.01,0.205,0.795,0.312168,0.687832,69213.9
1775435379198,2026-04-06T00:29:39.198,btc-updown-15m-1775434500,1775435400,Down,100893488532948378195056263284213975654340604977648575704443574632138180628203,34075453531342936855819886999624556850557747171344755965581084782278498862840,0.2,0.21,40.02,103.28,0.01,0.79,0.8,103.28,40.02,0.01,0.205,0.795,0.720726,0.279274,69213.9
1775435380198,2026-04-06T00:29:40.198,btc-updown-15m-1775434500,1775435400,Down,100893488532948378195056263284213975654340604977648575704443574632138180628203,34075453531342936855819886999624556850557747171344755965581084782278498862840,0.2,0.21,15.02,48.98,0.01,0.79,0.8,48.98,15.02,0.01,0.205,0.795,0.765312,0.234687,69213.9
1775435381199,2026-04-06T00:29:41.199,btc-updown-15m-1775434500,1775435400,Down,100893488532948378195056263284213975654340604977648575704443574632138180628203,34075453531342936855819886999624556850557747171344755965581084782278498862840,0.2,0.21,10.87,1.26,0.01,0.79,0.8,1.26,10.87,0.01,0.205,0.795,0.103875,0.896125,69213.9
1775435382199,2026-04-06T00:29:42.199,btc-updown-15m-1775434500,1775435400,Down,100893488532948378195056263284213975654340604977648575704443574632138180628203,34075453531342936855819886999624556850557747171344755965581084782278498862840,0.19,0.2,15.0,29.91,0.01,0.8,0.81,29.91,15.0,0.01,0.195,0.805,0.665999,0.334001,69213.9
1775435383200,2026-04-06T00:29:43.200,btc-updown-15m-1775434500,1775435400,Down,100893488532948378195056263284213975654340604977648575704443574632138180628203,34075453531342936855819886999624556850557747171344755965581084782278498862840,0.18,0.2,30.0,45.0,0.02,0.8,0.82,45.0,30.0,0.02,0.19,0.81,0.6,0.4,69213.9
1775435384200,2026-04-06T00:29:44.200,btc-updown-15m-1775434500,1775435400,Down,100893488532948378195056263284213975654340604977648575704443574632138180628203,34075453531342936855819886999624556850557747171344755965581084782278498862840,0.18,0.2,30.0,45.0,0.02,0.8,0.82,45.0,30.0,0.02,0.19,0.81,0.6,0.4,69213.9
1775435385201,2026-04-06T00:29:45.201,btc-updown-15m-1775434500,1775435400,Down,100893488532948378195056263284213975654340604977648575704443574632138180628203,34075453531342936855819886999624556850557747171344755965581084782278498862840,0.15,0.17,15.0,28.0,0.02,0.83,0.85,28.0,15.0,0.02,0.16,0.84,0.651163,0.348837,69213.9
1775435386201,2026-04-06T00:29:46.201,btc-updown-15m-1775434500,1775435400,Down,100893488532948378195056263284213975654340604977648575704443574632138180628203,34075453531342936855819886999624556850557747171344755965581084782278498862840,0.14,0.16,23.5,34.83,0.02,0.84,0.86,34.83,23.5,0.02,0.15,0.85,0.59712,0.40288,69213.91
1775435387201,2026-04-06T00:29:47.201,btc-updown-15m-1775434500,1775435400,Down,100893488532948378195056263284213975654340604977648575704443574632138180628203,34075453531342936855819886999624556850557747171344755965581084782278498862840,0.08,0.11,80.5,10.0,0.03,0.89,0.91,5.0,43.0,0.02,0.095,0.9,0.110497,0.895833,69213.91
1775435388202,2026-04-06T00:29:48.202,btc-updown-15m-1775434500,1775435400,Down,100893488532948378195056263284213975654340604977648575704443574632138180628203,34075453531342936855819886999624556850557747171344755965581084782278498862840,0.02,0.03,64.42,1053.11,0.01,0.97,0.98,1053.11,64.42,0.01,0.025,0.975,0.942355,0.057645,69213.91
1775435389203,2026-04-06T00:29:49.203,btc-updown-15m-1775434500,1775435400,Down,100893488532948378195056263284213975654340604977648575704443574632138180628203,34075453531342936855819886999624556850557747171344755965581084782278498862840,0.02,0.03,120.42,939.1,0.01,0.97,0.98,939.1,120.42,0.01,0.025,0.975,0.886345,0.113655,69182.01
1775435390204,2026-04-06T00:29:50.204,btc-updown-15m-1775434500,1775435400,Down,100893488532948378195056263284213975654340604977648575704443574632138180628203,34075453531342936855819886999624556850557747171344755965581084782278498862840,0.02,0.03,130.42,829.19,0.01,0.97,0.98,829.19,130.42,0.01,0.025,0.975,0.864091,0.135909,69182.01
